datetime,site_id,depth,observation,variable
2021-05-11T00:00:00Z,ccre,1,19.34685625,temperature
2021-05-11T00:00:00Z,ccre,2,19.136070217391303,temperature
2021-05-11T00:00:00Z,ccre,3,19.094177826086955,temperature
2021-05-11T00:00:00Z,ccre,4,18.72684043478261,temperature
2021-05-11T00:00:00Z,ccre,5,17.955196304347826,temperature
2021-05-11T00:00:00Z,ccre,6,16.697604782608696,temperature
2021-05-11T00:00:00Z,ccre,7,14.777350869565218,temperature
2021-05-11T00:00:00Z,ccre,8,13.254604130434782,temperature
2021-05-11T00:00:00Z,ccre,9,12.575164130434782,temperature
2021-05-11T00:00:00Z,ccre,10,10.742135,temperature
2021-05-11T00:00:00Z,ccre,11,10.03590004347826,temperature
2021-05-11T00:00:00Z,ccre,12,9.309159934782608,temperature
2021-05-11T00:00:00Z,ccre,13,9.123214304347826,temperature
2021-05-12T00:00:00Z,ccre,1,18.126590196078432,temperature
2021-05-12T00:00:00Z,ccre,2,18.22194215277778,temperature
2021-05-12T00:00:00Z,ccre,3,18.210208263888887,temperature
2021-05-12T00:00:00Z,ccre,4,18.186213541666667,temperature
2021-05-12T00:00:00Z,ccre,5,18.050245902777775,temperature
2021-05-12T00:00:00Z,ccre,6,17.739888125,temperature
2021-05-12T00:00:00Z,ccre,7,15.705138472222222,temperature
2021-05-12T00:00:00Z,ccre,8,13.573144444444443,temperature
2021-05-12T00:00:00Z,ccre,9,12.018615069444444,temperature
2021-05-12T00:00:00Z,ccre,10,9.919685361111112,temperature
2021-05-12T00:00:00Z,ccre,11,9.616195333333334,temperature
2021-05-12T00:00:00Z,ccre,12,9.262572375,temperature
2021-05-12T00:00:00Z,ccre,13,9.1298514375,temperature
2021-05-13T00:00:00Z,ccre,1,18.128195555555557,temperature
2021-05-13T00:00:00Z,ccre,2,18.124372291666667,temperature
2021-05-13T00:00:00Z,ccre,3,17.931907777777777,temperature
2021-05-13T00:00:00Z,ccre,4,17.86146375,temperature
2021-05-13T00:00:00Z,ccre,5,17.762757916666665,temperature
2021-05-13T00:00:00Z,ccre,6,17.323893402777777,temperature
2021-05-13T00:00:00Z,ccre,7,15.137925,temperature
2021-05-13T00:00:00Z,ccre,8,13.47091736111111,temperature
2021-05-13T00:00:00Z,ccre,9,12.035805902777778,temperature
2021-05-13T00:00:00Z,ccre,10,10.30039617361111,temperature
2021-05-13T00:00:00Z,ccre,11,9.860035041666666,temperature
2021-05-13T00:00:00Z,ccre,12,9.349195236111113,temperature
2021-05-13T00:00:00Z,ccre,13,9.148023805555557,temperature
2021-05-14T00:00:00Z,ccre,1,18.450048914728683,temperature
2021-05-14T00:00:00Z,ccre,2,18.368829583333333,temperature
2021-05-14T00:00:00Z,ccre,3,18.234789166666665,temperature
2021-05-14T00:00:00Z,ccre,4,18.105762916666663,temperature
2021-05-14T00:00:00Z,ccre,5,17.961146805555554,temperature
2021-05-14T00:00:00Z,ccre,6,16.97178027777778,temperature
2021-05-14T00:00:00Z,ccre,7,14.84041777777778,temperature
2021-05-14T00:00:00Z,ccre,8,13.409006458333334,temperature
2021-05-14T00:00:00Z,ccre,9,12.207439027777776,temperature
2021-05-14T00:00:00Z,ccre,10,10.187747694444443,temperature
2021-05-14T00:00:00Z,ccre,11,9.822470777777776,temperature
2021-05-14T00:00:00Z,ccre,12,9.374083006944444,temperature
2021-05-14T00:00:00Z,ccre,13,9.186894944444443,temperature
2021-05-15T00:00:00Z,ccre,1,19.03555363636364,temperature
2021-05-15T00:00:00Z,ccre,2,18.582625555555556,temperature
2021-05-15T00:00:00Z,ccre,3,18.164058958333335,temperature
2021-05-15T00:00:00Z,ccre,4,17.966294930555556,temperature
2021-05-15T00:00:00Z,ccre,5,17.74093625,temperature
2021-05-15T00:00:00Z,ccre,6,16.87326701388889,temperature
2021-05-15T00:00:00Z,ccre,7,15.180679375,temperature
2021-05-15T00:00:00Z,ccre,8,13.428851805555556,temperature
2021-05-15T00:00:00Z,ccre,9,12.06377625,temperature
2021-05-15T00:00:00Z,ccre,10,10.0609804375,temperature
2021-05-15T00:00:00Z,ccre,11,9.754579319444444,temperature
2021-05-15T00:00:00Z,ccre,12,9.36489854861111,temperature
2021-05-15T00:00:00Z,ccre,13,9.202683965277778,temperature
2021-05-16T00:00:00Z,ccre,1,18.321905,temperature
2021-05-16T00:00:00Z,ccre,2,18.293680972222223,temperature
2021-05-16T00:00:00Z,ccre,3,18.162881805555557,temperature
2021-05-16T00:00:00Z,ccre,4,17.79303361111111,temperature
2021-05-16T00:00:00Z,ccre,5,17.41544138888889,temperature
2021-05-16T00:00:00Z,ccre,6,16.943600763888888,temperature
2021-05-16T00:00:00Z,ccre,7,15.301841041666666,temperature
2021-05-16T00:00:00Z,ccre,8,13.518758055555557,temperature
2021-05-16T00:00:00Z,ccre,9,12.087163541666667,temperature
2021-05-16T00:00:00Z,ccre,10,10.107989895833333,temperature
2021-05-16T00:00:00Z,ccre,11,9.778349965277778,temperature
2021-05-16T00:00:00Z,ccre,12,9.404825215277778,temperature
2021-05-16T00:00:00Z,ccre,13,9.277419645833334,temperature
2021-05-17T00:00:00Z,ccre,1,17.996893819444445,temperature
2021-05-17T00:00:00Z,ccre,2,17.970503680555556,temperature
2021-05-17T00:00:00Z,ccre,3,17.87042472222222,temperature
2021-05-17T00:00:00Z,ccre,4,17.709650763888888,temperature
2021-05-17T00:00:00Z,ccre,5,17.490577916666666,temperature
2021-05-17T00:00:00Z,ccre,6,17.157757291666666,temperature
2021-05-17T00:00:00Z,ccre,7,15.609399791666666,temperature
2021-05-17T00:00:00Z,ccre,8,13.459991805555555,temperature
2021-05-17T00:00:00Z,ccre,9,12.116057777777778,temperature
2021-05-17T00:00:00Z,ccre,10,10.13992525,temperature
2021-05-17T00:00:00Z,ccre,11,9.771886208333331,temperature
2021-05-17T00:00:00Z,ccre,12,9.41368804861111,temperature
2021-05-17T00:00:00Z,ccre,13,9.259379069444444,temperature
2021-05-18T00:00:00Z,ccre,1,18.189485371900822,temperature
2021-05-18T00:00:00Z,ccre,2,18.008912430555554,temperature
2021-05-18T00:00:00Z,ccre,3,17.956159791666668,temperature
2021-05-18T00:00:00Z,ccre,4,17.861427430555555,temperature
2021-05-18T00:00:00Z,ccre,5,17.717682083333333,temperature
2021-05-18T00:00:00Z,ccre,6,17.47691638888889,temperature
2021-05-18T00:00:00Z,ccre,7,15.300883402777778,temperature
2021-05-18T00:00:00Z,ccre,8,13.323614375,temperature
2021-05-18T00:00:00Z,ccre,9,12.012413958333331,temperature
2021-05-18T00:00:00Z,ccre,10,10.107606645833334,temperature
2021-05-18T00:00:00Z,ccre,11,9.792600986111111,temperature
2021-05-18T00:00:00Z,ccre,12,9.445738298611111,temperature
2021-05-18T00:00:00Z,ccre,13,9.293550048611111,temperature
2021-05-19T00:00:00Z,ccre,1,19.734189349593496,temperature
2021-05-19T00:00:00Z,ccre,2,18.8176,temperature
2021-05-19T00:00:00Z,ccre,3,18.40230805555555,temperature
2021-05-19T00:00:00Z,ccre,4,18.09801055555555,temperature
2021-05-19T00:00:00Z,ccre,5,17.828442569444444,temperature
2021-05-19T00:00:00Z,ccre,6,17.259950347222222,temperature
2021-05-19T00:00:00Z,ccre,7,15.51859236111111,temperature
2021-05-19T00:00:00Z,ccre,8,13.676753333333334,temperature
2021-05-19T00:00:00Z,ccre,9,12.17590659722222,temperature
2021-05-19T00:00:00Z,ccre,10,10.087524840277778,temperature
2021-05-19T00:00:00Z,ccre,11,9.77070426388889,temperature
2021-05-19T00:00:00Z,ccre,12,9.449486881944445,temperature
2021-05-19T00:00:00Z,ccre,13,9.300971333333331,temperature
2021-05-20T00:00:00Z,ccre,1,20.819132430555555,temperature
2021-05-20T00:00:00Z,ccre,2,19.724248055555556,temperature
2021-05-20T00:00:00Z,ccre,3,19.09710048611111,temperature
2021-05-20T00:00:00Z,ccre,4,18.63825263888889,temperature
2021-05-20T00:00:00Z,ccre,5,18.165179166666668,temperature
2021-05-20T00:00:00Z,ccre,6,17.332725,temperature
2021-05-20T00:00:00Z,ccre,7,15.418748472222225,temperature
2021-05-20T00:00:00Z,ccre,8,13.489726875,temperature
2021-05-20T00:00:00Z,ccre,9,12.088108680555557,temperature
2021-05-20T00:00:00Z,ccre,10,10.240133527777775,temperature
2021-05-20T00:00:00Z,ccre,11,9.8936284375,temperature
2021-05-20T00:00:00Z,ccre,12,9.496036833333331,temperature
2021-05-20T00:00:00Z,ccre,13,9.352037881944444,temperature
2021-05-21T00:00:00Z,ccre,1,21.938600267857144,temperature
2021-05-21T00:00:00Z,ccre,2,20.457194652777776,temperature
2021-05-21T00:00:00Z,ccre,3,19.65736513888889,temperature
2021-05-21T00:00:00Z,ccre,4,18.895224305555555,temperature
2021-05-21T00:00:00Z,ccre,5,18.119607291666668,temperature
2021-05-21T00:00:00Z,ccre,6,17.22901111111111,temperature
2021-05-21T00:00:00Z,ccre,7,15.776310833333334,temperature
2021-05-21T00:00:00Z,ccre,8,13.735877569444444,temperature
2021-05-21T00:00:00Z,ccre,9,12.228163888888888,temperature
2021-05-21T00:00:00Z,ccre,10,10.298008666666666,temperature
2021-05-21T00:00:00Z,ccre,11,9.890090340277778,temperature
2021-05-21T00:00:00Z,ccre,12,9.496351006944444,temperature
2021-05-21T00:00:00Z,ccre,13,9.336708243055556,temperature
2021-05-22T00:00:00Z,ccre,1,22.533466517857143,temperature
2021-05-22T00:00:00Z,ccre,2,21.987346319444445,temperature
2021-05-22T00:00:00Z,ccre,3,20.730009583333334,temperature
2021-05-22T00:00:00Z,ccre,4,19.782586180555555,temperature
2021-05-22T00:00:00Z,ccre,5,18.51904652777778,temperature
2021-05-22T00:00:00Z,ccre,6,17.522239513888888,temperature
2021-05-22T00:00:00Z,ccre,7,15.947171180555555,temperature
2021-05-22T00:00:00Z,ccre,8,13.62175715277778,temperature
2021-05-22T00:00:00Z,ccre,9,12.091958541666669,temperature
2021-05-22T00:00:00Z,ccre,10,10.221617625,temperature
2021-05-22T00:00:00Z,ccre,11,9.892421013888889,temperature
2021-05-22T00:00:00Z,ccre,12,9.515585395833334,temperature
2021-05-22T00:00:00Z,ccre,13,9.382512208333331,temperature
2021-05-23T00:00:00Z,ccre,1,23.56239972222222,temperature
2021-05-23T00:00:00Z,ccre,2,23.553575902777776,temperature
2021-05-23T00:00:00Z,ccre,3,23.11239381944445,temperature
2021-05-23T00:00:00Z,ccre,4,20.24458472222222,temperature
2021-05-23T00:00:00Z,ccre,5,18.424195208333337,temperature
2021-05-23T00:00:00Z,ccre,6,17.467979375,temperature
2021-05-23T00:00:00Z,ccre,7,15.938686527777778,temperature
2021-05-23T00:00:00Z,ccre,8,13.979087916666666,temperature
2021-05-23T00:00:00Z,ccre,9,12.384547291666667,temperature
2021-05-23T00:00:00Z,ccre,10,10.175133229166669,temperature
2021-05-23T00:00:00Z,ccre,11,9.862403597222222,temperature
2021-05-23T00:00:00Z,ccre,12,9.535399118055556,temperature
2021-05-23T00:00:00Z,ccre,13,9.3940510625,temperature
2021-05-24T00:00:00Z,ccre,1,24.100656180555557,temperature
2021-05-24T00:00:00Z,ccre,2,23.645597291666668,temperature
2021-05-24T00:00:00Z,ccre,3,22.48630319444445,temperature
2021-05-24T00:00:00Z,ccre,4,19.77296048611111,temperature
2021-05-24T00:00:00Z,ccre,5,18.361862777777777,temperature
2021-05-24T00:00:00Z,ccre,6,17.47338138888889,temperature
2021-05-24T00:00:00Z,ccre,7,15.818700208333333,temperature
2021-05-24T00:00:00Z,ccre,8,13.907835625,temperature
2021-05-24T00:00:00Z,ccre,9,12.365700416666666,temperature
2021-05-24T00:00:00Z,ccre,10,10.268426694444443,temperature
2021-05-24T00:00:00Z,ccre,11,9.9432123125,temperature
2021-05-24T00:00:00Z,ccre,12,9.56891417361111,temperature
2021-05-24T00:00:00Z,ccre,13,9.433617319444444,temperature
2021-05-25T00:00:00Z,ccre,1,23.14322198019802,temperature
2021-05-25T00:00:00Z,ccre,2,22.346927986111112,temperature
2021-05-25T00:00:00Z,ccre,3,20.974484722222225,temperature
2021-05-25T00:00:00Z,ccre,4,19.699942222222223,temperature
2021-05-25T00:00:00Z,ccre,5,18.715743055555556,temperature
2021-05-25T00:00:00Z,ccre,6,17.816848611111112,temperature
2021-05-25T00:00:00Z,ccre,7,15.963034722222222,temperature
2021-05-25T00:00:00Z,ccre,8,13.888509027777776,temperature
2021-05-25T00:00:00Z,ccre,9,12.29971701388889,temperature
2021-05-25T00:00:00Z,ccre,10,10.266327236111112,temperature
2021-05-25T00:00:00Z,ccre,11,9.939580027777778,temperature
2021-05-25T00:00:00Z,ccre,12,9.591515159722222,temperature
2021-05-25T00:00:00Z,ccre,13,9.444685020833331,temperature
2021-05-26T00:00:00Z,ccre,1,24.0462499,temperature
2021-05-26T00:00:00Z,ccre,2,23.25820361111111,temperature
2021-05-26T00:00:00Z,ccre,3,22.519657708333337,temperature
2021-05-26T00:00:00Z,ccre,4,20.76184236111111,temperature
2021-05-26T00:00:00Z,ccre,5,19.085587083333333,temperature
2021-05-26T00:00:00Z,ccre,6,17.736380486111113,temperature
2021-05-26T00:00:00Z,ccre,7,15.799774722222224,temperature
2021-05-26T00:00:00Z,ccre,8,14.108105555555555,temperature
2021-05-26T00:00:00Z,ccre,9,12.444721180555556,temperature
2021-05-26T00:00:00Z,ccre,10,10.316145041666667,temperature
2021-05-26T00:00:00Z,ccre,11,9.95591884027778,temperature
2021-05-26T00:00:00Z,ccre,12,9.606922930555555,temperature
2021-05-26T00:00:00Z,ccre,13,9.458432958333333,temperature
2021-05-27T00:00:00Z,ccre,1,23.47815451612903,temperature
2021-05-27T00:00:00Z,ccre,2,24.28790861111111,temperature
2021-05-27T00:00:00Z,ccre,3,23.782162222222222,temperature
2021-05-27T00:00:00Z,ccre,4,22.53766625,temperature
2021-05-27T00:00:00Z,ccre,5,19.633442916666667,temperature
2021-05-27T00:00:00Z,ccre,6,17.681268680555554,temperature
2021-05-27T00:00:00Z,ccre,7,16.06588798611111,temperature
2021-05-27T00:00:00Z,ccre,8,13.813717222222222,temperature
2021-05-27T00:00:00Z,ccre,9,12.302654930555557,temperature
2021-05-27T00:00:00Z,ccre,10,10.288697847222222,temperature
2021-05-27T00:00:00Z,ccre,11,9.988616715277775,temperature
2021-05-27T00:00:00Z,ccre,12,9.629207583333333,temperature
2021-05-27T00:00:00Z,ccre,13,9.488908972222225,temperature
2021-05-28T00:00:00Z,ccre,2,24.570956041666665,temperature
2021-05-28T00:00:00Z,ccre,3,24.25481784722222,temperature
2021-05-28T00:00:00Z,ccre,4,21.90294534722222,temperature
2021-05-28T00:00:00Z,ccre,5,19.01893888888889,temperature
2021-05-28T00:00:00Z,ccre,6,17.82005375,temperature
2021-05-28T00:00:00Z,ccre,7,16.401537569444443,temperature
2021-05-28T00:00:00Z,ccre,8,14.203064097222224,temperature
2021-05-28T00:00:00Z,ccre,9,12.387367361111112,temperature
2021-05-28T00:00:00Z,ccre,10,10.277208909722225,temperature
2021-05-28T00:00:00Z,ccre,11,10.000438729166667,temperature
2021-05-28T00:00:00Z,ccre,12,9.657856854166669,temperature
2021-05-28T00:00:00Z,ccre,13,9.502671583333331,temperature
2021-05-29T00:00:00Z,ccre,2,23.72932423611111,temperature
2021-05-29T00:00:00Z,ccre,3,23.60217409722222,temperature
2021-05-29T00:00:00Z,ccre,4,22.67551625,temperature
2021-05-29T00:00:00Z,ccre,5,20.96335236111111,temperature
2021-05-29T00:00:00Z,ccre,6,18.676603541666665,temperature
2021-05-29T00:00:00Z,ccre,7,16.135586875,temperature
2021-05-29T00:00:00Z,ccre,8,13.93732798611111,temperature
2021-05-29T00:00:00Z,ccre,9,12.256078263888888,temperature
2021-05-29T00:00:00Z,ccre,10,10.259106319444443,temperature
2021-05-29T00:00:00Z,ccre,11,9.997311368055556,temperature
2021-05-29T00:00:00Z,ccre,12,9.675043965277778,temperature
2021-05-29T00:00:00Z,ccre,13,9.533282145833333,temperature
2021-05-30T00:00:00Z,ccre,2,22.590353055555557,temperature
2021-05-30T00:00:00Z,ccre,3,22.58530701388889,temperature
2021-05-30T00:00:00Z,ccre,4,22.55289736111111,temperature
2021-05-30T00:00:00Z,ccre,5,21.811278263888887,temperature
2021-05-30T00:00:00Z,ccre,6,17.49191451388889,temperature
2021-05-30T00:00:00Z,ccre,7,16.043109930555556,temperature
2021-05-30T00:00:00Z,ccre,8,14.502975208333334,temperature
2021-05-30T00:00:00Z,ccre,9,12.537427986111112,temperature
2021-05-30T00:00:00Z,ccre,10,10.34159451388889,temperature
2021-05-30T00:00:00Z,ccre,11,10.044154555555556,temperature
2021-05-30T00:00:00Z,ccre,12,9.705377805555557,temperature
2021-05-30T00:00:00Z,ccre,13,9.5519724375,temperature
2021-05-31T00:00:00Z,ccre,2,22.427216527777777,temperature
2021-05-31T00:00:00Z,ccre,3,22.255440833333335,temperature
2021-05-31T00:00:00Z,ccre,4,22.06443486111111,temperature
2021-05-31T00:00:00Z,ccre,5,19.370222847222223,temperature
2021-05-31T00:00:00Z,ccre,6,17.891163680555554,temperature
2021-05-31T00:00:00Z,ccre,7,16.365715,temperature
2021-05-31T00:00:00Z,ccre,8,13.963017361111111,temperature
2021-05-31T00:00:00Z,ccre,9,12.297329722222225,temperature
2021-05-31T00:00:00Z,ccre,10,10.38335451388889,temperature
2021-05-31T00:00:00Z,ccre,11,10.068841118055555,temperature
2021-05-31T00:00:00Z,ccre,12,9.737292597222222,temperature
2021-05-31T00:00:00Z,ccre,13,9.581520784722224,temperature
2021-06-01T00:00:00Z,ccre,2,22.33771847222222,temperature
2021-06-01T00:00:00Z,ccre,3,22.219980486111112,temperature
2021-06-01T00:00:00Z,ccre,4,21.730394027777777,temperature
2021-06-01T00:00:00Z,ccre,5,20.144768125,temperature
2021-06-01T00:00:00Z,ccre,6,18.486811944444444,temperature
2021-06-01T00:00:00Z,ccre,7,16.28702847222222,temperature
2021-06-01T00:00:00Z,ccre,8,14.09369,temperature
2021-06-01T00:00:00Z,ccre,9,12.360725833333332,temperature
2021-06-01T00:00:00Z,ccre,10,10.434435069444444,temperature
2021-06-01T00:00:00Z,ccre,11,10.1142216875,temperature
2021-06-01T00:00:00Z,ccre,12,9.753348256944443,temperature
2021-06-01T00:00:00Z,ccre,13,9.602337756944443,temperature
2021-06-02T00:00:00Z,ccre,2,22.31987305555555,temperature
2021-06-02T00:00:00Z,ccre,3,22.174275625,temperature
2021-06-02T00:00:00Z,ccre,4,21.711008958333338,temperature
2021-06-02T00:00:00Z,ccre,5,20.214692222222222,temperature
2021-06-02T00:00:00Z,ccre,6,18.17555048611111,temperature
2021-06-02T00:00:00Z,ccre,7,16.256016527777778,temperature
2021-06-02T00:00:00Z,ccre,8,14.335739861111112,temperature
2021-06-02T00:00:00Z,ccre,9,12.549362569444444,temperature
2021-06-02T00:00:00Z,ccre,10,10.410903472222222,temperature
2021-06-02T00:00:00Z,ccre,11,10.096880097222222,temperature
2021-06-02T00:00:00Z,ccre,12,9.753617416666666,temperature
2021-06-02T00:00:00Z,ccre,13,9.610823333333334,temperature
2021-06-03T00:00:00Z,ccre,2,22.891055208333334,temperature
2021-06-03T00:00:00Z,ccre,3,22.635676666666665,temperature
2021-06-03T00:00:00Z,ccre,4,21.729952847222226,temperature
2021-06-03T00:00:00Z,ccre,5,20.72136701388889,temperature
2021-06-03T00:00:00Z,ccre,6,18.691159444444445,temperature
2021-06-03T00:00:00Z,ccre,7,16.68024451388889,temperature
2021-06-03T00:00:00Z,ccre,8,14.244574166666666,temperature
2021-06-03T00:00:00Z,ccre,9,12.237980277777778,temperature
2021-06-03T00:00:00Z,ccre,10,10.353460138888888,temperature
2021-06-03T00:00:00Z,ccre,11,10.108345958333333,temperature
2021-06-03T00:00:00Z,ccre,12,9.789147715277778,temperature
2021-06-03T00:00:00Z,ccre,13,9.639707729166666,temperature
2021-06-04T00:00:00Z,ccre,2,23.452655555555555,temperature
2021-06-04T00:00:00Z,ccre,3,23.366160347222223,temperature
2021-06-04T00:00:00Z,ccre,4,22.883059097222223,temperature
2021-06-04T00:00:00Z,ccre,5,22.346160972222226,temperature
2021-06-04T00:00:00Z,ccre,6,18.951750625,temperature
2021-06-04T00:00:00Z,ccre,7,16.337538402777778,temperature
2021-06-04T00:00:00Z,ccre,8,14.234448333333331,temperature
2021-06-04T00:00:00Z,ccre,9,12.473511041666669,temperature
2021-06-04T00:00:00Z,ccre,10,10.43388888888889,temperature
2021-06-04T00:00:00Z,ccre,11,10.134568270833334,temperature
2021-06-04T00:00:00Z,ccre,12,9.796025395833333,temperature
2021-06-04T00:00:00Z,ccre,13,9.651279229166668,temperature
2021-06-05T00:00:00Z,ccre,2,24.153255,temperature
2021-06-05T00:00:00Z,ccre,3,23.755776944444445,temperature
2021-06-05T00:00:00Z,ccre,4,23.38631743055555,temperature
2021-06-05T00:00:00Z,ccre,5,21.093386388888888,temperature
2021-06-05T00:00:00Z,ccre,6,18.344182361111113,temperature
2021-06-05T00:00:00Z,ccre,7,16.73041,temperature
2021-06-05T00:00:00Z,ccre,8,14.842688541666666,temperature
2021-06-05T00:00:00Z,ccre,9,12.646553125,temperature
2021-06-05T00:00:00Z,ccre,10,10.460460416666669,temperature
2021-06-05T00:00:00Z,ccre,11,10.169048631944444,temperature
2021-06-05T00:00:00Z,ccre,12,9.81795988888889,temperature
2021-06-05T00:00:00Z,ccre,13,9.689400354166668,temperature
2021-06-06T00:00:00Z,ccre,2,24.709630208333333,temperature
2021-06-06T00:00:00Z,ccre,3,24.10516944444445,temperature
2021-06-06T00:00:00Z,ccre,4,23.520835208333335,temperature
2021-06-06T00:00:00Z,ccre,5,21.63900111111111,temperature
2021-06-06T00:00:00Z,ccre,6,19.106343819444444,temperature
2021-06-06T00:00:00Z,ccre,7,16.60145097222222,temperature
2021-06-06T00:00:00Z,ccre,8,14.257239236111111,temperature
2021-06-06T00:00:00Z,ccre,9,12.5039175,temperature
2021-06-06T00:00:00Z,ccre,10,10.54365138888889,temperature
2021-06-06T00:00:00Z,ccre,11,10.223485902777778,temperature
2021-06-06T00:00:00Z,ccre,12,9.854425847222222,temperature
2021-06-06T00:00:00Z,ccre,13,9.708160409722222,temperature
2021-06-07T00:00:00Z,ccre,2,25.18467534722222,temperature
2021-06-07T00:00:00Z,ccre,3,24.316117569444444,temperature
2021-06-07T00:00:00Z,ccre,4,23.672163333333337,temperature
2021-06-07T00:00:00Z,ccre,5,21.553508680555556,temperature
2021-06-07T00:00:00Z,ccre,6,19.0203,temperature
2021-06-07T00:00:00Z,ccre,7,16.759515069444443,temperature
2021-06-07T00:00:00Z,ccre,8,14.669177847222224,temperature
2021-06-07T00:00:00Z,ccre,9,12.683613541666666,temperature
2021-06-07T00:00:00Z,ccre,10,10.465260069444444,temperature
2021-06-07T00:00:00Z,ccre,11,10.170085208333331,temperature
2021-06-07T00:00:00Z,ccre,12,9.852770534722222,temperature
2021-06-07T00:00:00Z,ccre,13,9.705604951388889,temperature
2021-06-08T00:00:00Z,ccre,2,25.308391597222226,temperature
2021-06-08T00:00:00Z,ccre,3,24.749542986111113,temperature
2021-06-08T00:00:00Z,ccre,4,23.79904201388889,temperature
2021-06-08T00:00:00Z,ccre,5,21.992163680555556,temperature
2021-06-08T00:00:00Z,ccre,6,19.331952013888888,temperature
2021-06-08T00:00:00Z,ccre,7,16.788189305555555,temperature
2021-06-08T00:00:00Z,ccre,8,14.524079027777775,temperature
2021-06-08T00:00:00Z,ccre,9,12.561735694444444,temperature
2021-06-08T00:00:00Z,ccre,10,10.601000486111111,temperature
2021-06-08T00:00:00Z,ccre,11,10.275796805555556,temperature
2021-06-08T00:00:00Z,ccre,12,9.897324416666669,temperature
2021-06-08T00:00:00Z,ccre,13,9.745196506944444,temperature
2021-06-09T00:00:00Z,ccre,2,26.014326805555555,temperature
2021-06-09T00:00:00Z,ccre,3,25.338821458333335,temperature
2021-06-09T00:00:00Z,ccre,4,24.746783472222223,temperature
2021-06-09T00:00:00Z,ccre,5,22.548399027777776,temperature
2021-06-09T00:00:00Z,ccre,6,19.331672569444443,temperature
2021-06-09T00:00:00Z,ccre,7,17.066695902777777,temperature
2021-06-09T00:00:00Z,ccre,8,14.742260277777778,temperature
2021-06-09T00:00:00Z,ccre,9,12.699135694444443,temperature
2021-06-09T00:00:00Z,ccre,10,10.53485715277778,temperature
2021-06-09T00:00:00Z,ccre,11,10.232737152777778,temperature
2021-06-09T00:00:00Z,ccre,12,9.89282625,temperature
2021-06-09T00:00:00Z,ccre,13,9.75779595138889,temperature
2021-06-10T00:00:00Z,ccre,2,26.30558673611111,temperature
2021-06-10T00:00:00Z,ccre,3,26.124038263888888,temperature
2021-06-10T00:00:00Z,ccre,4,25.264056666666665,temperature
2021-06-10T00:00:00Z,ccre,5,21.899009375,temperature
2021-06-10T00:00:00Z,ccre,6,19.40258013888889,temperature
2021-06-10T00:00:00Z,ccre,7,17.17912125,temperature
2021-06-10T00:00:00Z,ccre,8,14.803781458333331,temperature
2021-06-10T00:00:00Z,ccre,9,12.627995069444443,temperature
2021-06-10T00:00:00Z,ccre,10,10.504435972222222,temperature
2021-06-10T00:00:00Z,ccre,11,10.270704236111111,temperature
2021-06-10T00:00:00Z,ccre,12,9.925452770833331,temperature
2021-06-10T00:00:00Z,ccre,13,9.768241006944445,temperature
2021-06-11T00:00:00Z,ccre,2,26.408992569444443,temperature
2021-06-11T00:00:00Z,ccre,3,26.228949305555556,temperature
2021-06-11T00:00:00Z,ccre,4,24.891266805555556,temperature
2021-06-11T00:00:00Z,ccre,5,22.66360236111111,temperature
2021-06-11T00:00:00Z,ccre,6,19.92959625,temperature
2021-06-11T00:00:00Z,ccre,7,16.889564305555556,temperature
2021-06-11T00:00:00Z,ccre,8,14.784592708333332,temperature
2021-06-11T00:00:00Z,ccre,9,12.899430902777778,temperature
2021-06-11T00:00:00Z,ccre,10,10.554247916666666,temperature
2021-06-11T00:00:00Z,ccre,11,10.285567013888889,temperature
2021-06-11T00:00:00Z,ccre,12,9.942356166666666,temperature
2021-06-11T00:00:00Z,ccre,13,9.811238159722222,temperature
2021-06-12T00:00:00Z,ccre,2,26.037470694444444,temperature
2021-06-12T00:00:00Z,ccre,3,26.013646527777777,temperature
2021-06-12T00:00:00Z,ccre,4,25.92723923611111,temperature
2021-06-12T00:00:00Z,ccre,5,23.684747847222223,temperature
2021-06-12T00:00:00Z,ccre,6,19.510381111111112,temperature
2021-06-12T00:00:00Z,ccre,7,16.942111458333333,temperature
2021-06-12T00:00:00Z,ccre,8,14.821414444444445,temperature
2021-06-12T00:00:00Z,ccre,9,12.789825763888889,temperature
2021-06-12T00:00:00Z,ccre,10,10.536884791666669,temperature
2021-06-12T00:00:00Z,ccre,11,10.2597675,temperature
2021-06-12T00:00:00Z,ccre,12,9.955247076388888,temperature
2021-06-12T00:00:00Z,ccre,13,9.805955395833331,temperature
2021-06-13T00:00:00Z,ccre,2,26.090691875,temperature
2021-06-13T00:00:00Z,ccre,3,25.97138798611111,temperature
2021-06-13T00:00:00Z,ccre,4,24.746147916666665,temperature
2021-06-13T00:00:00Z,ccre,5,22.953543125,temperature
2021-06-13T00:00:00Z,ccre,6,21.24692986111111,temperature
2021-06-13T00:00:00Z,ccre,7,18.018865972222223,temperature
2021-06-13T00:00:00Z,ccre,8,15.082932152777778,temperature
2021-06-13T00:00:00Z,ccre,9,12.823577638888889,temperature
2021-06-13T00:00:00Z,ccre,10,10.675785208333334,temperature
2021-06-13T00:00:00Z,ccre,11,10.344747569444444,temperature
2021-06-13T00:00:00Z,ccre,12,9.987070395833332,temperature
2021-06-13T00:00:00Z,ccre,13,9.845100416666666,temperature
2021-06-14T00:00:00Z,ccre,2,26.684090069444444,temperature
2021-06-14T00:00:00Z,ccre,3,25.94703944444445,temperature
2021-06-14T00:00:00Z,ccre,4,25.683971180555556,temperature
2021-06-14T00:00:00Z,ccre,5,24.56204333333333,temperature
2021-06-14T00:00:00Z,ccre,6,19.95627770833333,temperature
2021-06-14T00:00:00Z,ccre,7,17.062808472222223,temperature
2021-06-14T00:00:00Z,ccre,8,14.811286875,temperature
2021-06-14T00:00:00Z,ccre,9,12.975896111111112,temperature
2021-06-14T00:00:00Z,ccre,10,10.777814652777778,temperature
2021-06-14T00:00:00Z,ccre,11,10.431511527777776,temperature
2021-06-14T00:00:00Z,ccre,12,10.015762618055556,temperature
2021-06-14T00:00:00Z,ccre,13,9.833411597222222,temperature
2021-06-15T00:00:00Z,ccre,2,26.712121875,temperature
2021-06-15T00:00:00Z,ccre,3,26.65266326388889,temperature
2021-06-15T00:00:00Z,ccre,4,26.397683194444443,temperature
2021-06-15T00:00:00Z,ccre,5,25.793501041666666,temperature
2021-06-15T00:00:00Z,ccre,6,20.92761159722222,temperature
2021-06-15T00:00:00Z,ccre,7,17.776284722222222,temperature
2021-06-15T00:00:00Z,ccre,8,14.955650833333332,temperature
2021-06-15T00:00:00Z,ccre,9,12.616731458333334,temperature
2021-06-15T00:00:00Z,ccre,10,10.666718611111111,temperature
2021-06-15T00:00:00Z,ccre,11,10.390124583333334,temperature
2021-06-15T00:00:00Z,ccre,12,10.041111423611111,temperature
2021-06-15T00:00:00Z,ccre,13,9.85989042361111,temperature
2021-06-16T00:00:00Z,ccre,2,26.265302569444444,temperature
2021-06-16T00:00:00Z,ccre,3,26.21760215277778,temperature
2021-06-16T00:00:00Z,ccre,4,26.19860694444445,temperature
2021-06-16T00:00:00Z,ccre,5,25.934389166666666,temperature
2021-06-16T00:00:00Z,ccre,6,21.255142569444445,temperature
2021-06-16T00:00:00Z,ccre,7,17.599987430555554,temperature
2021-06-16T00:00:00Z,ccre,8,15.147327222222222,temperature
2021-06-16T00:00:00Z,ccre,9,13.1262075,temperature
2021-06-16T00:00:00Z,ccre,10,10.82401763888889,temperature
2021-06-16T00:00:00Z,ccre,11,10.460607222222222,temperature
2021-06-16T00:00:00Z,ccre,12,10.053122354166666,temperature
2021-06-16T00:00:00Z,ccre,13,9.887272694444444,temperature
2021-06-17T00:00:00Z,ccre,2,26.21486840277778,temperature
2021-06-17T00:00:00Z,ccre,3,25.99322847222222,temperature
2021-06-17T00:00:00Z,ccre,4,25.756412013888887,temperature
2021-06-17T00:00:00Z,ccre,5,25.398488055555557,temperature
2021-06-17T00:00:00Z,ccre,6,20.707505277777777,temperature
2021-06-17T00:00:00Z,ccre,7,17.783480625,temperature
2021-06-17T00:00:00Z,ccre,8,15.070335625,temperature
2021-06-17T00:00:00Z,ccre,9,12.875807291666666,temperature
2021-06-17T00:00:00Z,ccre,10,10.843608194444444,temperature
2021-06-17T00:00:00Z,ccre,11,10.50643111111111,temperature
2021-06-17T00:00:00Z,ccre,12,10.090474861111112,temperature
2021-06-17T00:00:00Z,ccre,13,9.911653506944443,temperature
2021-06-18T00:00:00Z,ccre,2,26.252708263888888,temperature
2021-06-18T00:00:00Z,ccre,3,25.76373173611111,temperature
2021-06-18T00:00:00Z,ccre,4,25.534168402777777,temperature
2021-06-18T00:00:00Z,ccre,5,24.792896458333335,temperature
2021-06-18T00:00:00Z,ccre,6,21.100175625,temperature
2021-06-18T00:00:00Z,ccre,7,18.019328680555557,temperature
2021-06-18T00:00:00Z,ccre,8,15.185365833333334,temperature
2021-06-18T00:00:00Z,ccre,9,13.066027083333331,temperature
2021-06-18T00:00:00Z,ccre,10,10.818634722222225,temperature
2021-06-18T00:00:00Z,ccre,11,10.506141666666666,temperature
2021-06-18T00:00:00Z,ccre,12,10.105136180555556,temperature
2021-06-18T00:00:00Z,ccre,13,9.935478395833334,temperature
2021-06-19T00:00:00Z,ccre,2,25.88788055555555,temperature
2021-06-19T00:00:00Z,ccre,3,25.722645416666666,temperature
2021-06-19T00:00:00Z,ccre,4,25.445208541666663,temperature
2021-06-19T00:00:00Z,ccre,5,24.768072152777776,temperature
2021-06-19T00:00:00Z,ccre,6,21.896872708333333,temperature
2021-06-19T00:00:00Z,ccre,7,17.912429444444445,temperature
2021-06-19T00:00:00Z,ccre,8,15.28368611111111,temperature
2021-06-19T00:00:00Z,ccre,9,13.059738958333334,temperature
2021-06-19T00:00:00Z,ccre,10,10.810557222222222,temperature
2021-06-19T00:00:00Z,ccre,11,10.489996319444444,temperature
2021-06-19T00:00:00Z,ccre,12,10.114422777777778,temperature
2021-06-19T00:00:00Z,ccre,13,9.962808430555556,temperature
2021-06-20T00:00:00Z,ccre,2,26.170953333333333,temperature
2021-06-20T00:00:00Z,ccre,3,25.94587923611111,temperature
2021-06-20T00:00:00Z,ccre,4,25.727716180555557,temperature
2021-06-20T00:00:00Z,ccre,5,25.226275833333332,temperature
2021-06-20T00:00:00Z,ccre,6,21.57387486111111,temperature
2021-06-20T00:00:00Z,ccre,7,17.987273680555557,temperature
2021-06-20T00:00:00Z,ccre,8,15.470332569444444,temperature
2021-06-20T00:00:00Z,ccre,9,13.181573958333331,temperature
2021-06-20T00:00:00Z,ccre,10,10.804998888888887,temperature
2021-06-20T00:00:00Z,ccre,11,10.489375138888889,temperature
2021-06-20T00:00:00Z,ccre,12,10.143530416666666,temperature
2021-06-20T00:00:00Z,ccre,13,9.981995291666667,temperature
2021-06-21T00:00:00Z,ccre,2,26.528365416666663,temperature
2021-06-21T00:00:00Z,ccre,3,26.321428958333332,temperature
2021-06-21T00:00:00Z,ccre,4,25.926180833333333,temperature
2021-06-21T00:00:00Z,ccre,5,24.541045069444444,temperature
2021-06-21T00:00:00Z,ccre,6,22.00271423611111,temperature
2021-06-21T00:00:00Z,ccre,7,18.52223451388889,temperature
2021-06-21T00:00:00Z,ccre,8,15.55171902777778,temperature
2021-06-21T00:00:00Z,ccre,9,13.147929791666668,temperature
2021-06-21T00:00:00Z,ccre,10,10.944938680555556,temperature
2021-06-21T00:00:00Z,ccre,11,10.588338958333331,temperature
2021-06-21T00:00:00Z,ccre,12,10.166741736111112,temperature
2021-06-21T00:00:00Z,ccre,13,9.993223520833334,temperature
2021-06-22T00:00:00Z,ccre,2,26.130347152777777,temperature
2021-06-22T00:00:00Z,ccre,3,26.107232430555555,temperature
2021-06-22T00:00:00Z,ccre,4,26.071050763888888,temperature
2021-06-22T00:00:00Z,ccre,5,25.744210833333337,temperature
2021-06-22T00:00:00Z,ccre,6,24.253570208333333,temperature
2021-06-22T00:00:00Z,ccre,7,18.24627347222222,temperature
2021-06-22T00:00:00Z,ccre,8,15.327260208333334,temperature
2021-06-22T00:00:00Z,ccre,9,13.064731666666669,temperature
2021-06-22T00:00:00Z,ccre,10,10.865364375,temperature
2021-06-22T00:00:00Z,ccre,11,10.559050833333334,temperature
2021-06-22T00:00:00Z,ccre,12,10.169614097222222,temperature
2021-06-22T00:00:00Z,ccre,13,10.025065208333332,temperature
2021-06-23T00:00:00Z,ccre,2,25.887129444444444,temperature
2021-06-23T00:00:00Z,ccre,3,25.688640763888888,temperature
2021-06-23T00:00:00Z,ccre,4,25.622226805555556,temperature
2021-06-23T00:00:00Z,ccre,5,25.498442916666665,temperature
2021-06-23T00:00:00Z,ccre,6,24.026204027777776,temperature
2021-06-23T00:00:00Z,ccre,7,18.397198819444444,temperature
2021-06-23T00:00:00Z,ccre,8,15.781331319444444,temperature
2021-06-23T00:00:00Z,ccre,9,13.264739722222222,temperature
2021-06-23T00:00:00Z,ccre,10,10.872551041666666,temperature
2021-06-23T00:00:00Z,ccre,11,10.576244097222222,temperature
2021-06-23T00:00:00Z,ccre,12,10.190963194444445,temperature
2021-06-23T00:00:00Z,ccre,13,10.040307972222225,temperature
2021-06-24T00:00:00Z,ccre,2,25.728041597222223,temperature
2021-06-24T00:00:00Z,ccre,3,25.56281006944445,temperature
2021-06-24T00:00:00Z,ccre,4,25.49835125,temperature
2021-06-24T00:00:00Z,ccre,5,25.11244611111111,temperature
2021-06-24T00:00:00Z,ccre,6,22.25143625,temperature
2021-06-24T00:00:00Z,ccre,7,18.878497361111112,temperature
2021-06-24T00:00:00Z,ccre,8,15.650428402777775,temperature
2021-06-24T00:00:00Z,ccre,9,13.290049236111113,temperature
2021-06-24T00:00:00Z,ccre,10,10.960130833333332,temperature
2021-06-24T00:00:00Z,ccre,11,10.631033819444443,temperature
2021-06-24T00:00:00Z,ccre,12,10.218100277777776,temperature
2021-06-24T00:00:00Z,ccre,13,10.061885986111111,temperature
2021-06-25T00:00:00Z,ccre,2,25.32492673611111,temperature
2021-06-25T00:00:00Z,ccre,3,25.18733361111111,temperature
2021-06-25T00:00:00Z,ccre,4,25.11089451388889,temperature
2021-06-25T00:00:00Z,ccre,5,24.972469097222223,temperature
2021-06-25T00:00:00Z,ccre,6,23.609515069444445,temperature
2021-06-25T00:00:00Z,ccre,7,18.847613541666668,temperature
2021-06-25T00:00:00Z,ccre,8,15.631240069444445,temperature
2021-06-25T00:00:00Z,ccre,9,13.425703541666667,temperature
2021-06-25T00:00:00Z,ccre,10,10.937060277777778,temperature
2021-06-25T00:00:00Z,ccre,11,10.597802708333331,temperature
2021-06-25T00:00:00Z,ccre,12,10.238603125,temperature
2021-06-25T00:00:00Z,ccre,13,10.088535347222225,temperature
2021-06-26T00:00:00Z,ccre,2,25.71589173611111,temperature
2021-06-26T00:00:00Z,ccre,3,25.50676340277778,temperature
2021-06-26T00:00:00Z,ccre,4,25.32414486111111,temperature
2021-06-26T00:00:00Z,ccre,5,25.02878076388889,temperature
2021-06-26T00:00:00Z,ccre,6,23.19250152777778,temperature
2021-06-26T00:00:00Z,ccre,7,19.076894166666666,temperature
2021-06-26T00:00:00Z,ccre,8,16.00320986111111,temperature
2021-06-26T00:00:00Z,ccre,9,13.444385486111113,temperature
2021-06-26T00:00:00Z,ccre,10,10.948532986111111,temperature
2021-06-26T00:00:00Z,ccre,11,10.628760902777778,temperature
2021-06-26T00:00:00Z,ccre,12,10.254501319444444,temperature
2021-06-26T00:00:00Z,ccre,13,10.102662708333334,temperature
2021-06-27T00:00:00Z,ccre,2,25.75082631944445,temperature
2021-06-27T00:00:00Z,ccre,3,25.708249444444444,temperature
2021-06-27T00:00:00Z,ccre,4,25.58405173611111,temperature
2021-06-27T00:00:00Z,ccre,5,25.38417173611111,temperature
2021-06-27T00:00:00Z,ccre,6,24.294906319444443,temperature
2021-06-27T00:00:00Z,ccre,7,19.623776875,temperature
2021-06-27T00:00:00Z,ccre,8,16.072243055555557,temperature
2021-06-27T00:00:00Z,ccre,9,13.39258923611111,temperature
2021-06-27T00:00:00Z,ccre,10,11.016000277777778,temperature
2021-06-27T00:00:00Z,ccre,11,10.687565486111112,temperature
2021-06-27T00:00:00Z,ccre,12,10.276379097222222,temperature
2021-06-27T00:00:00Z,ccre,13,10.121896458333334,temperature
2021-06-28T00:00:00Z,ccre,2,26.53980347222222,temperature
2021-06-28T00:00:00Z,ccre,3,26.20004652777778,temperature
2021-06-28T00:00:00Z,ccre,4,26.071180902777776,temperature
2021-06-28T00:00:00Z,ccre,5,25.82320138888889,temperature
2021-06-28T00:00:00Z,ccre,6,23.97972875,temperature
2021-06-28T00:00:00Z,ccre,7,19.223393055555555,temperature
2021-06-28T00:00:00Z,ccre,8,16.222885347222224,temperature
2021-06-28T00:00:00Z,ccre,9,13.673755277777778,temperature
2021-06-28T00:00:00Z,ccre,10,11.019337569444444,temperature
2021-06-28T00:00:00Z,ccre,11,10.684163680555557,temperature
2021-06-28T00:00:00Z,ccre,12,10.287117777777778,temperature
2021-06-28T00:00:00Z,ccre,13,10.130365,temperature
2021-06-29T00:00:00Z,ccre,2,27.022540833333338,temperature
2021-06-29T00:00:00Z,ccre,3,26.626087708333333,temperature
2021-06-29T00:00:00Z,ccre,4,26.262358819444444,temperature
2021-06-29T00:00:00Z,ccre,5,25.649461805555557,temperature
2021-06-29T00:00:00Z,ccre,6,23.617337638888888,temperature
2021-06-29T00:00:00Z,ccre,7,19.983242430555556,temperature
2021-06-29T00:00:00Z,ccre,8,16.33287902777778,temperature
2021-06-29T00:00:00Z,ccre,9,13.723286736111111,temperature
2021-06-29T00:00:00Z,ccre,10,11.136049375,temperature
2021-06-29T00:00:00Z,ccre,11,10.748844305555556,temperature
2021-06-29T00:00:00Z,ccre,12,10.319148055555557,temperature
2021-06-29T00:00:00Z,ccre,13,10.160613958333334,temperature
2021-06-30T00:00:00Z,ccre,2,27.372965277777777,temperature
2021-06-30T00:00:00Z,ccre,3,26.96736458333333,temperature
2021-06-30T00:00:00Z,ccre,4,26.565135069444445,temperature
2021-06-30T00:00:00Z,ccre,5,26.156088472222223,temperature
2021-06-30T00:00:00Z,ccre,6,24.27239388888889,temperature
2021-06-30T00:00:00Z,ccre,7,20.060912777777776,temperature
2021-06-30T00:00:00Z,ccre,8,16.384394097222224,temperature
2021-06-30T00:00:00Z,ccre,9,13.641187638888889,temperature
2021-06-30T00:00:00Z,ccre,10,11.143157569444444,temperature
2021-06-30T00:00:00Z,ccre,11,10.74780847222222,temperature
2021-06-30T00:00:00Z,ccre,12,10.33019611111111,temperature
2021-06-30T00:00:00Z,ccre,13,10.166739444444444,temperature
2021-07-01T00:00:00Z,ccre,2,27.270845694444443,temperature
2021-07-01T00:00:00Z,ccre,3,27.20413027777778,temperature
2021-07-01T00:00:00Z,ccre,4,26.973377291666665,temperature
2021-07-01T00:00:00Z,ccre,5,26.60956527777778,temperature
2021-07-01T00:00:00Z,ccre,6,24.16338375,temperature
2021-07-01T00:00:00Z,ccre,7,20.393450694444443,temperature
2021-07-01T00:00:00Z,ccre,8,16.739209166666665,temperature
2021-07-01T00:00:00Z,ccre,9,13.624690069444444,temperature
2021-07-01T00:00:00Z,ccre,10,11.043156805555556,temperature
2021-07-01T00:00:00Z,ccre,11,10.713138472222225,temperature
2021-07-01T00:00:00Z,ccre,12,10.340570555555557,temperature
2021-07-01T00:00:00Z,ccre,13,10.177823194444445,temperature
2021-07-02T00:00:00Z,ccre,2,27.109052272727272,temperature
2021-07-02T00:00:00Z,ccre,3,27.1170325,temperature
2021-07-02T00:00:00Z,ccre,4,27.096709772727273,temperature
2021-07-02T00:00:00Z,ccre,5,26.950028181818183,temperature
2021-07-02T00:00:00Z,ccre,6,25.165963484848486,temperature
2021-07-02T00:00:00Z,ccre,7,20.29968931818182,temperature
2021-07-02T00:00:00Z,ccre,8,16.358703106060606,temperature
2021-07-02T00:00:00Z,ccre,9,13.833160530303031,temperature
2021-07-02T00:00:00Z,ccre,10,11.136949469696969,temperature
2021-07-02T00:00:00Z,ccre,11,10.799600075757576,temperature
2021-07-02T00:00:00Z,ccre,12,10.368080606060609,temperature
2021-07-02T00:00:00Z,ccre,13,10.215918484848483,temperature
2021-07-03T00:00:00Z,ccre,2,26.78244173611111,temperature
2021-07-03T00:00:00Z,ccre,3,26.766808402777777,temperature
2021-07-03T00:00:00Z,ccre,4,26.7640075,temperature
2021-07-03T00:00:00Z,ccre,5,26.65378631944445,temperature
2021-07-03T00:00:00Z,ccre,6,26.30516423611111,temperature
2021-07-03T00:00:00Z,ccre,7,20.580926041666668,temperature
2021-07-03T00:00:00Z,ccre,8,16.85736548611111,temperature
2021-07-03T00:00:00Z,ccre,9,13.94908125,temperature
2021-07-03T00:00:00Z,ccre,10,11.135495486111113,temperature
2021-07-03T00:00:00Z,ccre,11,10.79181847222222,temperature
2021-07-03T00:00:00Z,ccre,12,10.379207708333333,temperature
2021-07-03T00:00:00Z,ccre,13,10.216076180555556,temperature
2021-07-04T00:00:00Z,ccre,2,26.883771458333335,temperature
2021-07-04T00:00:00Z,ccre,3,26.578447291666667,temperature
2021-07-04T00:00:00Z,ccre,4,26.42962340277778,temperature
2021-07-04T00:00:00Z,ccre,5,26.23151194444445,temperature
2021-07-04T00:00:00Z,ccre,6,24.714476805555556,temperature
2021-07-04T00:00:00Z,ccre,7,20.39096888888889,temperature
2021-07-04T00:00:00Z,ccre,8,17.162651666666665,temperature
2021-07-04T00:00:00Z,ccre,9,14.056154930555556,temperature
2021-07-04T00:00:00Z,ccre,10,11.262497222222224,temperature
2021-07-04T00:00:00Z,ccre,11,10.863726111111111,temperature
2021-07-04T00:00:00Z,ccre,12,10.415490625,temperature
2021-07-04T00:00:00Z,ccre,13,10.249287152777775,temperature
2021-07-05T00:00:00Z,ccre,2,27.230212777777776,temperature
2021-07-05T00:00:00Z,ccre,3,26.712019444444444,temperature
2021-07-05T00:00:00Z,ccre,4,26.421135069444443,temperature
2021-07-05T00:00:00Z,ccre,5,26.143863125,temperature
2021-07-05T00:00:00Z,ccre,6,25.676429444444445,temperature
2021-07-05T00:00:00Z,ccre,7,20.831185555555557,temperature
2021-07-05T00:00:00Z,ccre,8,16.719712847222223,temperature
2021-07-05T00:00:00Z,ccre,9,14.06784875,temperature
2021-07-05T00:00:00Z,ccre,10,11.237399930555556,temperature
2021-07-05T00:00:00Z,ccre,11,10.867598958333334,temperature
2021-07-05T00:00:00Z,ccre,12,10.419806805555556,temperature
2021-07-05T00:00:00Z,ccre,13,10.259779305555556,temperature
2021-07-06T00:00:00Z,ccre,2,27.77344513888889,temperature
2021-07-06T00:00:00Z,ccre,3,27.313101458333332,temperature
2021-07-06T00:00:00Z,ccre,4,26.943231805555556,temperature
2021-07-06T00:00:00Z,ccre,5,26.531846388888887,temperature
2021-07-06T00:00:00Z,ccre,6,25.19369798611111,temperature
2021-07-06T00:00:00Z,ccre,7,20.82650888888889,temperature
2021-07-06T00:00:00Z,ccre,8,17.155885694444443,temperature
2021-07-06T00:00:00Z,ccre,9,14.267718194444443,temperature
2021-07-06T00:00:00Z,ccre,10,11.12590236111111,temperature
2021-07-06T00:00:00Z,ccre,11,10.798009861111112,temperature
2021-07-06T00:00:00Z,ccre,12,10.430147013888888,temperature
2021-07-06T00:00:00Z,ccre,13,10.272309236111113,temperature
2021-07-07T00:00:00Z,ccre,2,27.86948909722222,temperature
2021-07-07T00:00:00Z,ccre,3,27.58149736111111,temperature
2021-07-07T00:00:00Z,ccre,4,27.154559652777778,temperature
2021-07-07T00:00:00Z,ccre,5,26.691007847222224,temperature
2021-07-07T00:00:00Z,ccre,6,25.336878680555557,temperature
2021-07-07T00:00:00Z,ccre,7,21.285704583333334,temperature
2021-07-07T00:00:00Z,ccre,8,17.05258597222222,temperature
2021-07-07T00:00:00Z,ccre,9,14.110336597222222,temperature
2021-07-07T00:00:00Z,ccre,10,11.316507777777778,temperature
2021-07-07T00:00:00Z,ccre,11,10.919075972222222,temperature
2021-07-07T00:00:00Z,ccre,12,10.467852777777775,temperature
2021-07-07T00:00:00Z,ccre,13,10.297676041666668,temperature
2021-07-08T00:00:00Z,ccre,2,27.48824548611111,temperature
2021-07-08T00:00:00Z,ccre,3,27.47077034722222,temperature
2021-07-08T00:00:00Z,ccre,4,27.40465361111111,temperature
2021-07-08T00:00:00Z,ccre,5,27.160268402777778,temperature
2021-07-08T00:00:00Z,ccre,6,25.357380972222224,temperature
2021-07-08T00:00:00Z,ccre,7,21.14221486111111,temperature
2021-07-08T00:00:00Z,ccre,8,17.442071875,temperature
2021-07-08T00:00:00Z,ccre,9,14.279880763888888,temperature
2021-07-08T00:00:00Z,ccre,10,11.189918055555555,temperature
2021-07-08T00:00:00Z,ccre,11,10.828299444444443,temperature
2021-07-08T00:00:00Z,ccre,12,10.451348819444444,temperature
2021-07-08T00:00:00Z,ccre,13,10.294846111111111,temperature
2021-07-09T00:00:00Z,ccre,2,27.399023055555556,temperature
2021-07-09T00:00:00Z,ccre,3,27.31131388888889,temperature
2021-07-09T00:00:00Z,ccre,4,27.276467291666663,temperature
2021-07-09T00:00:00Z,ccre,5,26.852288055555555,temperature
2021-07-09T00:00:00Z,ccre,6,25.00660034722222,temperature
2021-07-09T00:00:00Z,ccre,7,21.208829652777776,temperature
2021-07-09T00:00:00Z,ccre,8,17.510274375,temperature
2021-07-09T00:00:00Z,ccre,9,14.397303611111113,temperature
2021-07-09T00:00:00Z,ccre,10,11.307430972222225,temperature
2021-07-09T00:00:00Z,ccre,11,10.933981597222225,temperature
2021-07-09T00:00:00Z,ccre,12,10.495357847222222,temperature
2021-07-09T00:00:00Z,ccre,13,10.326728541666666,temperature
2021-07-10T00:00:00Z,ccre,2,27.515595208333337,temperature
2021-07-10T00:00:00Z,ccre,3,27.31136798611111,temperature
2021-07-10T00:00:00Z,ccre,4,27.063017569444444,temperature
2021-07-10T00:00:00Z,ccre,5,26.835427569444445,temperature
2021-07-10T00:00:00Z,ccre,6,26.022110069444444,temperature
2021-07-10T00:00:00Z,ccre,7,21.421420347222224,temperature
2021-07-10T00:00:00Z,ccre,8,17.36004513888889,temperature
2021-07-10T00:00:00Z,ccre,9,14.437696805555555,temperature
2021-07-10T00:00:00Z,ccre,10,11.302943541666666,temperature
2021-07-10T00:00:00Z,ccre,11,10.913802361111111,temperature
2021-07-10T00:00:00Z,ccre,12,10.500323194444444,temperature
2021-07-10T00:00:00Z,ccre,13,10.339857152777778,temperature
2021-07-11T00:00:00Z,ccre,2,27.655315555555557,temperature
2021-07-11T00:00:00Z,ccre,3,27.306953194444443,temperature
2021-07-11T00:00:00Z,ccre,4,27.144136458333332,temperature
2021-07-11T00:00:00Z,ccre,5,26.94188513888889,temperature
2021-07-11T00:00:00Z,ccre,6,25.630652708333333,temperature
2021-07-11T00:00:00Z,ccre,7,21.286585277777775,temperature
2021-07-11T00:00:00Z,ccre,8,17.63836951388889,temperature
2021-07-11T00:00:00Z,ccre,9,14.617028680555556,temperature
2021-07-11T00:00:00Z,ccre,10,11.291265625,temperature
2021-07-11T00:00:00Z,ccre,11,10.92468048611111,temperature
2021-07-11T00:00:00Z,ccre,12,10.523537986111112,temperature
2021-07-11T00:00:00Z,ccre,13,10.348513333333331,temperature
2021-07-12T00:00:00Z,ccre,2,27.848877777777776,temperature
2021-07-12T00:00:00Z,ccre,3,27.449324722222222,temperature
2021-07-12T00:00:00Z,ccre,4,27.213204583333333,temperature
2021-07-12T00:00:00Z,ccre,5,26.978050416666665,temperature
2021-07-12T00:00:00Z,ccre,6,25.930017777777778,temperature
2021-07-12T00:00:00Z,ccre,7,21.844187291666668,temperature
2021-07-12T00:00:00Z,ccre,8,17.69396673611111,temperature
2021-07-12T00:00:00Z,ccre,9,14.535089375,temperature
2021-07-12T00:00:00Z,ccre,10,11.38993076388889,temperature
2021-07-12T00:00:00Z,ccre,11,10.973764305555555,temperature
2021-07-12T00:00:00Z,ccre,12,10.545788402777776,temperature
2021-07-12T00:00:00Z,ccre,13,10.371239444444443,temperature
2021-07-13T00:00:00Z,ccre,2,27.98627888888889,temperature
2021-07-13T00:00:00Z,ccre,3,27.785397708333335,temperature
2021-07-13T00:00:00Z,ccre,4,27.442803472222224,temperature
2021-07-13T00:00:00Z,ccre,5,27.224727847222223,temperature
2021-07-13T00:00:00Z,ccre,6,26.293779722222222,temperature
2021-07-13T00:00:00Z,ccre,7,21.630069791666667,temperature
2021-07-13T00:00:00Z,ccre,8,18.029738263888888,temperature
2021-07-13T00:00:00Z,ccre,9,14.655392777777775,temperature
2021-07-13T00:00:00Z,ccre,10,11.35569701388889,temperature
2021-07-13T00:00:00Z,ccre,11,10.969710208333334,temperature
2021-07-13T00:00:00Z,ccre,12,10.552344722222225,temperature
2021-07-13T00:00:00Z,ccre,13,10.387073541666666,temperature
2021-07-14T00:00:00Z,ccre,2,28.202944722222224,temperature
2021-07-14T00:00:00Z,ccre,3,28.087966458333337,temperature
2021-07-14T00:00:00Z,ccre,4,27.77899222222222,temperature
2021-07-14T00:00:00Z,ccre,5,27.50519347222222,temperature
2021-07-14T00:00:00Z,ccre,6,26.98707513888889,temperature
2021-07-14T00:00:00Z,ccre,7,21.84616201388889,temperature
2021-07-14T00:00:00Z,ccre,8,17.865171597222222,temperature
2021-07-14T00:00:00Z,ccre,9,14.690396319444444,temperature
2021-07-14T00:00:00Z,ccre,10,11.357127986111111,temperature
2021-07-14T00:00:00Z,ccre,11,10.975949930555556,temperature
2021-07-14T00:00:00Z,ccre,12,10.582266666666667,temperature
2021-07-14T00:00:00Z,ccre,13,10.416002569444444,temperature
2021-07-15T00:00:00Z,ccre,2,28.773922430555555,temperature
2021-07-15T00:00:00Z,ccre,3,28.43642923611111,temperature
2021-07-15T00:00:00Z,ccre,4,28.184034375,temperature
2021-07-15T00:00:00Z,ccre,5,27.965253611111113,temperature
2021-07-15T00:00:00Z,ccre,6,25.93030694444445,temperature
2021-07-15T00:00:00Z,ccre,7,22.152920555555557,temperature
2021-07-15T00:00:00Z,ccre,8,18.280031666666662,temperature
2021-07-15T00:00:00Z,ccre,9,14.894692222222222,temperature
2021-07-15T00:00:00Z,ccre,10,11.386604652777775,temperature
2021-07-15T00:00:00Z,ccre,11,10.987263958333331,temperature
2021-07-15T00:00:00Z,ccre,12,10.593698611111112,temperature
2021-07-15T00:00:00Z,ccre,13,10.425572430555556,temperature
2021-07-16T00:00:00Z,ccre,2,28.64031951388889,temperature
2021-07-16T00:00:00Z,ccre,3,28.41042638888889,temperature
2021-07-16T00:00:00Z,ccre,4,28.122536736111112,temperature
2021-07-16T00:00:00Z,ccre,5,27.848717083333337,temperature
2021-07-16T00:00:00Z,ccre,6,26.361535902777774,temperature
2021-07-16T00:00:00Z,ccre,7,22.115572430555556,temperature
2021-07-16T00:00:00Z,ccre,8,18.038454930555556,temperature
2021-07-16T00:00:00Z,ccre,9,14.992083541666666,temperature
2021-07-16T00:00:00Z,ccre,10,11.51158125,temperature
2021-07-16T00:00:00Z,ccre,11,11.037464375,temperature
2021-07-16T00:00:00Z,ccre,12,10.616960625,temperature
2021-07-16T00:00:00Z,ccre,13,10.433931666666666,temperature
2021-07-17T00:00:00Z,ccre,2,28.445199513888888,temperature
2021-07-17T00:00:00Z,ccre,3,28.363829791666667,temperature
2021-07-17T00:00:00Z,ccre,4,28.27327638888889,temperature
2021-07-17T00:00:00Z,ccre,5,27.794916597222223,temperature
2021-07-17T00:00:00Z,ccre,6,26.05853298611111,temperature
2021-07-17T00:00:00Z,ccre,7,22.19193027777778,temperature
2021-07-17T00:00:00Z,ccre,8,18.66211138888889,temperature
2021-07-17T00:00:00Z,ccre,9,15.152715486111113,temperature
2021-07-17T00:00:00Z,ccre,10,11.448355972222222,temperature
2021-07-17T00:00:00Z,ccre,11,11.021661111111111,temperature
2021-07-17T00:00:00Z,ccre,12,10.618974722222225,temperature
2021-07-17T00:00:00Z,ccre,13,10.45337798611111,temperature
2021-07-18T00:00:00Z,ccre,2,28.41671125,temperature
2021-07-18T00:00:00Z,ccre,3,28.386227083333335,temperature
2021-07-18T00:00:00Z,ccre,4,28.338859583333335,temperature
2021-07-18T00:00:00Z,ccre,5,28.016597916666665,temperature
2021-07-18T00:00:00Z,ccre,6,27.562899027777775,temperature
2021-07-18T00:00:00Z,ccre,7,22.729659791666663,temperature
2021-07-18T00:00:00Z,ccre,8,18.21309625,temperature
2021-07-18T00:00:00Z,ccre,9,14.957091111111112,temperature
2021-07-18T00:00:00Z,ccre,10,11.450530694444444,temperature
2021-07-18T00:00:00Z,ccre,11,11.08003125,temperature
2021-07-18T00:00:00Z,ccre,12,10.652725694444444,temperature
2021-07-18T00:00:00Z,ccre,13,10.47779486111111,temperature
2021-07-19T00:00:00Z,ccre,2,28.669627708333337,temperature
2021-07-19T00:00:00Z,ccre,3,28.483140416666668,temperature
2021-07-19T00:00:00Z,ccre,4,28.411101111111112,temperature
2021-07-19T00:00:00Z,ccre,5,28.27983409722222,temperature
2021-07-19T00:00:00Z,ccre,6,27.753073958333335,temperature
2021-07-19T00:00:00Z,ccre,7,22.164027986111112,temperature
2021-07-19T00:00:00Z,ccre,8,18.85223048611111,temperature
2021-07-19T00:00:00Z,ccre,9,15.247446180555556,temperature
2021-07-19T00:00:00Z,ccre,10,11.46128,temperature
2021-07-19T00:00:00Z,ccre,11,11.077973402777776,temperature
2021-07-19T00:00:00Z,ccre,12,10.656441527777778,temperature
2021-07-19T00:00:00Z,ccre,13,10.485549166666669,temperature
2021-07-20T00:00:00Z,ccre,2,28.473259583333338,temperature
2021-07-20T00:00:00Z,ccre,3,28.352737708333333,temperature
2021-07-20T00:00:00Z,ccre,4,28.267056666666665,temperature
2021-07-20T00:00:00Z,ccre,5,28.099981041666663,temperature
2021-07-20T00:00:00Z,ccre,6,27.035443541666663,temperature
2021-07-20T00:00:00Z,ccre,7,23.0098325,temperature
2021-07-20T00:00:00Z,ccre,8,18.439235,temperature
2021-07-20T00:00:00Z,ccre,9,15.228692222222222,temperature
2021-07-20T00:00:00Z,ccre,10,11.624167222222225,temperature
2021-07-20T00:00:00Z,ccre,11,11.12884375,temperature
2021-07-20T00:00:00Z,ccre,12,10.682032916666667,temperature
2021-07-20T00:00:00Z,ccre,13,10.515786875,temperature
2021-07-21T00:00:00Z,ccre,2,28.324960625,temperature
2021-07-21T00:00:00Z,ccre,3,28.29973798611111,temperature
2021-07-21T00:00:00Z,ccre,4,28.277338472222223,temperature
2021-07-21T00:00:00Z,ccre,5,28.00425736111111,temperature
2021-07-21T00:00:00Z,ccre,6,27.283209583333335,temperature
2021-07-21T00:00:00Z,ccre,7,23.452373472222224,temperature
2021-07-21T00:00:00Z,ccre,8,18.96207097222222,temperature
2021-07-21T00:00:00Z,ccre,9,15.160417222222222,temperature
2021-07-21T00:00:00Z,ccre,10,11.44799826388889,temperature
2021-07-21T00:00:00Z,ccre,11,11.045282638888889,temperature
2021-07-21T00:00:00Z,ccre,12,10.68331986111111,temperature
2021-07-21T00:00:00Z,ccre,13,10.525228541666667,temperature
2021-07-22T00:00:00Z,ccre,2,28.190085902777778,temperature
2021-07-22T00:00:00Z,ccre,3,28.020202430555557,temperature
2021-07-22T00:00:00Z,ccre,4,27.959056180555557,temperature
2021-07-22T00:00:00Z,ccre,5,27.791859652777777,temperature
2021-07-22T00:00:00Z,ccre,6,27.448826597222222,temperature
2021-07-22T00:00:00Z,ccre,7,22.599580763888888,temperature
2021-07-22T00:00:00Z,ccre,8,18.92650076388889,temperature
2021-07-22T00:00:00Z,ccre,9,15.744585069444444,temperature
2021-07-22T00:00:00Z,ccre,10,11.567680416666668,temperature
2021-07-22T00:00:00Z,ccre,11,11.125266805555556,temperature
2021-07-22T00:00:00Z,ccre,12,10.70861888888889,temperature
2021-07-22T00:00:00Z,ccre,13,10.54520972222222,temperature
2021-07-23T00:00:00Z,ccre,2,28.13503659722222,temperature
2021-07-23T00:00:00Z,ccre,3,27.92816513888889,temperature
2021-07-23T00:00:00Z,ccre,4,27.84954430555555,temperature
2021-07-23T00:00:00Z,ccre,5,27.712941041666667,temperature
2021-07-23T00:00:00Z,ccre,6,27.302033194444444,temperature
2021-07-23T00:00:00Z,ccre,7,23.648821319444444,temperature
2021-07-23T00:00:00Z,ccre,8,19.005393680555557,temperature
2021-07-23T00:00:00Z,ccre,9,15.382184791666669,temperature
2021-07-23T00:00:00Z,ccre,10,11.673916458333334,temperature
2021-07-23T00:00:00Z,ccre,11,11.188549236111111,temperature
2021-07-23T00:00:00Z,ccre,12,10.72922,temperature
2021-07-23T00:00:00Z,ccre,13,10.563428472222222,temperature
2021-07-24T00:00:00Z,ccre,2,27.973639513888887,temperature
2021-07-24T00:00:00Z,ccre,3,27.874653055555555,temperature
2021-07-24T00:00:00Z,ccre,4,27.793319583333332,temperature
2021-07-24T00:00:00Z,ccre,5,27.667551111111113,temperature
2021-07-24T00:00:00Z,ccre,6,27.31297770833333,temperature
2021-07-24T00:00:00Z,ccre,7,23.277272361111113,temperature
2021-07-24T00:00:00Z,ccre,8,19.145439791666668,temperature
2021-07-24T00:00:00Z,ccre,9,15.744175,temperature
2021-07-24T00:00:00Z,ccre,10,11.574732361111112,temperature
2021-07-24T00:00:00Z,ccre,11,11.139000138888887,temperature
2021-07-24T00:00:00Z,ccre,12,10.724582916666666,temperature
2021-07-24T00:00:00Z,ccre,13,10.580605625,temperature
2021-07-25T00:00:00Z,ccre,2,28.068404583333333,temperature
2021-07-25T00:00:00Z,ccre,3,27.886488055555557,temperature
2021-07-25T00:00:00Z,ccre,4,27.783790555555555,temperature
2021-07-25T00:00:00Z,ccre,5,27.605996875,temperature
2021-07-25T00:00:00Z,ccre,6,27.091759166666662,temperature
2021-07-25T00:00:00Z,ccre,7,24.05973701388889,temperature
2021-07-25T00:00:00Z,ccre,8,19.368352083333335,temperature
2021-07-25T00:00:00Z,ccre,9,15.61915736111111,temperature
2021-07-25T00:00:00Z,ccre,10,11.667855,temperature
2021-07-25T00:00:00Z,ccre,11,11.213450625,temperature
2021-07-25T00:00:00Z,ccre,12,10.755176111111112,temperature
2021-07-25T00:00:00Z,ccre,13,10.610079791666667,temperature
2021-07-26T00:00:00Z,ccre,2,28.179410347222223,temperature
2021-07-26T00:00:00Z,ccre,3,28.119139722222226,temperature
2021-07-26T00:00:00Z,ccre,4,28.037475833333332,temperature
2021-07-26T00:00:00Z,ccre,5,27.85200638888889,temperature
2021-07-26T00:00:00Z,ccre,6,27.607653333333335,temperature
2021-07-26T00:00:00Z,ccre,7,24.402416666666667,temperature
2021-07-26T00:00:00Z,ccre,8,19.262453541666662,temperature
2021-07-26T00:00:00Z,ccre,9,15.854692847222225,temperature
2021-07-26T00:00:00Z,ccre,10,11.671686597222225,temperature
2021-07-26T00:00:00Z,ccre,11,11.191376527777775,temperature
2021-07-26T00:00:00Z,ccre,12,10.760853680555556,temperature
2021-07-26T00:00:00Z,ccre,13,10.616072430555556,temperature
2021-07-27T00:00:00Z,ccre,2,28.61110638888889,temperature
2021-07-27T00:00:00Z,ccre,3,28.464350902777777,temperature
2021-07-27T00:00:00Z,ccre,4,28.37077,temperature
2021-07-27T00:00:00Z,ccre,5,28.154695347222223,temperature
2021-07-27T00:00:00Z,ccre,6,27.88202284722222,temperature
2021-07-27T00:00:00Z,ccre,7,23.687625833333332,temperature
2021-07-27T00:00:00Z,ccre,8,19.504739027777777,temperature
2021-07-27T00:00:00Z,ccre,9,15.893748125,temperature
2021-07-27T00:00:00Z,ccre,10,11.683519722222222,temperature
2021-07-27T00:00:00Z,ccre,11,11.225127083333334,temperature
2021-07-27T00:00:00Z,ccre,12,10.790027222222225,temperature
2021-07-27T00:00:00Z,ccre,13,10.640729305555556,temperature
2021-07-28T00:00:00Z,ccre,2,28.95638513888889,temperature
2021-07-28T00:00:00Z,ccre,3,28.836975,temperature
2021-07-28T00:00:00Z,ccre,4,28.751178055555556,temperature
2021-07-28T00:00:00Z,ccre,5,28.429619513888888,temperature
2021-07-28T00:00:00Z,ccre,6,27.731054166666667,temperature
2021-07-28T00:00:00Z,ccre,7,24.327284444444444,temperature
2021-07-28T00:00:00Z,ccre,8,19.664231875,temperature
2021-07-28T00:00:00Z,ccre,9,15.878201458333333,temperature
2021-07-28T00:00:00Z,ccre,10,11.761845138888887,temperature
2021-07-28T00:00:00Z,ccre,11,11.240364027777778,temperature
2021-07-28T00:00:00Z,ccre,12,10.796525208333334,temperature
2021-07-28T00:00:00Z,ccre,13,10.648510972222224,temperature
2021-07-29T00:00:00Z,ccre,2,29.162326944444445,temperature
2021-07-29T00:00:00Z,ccre,3,28.86517548611111,temperature
2021-07-29T00:00:00Z,ccre,4,28.694329166666662,temperature
2021-07-29T00:00:00Z,ccre,5,28.465219166666667,temperature
2021-07-29T00:00:00Z,ccre,6,27.42687631944445,temperature
2021-07-29T00:00:00Z,ccre,7,24.43119875,temperature
2021-07-29T00:00:00Z,ccre,8,19.655753819444445,temperature
2021-07-29T00:00:00Z,ccre,9,16.20599701388889,temperature
2021-07-29T00:00:00Z,ccre,10,11.665332291666669,temperature
2021-07-29T00:00:00Z,ccre,11,11.22759875,temperature
2021-07-29T00:00:00Z,ccre,12,10.805990902777776,temperature
2021-07-29T00:00:00Z,ccre,13,10.67524,temperature
2021-07-30T00:00:00Z,ccre,2,28.783786666666668,temperature
2021-07-30T00:00:00Z,ccre,3,28.778473958333333,temperature
2021-07-30T00:00:00Z,ccre,4,28.750597638888888,temperature
2021-07-30T00:00:00Z,ccre,5,28.600389791666668,temperature
2021-07-30T00:00:00Z,ccre,6,28.146667847222226,temperature
2021-07-30T00:00:00Z,ccre,7,25.88519486111111,temperature
2021-07-30T00:00:00Z,ccre,8,19.7772875,temperature
2021-07-30T00:00:00Z,ccre,9,15.954164444444444,temperature
2021-07-30T00:00:00Z,ccre,10,11.717924791666666,temperature
2021-07-30T00:00:00Z,ccre,11,11.258557916666666,temperature
2021-07-30T00:00:00Z,ccre,12,10.830595763888889,temperature
2021-07-30T00:00:00Z,ccre,13,10.683593819444445,temperature
2021-07-31T00:00:00Z,ccre,2,28.765307291666662,temperature
2021-07-31T00:00:00Z,ccre,3,28.675826319444443,temperature
2021-07-31T00:00:00Z,ccre,4,28.575905416666668,temperature
2021-07-31T00:00:00Z,ccre,5,28.47901361111111,temperature
2021-07-31T00:00:00Z,ccre,6,28.27734111111111,temperature
2021-07-31T00:00:00Z,ccre,7,24.10985263888889,temperature
2021-07-31T00:00:00Z,ccre,8,20.28228534722222,temperature
2021-07-31T00:00:00Z,ccre,9,16.53839798611111,temperature
2021-07-31T00:00:00Z,ccre,10,11.770552986111111,temperature
2021-07-31T00:00:00Z,ccre,11,11.264924861111112,temperature
2021-07-31T00:00:00Z,ccre,12,10.84161201388889,temperature
2021-07-31T00:00:00Z,ccre,13,10.690333819444444,temperature
2021-08-01T00:00:00Z,ccre,2,28.405981805555555,temperature
2021-08-01T00:00:00Z,ccre,3,28.388845069444443,temperature
2021-08-01T00:00:00Z,ccre,4,28.364164513888888,temperature
2021-08-01T00:00:00Z,ccre,5,28.314961875,temperature
2021-08-01T00:00:00Z,ccre,6,28.077593541666666,temperature
2021-08-01T00:00:00Z,ccre,7,25.59997,temperature
2021-08-01T00:00:00Z,ccre,8,19.792139652777777,temperature
2021-08-01T00:00:00Z,ccre,9,16.26735076388889,temperature
2021-08-01T00:00:00Z,ccre,10,11.916599861111113,temperature
2021-08-01T00:00:00Z,ccre,11,11.352872430555555,temperature
2021-08-01T00:00:00Z,ccre,12,10.868831180555556,temperature
2021-08-01T00:00:00Z,ccre,13,10.716968333333334,temperature
2021-08-02T00:00:00Z,ccre,2,27.902533194444445,temperature
2021-08-02T00:00:00Z,ccre,3,27.86412243055555,temperature
2021-08-02T00:00:00Z,ccre,4,27.819040416666667,temperature
2021-08-02T00:00:00Z,ccre,5,27.7643275,temperature
2021-08-02T00:00:00Z,ccre,6,27.72969888888889,temperature
2021-08-02T00:00:00Z,ccre,7,26.361032847222223,temperature
2021-08-02T00:00:00Z,ccre,8,20.091567569444443,temperature
2021-08-02T00:00:00Z,ccre,9,16.36764951388889,temperature
2021-08-02T00:00:00Z,ccre,10,11.793022013888889,temperature
2021-08-02T00:00:00Z,ccre,11,11.300864097222222,temperature
2021-08-02T00:00:00Z,ccre,12,10.881199166666669,temperature
2021-08-02T00:00:00Z,ccre,13,10.736872708333332,temperature
2021-08-03T00:00:00Z,ccre,2,27.71020875,temperature
2021-08-03T00:00:00Z,ccre,3,27.669727083333335,temperature
2021-08-03T00:00:00Z,ccre,4,27.631112152777774,temperature
2021-08-03T00:00:00Z,ccre,5,27.56034451388889,temperature
2021-08-03T00:00:00Z,ccre,6,27.48180243055555,temperature
2021-08-03T00:00:00Z,ccre,7,24.896366875,temperature
2021-08-03T00:00:00Z,ccre,8,20.373819861111112,temperature
2021-08-03T00:00:00Z,ccre,9,16.426570208333334,temperature
2021-08-03T00:00:00Z,ccre,10,11.853991527777778,temperature
2021-08-03T00:00:00Z,ccre,11,11.366764861111111,temperature
2021-08-03T00:00:00Z,ccre,12,10.904915208333334,temperature
2021-08-03T00:00:00Z,ccre,13,10.737586041666669,temperature
2021-08-04T00:00:00Z,ccre,2,27.363180069444443,temperature
2021-08-04T00:00:00Z,ccre,3,27.35212701388889,temperature
2021-08-04T00:00:00Z,ccre,4,27.303849652777775,temperature
2021-08-04T00:00:00Z,ccre,5,27.22695965277778,temperature
2021-08-04T00:00:00Z,ccre,6,27.180145416666665,temperature
2021-08-04T00:00:00Z,ccre,7,26.403333819444445,temperature
2021-08-04T00:00:00Z,ccre,8,20.48985173611111,temperature
2021-08-04T00:00:00Z,ccre,9,16.44328875,temperature
2021-08-04T00:00:00Z,ccre,10,11.959345277777778,temperature
2021-08-04T00:00:00Z,ccre,11,11.374950069444443,temperature
2021-08-04T00:00:00Z,ccre,12,10.908260625,temperature
2021-08-04T00:00:00Z,ccre,13,10.77681472222222,temperature
2021-08-05T00:00:00Z,ccre,2,27.166986527777777,temperature
2021-08-05T00:00:00Z,ccre,3,27.110668819444445,temperature
2021-08-05T00:00:00Z,ccre,4,27.049786944444445,temperature
2021-08-05T00:00:00Z,ccre,5,26.965316805555556,temperature
2021-08-05T00:00:00Z,ccre,6,26.90860340277778,temperature
2021-08-05T00:00:00Z,ccre,7,25.943390277777777,temperature
2021-08-05T00:00:00Z,ccre,8,20.51576236111111,temperature
2021-08-05T00:00:00Z,ccre,9,16.900342777777777,temperature
2021-08-05T00:00:00Z,ccre,10,11.906173472222225,temperature
2021-08-05T00:00:00Z,ccre,11,11.355650972222222,temperature
2021-08-05T00:00:00Z,ccre,12,10.922808611111112,temperature
2021-08-05T00:00:00Z,ccre,13,10.78486951388889,temperature
2021-08-06T00:00:00Z,ccre,2,27.22287659722222,temperature
2021-08-06T00:00:00Z,ccre,3,27.06054625,temperature
2021-08-06T00:00:00Z,ccre,4,26.988649444444444,temperature
2021-08-06T00:00:00Z,ccre,5,26.86226604166667,temperature
2021-08-06T00:00:00Z,ccre,6,26.765745902777777,temperature
2021-08-06T00:00:00Z,ccre,7,26.00449659722222,temperature
2021-08-06T00:00:00Z,ccre,8,20.684309722222224,temperature
2021-08-06T00:00:00Z,ccre,9,16.63820451388889,temperature
2021-08-06T00:00:00Z,ccre,10,12.025272916666667,temperature
2021-08-06T00:00:00Z,ccre,11,11.450095208333334,temperature
2021-08-06T00:00:00Z,ccre,12,10.95124388888889,temperature
2021-08-06T00:00:00Z,ccre,13,10.793014652777778,temperature
2021-08-07T00:00:00Z,ccre,2,26.98768951388889,temperature
2021-08-07T00:00:00Z,ccre,3,26.97797131944445,temperature
2021-08-07T00:00:00Z,ccre,4,26.925517638888888,temperature
2021-08-07T00:00:00Z,ccre,5,26.832607291666665,temperature
2021-08-07T00:00:00Z,ccre,6,26.771374652777777,temperature
2021-08-07T00:00:00Z,ccre,7,26.24195465277778,temperature
2021-08-07T00:00:00Z,ccre,8,20.76280361111111,temperature
2021-08-07T00:00:00Z,ccre,9,16.811896805555556,temperature
2021-08-07T00:00:00Z,ccre,10,11.93350875,temperature
2021-08-07T00:00:00Z,ccre,11,11.388458125,temperature
2021-08-07T00:00:00Z,ccre,12,10.954002291666669,temperature
2021-08-07T00:00:00Z,ccre,13,10.80323638888889,temperature
2021-08-08T00:00:00Z,ccre,2,27.34171736111111,temperature
2021-08-08T00:00:00Z,ccre,3,27.13931423611111,temperature
2021-08-08T00:00:00Z,ccre,4,27.02764826388889,temperature
2021-08-08T00:00:00Z,ccre,5,26.86353763888889,temperature
2021-08-08T00:00:00Z,ccre,6,26.707507222222223,temperature
2021-08-08T00:00:00Z,ccre,7,26.40937277777778,temperature
2021-08-08T00:00:00Z,ccre,8,21.28376555555555,temperature
2021-08-08T00:00:00Z,ccre,9,17.247043680555556,temperature
2021-08-08T00:00:00Z,ccre,10,12.125497430555557,temperature
2021-08-08T00:00:00Z,ccre,11,11.470678958333334,temperature
2021-08-08T00:00:00Z,ccre,12,10.985794861111112,temperature
2021-08-08T00:00:00Z,ccre,13,10.825498611111112,temperature
2021-08-09T00:00:00Z,ccre,2,27.63984125,temperature
2021-08-09T00:00:00Z,ccre,3,27.326168194444445,temperature
2021-08-09T00:00:00Z,ccre,4,27.122561597222223,temperature
2021-08-09T00:00:00Z,ccre,5,26.938557777777778,temperature
2021-08-09T00:00:00Z,ccre,6,26.74397972222222,temperature
2021-08-09T00:00:00Z,ccre,7,25.719306111111113,temperature
2021-08-09T00:00:00Z,ccre,8,20.60421826388889,temperature
2021-08-09T00:00:00Z,ccre,9,16.98428965277778,temperature
2021-08-09T00:00:00Z,ccre,10,12.182830138888889,temperature
2021-08-09T00:00:00Z,ccre,11,11.490627569444444,temperature
2021-08-09T00:00:00Z,ccre,12,11.001299305555555,temperature
2021-08-09T00:00:00Z,ccre,13,10.834578888888888,temperature
2021-08-10T00:00:00Z,ccre,2,27.403085,temperature
2021-08-10T00:00:00Z,ccre,3,27.36675715277778,temperature
2021-08-10T00:00:00Z,ccre,4,27.23853659722222,temperature
2021-08-10T00:00:00Z,ccre,5,26.825005277777777,temperature
2021-08-10T00:00:00Z,ccre,6,26.63945881944445,temperature
2021-08-10T00:00:00Z,ccre,7,25.9805825,temperature
2021-08-10T00:00:00Z,ccre,8,21.583298125,temperature
2021-08-10T00:00:00Z,ccre,9,17.156401250000002,temperature
2021-08-10T00:00:00Z,ccre,10,12.207602430555555,temperature
2021-08-10T00:00:00Z,ccre,11,11.505964722222222,temperature
2021-08-10T00:00:00Z,ccre,12,11.0084975,temperature
2021-08-10T00:00:00Z,ccre,13,10.86067625,temperature
2021-08-11T00:00:00Z,ccre,2,27.47475625,temperature
2021-08-11T00:00:00Z,ccre,3,27.443321041666668,temperature
2021-08-11T00:00:00Z,ccre,4,27.351733819444444,temperature
2021-08-11T00:00:00Z,ccre,5,27.098035,temperature
2021-08-11T00:00:00Z,ccre,6,26.889205625,temperature
2021-08-11T00:00:00Z,ccre,7,26.135405902777777,temperature
2021-08-11T00:00:00Z,ccre,8,21.344856944444444,temperature
2021-08-11T00:00:00Z,ccre,9,17.341695138888888,temperature
2021-08-11T00:00:00Z,ccre,10,12.144216597222222,temperature
2021-08-11T00:00:00Z,ccre,11,11.500275763888888,temperature
2021-08-11T00:00:00Z,ccre,12,11.034947361111112,temperature
2021-08-11T00:00:00Z,ccre,13,10.858436597222225,temperature
2021-08-12T00:00:00Z,ccre,2,27.566673680555557,temperature
2021-08-12T00:00:00Z,ccre,3,27.370876666666668,temperature
2021-08-12T00:00:00Z,ccre,4,27.21320097222222,temperature
2021-08-12T00:00:00Z,ccre,5,27.07059027777778,temperature
2021-08-12T00:00:00Z,ccre,6,26.92952576388889,temperature
2021-08-12T00:00:00Z,ccre,7,25.56034194444445,temperature
2021-08-12T00:00:00Z,ccre,8,21.420112638888888,temperature
2021-08-12T00:00:00Z,ccre,9,17.50581791666667,temperature
2021-08-12T00:00:00Z,ccre,10,12.255386180555556,temperature
2021-08-12T00:00:00Z,ccre,11,11.556348541666669,temperature
2021-08-12T00:00:00Z,ccre,12,11.042480069444444,temperature
2021-08-12T00:00:00Z,ccre,13,10.901145416666669,temperature
2021-08-13T00:00:00Z,ccre,2,27.46034513888889,temperature
2021-08-13T00:00:00Z,ccre,3,27.385807222222223,temperature
2021-08-13T00:00:00Z,ccre,4,27.33066965277778,temperature
2021-08-13T00:00:00Z,ccre,5,27.219559097222223,temperature
2021-08-13T00:00:00Z,ccre,6,27.102770555555555,temperature
2021-08-13T00:00:00Z,ccre,7,26.26581527777778,temperature
2021-08-13T00:00:00Z,ccre,8,21.818400625,temperature
2021-08-13T00:00:00Z,ccre,9,17.422105277777778,temperature
2021-08-13T00:00:00Z,ccre,10,12.339668611111112,temperature
2021-08-13T00:00:00Z,ccre,11,11.576396180555555,temperature
2021-08-13T00:00:00Z,ccre,12,11.057339791666667,temperature
2021-08-13T00:00:00Z,ccre,13,10.901386944444443,temperature
2021-08-14T00:00:00Z,ccre,2,27.71797638888889,temperature
2021-08-14T00:00:00Z,ccre,3,27.742029652777777,temperature
2021-08-14T00:00:00Z,ccre,4,27.711614027777777,temperature
2021-08-14T00:00:00Z,ccre,5,27.617409583333338,temperature
2021-08-14T00:00:00Z,ccre,6,27.46257222222222,temperature
2021-08-14T00:00:00Z,ccre,7,26.614808333333333,temperature
2021-08-14T00:00:00Z,ccre,8,21.55600548611111,temperature
2021-08-14T00:00:00Z,ccre,9,17.529844861111112,temperature
2021-08-14T00:00:00Z,ccre,10,12.195770625,temperature
2021-08-14T00:00:00Z,ccre,11,11.553628958333334,temperature
2021-08-14T00:00:00Z,ccre,12,11.07152236111111,temperature
2021-08-14T00:00:00Z,ccre,13,10.911524861111111,temperature
2021-08-15T00:00:00Z,ccre,2,27.837925972222223,temperature
2021-08-15T00:00:00Z,ccre,3,27.823449027777777,temperature
2021-08-15T00:00:00Z,ccre,4,27.79200965277778,temperature
2021-08-15T00:00:00Z,ccre,5,27.70863048611111,temperature
2021-08-15T00:00:00Z,ccre,6,27.51359340277778,temperature
2021-08-15T00:00:00Z,ccre,7,25.525045972222223,temperature
2021-08-15T00:00:00Z,ccre,8,21.945189513888888,temperature
2021-08-15T00:00:00Z,ccre,9,17.837199305555554,temperature
2021-08-15T00:00:00Z,ccre,10,12.365022708333331,temperature
2021-08-15T00:00:00Z,ccre,11,11.619294722222222,temperature
2021-08-15T00:00:00Z,ccre,12,11.09129326388889,temperature
2021-08-15T00:00:00Z,ccre,13,10.950709791666666,temperature
2021-08-16T00:00:00Z,ccre,2,27.465722430555555,temperature
2021-08-16T00:00:00Z,ccre,3,27.430286041666665,temperature
2021-08-16T00:00:00Z,ccre,4,27.38583743055555,temperature
2021-08-16T00:00:00Z,ccre,5,27.268495138888888,temperature
2021-08-16T00:00:00Z,ccre,6,26.74046152777778,temperature
2021-08-16T00:00:00Z,ccre,7,25.756145347222223,temperature
2021-08-16T00:00:00Z,ccre,8,21.82117291666667,temperature
2021-08-16T00:00:00Z,ccre,9,17.925422152777777,temperature
2021-08-16T00:00:00Z,ccre,10,12.505936527777775,temperature
2021-08-16T00:00:00Z,ccre,11,11.661464375,temperature
2021-08-16T00:00:00Z,ccre,12,11.111117916666666,temperature
2021-08-16T00:00:00Z,ccre,13,10.963065277777778,temperature
2021-08-17T00:00:00Z,ccre,2,27.10498548611111,temperature
2021-08-17T00:00:00Z,ccre,3,27.10979243055555,temperature
2021-08-17T00:00:00Z,ccre,4,27.109801527777776,temperature
2021-08-17T00:00:00Z,ccre,5,27.05328861111111,temperature
2021-08-17T00:00:00Z,ccre,6,26.93231298611111,temperature
2021-08-17T00:00:00Z,ccre,7,26.00984201388889,temperature
2021-08-17T00:00:00Z,ccre,8,21.95354215277778,temperature
2021-08-17T00:00:00Z,ccre,9,17.788339722222222,temperature
2021-08-17T00:00:00Z,ccre,10,12.406107083333334,temperature
2021-08-17T00:00:00Z,ccre,11,11.65494125,temperature
2021-08-17T00:00:00Z,ccre,12,11.127528194444444,temperature
2021-08-17T00:00:00Z,ccre,13,10.97462125,temperature
2021-08-18T00:00:00Z,ccre,2,27.200440555555556,temperature
2021-08-18T00:00:00Z,ccre,3,27.12663152777778,temperature
2021-08-18T00:00:00Z,ccre,4,27.0194625,temperature
2021-08-18T00:00:00Z,ccre,5,26.777410486111112,temperature
2021-08-18T00:00:00Z,ccre,6,26.25714243055555,temperature
2021-08-18T00:00:00Z,ccre,7,24.65282152777778,temperature
2021-08-18T00:00:00Z,ccre,8,22.438703055555557,temperature
2021-08-18T00:00:00Z,ccre,9,18.10266298611111,temperature
2021-08-18T00:00:00Z,ccre,10,12.389679930555555,temperature
2021-08-18T00:00:00Z,ccre,11,11.631715416666667,temperature
2021-08-18T00:00:00Z,ccre,12,11.134066666666667,temperature
2021-08-18T00:00:00Z,ccre,13,10.9780375,temperature
2021-08-19T00:00:00Z,ccre,2,27.1875825,temperature
2021-08-19T00:00:00Z,ccre,3,27.096191458333333,temperature
2021-08-19T00:00:00Z,ccre,4,27.040011805555555,temperature
2021-08-19T00:00:00Z,ccre,5,26.87330326388889,temperature
2021-08-19T00:00:00Z,ccre,6,26.662646388888888,temperature
2021-08-19T00:00:00Z,ccre,7,26.35972,temperature
2021-08-19T00:00:00Z,ccre,8,22.464206041666667,temperature
2021-08-19T00:00:00Z,ccre,9,17.823539027777777,temperature
2021-08-19T00:00:00Z,ccre,10,12.657235555555555,temperature
2021-08-19T00:00:00Z,ccre,11,11.762852708333334,temperature
2021-08-19T00:00:00Z,ccre,12,11.16044861111111,temperature
2021-08-19T00:00:00Z,ccre,13,11.006463819444445,temperature
2021-08-20T00:00:00Z,ccre,2,27.43658590277778,temperature
2021-08-20T00:00:00Z,ccre,3,27.42760159722222,temperature
2021-08-20T00:00:00Z,ccre,4,27.380700069444444,temperature
2021-08-20T00:00:00Z,ccre,5,27.29192638888889,temperature
2021-08-20T00:00:00Z,ccre,6,27.102975555555556,temperature
2021-08-20T00:00:00Z,ccre,7,26.621697083333338,temperature
2021-08-20T00:00:00Z,ccre,8,22.396364652777777,temperature
2021-08-20T00:00:00Z,ccre,9,18.33446590277778,temperature
2021-08-20T00:00:00Z,ccre,10,12.32301111111111,temperature
2021-08-20T00:00:00Z,ccre,11,11.639465833333333,temperature
2021-08-20T00:00:00Z,ccre,12,11.16257875,temperature
2021-08-20T00:00:00Z,ccre,13,11.031743125,temperature
2021-08-21T00:00:00Z,ccre,2,27.72017784722222,temperature
2021-08-21T00:00:00Z,ccre,3,27.59430090277778,temperature
2021-08-21T00:00:00Z,ccre,4,27.47839972222222,temperature
2021-08-21T00:00:00Z,ccre,5,27.21644263888889,temperature
2021-08-21T00:00:00Z,ccre,6,27.106620694444445,temperature
2021-08-21T00:00:00Z,ccre,7,26.42899694444445,temperature
2021-08-21T00:00:00Z,ccre,8,22.32020701388889,temperature
2021-08-21T00:00:00Z,ccre,9,18.13613486111111,temperature
2021-08-21T00:00:00Z,ccre,10,12.732808125,temperature
2021-08-21T00:00:00Z,ccre,11,11.788727222222224,temperature
2021-08-21T00:00:00Z,ccre,12,11.19619798611111,temperature
2021-08-21T00:00:00Z,ccre,13,11.044806041666666,temperature
2021-08-22T00:00:00Z,ccre,2,27.938021180555555,temperature
2021-08-22T00:00:00Z,ccre,3,27.866369097222226,temperature
2021-08-22T00:00:00Z,ccre,4,27.65486111111111,temperature
2021-08-22T00:00:00Z,ccre,5,27.462348194444445,temperature
2021-08-22T00:00:00Z,ccre,6,27.038530277777777,temperature
2021-08-22T00:00:00Z,ccre,7,25.90371361111111,temperature
2021-08-22T00:00:00Z,ccre,8,22.692485625,temperature
2021-08-22T00:00:00Z,ccre,9,18.226322638888888,temperature
2021-08-22T00:00:00Z,ccre,10,12.564580277777775,temperature
2021-08-22T00:00:00Z,ccre,11,11.735300277777778,temperature
2021-08-22T00:00:00Z,ccre,12,11.204554652777778,temperature
2021-08-22T00:00:00Z,ccre,13,11.057046041666666,temperature
2021-08-23T00:00:00Z,ccre,2,28.317470555555555,temperature
2021-08-23T00:00:00Z,ccre,3,28.162052430555555,temperature
2021-08-23T00:00:00Z,ccre,4,28.002927708333335,temperature
2021-08-23T00:00:00Z,ccre,5,27.704973125,temperature
2021-08-23T00:00:00Z,ccre,6,26.868594166666668,temperature
2021-08-23T00:00:00Z,ccre,7,25.901752777777777,temperature
2021-08-23T00:00:00Z,ccre,8,22.689497083333332,temperature
2021-08-23T00:00:00Z,ccre,9,18.416640625,temperature
2021-08-23T00:00:00Z,ccre,10,12.671121805555556,temperature
2021-08-23T00:00:00Z,ccre,11,11.780531388888887,temperature
2021-08-23T00:00:00Z,ccre,12,11.220336736111111,temperature
2021-08-23T00:00:00Z,ccre,13,11.068375277777776,temperature
2021-08-24T00:00:00Z,ccre,2,28.868584791666667,temperature
2021-08-24T00:00:00Z,ccre,3,28.433784305555555,temperature
2021-08-24T00:00:00Z,ccre,4,28.12224284722222,temperature
2021-08-24T00:00:00Z,ccre,5,27.45175097222222,temperature
2021-08-24T00:00:00Z,ccre,6,26.915694513888887,temperature
2021-08-24T00:00:00Z,ccre,7,26.078435,temperature
2021-08-24T00:00:00Z,ccre,8,22.783239722222223,temperature
2021-08-24T00:00:00Z,ccre,9,18.44100277777778,temperature
2021-08-24T00:00:00Z,ccre,10,12.624716805555556,temperature
2021-08-24T00:00:00Z,ccre,11,11.788227777777776,temperature
2021-08-24T00:00:00Z,ccre,12,11.242833194444444,temperature
2021-08-24T00:00:00Z,ccre,13,11.087090416666667,temperature
2021-08-25T00:00:00Z,ccre,2,29.104492152777777,temperature
2021-08-25T00:00:00Z,ccre,3,28.68766847222222,temperature
2021-08-25T00:00:00Z,ccre,4,28.331254166666668,temperature
2021-08-25T00:00:00Z,ccre,5,27.748194791666663,temperature
2021-08-25T00:00:00Z,ccre,6,27.24711013888889,temperature
2021-08-25T00:00:00Z,ccre,7,26.252506597222222,temperature
2021-08-25T00:00:00Z,ccre,8,22.659809513888888,temperature
2021-08-25T00:00:00Z,ccre,9,18.755459444444444,temperature
2021-08-25T00:00:00Z,ccre,10,12.796923958333334,temperature
2021-08-25T00:00:00Z,ccre,11,11.840576875,temperature
2021-08-25T00:00:00Z,ccre,12,11.261573680555555,temperature
2021-08-25T00:00:00Z,ccre,13,11.091502013888888,temperature
2021-08-26T00:00:00Z,ccre,2,28.916721180555555,temperature
2021-08-26T00:00:00Z,ccre,3,28.692816180555557,temperature
2021-08-26T00:00:00Z,ccre,4,28.443225138888888,temperature
2021-08-26T00:00:00Z,ccre,5,28.15756354166667,temperature
2021-08-26T00:00:00Z,ccre,6,27.529552777777777,temperature
2021-08-26T00:00:00Z,ccre,7,26.08076375,temperature
2021-08-26T00:00:00Z,ccre,8,22.746756319444444,temperature
2021-08-26T00:00:00Z,ccre,9,18.750220625,temperature
2021-08-26T00:00:00Z,ccre,10,12.865102152777778,temperature
2021-08-26T00:00:00Z,ccre,11,11.873017152777775,temperature
2021-08-26T00:00:00Z,ccre,12,11.272211597222222,temperature
2021-08-26T00:00:00Z,ccre,13,11.108276527777775,temperature
2021-08-27T00:00:00Z,ccre,2,28.856400833333332,temperature
2021-08-27T00:00:00Z,ccre,3,28.56036784722222,temperature
2021-08-27T00:00:00Z,ccre,4,28.338451805555557,temperature
2021-08-27T00:00:00Z,ccre,5,28.020137777777776,temperature
2021-08-27T00:00:00Z,ccre,6,27.771267152777774,temperature
2021-08-27T00:00:00Z,ccre,7,26.140683819444444,temperature
2021-08-27T00:00:00Z,ccre,8,22.983842569444445,temperature
2021-08-27T00:00:00Z,ccre,9,18.755588055555556,temperature
2021-08-27T00:00:00Z,ccre,10,12.898402291666669,temperature
2021-08-27T00:00:00Z,ccre,11,11.901203958333332,temperature
2021-08-27T00:00:00Z,ccre,12,11.291851805555556,temperature
2021-08-27T00:00:00Z,ccre,13,11.139984513888889,temperature
2021-08-28T00:00:00Z,ccre,2,29.41942875,temperature
2021-08-28T00:00:00Z,ccre,3,28.835353194444444,temperature
2021-08-28T00:00:00Z,ccre,4,28.432282083333337,temperature
2021-08-28T00:00:00Z,ccre,5,28.16858048611111,temperature
2021-08-28T00:00:00Z,ccre,6,27.92473777777778,temperature
2021-08-28T00:00:00Z,ccre,7,26.276803402777777,temperature
2021-08-28T00:00:00Z,ccre,8,22.878775,temperature
2021-08-28T00:00:00Z,ccre,9,18.93340375,temperature
2021-08-28T00:00:00Z,ccre,10,12.821119097222224,temperature
2021-08-28T00:00:00Z,ccre,11,11.879345208333334,temperature
2021-08-28T00:00:00Z,ccre,12,11.307077152777778,temperature
2021-08-28T00:00:00Z,ccre,13,11.155173680555556,temperature
2021-08-29T00:00:00Z,ccre,2,29.174814861111113,temperature
2021-08-29T00:00:00Z,ccre,3,29.05779513888889,temperature
2021-08-29T00:00:00Z,ccre,4,28.873108541666667,temperature
2021-08-29T00:00:00Z,ccre,5,28.58349958333333,temperature
2021-08-29T00:00:00Z,ccre,6,28.06952659722222,temperature
2021-08-29T00:00:00Z,ccre,7,26.20055875,temperature
2021-08-29T00:00:00Z,ccre,8,23.12123076388889,temperature
2021-08-29T00:00:00Z,ccre,9,19.022783472222223,temperature
2021-08-29T00:00:00Z,ccre,10,12.945529444444444,temperature
2021-08-29T00:00:00Z,ccre,11,11.911231388888888,temperature
2021-08-29T00:00:00Z,ccre,12,11.32442284722222,temperature
2021-08-29T00:00:00Z,ccre,13,11.156508819444444,temperature
2021-08-30T00:00:00Z,ccre,2,29.218394583333332,temperature
2021-08-30T00:00:00Z,ccre,3,29.103033680555555,temperature
2021-08-30T00:00:00Z,ccre,4,28.883559930555556,temperature
2021-08-30T00:00:00Z,ccre,5,28.69803465277778,temperature
2021-08-30T00:00:00Z,ccre,6,28.186838333333338,temperature
2021-08-30T00:00:00Z,ccre,7,26.459407777777777,temperature
2021-08-30T00:00:00Z,ccre,8,23.028613819444445,temperature
2021-08-30T00:00:00Z,ccre,9,18.994085069444445,temperature
2021-08-30T00:00:00Z,ccre,10,13.005962152777778,temperature
2021-08-30T00:00:00Z,ccre,11,11.939214375,temperature
2021-08-30T00:00:00Z,ccre,12,11.340718819444444,temperature
2021-08-30T00:00:00Z,ccre,13,11.186700208333331,temperature
2021-08-31T00:00:00Z,ccre,2,28.550422083333338,temperature
2021-08-31T00:00:00Z,ccre,3,28.576892430555557,temperature
2021-08-31T00:00:00Z,ccre,4,28.53225625,temperature
2021-08-31T00:00:00Z,ccre,5,28.44663277777778,temperature
2021-08-31T00:00:00Z,ccre,6,28.329799583333333,temperature
2021-08-31T00:00:00Z,ccre,7,26.48834847222222,temperature
2021-08-31T00:00:00Z,ccre,8,23.13970173611111,temperature
2021-08-31T00:00:00Z,ccre,9,19.10802881944445,temperature
2021-08-31T00:00:00Z,ccre,10,12.964448125,temperature
2021-08-31T00:00:00Z,ccre,11,11.95462548611111,temperature
2021-08-31T00:00:00Z,ccre,12,11.35687763888889,temperature
2021-08-31T00:00:00Z,ccre,13,11.202033402777776,temperature
2021-09-01T00:00:00Z,ccre,2,27.915998125,temperature
2021-09-01T00:00:00Z,ccre,3,27.951537083333335,temperature
2021-09-01T00:00:00Z,ccre,4,27.941120138888888,temperature
2021-09-01T00:00:00Z,ccre,5,27.8788525,temperature
2021-09-01T00:00:00Z,ccre,6,27.340633055555557,temperature
2021-09-01T00:00:00Z,ccre,7,26.015695,temperature
2021-09-01T00:00:00Z,ccre,8,23.437262083333337,temperature
2021-09-01T00:00:00Z,ccre,9,19.646018819444443,temperature
2021-09-01T00:00:00Z,ccre,10,13.008936944444445,temperature
2021-09-01T00:00:00Z,ccre,11,11.949668541666666,temperature
2021-09-01T00:00:00Z,ccre,12,11.367307430555556,temperature
2021-09-01T00:00:00Z,ccre,13,11.211183055555557,temperature
2021-09-02T00:00:00Z,ccre,2,27.0580625,temperature
2021-09-02T00:00:00Z,ccre,3,27.106896875,temperature
2021-09-02T00:00:00Z,ccre,4,27.087319444444443,temperature
2021-09-02T00:00:00Z,ccre,5,27.019739444444443,temperature
2021-09-02T00:00:00Z,ccre,6,26.99188236111111,temperature
2021-09-02T00:00:00Z,ccre,7,26.951187013888887,temperature
2021-09-02T00:00:00Z,ccre,8,24.806611805555555,temperature
2021-09-02T00:00:00Z,ccre,9,18.70874729166667,temperature
2021-09-02T00:00:00Z,ccre,10,13.282846527777778,temperature
2021-09-02T00:00:00Z,ccre,11,12.112421180555556,temperature
2021-09-02T00:00:00Z,ccre,12,11.389672847222222,temperature
2021-09-02T00:00:00Z,ccre,13,11.227005625,temperature
2021-09-03T00:00:00Z,ccre,2,26.901028055555557,temperature
2021-09-03T00:00:00Z,ccre,3,26.793977916666663,temperature
2021-09-03T00:00:00Z,ccre,4,26.670437708333335,temperature
2021-09-03T00:00:00Z,ccre,5,26.560061944444445,temperature
2021-09-03T00:00:00Z,ccre,6,26.442205138888887,temperature
2021-09-03T00:00:00Z,ccre,7,26.27735611111111,temperature
2021-09-03T00:00:00Z,ccre,8,22.587615625,temperature
2021-09-03T00:00:00Z,ccre,9,19.64454625,temperature
2021-09-03T00:00:00Z,ccre,10,13.072238333333331,temperature
2021-09-03T00:00:00Z,ccre,11,12.051019166666666,temperature
2021-09-03T00:00:00Z,ccre,12,11.409498611111111,temperature
2021-09-03T00:00:00Z,ccre,13,11.24987013888889,temperature
2021-09-04T00:00:00Z,ccre,2,26.47246722222222,temperature
2021-09-04T00:00:00Z,ccre,3,26.434716458333337,temperature
2021-09-04T00:00:00Z,ccre,4,26.34924743055555,temperature
2021-09-04T00:00:00Z,ccre,5,26.22111576388889,temperature
2021-09-04T00:00:00Z,ccre,6,26.109407916666665,temperature
2021-09-04T00:00:00Z,ccre,7,25.754835347222222,temperature
2021-09-04T00:00:00Z,ccre,8,22.892736527777775,temperature
2021-09-04T00:00:00Z,ccre,9,19.398549791666667,temperature
2021-09-04T00:00:00Z,ccre,10,13.279394375,temperature
2021-09-04T00:00:00Z,ccre,11,12.058366875,temperature
2021-09-04T00:00:00Z,ccre,12,11.428002361111112,temperature
2021-09-04T00:00:00Z,ccre,13,11.26678652777778,temperature
2021-09-05T00:00:00Z,ccre,2,26.340481805555555,temperature
2021-09-05T00:00:00Z,ccre,3,26.296999375,temperature
2021-09-05T00:00:00Z,ccre,4,26.138934930555557,temperature
2021-09-05T00:00:00Z,ccre,5,25.992111597222223,temperature
2021-09-05T00:00:00Z,ccre,6,25.83465013888889,temperature
2021-09-05T00:00:00Z,ccre,7,25.411373680555556,temperature
2021-09-05T00:00:00Z,ccre,8,23.169010555555555,temperature
2021-09-05T00:00:00Z,ccre,9,19.530819930555555,temperature
2021-09-05T00:00:00Z,ccre,10,13.258310347222222,temperature
2021-09-05T00:00:00Z,ccre,11,12.081848541666666,temperature
2021-09-05T00:00:00Z,ccre,12,11.443854236111113,temperature
2021-09-05T00:00:00Z,ccre,13,11.289789791666667,temperature
2021-09-06T00:00:00Z,ccre,2,26.338793402777775,temperature
2021-09-06T00:00:00Z,ccre,3,26.371253888888887,temperature
2021-09-06T00:00:00Z,ccre,4,26.330924583333335,temperature
2021-09-06T00:00:00Z,ccre,5,26.11191388888889,temperature
2021-09-06T00:00:00Z,ccre,6,26.008697916666662,temperature
2021-09-06T00:00:00Z,ccre,7,25.930940833333334,temperature
2021-09-06T00:00:00Z,ccre,8,24.03532611111111,temperature
2021-09-06T00:00:00Z,ccre,9,19.40011513888889,temperature
2021-09-06T00:00:00Z,ccre,10,13.193150833333334,temperature
2021-09-06T00:00:00Z,ccre,11,12.12422472222222,temperature
2021-09-06T00:00:00Z,ccre,12,11.464994236111112,temperature
2021-09-06T00:00:00Z,ccre,13,11.296689166666669,temperature
2021-09-07T00:00:00Z,ccre,2,26.512136805555556,temperature
2021-09-07T00:00:00Z,ccre,3,26.337221666666668,temperature
2021-09-07T00:00:00Z,ccre,4,26.19166138888889,temperature
2021-09-07T00:00:00Z,ccre,5,26.092277916666667,temperature
2021-09-07T00:00:00Z,ccre,6,25.95616375,temperature
2021-09-07T00:00:00Z,ccre,7,25.710213680555555,temperature
2021-09-07T00:00:00Z,ccre,8,22.811903402777777,temperature
2021-09-07T00:00:00Z,ccre,9,19.872593541666667,temperature
2021-09-07T00:00:00Z,ccre,10,13.315071736111111,temperature
2021-09-07T00:00:00Z,ccre,11,12.12480152777778,temperature
2021-09-07T00:00:00Z,ccre,12,11.471523680555556,temperature
2021-09-07T00:00:00Z,ccre,13,11.311550625,temperature
2021-09-08T00:00:00Z,ccre,2,26.239080138888887,temperature
2021-09-08T00:00:00Z,ccre,3,26.137045416666663,temperature
2021-09-08T00:00:00Z,ccre,4,25.953196527777777,temperature
2021-09-08T00:00:00Z,ccre,5,25.82763826388889,temperature
2021-09-08T00:00:00Z,ccre,6,25.701489652777777,temperature
2021-09-08T00:00:00Z,ccre,7,25.26533131944445,temperature
2021-09-08T00:00:00Z,ccre,8,23.48356861111111,temperature
2021-09-08T00:00:00Z,ccre,9,19.506939513888888,temperature
2021-09-08T00:00:00Z,ccre,10,13.537244027777778,temperature
2021-09-08T00:00:00Z,ccre,11,12.232945694444444,temperature
2021-09-08T00:00:00Z,ccre,12,11.501556458333331,temperature
2021-09-08T00:00:00Z,ccre,13,11.331098263888888,temperature
2021-09-09T00:00:00Z,ccre,2,25.76285118055555,temperature
2021-09-09T00:00:00Z,ccre,3,25.77425361111111,temperature
2021-09-09T00:00:00Z,ccre,4,25.744881111111113,temperature
2021-09-09T00:00:00Z,ccre,5,25.694018055555556,temperature
2021-09-09T00:00:00Z,ccre,6,25.616989375,temperature
2021-09-09T00:00:00Z,ccre,7,25.54356951388889,temperature
2021-09-09T00:00:00Z,ccre,8,25.14599326388889,temperature
2021-09-09T00:00:00Z,ccre,9,19.85223236111111,temperature
2021-09-09T00:00:00Z,ccre,10,13.473853958333333,temperature
2021-09-09T00:00:00Z,ccre,11,12.172866597222225,temperature
2021-09-09T00:00:00Z,ccre,12,11.50183548611111,temperature
2021-09-09T00:00:00Z,ccre,13,11.343817777777778,temperature
2021-09-10T00:00:00Z,ccre,2,25.47869118055555,temperature
2021-09-10T00:00:00Z,ccre,3,25.541414375,temperature
2021-09-10T00:00:00Z,ccre,4,25.51519763888889,temperature
2021-09-10T00:00:00Z,ccre,5,25.47207034722222,temperature
2021-09-10T00:00:00Z,ccre,6,25.355358333333335,temperature
2021-09-10T00:00:00Z,ccre,7,25.28707902777778,temperature
2021-09-10T00:00:00Z,ccre,8,25.181892430555557,temperature
2021-09-10T00:00:00Z,ccre,9,19.855510902777777,temperature
2021-09-10T00:00:00Z,ccre,10,13.303024027777775,temperature
2021-09-10T00:00:00Z,ccre,11,12.12720840277778,temperature
2021-09-10T00:00:00Z,ccre,12,11.528139027777778,temperature
2021-09-10T00:00:00Z,ccre,13,11.357524791666666,temperature
2021-09-11T00:00:00Z,ccre,2,25.375200833333334,temperature
2021-09-11T00:00:00Z,ccre,3,25.363411666666668,temperature
2021-09-11T00:00:00Z,ccre,4,25.213812569444443,temperature
2021-09-11T00:00:00Z,ccre,5,25.076411458333332,temperature
2021-09-11T00:00:00Z,ccre,6,25.025429930555557,temperature
2021-09-11T00:00:00Z,ccre,7,24.935434861111112,temperature
2021-09-11T00:00:00Z,ccre,8,23.997250833333332,temperature
2021-09-11T00:00:00Z,ccre,9,19.852831597222224,temperature
2021-09-11T00:00:00Z,ccre,10,13.692302916666666,temperature
2021-09-11T00:00:00Z,ccre,11,12.293273888888889,temperature
2021-09-11T00:00:00Z,ccre,12,11.54684465277778,temperature
2021-09-11T00:00:00Z,ccre,13,11.389762430555557,temperature
2021-09-12T00:00:00Z,ccre,2,25.231963472222223,temperature
2021-09-12T00:00:00Z,ccre,3,25.173840972222223,temperature
2021-09-12T00:00:00Z,ccre,4,24.87787423611111,temperature
2021-09-12T00:00:00Z,ccre,5,24.740359583333333,temperature
2021-09-12T00:00:00Z,ccre,6,24.683202569444443,temperature
2021-09-12T00:00:00Z,ccre,7,24.60923576388889,temperature
2021-09-12T00:00:00Z,ccre,8,24.08460868055555,temperature
2021-09-12T00:00:00Z,ccre,9,20.176527916666668,temperature
2021-09-12T00:00:00Z,ccre,10,13.513058611111113,temperature
2021-09-12T00:00:00Z,ccre,11,12.255670069444443,temperature
2021-09-12T00:00:00Z,ccre,12,11.561126597222222,temperature
2021-09-12T00:00:00Z,ccre,13,11.41103888888889,temperature
2021-09-13T00:00:00Z,ccre,2,25.54392881944445,temperature
2021-09-13T00:00:00Z,ccre,3,25.541593194444445,temperature
2021-09-13T00:00:00Z,ccre,4,25.441242847222224,temperature
2021-09-13T00:00:00Z,ccre,5,25.072183819444444,temperature
2021-09-13T00:00:00Z,ccre,6,24.828041041666665,temperature
2021-09-13T00:00:00Z,ccre,7,24.67711597222222,temperature
2021-09-13T00:00:00Z,ccre,8,24.338124027777777,temperature
2021-09-13T00:00:00Z,ccre,9,20.0310175,temperature
2021-09-13T00:00:00Z,ccre,10,13.548212847222224,temperature
2021-09-13T00:00:00Z,ccre,11,12.235815555555556,temperature
2021-09-13T00:00:00Z,ccre,12,11.569430694444444,temperature
2021-09-13T00:00:00Z,ccre,13,11.423622847222225,temperature
2021-09-14T00:00:00Z,ccre,2,26.26197597222222,temperature
2021-09-14T00:00:00Z,ccre,3,26.140904791666667,temperature
2021-09-14T00:00:00Z,ccre,4,25.840006111111112,temperature
2021-09-14T00:00:00Z,ccre,5,25.56151277777778,temperature
2021-09-14T00:00:00Z,ccre,6,24.953600694444443,temperature
2021-09-14T00:00:00Z,ccre,7,24.672684722222225,temperature
2021-09-14T00:00:00Z,ccre,8,23.49185152777778,temperature
2021-09-14T00:00:00Z,ccre,9,20.33949375,temperature
2021-09-14T00:00:00Z,ccre,10,13.56547013888889,temperature
2021-09-14T00:00:00Z,ccre,11,12.233185763888889,temperature
2021-09-14T00:00:00Z,ccre,12,11.598587916666666,temperature
2021-09-14T00:00:00Z,ccre,13,11.440585069444444,temperature
2021-09-15T00:00:00Z,ccre,2,25.900401111111112,temperature
2021-09-15T00:00:00Z,ccre,3,25.75370965277778,temperature
2021-09-15T00:00:00Z,ccre,4,25.54293819444445,temperature
2021-09-15T00:00:00Z,ccre,5,25.163511111111113,temperature
2021-09-15T00:00:00Z,ccre,6,24.921084166666667,temperature
2021-09-15T00:00:00Z,ccre,7,24.709266180555556,temperature
2021-09-15T00:00:00Z,ccre,8,23.92288798611111,temperature
2021-09-15T00:00:00Z,ccre,9,20.236409930555556,temperature
2021-09-15T00:00:00Z,ccre,10,13.75009111111111,temperature
2021-09-15T00:00:00Z,ccre,11,12.370353125,temperature
2021-09-15T00:00:00Z,ccre,12,11.611910416666667,temperature
2021-09-15T00:00:00Z,ccre,13,11.450983333333332,temperature
2021-09-16T00:00:00Z,ccre,2,25.697479027777774,temperature
2021-09-16T00:00:00Z,ccre,3,25.698770208333332,temperature
2021-09-16T00:00:00Z,ccre,4,25.525743402777778,temperature
2021-09-16T00:00:00Z,ccre,5,25.36273048611111,temperature
2021-09-16T00:00:00Z,ccre,6,25.22541763888889,temperature
2021-09-16T00:00:00Z,ccre,7,25.035906875,temperature
2021-09-16T00:00:00Z,ccre,8,24.320539166666663,temperature
2021-09-16T00:00:00Z,ccre,9,20.43990965277778,temperature
2021-09-16T00:00:00Z,ccre,10,13.653468055555557,temperature
2021-09-16T00:00:00Z,ccre,11,12.317980555555556,temperature
2021-09-16T00:00:00Z,ccre,12,11.619532777777778,temperature
2021-09-16T00:00:00Z,ccre,13,11.46994736111111,temperature
2021-09-17T00:00:00Z,ccre,2,25.68334527777778,temperature
2021-09-17T00:00:00Z,ccre,3,25.711912777777776,temperature
2021-09-17T00:00:00Z,ccre,4,25.623271180555555,temperature
2021-09-17T00:00:00Z,ccre,5,25.537658541666666,temperature
2021-09-17T00:00:00Z,ccre,6,25.478726944444443,temperature
2021-09-17T00:00:00Z,ccre,7,25.312387569444443,temperature
2021-09-17T00:00:00Z,ccre,8,23.469540625,temperature
2021-09-17T00:00:00Z,ccre,9,20.62092270833333,temperature
2021-09-17T00:00:00Z,ccre,10,13.550567569444445,temperature
2021-09-17T00:00:00Z,ccre,11,12.239725,temperature
2021-09-17T00:00:00Z,ccre,12,11.643908958333334,temperature
2021-09-17T00:00:00Z,ccre,13,11.485451736111113,temperature
2021-09-18T00:00:00Z,ccre,2,25.985638402777777,temperature
2021-09-18T00:00:00Z,ccre,3,26.021158125,temperature
2021-09-18T00:00:00Z,ccre,4,25.807672916666668,temperature
2021-09-18T00:00:00Z,ccre,5,25.677419930555555,temperature
2021-09-18T00:00:00Z,ccre,6,25.48827375,temperature
2021-09-18T00:00:00Z,ccre,7,24.892461180555557,temperature
2021-09-18T00:00:00Z,ccre,8,23.85100590277778,temperature
2021-09-18T00:00:00Z,ccre,9,20.50740326388889,temperature
2021-09-18T00:00:00Z,ccre,10,13.776353888888888,temperature
2021-09-18T00:00:00Z,ccre,11,12.35468673611111,temperature
2021-09-18T00:00:00Z,ccre,12,11.657001458333331,temperature
2021-09-18T00:00:00Z,ccre,13,11.49852986111111,temperature
2021-09-19T00:00:00Z,ccre,2,26.053220333333332,temperature
2021-09-19T00:00:00Z,ccre,3,26.198181458333337,temperature
2021-09-19T00:00:00Z,ccre,4,26.04475736111111,temperature
2021-09-19T00:00:00Z,ccre,5,25.888584583333333,temperature
2021-09-19T00:00:00Z,ccre,6,25.690998611111112,temperature
2021-09-19T00:00:00Z,ccre,7,25.00189444444445,temperature
2021-09-19T00:00:00Z,ccre,8,23.803426944444443,temperature
2021-09-19T00:00:00Z,ccre,9,20.429731875,temperature
2021-09-19T00:00:00Z,ccre,10,13.903224305555556,temperature
2021-09-19T00:00:00Z,ccre,11,12.353163194444445,temperature
2021-09-19T00:00:00Z,ccre,12,11.674880069444445,temperature
2021-09-19T00:00:00Z,ccre,13,11.518260486111112,temperature
2021-09-20T00:00:00Z,ccre,3,25.96224527777778,temperature
2021-09-20T00:00:00Z,ccre,4,25.853760694444446,temperature
2021-09-20T00:00:00Z,ccre,5,25.720464166666662,temperature
2021-09-20T00:00:00Z,ccre,6,25.486896875,temperature
2021-09-20T00:00:00Z,ccre,7,24.939750347222223,temperature
2021-09-20T00:00:00Z,ccre,8,23.712106180555555,temperature
2021-09-20T00:00:00Z,ccre,9,20.974649791666668,temperature
2021-09-20T00:00:00Z,ccre,10,13.589739097222225,temperature
2021-09-20T00:00:00Z,ccre,11,12.328667777777778,temperature
2021-09-20T00:00:00Z,ccre,12,11.695221527777775,temperature
2021-09-20T00:00:00Z,ccre,13,11.523534722222225,temperature
2021-09-21T00:00:00Z,ccre,2,24.671660476190475,temperature
2021-09-21T00:00:00Z,ccre,3,25.22579986111111,temperature
2021-09-21T00:00:00Z,ccre,4,25.217788125,temperature
2021-09-21T00:00:00Z,ccre,5,25.185129166666663,temperature
2021-09-21T00:00:00Z,ccre,6,25.145777708333338,temperature
2021-09-21T00:00:00Z,ccre,7,24.998707569444445,temperature
2021-09-21T00:00:00Z,ccre,8,24.126045972222222,temperature
2021-09-21T00:00:00Z,ccre,9,20.80242993055555,temperature
2021-09-21T00:00:00Z,ccre,10,13.851316458333333,temperature
2021-09-21T00:00:00Z,ccre,11,12.411727986111112,temperature
2021-09-21T00:00:00Z,ccre,12,11.709351875,temperature
2021-09-21T00:00:00Z,ccre,13,11.548540069444444,temperature
2021-09-22T00:00:00Z,ccre,2,24.679084166666662,temperature
2021-09-22T00:00:00Z,ccre,3,24.701111319444443,temperature
2021-09-22T00:00:00Z,ccre,4,24.68102375,temperature
2021-09-22T00:00:00Z,ccre,5,24.638300625,temperature
2021-09-22T00:00:00Z,ccre,6,24.575427847222223,temperature
2021-09-22T00:00:00Z,ccre,7,24.043057569444443,temperature
2021-09-22T00:00:00Z,ccre,8,22.813100972222223,temperature
2021-09-22T00:00:00Z,ccre,9,20.224823958333335,temperature
2021-09-22T00:00:00Z,ccre,10,13.900428541666669,temperature
2021-09-22T00:00:00Z,ccre,11,12.42661125,temperature
2021-09-22T00:00:00Z,ccre,12,11.731769930555556,temperature
2021-09-22T00:00:00Z,ccre,13,11.570054930555555,temperature
2021-09-23T00:00:00Z,ccre,2,24.04678159722222,temperature
2021-09-23T00:00:00Z,ccre,3,24.095691180555555,temperature
2021-09-23T00:00:00Z,ccre,4,24.066130555555556,temperature
2021-09-23T00:00:00Z,ccre,5,24.03203715277778,temperature
2021-09-23T00:00:00Z,ccre,6,24.020151041666665,temperature
2021-09-23T00:00:00Z,ccre,7,23.81982798611111,temperature
2021-09-23T00:00:00Z,ccre,8,22.56103361111111,temperature
2021-09-23T00:00:00Z,ccre,9,20.30240576388889,temperature
2021-09-23T00:00:00Z,ccre,10,13.780489444444443,temperature
2021-09-23T00:00:00Z,ccre,11,12.387241666666666,temperature
2021-09-23T00:00:00Z,ccre,12,11.742093888888888,temperature
2021-09-23T00:00:00Z,ccre,13,11.590184027777775,temperature
2021-09-24T00:00:00Z,ccre,2,23.59442152777778,temperature
2021-09-24T00:00:00Z,ccre,3,23.601991597222224,temperature
2021-09-24T00:00:00Z,ccre,4,23.498868819444443,temperature
2021-09-24T00:00:00Z,ccre,5,23.432760555555557,temperature
2021-09-24T00:00:00Z,ccre,6,23.374037986111112,temperature
2021-09-24T00:00:00Z,ccre,7,23.21252486111111,temperature
2021-09-24T00:00:00Z,ccre,8,22.026412291666663,temperature
2021-09-24T00:00:00Z,ccre,9,19.699276319444444,temperature
2021-09-24T00:00:00Z,ccre,10,14.078567430555555,temperature
2021-09-24T00:00:00Z,ccre,11,12.515440902777778,temperature
2021-09-24T00:00:00Z,ccre,12,11.772589097222223,temperature
2021-09-24T00:00:00Z,ccre,13,11.615636597222222,temperature
2021-09-25T00:00:00Z,ccre,2,23.337503472222224,temperature
2021-09-25T00:00:00Z,ccre,3,23.33893625,temperature
2021-09-25T00:00:00Z,ccre,4,23.243766597222223,temperature
2021-09-25T00:00:00Z,ccre,5,23.126057777777778,temperature
2021-09-25T00:00:00Z,ccre,6,23.02547638888889,temperature
2021-09-25T00:00:00Z,ccre,7,22.93254138888889,temperature
2021-09-25T00:00:00Z,ccre,8,21.592980416666663,temperature
2021-09-25T00:00:00Z,ccre,9,19.924476458333334,temperature
2021-09-25T00:00:00Z,ccre,10,13.72929923611111,temperature
2021-09-25T00:00:00Z,ccre,11,12.440342361111112,temperature
2021-09-25T00:00:00Z,ccre,12,11.779927291666668,temperature
2021-09-25T00:00:00Z,ccre,13,11.616007916666666,temperature
2021-09-26T00:00:00Z,ccre,2,23.015623958333332,temperature
2021-09-26T00:00:00Z,ccre,3,23.040779166666667,temperature
2021-09-26T00:00:00Z,ccre,4,23.00240048611111,temperature
2021-09-26T00:00:00Z,ccre,5,22.836594583333333,temperature
2021-09-26T00:00:00Z,ccre,6,22.74703131944445,temperature
2021-09-26T00:00:00Z,ccre,7,22.682211388888888,temperature
2021-09-26T00:00:00Z,ccre,8,22.190482430555555,temperature
2021-09-26T00:00:00Z,ccre,9,19.853430763888888,temperature
2021-09-26T00:00:00Z,ccre,10,14.094538472222222,temperature
2021-09-26T00:00:00Z,ccre,11,12.484601319444444,temperature
2021-09-26T00:00:00Z,ccre,12,11.787518055555555,temperature
2021-09-26T00:00:00Z,ccre,13,11.616605555555555,temperature
2021-09-27T00:00:00Z,ccre,2,22.990429444444445,temperature
2021-09-27T00:00:00Z,ccre,3,22.802901180555555,temperature
2021-09-27T00:00:00Z,ccre,4,22.620315625,temperature
2021-09-27T00:00:00Z,ccre,5,22.50439673611111,temperature
2021-09-27T00:00:00Z,ccre,6,22.446610486111112,temperature
2021-09-27T00:00:00Z,ccre,7,22.392463958333337,temperature
2021-09-27T00:00:00Z,ccre,8,21.31463201388889,temperature
2021-09-27T00:00:00Z,ccre,9,19.5555875,temperature
2021-09-27T00:00:00Z,ccre,10,14.283529861111113,temperature
2021-09-27T00:00:00Z,ccre,11,12.618245069444445,temperature
2021-09-27T00:00:00Z,ccre,12,11.815408958333332,temperature
2021-09-27T00:00:00Z,ccre,13,11.652857430555557,temperature
2021-09-28T00:00:00Z,ccre,2,22.78806388888889,temperature
2021-09-28T00:00:00Z,ccre,3,22.684134305555556,temperature
2021-09-28T00:00:00Z,ccre,4,22.489402777777777,temperature
2021-09-28T00:00:00Z,ccre,5,22.36032326388889,temperature
2021-09-28T00:00:00Z,ccre,6,22.290480833333337,temperature
2021-09-28T00:00:00Z,ccre,7,22.135569305555556,temperature
2021-09-28T00:00:00Z,ccre,8,21.49034659722222,temperature
2021-09-28T00:00:00Z,ccre,9,20.215811041666665,temperature
2021-09-28T00:00:00Z,ccre,10,13.848512847222224,temperature
2021-09-28T00:00:00Z,ccre,11,12.48420236111111,temperature
2021-09-28T00:00:00Z,ccre,12,11.83301576388889,temperature
2021-09-28T00:00:00Z,ccre,13,11.65684326388889,temperature
2021-09-29T00:00:00Z,ccre,2,22.723444444444443,temperature
2021-09-29T00:00:00Z,ccre,3,22.677174930555555,temperature
2021-09-29T00:00:00Z,ccre,4,22.568522986111113,temperature
2021-09-29T00:00:00Z,ccre,5,22.34480458333333,temperature
2021-09-29T00:00:00Z,ccre,6,22.245855625,temperature
2021-09-29T00:00:00Z,ccre,7,22.105231458333332,temperature
2021-09-29T00:00:00Z,ccre,8,21.53117152777778,temperature
2021-09-29T00:00:00Z,ccre,9,19.586485555555555,temperature
2021-09-29T00:00:00Z,ccre,10,14.456132083333332,temperature
2021-09-29T00:00:00Z,ccre,11,12.571336458333333,temperature
2021-09-29T00:00:00Z,ccre,12,11.832498472222222,temperature
2021-09-29T00:00:00Z,ccre,13,11.662262708333332,temperature
2021-09-30T00:00:00Z,ccre,2,22.96393777777778,temperature
2021-09-30T00:00:00Z,ccre,3,22.820234375,temperature
2021-09-30T00:00:00Z,ccre,4,22.700713055555557,temperature
2021-09-30T00:00:00Z,ccre,5,22.459080416666666,temperature
2021-09-30T00:00:00Z,ccre,6,22.273038958333338,temperature
2021-09-30T00:00:00Z,ccre,7,22.133450486111112,temperature
2021-09-30T00:00:00Z,ccre,8,21.644549166666668,temperature
2021-09-30T00:00:00Z,ccre,9,20.150469444444443,temperature
2021-09-30T00:00:00Z,ccre,10,13.955048125,temperature
2021-09-30T00:00:00Z,ccre,11,12.576556527777775,temperature
2021-09-30T00:00:00Z,ccre,12,11.860884305555556,temperature
2021-09-30T00:00:00Z,ccre,13,11.692293194444444,temperature
2021-10-01T00:00:00Z,ccre,2,22.87720715277778,temperature
2021-10-01T00:00:00Z,ccre,3,22.799813472222223,temperature
2021-10-01T00:00:00Z,ccre,4,22.736447152777775,temperature
2021-10-01T00:00:00Z,ccre,5,22.62828659722222,temperature
2021-10-01T00:00:00Z,ccre,6,22.39337611111111,temperature
2021-10-01T00:00:00Z,ccre,7,22.151637430555557,temperature
2021-10-01T00:00:00Z,ccre,8,21.359100416666667,temperature
2021-10-01T00:00:00Z,ccre,9,19.630289791666662,temperature
2021-10-01T00:00:00Z,ccre,10,14.275285972222225,temperature
2021-10-01T00:00:00Z,ccre,11,12.578725694444444,temperature
2021-10-01T00:00:00Z,ccre,12,11.870059930555556,temperature
2021-10-01T00:00:00Z,ccre,13,11.694394930555555,temperature
2021-10-02T00:00:00Z,ccre,2,22.873291458333338,temperature
2021-10-02T00:00:00Z,ccre,3,22.54264951388889,temperature
2021-10-02T00:00:00Z,ccre,4,22.27497319444445,temperature
2021-10-02T00:00:00Z,ccre,5,22.169384027777777,temperature
2021-10-02T00:00:00Z,ccre,6,22.103526111111112,temperature
2021-10-02T00:00:00Z,ccre,7,21.98551326388889,temperature
2021-10-02T00:00:00Z,ccre,8,21.538485347222224,temperature
2021-10-02T00:00:00Z,ccre,9,20.183251875,temperature
2021-10-02T00:00:00Z,ccre,10,14.086236944444444,temperature
2021-10-02T00:00:00Z,ccre,11,12.585628333333334,temperature
2021-10-02T00:00:00Z,ccre,12,11.886257291666666,temperature
2021-10-02T00:00:00Z,ccre,13,11.715289166666668,temperature
2021-10-03T00:00:00Z,ccre,2,22.666343958333332,temperature
2021-10-03T00:00:00Z,ccre,3,22.495511805555555,temperature
2021-10-03T00:00:00Z,ccre,4,22.36592458333333,temperature
2021-10-03T00:00:00Z,ccre,5,22.204006458333332,temperature
2021-10-03T00:00:00Z,ccre,6,22.119079166666666,temperature
2021-10-03T00:00:00Z,ccre,7,22.041540833333332,temperature
2021-10-03T00:00:00Z,ccre,8,21.56783680555555,temperature
2021-10-03T00:00:00Z,ccre,9,19.708239236111112,temperature
2021-10-03T00:00:00Z,ccre,10,14.397053958333334,temperature
2021-10-03T00:00:00Z,ccre,11,12.693552916666668,temperature
2021-10-03T00:00:00Z,ccre,12,11.903622083333332,temperature
2021-10-03T00:00:00Z,ccre,13,11.72840201388889,temperature
2021-10-04T00:00:00Z,ccre,2,22.592603055555557,temperature
2021-10-04T00:00:00Z,ccre,3,22.55096340277778,temperature
2021-10-04T00:00:00Z,ccre,4,22.444497847222223,temperature
2021-10-04T00:00:00Z,ccre,5,22.232074166666667,temperature
2021-10-04T00:00:00Z,ccre,6,22.119521666666667,temperature
2021-10-04T00:00:00Z,ccre,7,22.03509534722222,temperature
2021-10-04T00:00:00Z,ccre,8,21.526067708333333,temperature
2021-10-04T00:00:00Z,ccre,9,20.210938125,temperature
2021-10-04T00:00:00Z,ccre,10,14.159558888888888,temperature
2021-10-04T00:00:00Z,ccre,11,12.580221458333334,temperature
2021-10-04T00:00:00Z,ccre,12,11.912230625,temperature
2021-10-04T00:00:00Z,ccre,13,11.756367222222222,temperature
2021-10-05T00:00:00Z,ccre,2,22.92923763888889,temperature
2021-10-05T00:00:00Z,ccre,3,22.883484097222222,temperature
2021-10-05T00:00:00Z,ccre,4,22.746495694444445,temperature
2021-10-05T00:00:00Z,ccre,5,22.597830972222223,temperature
2021-10-05T00:00:00Z,ccre,6,22.446749166666667,temperature
2021-10-05T00:00:00Z,ccre,7,22.262461319444444,temperature
2021-10-05T00:00:00Z,ccre,8,21.632584861111113,temperature
2021-10-05T00:00:00Z,ccre,9,19.844785555555557,temperature
2021-10-05T00:00:00Z,ccre,10,14.30325159722222,temperature
2021-10-05T00:00:00Z,ccre,11,12.730898958333333,temperature
2021-10-05T00:00:00Z,ccre,12,11.94145625,temperature
2021-10-05T00:00:00Z,ccre,13,11.754019097222224,temperature
2021-10-06T00:00:00Z,ccre,2,22.97839111111111,temperature
2021-10-06T00:00:00Z,ccre,3,22.931716875,temperature
2021-10-06T00:00:00Z,ccre,4,22.838908055555557,temperature
2021-10-06T00:00:00Z,ccre,5,22.576624930555557,temperature
2021-10-06T00:00:00Z,ccre,6,22.28472548611111,temperature
2021-10-06T00:00:00Z,ccre,7,21.88122694444445,temperature
2021-10-06T00:00:00Z,ccre,8,21.23126236111111,temperature
2021-10-06T00:00:00Z,ccre,9,20.25708965277778,temperature
2021-10-06T00:00:00Z,ccre,10,14.499964097222222,temperature
2021-10-06T00:00:00Z,ccre,11,12.764103125,temperature
2021-10-06T00:00:00Z,ccre,12,11.933515625,temperature
2021-10-06T00:00:00Z,ccre,13,11.79451923611111,temperature
2021-10-07T00:00:00Z,ccre,2,22.68402756944445,temperature
2021-10-07T00:00:00Z,ccre,3,22.685261944444445,temperature
2021-10-07T00:00:00Z,ccre,4,22.635717638888888,temperature
2021-10-07T00:00:00Z,ccre,5,22.53308263888889,temperature
2021-10-07T00:00:00Z,ccre,6,22.37257479166667,temperature
2021-10-07T00:00:00Z,ccre,7,22.021179166666663,temperature
2021-10-07T00:00:00Z,ccre,8,21.46202263888889,temperature
2021-10-07T00:00:00Z,ccre,9,19.86296777777778,temperature
2021-10-07T00:00:00Z,ccre,10,14.550516875,temperature
2021-10-07T00:00:00Z,ccre,11,12.797605208333334,temperature
2021-10-07T00:00:00Z,ccre,12,11.971577291666666,temperature
2021-10-07T00:00:00Z,ccre,13,11.784440555555555,temperature
2021-10-08T00:00:00Z,ccre,2,22.40873055555555,temperature
2021-10-08T00:00:00Z,ccre,3,22.417703055555556,temperature
2021-10-08T00:00:00Z,ccre,4,22.404443680555556,temperature
2021-10-08T00:00:00Z,ccre,5,22.368869305555556,temperature
2021-10-08T00:00:00Z,ccre,6,22.320652777777777,temperature
2021-10-08T00:00:00Z,ccre,7,21.997372916666663,temperature
2021-10-08T00:00:00Z,ccre,8,21.64203486111111,temperature
2021-10-08T00:00:00Z,ccre,9,20.143509583333337,temperature
2021-10-08T00:00:00Z,ccre,10,14.39731201388889,temperature
2021-10-08T00:00:00Z,ccre,11,12.664624444444444,temperature
2021-10-08T00:00:00Z,ccre,12,11.973735625,temperature
2021-10-08T00:00:00Z,ccre,13,11.805837430555556,temperature
2021-10-09T00:00:00Z,ccre,2,22.175149375,temperature
2021-10-09T00:00:00Z,ccre,3,22.191295069444443,temperature
2021-10-09T00:00:00Z,ccre,4,22.181727569444444,temperature
2021-10-09T00:00:00Z,ccre,5,22.149210555555555,temperature
2021-10-09T00:00:00Z,ccre,6,22.14467270833333,temperature
2021-10-09T00:00:00Z,ccre,7,22.144818333333333,temperature
2021-10-09T00:00:00Z,ccre,8,21.582271319444445,temperature
2021-10-09T00:00:00Z,ccre,9,20.03465375,temperature
2021-10-09T00:00:00Z,ccre,10,14.32282451388889,temperature
2021-10-09T00:00:00Z,ccre,11,12.71541159722222,temperature
2021-10-09T00:00:00Z,ccre,12,11.999697083333333,temperature
2021-10-09T00:00:00Z,ccre,13,11.823263472222225,temperature
2021-10-10T00:00:00Z,ccre,2,22.094128125,temperature
2021-10-10T00:00:00Z,ccre,3,22.112634375,temperature
2021-10-10T00:00:00Z,ccre,4,22.072986041666667,temperature
2021-10-10T00:00:00Z,ccre,5,21.99759840277778,temperature
2021-10-10T00:00:00Z,ccre,6,21.97452944444445,temperature
2021-10-10T00:00:00Z,ccre,7,21.958584930555556,temperature
2021-10-10T00:00:00Z,ccre,8,21.916435625,temperature
2021-10-10T00:00:00Z,ccre,9,20.861102916666667,temperature
2021-10-10T00:00:00Z,ccre,10,14.332041180555557,temperature
2021-10-10T00:00:00Z,ccre,11,12.732761666666669,temperature
2021-10-10T00:00:00Z,ccre,12,12.00198,temperature
2021-10-10T00:00:00Z,ccre,13,11.83792097222222,temperature
2021-10-11T00:00:00Z,ccre,2,22.12181916666667,temperature
2021-10-11T00:00:00Z,ccre,3,22.130689722222225,temperature
2021-10-11T00:00:00Z,ccre,4,22.115658333333332,temperature
2021-10-11T00:00:00Z,ccre,5,22.065300833333332,temperature
2021-10-11T00:00:00Z,ccre,6,22.009908888888887,temperature
2021-10-11T00:00:00Z,ccre,7,21.969777708333332,temperature
2021-10-11T00:00:00Z,ccre,8,21.71080590277778,temperature
2021-10-11T00:00:00Z,ccre,9,19.708760972222223,temperature
2021-10-11T00:00:00Z,ccre,10,14.708813055555556,temperature
2021-10-11T00:00:00Z,ccre,11,12.890336944444444,temperature
2021-10-11T00:00:00Z,ccre,12,12.02466263888889,temperature
2021-10-11T00:00:00Z,ccre,13,11.847810555555556,temperature
2021-10-12T00:00:00Z,ccre,2,22.257396875,temperature
2021-10-12T00:00:00Z,ccre,3,22.19410826388889,temperature
2021-10-12T00:00:00Z,ccre,4,22.045008541666668,temperature
2021-10-12T00:00:00Z,ccre,5,21.953807430555557,temperature
2021-10-12T00:00:00Z,ccre,6,21.87932923611111,temperature
2021-10-12T00:00:00Z,ccre,7,21.667164305555556,temperature
2021-10-12T00:00:00Z,ccre,8,21.128248125,temperature
2021-10-12T00:00:00Z,ccre,9,20.12481451388889,temperature
2021-10-12T00:00:00Z,ccre,10,14.445917291666667,temperature
2021-10-12T00:00:00Z,ccre,11,12.806591180555555,temperature
2021-10-12T00:00:00Z,ccre,12,12.042760625,temperature
2021-10-12T00:00:00Z,ccre,13,11.850225416666667,temperature
2021-10-13T00:00:00Z,ccre,2,22.564234305555555,temperature
2021-10-13T00:00:00Z,ccre,3,22.47696736111111,temperature
2021-10-13T00:00:00Z,ccre,4,22.04177451388889,temperature
2021-10-13T00:00:00Z,ccre,5,21.88587118055555,temperature
2021-10-13T00:00:00Z,ccre,6,21.750253680555556,temperature
2021-10-13T00:00:00Z,ccre,7,21.635015972222224,temperature
2021-10-13T00:00:00Z,ccre,8,21.460048819444445,temperature
2021-10-13T00:00:00Z,ccre,9,20.671502916666668,temperature
2021-10-13T00:00:00Z,ccre,10,14.367977638888888,temperature
2021-10-13T00:00:00Z,ccre,11,12.78699236111111,temperature
2021-10-13T00:00:00Z,ccre,12,12.0511775,temperature
2021-10-13T00:00:00Z,ccre,13,11.869385208333334,temperature
2021-10-14T00:00:00Z,ccre,2,22.624173958333333,temperature
2021-10-14T00:00:00Z,ccre,3,22.454706041666668,temperature
2021-10-14T00:00:00Z,ccre,4,22.247779930555556,temperature
2021-10-14T00:00:00Z,ccre,5,21.978826597222223,temperature
2021-10-14T00:00:00Z,ccre,6,21.85667847222222,temperature
2021-10-14T00:00:00Z,ccre,7,21.76643826388889,temperature
2021-10-14T00:00:00Z,ccre,8,21.56481048611111,temperature
2021-10-14T00:00:00Z,ccre,9,19.984758888888887,temperature
2021-10-14T00:00:00Z,ccre,10,14.66615388888889,temperature
2021-10-14T00:00:00Z,ccre,11,12.858669791666667,temperature
2021-10-14T00:00:00Z,ccre,12,12.063374375,temperature
2021-10-14T00:00:00Z,ccre,13,11.884160972222222,temperature
2021-10-15T00:00:00Z,ccre,2,22.560176666666667,temperature
2021-10-15T00:00:00Z,ccre,3,22.433121458333332,temperature
2021-10-15T00:00:00Z,ccre,4,22.166004305555557,temperature
2021-10-15T00:00:00Z,ccre,5,22.013100833333333,temperature
2021-10-15T00:00:00Z,ccre,6,21.915182708333333,temperature
2021-10-15T00:00:00Z,ccre,7,21.77102208333333,temperature
2021-10-15T00:00:00Z,ccre,8,21.37439236111111,temperature
2021-10-15T00:00:00Z,ccre,9,20.230398402777777,temperature
2021-10-15T00:00:00Z,ccre,10,14.368193680555557,temperature
2021-10-15T00:00:00Z,ccre,11,12.752765833333331,temperature
2021-10-15T00:00:00Z,ccre,12,12.08788548611111,temperature
2021-10-15T00:00:00Z,ccre,13,11.897642430555557,temperature
2021-10-16T00:00:00Z,ccre,2,22.026638819444443,temperature
2021-10-16T00:00:00Z,ccre,3,22.04891701388889,temperature
2021-10-16T00:00:00Z,ccre,4,21.979124375,temperature
2021-10-16T00:00:00Z,ccre,5,21.90133173611111,temperature
2021-10-16T00:00:00Z,ccre,6,21.848353333333332,temperature
2021-10-16T00:00:00Z,ccre,7,21.76308201388889,temperature
2021-10-16T00:00:00Z,ccre,8,21.513452569444443,temperature
2021-10-16T00:00:00Z,ccre,9,20.79996694444445,temperature
2021-10-16T00:00:00Z,ccre,10,14.738711111111112,temperature
2021-10-16T00:00:00Z,ccre,11,12.94966965277778,temperature
2021-10-16T00:00:00Z,ccre,12,12.09776701388889,temperature
2021-10-16T00:00:00Z,ccre,13,11.904924097222224,temperature
2021-10-17T00:00:00Z,ccre,2,21.081831041666668,temperature
2021-10-17T00:00:00Z,ccre,3,21.11814625,temperature
2021-10-17T00:00:00Z,ccre,4,21.10973048611111,temperature
2021-10-17T00:00:00Z,ccre,5,21.07997111111111,temperature
2021-10-17T00:00:00Z,ccre,6,21.077369861111112,temperature
2021-10-17T00:00:00Z,ccre,7,21.08503486111111,temperature
2021-10-17T00:00:00Z,ccre,8,21.07607993055555,temperature
2021-10-17T00:00:00Z,ccre,9,20.952006319444443,temperature
2021-10-17T00:00:00Z,ccre,10,14.352849791666667,temperature
2021-10-17T00:00:00Z,ccre,11,12.861755138888888,temperature
2021-10-17T00:00:00Z,ccre,12,12.106959027777778,temperature
2021-10-17T00:00:00Z,ccre,13,11.930831111111113,temperature
2021-10-18T00:00:00Z,ccre,2,20.57068236111111,temperature
2021-10-18T00:00:00Z,ccre,3,20.60996048611111,temperature
2021-10-18T00:00:00Z,ccre,4,20.58833472222222,temperature
2021-10-18T00:00:00Z,ccre,5,20.550159444444443,temperature
2021-10-18T00:00:00Z,ccre,6,20.541775694444446,temperature
2021-10-18T00:00:00Z,ccre,7,20.518643333333333,temperature
2021-10-18T00:00:00Z,ccre,8,20.40859361111111,temperature
2021-10-18T00:00:00Z,ccre,9,20.316686319444443,temperature
2021-10-18T00:00:00Z,ccre,10,14.862274097222222,temperature
2021-10-18T00:00:00Z,ccre,11,12.922815555555555,temperature
2021-10-18T00:00:00Z,ccre,12,12.123745416666669,temperature
2021-10-18T00:00:00Z,ccre,13,11.945620208333333,temperature
2021-10-19T00:00:00Z,ccre,2,20.34291902777778,temperature
2021-10-19T00:00:00Z,ccre,3,20.281132708333335,temperature
2021-10-19T00:00:00Z,ccre,4,20.214740972222224,temperature
2021-10-19T00:00:00Z,ccre,5,20.11571215277778,temperature
2021-10-19T00:00:00Z,ccre,6,20.025907916666668,temperature
2021-10-19T00:00:00Z,ccre,7,19.983200555555555,temperature
2021-10-19T00:00:00Z,ccre,8,19.947551597222223,temperature
2021-10-19T00:00:00Z,ccre,9,19.87577951388889,temperature
2021-10-19T00:00:00Z,ccre,10,14.523184791666669,temperature
2021-10-19T00:00:00Z,ccre,11,12.914590208333331,temperature
2021-10-19T00:00:00Z,ccre,12,12.155059722222225,temperature
2021-10-19T00:00:00Z,ccre,13,11.966107222222222,temperature
2021-10-20T00:00:00Z,ccre,2,20.17569138888889,temperature
2021-10-20T00:00:00Z,ccre,3,20.102614097222222,temperature
2021-10-20T00:00:00Z,ccre,4,19.924271597222223,temperature
2021-10-20T00:00:00Z,ccre,5,19.785991319444445,temperature
2021-10-20T00:00:00Z,ccre,6,19.745934583333337,temperature
2021-10-20T00:00:00Z,ccre,7,19.725408125,temperature
2021-10-20T00:00:00Z,ccre,8,19.649355902777778,temperature
2021-10-20T00:00:00Z,ccre,9,19.5114225,temperature
2021-10-20T00:00:00Z,ccre,10,14.91040875,temperature
2021-10-20T00:00:00Z,ccre,11,12.906921527777778,temperature
2021-10-20T00:00:00Z,ccre,12,12.148581875,temperature
2021-10-20T00:00:00Z,ccre,13,11.966680833333331,temperature
2021-10-21T00:00:00Z,ccre,2,19.841876527777774,temperature
2021-10-21T00:00:00Z,ccre,3,19.77676388888889,temperature
2021-10-21T00:00:00Z,ccre,4,19.64696451388889,temperature
2021-10-21T00:00:00Z,ccre,5,19.508125347222222,temperature
2021-10-21T00:00:00Z,ccre,6,19.478136041666662,temperature
2021-10-21T00:00:00Z,ccre,7,19.431859444444445,temperature
2021-10-21T00:00:00Z,ccre,8,19.380732083333335,temperature
2021-10-21T00:00:00Z,ccre,9,19.29807152777778,temperature
2021-10-21T00:00:00Z,ccre,10,14.784335208333331,temperature
2021-10-21T00:00:00Z,ccre,11,13.031750902777778,temperature
2021-10-21T00:00:00Z,ccre,12,12.171002638888888,temperature
2021-10-21T00:00:00Z,ccre,13,12.01179798611111,temperature
2021-10-22T00:00:00Z,ccre,2,19.569893194444443,temperature
2021-10-22T00:00:00Z,ccre,3,19.581789930555555,temperature
2021-10-22T00:00:00Z,ccre,4,19.55465743055555,temperature
2021-10-22T00:00:00Z,ccre,5,19.506290763888888,temperature
2021-10-22T00:00:00Z,ccre,6,19.457246041666668,temperature
2021-10-22T00:00:00Z,ccre,7,19.407213333333335,temperature
2021-10-22T00:00:00Z,ccre,8,19.338147430555555,temperature
2021-10-22T00:00:00Z,ccre,9,19.229250069444443,temperature
2021-10-22T00:00:00Z,ccre,10,15.157836041666666,temperature
2021-10-22T00:00:00Z,ccre,11,12.962278541666668,temperature
2021-10-22T00:00:00Z,ccre,12,12.174290138888887,temperature
2021-10-22T00:00:00Z,ccre,13,11.993342638888889,temperature
2021-10-23T00:00:00Z,ccre,2,19.323243541666667,temperature
2021-10-23T00:00:00Z,ccre,3,19.32296486111111,temperature
2021-10-23T00:00:00Z,ccre,4,19.30372861111111,temperature
2021-10-23T00:00:00Z,ccre,5,19.22928347222222,temperature
2021-10-23T00:00:00Z,ccre,6,19.18390451388889,temperature
2021-10-23T00:00:00Z,ccre,7,19.155523958333333,temperature
2021-10-23T00:00:00Z,ccre,8,19.08073597222222,temperature
2021-10-23T00:00:00Z,ccre,9,19.04770388888889,temperature
2021-10-23T00:00:00Z,ccre,10,15.068870069444444,temperature
2021-10-23T00:00:00Z,ccre,11,13.08995875,temperature
2021-10-23T00:00:00Z,ccre,12,12.196720763888887,temperature
2021-10-23T00:00:00Z,ccre,13,12.036389375,temperature
2021-10-24T00:00:00Z,ccre,2,19.244671597222226,temperature
2021-10-24T00:00:00Z,ccre,3,19.226421875,temperature
2021-10-24T00:00:00Z,ccre,4,19.174663333333335,temperature
2021-10-24T00:00:00Z,ccre,5,19.09211763888889,temperature
2021-10-24T00:00:00Z,ccre,6,19.046742777777776,temperature
2021-10-24T00:00:00Z,ccre,7,19.00526625,temperature
2021-10-24T00:00:00Z,ccre,8,18.952929791666666,temperature
2021-10-24T00:00:00Z,ccre,9,18.859077291666665,temperature
2021-10-24T00:00:00Z,ccre,10,14.972806180555557,temperature
2021-10-24T00:00:00Z,ccre,11,12.977620833333331,temperature
2021-10-24T00:00:00Z,ccre,12,12.209706666666667,temperature
2021-10-24T00:00:00Z,ccre,13,12.046310833333331,temperature
2021-10-25T00:00:00Z,ccre,2,19.310405902777777,temperature
2021-10-25T00:00:00Z,ccre,3,19.195265902777777,temperature
2021-10-25T00:00:00Z,ccre,4,19.158316180555556,temperature
2021-10-25T00:00:00Z,ccre,5,19.100960069444444,temperature
2021-10-25T00:00:00Z,ccre,6,19.057825277777777,temperature
2021-10-25T00:00:00Z,ccre,7,19.005482430555556,temperature
2021-10-25T00:00:00Z,ccre,8,18.938094583333335,temperature
2021-10-25T00:00:00Z,ccre,9,18.779210625,temperature
2021-10-25T00:00:00Z,ccre,10,15.76528826388889,temperature
2021-10-25T00:00:00Z,ccre,11,13.155868541666669,temperature
2021-10-25T00:00:00Z,ccre,12,12.223700069444444,temperature
2021-10-25T00:00:00Z,ccre,13,12.051390694444445,temperature
2021-10-26T00:00:00Z,ccre,2,18.625698541666665,temperature
2021-10-26T00:00:00Z,ccre,3,18.667460555555557,temperature
2021-10-26T00:00:00Z,ccre,4,18.66693194444445,temperature
2021-10-26T00:00:00Z,ccre,5,18.642831458333333,temperature
2021-10-26T00:00:00Z,ccre,6,18.64126618055555,temperature
2021-10-26T00:00:00Z,ccre,7,18.649495277777778,temperature
2021-10-26T00:00:00Z,ccre,8,18.64470361111111,temperature
2021-10-26T00:00:00Z,ccre,9,18.631359097222223,temperature
2021-10-26T00:00:00Z,ccre,10,17.383104444444445,temperature
2021-10-26T00:00:00Z,ccre,11,14.084986875,temperature
2021-10-26T00:00:00Z,ccre,12,12.246945277777778,temperature
2021-10-26T00:00:00Z,ccre,13,12.060354652777775,temperature
2021-10-27T00:00:00Z,ccre,2,18.27507388888889,temperature
2021-10-27T00:00:00Z,ccre,3,18.302192777777776,temperature
2021-10-27T00:00:00Z,ccre,4,18.231147569444445,temperature
2021-10-27T00:00:00Z,ccre,5,18.100195347222225,temperature
2021-10-27T00:00:00Z,ccre,6,18.003550069444444,temperature
2021-10-27T00:00:00Z,ccre,7,17.978380694444443,temperature
2021-10-27T00:00:00Z,ccre,8,17.937389236111112,temperature
2021-10-27T00:00:00Z,ccre,9,17.89188125,temperature
2021-10-27T00:00:00Z,ccre,10,17.48752673611111,temperature
2021-10-27T00:00:00Z,ccre,11,13.893328402777778,temperature
2021-10-27T00:00:00Z,ccre,12,12.245843958333332,temperature
2021-10-27T00:00:00Z,ccre,13,12.09472423611111,temperature
2021-10-28T00:00:00Z,ccre,2,17.909910625,temperature
2021-10-28T00:00:00Z,ccre,3,17.911310694444445,temperature
2021-10-28T00:00:00Z,ccre,4,17.89941784722222,temperature
2021-10-28T00:00:00Z,ccre,5,17.86200284722222,temperature
2021-10-28T00:00:00Z,ccre,6,17.84019236111111,temperature
2021-10-28T00:00:00Z,ccre,7,17.820594444444446,temperature
2021-10-28T00:00:00Z,ccre,8,17.79635972222222,temperature
2021-10-28T00:00:00Z,ccre,9,17.762215625,temperature
2021-10-28T00:00:00Z,ccre,10,16.552758472222223,temperature
2021-10-28T00:00:00Z,ccre,11,13.48304125,temperature
2021-10-28T00:00:00Z,ccre,12,12.304142847222222,temperature
2021-10-28T00:00:00Z,ccre,13,12.098152430555556,temperature
2021-10-29T00:00:00Z,ccre,2,17.81859652777778,temperature
2021-10-29T00:00:00Z,ccre,3,17.78874875,temperature
2021-10-29T00:00:00Z,ccre,4,17.74456138888889,temperature
2021-10-29T00:00:00Z,ccre,5,17.670450694444444,temperature
2021-10-29T00:00:00Z,ccre,6,17.640190277777776,temperature
2021-10-29T00:00:00Z,ccre,7,17.622996666666666,temperature
2021-10-29T00:00:00Z,ccre,8,17.59777576388889,temperature
2021-10-29T00:00:00Z,ccre,9,17.555116180555554,temperature
2021-10-29T00:00:00Z,ccre,10,16.360145763888887,temperature
2021-10-29T00:00:00Z,ccre,11,13.537222013888888,temperature
2021-10-29T00:00:00Z,ccre,12,12.2834875,temperature
2021-10-29T00:00:00Z,ccre,13,12.149037569444443,temperature
2021-10-30T00:00:00Z,ccre,2,17.53884083333333,temperature
2021-10-30T00:00:00Z,ccre,3,17.54603701388889,temperature
2021-10-30T00:00:00Z,ccre,4,17.526610694444443,temperature
2021-10-30T00:00:00Z,ccre,5,17.486291666666666,temperature
2021-10-30T00:00:00Z,ccre,6,17.462183333333332,temperature
2021-10-30T00:00:00Z,ccre,7,17.42341972222222,temperature
2021-10-30T00:00:00Z,ccre,8,17.328796944444445,temperature
2021-10-30T00:00:00Z,ccre,9,17.177275208333334,temperature
2021-10-30T00:00:00Z,ccre,10,16.29347388888889,temperature
2021-10-30T00:00:00Z,ccre,11,13.676985347222224,temperature
2021-10-30T00:00:00Z,ccre,12,12.316952569444444,temperature
2021-10-30T00:00:00Z,ccre,13,12.144808611111111,temperature
2021-10-31T00:00:00Z,ccre,2,17.24336909722222,temperature
2021-10-31T00:00:00Z,ccre,3,17.267627986111112,temperature
2021-10-31T00:00:00Z,ccre,4,17.26329201388889,temperature
2021-10-31T00:00:00Z,ccre,5,17.237282708333332,temperature
2021-10-31T00:00:00Z,ccre,6,17.232839583333334,temperature
2021-10-31T00:00:00Z,ccre,7,17.235899305555556,temperature
2021-10-31T00:00:00Z,ccre,8,17.211089027777778,temperature
2021-10-31T00:00:00Z,ccre,9,17.164895625,temperature
2021-10-31T00:00:00Z,ccre,10,16.56798715277778,temperature
2021-10-31T00:00:00Z,ccre,11,14.073905763888888,temperature
2021-10-31T00:00:00Z,ccre,12,12.339739375,temperature
2021-10-31T00:00:00Z,ccre,13,12.152947222222222,temperature
2021-11-01T00:00:00Z,ccre,2,17.121194930555557,temperature
2021-11-01T00:00:00Z,ccre,3,17.139622291666665,temperature
2021-11-01T00:00:00Z,ccre,4,17.121605694444444,temperature
2021-11-01T00:00:00Z,ccre,5,17.062477569444443,temperature
2021-11-01T00:00:00Z,ccre,6,16.98580284722222,temperature
2021-11-01T00:00:00Z,ccre,7,16.91659111111111,temperature
2021-11-01T00:00:00Z,ccre,8,16.884183888888888,temperature
2021-11-01T00:00:00Z,ccre,9,16.869374861111112,temperature
2021-11-01T00:00:00Z,ccre,10,16.717540902777777,temperature
2021-11-01T00:00:00Z,ccre,11,14.394466319444444,temperature
2021-11-01T00:00:00Z,ccre,12,12.337016458333334,temperature
2021-11-01T00:00:00Z,ccre,13,12.156056180555556,temperature
2021-11-02T00:00:00Z,ccre,2,16.70074375,temperature
2021-11-02T00:00:00Z,ccre,3,16.723743402777778,temperature
2021-11-02T00:00:00Z,ccre,4,16.72224236111111,temperature
2021-11-02T00:00:00Z,ccre,5,16.696720902777777,temperature
2021-11-02T00:00:00Z,ccre,6,16.693491458333334,temperature
2021-11-02T00:00:00Z,ccre,7,16.700247847222222,temperature
2021-11-02T00:00:00Z,ccre,8,16.686871180555556,temperature
2021-11-02T00:00:00Z,ccre,9,16.67410923611111,temperature
2021-11-02T00:00:00Z,ccre,10,16.533734305555555,temperature
2021-11-02T00:00:00Z,ccre,11,14.010621319444445,temperature
2021-11-02T00:00:00Z,ccre,12,12.392698680555556,temperature
2021-11-02T00:00:00Z,ccre,13,12.181192222222222,temperature
2021-11-03T00:00:00Z,ccre,2,16.214126458333332,temperature
2021-11-03T00:00:00Z,ccre,3,16.24395888888889,temperature
2021-11-03T00:00:00Z,ccre,4,16.23232888888889,temperature
2021-11-03T00:00:00Z,ccre,5,16.198026319444445,temperature
2021-11-03T00:00:00Z,ccre,6,16.182003055555555,temperature
2021-11-03T00:00:00Z,ccre,7,16.172255763888888,temperature
2021-11-03T00:00:00Z,ccre,8,16.156394375,temperature
2021-11-03T00:00:00Z,ccre,9,16.14465125,temperature
2021-11-03T00:00:00Z,ccre,10,16.03227465277778,temperature
2021-11-03T00:00:00Z,ccre,11,14.530215555555555,temperature
2021-11-03T00:00:00Z,ccre,12,12.357032013888888,temperature
2021-11-03T00:00:00Z,ccre,13,12.187086041666667,temperature
2021-11-04T00:00:00Z,ccre,2,15.876825347222224,temperature
2021-11-04T00:00:00Z,ccre,3,15.894242569444444,temperature
2021-11-04T00:00:00Z,ccre,4,15.876960347222225,temperature
2021-11-04T00:00:00Z,ccre,5,15.840504305555555,temperature
2021-11-04T00:00:00Z,ccre,6,15.831180208333333,temperature
2021-11-04T00:00:00Z,ccre,7,15.836587083333333,temperature
2021-11-04T00:00:00Z,ccre,8,15.827356388888887,temperature
2021-11-04T00:00:00Z,ccre,9,15.806879861111112,temperature
2021-11-04T00:00:00Z,ccre,10,15.702377708333334,temperature
2021-11-04T00:00:00Z,ccre,11,14.067907152777778,temperature
2021-11-04T00:00:00Z,ccre,12,12.425901736111111,temperature
2021-11-04T00:00:00Z,ccre,13,12.215200694444444,temperature
2021-11-05T00:00:00Z,ccre,2,15.321688541666669,temperature
2021-11-05T00:00:00Z,ccre,3,15.364037430555555,temperature
2021-11-05T00:00:00Z,ccre,4,15.363402013888887,temperature
2021-11-05T00:00:00Z,ccre,5,15.339377361111111,temperature
2021-11-05T00:00:00Z,ccre,6,15.334798055555556,temperature
2021-11-05T00:00:00Z,ccre,7,15.34058875,temperature
2021-11-05T00:00:00Z,ccre,8,15.32812486111111,temperature
2021-11-05T00:00:00Z,ccre,9,15.304957152777778,temperature
2021-11-05T00:00:00Z,ccre,10,15.255378055555555,temperature
2021-11-05T00:00:00Z,ccre,11,14.895623194444443,temperature
2021-11-05T00:00:00Z,ccre,12,12.422546805555555,temperature
2021-11-05T00:00:00Z,ccre,13,12.21013375,temperature
2021-11-06T00:00:00Z,ccre,2,14.877454166666666,temperature
2021-11-06T00:00:00Z,ccre,3,14.918821180555556,temperature
2021-11-06T00:00:00Z,ccre,4,14.917943611111111,temperature
2021-11-06T00:00:00Z,ccre,5,14.89294875,temperature
2021-11-06T00:00:00Z,ccre,6,14.888355763888889,temperature
2021-11-06T00:00:00Z,ccre,7,14.893168125,temperature
2021-11-06T00:00:00Z,ccre,8,14.879231041666667,temperature
2021-11-06T00:00:00Z,ccre,9,14.864983263888888,temperature
2021-11-06T00:00:00Z,ccre,10,14.827547152777775,temperature
2021-11-06T00:00:00Z,ccre,11,14.817035833333334,temperature
2021-11-06T00:00:00Z,ccre,12,12.432522083333334,temperature
2021-11-06T00:00:00Z,ccre,13,12.258476666666668,temperature
2021-11-07T00:00:00Z,ccre,2,14.577542291666669,temperature
2021-11-07T00:00:00Z,ccre,3,14.615208819444444,temperature
2021-11-07T00:00:00Z,ccre,4,14.611253680555556,temperature
2021-11-07T00:00:00Z,ccre,5,14.587158541666666,temperature
2021-11-07T00:00:00Z,ccre,6,14.583885902777778,temperature
2021-11-07T00:00:00Z,ccre,7,14.5892875,temperature
2021-11-07T00:00:00Z,ccre,8,14.579919930555556,temperature
2021-11-07T00:00:00Z,ccre,9,14.565548125,temperature
2021-11-07T00:00:00Z,ccre,10,14.519579583333334,temperature
2021-11-07T00:00:00Z,ccre,11,14.507371527777778,temperature
2021-11-07T00:00:00Z,ccre,12,12.489993055555557,temperature
2021-11-07T00:00:00Z,ccre,13,12.241002222222225,temperature
2021-11-08T00:00:00Z,ccre,2,14.619553472222222,temperature
2021-11-08T00:00:00Z,ccre,3,14.622780833333334,temperature
2021-11-08T00:00:00Z,ccre,4,14.537849652777778,temperature
2021-11-08T00:00:00Z,ccre,5,14.487476597222225,temperature
2021-11-08T00:00:00Z,ccre,6,14.462305625,temperature
2021-11-08T00:00:00Z,ccre,7,14.395571666666669,temperature
2021-11-08T00:00:00Z,ccre,8,14.347437291666669,temperature
2021-11-08T00:00:00Z,ccre,9,14.33487326388889,temperature
2021-11-08T00:00:00Z,ccre,10,14.289665555555557,temperature
2021-11-08T00:00:00Z,ccre,11,14.199804513888887,temperature
2021-11-08T00:00:00Z,ccre,12,12.489660625,temperature
2021-11-08T00:00:00Z,ccre,13,12.281498819444444,temperature
2021-11-09T00:00:00Z,ccre,2,14.664931875,temperature
2021-11-09T00:00:00Z,ccre,3,14.560505347222222,temperature
2021-11-09T00:00:00Z,ccre,4,14.504950972222222,temperature
2021-11-09T00:00:00Z,ccre,5,14.403526527777778,temperature
2021-11-09T00:00:00Z,ccre,6,14.358920208333334,temperature
2021-11-09T00:00:00Z,ccre,7,14.323728680555556,temperature
2021-11-09T00:00:00Z,ccre,8,14.258687083333331,temperature
2021-11-09T00:00:00Z,ccre,9,14.189232569444444,temperature
2021-11-09T00:00:00Z,ccre,10,13.889905625,temperature
2021-11-09T00:00:00Z,ccre,11,13.772585208333334,temperature
2021-11-09T00:00:00Z,ccre,12,12.560868194444444,temperature
2021-11-09T00:00:00Z,ccre,13,12.2828125,temperature
2021-11-10T00:00:00Z,ccre,2,14.358052291666668,temperature
2021-11-10T00:00:00Z,ccre,3,14.290390763888889,temperature
2021-11-10T00:00:00Z,ccre,4,14.27356513888889,temperature
2021-11-10T00:00:00Z,ccre,5,14.214675833333333,temperature
2021-11-10T00:00:00Z,ccre,6,14.16210326388889,temperature
2021-11-10T00:00:00Z,ccre,7,14.108963888888889,temperature
2021-11-10T00:00:00Z,ccre,8,14.057515277777778,temperature
2021-11-10T00:00:00Z,ccre,9,13.986507708333331,temperature
2021-11-10T00:00:00Z,ccre,10,13.844827361111111,temperature
2021-11-10T00:00:00Z,ccre,11,13.746866458333333,temperature
2021-11-10T00:00:00Z,ccre,12,12.530438680555555,temperature
2021-11-10T00:00:00Z,ccre,13,12.305537361111112,temperature
2021-11-11T00:00:00Z,ccre,2,14.289209513888888,temperature
2021-11-11T00:00:00Z,ccre,3,14.182407152777778,temperature
2021-11-11T00:00:00Z,ccre,4,14.074856666666667,temperature
2021-11-11T00:00:00Z,ccre,5,14.014822222222222,temperature
2021-11-11T00:00:00Z,ccre,6,13.997346944444445,temperature
2021-11-11T00:00:00Z,ccre,7,13.990640347222222,temperature
2021-11-11T00:00:00Z,ccre,8,13.96031,temperature
2021-11-11T00:00:00Z,ccre,9,13.930049583333334,temperature
2021-11-11T00:00:00Z,ccre,10,13.815485694444444,temperature
2021-11-11T00:00:00Z,ccre,11,13.697616527777775,temperature
2021-11-11T00:00:00Z,ccre,12,12.557367708333333,temperature
2021-11-11T00:00:00Z,ccre,13,12.330940625,temperature
2021-11-12T00:00:00Z,ccre,2,14.235100555555556,temperature
2021-11-12T00:00:00Z,ccre,3,14.229525625,temperature
2021-11-12T00:00:00Z,ccre,4,14.172277222222222,temperature
2021-11-12T00:00:00Z,ccre,5,14.106440208333334,temperature
2021-11-12T00:00:00Z,ccre,6,14.065617083333333,temperature
2021-11-12T00:00:00Z,ccre,7,14.028665694444443,temperature
2021-11-12T00:00:00Z,ccre,8,13.965523402777778,temperature
2021-11-12T00:00:00Z,ccre,9,13.921076805555556,temperature
2021-11-12T00:00:00Z,ccre,10,13.70264375,temperature
2021-11-12T00:00:00Z,ccre,11,13.575083472222222,temperature
2021-11-12T00:00:00Z,ccre,12,12.680698333333334,temperature
2021-11-12T00:00:00Z,ccre,13,12.33052902777778,temperature
2021-11-13T00:00:00Z,ccre,2,13.75117375,temperature
2021-11-13T00:00:00Z,ccre,3,13.792902638888888,temperature
2021-11-13T00:00:00Z,ccre,4,13.791753819444445,temperature
2021-11-13T00:00:00Z,ccre,5,13.769957569444443,temperature
2021-11-13T00:00:00Z,ccre,6,13.765636041666667,temperature
2021-11-13T00:00:00Z,ccre,7,13.77191451388889,temperature
2021-11-13T00:00:00Z,ccre,8,13.767703958333334,temperature
2021-11-13T00:00:00Z,ccre,9,13.76568013888889,temperature
2021-11-13T00:00:00Z,ccre,10,13.747551458333334,temperature
2021-11-13T00:00:00Z,ccre,11,13.739362916666666,temperature
2021-11-13T00:00:00Z,ccre,12,12.714109583333332,temperature
2021-11-13T00:00:00Z,ccre,13,12.401654583333334,temperature
2021-11-14T00:00:00Z,ccre,2,13.476988680555555,temperature
2021-11-14T00:00:00Z,ccre,3,13.497417222222222,temperature
2021-11-14T00:00:00Z,ccre,4,13.494567708333332,temperature
2021-11-14T00:00:00Z,ccre,5,13.466140694444444,temperature
2021-11-14T00:00:00Z,ccre,6,13.457986458333334,temperature
2021-11-14T00:00:00Z,ccre,7,13.462092638888889,temperature
2021-11-14T00:00:00Z,ccre,8,13.451633958333334,temperature
2021-11-14T00:00:00Z,ccre,9,13.440094236111111,temperature
2021-11-14T00:00:00Z,ccre,10,13.396720347222224,temperature
2021-11-14T00:00:00Z,ccre,11,13.390767569444444,temperature
2021-11-14T00:00:00Z,ccre,12,12.777647291666666,temperature
2021-11-14T00:00:00Z,ccre,13,12.426375555555556,temperature
2021-11-15T00:00:00Z,ccre,2,13.062264097222222,temperature
2021-11-15T00:00:00Z,ccre,3,13.111800208333332,temperature
2021-11-15T00:00:00Z,ccre,4,13.113533194444445,temperature
2021-11-15T00:00:00Z,ccre,5,13.090517986111111,temperature
2021-11-15T00:00:00Z,ccre,6,13.089294930555557,temperature
2021-11-15T00:00:00Z,ccre,7,13.09570986111111,temperature
2021-11-15T00:00:00Z,ccre,8,13.089400208333334,temperature
2021-11-15T00:00:00Z,ccre,9,13.081160625,temperature
2021-11-15T00:00:00Z,ccre,10,13.047321527777775,temperature
2021-11-15T00:00:00Z,ccre,11,13.035401875,temperature
2021-11-15T00:00:00Z,ccre,12,12.88566125,temperature
2021-11-15T00:00:00Z,ccre,13,12.523134375,temperature
2021-11-16T00:00:00Z,ccre,2,12.995048888888888,temperature
2021-11-16T00:00:00Z,ccre,3,12.970219236111111,temperature
2021-11-16T00:00:00Z,ccre,4,12.938586319444443,temperature
2021-11-16T00:00:00Z,ccre,5,12.885102152777778,temperature
2021-11-16T00:00:00Z,ccre,6,12.86557111111111,temperature
2021-11-16T00:00:00Z,ccre,7,12.859667777777778,temperature
2021-11-16T00:00:00Z,ccre,8,12.84978875,temperature
2021-11-16T00:00:00Z,ccre,9,12.84468486111111,temperature
2021-11-16T00:00:00Z,ccre,10,12.819684444444444,temperature
2021-11-16T00:00:00Z,ccre,11,12.822124652777775,temperature
2021-11-16T00:00:00Z,ccre,12,12.76034375,temperature
2021-11-16T00:00:00Z,ccre,13,12.500923402777778,temperature
2021-11-17T00:00:00Z,ccre,2,12.973335833333334,temperature
2021-11-17T00:00:00Z,ccre,3,12.90757875,temperature
2021-11-17T00:00:00Z,ccre,4,12.855845277777778,temperature
2021-11-17T00:00:00Z,ccre,5,12.775070694444445,temperature
2021-11-17T00:00:00Z,ccre,6,12.745757222222222,temperature
2021-11-17T00:00:00Z,ccre,7,12.734543333333333,temperature
2021-11-17T00:00:00Z,ccre,8,12.720712291666668,temperature
2021-11-17T00:00:00Z,ccre,9,12.714274930555556,temperature
2021-11-17T00:00:00Z,ccre,10,12.691179166666666,temperature
2021-11-17T00:00:00Z,ccre,11,12.696780347222225,temperature
2021-11-17T00:00:00Z,ccre,12,12.648187291666666,temperature
2021-11-17T00:00:00Z,ccre,13,12.467106875,temperature
2021-11-18T00:00:00Z,ccre,2,12.885332152777778,temperature
2021-11-18T00:00:00Z,ccre,3,12.873911944444444,temperature
2021-11-18T00:00:00Z,ccre,4,12.813331805555556,temperature
2021-11-18T00:00:00Z,ccre,5,12.766270486111113,temperature
2021-11-18T00:00:00Z,ccre,6,12.74864513888889,temperature
2021-11-18T00:00:00Z,ccre,7,12.74304375,temperature
2021-11-18T00:00:00Z,ccre,8,12.728405694444444,temperature
2021-11-18T00:00:00Z,ccre,9,12.713743819444444,temperature
2021-11-18T00:00:00Z,ccre,10,12.658870208333331,temperature
2021-11-18T00:00:00Z,ccre,11,12.641303263888888,temperature
2021-11-18T00:00:00Z,ccre,12,12.487364166666667,temperature
2021-11-18T00:00:00Z,ccre,13,12.230297916666666,temperature
2021-11-19T00:00:00Z,ccre,2,12.415277083333333,temperature
2021-11-19T00:00:00Z,ccre,3,12.474040694444444,temperature
2021-11-19T00:00:00Z,ccre,4,12.475968125,temperature
2021-11-19T00:00:00Z,ccre,5,12.456005,temperature
2021-11-19T00:00:00Z,ccre,6,12.45285736111111,temperature
2021-11-19T00:00:00Z,ccre,7,12.459044097222222,temperature
2021-11-19T00:00:00Z,ccre,8,12.452200486111112,temperature
2021-11-19T00:00:00Z,ccre,9,12.449509583333333,temperature
2021-11-19T00:00:00Z,ccre,10,12.416073472222225,temperature
2021-11-19T00:00:00Z,ccre,11,12.410299097222222,temperature
2021-11-19T00:00:00Z,ccre,12,12.366419652777775,temperature
2021-11-19T00:00:00Z,ccre,13,12.295303472222225,temperature
2021-11-20T00:00:00Z,ccre,2,12.166141319444444,temperature
2021-11-20T00:00:00Z,ccre,3,12.196937916666666,temperature
2021-11-20T00:00:00Z,ccre,4,12.185665416666666,temperature
2021-11-20T00:00:00Z,ccre,5,12.15796923611111,temperature
2021-11-20T00:00:00Z,ccre,6,12.15051201388889,temperature
2021-11-20T00:00:00Z,ccre,7,12.155006458333334,temperature
2021-11-20T00:00:00Z,ccre,8,12.14698263888889,temperature
2021-11-20T00:00:00Z,ccre,9,12.143311527777778,temperature
2021-11-20T00:00:00Z,ccre,10,12.129875138888888,temperature
2021-11-20T00:00:00Z,ccre,11,12.140215486111112,temperature
2021-11-20T00:00:00Z,ccre,12,12.125536597222222,temperature
2021-11-20T00:00:00Z,ccre,13,12.052343055555555,temperature
2021-11-21T00:00:00Z,ccre,2,11.883347986111112,temperature
2021-11-21T00:00:00Z,ccre,3,11.912022152777778,temperature
2021-11-21T00:00:00Z,ccre,4,11.908979305555556,temperature
2021-11-21T00:00:00Z,ccre,5,11.885741666666666,temperature
2021-11-21T00:00:00Z,ccre,6,11.878893125,temperature
2021-11-21T00:00:00Z,ccre,7,11.883070069444445,temperature
2021-11-21T00:00:00Z,ccre,8,11.876928263888887,temperature
2021-11-21T00:00:00Z,ccre,9,11.875415,temperature
2021-11-21T00:00:00Z,ccre,10,11.863695625,temperature
2021-11-21T00:00:00Z,ccre,11,11.873399097222222,temperature
2021-11-21T00:00:00Z,ccre,12,11.86473402777778,temperature
2021-11-21T00:00:00Z,ccre,13,11.788186666666666,temperature
2021-11-22T00:00:00Z,ccre,2,11.70527548611111,temperature
2021-11-22T00:00:00Z,ccre,3,11.755484097222222,temperature
2021-11-22T00:00:00Z,ccre,4,11.761509722222222,temperature
2021-11-22T00:00:00Z,ccre,5,11.742996597222222,temperature
2021-11-22T00:00:00Z,ccre,6,11.740849930555555,temperature
2021-11-22T00:00:00Z,ccre,7,11.747215138888889,temperature
2021-11-22T00:00:00Z,ccre,8,11.742463402777778,temperature
2021-11-22T00:00:00Z,ccre,9,11.742205347222225,temperature
2021-11-22T00:00:00Z,ccre,10,11.734240347222222,temperature
2021-11-22T00:00:00Z,ccre,11,11.745675,temperature
2021-11-22T00:00:00Z,ccre,12,11.742794861111111,temperature
2021-11-22T00:00:00Z,ccre,13,11.732859722222225,temperature
2021-11-23T00:00:00Z,ccre,2,11.38226548611111,temperature
2021-11-23T00:00:00Z,ccre,3,11.447224375,temperature
2021-11-23T00:00:00Z,ccre,4,11.452128541666667,temperature
2021-11-23T00:00:00Z,ccre,5,11.433506875,temperature
2021-11-23T00:00:00Z,ccre,6,11.431765,temperature
2021-11-23T00:00:00Z,ccre,7,11.438948472222222,temperature
2021-11-23T00:00:00Z,ccre,8,11.43335138888889,temperature
2021-11-23T00:00:00Z,ccre,9,11.432705069444443,temperature
2021-11-23T00:00:00Z,ccre,10,11.421932083333331,temperature
2021-11-23T00:00:00Z,ccre,11,11.428089375,temperature
2021-11-23T00:00:00Z,ccre,12,11.37929875,temperature
2021-11-23T00:00:00Z,ccre,13,11.274492430555556,temperature
2021-11-24T00:00:00Z,ccre,2,11.152078819444444,temperature
2021-11-24T00:00:00Z,ccre,3,11.19502173611111,temperature
2021-11-24T00:00:00Z,ccre,4,11.169521527777778,temperature
2021-11-24T00:00:00Z,ccre,5,11.13920715277778,temperature
2021-11-24T00:00:00Z,ccre,6,11.131009097222222,temperature
2021-11-24T00:00:00Z,ccre,7,11.133844236111113,temperature
2021-11-24T00:00:00Z,ccre,8,11.126032083333332,temperature
2021-11-24T00:00:00Z,ccre,9,11.124476944444444,temperature
2021-11-24T00:00:00Z,ccre,10,11.109788819444445,temperature
2021-11-24T00:00:00Z,ccre,11,11.117049305555556,temperature
2021-11-24T00:00:00Z,ccre,12,11.102842430555556,temperature
2021-11-24T00:00:00Z,ccre,13,11.02354326388889,temperature
2021-11-25T00:00:00Z,ccre,2,11.079917986111113,temperature
2021-11-25T00:00:00Z,ccre,3,11.053827083333331,temperature
2021-11-25T00:00:00Z,ccre,4,11.019476527777778,temperature
2021-11-25T00:00:00Z,ccre,5,10.986112083333332,temperature
2021-11-25T00:00:00Z,ccre,6,10.96313638888889,temperature
2021-11-25T00:00:00Z,ccre,7,10.93154875,temperature
2021-11-25T00:00:00Z,ccre,8,10.910578541666666,temperature
2021-11-25T00:00:00Z,ccre,9,10.90372875,temperature
2021-11-25T00:00:00Z,ccre,10,10.869854236111111,temperature
2021-11-25T00:00:00Z,ccre,11,10.869699305555557,temperature
2021-11-25T00:00:00Z,ccre,12,10.825943125,temperature
2021-11-25T00:00:00Z,ccre,13,10.743289027777776,temperature
2021-11-26T00:00:00Z,ccre,2,10.752929097222223,temperature
2021-11-26T00:00:00Z,ccre,3,10.813747222222222,temperature
2021-11-26T00:00:00Z,ccre,4,10.821191527777778,temperature
2021-11-26T00:00:00Z,ccre,5,10.801666319444443,temperature
2021-11-26T00:00:00Z,ccre,6,10.79755798611111,temperature
2021-11-26T00:00:00Z,ccre,7,10.802768958333331,temperature
2021-11-26T00:00:00Z,ccre,8,10.793519375,temperature
2021-11-26T00:00:00Z,ccre,9,10.786747638888889,temperature
2021-11-26T00:00:00Z,ccre,10,10.749875486111112,temperature
2021-11-26T00:00:00Z,ccre,11,10.740494513888889,temperature
2021-11-26T00:00:00Z,ccre,12,10.660389513888887,temperature
2021-11-26T00:00:00Z,ccre,13,10.513671527777776,temperature
2021-11-27T00:00:00Z,ccre,2,10.438467027777778,temperature
2021-11-27T00:00:00Z,ccre,3,10.53971,temperature
2021-11-27T00:00:00Z,ccre,4,10.504673958333331,temperature
2021-11-27T00:00:00Z,ccre,5,10.46341375,temperature
2021-11-27T00:00:00Z,ccre,6,10.455876875,temperature
2021-11-27T00:00:00Z,ccre,7,10.459163680555555,temperature
2021-11-27T00:00:00Z,ccre,8,10.451043541666667,temperature
2021-11-27T00:00:00Z,ccre,9,10.449124583333331,temperature
2021-11-27T00:00:00Z,ccre,10,10.430325,temperature
2021-11-27T00:00:00Z,ccre,11,10.437328055555556,temperature
2021-11-27T00:00:00Z,ccre,12,10.417514583333334,temperature
2021-11-27T00:00:00Z,ccre,13,10.399060416666666,temperature
2021-11-28T00:00:00Z,ccre,2,10.171347618055556,temperature
2021-11-28T00:00:00Z,ccre,3,10.25929548611111,temperature
2021-11-28T00:00:00Z,ccre,4,10.258694930555556,temperature
2021-11-28T00:00:00Z,ccre,5,10.23772736111111,temperature
2021-11-28T00:00:00Z,ccre,6,10.233592847222225,temperature
2021-11-28T00:00:00Z,ccre,7,10.239198333333334,temperature
2021-11-28T00:00:00Z,ccre,8,10.232539444444445,temperature
2021-11-28T00:00:00Z,ccre,9,10.234027847222222,temperature
2021-11-28T00:00:00Z,ccre,10,10.221853333333334,temperature
2021-11-28T00:00:00Z,ccre,11,10.23067625,temperature
2021-11-28T00:00:00Z,ccre,12,10.207845833333334,temperature
2021-11-28T00:00:00Z,ccre,13,10.184403715277778,temperature
2021-11-29T00:00:00Z,ccre,2,9.822456430555556,temperature
2021-11-29T00:00:00Z,ccre,3,9.99903454861111,temperature
2021-11-29T00:00:00Z,ccre,4,10.004412319444445,temperature
2021-11-29T00:00:00Z,ccre,5,9.985500513888889,temperature
2021-11-29T00:00:00Z,ccre,6,9.982948131944443,temperature
2021-11-29T00:00:00Z,ccre,7,9.98935192361111,temperature
2021-11-29T00:00:00Z,ccre,8,9.983646944444445,temperature
2021-11-29T00:00:00Z,ccre,9,9.984810715277778,temperature
2021-11-29T00:00:00Z,ccre,10,9.968314951388887,temperature
2021-11-29T00:00:00Z,ccre,11,9.962697652777775,temperature
2021-11-29T00:00:00Z,ccre,12,9.918262951388888,temperature
2021-11-29T00:00:00Z,ccre,13,9.849856777777775,temperature
2021-11-30T00:00:00Z,ccre,2,9.543430981651376,temperature
2021-11-30T00:00:00Z,ccre,3,9.895669791666666,temperature
2021-11-30T00:00:00Z,ccre,4,9.865706583333331,temperature
2021-11-30T00:00:00Z,ccre,5,9.828527451388888,temperature
2021-11-30T00:00:00Z,ccre,6,9.815502125,temperature
2021-11-30T00:00:00Z,ccre,7,9.816800263888888,temperature
2021-11-30T00:00:00Z,ccre,8,9.807411569444444,temperature
2021-11-30T00:00:00Z,ccre,9,9.807040972222222,temperature
2021-11-30T00:00:00Z,ccre,10,9.791127291666667,temperature
2021-11-30T00:00:00Z,ccre,11,9.795628013888887,temperature
2021-11-30T00:00:00Z,ccre,12,9.772544215277778,temperature
2021-11-30T00:00:00Z,ccre,13,9.74976307638889,temperature
2021-12-01T00:00:00Z,ccre,2,9.298278166666666,temperature
2021-12-01T00:00:00Z,ccre,3,9.698321604166669,temperature
2021-12-01T00:00:00Z,ccre,4,9.68817861111111,temperature
2021-12-01T00:00:00Z,ccre,5,9.663329041666668,temperature
2021-12-01T00:00:00Z,ccre,6,9.655877180555557,temperature
2021-12-01T00:00:00Z,ccre,7,9.657725034722224,temperature
2021-12-01T00:00:00Z,ccre,8,9.648032291666668,temperature
2021-12-01T00:00:00Z,ccre,9,9.646815229166666,temperature
2021-12-01T00:00:00Z,ccre,10,9.632981208333334,temperature
2021-12-01T00:00:00Z,ccre,11,9.639705631944445,temperature
2021-12-01T00:00:00Z,ccre,12,9.611897777777775,temperature
2021-12-01T00:00:00Z,ccre,13,9.554349270833333,temperature
2021-12-02T00:00:00Z,ccre,3,9.716593416666669,temperature
2021-12-02T00:00:00Z,ccre,4,9.669136520833334,temperature
2021-12-02T00:00:00Z,ccre,5,9.634757340277778,temperature
2021-12-02T00:00:00Z,ccre,6,9.6213154375,temperature
2021-12-02T00:00:00Z,ccre,7,9.616510777777778,temperature
2021-12-02T00:00:00Z,ccre,8,9.602774291666666,temperature
2021-12-02T00:00:00Z,ccre,9,9.594217319444445,temperature
2021-12-02T00:00:00Z,ccre,10,9.558269881944444,temperature
2021-12-02T00:00:00Z,ccre,11,9.551306805555557,temperature
2021-12-02T00:00:00Z,ccre,12,9.4881025625,temperature
2021-12-02T00:00:00Z,ccre,13,9.344865819444443,temperature
2021-12-03T00:00:00Z,ccre,3,9.79441335,temperature
2021-12-03T00:00:00Z,ccre,4,9.764357107142857,temperature
2021-12-03T00:00:00Z,ccre,5,9.712480364285714,temperature
2021-12-03T00:00:00Z,ccre,6,9.643192107142855,temperature
2021-12-03T00:00:00Z,ccre,7,9.59612135,temperature
2021-12-03T00:00:00Z,ccre,8,9.531627292857143,temperature
2021-12-03T00:00:00Z,ccre,9,9.505867814285716,temperature
2021-12-03T00:00:00Z,ccre,10,9.4876918,temperature
2021-12-03T00:00:00Z,ccre,11,9.493000507142858,temperature
2021-12-03T00:00:00Z,ccre,12,9.393955885714286,temperature
2021-12-03T00:00:00Z,ccre,13,9.321787928571428,temperature
2021-12-04T00:00:00Z,ccre,3,9.940385131944444,temperature
2021-12-04T00:00:00Z,ccre,4,9.940880930555556,temperature
2021-12-04T00:00:00Z,ccre,5,9.916659069444444,temperature
2021-12-04T00:00:00Z,ccre,6,9.904079958333334,temperature
2021-12-04T00:00:00Z,ccre,7,9.802252006944444,temperature
2021-12-04T00:00:00Z,ccre,8,9.732233055555556,temperature
2021-12-04T00:00:00Z,ccre,9,9.684332590277778,temperature
2021-12-04T00:00:00Z,ccre,10,9.552386201388888,temperature
2021-12-04T00:00:00Z,ccre,11,9.4999635625,temperature
2021-12-04T00:00:00Z,ccre,12,9.405489652777778,temperature
2021-12-04T00:00:00Z,ccre,13,9.334694326388888,temperature
2021-12-05T00:00:00Z,ccre,3,9.648676131944445,temperature
2021-12-05T00:00:00Z,ccre,4,9.643105652777775,temperature
2021-12-05T00:00:00Z,ccre,5,9.6175488125,temperature
2021-12-05T00:00:00Z,ccre,6,9.606341472222224,temperature
2021-12-05T00:00:00Z,ccre,7,9.594571875,temperature
2021-12-05T00:00:00Z,ccre,8,9.5597483125,temperature
2021-12-05T00:00:00Z,ccre,9,9.5406604375,temperature
2021-12-05T00:00:00Z,ccre,10,9.506104131944443,temperature
2021-12-05T00:00:00Z,ccre,11,9.498103034722222,temperature
2021-12-05T00:00:00Z,ccre,12,9.427379840277778,temperature
2021-12-05T00:00:00Z,ccre,13,9.324654027777775,temperature
2021-12-06T00:00:00Z,ccre,3,9.7000639375,temperature
2021-12-06T00:00:00Z,ccre,4,9.682263180555555,temperature
2021-12-06T00:00:00Z,ccre,5,9.649525597222222,temperature
2021-12-06T00:00:00Z,ccre,6,9.635173645833332,temperature
2021-12-06T00:00:00Z,ccre,7,9.630517055555556,temperature
2021-12-06T00:00:00Z,ccre,8,9.600845715277778,temperature
2021-12-06T00:00:00Z,ccre,9,9.576573416666667,temperature
2021-12-06T00:00:00Z,ccre,10,9.548621791666667,temperature
2021-12-06T00:00:00Z,ccre,11,9.545685020833334,temperature
2021-12-06T00:00:00Z,ccre,12,9.398221555555557,temperature
2021-12-06T00:00:00Z,ccre,13,9.359310340277778,temperature
2021-12-07T00:00:00Z,ccre,3,9.330247916666666,temperature
2021-12-07T00:00:00Z,ccre,4,9.336636229166666,temperature
2021-12-07T00:00:00Z,ccre,5,9.315111756944445,temperature
2021-12-07T00:00:00Z,ccre,6,9.309389798611113,temperature
2021-12-07T00:00:00Z,ccre,7,9.313451770833334,temperature
2021-12-07T00:00:00Z,ccre,8,9.307798152777778,temperature
2021-12-07T00:00:00Z,ccre,9,9.308575951388889,temperature
2021-12-07T00:00:00Z,ccre,10,9.295296444444444,temperature
2021-12-07T00:00:00Z,ccre,11,9.302883347222222,temperature
2021-12-07T00:00:00Z,ccre,12,9.295370972222225,temperature
2021-12-07T00:00:00Z,ccre,13,9.304172722222225,temperature
2021-12-08T00:00:00Z,ccre,3,9.266964791666666,temperature
2021-12-08T00:00:00Z,ccre,4,9.262701048611111,temperature
2021-12-08T00:00:00Z,ccre,5,9.244056465277778,temperature
2021-12-08T00:00:00Z,ccre,6,9.23910245138889,temperature
2021-12-08T00:00:00Z,ccre,7,9.244567027777778,temperature
2021-12-08T00:00:00Z,ccre,8,9.238477284722222,temperature
2021-12-08T00:00:00Z,ccre,9,9.241147506944444,temperature
2021-12-08T00:00:00Z,ccre,10,9.232173034722225,temperature
2021-12-08T00:00:00Z,ccre,11,9.24077201388889,temperature
2021-12-08T00:00:00Z,ccre,12,9.233085215277775,temperature
2021-12-08T00:00:00Z,ccre,13,9.2107416875,temperature
2021-12-09T00:00:00Z,ccre,3,9.0534369166666675,temperature
2021-12-09T00:00:00Z,ccre,4,9.054612729166667,temperature
2021-12-09T00:00:00Z,ccre,5,9.034299722222222,temperature
2021-12-09T00:00:00Z,ccre,6,9.028975145833334,temperature
2021-12-09T00:00:00Z,ccre,7,9.033128291666667,temperature
2021-12-09T00:00:00Z,ccre,8,9.027510333333334,temperature
2021-12-09T00:00:00Z,ccre,9,9.029328625,temperature
2021-12-09T00:00:00Z,ccre,10,9.017997125,temperature
2021-12-09T00:00:00Z,ccre,11,9.02610059722222,temperature
2021-12-09T00:00:00Z,ccre,12,9.020712715277778,temperature
2021-12-09T00:00:00Z,ccre,13,9.038235097222222,temperature
2021-12-10T00:00:00Z,ccre,3,8.914689631944444,temperature
2021-12-10T00:00:00Z,ccre,4,8.910370909722221,temperature
2021-12-10T00:00:00Z,ccre,5,8.886188944444445,temperature
2021-12-10T00:00:00Z,ccre,6,8.878206909722222,temperature
2021-12-10T00:00:00Z,ccre,7,8.88064725,temperature
2021-12-10T00:00:00Z,ccre,8,8.871863027777778,temperature
2021-12-10T00:00:00Z,ccre,9,8.873062819444444,temperature
2021-12-10T00:00:00Z,ccre,10,8.861285333333333,temperature
2021-12-10T00:00:00Z,ccre,11,8.869962034722223,temperature
2021-12-10T00:00:00Z,ccre,12,8.858562840277777,temperature
2021-12-10T00:00:00Z,ccre,13,8.843160180555556,temperature
2021-12-11T00:00:00Z,ccre,3,9.100459381944445,temperature
2021-12-11T00:00:00Z,ccre,4,9.071961111111111,temperature
2021-12-11T00:00:00Z,ccre,5,9.021263319444444,temperature
2021-12-11T00:00:00Z,ccre,6,8.983370034722222,temperature
2021-12-11T00:00:00Z,ccre,7,8.950895472222221,temperature
2021-12-11T00:00:00Z,ccre,8,8.925865229166666,temperature
2021-12-11T00:00:00Z,ccre,9,8.914746597222223,temperature
2021-12-11T00:00:00Z,ccre,10,8.894849826388889,temperature
2021-12-11T00:00:00Z,ccre,11,8.900700923611112,temperature
2021-12-11T00:00:00Z,ccre,12,8.865114409722223,temperature
2021-12-11T00:00:00Z,ccre,13,8.796506416666666,temperature
2021-12-12T00:00:00Z,ccre,3,8.886277493055555,temperature
2021-12-12T00:00:00Z,ccre,4,8.891048430555555,temperature
2021-12-12T00:00:00Z,ccre,5,8.865679847222221,temperature
2021-12-12T00:00:00Z,ccre,6,8.856303756944445,temperature
2021-12-12T00:00:00Z,ccre,7,8.854190625,temperature
2021-12-12T00:00:00Z,ccre,8,8.837106291666666,temperature
2021-12-12T00:00:00Z,ccre,9,8.815474590277777,temperature
2021-12-12T00:00:00Z,ccre,10,8.7693671875,temperature
2021-12-12T00:00:00Z,ccre,11,8.776428819444444,temperature
2021-12-12T00:00:00Z,ccre,12,8.759275423611111,temperature
2021-12-12T00:00:00Z,ccre,13,8.77858501388889,temperature
2021-12-13T00:00:00Z,ccre,3,8.681295791666667,temperature
2021-12-13T00:00:00Z,ccre,4,8.670500423611111,temperature
2021-12-13T00:00:00Z,ccre,5,8.648375791666666,temperature
2021-12-13T00:00:00Z,ccre,6,8.639478930555555,temperature
2021-12-13T00:00:00Z,ccre,7,8.642074569444445,temperature
2021-12-13T00:00:00Z,ccre,8,8.632975881944445,temperature
2021-12-13T00:00:00Z,ccre,9,8.63414492361111,temperature
2021-12-13T00:00:00Z,ccre,10,8.619927902777778,temperature
2021-12-13T00:00:00Z,ccre,11,8.623426423611111,temperature
2021-12-13T00:00:00Z,ccre,12,8.569747583333333,temperature
2021-12-13T00:00:00Z,ccre,13,8.533632909722222,temperature
2021-12-14T00:00:00Z,ccre,3,8.580361493055555,temperature
2021-12-14T00:00:00Z,ccre,4,8.565174347222221,temperature
2021-12-14T00:00:00Z,ccre,5,8.534566444444444,temperature
2021-12-14T00:00:00Z,ccre,6,8.523786590277778,temperature
2021-12-14T00:00:00Z,ccre,7,8.525727645833333,temperature
2021-12-14T00:00:00Z,ccre,8,8.518676125,temperature
2021-12-14T00:00:00Z,ccre,9,8.521559388888889,temperature
2021-12-14T00:00:00Z,ccre,10,8.507813083333334,temperature
2021-12-14T00:00:00Z,ccre,11,8.508032055555555,temperature
2021-12-14T00:00:00Z,ccre,12,8.473663763888888,temperature
2021-12-14T00:00:00Z,ccre,13,8.419052548611111,temperature
2021-12-15T00:00:00Z,ccre,3,8.513574534722222,temperature
2021-12-15T00:00:00Z,ccre,4,8.491046298611112,temperature
2021-12-15T00:00:00Z,ccre,5,8.459395965277778,temperature
2021-12-15T00:00:00Z,ccre,6,8.446388423611111,temperature
2021-12-15T00:00:00Z,ccre,7,8.446912340277779,temperature
2021-12-15T00:00:00Z,ccre,8,8.437298013888888,temperature
2021-12-15T00:00:00Z,ccre,9,8.436941145833334,temperature
2021-12-15T00:00:00Z,ccre,10,8.420431777777777,temperature
2021-12-15T00:00:00Z,ccre,11,8.421317680555555,temperature
2021-12-15T00:00:00Z,ccre,12,8.385971326388889,temperature
2021-12-15T00:00:00Z,ccre,13,8.369351902777778,temperature
2021-12-16T00:00:00Z,ccre,3,8.440350652777777,temperature
2021-12-16T00:00:00Z,ccre,4,8.425727590277777,temperature
2021-12-16T00:00:00Z,ccre,5,8.394354472222222,temperature
2021-12-16T00:00:00Z,ccre,6,8.358602979166667,temperature
2021-12-16T00:00:00Z,ccre,7,8.324346541666667,temperature
2021-12-16T00:00:00Z,ccre,8,8.301470458333334,temperature
2021-12-16T00:00:00Z,ccre,9,8.298485451388888,temperature
2021-12-16T00:00:00Z,ccre,10,8.277521361111111,temperature
2021-12-16T00:00:00Z,ccre,11,8.280328555555556,temperature
2021-12-16T00:00:00Z,ccre,12,8.269532513888889,temperature
2021-12-16T00:00:00Z,ccre,13,8.292455465277778,temperature
2021-12-17T00:00:00Z,ccre,3,8.766797409722223,temperature
2021-12-17T00:00:00Z,ccre,4,8.532690055555555,temperature
2021-12-17T00:00:00Z,ccre,5,8.391296583333334,temperature
2021-12-17T00:00:00Z,ccre,6,8.299419034722222,temperature
2021-12-17T00:00:00Z,ccre,7,8.2830331875,temperature
2021-12-17T00:00:00Z,ccre,8,8.269588854166667,temperature
2021-12-17T00:00:00Z,ccre,9,8.2693153125,temperature
2021-12-17T00:00:00Z,ccre,10,8.248015534722223,temperature
2021-12-17T00:00:00Z,ccre,11,8.2433776875,temperature
2021-12-17T00:00:00Z,ccre,12,8.219663833333334,temperature
2021-12-17T00:00:00Z,ccre,13,8.220735118055556,temperature
2021-12-18T00:00:00Z,ccre,3,8.896642256944444,temperature
2021-12-18T00:00:00Z,ccre,4,8.64117573611111,temperature
2021-12-18T00:00:00Z,ccre,5,8.424779472222221,temperature
2021-12-18T00:00:00Z,ccre,6,8.348677506944444,temperature
2021-12-18T00:00:00Z,ccre,7,8.313896798611111,temperature
2021-12-18T00:00:00Z,ccre,8,8.289314263888889,temperature
2021-12-18T00:00:00Z,ccre,9,8.282503729166667,temperature
2021-12-18T00:00:00Z,ccre,10,8.261898888888888,temperature
2021-12-18T00:00:00Z,ccre,11,8.266029104166666,temperature
2021-12-18T00:00:00Z,ccre,12,8.240720097222223,temperature
2021-12-18T00:00:00Z,ccre,13,8.249416756944445,temperature
2021-12-19T00:00:00Z,ccre,3,8.570691416666667,temperature
2021-12-19T00:00:00Z,ccre,4,8.54655754861111,temperature
2021-12-19T00:00:00Z,ccre,5,8.507323340277777,temperature
2021-12-19T00:00:00Z,ccre,6,8.493077569444445,temperature
2021-12-19T00:00:00Z,ccre,7,8.490505659722222,temperature
2021-12-19T00:00:00Z,ccre,8,8.483570270833333,temperature
2021-12-19T00:00:00Z,ccre,9,8.484183666666667,temperature
2021-12-19T00:00:00Z,ccre,10,8.453437784722222,temperature
2021-12-19T00:00:00Z,ccre,11,8.456805520833333,temperature
2021-12-19T00:00:00Z,ccre,12,8.379581,temperature
2021-12-19T00:00:00Z,ccre,13,8.329268138888889,temperature
2021-12-20T00:00:00Z,ccre,3,8.226380034722222,temperature
2021-12-20T00:00:00Z,ccre,4,8.229781909722222,temperature
2021-12-20T00:00:00Z,ccre,5,8.205149958333333,temperature
2021-12-20T00:00:00Z,ccre,6,8.201605548611111,temperature
2021-12-20T00:00:00Z,ccre,7,8.205879819444444,temperature
2021-12-20T00:00:00Z,ccre,8,8.19872325,temperature
2021-12-20T00:00:00Z,ccre,9,8.19895725,temperature
2021-12-20T00:00:00Z,ccre,10,8.187655541666667,temperature
2021-12-20T00:00:00Z,ccre,11,8.194246270833334,temperature
2021-12-20T00:00:00Z,ccre,12,8.1837865,temperature
2021-12-20T00:00:00Z,ccre,13,8.184025631944444,temperature
2021-12-21T00:00:00Z,ccre,3,7.997891243055555,temperature
2021-12-21T00:00:00Z,ccre,4,8.008363909722222,temperature
2021-12-21T00:00:00Z,ccre,5,7.988479118055555,temperature
2021-12-21T00:00:00Z,ccre,6,7.984330854166666,temperature
2021-12-21T00:00:00Z,ccre,7,7.988830888888889,temperature
2021-12-21T00:00:00Z,ccre,8,7.982009145833333,temperature
2021-12-21T00:00:00Z,ccre,9,7.98418175,temperature
2021-12-21T00:00:00Z,ccre,10,7.971458923611111,temperature
2021-12-21T00:00:00Z,ccre,11,7.97884425,temperature
2021-12-21T00:00:00Z,ccre,12,7.971645631944445,temperature
2021-12-21T00:00:00Z,ccre,13,7.989252638888889,temperature
2021-12-22T00:00:00Z,ccre,3,7.9392021875,temperature
2021-12-22T00:00:00Z,ccre,4,7.951808902777778,temperature
2021-12-22T00:00:00Z,ccre,5,7.936614951388889,temperature
2021-12-22T00:00:00Z,ccre,6,7.932411618055555,temperature
2021-12-22T00:00:00Z,ccre,7,7.936718965277778,temperature
2021-12-22T00:00:00Z,ccre,8,7.931407395833333,temperature
2021-12-22T00:00:00Z,ccre,9,7.936015388888888,temperature
2021-12-22T00:00:00Z,ccre,10,7.926062888888889,temperature
2021-12-22T00:00:00Z,ccre,11,7.934411368055556,temperature
2021-12-22T00:00:00Z,ccre,12,7.928617604166667,temperature
2021-12-22T00:00:00Z,ccre,13,7.953797229166667,temperature
2021-12-23T00:00:00Z,ccre,3,7.836401555555556,temperature
2021-12-23T00:00:00Z,ccre,4,7.8245893819444445,temperature
2021-12-23T00:00:00Z,ccre,5,7.7947803125,temperature
2021-12-23T00:00:00Z,ccre,6,7.786447715277777,temperature
2021-12-23T00:00:00Z,ccre,7,7.788818291666667,temperature
2021-12-23T00:00:00Z,ccre,8,7.780653361111111,temperature
2021-12-23T00:00:00Z,ccre,9,7.779475861111111,temperature
2021-12-23T00:00:00Z,ccre,10,7.760823479166667,temperature
2021-12-23T00:00:00Z,ccre,11,7.765706729166666,temperature
2021-12-23T00:00:00Z,ccre,12,7.740353375,temperature
2021-12-23T00:00:00Z,ccre,13,7.7146242152777775,temperature
2021-12-24T00:00:00Z,ccre,3,7.807261208333333,temperature
2021-12-24T00:00:00Z,ccre,4,7.768153083333333,temperature
2021-12-24T00:00:00Z,ccre,5,7.728685361111111,temperature
2021-12-24T00:00:00Z,ccre,6,7.716340368055556,temperature
2021-12-24T00:00:00Z,ccre,7,7.707453777777777,temperature
2021-12-24T00:00:00Z,ccre,8,7.663810840277778,temperature
2021-12-24T00:00:00Z,ccre,9,7.645615375,temperature
2021-12-24T00:00:00Z,ccre,10,7.627624895833334,temperature
2021-12-24T00:00:00Z,ccre,11,7.634892527777778,temperature
2021-12-24T00:00:00Z,ccre,12,7.622756256944444,temperature
2021-12-24T00:00:00Z,ccre,13,7.572991430555556,temperature
2021-12-25T00:00:00Z,ccre,3,7.792984638888889,temperature
2021-12-25T00:00:00Z,ccre,4,7.764847590277777,temperature
2021-12-25T00:00:00Z,ccre,5,7.7078442152777775,temperature
2021-12-25T00:00:00Z,ccre,6,7.684500708333333,temperature
2021-12-25T00:00:00Z,ccre,7,7.679079201388889,temperature
2021-12-25T00:00:00Z,ccre,8,7.660376409722222,temperature
2021-12-25T00:00:00Z,ccre,9,7.648786708333334,temperature
2021-12-25T00:00:00Z,ccre,10,7.632339798611112,temperature
2021-12-25T00:00:00Z,ccre,11,7.638219763888888,temperature
2021-12-25T00:00:00Z,ccre,12,7.626663125,temperature
2021-12-25T00:00:00Z,ccre,13,7.6234365625,temperature
2021-12-26T00:00:00Z,ccre,3,8.043337680555556,temperature
2021-12-26T00:00:00Z,ccre,4,8.036833604166667,temperature
2021-12-26T00:00:00Z,ccre,5,8.005253861111111,temperature
2021-12-26T00:00:00Z,ccre,6,7.991714652777778,temperature
2021-12-26T00:00:00Z,ccre,7,7.932723729166667,temperature
2021-12-26T00:00:00Z,ccre,8,7.838565472222222,temperature
2021-12-26T00:00:00Z,ccre,9,7.779188395833334,temperature
2021-12-26T00:00:00Z,ccre,10,7.716477444444444,temperature
2021-12-26T00:00:00Z,ccre,11,7.708813916666666,temperature
2021-12-26T00:00:00Z,ccre,12,7.6766503125,temperature
2021-12-26T00:00:00Z,ccre,13,7.689147916666666,temperature
2021-12-27T00:00:00Z,ccre,3,8.288231756944445,temperature
2021-12-27T00:00:00Z,ccre,4,8.211855791666666,temperature
2021-12-27T00:00:00Z,ccre,5,8.098222854166666,temperature
2021-12-27T00:00:00Z,ccre,6,8.005832069444445,temperature
2021-12-27T00:00:00Z,ccre,7,7.934158875,temperature
2021-12-27T00:00:00Z,ccre,8,7.867726270833333,temperature
2021-12-27T00:00:00Z,ccre,9,7.806230263888889,temperature
2021-12-27T00:00:00Z,ccre,10,7.7197555625,temperature
2021-12-27T00:00:00Z,ccre,11,7.715081888888889,temperature
2021-12-27T00:00:00Z,ccre,12,7.694802333333333,temperature
2021-12-27T00:00:00Z,ccre,13,7.713997930555555,temperature
2021-12-28T00:00:00Z,ccre,3,8.2791318125,temperature
2021-12-28T00:00:00Z,ccre,4,8.206516416666666,temperature
2021-12-28T00:00:00Z,ccre,5,8.139453569444445,temperature
2021-12-28T00:00:00Z,ccre,6,8.036529104166666,temperature
2021-12-28T00:00:00Z,ccre,7,7.904899340277778,temperature
2021-12-28T00:00:00Z,ccre,8,7.839015486111111,temperature
2021-12-28T00:00:00Z,ccre,9,7.810746270833333,temperature
2021-12-28T00:00:00Z,ccre,10,7.754918527777778,temperature
2021-12-28T00:00:00Z,ccre,11,7.7387835,temperature
2021-12-28T00:00:00Z,ccre,12,7.7037575277777774,temperature
2021-12-28T00:00:00Z,ccre,13,7.7208950694444445,temperature
2021-12-29T00:00:00Z,ccre,3,8.534782194444444,temperature
2021-12-29T00:00:00Z,ccre,4,8.422824243055556,temperature
2021-12-29T00:00:00Z,ccre,5,8.255261868055555,temperature
2021-12-29T00:00:00Z,ccre,6,8.068951923611111,temperature
2021-12-29T00:00:00Z,ccre,7,7.987899333333333,temperature
2021-12-29T00:00:00Z,ccre,8,7.926959201388889,temperature
2021-12-29T00:00:00Z,ccre,9,7.889528944444445,temperature
2021-12-29T00:00:00Z,ccre,10,7.832374111111111,temperature
2021-12-29T00:00:00Z,ccre,11,7.825879548611111,temperature
2021-12-29T00:00:00Z,ccre,12,7.785615381944444,temperature
2021-12-29T00:00:00Z,ccre,13,7.777194347222222,temperature
2021-12-30T00:00:00Z,ccre,3,9.019321833333333,temperature
2021-12-30T00:00:00Z,ccre,4,8.63806173611111,temperature
2021-12-30T00:00:00Z,ccre,5,8.320302736111111,temperature
2021-12-30T00:00:00Z,ccre,6,8.198197840277778,temperature
2021-12-30T00:00:00Z,ccre,7,8.124198513888889,temperature
2021-12-30T00:00:00Z,ccre,8,8.046627368055555,temperature
2021-12-30T00:00:00Z,ccre,9,7.9917751875,temperature
2021-12-30T00:00:00Z,ccre,10,7.914194034722223,temperature
2021-12-30T00:00:00Z,ccre,11,7.901643111111111,temperature
2021-12-30T00:00:00Z,ccre,12,7.821870555555556,temperature
2021-12-30T00:00:00Z,ccre,13,7.780119756944444,temperature
2021-12-31T00:00:00Z,ccre,3,9.181387569444444,temperature
2021-12-31T00:00:00Z,ccre,4,8.836870777777778,temperature
2021-12-31T00:00:00Z,ccre,5,8.347090444444444,temperature
2021-12-31T00:00:00Z,ccre,6,8.195343270833334,temperature
2021-12-31T00:00:00Z,ccre,7,8.109669944444445,temperature
2021-12-31T00:00:00Z,ccre,8,8.031432909722222,temperature
2021-12-31T00:00:00Z,ccre,9,7.976124291666666,temperature
2021-12-31T00:00:00Z,ccre,10,7.881942902777777,temperature
2021-12-31T00:00:00Z,ccre,11,7.861588958333333,temperature
2021-12-31T00:00:00Z,ccre,12,7.791642888888889,temperature
2021-12-31T00:00:00Z,ccre,13,7.801754423611111,temperature
2022-01-01T00:00:00Z,ccre,3,9.48017586111111,temperature
2022-01-01T00:00:00Z,ccre,4,9.197648361111112,temperature
2022-01-01T00:00:00Z,ccre,5,8.463989493055555,temperature
2022-01-01T00:00:00Z,ccre,6,8.291444354166666,temperature
2022-01-01T00:00:00Z,ccre,7,8.195929215277777,temperature
2022-01-01T00:00:00Z,ccre,8,8.102967347222222,temperature
2022-01-01T00:00:00Z,ccre,9,8.041965784722223,temperature
2022-01-01T00:00:00Z,ccre,10,7.9488595,temperature
2022-01-01T00:00:00Z,ccre,11,7.930898201388889,temperature
2022-01-01T00:00:00Z,ccre,12,7.839587868055555,temperature
2022-01-01T00:00:00Z,ccre,13,7.835162847222223,temperature
2022-01-02T00:00:00Z,ccre,3,9.611702416666668,temperature
2022-01-02T00:00:00Z,ccre,4,9.4626751875,temperature
2022-01-02T00:00:00Z,ccre,5,9.277945402777778,temperature
2022-01-02T00:00:00Z,ccre,6,9.106965138888889,temperature
2022-01-02T00:00:00Z,ccre,7,8.909051902777778,temperature
2022-01-02T00:00:00Z,ccre,8,8.697703243055555,temperature
2022-01-02T00:00:00Z,ccre,9,8.491331694444444,temperature
2022-01-02T00:00:00Z,ccre,10,8.161204944444444,temperature
2022-01-02T00:00:00Z,ccre,11,8.08566875,temperature
2022-01-02T00:00:00Z,ccre,12,7.9164675,temperature
2022-01-02T00:00:00Z,ccre,13,7.899426777777778,temperature
2022-01-03T00:00:00Z,ccre,3,8.883568944444445,temperature
2022-01-03T00:00:00Z,ccre,4,8.897896951388889,temperature
2022-01-03T00:00:00Z,ccre,5,8.879565548611112,temperature
2022-01-03T00:00:00Z,ccre,6,8.873374729166667,temperature
2022-01-03T00:00:00Z,ccre,7,8.870139041666667,temperature
2022-01-03T00:00:00Z,ccre,8,8.849410763888889,temperature
2022-01-03T00:00:00Z,ccre,9,8.828248979166666,temperature
2022-01-03T00:00:00Z,ccre,10,8.714186777777778,temperature
2022-01-03T00:00:00Z,ccre,11,8.679617736111112,temperature
2022-01-03T00:00:00Z,ccre,12,8.488374194444445,temperature
2022-01-03T00:00:00Z,ccre,13,8.3930626875,temperature
2022-01-04T00:00:00Z,ccre,3,8.364662138888889,temperature
2022-01-04T00:00:00Z,ccre,4,8.356698770833333,temperature
2022-01-04T00:00:00Z,ccre,5,8.32262757638889,temperature
2022-01-04T00:00:00Z,ccre,6,8.315523819444444,temperature
2022-01-04T00:00:00Z,ccre,7,8.317581416666666,temperature
2022-01-04T00:00:00Z,ccre,8,8.307994597222223,temperature
2022-01-04T00:00:00Z,ccre,9,8.305583729166667,temperature
2022-01-04T00:00:00Z,ccre,10,8.278698861111112,temperature
2022-01-04T00:00:00Z,ccre,11,8.266955256944444,temperature
2022-01-04T00:00:00Z,ccre,12,8.155284986111111,temperature
2022-01-04T00:00:00Z,ccre,13,8.166401666666667,temperature
2022-01-05T00:00:00Z,ccre,3,7.991982534722222,temperature
2022-01-05T00:00:00Z,ccre,4,7.9873235,temperature
2022-01-05T00:00:00Z,ccre,5,7.9650492222222224,temperature
2022-01-05T00:00:00Z,ccre,6,7.958202361111111,temperature
2022-01-05T00:00:00Z,ccre,7,7.9620036319444445,temperature
2022-01-05T00:00:00Z,ccre,8,7.955679395833333,temperature
2022-01-05T00:00:00Z,ccre,9,7.957806131944444,temperature
2022-01-05T00:00:00Z,ccre,10,7.945630270833333,temperature
2022-01-05T00:00:00Z,ccre,11,7.947407,temperature
2022-01-05T00:00:00Z,ccre,12,7.896482652777777,temperature
2022-01-05T00:00:00Z,ccre,13,7.880303659722222,temperature
2022-01-06T00:00:00Z,ccre,3,7.7865765555555555,temperature
2022-01-06T00:00:00Z,ccre,4,7.788694972222222,temperature
2022-01-06T00:00:00Z,ccre,5,7.764902673611111,temperature
2022-01-06T00:00:00Z,ccre,6,7.755545881944444,temperature
2022-01-06T00:00:00Z,ccre,7,7.754114881944444,temperature
2022-01-06T00:00:00Z,ccre,8,7.7430858194444445,temperature
2022-01-06T00:00:00Z,ccre,9,7.741289048611111,temperature
2022-01-06T00:00:00Z,ccre,10,7.727828104166667,temperature
2022-01-06T00:00:00Z,ccre,11,7.734143291666666,temperature
2022-01-06T00:00:00Z,ccre,12,7.721584222222222,temperature
2022-01-06T00:00:00Z,ccre,13,7.6875728472222224,temperature
2022-01-07T00:00:00Z,ccre,3,7.487601763888889,temperature
2022-01-07T00:00:00Z,ccre,4,7.498488465277778,temperature
2022-01-07T00:00:00Z,ccre,5,7.481621583333333,temperature
2022-01-07T00:00:00Z,ccre,6,7.477291048611111,temperature
2022-01-07T00:00:00Z,ccre,7,7.482898625,temperature
2022-01-07T00:00:00Z,ccre,8,7.475469736111111,temperature
2022-01-07T00:00:00Z,ccre,9,7.478149347222222,temperature
2022-01-07T00:00:00Z,ccre,10,7.463351958333333,temperature
2022-01-07T00:00:00Z,ccre,11,7.469258583333334,temperature
2022-01-07T00:00:00Z,ccre,12,7.4669784375,temperature
2022-01-07T00:00:00Z,ccre,13,7.489882888888889,temperature
2022-01-08T00:00:00Z,ccre,3,7.194322506944444,temperature
2022-01-08T00:00:00Z,ccre,4,7.200015368055555,temperature
2022-01-08T00:00:00Z,ccre,5,7.171475861111111,temperature
2022-01-08T00:00:00Z,ccre,6,7.161510013888889,temperature
2022-01-08T00:00:00Z,ccre,7,7.161637576388889,temperature
2022-01-08T00:00:00Z,ccre,8,7.153282916666667,temperature
2022-01-08T00:00:00Z,ccre,9,7.152447333333333,temperature
2022-01-08T00:00:00Z,ccre,10,7.1348045625,temperature
2022-01-08T00:00:00Z,ccre,11,7.1404243194444446,temperature
2022-01-08T00:00:00Z,ccre,12,7.12289575,temperature
2022-01-08T00:00:00Z,ccre,13,7.082402583333334,temperature
2022-01-09T00:00:00Z,ccre,3,6.974669701388889,temperature
2022-01-09T00:00:00Z,ccre,4,6.9737349375,temperature
2022-01-09T00:00:00Z,ccre,5,6.950307208333333,temperature
2022-01-09T00:00:00Z,ccre,6,6.943230722222222,temperature
2022-01-09T00:00:00Z,ccre,7,6.945876659722222,temperature
2022-01-09T00:00:00Z,ccre,8,6.9391226875,temperature
2022-01-09T00:00:00Z,ccre,9,6.941566868055555,temperature
2022-01-09T00:00:00Z,ccre,10,6.928364986111111,temperature
2022-01-09T00:00:00Z,ccre,11,6.935551708333334,temperature
2022-01-09T00:00:00Z,ccre,12,6.918577625,temperature
2022-01-09T00:00:00Z,ccre,13,6.8812569097222225,temperature
2022-01-10T00:00:00Z,ccre,2,6.244007172043011,temperature
2022-01-10T00:00:00Z,ccre,3,6.744253090277778,temperature
2022-01-10T00:00:00Z,ccre,4,6.755177722222222,temperature
2022-01-10T00:00:00Z,ccre,5,6.739433,temperature
2022-01-10T00:00:00Z,ccre,6,6.738091534722222,temperature
2022-01-10T00:00:00Z,ccre,7,6.7419890972222225,temperature
2022-01-10T00:00:00Z,ccre,8,6.735974805555555,temperature
2022-01-10T00:00:00Z,ccre,9,6.7392576875,temperature
2022-01-10T00:00:00Z,ccre,10,6.725273055555555,temperature
2022-01-10T00:00:00Z,ccre,11,6.731016354166667,temperature
2022-01-10T00:00:00Z,ccre,12,6.727249729166667,temperature
2022-01-10T00:00:00Z,ccre,13,6.752797791666667,temperature
2022-01-11T00:00:00Z,ccre,2,5.114580281958042,temperature
2022-01-11T00:00:00Z,ccre,3,6.503426159722222,temperature
2022-01-11T00:00:00Z,ccre,4,6.5105092013888886,temperature
2022-01-11T00:00:00Z,ccre,5,6.484766784722222,temperature
2022-01-11T00:00:00Z,ccre,6,6.476326347222222,temperature
2022-01-11T00:00:00Z,ccre,7,6.4755439444444445,temperature
2022-01-11T00:00:00Z,ccre,8,6.460351236111111,temperature
2022-01-11T00:00:00Z,ccre,9,6.453204416666667,temperature
2022-01-11T00:00:00Z,ccre,10,6.425999083333333,temperature
2022-01-11T00:00:00Z,ccre,11,6.426866277777778,temperature
2022-01-11T00:00:00Z,ccre,12,6.391745833333333,temperature
2022-01-11T00:00:00Z,ccre,13,6.3985156666666665,temperature
2022-01-12T00:00:00Z,ccre,2,4.9245622340277775,temperature
2022-01-12T00:00:00Z,ccre,3,6.3173043402777775,temperature
2022-01-12T00:00:00Z,ccre,4,6.3060920625,temperature
2022-01-12T00:00:00Z,ccre,5,6.273198819444445,temperature
2022-01-12T00:00:00Z,ccre,6,6.2689399097222225,temperature
2022-01-12T00:00:00Z,ccre,7,6.269060715277778,temperature
2022-01-12T00:00:00Z,ccre,8,6.2595388125,temperature
2022-01-12T00:00:00Z,ccre,9,6.261955819444444,temperature
2022-01-12T00:00:00Z,ccre,10,6.246236305555556,temperature
2022-01-12T00:00:00Z,ccre,11,6.250296847222223,temperature
2022-01-12T00:00:00Z,ccre,12,6.211941402777778,temperature
2022-01-12T00:00:00Z,ccre,13,6.170441715277778,temperature
2022-01-13T00:00:00Z,ccre,2,5.857430104166666,temperature
2022-01-13T00:00:00Z,ccre,3,6.1798412916666665,temperature
2022-01-13T00:00:00Z,ccre,4,6.174181138888889,temperature
2022-01-13T00:00:00Z,ccre,5,6.1506086458333336,temperature
2022-01-13T00:00:00Z,ccre,6,6.1436127222222225,temperature
2022-01-13T00:00:00Z,ccre,7,6.145296694444444,temperature
2022-01-13T00:00:00Z,ccre,8,6.134942763888889,temperature
2022-01-13T00:00:00Z,ccre,9,6.134838875,temperature
2022-01-13T00:00:00Z,ccre,10,6.11280625,temperature
2022-01-13T00:00:00Z,ccre,11,6.1089154444444445,temperature
2022-01-13T00:00:00Z,ccre,12,6.031539895833333,temperature
2022-01-13T00:00:00Z,ccre,13,6.008328493055555,temperature
2022-01-14T00:00:00Z,ccre,2,5.934536173611111,temperature
2022-01-14T00:00:00Z,ccre,3,6.100003923611111,temperature
2022-01-14T00:00:00Z,ccre,4,6.1064573611111115,temperature
2022-01-14T00:00:00Z,ccre,5,6.088929215277778,temperature
2022-01-14T00:00:00Z,ccre,6,6.086117104166667,temperature
2022-01-14T00:00:00Z,ccre,7,6.089555048611111,temperature
2022-01-14T00:00:00Z,ccre,8,6.081872277777777,temperature
2022-01-14T00:00:00Z,ccre,9,6.085896534722222,temperature
2022-01-14T00:00:00Z,ccre,10,6.0702688125,temperature
2022-01-14T00:00:00Z,ccre,11,6.074335923611111,temperature
2022-01-14T00:00:00Z,ccre,12,6.043227465277778,temperature
2022-01-14T00:00:00Z,ccre,13,5.951723041666667,temperature
2022-01-15T00:00:00Z,ccre,2,5.409987069444444,temperature
2022-01-15T00:00:00Z,ccre,3,5.995601208333333,temperature
2022-01-15T00:00:00Z,ccre,4,6.001825694444444,temperature
2022-01-15T00:00:00Z,ccre,5,5.981113625,temperature
2022-01-15T00:00:00Z,ccre,6,5.974416840277778,temperature
2022-01-15T00:00:00Z,ccre,7,5.977349784722223,temperature
2022-01-15T00:00:00Z,ccre,8,5.970139777777778,temperature
2022-01-15T00:00:00Z,ccre,9,5.973228798611111,temperature
2022-01-15T00:00:00Z,ccre,10,5.960513784722222,temperature
2022-01-15T00:00:00Z,ccre,11,5.966700013888889,temperature
2022-01-15T00:00:00Z,ccre,12,5.9390165,temperature
2022-01-15T00:00:00Z,ccre,13,5.836363194444444,temperature
2022-01-16T00:00:00Z,ccre,2,5.0542410972222225,temperature
2022-01-16T00:00:00Z,ccre,3,5.625577638888889,temperature
2022-01-16T00:00:00Z,ccre,4,5.644709472222222,temperature
2022-01-16T00:00:00Z,ccre,5,5.630362777777778,temperature
2022-01-16T00:00:00Z,ccre,6,5.627477791666666,temperature
2022-01-16T00:00:00Z,ccre,7,5.632160145833334,temperature
2022-01-16T00:00:00Z,ccre,8,5.6272137847222226,temperature
2022-01-16T00:00:00Z,ccre,9,5.634462069444444,temperature
2022-01-16T00:00:00Z,ccre,10,5.616782034722222,temperature
2022-01-16T00:00:00Z,ccre,11,5.622701604166666,temperature
2022-01-16T00:00:00Z,ccre,12,5.618943243055556,temperature
2022-01-16T00:00:00Z,ccre,13,5.587798840277777,temperature
2022-01-17T00:00:00Z,ccre,2,5.055984618055556,temperature
2022-01-17T00:00:00Z,ccre,3,5.1872098125,temperature
2022-01-17T00:00:00Z,ccre,4,5.195222805555556,temperature
2022-01-17T00:00:00Z,ccre,5,5.178677,temperature
2022-01-17T00:00:00Z,ccre,6,5.174274354166666,temperature
2022-01-17T00:00:00Z,ccre,7,5.177831354166667,temperature
2022-01-17T00:00:00Z,ccre,8,5.169483125,temperature
2022-01-17T00:00:00Z,ccre,9,5.1735211875,temperature
2022-01-17T00:00:00Z,ccre,10,5.1609193541666665,temperature
2022-01-17T00:00:00Z,ccre,11,5.1677391875,temperature
2022-01-17T00:00:00Z,ccre,12,5.164348118055556,temperature
2022-01-17T00:00:00Z,ccre,13,5.193289194444445,temperature
2022-01-18T00:00:00Z,ccre,2,4.912059256944445,temperature
2022-01-18T00:00:00Z,ccre,3,5.040993701388889,temperature
2022-01-18T00:00:00Z,ccre,4,5.042706548611111,temperature
2022-01-18T00:00:00Z,ccre,5,5.018367916666667,temperature
2022-01-18T00:00:00Z,ccre,6,5.012265270833334,temperature
2022-01-18T00:00:00Z,ccre,7,5.0139183194444445,temperature
2022-01-18T00:00:00Z,ccre,8,5.0053986041666665,temperature
2022-01-18T00:00:00Z,ccre,9,5.0071166875,temperature
2022-01-18T00:00:00Z,ccre,10,4.9878723888888885,temperature
2022-01-18T00:00:00Z,ccre,11,4.9918144444444446,temperature
2022-01-18T00:00:00Z,ccre,12,4.9679995,temperature
2022-01-18T00:00:00Z,ccre,13,4.9833943680555555,temperature
2022-01-19T00:00:00Z,ccre,2,4.6964256875,temperature
2022-01-19T00:00:00Z,ccre,3,4.879544298611111,temperature
2022-01-19T00:00:00Z,ccre,4,4.879515479166667,temperature
2022-01-19T00:00:00Z,ccre,5,4.856714395833333,temperature
2022-01-19T00:00:00Z,ccre,6,4.847588118055556,temperature
2022-01-19T00:00:00Z,ccre,7,4.848520020833333,temperature
2022-01-19T00:00:00Z,ccre,8,4.839875298611111,temperature
2022-01-19T00:00:00Z,ccre,9,4.841983284722223,temperature
2022-01-19T00:00:00Z,ccre,10,4.826409152777778,temperature
2022-01-19T00:00:00Z,ccre,11,4.831449645833334,temperature
2022-01-19T00:00:00Z,ccre,12,4.816715340277778,temperature
2022-01-19T00:00:00Z,ccre,13,4.840806270833333,temperature
2022-01-20T00:00:00Z,ccre,2,4.742952076388889,temperature
2022-01-20T00:00:00Z,ccre,3,4.830408604166666,temperature
2022-01-20T00:00:00Z,ccre,4,4.839462673611111,temperature
2022-01-20T00:00:00Z,ccre,5,4.823399402777778,temperature
2022-01-20T00:00:00Z,ccre,6,4.818825125,temperature
2022-01-20T00:00:00Z,ccre,7,4.822339097222223,temperature
2022-01-20T00:00:00Z,ccre,8,4.815568868055555,temperature
2022-01-20T00:00:00Z,ccre,9,4.8209834166666665,temperature
2022-01-20T00:00:00Z,ccre,10,4.807886520833334,temperature
2022-01-20T00:00:00Z,ccre,11,4.813896979166667,temperature
2022-01-20T00:00:00Z,ccre,12,4.8045367430555554,temperature
2022-01-20T00:00:00Z,ccre,13,4.827684333333333,temperature
2022-01-21T00:00:00Z,ccre,2,4.528994013888889,temperature
2022-01-21T00:00:00Z,ccre,3,4.645287986111111,temperature
2022-01-21T00:00:00Z,ccre,4,4.657954076388889,temperature
2022-01-21T00:00:00Z,ccre,5,4.641023604166667,temperature
2022-01-21T00:00:00Z,ccre,6,4.637294090277778,temperature
2022-01-21T00:00:00Z,ccre,7,4.639921993055555,temperature
2022-01-21T00:00:00Z,ccre,8,4.6349715555555555,temperature
2022-01-21T00:00:00Z,ccre,9,4.640043861111111,temperature
2022-01-21T00:00:00Z,ccre,10,4.6227179375,temperature
2022-01-21T00:00:00Z,ccre,11,4.628215701388889,temperature
2022-01-21T00:00:00Z,ccre,12,4.627983861111111,temperature
2022-01-21T00:00:00Z,ccre,13,4.660646166666667,temperature
2022-01-22T00:00:00Z,ccre,2,4.096396868055556,temperature
2022-01-22T00:00:00Z,ccre,3,4.326029236111111,temperature
2022-01-22T00:00:00Z,ccre,4,4.3401256041666665,temperature
2022-01-22T00:00:00Z,ccre,5,4.310419861111111,temperature
2022-01-22T00:00:00Z,ccre,6,4.3044545625,temperature
2022-01-22T00:00:00Z,ccre,7,4.304877569444445,temperature
2022-01-22T00:00:00Z,ccre,8,4.296732722222222,temperature
2022-01-22T00:00:00Z,ccre,9,4.299225631944444,temperature
2022-01-22T00:00:00Z,ccre,10,4.280996291666667,temperature
2022-01-22T00:00:00Z,ccre,11,4.281932159722222,temperature
2022-01-22T00:00:00Z,ccre,12,4.277147888888889,temperature
2022-01-22T00:00:00Z,ccre,13,4.306351263888889,temperature
2022-01-23T00:00:00Z,ccre,2,3.934956861111111,temperature
2022-01-23T00:00:00Z,ccre,3,4.100805902777778,temperature
2022-01-23T00:00:00Z,ccre,4,4.103458791666666,temperature
2022-01-23T00:00:00Z,ccre,5,4.081799576388889,temperature
2022-01-23T00:00:00Z,ccre,6,4.07130575,temperature
2022-01-23T00:00:00Z,ccre,7,4.074691097222222,temperature
2022-01-23T00:00:00Z,ccre,8,4.067117875,temperature
2022-01-23T00:00:00Z,ccre,9,4.0720801388888885,temperature
2022-01-23T00:00:00Z,ccre,10,4.057421770833333,temperature
2022-01-23T00:00:00Z,ccre,11,4.060947159722223,temperature
2022-01-23T00:00:00Z,ccre,12,4.0626309166666665,temperature
2022-01-23T00:00:00Z,ccre,13,4.100888736111111,temperature
2022-01-24T00:00:00Z,ccre,2,3.8971580625,temperature
2022-01-24T00:00:00Z,ccre,3,4.076657736111111,temperature
2022-01-24T00:00:00Z,ccre,4,4.0775278125,temperature
2022-01-24T00:00:00Z,ccre,5,4.054404083333333,temperature
2022-01-24T00:00:00Z,ccre,6,4.045003,temperature
2022-01-24T00:00:00Z,ccre,7,4.045381493055555,temperature
2022-01-24T00:00:00Z,ccre,8,4.037936902777778,temperature
2022-01-24T00:00:00Z,ccre,9,4.0433262361111115,temperature
2022-01-24T00:00:00Z,ccre,10,4.029060131944444,temperature
2022-01-24T00:00:00Z,ccre,11,4.034315659722222,temperature
2022-01-24T00:00:00Z,ccre,12,4.033068041666667,temperature
2022-01-24T00:00:00Z,ccre,13,4.071018597222222,temperature
2022-01-25T00:00:00Z,ccre,2,4.114515868055555,temperature
2022-01-25T00:00:00Z,ccre,3,4.215171583333333,temperature
2022-01-25T00:00:00Z,ccre,4,4.221121013888889,temperature
2022-01-25T00:00:00Z,ccre,5,4.197932694444445,temperature
2022-01-25T00:00:00Z,ccre,6,4.192751534722222,temperature
2022-01-25T00:00:00Z,ccre,7,4.196559652777778,temperature
2022-01-25T00:00:00Z,ccre,8,4.1902901805555555,temperature
2022-01-25T00:00:00Z,ccre,9,4.197243979166666,temperature
2022-01-25T00:00:00Z,ccre,10,4.185655097222222,temperature
2022-01-25T00:00:00Z,ccre,11,4.193104361111112,temperature
2022-01-25T00:00:00Z,ccre,12,4.188683423611111,temperature
2022-01-25T00:00:00Z,ccre,13,4.221731527777778,temperature
2022-01-26T00:00:00Z,ccre,2,4.129505743055556,temperature
2022-01-26T00:00:00Z,ccre,3,4.259969,temperature
2022-01-26T00:00:00Z,ccre,4,4.275434861111111,temperature
2022-01-26T00:00:00Z,ccre,5,4.253653597222223,temperature
2022-01-26T00:00:00Z,ccre,6,4.251270701388889,temperature
2022-01-26T00:00:00Z,ccre,7,4.2540810625,temperature
2022-01-26T00:00:00Z,ccre,8,4.250293291666667,temperature
2022-01-26T00:00:00Z,ccre,9,4.257393479166667,temperature
2022-01-26T00:00:00Z,ccre,10,4.243584666666667,temperature
2022-01-26T00:00:00Z,ccre,11,4.248178659722222,temperature
2022-01-26T00:00:00Z,ccre,12,4.245308111111111,temperature
2022-01-26T00:00:00Z,ccre,13,4.278101513888889,temperature
2022-01-27T00:00:00Z,ccre,2,3.7031795972222223,temperature
2022-01-27T00:00:00Z,ccre,3,3.8941308333333335,temperature
2022-01-27T00:00:00Z,ccre,4,3.9044979236111113,temperature
2022-01-27T00:00:00Z,ccre,5,3.883457347222222,temperature
2022-01-27T00:00:00Z,ccre,6,3.876878895833334,temperature
2022-01-27T00:00:00Z,ccre,7,3.8809765138888888,temperature
2022-01-27T00:00:00Z,ccre,8,3.875513,temperature
2022-01-27T00:00:00Z,ccre,9,3.8852460347222224,temperature
2022-01-27T00:00:00Z,ccre,10,3.864813652777778,temperature
2022-01-27T00:00:00Z,ccre,11,3.8695137777777777,temperature
2022-01-27T00:00:00Z,ccre,12,3.887265013888889,temperature
2022-01-27T00:00:00Z,ccre,13,3.929386513888889,temperature
2022-01-28T00:00:00Z,ccre,2,3.7982219583333334,temperature
2022-01-28T00:00:00Z,ccre,3,3.899938701388889,temperature
2022-01-28T00:00:00Z,ccre,4,3.899318236111111,temperature
2022-01-28T00:00:00Z,ccre,5,3.881252243055555,temperature
2022-01-28T00:00:00Z,ccre,6,3.872093347222222,temperature
2022-01-28T00:00:00Z,ccre,7,3.8718808333333334,temperature
2022-01-28T00:00:00Z,ccre,8,3.863526388888889,temperature
2022-01-28T00:00:00Z,ccre,9,3.866255819444445,temperature
2022-01-28T00:00:00Z,ccre,10,3.850087652777778,temperature
2022-01-28T00:00:00Z,ccre,11,3.8570647152777777,temperature
2022-01-28T00:00:00Z,ccre,12,3.8665450902777776,temperature
2022-01-28T00:00:00Z,ccre,13,3.921951055555556,temperature
2022-01-29T00:00:00Z,ccre,2,3.696857381944445,temperature
2022-01-29T00:00:00Z,ccre,3,3.7928512638888887,temperature
2022-01-29T00:00:00Z,ccre,4,3.8045507777777776,temperature
2022-01-29T00:00:00Z,ccre,5,3.787053590277778,temperature
2022-01-29T00:00:00Z,ccre,6,3.7860365,temperature
2022-01-29T00:00:00Z,ccre,7,3.7916789375,temperature
2022-01-29T00:00:00Z,ccre,8,3.786137020833334,temperature
2022-01-29T00:00:00Z,ccre,9,3.7926544791666665,temperature
2022-01-29T00:00:00Z,ccre,10,3.782188756944445,temperature
2022-01-29T00:00:00Z,ccre,11,3.7902109236111112,temperature
2022-01-29T00:00:00Z,ccre,12,3.7819990833333335,temperature
2022-01-29T00:00:00Z,ccre,13,3.8150746041666665,temperature
2022-01-30T00:00:00Z,ccre,2,3.1033796875,temperature
2022-01-30T00:00:00Z,ccre,3,3.3314295416666666,temperature
2022-01-30T00:00:00Z,ccre,4,3.3566659097222225,temperature
2022-01-30T00:00:00Z,ccre,5,3.341498006944444,temperature
2022-01-30T00:00:00Z,ccre,6,3.3420631875,temperature
2022-01-30T00:00:00Z,ccre,7,3.3590019375,temperature
2022-01-30T00:00:00Z,ccre,8,3.38493575,temperature
2022-01-30T00:00:00Z,ccre,9,3.428252909722222,temperature
2022-01-30T00:00:00Z,ccre,10,3.5030764652777777,temperature
2022-01-30T00:00:00Z,ccre,11,3.5443394305555556,temperature
2022-01-30T00:00:00Z,ccre,12,3.574409875,temperature
2022-01-30T00:00:00Z,ccre,13,3.6278558472222224,temperature
2022-01-31T00:00:00Z,ccre,2,3.2484374166666665,temperature
2022-01-31T00:00:00Z,ccre,3,3.379165798611111,temperature
2022-01-31T00:00:00Z,ccre,4,3.3857627152777776,temperature
2022-01-31T00:00:00Z,ccre,5,3.3652114027777777,temperature
2022-01-31T00:00:00Z,ccre,6,3.3596268888888887,temperature
2022-01-31T00:00:00Z,ccre,7,3.371243145833333,temperature
2022-01-31T00:00:00Z,ccre,8,3.378630298611111,temperature
2022-01-31T00:00:00Z,ccre,9,3.3941190347222223,temperature
2022-01-31T00:00:00Z,ccre,10,3.3968486388888888,temperature
2022-01-31T00:00:00Z,ccre,11,3.4183049930555556,temperature
2022-01-31T00:00:00Z,ccre,12,3.5151161388888887,temperature
2022-01-31T00:00:00Z,ccre,13,3.6250607222222224,temperature
2022-02-01T00:00:00Z,ccre,2,3.194796388888889,temperature
2022-02-01T00:00:00Z,ccre,3,3.443756027777778,temperature
2022-02-01T00:00:00Z,ccre,4,3.4638828055555555,temperature
2022-02-01T00:00:00Z,ccre,5,3.468271423611111,temperature
2022-02-01T00:00:00Z,ccre,6,3.4730236458333335,temperature
2022-02-01T00:00:00Z,ccre,7,3.481894111111111,temperature
2022-02-01T00:00:00Z,ccre,8,3.4807087777777777,temperature
2022-02-01T00:00:00Z,ccre,9,3.496939513888889,temperature
2022-02-01T00:00:00Z,ccre,10,3.4893599652777776,temperature
2022-02-01T00:00:00Z,ccre,11,3.502145923611111,temperature
2022-02-01T00:00:00Z,ccre,12,3.5406408333333332,temperature
2022-02-01T00:00:00Z,ccre,13,3.626129930555555,temperature
2022-02-02T00:00:00Z,ccre,2,3.2153989097222224,temperature
2022-02-02T00:00:00Z,ccre,3,3.323378611111111,temperature
2022-02-02T00:00:00Z,ccre,4,3.343603041666667,temperature
2022-02-02T00:00:00Z,ccre,5,3.3397968472222224,temperature
2022-02-02T00:00:00Z,ccre,6,3.3487600972222222,temperature
2022-02-02T00:00:00Z,ccre,7,3.387271826388889,temperature
2022-02-02T00:00:00Z,ccre,8,3.4150381666666667,temperature
2022-02-02T00:00:00Z,ccre,9,3.434092375,temperature
2022-02-02T00:00:00Z,ccre,10,3.4493954652777776,temperature
2022-02-02T00:00:00Z,ccre,11,3.480618145833333,temperature
2022-02-02T00:00:00Z,ccre,12,3.604854493055555,temperature
2022-02-02T00:00:00Z,ccre,13,3.688696284722222,temperature
2022-02-03T00:00:00Z,ccre,2,3.635663090277778,temperature
2022-02-03T00:00:00Z,ccre,3,3.648402,temperature
2022-02-03T00:00:00Z,ccre,4,3.649195701388889,temperature
2022-02-03T00:00:00Z,ccre,5,3.6314665,temperature
2022-02-03T00:00:00Z,ccre,6,3.6253515277777777,temperature
2022-02-03T00:00:00Z,ccre,7,3.6289740277777778,temperature
2022-02-03T00:00:00Z,ccre,8,3.6233333819444447,temperature
2022-02-03T00:00:00Z,ccre,9,3.631521590277778,temperature
2022-02-03T00:00:00Z,ccre,10,3.625729833333333,temperature
2022-02-03T00:00:00Z,ccre,11,3.634121104166667,temperature
2022-02-03T00:00:00Z,ccre,12,3.637058229166666,temperature
2022-02-03T00:00:00Z,ccre,13,3.704956215277778,temperature
2022-02-04T00:00:00Z,ccre,2,3.994563791666667,temperature
2022-02-04T00:00:00Z,ccre,3,3.9908658541666666,temperature
2022-02-04T00:00:00Z,ccre,4,3.9880442708333335,temperature
2022-02-04T00:00:00Z,ccre,5,3.962410194444444,temperature
2022-02-04T00:00:00Z,ccre,6,3.950871138888889,temperature
2022-02-04T00:00:00Z,ccre,7,3.950553597222222,temperature
2022-02-04T00:00:00Z,ccre,8,3.9373522638888887,temperature
2022-02-04T00:00:00Z,ccre,9,3.9399252361111112,temperature
2022-02-04T00:00:00Z,ccre,10,3.9192051111111113,temperature
2022-02-04T00:00:00Z,ccre,11,3.9209123333333338,temperature
2022-02-04T00:00:00Z,ccre,12,3.8356430833333337,temperature
2022-02-04T00:00:00Z,ccre,13,3.896112625,temperature
2022-02-05T00:00:00Z,ccre,2,3.7187698888888887,temperature
2022-02-05T00:00:00Z,ccre,3,3.7595146388888887,temperature
2022-02-05T00:00:00Z,ccre,4,3.7690638819444446,temperature
2022-02-05T00:00:00Z,ccre,5,3.744843548611111,temperature
2022-02-05T00:00:00Z,ccre,6,3.740831305555555,temperature
2022-02-05T00:00:00Z,ccre,7,3.745323986111111,temperature
2022-02-05T00:00:00Z,ccre,8,3.741032277777778,temperature
2022-02-05T00:00:00Z,ccre,9,3.749149895833334,temperature
2022-02-05T00:00:00Z,ccre,10,3.7394338888888887,temperature
2022-02-05T00:00:00Z,ccre,11,3.749317576388889,temperature
2022-02-05T00:00:00Z,ccre,12,3.754933868055556,temperature
2022-02-05T00:00:00Z,ccre,13,3.790910465277778,temperature
2022-02-06T00:00:00Z,ccre,2,3.340183222222222,temperature
2022-02-06T00:00:00Z,ccre,3,3.3870946805555557,temperature
2022-02-06T00:00:00Z,ccre,4,3.4012548194444445,temperature
2022-02-06T00:00:00Z,ccre,5,3.3740193333333335,temperature
2022-02-06T00:00:00Z,ccre,6,3.367053284722222,temperature
2022-02-06T00:00:00Z,ccre,7,3.3731756666666666,temperature
2022-02-06T00:00:00Z,ccre,8,3.373594486111111,temperature
2022-02-06T00:00:00Z,ccre,9,3.3879919375,temperature
2022-02-06T00:00:00Z,ccre,10,3.4259238055555556,temperature
2022-02-06T00:00:00Z,ccre,11,3.4674681944444443,temperature
2022-02-06T00:00:00Z,ccre,12,3.699782868055556,temperature
2022-02-06T00:00:00Z,ccre,13,3.7759981805555554,temperature
2022-02-07T00:00:00Z,ccre,2,3.336528986111111,temperature
2022-02-07T00:00:00Z,ccre,3,3.3723928194444444,temperature
2022-02-07T00:00:00Z,ccre,4,3.382669826388889,temperature
2022-02-07T00:00:00Z,ccre,5,3.374062840277778,temperature
2022-02-07T00:00:00Z,ccre,6,3.376617201388889,temperature
2022-02-07T00:00:00Z,ccre,7,3.3928556736111113,temperature
2022-02-07T00:00:00Z,ccre,8,3.4284599513888887,temperature
2022-02-07T00:00:00Z,ccre,9,3.4739393819444446,temperature
2022-02-07T00:00:00Z,ccre,10,3.5233257430555556,temperature
2022-02-07T00:00:00Z,ccre,11,3.5709567222222223,temperature
2022-02-07T00:00:00Z,ccre,12,3.7252165,temperature
2022-02-07T00:00:00Z,ccre,13,3.857354694444445,temperature
2022-02-08T00:00:00Z,ccre,2,3.3639375416666666,temperature
2022-02-08T00:00:00Z,ccre,3,3.402360201388889,temperature
2022-02-08T00:00:00Z,ccre,4,3.42109675,temperature
2022-02-08T00:00:00Z,ccre,5,3.408509958333333,temperature
2022-02-08T00:00:00Z,ccre,6,3.4052167777777775,temperature
2022-02-08T00:00:00Z,ccre,7,3.412502451388889,temperature
2022-02-08T00:00:00Z,ccre,8,3.4199603888888888,temperature
2022-02-08T00:00:00Z,ccre,9,3.4502948333333334,temperature
2022-02-08T00:00:00Z,ccre,10,3.4720609097222224,temperature
2022-02-08T00:00:00Z,ccre,11,3.4951262777777776,temperature
2022-02-08T00:00:00Z,ccre,12,3.6493042222222223,temperature
2022-02-08T00:00:00Z,ccre,13,4.017128583333333,temperature
2022-02-09T00:00:00Z,ccre,2,3.3686993541666665,temperature
2022-02-09T00:00:00Z,ccre,3,3.4101771875,temperature
2022-02-09T00:00:00Z,ccre,4,3.4310787222222223,temperature
2022-02-09T00:00:00Z,ccre,5,3.4143583125,temperature
2022-02-09T00:00:00Z,ccre,6,3.431139798611111,temperature
2022-02-09T00:00:00Z,ccre,7,3.453610229166667,temperature
2022-02-09T00:00:00Z,ccre,8,3.4782532430555557,temperature
2022-02-09T00:00:00Z,ccre,9,3.508343548611111,temperature
2022-02-09T00:00:00Z,ccre,10,3.5344951597222223,temperature
2022-02-09T00:00:00Z,ccre,11,3.5594687916666667,temperature
2022-02-09T00:00:00Z,ccre,12,3.869850111111111,temperature
2022-02-09T00:00:00Z,ccre,13,4.319331888888889,temperature
2022-02-10T00:00:00Z,ccre,2,3.670402680555555,temperature
2022-02-10T00:00:00Z,ccre,3,3.7093469166666666,temperature
2022-02-10T00:00:00Z,ccre,4,3.7256926875,temperature
2022-02-10T00:00:00Z,ccre,5,3.700761951388889,temperature
2022-02-10T00:00:00Z,ccre,6,3.6993380347222224,temperature
2022-02-10T00:00:00Z,ccre,7,3.704080784722222,temperature
2022-02-10T00:00:00Z,ccre,8,3.699272965277778,temperature
2022-02-10T00:00:00Z,ccre,9,3.7098992083333338,temperature
2022-02-10T00:00:00Z,ccre,10,3.705823673611111,temperature
2022-02-10T00:00:00Z,ccre,11,3.7613340277777776,temperature
2022-02-10T00:00:00Z,ccre,12,3.991073111111111,temperature
2022-02-10T00:00:00Z,ccre,13,4.289539729166667,temperature
2022-02-11T00:00:00Z,ccre,2,3.807506944444445,temperature
2022-02-11T00:00:00Z,ccre,3,3.824131340277778,temperature
2022-02-11T00:00:00Z,ccre,4,3.830898875,temperature
2022-02-11T00:00:00Z,ccre,5,3.797280590277778,temperature
2022-02-11T00:00:00Z,ccre,6,3.7941016805555554,temperature
2022-02-11T00:00:00Z,ccre,7,3.7977264583333334,temperature
2022-02-11T00:00:00Z,ccre,8,3.790030944444444,temperature
2022-02-11T00:00:00Z,ccre,9,3.804911888888889,temperature
2022-02-11T00:00:00Z,ccre,10,3.8201715347222223,temperature
2022-02-11T00:00:00Z,ccre,11,3.853863138888889,temperature
2022-02-11T00:00:00Z,ccre,12,4.009198236111111,temperature
2022-02-11T00:00:00Z,ccre,13,4.210648645833333,temperature
2022-02-12T00:00:00Z,ccre,2,4.008937131944444,temperature
2022-02-12T00:00:00Z,ccre,3,4.033615895833333,temperature
2022-02-12T00:00:00Z,ccre,4,4.041590076388889,temperature
2022-02-12T00:00:00Z,ccre,5,4.026957305555555,temperature
2022-02-12T00:00:00Z,ccre,6,4.0246702291666665,temperature
2022-02-12T00:00:00Z,ccre,7,4.029469944444444,temperature
2022-02-12T00:00:00Z,ccre,8,4.026162027777778,temperature
2022-02-12T00:00:00Z,ccre,9,4.039479090277778,temperature
2022-02-12T00:00:00Z,ccre,10,4.040193319444445,temperature
2022-02-12T00:00:00Z,ccre,11,4.053258388888889,temperature
2022-02-12T00:00:00Z,ccre,12,4.093774090277778,temperature
2022-02-12T00:00:00Z,ccre,13,4.245469784722222,temperature
2022-02-13T00:00:00Z,ccre,2,4.180267298611111,temperature
2022-02-13T00:00:00Z,ccre,3,4.208168,temperature
2022-02-13T00:00:00Z,ccre,4,4.2134784652777775,temperature
2022-02-13T00:00:00Z,ccre,5,4.192809409722222,temperature
2022-02-13T00:00:00Z,ccre,6,4.189641694444444,temperature
2022-02-13T00:00:00Z,ccre,7,4.193856069444444,temperature
2022-02-13T00:00:00Z,ccre,8,4.187460138888889,temperature
2022-02-13T00:00:00Z,ccre,9,4.193781902777777,temperature
2022-02-13T00:00:00Z,ccre,10,4.176848236111111,temperature
2022-02-13T00:00:00Z,ccre,11,4.1727010416666666,temperature
2022-02-13T00:00:00Z,ccre,12,4.135242194444444,temperature
2022-02-13T00:00:00Z,ccre,13,4.241752125,temperature
2022-02-14T00:00:00Z,ccre,2,4.030855944444444,temperature
2022-02-14T00:00:00Z,ccre,3,4.063379256944445,temperature
2022-02-14T00:00:00Z,ccre,4,4.068479263888889,temperature
2022-02-14T00:00:00Z,ccre,5,4.049592888888889,temperature
2022-02-14T00:00:00Z,ccre,6,4.043000493055556,temperature
2022-02-14T00:00:00Z,ccre,7,4.047941631944444,temperature
2022-02-14T00:00:00Z,ccre,8,4.0393650347222225,temperature
2022-02-14T00:00:00Z,ccre,9,4.045506326388889,temperature
2022-02-14T00:00:00Z,ccre,10,4.029565534722222,temperature
2022-02-14T00:00:00Z,ccre,11,4.034535256944444,temperature
2022-02-14T00:00:00Z,ccre,12,4.0359655694444445,temperature
2022-02-14T00:00:00Z,ccre,13,4.121337847222223,temperature
2022-02-15T00:00:00Z,ccre,2,3.839671819444445,temperature
2022-02-15T00:00:00Z,ccre,3,3.8750872152777776,temperature
2022-02-15T00:00:00Z,ccre,4,3.879922354166667,temperature
2022-02-15T00:00:00Z,ccre,5,3.8576150902777777,temperature
2022-02-15T00:00:00Z,ccre,6,3.847191263888889,temperature
2022-02-15T00:00:00Z,ccre,7,3.845004368055556,temperature
2022-02-15T00:00:00Z,ccre,8,3.8337325,temperature
2022-02-15T00:00:00Z,ccre,9,3.8340879444444447,temperature
2022-02-15T00:00:00Z,ccre,10,3.813169381944444,temperature
2022-02-15T00:00:00Z,ccre,11,3.8257592083333334,temperature
2022-02-15T00:00:00Z,ccre,12,3.8914478680555553,temperature
2022-02-15T00:00:00Z,ccre,13,4.132143194444445,temperature
2022-02-16T00:00:00Z,ccre,2,4.024391951388889,temperature
2022-02-16T00:00:00Z,ccre,3,4.041025777777778,temperature
2022-02-16T00:00:00Z,ccre,4,4.040778868055556,temperature
2022-02-16T00:00:00Z,ccre,5,4.018948166666666,temperature
2022-02-16T00:00:00Z,ccre,6,4.0110477569444445,temperature
2022-02-16T00:00:00Z,ccre,7,4.014888090277778,temperature
2022-02-16T00:00:00Z,ccre,8,4.008239479166667,temperature
2022-02-16T00:00:00Z,ccre,9,4.014307152777778,temperature
2022-02-16T00:00:00Z,ccre,10,3.994306305555555,temperature
2022-02-16T00:00:00Z,ccre,11,3.990626631944445,temperature
2022-02-16T00:00:00Z,ccre,12,3.978081756944445,temperature
2022-02-16T00:00:00Z,ccre,13,4.192220618055556,temperature
2022-02-17T00:00:00Z,ccre,2,4.535921465277778,temperature
2022-02-17T00:00:00Z,ccre,3,4.541748618055555,temperature
2022-02-17T00:00:00Z,ccre,4,4.5018325,temperature
2022-02-17T00:00:00Z,ccre,5,4.437851541666666,temperature
2022-02-17T00:00:00Z,ccre,6,4.388119763888889,temperature
2022-02-17T00:00:00Z,ccre,7,4.3546597361111115,temperature
2022-02-17T00:00:00Z,ccre,8,4.293921736111111,temperature
2022-02-17T00:00:00Z,ccre,9,4.251907284722222,temperature
2022-02-17T00:00:00Z,ccre,10,4.192362194444445,temperature
2022-02-17T00:00:00Z,ccre,11,4.174211659722222,temperature
2022-02-17T00:00:00Z,ccre,12,4.128513701388889,temperature
2022-02-17T00:00:00Z,ccre,13,4.246384465277778,temperature
2022-02-18T00:00:00Z,ccre,2,4.6726205,temperature
2022-02-18T00:00:00Z,ccre,3,4.6497774722222225,temperature
2022-02-18T00:00:00Z,ccre,4,4.634491527777778,temperature
2022-02-18T00:00:00Z,ccre,5,4.596840513888889,temperature
2022-02-18T00:00:00Z,ccre,6,4.582064097222222,temperature
2022-02-18T00:00:00Z,ccre,7,4.575274930555556,temperature
2022-02-18T00:00:00Z,ccre,8,4.545847756944444,temperature
2022-02-18T00:00:00Z,ccre,9,4.528563541666666,temperature
2022-02-18T00:00:00Z,ccre,10,4.506195854166666,temperature
2022-02-18T00:00:00Z,ccre,11,4.512727895833334,temperature
2022-02-18T00:00:00Z,ccre,12,4.471740229166667,temperature
2022-02-18T00:00:00Z,ccre,13,4.489823486111111,temperature
2022-02-19T00:00:00Z,ccre,2,4.565284694444444,temperature
2022-02-19T00:00:00Z,ccre,3,4.591965756944444,temperature
2022-02-19T00:00:00Z,ccre,4,4.597007111111111,temperature
2022-02-19T00:00:00Z,ccre,5,4.576038722222222,temperature
2022-02-19T00:00:00Z,ccre,6,4.572554659722222,temperature
2022-02-19T00:00:00Z,ccre,7,4.5744231875,temperature
2022-02-19T00:00:00Z,ccre,8,4.565059388888889,temperature
2022-02-19T00:00:00Z,ccre,9,4.568862875,temperature
2022-02-19T00:00:00Z,ccre,10,4.549804652777778,temperature
2022-02-19T00:00:00Z,ccre,11,4.552350111111111,temperature
2022-02-19T00:00:00Z,ccre,12,4.498923736111111,temperature
2022-02-19T00:00:00Z,ccre,13,4.503372395833333,temperature
2022-02-20T00:00:00Z,ccre,2,4.5135328125,temperature
2022-02-20T00:00:00Z,ccre,3,4.5232447986111115,temperature
2022-02-20T00:00:00Z,ccre,4,4.515447354166667,temperature
2022-02-20T00:00:00Z,ccre,5,4.480959319444445,temperature
2022-02-20T00:00:00Z,ccre,6,4.469530930555556,temperature
2022-02-20T00:00:00Z,ccre,7,4.468807791666666,temperature
2022-02-20T00:00:00Z,ccre,8,4.461195583333334,temperature
2022-02-20T00:00:00Z,ccre,9,4.467257777777778,temperature
2022-02-20T00:00:00Z,ccre,10,4.453750555555556,temperature
2022-02-20T00:00:00Z,ccre,11,4.458654520833333,temperature
2022-02-20T00:00:00Z,ccre,12,4.449253493055555,temperature
2022-02-20T00:00:00Z,ccre,13,4.4890604652777775,temperature
2022-02-21T00:00:00Z,ccre,2,4.841936722222222,temperature
2022-02-21T00:00:00Z,ccre,3,4.824205590277778,temperature
2022-02-21T00:00:00Z,ccre,4,4.8032266041666665,temperature
2022-02-21T00:00:00Z,ccre,5,4.751831847222222,temperature
2022-02-21T00:00:00Z,ccre,6,4.714029055555556,temperature
2022-02-21T00:00:00Z,ccre,7,4.648624145833334,temperature
2022-02-21T00:00:00Z,ccre,8,4.582420305555556,temperature
2022-02-21T00:00:00Z,ccre,9,4.5583730625,temperature
2022-02-21T00:00:00Z,ccre,10,4.503640229166667,temperature
2022-02-21T00:00:00Z,ccre,11,4.486594888888889,temperature
2022-02-21T00:00:00Z,ccre,12,4.451616694444445,temperature
2022-02-21T00:00:00Z,ccre,13,4.487536694444445,temperature
2022-02-22T00:00:00Z,ccre,2,5.491591708333333,temperature
2022-02-22T00:00:00Z,ccre,3,5.298099680555556,temperature
2022-02-22T00:00:00Z,ccre,4,5.144353375,temperature
2022-02-22T00:00:00Z,ccre,5,4.9622717638888885,temperature
2022-02-22T00:00:00Z,ccre,6,4.6762796875,temperature
2022-02-22T00:00:00Z,ccre,7,4.570965451388889,temperature
2022-02-22T00:00:00Z,ccre,8,4.516890145833333,temperature
2022-02-22T00:00:00Z,ccre,9,4.508307708333334,temperature
2022-02-22T00:00:00Z,ccre,10,4.470388326388889,temperature
2022-02-22T00:00:00Z,ccre,11,4.4688448888888885,temperature
2022-02-22T00:00:00Z,ccre,12,4.429207666666667,temperature
2022-02-22T00:00:00Z,ccre,13,4.445876805555556,temperature
2022-02-23T00:00:00Z,ccre,2,5.414620444444444,temperature
2022-02-23T00:00:00Z,ccre,3,5.378551618055556,temperature
2022-02-23T00:00:00Z,ccre,4,5.337880847222222,temperature
2022-02-23T00:00:00Z,ccre,5,5.2563645625,temperature
2022-02-23T00:00:00Z,ccre,6,5.208364430555555,temperature
2022-02-23T00:00:00Z,ccre,7,5.1690944375,temperature
2022-02-23T00:00:00Z,ccre,8,5.07471,temperature
2022-02-23T00:00:00Z,ccre,9,4.975551756944444,temperature
2022-02-23T00:00:00Z,ccre,10,4.804282465277778,temperature
2022-02-23T00:00:00Z,ccre,11,4.756027798611111,temperature
2022-02-23T00:00:00Z,ccre,12,4.515977604166666,temperature
2022-02-23T00:00:00Z,ccre,13,4.521950326388889,temperature
2022-02-24T00:00:00Z,ccre,1,1.9472348333333336,temperature
2022-02-24T00:00:00Z,ccre,2,5.5855477916666665,temperature
2022-02-24T00:00:00Z,ccre,3,5.596485465277778,temperature
2022-02-24T00:00:00Z,ccre,4,5.584232708333333,temperature
2022-02-24T00:00:00Z,ccre,5,5.5118159930555555,temperature
2022-02-24T00:00:00Z,ccre,6,5.440987875,temperature
2022-02-24T00:00:00Z,ccre,7,5.3698838194444445,temperature
2022-02-24T00:00:00Z,ccre,8,5.2855073402777775,temperature
2022-02-24T00:00:00Z,ccre,9,5.226439305555555,temperature
2022-02-24T00:00:00Z,ccre,10,5.1154149375,temperature
2022-02-24T00:00:00Z,ccre,11,5.062105298611111,temperature
2022-02-24T00:00:00Z,ccre,12,4.906545541666667,temperature
2022-02-24T00:00:00Z,ccre,13,4.845095923611111,temperature
2022-02-25T00:00:00Z,ccre,1,4.317671499999999,temperature
2022-02-25T00:00:00Z,ccre,2,5.698198666666666,temperature
2022-02-25T00:00:00Z,ccre,3,5.715733368055556,temperature
2022-02-25T00:00:00Z,ccre,4,5.711809173611111,temperature
2022-02-25T00:00:00Z,ccre,5,5.682254298611111,temperature
2022-02-25T00:00:00Z,ccre,6,5.660780548611111,temperature
2022-02-25T00:00:00Z,ccre,7,5.648328298611111,temperature
2022-02-25T00:00:00Z,ccre,8,5.581179645833333,temperature
2022-02-25T00:00:00Z,ccre,9,5.490095972222222,temperature
2022-02-25T00:00:00Z,ccre,10,5.302103006944445,temperature
2022-02-25T00:00:00Z,ccre,11,5.207503361111111,temperature
2022-02-25T00:00:00Z,ccre,12,4.912999423611111,temperature
2022-02-25T00:00:00Z,ccre,13,4.860347520833334,temperature
2022-02-26T00:00:00Z,ccre,1,4.653509048611111,temperature
2022-02-26T00:00:00Z,ccre,2,5.594060229166667,temperature
2022-02-26T00:00:00Z,ccre,3,5.595007090277778,temperature
2022-02-26T00:00:00Z,ccre,4,5.577907944444444,temperature
2022-02-26T00:00:00Z,ccre,5,5.534426104166666,temperature
2022-02-26T00:00:00Z,ccre,6,5.512344340277778,temperature
2022-02-26T00:00:00Z,ccre,7,5.500401590277778,temperature
2022-02-26T00:00:00Z,ccre,8,5.473397979166666,temperature
2022-02-26T00:00:00Z,ccre,9,5.457285319444445,temperature
2022-02-26T00:00:00Z,ccre,10,5.383971305555556,temperature
2022-02-26T00:00:00Z,ccre,11,5.356534263888888,temperature
2022-02-26T00:00:00Z,ccre,12,5.184009083333334,temperature
2022-02-26T00:00:00Z,ccre,13,5.1333450208333335,temperature
2022-02-27T00:00:00Z,ccre,1,5.734217715277778,temperature
2022-02-27T00:00:00Z,ccre,2,6.027687409722223,temperature
2022-02-27T00:00:00Z,ccre,3,6.044660270833333,temperature
2022-02-27T00:00:00Z,ccre,4,6.037733868055556,temperature
2022-02-27T00:00:00Z,ccre,5,6.007767930555556,temperature
2022-02-27T00:00:00Z,ccre,6,5.986415777777777,temperature
2022-02-27T00:00:00Z,ccre,7,5.960999118055556,temperature
2022-02-27T00:00:00Z,ccre,8,5.904831944444444,temperature
2022-02-27T00:00:00Z,ccre,9,5.860539895833333,temperature
2022-02-27T00:00:00Z,ccre,10,5.782416375,temperature
2022-02-27T00:00:00Z,ccre,11,5.7450378819444445,temperature
2022-02-27T00:00:00Z,ccre,12,5.492171791666666,temperature
2022-02-27T00:00:00Z,ccre,13,5.232454083333334,temperature
2022-02-28T00:00:00Z,ccre,1,6.195922979166666,temperature
2022-02-28T00:00:00Z,ccre,2,6.266115541666666,temperature
2022-02-28T00:00:00Z,ccre,3,6.2020000416666665,temperature
2022-02-28T00:00:00Z,ccre,4,6.147291993055555,temperature
2022-02-28T00:00:00Z,ccre,5,6.094756,temperature
2022-02-28T00:00:00Z,ccre,6,5.982774465277778,temperature
2022-02-28T00:00:00Z,ccre,7,5.897325493055556,temperature
2022-02-28T00:00:00Z,ccre,8,5.852774291666667,temperature
2022-02-28T00:00:00Z,ccre,9,5.834916166666667,temperature
2022-02-28T00:00:00Z,ccre,10,5.755409770833333,temperature
2022-02-28T00:00:00Z,ccre,11,5.712816618055555,temperature
2022-02-28T00:00:00Z,ccre,12,5.486906375,temperature
2022-02-28T00:00:00Z,ccre,13,5.386619916666667,temperature
2022-03-01T00:00:00Z,ccre,1,6.149732333333334,temperature
2022-03-01T00:00:00Z,ccre,2,6.2215995625,temperature
2022-03-01T00:00:00Z,ccre,3,6.202784402777778,temperature
2022-03-01T00:00:00Z,ccre,4,6.165179048611111,temperature
2022-03-01T00:00:00Z,ccre,5,6.092251388888889,temperature
2022-03-01T00:00:00Z,ccre,6,5.981108097222222,temperature
2022-03-01T00:00:00Z,ccre,7,5.842889291666666,temperature
2022-03-01T00:00:00Z,ccre,8,5.730308895833334,temperature
2022-03-01T00:00:00Z,ccre,9,5.6861700625000005,temperature
2022-03-01T00:00:00Z,ccre,10,5.616566465277778,temperature
2022-03-01T00:00:00Z,ccre,11,5.606065020833333,temperature
2022-03-01T00:00:00Z,ccre,12,5.5203299305555555,temperature
2022-03-01T00:00:00Z,ccre,13,5.4118846736111115,temperature
2022-03-02T00:00:00Z,ccre,1,6.135209104166667,temperature
2022-03-02T00:00:00Z,ccre,2,6.152038305555555,temperature
2022-03-02T00:00:00Z,ccre,3,6.1523678125,temperature
2022-03-02T00:00:00Z,ccre,4,6.1387995972222225,temperature
2022-03-02T00:00:00Z,ccre,5,6.090318631944444,temperature
2022-03-02T00:00:00Z,ccre,6,6.035312604166666,temperature
2022-03-02T00:00:00Z,ccre,7,6.0024290208333335,temperature
2022-03-02T00:00:00Z,ccre,8,5.9464110833333335,temperature
2022-03-02T00:00:00Z,ccre,9,5.880332902777778,temperature
2022-03-02T00:00:00Z,ccre,10,5.697491048611111,temperature
2022-03-02T00:00:00Z,ccre,11,5.643155284722222,temperature
2022-03-02T00:00:00Z,ccre,12,5.527732013888889,temperature
2022-03-02T00:00:00Z,ccre,13,5.471877388888889,temperature
2022-03-03T00:00:00Z,ccre,1,6.403417548611111,temperature
2022-03-03T00:00:00Z,ccre,2,6.441352576388889,temperature
2022-03-03T00:00:00Z,ccre,3,6.444822888888889,temperature
2022-03-03T00:00:00Z,ccre,4,6.431060736111111,temperature
2022-03-03T00:00:00Z,ccre,5,6.398754715277778,temperature
2022-03-03T00:00:00Z,ccre,6,6.338943013888889,temperature
2022-03-03T00:00:00Z,ccre,7,6.293931263888889,temperature
2022-03-03T00:00:00Z,ccre,8,6.2206835625,temperature
2022-03-03T00:00:00Z,ccre,9,6.1659984375,temperature
2022-03-03T00:00:00Z,ccre,10,6.037649763888889,temperature
2022-03-03T00:00:00Z,ccre,11,5.965298736111111,temperature
2022-03-03T00:00:00Z,ccre,12,5.828324583333333,temperature
2022-03-03T00:00:00Z,ccre,13,5.758691104166667,temperature
2022-03-04T00:00:00Z,ccre,1,7.2220274444444446,temperature
2022-03-04T00:00:00Z,ccre,2,7.311808631944444,temperature
2022-03-04T00:00:00Z,ccre,3,7.3094495,temperature
2022-03-04T00:00:00Z,ccre,4,7.281031034722222,temperature
2022-03-04T00:00:00Z,ccre,5,7.223027875,temperature
2022-03-04T00:00:00Z,ccre,6,7.123990923611111,temperature
2022-03-04T00:00:00Z,ccre,7,6.845738041666666,temperature
2022-03-04T00:00:00Z,ccre,8,6.5564621319444445,temperature
2022-03-04T00:00:00Z,ccre,9,6.417110173611111,temperature
2022-03-04T00:00:00Z,ccre,10,6.2575585,temperature
2022-03-04T00:00:00Z,ccre,11,6.174126027777778,temperature
2022-03-04T00:00:00Z,ccre,12,5.938352569444445,temperature
2022-03-04T00:00:00Z,ccre,13,5.8410095,temperature
2022-03-05T00:00:00Z,ccre,1,8.124606104166666,temperature
2022-03-05T00:00:00Z,ccre,2,7.713836555555556,temperature
2022-03-05T00:00:00Z,ccre,3,7.475352215277778,temperature
2022-03-05T00:00:00Z,ccre,4,7.319063118055555,temperature
2022-03-05T00:00:00Z,ccre,5,7.120726368055555,temperature
2022-03-05T00:00:00Z,ccre,6,6.648062743055555,temperature
2022-03-05T00:00:00Z,ccre,7,6.312899666666667,temperature
2022-03-05T00:00:00Z,ccre,8,6.200164965277778,temperature
2022-03-05T00:00:00Z,ccre,9,6.111891791666666,temperature
2022-03-05T00:00:00Z,ccre,10,5.978502173611111,temperature
2022-03-05T00:00:00Z,ccre,11,5.955875145833334,temperature
2022-03-05T00:00:00Z,ccre,12,5.870612826388889,temperature
2022-03-05T00:00:00Z,ccre,13,5.839217881944444,temperature
2022-03-06T00:00:00Z,ccre,1,8.322195013888889,temperature
2022-03-06T00:00:00Z,ccre,2,7.592029013888889,temperature
2022-03-06T00:00:00Z,ccre,3,7.238956611111111,temperature
2022-03-06T00:00:00Z,ccre,4,7.006902840277778,temperature
2022-03-06T00:00:00Z,ccre,5,6.8389510555555555,temperature
2022-03-06T00:00:00Z,ccre,6,6.668384097222222,temperature
2022-03-06T00:00:00Z,ccre,7,6.550224263888889,temperature
2022-03-06T00:00:00Z,ccre,8,6.399157361111111,temperature
2022-03-06T00:00:00Z,ccre,9,6.276700680555556,temperature
2022-03-06T00:00:00Z,ccre,10,6.118763791666667,temperature
2022-03-06T00:00:00Z,ccre,11,6.071760291666666,temperature
2022-03-06T00:00:00Z,ccre,12,5.908438916666666,temperature
2022-03-06T00:00:00Z,ccre,13,5.8719314375,temperature
2022-03-07T00:00:00Z,ccre,1,8.120862784722222,temperature
2022-03-07T00:00:00Z,ccre,2,7.929014090277778,temperature
2022-03-07T00:00:00Z,ccre,3,7.8314056875,temperature
2022-03-07T00:00:00Z,ccre,4,7.687284895833334,temperature
2022-03-07T00:00:00Z,ccre,5,7.4058258680555555,temperature
2022-03-07T00:00:00Z,ccre,6,7.087774673611111,temperature
2022-03-07T00:00:00Z,ccre,7,6.888656340277778,temperature
2022-03-07T00:00:00Z,ccre,8,6.708389895833333,temperature
2022-03-07T00:00:00Z,ccre,9,6.590401472222222,temperature
2022-03-07T00:00:00Z,ccre,10,6.343252590277777,temperature
2022-03-07T00:00:00Z,ccre,11,6.295875097222222,temperature
2022-03-07T00:00:00Z,ccre,12,6.096100444444445,temperature
2022-03-07T00:00:00Z,ccre,13,6.016066201388889,temperature
2022-03-08T00:00:00Z,ccre,1,8.369022131944444,temperature
2022-03-08T00:00:00Z,ccre,2,8.303585881944445,temperature
2022-03-08T00:00:00Z,ccre,3,8.146158402777777,temperature
2022-03-08T00:00:00Z,ccre,4,8.063119222222221,temperature
2022-03-08T00:00:00Z,ccre,5,7.9465495,temperature
2022-03-08T00:00:00Z,ccre,6,7.808777201388889,temperature
2022-03-08T00:00:00Z,ccre,7,7.709063965277778,temperature
2022-03-08T00:00:00Z,ccre,8,7.606384333333334,temperature
2022-03-08T00:00:00Z,ccre,9,7.478002548611111,temperature
2022-03-08T00:00:00Z,ccre,10,7.188849555555556,temperature
2022-03-08T00:00:00Z,ccre,11,7.055595569444445,temperature
2022-03-08T00:00:00Z,ccre,12,6.657807986111111,temperature
2022-03-08T00:00:00Z,ccre,13,6.346488243055555,temperature
2022-03-09T00:00:00Z,ccre,1,8.929792347222222,temperature
2022-03-09T00:00:00Z,ccre,2,8.920065777777777,temperature
2022-03-09T00:00:00Z,ccre,3,8.816023520833333,temperature
2022-03-09T00:00:00Z,ccre,4,8.617958493055555,temperature
2022-03-09T00:00:00Z,ccre,5,8.356670465277778,temperature
2022-03-09T00:00:00Z,ccre,6,8.199101354166666,temperature
2022-03-09T00:00:00Z,ccre,7,7.774934611111111,temperature
2022-03-09T00:00:00Z,ccre,8,7.451444180555556,temperature
2022-03-09T00:00:00Z,ccre,9,7.185221743055555,temperature
2022-03-09T00:00:00Z,ccre,10,6.8002740625,temperature
2022-03-09T00:00:00Z,ccre,11,6.694066291666666,temperature
2022-03-09T00:00:00Z,ccre,12,6.413063875,temperature
2022-03-09T00:00:00Z,ccre,13,6.307956236111111,temperature
2022-03-10T00:00:00Z,ccre,1,8.915630305555556,temperature
2022-03-10T00:00:00Z,ccre,2,8.75234388888889,temperature
2022-03-10T00:00:00Z,ccre,3,8.699993131944444,temperature
2022-03-10T00:00:00Z,ccre,4,8.605477854166667,temperature
2022-03-10T00:00:00Z,ccre,5,8.539594444444445,temperature
2022-03-10T00:00:00Z,ccre,6,8.482708180555555,temperature
2022-03-10T00:00:00Z,ccre,7,8.310385791666667,temperature
2022-03-10T00:00:00Z,ccre,8,8.051736611111112,temperature
2022-03-10T00:00:00Z,ccre,9,7.809807722222223,temperature
2022-03-10T00:00:00Z,ccre,10,7.398151958333333,temperature
2022-03-10T00:00:00Z,ccre,11,7.221607569444444,temperature
2022-03-10T00:00:00Z,ccre,12,6.64553,temperature
2022-03-10T00:00:00Z,ccre,13,6.4441953680555555,temperature
2022-03-11T00:00:00Z,ccre,1,8.948227916666667,temperature
2022-03-11T00:00:00Z,ccre,2,8.770889472222223,temperature
2022-03-11T00:00:00Z,ccre,3,8.678353020833333,temperature
2022-03-11T00:00:00Z,ccre,4,8.615271083333333,temperature
2022-03-11T00:00:00Z,ccre,5,8.474342138888888,temperature
2022-03-11T00:00:00Z,ccre,6,8.317861527777778,temperature
2022-03-11T00:00:00Z,ccre,7,7.867871270833334,temperature
2022-03-11T00:00:00Z,ccre,8,7.3328110625,temperature
2022-03-11T00:00:00Z,ccre,9,7.112519118055555,temperature
2022-03-11T00:00:00Z,ccre,10,6.834729416666667,temperature
2022-03-11T00:00:00Z,ccre,11,6.771707666666667,temperature
2022-03-11T00:00:00Z,ccre,12,6.5476480625,temperature
2022-03-11T00:00:00Z,ccre,13,6.440504027777778,temperature
2022-03-12T00:00:00Z,ccre,1,8.39620388888889,temperature
2022-03-12T00:00:00Z,ccre,2,8.451188777777778,temperature
2022-03-12T00:00:00Z,ccre,3,8.462065166666667,temperature
2022-03-12T00:00:00Z,ccre,4,8.375609902777779,temperature
2022-03-12T00:00:00Z,ccre,5,8.294011395833333,temperature
2022-03-12T00:00:00Z,ccre,6,8.206799076388888,temperature
2022-03-12T00:00:00Z,ccre,7,8.153621958333334,temperature
2022-03-12T00:00:00Z,ccre,8,8.1018368125,temperature
2022-03-12T00:00:00Z,ccre,9,8.065795569444445,temperature
2022-03-12T00:00:00Z,ccre,10,7.891059861111111,temperature
2022-03-12T00:00:00Z,ccre,11,7.724782506944444,temperature
2022-03-12T00:00:00Z,ccre,12,7.461476173611112,temperature
2022-03-12T00:00:00Z,ccre,13,7.107036180555555,temperature
2022-03-13T00:00:00Z,ccre,1,7.852249666666666,temperature
2022-03-13T00:00:00Z,ccre,2,7.912510430555556,temperature
2022-03-13T00:00:00Z,ccre,3,7.930690875,temperature
2022-03-13T00:00:00Z,ccre,4,7.924002013888889,temperature
2022-03-13T00:00:00Z,ccre,5,7.896669423611111,temperature
2022-03-13T00:00:00Z,ccre,6,7.874149395833333,temperature
2022-03-13T00:00:00Z,ccre,7,7.8464090625,temperature
2022-03-13T00:00:00Z,ccre,8,7.795249930555555,temperature
2022-03-13T00:00:00Z,ccre,9,7.766160722222223,temperature
2022-03-13T00:00:00Z,ccre,10,7.692302868055555,temperature
2022-03-13T00:00:00Z,ccre,11,7.673112423611111,temperature
2022-03-13T00:00:00Z,ccre,12,7.599591055555556,temperature
2022-03-13T00:00:00Z,ccre,13,7.247109298611111,temperature
2022-03-14T00:00:00Z,ccre,1,7.8599619375,temperature
2022-03-14T00:00:00Z,ccre,2,7.761924770833334,temperature
2022-03-14T00:00:00Z,ccre,3,7.7203515,temperature
2022-03-14T00:00:00Z,ccre,4,7.698135111111111,temperature
2022-03-14T00:00:00Z,ccre,5,7.647469673611111,temperature
2022-03-14T00:00:00Z,ccre,6,7.587985354166666,temperature
2022-03-14T00:00:00Z,ccre,7,7.5602024652777775,temperature
2022-03-14T00:00:00Z,ccre,8,7.541122194444444,temperature
2022-03-14T00:00:00Z,ccre,9,7.526869395833334,temperature
2022-03-14T00:00:00Z,ccre,10,7.488027104166667,temperature
2022-03-14T00:00:00Z,ccre,11,7.483739777777778,temperature
2022-03-14T00:00:00Z,ccre,12,7.404465909722222,temperature
2022-03-14T00:00:00Z,ccre,13,7.3422490555555555,temperature
2022-03-15T00:00:00Z,ccre,1,8.492583354166667,temperature
2022-03-15T00:00:00Z,ccre,2,8.336180902777778,temperature
2022-03-15T00:00:00Z,ccre,3,8.182963979166667,temperature
2022-03-15T00:00:00Z,ccre,4,7.973190826388889,temperature
2022-03-15T00:00:00Z,ccre,5,7.810910625,temperature
2022-03-15T00:00:00Z,ccre,6,7.65585425,temperature
2022-03-15T00:00:00Z,ccre,7,7.5575694375,temperature
2022-03-15T00:00:00Z,ccre,8,7.525696819444445,temperature
2022-03-15T00:00:00Z,ccre,9,7.512858645833333,temperature
2022-03-15T00:00:00Z,ccre,10,7.4781671944444446,temperature
2022-03-15T00:00:00Z,ccre,11,7.4687219930555555,temperature
2022-03-15T00:00:00Z,ccre,12,7.426732104166667,temperature
2022-03-15T00:00:00Z,ccre,13,7.358687909722223,temperature
2022-03-16T00:00:00Z,ccre,1,8.581340395833333,temperature
2022-03-16T00:00:00Z,ccre,2,8.371589541666667,temperature
2022-03-16T00:00:00Z,ccre,3,8.200225159722223,temperature
2022-03-16T00:00:00Z,ccre,4,7.953707708333333,temperature
2022-03-16T00:00:00Z,ccre,5,7.782076375,temperature
2022-03-16T00:00:00Z,ccre,6,7.722571277777778,temperature
2022-03-16T00:00:00Z,ccre,7,7.689395888888889,temperature
2022-03-16T00:00:00Z,ccre,8,7.645378520833333,temperature
2022-03-16T00:00:00Z,ccre,9,7.607787041666667,temperature
2022-03-16T00:00:00Z,ccre,10,7.543923611111111,temperature
2022-03-16T00:00:00Z,ccre,11,7.536119583333333,temperature
2022-03-16T00:00:00Z,ccre,12,7.486313236111111,temperature
2022-03-16T00:00:00Z,ccre,13,7.4525446875,temperature
2022-03-17T00:00:00Z,ccre,1,9.8361863125,temperature
2022-03-17T00:00:00Z,ccre,2,9.817333027777778,temperature
2022-03-17T00:00:00Z,ccre,3,9.6903991041666675,temperature
2022-03-17T00:00:00Z,ccre,4,9.39824161111111,temperature
2022-03-17T00:00:00Z,ccre,5,8.977940458333334,temperature
2022-03-17T00:00:00Z,ccre,6,8.641313972222223,temperature
2022-03-17T00:00:00Z,ccre,7,8.462501256944444,temperature
2022-03-17T00:00:00Z,ccre,8,8.317379347222221,temperature
2022-03-17T00:00:00Z,ccre,9,8.174920416666668,temperature
2022-03-17T00:00:00Z,ccre,10,7.9443771875,temperature
2022-03-17T00:00:00Z,ccre,11,7.783513166666666,temperature
2022-03-17T00:00:00Z,ccre,12,7.511380722222222,temperature
2022-03-17T00:00:00Z,ccre,13,7.468772666666666,temperature
2022-03-18T00:00:00Z,ccre,1,10.97028326388889,temperature
2022-03-18T00:00:00Z,ccre,2,10.282515902777778,temperature
2022-03-18T00:00:00Z,ccre,3,9.811698520833334,temperature
2022-03-18T00:00:00Z,ccre,4,9.284393541666669,temperature
2022-03-18T00:00:00Z,ccre,5,8.694083618055556,temperature
2022-03-18T00:00:00Z,ccre,6,8.358415215277779,temperature
2022-03-18T00:00:00Z,ccre,7,7.968263819444444,temperature
2022-03-18T00:00:00Z,ccre,8,7.740875847222222,temperature
2022-03-18T00:00:00Z,ccre,9,7.6197410069444445,temperature
2022-03-18T00:00:00Z,ccre,10,7.526289395833333,temperature
2022-03-18T00:00:00Z,ccre,11,7.516637277777778,temperature
2022-03-18T00:00:00Z,ccre,12,7.462818513888889,temperature
2022-03-18T00:00:00Z,ccre,13,7.444999430555556,temperature
2022-03-19T00:00:00Z,ccre,1,9.85360342361111,temperature
2022-03-19T00:00:00Z,ccre,2,9.541259,temperature
2022-03-19T00:00:00Z,ccre,3,9.313263895833334,temperature
2022-03-19T00:00:00Z,ccre,4,9.085038875,temperature
2022-03-19T00:00:00Z,ccre,5,8.796836597222223,temperature
2022-03-19T00:00:00Z,ccre,6,8.511027145833333,temperature
2022-03-19T00:00:00Z,ccre,7,8.29748548611111,temperature
2022-03-19T00:00:00Z,ccre,8,8.062017909722222,temperature
2022-03-19T00:00:00Z,ccre,9,7.914780611111111,temperature
2022-03-19T00:00:00Z,ccre,10,7.728049333333334,temperature
2022-03-19T00:00:00Z,ccre,11,7.701080465277777,temperature
2022-03-19T00:00:00Z,ccre,12,7.591525347222222,temperature
2022-03-19T00:00:00Z,ccre,13,7.5448714375,temperature
2022-03-20T00:00:00Z,ccre,1,9.261834076388888,temperature
2022-03-20T00:00:00Z,ccre,2,9.292277006944444,temperature
2022-03-20T00:00:00Z,ccre,3,9.308899534722222,temperature
2022-03-20T00:00:00Z,ccre,4,9.303449027777775,temperature
2022-03-20T00:00:00Z,ccre,5,9.268787631944445,temperature
2022-03-20T00:00:00Z,ccre,6,9.248399138888889,temperature
2022-03-20T00:00:00Z,ccre,7,9.22354248611111,temperature
2022-03-20T00:00:00Z,ccre,8,9.154176215277776,temperature
2022-03-20T00:00:00Z,ccre,9,8.909945555555556,temperature
2022-03-20T00:00:00Z,ccre,10,8.362691347222222,temperature
2022-03-20T00:00:00Z,ccre,11,8.253403368055556,temperature
2022-03-20T00:00:00Z,ccre,12,7.9149683472222225,temperature
2022-03-20T00:00:00Z,ccre,13,7.684477493055556,temperature
2022-03-21T00:00:00Z,ccre,1,10.075189305555556,temperature
2022-03-21T00:00:00Z,ccre,2,10.064449041666666,temperature
2022-03-21T00:00:00Z,ccre,3,10.021290868055557,temperature
2022-03-21T00:00:00Z,ccre,4,9.754892777777778,temperature
2022-03-21T00:00:00Z,ccre,5,9.5799594375,temperature
2022-03-21T00:00:00Z,ccre,6,9.524425125,temperature
2022-03-21T00:00:00Z,ccre,7,9.4829428125,temperature
2022-03-21T00:00:00Z,ccre,8,9.3905014375,temperature
2022-03-21T00:00:00Z,ccre,9,9.270338256944443,temperature
2022-03-21T00:00:00Z,ccre,10,8.718135743055555,temperature
2022-03-21T00:00:00Z,ccre,11,8.49710445138889,temperature
2022-03-21T00:00:00Z,ccre,12,7.742036041666666,temperature
2022-03-21T00:00:00Z,ccre,13,7.644731916666666,temperature
2022-03-22T00:00:00Z,ccre,1,10.116974034722222,temperature
2022-03-22T00:00:00Z,ccre,2,9.848676215277775,temperature
2022-03-22T00:00:00Z,ccre,3,9.753791368055555,temperature
2022-03-22T00:00:00Z,ccre,4,9.584655993055556,temperature
2022-03-22T00:00:00Z,ccre,5,9.494766875,temperature
2022-03-22T00:00:00Z,ccre,6,9.405255194444443,temperature
2022-03-22T00:00:00Z,ccre,7,9.340249368055556,temperature
2022-03-22T00:00:00Z,ccre,8,9.150477083333334,temperature
2022-03-22T00:00:00Z,ccre,9,8.859839340277778,temperature
2022-03-22T00:00:00Z,ccre,10,8.3528130833333325,temperature
2022-03-22T00:00:00Z,ccre,11,8.182636493055556,temperature
2022-03-22T00:00:00Z,ccre,12,7.8385838055555555,temperature
2022-03-22T00:00:00Z,ccre,13,7.708653791666666,temperature
2022-03-23T00:00:00Z,ccre,1,10.22735236111111,temperature
2022-03-23T00:00:00Z,ccre,2,10.114322104166666,temperature
2022-03-23T00:00:00Z,ccre,3,9.870157847222222,temperature
2022-03-23T00:00:00Z,ccre,4,9.50548709027778,temperature
2022-03-23T00:00:00Z,ccre,5,9.328840416666669,temperature
2022-03-23T00:00:00Z,ccre,6,9.152194333333334,temperature
2022-03-23T00:00:00Z,ccre,7,8.9397754375,temperature
2022-03-23T00:00:00Z,ccre,8,8.730781159722222,temperature
2022-03-23T00:00:00Z,ccre,9,8.565899145833333,temperature
2022-03-23T00:00:00Z,ccre,10,8.296744243055555,temperature
2022-03-23T00:00:00Z,ccre,11,8.192769083333333,temperature
2022-03-23T00:00:00Z,ccre,12,7.868959416666667,temperature
2022-03-23T00:00:00Z,ccre,13,7.714249465277778,temperature
2022-03-24T00:00:00Z,ccre,1,10.730801152777778,temperature
2022-03-24T00:00:00Z,ccre,2,10.399503625,temperature
2022-03-24T00:00:00Z,ccre,3,10.008942041666666,temperature
2022-03-24T00:00:00Z,ccre,4,9.771636381944443,temperature
2022-03-24T00:00:00Z,ccre,5,9.572244618055556,temperature
2022-03-24T00:00:00Z,ccre,6,9.419510506944444,temperature
2022-03-24T00:00:00Z,ccre,7,9.300334972222222,temperature
2022-03-24T00:00:00Z,ccre,8,9.202003055555556,temperature
2022-03-24T00:00:00Z,ccre,9,9.030969444444445,temperature
2022-03-24T00:00:00Z,ccre,10,8.535199263888888,temperature
2022-03-24T00:00:00Z,ccre,11,8.277205222222221,temperature
2022-03-24T00:00:00Z,ccre,12,7.809617569444445,temperature
2022-03-24T00:00:00Z,ccre,13,7.714436597222222,temperature
2022-03-25T00:00:00Z,ccre,1,10.138137847222222,temperature
2022-03-25T00:00:00Z,ccre,2,10.154719256944444,temperature
2022-03-25T00:00:00Z,ccre,3,10.143157333333331,temperature
2022-03-25T00:00:00Z,ccre,4,10.074117097222222,temperature
2022-03-25T00:00:00Z,ccre,5,9.917908881944443,temperature
2022-03-25T00:00:00Z,ccre,6,9.640484625,temperature
2022-03-25T00:00:00Z,ccre,7,9.394879708333333,temperature
2022-03-25T00:00:00Z,ccre,8,9.023642826388889,temperature
2022-03-25T00:00:00Z,ccre,9,8.677881645833333,temperature
2022-03-25T00:00:00Z,ccre,10,8.1769419375,temperature
2022-03-25T00:00:00Z,ccre,11,8.077858506944445,temperature
2022-03-25T00:00:00Z,ccre,12,7.862674048611111,temperature
2022-03-25T00:00:00Z,ccre,13,7.789160701388889,temperature
2022-03-26T00:00:00Z,ccre,1,9.490661625,temperature
2022-03-26T00:00:00Z,ccre,2,9.515873979166669,temperature
2022-03-26T00:00:00Z,ccre,3,9.520756430555556,temperature
2022-03-26T00:00:00Z,ccre,4,9.503918909722222,temperature
2022-03-26T00:00:00Z,ccre,5,9.462766652777775,temperature
2022-03-26T00:00:00Z,ccre,6,9.42811538888889,temperature
2022-03-26T00:00:00Z,ccre,7,9.389966118055556,temperature
2022-03-26T00:00:00Z,ccre,8,9.313790194444444,temperature
2022-03-26T00:00:00Z,ccre,9,9.17373470138889,temperature
2022-03-26T00:00:00Z,ccre,10,8.511679979166667,temperature
2022-03-26T00:00:00Z,ccre,11,8.290174472222223,temperature
2022-03-26T00:00:00Z,ccre,12,7.986600111111111,temperature
2022-03-26T00:00:00Z,ccre,13,7.887470041666667,temperature
2022-03-27T00:00:00Z,ccre,1,9.81771857638889,temperature
2022-03-27T00:00:00Z,ccre,2,9.857977805555556,temperature
2022-03-27T00:00:00Z,ccre,3,9.8762836875,temperature
2022-03-27T00:00:00Z,ccre,4,9.877624083333334,temperature
2022-03-27T00:00:00Z,ccre,5,9.850389416666667,temperature
2022-03-27T00:00:00Z,ccre,6,9.843547208333334,temperature
2022-03-27T00:00:00Z,ccre,7,9.8141496875,temperature
2022-03-27T00:00:00Z,ccre,8,9.727364194444444,temperature
2022-03-27T00:00:00Z,ccre,9,9.4242689375,temperature
2022-03-27T00:00:00Z,ccre,10,9.026821354166668,temperature
2022-03-27T00:00:00Z,ccre,11,8.8136579375,temperature
2022-03-27T00:00:00Z,ccre,12,8.295342715277778,temperature
2022-03-27T00:00:00Z,ccre,13,8.006301597222222,temperature
2022-03-28T00:00:00Z,ccre,1,9.827142625,temperature
2022-03-28T00:00:00Z,ccre,2,9.873530972222222,temperature
2022-03-28T00:00:00Z,ccre,3,9.893531548611112,temperature
2022-03-28T00:00:00Z,ccre,4,9.896842743055556,temperature
2022-03-28T00:00:00Z,ccre,5,9.868857923611111,temperature
2022-03-28T00:00:00Z,ccre,6,9.858218125,temperature
2022-03-28T00:00:00Z,ccre,7,9.8450965,temperature
2022-03-28T00:00:00Z,ccre,8,9.8017955,temperature
2022-03-28T00:00:00Z,ccre,9,9.747839006944444,temperature
2022-03-28T00:00:00Z,ccre,10,9.478885805555556,temperature
2022-03-28T00:00:00Z,ccre,11,9.037563958333331,temperature
2022-03-28T00:00:00Z,ccre,12,8.217586222222222,temperature
2022-03-28T00:00:00Z,ccre,13,8.011434659722223,temperature
2022-03-29T00:00:00Z,ccre,1,9.674896375,temperature
2022-03-29T00:00:00Z,ccre,2,9.715979055555556,temperature
2022-03-29T00:00:00Z,ccre,3,9.681124423611111,temperature
2022-03-29T00:00:00Z,ccre,4,9.657894083333334,temperature
2022-03-29T00:00:00Z,ccre,5,9.579253958333334,temperature
2022-03-29T00:00:00Z,ccre,6,9.532246069444444,temperature
2022-03-29T00:00:00Z,ccre,7,9.51877788888889,temperature
2022-03-29T00:00:00Z,ccre,8,9.489781055555556,temperature
2022-03-29T00:00:00Z,ccre,9,9.453825631944444,temperature
2022-03-29T00:00:00Z,ccre,10,9.299683256944444,temperature
2022-03-29T00:00:00Z,ccre,11,9.131118180555555,temperature
2022-03-29T00:00:00Z,ccre,12,8.109708791666666,temperature
2022-03-29T00:00:00Z,ccre,13,8.011642604166667,temperature
2022-03-30T00:00:00Z,ccre,1,9.99609957638889,temperature
2022-03-30T00:00:00Z,ccre,2,9.76628611111111,temperature
2022-03-30T00:00:00Z,ccre,3,9.630099569444443,temperature
2022-03-30T00:00:00Z,ccre,4,9.412136270833331,temperature
2022-03-30T00:00:00Z,ccre,5,9.200039534722222,temperature
2022-03-30T00:00:00Z,ccre,6,9.080538590277778,temperature
2022-03-30T00:00:00Z,ccre,7,9.012154229166669,temperature
2022-03-30T00:00:00Z,ccre,8,8.92711429861111,temperature
2022-03-30T00:00:00Z,ccre,9,8.852301756944444,temperature
2022-03-30T00:00:00Z,ccre,10,8.691084277777778,temperature
2022-03-30T00:00:00Z,ccre,11,8.647394152777778,temperature
2022-03-30T00:00:00Z,ccre,12,8.374799715277778,temperature
2022-03-30T00:00:00Z,ccre,13,8.107827618055556,temperature
2022-03-31T00:00:00Z,ccre,1,10.540784006944444,temperature
2022-03-31T00:00:00Z,ccre,2,9.961016201388889,temperature
2022-03-31T00:00:00Z,ccre,3,9.501106680555557,temperature
2022-03-31T00:00:00Z,ccre,4,9.286542652777776,temperature
2022-03-31T00:00:00Z,ccre,5,9.12749375,temperature
2022-03-31T00:00:00Z,ccre,6,9.008969402777778,temperature
2022-03-31T00:00:00Z,ccre,7,8.94850648611111,temperature
2022-03-31T00:00:00Z,ccre,8,8.884980680555556,temperature
2022-03-31T00:00:00Z,ccre,9,8.827270270833333,temperature
2022-03-31T00:00:00Z,ccre,10,8.703554597222222,temperature
2022-03-31T00:00:00Z,ccre,11,8.657692756944444,temperature
2022-03-31T00:00:00Z,ccre,12,8.366779069444444,temperature
2022-03-31T00:00:00Z,ccre,13,8.143489222222222,temperature
2022-04-01T00:00:00Z,ccre,1,9.785098458333334,temperature
2022-04-01T00:00:00Z,ccre,2,9.817443583333333,temperature
2022-04-01T00:00:00Z,ccre,3,9.832254256944443,temperature
2022-04-01T00:00:00Z,ccre,4,9.825747604166668,temperature
2022-04-01T00:00:00Z,ccre,5,9.791473215277778,temperature
2022-04-01T00:00:00Z,ccre,6,9.771214555555556,temperature
2022-04-01T00:00:00Z,ccre,7,9.750670493055557,temperature
2022-04-01T00:00:00Z,ccre,8,9.699375979166666,temperature
2022-04-01T00:00:00Z,ccre,9,9.646355895833333,temperature
2022-04-01T00:00:00Z,ccre,10,9.326849729166666,temperature
2022-04-01T00:00:00Z,ccre,11,9.114225152777776,temperature
2022-04-01T00:00:00Z,ccre,12,8.571890520833334,temperature
2022-04-01T00:00:00Z,ccre,13,8.322370354166667,temperature
2022-04-02T00:00:00Z,ccre,1,10.468844951388888,temperature
2022-04-02T00:00:00Z,ccre,2,10.309357111111112,temperature
2022-04-02T00:00:00Z,ccre,3,10.254755805555556,temperature
2022-04-02T00:00:00Z,ccre,4,10.151939138888888,temperature
2022-04-02T00:00:00Z,ccre,5,10.048293555555556,temperature
2022-04-02T00:00:00Z,ccre,6,10.005263715277778,temperature
2022-04-02T00:00:00Z,ccre,7,9.951858006944445,temperature
2022-04-02T00:00:00Z,ccre,8,9.864653083333334,temperature
2022-04-02T00:00:00Z,ccre,9,9.793877909722225,temperature
2022-04-02T00:00:00Z,ccre,10,9.42896329861111,temperature
2022-04-02T00:00:00Z,ccre,11,9.295889326388888,temperature
2022-04-02T00:00:00Z,ccre,12,8.708335409722222,temperature
2022-04-02T00:00:00Z,ccre,13,8.3894184375,temperature
2022-04-03T00:00:00Z,ccre,1,11.048568541666668,temperature
2022-04-03T00:00:00Z,ccre,2,11.02788138888889,temperature
2022-04-03T00:00:00Z,ccre,3,11.004595,temperature
2022-04-03T00:00:00Z,ccre,4,10.929080277777778,temperature
2022-04-03T00:00:00Z,ccre,5,10.841443055555557,temperature
2022-04-03T00:00:00Z,ccre,6,10.688414006944445,temperature
2022-04-03T00:00:00Z,ccre,7,10.540212965277778,temperature
2022-04-03T00:00:00Z,ccre,8,10.301947125,temperature
2022-04-03T00:00:00Z,ccre,9,9.946393923611112,temperature
2022-04-03T00:00:00Z,ccre,10,9.378408875,temperature
2022-04-03T00:00:00Z,ccre,11,9.228801208333334,temperature
2022-04-03T00:00:00Z,ccre,12,8.84890025,temperature
2022-04-03T00:00:00Z,ccre,13,8.62171170138889,temperature
2022-04-04T00:00:00Z,ccre,1,11.173360694444444,temperature
2022-04-04T00:00:00Z,ccre,2,11.165348055555556,temperature
2022-04-04T00:00:00Z,ccre,3,11.111932847222224,temperature
2022-04-04T00:00:00Z,ccre,4,11.051010555555555,temperature
2022-04-04T00:00:00Z,ccre,5,10.94601361111111,temperature
2022-04-04T00:00:00Z,ccre,6,10.867561944444445,temperature
2022-04-04T00:00:00Z,ccre,7,10.76162201388889,temperature
2022-04-04T00:00:00Z,ccre,8,10.427878458333334,temperature
2022-04-04T00:00:00Z,ccre,9,10.09711079861111,temperature
2022-04-04T00:00:00Z,ccre,10,9.37159925,temperature
2022-04-04T00:00:00Z,ccre,11,9.092032180555556,temperature
2022-04-04T00:00:00Z,ccre,12,8.668608333333333,temperature
2022-04-04T00:00:00Z,ccre,13,8.537831659722222,temperature
2022-04-05T00:00:00Z,ccre,1,11.659557925925926,temperature
2022-04-05T00:00:00Z,ccre,2,11.390605555555556,temperature
2022-04-05T00:00:00Z,ccre,3,11.20227362962963,temperature
2022-04-05T00:00:00Z,ccre,4,10.965153037037036,temperature
2022-04-05T00:00:00Z,ccre,5,10.86584125925926,temperature
2022-04-05T00:00:00Z,ccre,6,10.737067407407409,temperature
2022-04-05T00:00:00Z,ccre,7,10.516147037037037,temperature
2022-04-05T00:00:00Z,ccre,8,10.08661854074074,temperature
2022-04-05T00:00:00Z,ccre,9,9.772385525925928,temperature
2022-04-05T00:00:00Z,ccre,10,9.371844407407409,temperature
2022-04-05T00:00:00Z,ccre,11,9.252165074074076,temperature
2022-04-05T00:00:00Z,ccre,12,8.836379377777778,temperature
2022-04-05T00:00:00Z,ccre,13,8.62846334074074,temperature
2022-04-06T00:00:00Z,ccre,1,12.272104791666669,temperature
2022-04-06T00:00:00Z,ccre,2,11.956756111111112,temperature
2022-04-06T00:00:00Z,ccre,3,11.670682916666667,temperature
2022-04-06T00:00:00Z,ccre,4,11.325202708333332,temperature
2022-04-06T00:00:00Z,ccre,5,11.085248958333333,temperature
2022-04-06T00:00:00Z,ccre,6,10.884852013888889,temperature
2022-04-06T00:00:00Z,ccre,7,10.675383534722222,temperature
2022-04-06T00:00:00Z,ccre,8,10.416061569444445,temperature
2022-04-06T00:00:00Z,ccre,9,9.987690597222224,temperature
2022-04-06T00:00:00Z,ccre,10,9.375904125,temperature
2022-04-06T00:00:00Z,ccre,11,9.1476968125,temperature
2022-04-06T00:00:00Z,ccre,12,8.709507583333334,temperature
2022-04-06T00:00:00Z,ccre,13,8.618178895833333,temperature
2022-04-07T00:00:00Z,ccre,1,13.004464027777775,temperature
2022-04-07T00:00:00Z,ccre,2,12.483831458333333,temperature
2022-04-07T00:00:00Z,ccre,3,12.297616319444444,temperature
2022-04-07T00:00:00Z,ccre,4,11.95733423611111,temperature
2022-04-07T00:00:00Z,ccre,5,11.537498263888889,temperature
2022-04-07T00:00:00Z,ccre,6,11.303880625,temperature
2022-04-07T00:00:00Z,ccre,7,11.002693125,temperature
2022-04-07T00:00:00Z,ccre,8,10.572286298611113,temperature
2022-04-07T00:00:00Z,ccre,9,10.100440159722222,temperature
2022-04-07T00:00:00Z,ccre,10,9.408534909722222,temperature
2022-04-07T00:00:00Z,ccre,11,9.2379504375,temperature
2022-04-07T00:00:00Z,ccre,12,8.80515923611111,temperature
2022-04-07T00:00:00Z,ccre,13,8.662373666666667,temperature
2022-04-08T00:00:00Z,ccre,1,12.321138888888887,temperature
2022-04-08T00:00:00Z,ccre,2,12.280296736111111,temperature
2022-04-08T00:00:00Z,ccre,3,12.169598055555555,temperature
2022-04-08T00:00:00Z,ccre,4,11.817335,temperature
2022-04-08T00:00:00Z,ccre,5,11.491556840277775,temperature
2022-04-08T00:00:00Z,ccre,6,10.994216097222225,temperature
2022-04-08T00:00:00Z,ccre,7,10.413432694444444,temperature
2022-04-08T00:00:00Z,ccre,8,9.96255979861111,temperature
2022-04-08T00:00:00Z,ccre,9,9.561931409722222,temperature
2022-04-08T00:00:00Z,ccre,10,9.192438569444445,temperature
2022-04-08T00:00:00Z,ccre,11,9.086224243055556,temperature
2022-04-08T00:00:00Z,ccre,12,8.811589618055555,temperature
2022-04-08T00:00:00Z,ccre,13,8.713220993055556,temperature
2022-04-09T00:00:00Z,ccre,1,11.569438055555556,temperature
2022-04-09T00:00:00Z,ccre,2,11.594158680555555,temperature
2022-04-09T00:00:00Z,ccre,3,11.587268819444445,temperature
2022-04-09T00:00:00Z,ccre,4,11.508217291666666,temperature
2022-04-09T00:00:00Z,ccre,5,11.40126923611111,temperature
2022-04-09T00:00:00Z,ccre,6,11.320494583333334,temperature
2022-04-09T00:00:00Z,ccre,7,10.980963125,temperature
2022-04-09T00:00:00Z,ccre,8,10.47061820138889,temperature
2022-04-09T00:00:00Z,ccre,9,10.134112111111111,temperature
2022-04-09T00:00:00Z,ccre,10,9.610683666666668,temperature
2022-04-09T00:00:00Z,ccre,11,9.419049631944445,temperature
2022-04-09T00:00:00Z,ccre,12,8.968343972222222,temperature
2022-04-09T00:00:00Z,ccre,13,8.802956034722222,temperature
2022-04-10T00:00:00Z,ccre,1,11.706803333333331,temperature
2022-04-10T00:00:00Z,ccre,2,11.738356180555556,temperature
2022-04-10T00:00:00Z,ccre,3,11.750858541666666,temperature
2022-04-10T00:00:00Z,ccre,4,11.738396666666668,temperature
2022-04-10T00:00:00Z,ccre,5,11.586702291666668,temperature
2022-04-10T00:00:00Z,ccre,6,11.393298055555556,temperature
2022-04-10T00:00:00Z,ccre,7,11.288980833333332,temperature
2022-04-10T00:00:00Z,ccre,8,11.203629930555556,temperature
2022-04-10T00:00:00Z,ccre,9,11.004257430555556,temperature
2022-04-10T00:00:00Z,ccre,10,9.862374208333334,temperature
2022-04-10T00:00:00Z,ccre,11,9.56588520138889,temperature
2022-04-10T00:00:00Z,ccre,12,8.953991819444445,temperature
2022-04-10T00:00:00Z,ccre,13,8.80393429861111,temperature
2022-04-11T00:00:00Z,ccre,1,12.15588125,temperature
2022-04-11T00:00:00Z,ccre,2,11.867384444444443,temperature
2022-04-11T00:00:00Z,ccre,3,11.690109027777778,temperature
2022-04-11T00:00:00Z,ccre,4,11.620926944444443,temperature
2022-04-11T00:00:00Z,ccre,5,11.490494583333334,temperature
2022-04-11T00:00:00Z,ccre,6,11.305660625,temperature
2022-04-11T00:00:00Z,ccre,7,11.120542430555556,temperature
2022-04-11T00:00:00Z,ccre,8,10.667198229166669,temperature
2022-04-11T00:00:00Z,ccre,9,9.965013284722222,temperature
2022-04-11T00:00:00Z,ccre,10,9.293891729166669,temperature
2022-04-11T00:00:00Z,ccre,11,9.187069819444444,temperature
2022-04-11T00:00:00Z,ccre,12,8.975023006944445,temperature
2022-04-11T00:00:00Z,ccre,13,8.849840798611112,temperature
2022-04-12T00:00:00Z,ccre,1,13.203807916666667,temperature
2022-04-12T00:00:00Z,ccre,2,12.345938402777778,temperature
2022-04-12T00:00:00Z,ccre,3,11.954109583333333,temperature
2022-04-12T00:00:00Z,ccre,4,11.625655555555555,temperature
2022-04-12T00:00:00Z,ccre,5,11.438988402777778,temperature
2022-04-12T00:00:00Z,ccre,6,11.30711513888889,temperature
2022-04-12T00:00:00Z,ccre,7,11.07347215277778,temperature
2022-04-12T00:00:00Z,ccre,8,10.722591111111113,temperature
2022-04-12T00:00:00Z,ccre,9,10.417779743055556,temperature
2022-04-12T00:00:00Z,ccre,10,9.617607368055555,temperature
2022-04-12T00:00:00Z,ccre,11,9.458149006944444,temperature
2022-04-12T00:00:00Z,ccre,12,9.083981347222222,temperature
2022-04-12T00:00:00Z,ccre,13,8.860457743055555,temperature
2022-04-13T00:00:00Z,ccre,1,14.135678472222224,temperature
2022-04-13T00:00:00Z,ccre,2,13.393452916666666,temperature
2022-04-13T00:00:00Z,ccre,3,12.454766805555556,temperature
2022-04-13T00:00:00Z,ccre,4,11.92693659722222,temperature
2022-04-13T00:00:00Z,ccre,5,11.563790416666668,temperature
2022-04-13T00:00:00Z,ccre,6,11.2630325,temperature
2022-04-13T00:00:00Z,ccre,7,10.91424998611111,temperature
2022-04-13T00:00:00Z,ccre,8,10.484075493055556,temperature
2022-04-13T00:00:00Z,ccre,9,9.9620515,temperature
2022-04-13T00:00:00Z,ccre,10,9.372307875,temperature
2022-04-13T00:00:00Z,ccre,11,9.248354583333333,temperature
2022-04-13T00:00:00Z,ccre,12,8.999905493055556,temperature
2022-04-13T00:00:00Z,ccre,13,8.905885368055555,temperature
2022-04-14T00:00:00Z,ccre,1,13.376670972222222,temperature
2022-04-14T00:00:00Z,ccre,2,13.053087430555555,temperature
2022-04-14T00:00:00Z,ccre,3,12.922340138888888,temperature
2022-04-14T00:00:00Z,ccre,4,12.770461597222225,temperature
2022-04-14T00:00:00Z,ccre,5,12.54911875,temperature
2022-04-14T00:00:00Z,ccre,6,12.219012569444445,temperature
2022-04-14T00:00:00Z,ccre,7,11.837868472222222,temperature
2022-04-14T00:00:00Z,ccre,8,11.199306298611113,temperature
2022-04-14T00:00:00Z,ccre,9,10.835810590277775,temperature
2022-04-14T00:00:00Z,ccre,10,10.207178166666669,temperature
2022-04-14T00:00:00Z,ccre,11,9.857764944444444,temperature
2022-04-14T00:00:00Z,ccre,12,9.246353541666666,temperature
2022-04-14T00:00:00Z,ccre,13,9.0485136041666685,temperature
2022-04-15T00:00:00Z,ccre,1,13.603319097222222,temperature
2022-04-15T00:00:00Z,ccre,2,13.538283055555556,temperature
2022-04-15T00:00:00Z,ccre,3,13.47133125,temperature
2022-04-15T00:00:00Z,ccre,4,13.20206173611111,temperature
2022-04-15T00:00:00Z,ccre,5,12.853446388888887,temperature
2022-04-15T00:00:00Z,ccre,6,12.416059375,temperature
2022-04-15T00:00:00Z,ccre,7,11.657586875,temperature
2022-04-15T00:00:00Z,ccre,8,10.733474381944443,temperature
2022-04-15T00:00:00Z,ccre,9,10.177735020833332,temperature
2022-04-15T00:00:00Z,ccre,10,9.548740583333334,temperature
2022-04-15T00:00:00Z,ccre,11,9.428420361111112,temperature
2022-04-15T00:00:00Z,ccre,12,9.167865722222222,temperature
2022-04-15T00:00:00Z,ccre,13,9.07563670138889,temperature
2022-04-16T00:00:00Z,ccre,1,13.895862291666669,temperature
2022-04-16T00:00:00Z,ccre,2,13.795481805555555,temperature
2022-04-16T00:00:00Z,ccre,3,13.635306944444444,temperature
2022-04-16T00:00:00Z,ccre,4,12.84956486111111,temperature
2022-04-16T00:00:00Z,ccre,5,12.097718055555555,temperature
2022-04-16T00:00:00Z,ccre,6,11.658420277777775,temperature
2022-04-16T00:00:00Z,ccre,7,11.062353541666669,temperature
2022-04-16T00:00:00Z,ccre,8,10.602678597222225,temperature
2022-04-16T00:00:00Z,ccre,9,10.226509708333332,temperature
2022-04-16T00:00:00Z,ccre,10,9.790826076388887,temperature
2022-04-16T00:00:00Z,ccre,11,9.701070395833334,temperature
2022-04-16T00:00:00Z,ccre,12,9.37467467361111,temperature
2022-04-16T00:00:00Z,ccre,13,9.119877944444443,temperature
2022-04-17T00:00:00Z,ccre,1,14.189862083333333,temperature
2022-04-17T00:00:00Z,ccre,2,14.186083819444445,temperature
2022-04-17T00:00:00Z,ccre,3,14.14422875,temperature
2022-04-17T00:00:00Z,ccre,4,14.024501805555555,temperature
2022-04-17T00:00:00Z,ccre,5,13.887556111111111,temperature
2022-04-17T00:00:00Z,ccre,6,13.618176573426574,temperature
2022-04-17T00:00:00Z,ccre,7,12.818899791666666,temperature
2022-04-17T00:00:00Z,ccre,8,12.177453319444444,temperature
2022-04-17T00:00:00Z,ccre,9,11.646476090277778,temperature
2022-04-17T00:00:00Z,ccre,10,10.289598034965037,temperature
2022-04-17T00:00:00Z,ccre,11,9.930981090277776,temperature
2022-04-17T00:00:00Z,ccre,12,9.30775004861111,temperature
2022-04-17T00:00:00Z,ccre,13,9.152175444444444,temperature
2022-04-18T00:00:00Z,ccre,1,14.09609451388889,temperature
2022-04-18T00:00:00Z,ccre,2,14.138344791666666,temperature
2022-04-18T00:00:00Z,ccre,3,14.158212152777775,temperature
2022-04-18T00:00:00Z,ccre,4,14.152535694444444,temperature
2022-04-18T00:00:00Z,ccre,5,14.07992375,temperature
2022-04-18T00:00:00Z,ccre,6,13.901893055555556,temperature
2022-04-18T00:00:00Z,ccre,7,12.747455,temperature
2022-04-18T00:00:00Z,ccre,8,11.64037,temperature
2022-04-18T00:00:00Z,ccre,9,10.721202125,temperature
2022-04-18T00:00:00Z,ccre,10,10.035171458333334,temperature
2022-04-18T00:00:00Z,ccre,11,9.875929368055557,temperature
2022-04-18T00:00:00Z,ccre,12,9.527751722222222,temperature
2022-04-18T00:00:00Z,ccre,13,9.276001381944443,temperature
2022-04-19T00:00:00Z,ccre,1,13.555502777777775,temperature
2022-04-19T00:00:00Z,ccre,2,13.593222291666669,temperature
2022-04-19T00:00:00Z,ccre,3,13.612473958333334,temperature
2022-04-19T00:00:00Z,ccre,4,13.605920347222222,temperature
2022-04-19T00:00:00Z,ccre,5,13.57100125,temperature
2022-04-19T00:00:00Z,ccre,6,13.54359125,temperature
2022-04-19T00:00:00Z,ccre,7,13.214981666666668,temperature
2022-04-19T00:00:00Z,ccre,8,12.241996944444445,temperature
2022-04-19T00:00:00Z,ccre,9,10.865910208333334,temperature
2022-04-19T00:00:00Z,ccre,10,9.948243972222222,temperature
2022-04-19T00:00:00Z,ccre,11,9.734472590277775,temperature
2022-04-19T00:00:00Z,ccre,12,9.391222465277778,temperature
2022-04-19T00:00:00Z,ccre,13,9.294372368055557,temperature
2022-04-20T00:00:00Z,ccre,1,13.517651176470588,temperature
2022-04-20T00:00:00Z,ccre,2,13.35610125,temperature
2022-04-20T00:00:00Z,ccre,3,13.280101544117649,temperature
2022-04-20T00:00:00Z,ccre,4,13.215780955882352,temperature
2022-04-20T00:00:00Z,ccre,5,13.12777205882353,temperature
2022-04-20T00:00:00Z,ccre,6,12.960869779411764,temperature
2022-04-20T00:00:00Z,ccre,7,12.796047647058824,temperature
2022-04-20T00:00:00Z,ccre,8,12.086149411764708,temperature
2022-04-20T00:00:00Z,ccre,9,10.6513125,temperature
2022-04-20T00:00:00Z,ccre,10,9.81989930882353,temperature
2022-04-20T00:00:00Z,ccre,11,9.661344264705882,temperature
2022-04-20T00:00:00Z,ccre,12,9.401709757352942,temperature
2022-04-20T00:00:00Z,ccre,13,9.295340727941175,temperature
2022-04-21T00:00:00Z,ccre,1,13.468620902777776,temperature
2022-04-21T00:00:00Z,ccre,2,13.299630625,temperature
2022-04-21T00:00:00Z,ccre,3,13.139213402777775,temperature
2022-04-21T00:00:00Z,ccre,4,12.891591944444444,temperature
2022-04-21T00:00:00Z,ccre,5,12.60356875,temperature
2022-04-21T00:00:00Z,ccre,6,12.38496861111111,temperature
2022-04-21T00:00:00Z,ccre,7,12.144909791666668,temperature
2022-04-21T00:00:00Z,ccre,8,11.842711944444444,temperature
2022-04-21T00:00:00Z,ccre,9,11.183755208333334,temperature
2022-04-21T00:00:00Z,ccre,10,9.974322277777778,temperature
2022-04-21T00:00:00Z,ccre,11,9.810407527777778,temperature
2022-04-21T00:00:00Z,ccre,12,9.463150236111112,temperature
2022-04-21T00:00:00Z,ccre,13,9.321137166666666,temperature
2022-04-22T00:00:00Z,ccre,1,14.625635972222222,temperature
2022-04-22T00:00:00Z,ccre,2,14.202118194444443,temperature
2022-04-22T00:00:00Z,ccre,3,13.925406875,temperature
2022-04-22T00:00:00Z,ccre,4,13.40323,temperature
2022-04-22T00:00:00Z,ccre,5,13.107519791666666,temperature
2022-04-22T00:00:00Z,ccre,6,12.942225347222225,temperature
2022-04-22T00:00:00Z,ccre,7,12.753225277777778,temperature
2022-04-22T00:00:00Z,ccre,8,12.165901458333334,temperature
2022-04-22T00:00:00Z,ccre,9,11.512569715277778,temperature
2022-04-22T00:00:00Z,ccre,10,9.976614020833331,temperature
2022-04-22T00:00:00Z,ccre,11,9.742854284722222,temperature
2022-04-22T00:00:00Z,ccre,12,9.430375833333333,temperature
2022-04-22T00:00:00Z,ccre,13,9.326342277777778,temperature
2022-04-23T00:00:00Z,ccre,1,15.642390416666666,temperature
2022-04-23T00:00:00Z,ccre,2,14.735374791666668,temperature
2022-04-23T00:00:00Z,ccre,3,14.101564375,temperature
2022-04-23T00:00:00Z,ccre,4,13.683701388888888,temperature
2022-04-23T00:00:00Z,ccre,5,13.3628375,temperature
2022-04-23T00:00:00Z,ccre,6,12.986450416666669,temperature
2022-04-23T00:00:00Z,ccre,7,12.471382152777778,temperature
2022-04-23T00:00:00Z,ccre,8,11.660042361111111,temperature
2022-04-23T00:00:00Z,ccre,9,10.912382916666669,temperature
2022-04-23T00:00:00Z,ccre,10,10.014207138888889,temperature
2022-04-23T00:00:00Z,ccre,11,9.838193770833334,temperature
2022-04-23T00:00:00Z,ccre,12,9.492453069444444,temperature
2022-04-23T00:00:00Z,ccre,13,9.363287611111112,temperature
2022-04-24T00:00:00Z,ccre,1,16.515223194444445,temperature
2022-04-24T00:00:00Z,ccre,2,15.701454791666666,temperature
2022-04-24T00:00:00Z,ccre,3,15.008409166666668,temperature
2022-04-24T00:00:00Z,ccre,4,14.088969236111112,temperature
2022-04-24T00:00:00Z,ccre,5,13.554425416666666,temperature
2022-04-24T00:00:00Z,ccre,6,13.08988027777778,temperature
2022-04-24T00:00:00Z,ccre,7,12.526016944444445,temperature
2022-04-24T00:00:00Z,ccre,8,11.85449375,temperature
2022-04-24T00:00:00Z,ccre,9,11.114815347222224,temperature
2022-04-24T00:00:00Z,ccre,10,10.255068069444444,temperature
2022-04-24T00:00:00Z,ccre,11,10.0743054375,temperature
2022-04-24T00:00:00Z,ccre,12,9.544271666666669,temperature
2022-04-24T00:00:00Z,ccre,13,9.413144423611111,temperature
2022-04-25T00:00:00Z,ccre,1,17.482827916666665,temperature
2022-04-25T00:00:00Z,ccre,2,16.664586597222222,temperature
2022-04-25T00:00:00Z,ccre,3,15.854296666666666,temperature
2022-04-25T00:00:00Z,ccre,4,14.947498680555556,temperature
2022-04-25T00:00:00Z,ccre,5,13.86710888888889,temperature
2022-04-25T00:00:00Z,ccre,6,13.277745902777776,temperature
2022-04-25T00:00:00Z,ccre,7,12.579915416666667,temperature
2022-04-25T00:00:00Z,ccre,8,11.906178680555556,temperature
2022-04-25T00:00:00Z,ccre,9,11.18139375,temperature
2022-04-25T00:00:00Z,ccre,10,10.377723090277778,temperature
2022-04-25T00:00:00Z,ccre,11,10.1116205,temperature
2022-04-25T00:00:00Z,ccre,12,9.626632652777776,temperature
2022-04-25T00:00:00Z,ccre,13,9.521420659722224,temperature
2022-04-26T00:00:00Z,ccre,1,18.073580416666665,temperature
2022-04-26T00:00:00Z,ccre,2,17.987350347222222,temperature
2022-04-26T00:00:00Z,ccre,3,17.488297777777777,temperature
2022-04-26T00:00:00Z,ccre,4,16.744200694444444,temperature
2022-04-26T00:00:00Z,ccre,5,15.268579791666667,temperature
2022-04-26T00:00:00Z,ccre,6,13.894254930555556,temperature
2022-04-26T00:00:00Z,ccre,7,12.907857847222225,temperature
2022-04-26T00:00:00Z,ccre,8,12.101567222222222,temperature
2022-04-26T00:00:00Z,ccre,9,11.456120590277775,temperature
2022-04-26T00:00:00Z,ccre,10,10.442569694444444,temperature
2022-04-26T00:00:00Z,ccre,11,10.163270201388888,temperature
2022-04-26T00:00:00Z,ccre,12,9.6531404375,temperature
2022-04-26T00:00:00Z,ccre,13,9.532034340277775,temperature
2022-04-27T00:00:00Z,ccre,1,17.56333659722222,temperature
2022-04-27T00:00:00Z,ccre,2,17.60975159722222,temperature
2022-04-27T00:00:00Z,ccre,3,17.631098958333332,temperature
2022-04-27T00:00:00Z,ccre,4,17.627323819444445,temperature
2022-04-27T00:00:00Z,ccre,5,17.55489986111111,temperature
2022-04-27T00:00:00Z,ccre,6,16.971486875,temperature
2022-04-27T00:00:00Z,ccre,7,15.130585138888888,temperature
2022-04-27T00:00:00Z,ccre,8,13.16941986111111,temperature
2022-04-27T00:00:00Z,ccre,9,11.638775208333334,temperature
2022-04-27T00:00:00Z,ccre,10,10.354458569444445,temperature
2022-04-27T00:00:00Z,ccre,11,10.107413284722222,temperature
2022-04-27T00:00:00Z,ccre,12,9.6612421875,temperature
2022-04-27T00:00:00Z,ccre,13,9.548877611111113,temperature
2022-04-28T00:00:00Z,ccre,1,17.454368402777778,temperature
2022-04-28T00:00:00Z,ccre,2,17.487118055555555,temperature
2022-04-28T00:00:00Z,ccre,3,17.480875069444444,temperature
2022-04-28T00:00:00Z,ccre,4,17.34116173611111,temperature
2022-04-28T00:00:00Z,ccre,5,16.356673680555556,temperature
2022-04-28T00:00:00Z,ccre,6,14.583358958333331,temperature
2022-04-28T00:00:00Z,ccre,7,13.728375277777776,temperature
2022-04-28T00:00:00Z,ccre,8,12.857962222222222,temperature
2022-04-28T00:00:00Z,ccre,9,11.711289027777775,temperature
2022-04-28T00:00:00Z,ccre,10,10.389924520833333,temperature
2022-04-28T00:00:00Z,ccre,11,10.098102381944445,temperature
2022-04-28T00:00:00Z,ccre,12,9.692289604166668,temperature
2022-04-28T00:00:00Z,ccre,13,9.579233215277778,temperature
2022-04-29T00:00:00Z,ccre,1,17.062443680555557,temperature
2022-04-29T00:00:00Z,ccre,2,17.079472916666667,temperature
2022-04-29T00:00:00Z,ccre,3,16.939055555555555,temperature
2022-04-29T00:00:00Z,ccre,4,16.000713472222223,temperature
2022-04-29T00:00:00Z,ccre,5,14.668600208333334,temperature
2022-04-29T00:00:00Z,ccre,6,13.746851041666666,temperature
2022-04-29T00:00:00Z,ccre,7,13.21770875,temperature
2022-04-29T00:00:00Z,ccre,8,12.46291986111111,temperature
2022-04-29T00:00:00Z,ccre,9,11.675866666666666,temperature
2022-04-29T00:00:00Z,ccre,10,10.445605902777778,temperature
2022-04-29T00:00:00Z,ccre,11,10.176466611111112,temperature
2022-04-29T00:00:00Z,ccre,12,9.756000444444444,temperature
2022-04-29T00:00:00Z,ccre,13,9.601025881944445,temperature
2022-04-30T00:00:00Z,ccre,1,16.29441048611111,temperature
2022-04-30T00:00:00Z,ccre,2,16.322211180555556,temperature
2022-04-30T00:00:00Z,ccre,3,16.29659513888889,temperature
2022-04-30T00:00:00Z,ccre,4,15.901777152777775,temperature
2022-04-30T00:00:00Z,ccre,5,15.122227708333334,temperature
2022-04-30T00:00:00Z,ccre,6,14.45175263888889,temperature
2022-04-30T00:00:00Z,ccre,7,13.719122986111111,temperature
2022-04-30T00:00:00Z,ccre,8,12.7964175,temperature
2022-04-30T00:00:00Z,ccre,9,11.67828701388889,temperature
2022-04-30T00:00:00Z,ccre,10,10.285431666666666,temperature
2022-04-30T00:00:00Z,ccre,11,10.07520665972222,temperature
2022-04-30T00:00:00Z,ccre,12,9.734309520833332,temperature
2022-04-30T00:00:00Z,ccre,13,9.60157904861111,temperature
2022-05-01T00:00:00Z,ccre,1,16.297911458333335,temperature
2022-05-01T00:00:00Z,ccre,2,16.312127916666668,temperature
2022-05-01T00:00:00Z,ccre,3,16.14227423611111,temperature
2022-05-01T00:00:00Z,ccre,4,15.815426666666667,temperature
2022-05-01T00:00:00Z,ccre,5,14.908125763888888,temperature
2022-05-01T00:00:00Z,ccre,6,14.100335555555557,temperature
2022-05-01T00:00:00Z,ccre,7,13.444260208333333,temperature
2022-05-01T00:00:00Z,ccre,8,12.580737847222222,temperature
2022-05-01T00:00:00Z,ccre,9,11.64189548611111,temperature
2022-05-01T00:00:00Z,ccre,10,10.466416041666667,temperature
2022-05-01T00:00:00Z,ccre,11,10.18068125,temperature
2022-05-01T00:00:00Z,ccre,12,9.792527111111111,temperature
2022-05-01T00:00:00Z,ccre,13,9.634509625,temperature
2022-05-02T00:00:00Z,ccre,1,17.19728513888889,temperature
2022-05-02T00:00:00Z,ccre,2,16.983056944444446,temperature
2022-05-02T00:00:00Z,ccre,3,16.436245555555555,temperature
2022-05-02T00:00:00Z,ccre,4,15.911966319444444,temperature
2022-05-02T00:00:00Z,ccre,5,15.244140069444445,temperature
2022-05-02T00:00:00Z,ccre,6,14.437519444444444,temperature
2022-05-02T00:00:00Z,ccre,7,13.608004166666667,temperature
2022-05-02T00:00:00Z,ccre,8,12.778551041666669,temperature
2022-05-02T00:00:00Z,ccre,9,11.750764513888887,temperature
2022-05-02T00:00:00Z,ccre,10,10.360041041666667,temperature
2022-05-02T00:00:00Z,ccre,11,10.1093385,temperature
2022-05-02T00:00:00Z,ccre,12,9.785970458333331,temperature
2022-05-02T00:00:00Z,ccre,13,9.652473694444444,temperature
2022-05-03T00:00:00Z,ccre,1,18.036336944444443,temperature
2022-05-03T00:00:00Z,ccre,2,17.529289722222224,temperature
2022-05-03T00:00:00Z,ccre,3,16.941283194444445,temperature
2022-05-03T00:00:00Z,ccre,4,16.236522291666667,temperature
2022-05-03T00:00:00Z,ccre,5,15.252564930555556,temperature
2022-05-03T00:00:00Z,ccre,6,14.386531111111111,temperature
2022-05-03T00:00:00Z,ccre,7,13.409914027777775,temperature
2022-05-03T00:00:00Z,ccre,8,12.54800784722222,temperature
2022-05-03T00:00:00Z,ccre,9,11.687284027777778,temperature
2022-05-03T00:00:00Z,ccre,10,10.553223194444444,temperature
2022-05-03T00:00:00Z,ccre,11,10.211497159722224,temperature
2022-05-03T00:00:00Z,ccre,12,9.837331152777775,temperature
2022-05-03T00:00:00Z,ccre,13,9.714081895833331,temperature
2022-05-04T00:00:00Z,ccre,1,19.510045069444445,temperature
2022-05-04T00:00:00Z,ccre,2,19.193297847222222,temperature
2022-05-04T00:00:00Z,ccre,3,18.30642611111111,temperature
2022-05-04T00:00:00Z,ccre,4,17.011259236111112,temperature
2022-05-04T00:00:00Z,ccre,5,16.178011180555554,temperature
2022-05-04T00:00:00Z,ccre,6,15.016679513888889,temperature
2022-05-04T00:00:00Z,ccre,7,14.009516319444444,temperature
2022-05-04T00:00:00Z,ccre,8,13.047719305555557,temperature
2022-05-04T00:00:00Z,ccre,9,11.836862152777778,temperature
2022-05-04T00:00:00Z,ccre,10,10.426921180555556,temperature
2022-05-04T00:00:00Z,ccre,11,10.181627569444444,temperature
2022-05-04T00:00:00Z,ccre,12,9.824393625,temperature
2022-05-04T00:00:00Z,ccre,13,9.707344881944444,temperature
2022-05-05T00:00:00Z,ccre,1,20.195664027777777,temperature
2022-05-05T00:00:00Z,ccre,2,19.82770076388889,temperature
2022-05-05T00:00:00Z,ccre,3,19.14808375,temperature
2022-05-05T00:00:00Z,ccre,4,17.642159027777776,temperature
2022-05-05T00:00:00Z,ccre,5,15.762563194444445,temperature
2022-05-05T00:00:00Z,ccre,6,14.317531319444443,temperature
2022-05-05T00:00:00Z,ccre,7,13.347266527777778,temperature
2022-05-05T00:00:00Z,ccre,8,12.412807986111112,temperature
2022-05-05T00:00:00Z,ccre,9,11.667261458333334,temperature
2022-05-05T00:00:00Z,ccre,10,10.567538263888888,temperature
2022-05-05T00:00:00Z,ccre,11,10.290962569444444,temperature
2022-05-05T00:00:00Z,ccre,12,9.899247666666666,temperature
2022-05-05T00:00:00Z,ccre,13,9.7256179375,temperature
2022-05-06T00:00:00Z,ccre,1,19.26141513888889,temperature
2022-05-06T00:00:00Z,ccre,2,18.593914375,temperature
2022-05-06T00:00:00Z,ccre,3,17.716017569444446,temperature
2022-05-06T00:00:00Z,ccre,4,16.854785833333334,temperature
2022-05-06T00:00:00Z,ccre,5,15.894069930555556,temperature
2022-05-06T00:00:00Z,ccre,6,15.021894305555556,temperature
2022-05-06T00:00:00Z,ccre,7,14.138703541666668,temperature
2022-05-06T00:00:00Z,ccre,8,13.032250277777775,temperature
2022-05-06T00:00:00Z,ccre,9,11.794418194444445,temperature
2022-05-06T00:00:00Z,ccre,10,10.374403402777778,temperature
2022-05-06T00:00:00Z,ccre,11,10.178081944444443,temperature
2022-05-06T00:00:00Z,ccre,12,9.863895611111111,temperature
2022-05-06T00:00:00Z,ccre,13,9.768116263888889,temperature
2022-05-07T00:00:00Z,ccre,1,18.39833888888889,temperature
2022-05-07T00:00:00Z,ccre,2,18.432400625,temperature
2022-05-07T00:00:00Z,ccre,3,18.440002222222223,temperature
2022-05-07T00:00:00Z,ccre,4,18.258734305555556,temperature
2022-05-07T00:00:00Z,ccre,5,17.72760125,temperature
2022-05-07T00:00:00Z,ccre,6,16.83949,temperature
2022-05-07T00:00:00Z,ccre,7,15.499485625,temperature
2022-05-07T00:00:00Z,ccre,8,12.999594236111111,temperature
2022-05-07T00:00:00Z,ccre,9,11.90534423611111,temperature
2022-05-07T00:00:00Z,ccre,10,10.563530555555555,temperature
2022-05-07T00:00:00Z,ccre,11,10.298536666666667,temperature
2022-05-07T00:00:00Z,ccre,12,9.937344604166666,temperature
2022-05-07T00:00:00Z,ccre,13,9.793387777777776,temperature
2022-05-08T00:00:00Z,ccre,1,17.64217326388889,temperature
2022-05-08T00:00:00Z,ccre,2,17.68249375,temperature
2022-05-08T00:00:00Z,ccre,3,17.702385694444445,temperature
2022-05-08T00:00:00Z,ccre,4,17.697846805555557,temperature
2022-05-08T00:00:00Z,ccre,5,17.66644076388889,temperature
2022-05-08T00:00:00Z,ccre,6,17.652995347222223,temperature
2022-05-08T00:00:00Z,ccre,7,16.63343763888889,temperature
2022-05-08T00:00:00Z,ccre,8,12.625455625,temperature
2022-05-08T00:00:00Z,ccre,9,11.570161875,temperature
2022-05-08T00:00:00Z,ccre,10,10.434978819444444,temperature
2022-05-08T00:00:00Z,ccre,11,10.218636319444444,temperature
2022-05-08T00:00:00Z,ccre,12,9.931206770833333,temperature
2022-05-08T00:00:00Z,ccre,13,9.811056777777775,temperature
2022-05-09T00:00:00Z,ccre,1,17.727643819444445,temperature
2022-05-09T00:00:00Z,ccre,2,17.72701361111111,temperature
2022-05-09T00:00:00Z,ccre,3,17.601997708333332,temperature
2022-05-09T00:00:00Z,ccre,4,17.49257138888889,temperature
2022-05-09T00:00:00Z,ccre,5,17.411357430555555,temperature
2022-05-09T00:00:00Z,ccre,6,16.07138972222222,temperature
2022-05-09T00:00:00Z,ccre,7,14.038600625,temperature
2022-05-09T00:00:00Z,ccre,8,12.841947430555557,temperature
2022-05-09T00:00:00Z,ccre,9,11.898837847222222,temperature
2022-05-09T00:00:00Z,ccre,10,10.678159583333333,temperature
2022-05-09T00:00:00Z,ccre,11,10.325334583333332,temperature
2022-05-09T00:00:00Z,ccre,12,9.9673503125,temperature
2022-05-09T00:00:00Z,ccre,13,9.826320805555556,temperature
2022-05-10T00:00:00Z,ccre,1,18.43622965277778,temperature
2022-05-10T00:00:00Z,ccre,2,18.30400201388889,temperature
2022-05-10T00:00:00Z,ccre,3,18.083396319444443,temperature
2022-05-10T00:00:00Z,ccre,4,17.97804451388889,temperature
2022-05-10T00:00:00Z,ccre,5,17.669644444444444,temperature
2022-05-10T00:00:00Z,ccre,6,15.60817076388889,temperature
2022-05-10T00:00:00Z,ccre,7,14.08389451388889,temperature
2022-05-10T00:00:00Z,ccre,8,12.866823125,temperature
2022-05-10T00:00:00Z,ccre,9,11.768309097222222,temperature
2022-05-10T00:00:00Z,ccre,10,10.571346041666668,temperature
2022-05-10T00:00:00Z,ccre,11,10.344625138888889,temperature
2022-05-10T00:00:00Z,ccre,12,10.008198777777778,temperature
2022-05-10T00:00:00Z,ccre,13,9.869968166666666,temperature
2022-05-11T00:00:00Z,ccre,1,19.096644652777776,temperature
2022-05-11T00:00:00Z,ccre,2,18.9612425,temperature
2022-05-11T00:00:00Z,ccre,3,18.780364722222224,temperature
2022-05-11T00:00:00Z,ccre,4,18.561135625,temperature
2022-05-11T00:00:00Z,ccre,5,17.457007222222224,temperature
2022-05-11T00:00:00Z,ccre,6,15.900500833333334,temperature
2022-05-11T00:00:00Z,ccre,7,14.562320625,temperature
2022-05-11T00:00:00Z,ccre,8,13.068671180555556,temperature
2022-05-11T00:00:00Z,ccre,9,11.956367708333334,temperature
2022-05-11T00:00:00Z,ccre,10,10.600555069444445,temperature
2022-05-11T00:00:00Z,ccre,11,10.37166888888889,temperature
2022-05-11T00:00:00Z,ccre,12,10.032069104166666,temperature
2022-05-11T00:00:00Z,ccre,13,9.87867632638889,temperature
2022-05-12T00:00:00Z,ccre,1,19.126760492957747,temperature
2022-05-12T00:00:00Z,ccre,2,19.131768732394367,temperature
2022-05-12T00:00:00Z,ccre,3,19.089807746478872,temperature
2022-05-12T00:00:00Z,ccre,4,18.96961464788732,temperature
2022-05-12T00:00:00Z,ccre,5,17.720633802816902,temperature
2022-05-12T00:00:00Z,ccre,6,16.494161126760563,temperature
2022-05-12T00:00:00Z,ccre,7,14.589934154929578,temperature
2022-05-12T00:00:00Z,ccre,8,13.028885422535213,temperature
2022-05-12T00:00:00Z,ccre,9,12.00346352112676,temperature
2022-05-12T00:00:00Z,ccre,10,10.66291457746479,temperature
2022-05-12T00:00:00Z,ccre,11,10.402042605633802,temperature
2022-05-12T00:00:00Z,ccre,12,10.046191845070425,temperature
2022-05-12T00:00:00Z,ccre,13,9.919867316901408,temperature
2022-05-13T00:00:00Z,ccre,1,19.77923381944445,temperature
2022-05-13T00:00:00Z,ccre,2,19.552530555555556,temperature
2022-05-13T00:00:00Z,ccre,3,19.270627430555557,temperature
2022-05-13T00:00:00Z,ccre,4,18.883879375,temperature
2022-05-13T00:00:00Z,ccre,5,17.47018451388889,temperature
2022-05-13T00:00:00Z,ccre,6,15.420133472222222,temperature
2022-05-13T00:00:00Z,ccre,7,14.092723194444444,temperature
2022-05-13T00:00:00Z,ccre,8,12.868661319444444,temperature
2022-05-13T00:00:00Z,ccre,9,11.897743541666667,temperature
2022-05-13T00:00:00Z,ccre,10,10.632889861111112,temperature
2022-05-13T00:00:00Z,ccre,11,10.43608986111111,temperature
2022-05-13T00:00:00Z,ccre,12,10.097300875,temperature
2022-05-13T00:00:00Z,ccre,13,9.950943229166668,temperature
2022-05-14T00:00:00Z,ccre,1,20.54325298611111,temperature
2022-05-14T00:00:00Z,ccre,2,19.927056736111112,temperature
2022-05-14T00:00:00Z,ccre,3,18.930315069444443,temperature
2022-05-14T00:00:00Z,ccre,4,18.049355,temperature
2022-05-14T00:00:00Z,ccre,5,16.972350694444444,temperature
2022-05-14T00:00:00Z,ccre,6,16.10139388888889,temperature
2022-05-14T00:00:00Z,ccre,7,14.665676458333332,temperature
2022-05-14T00:00:00Z,ccre,8,13.05195875,temperature
2022-05-14T00:00:00Z,ccre,9,11.868403472222225,temperature
2022-05-14T00:00:00Z,ccre,10,10.536566111111112,temperature
2022-05-14T00:00:00Z,ccre,11,10.360277430555556,temperature
2022-05-14T00:00:00Z,ccre,12,10.08581951388889,temperature
2022-05-14T00:00:00Z,ccre,13,9.96464975,temperature
2022-05-15T00:00:00Z,ccre,1,21.084541666666667,temperature
2022-05-15T00:00:00Z,ccre,2,20.09130652777778,temperature
2022-05-15T00:00:00Z,ccre,3,19.221650416666662,temperature
2022-05-15T00:00:00Z,ccre,4,18.465749930555557,temperature
2022-05-15T00:00:00Z,ccre,5,17.571492569444445,temperature
2022-05-15T00:00:00Z,ccre,6,16.17794826388889,temperature
2022-05-15T00:00:00Z,ccre,7,14.200073333333334,temperature
2022-05-15T00:00:00Z,ccre,8,12.941587777777778,temperature
2022-05-15T00:00:00Z,ccre,9,11.845797222222222,temperature
2022-05-15T00:00:00Z,ccre,10,10.618605138888888,temperature
2022-05-15T00:00:00Z,ccre,11,10.419237569444444,temperature
2022-05-15T00:00:00Z,ccre,12,10.12384576388889,temperature
2022-05-15T00:00:00Z,ccre,13,9.994985458333334,temperature
2022-05-16T00:00:00Z,ccre,1,21.040804027777774,temperature
2022-05-16T00:00:00Z,ccre,2,20.63661673611111,temperature
2022-05-16T00:00:00Z,ccre,3,20.025960069444444,temperature
2022-05-16T00:00:00Z,ccre,4,18.84686486111111,temperature
2022-05-16T00:00:00Z,ccre,5,17.676349305555554,temperature
2022-05-16T00:00:00Z,ccre,6,16.290926111111112,temperature
2022-05-16T00:00:00Z,ccre,7,14.759697222222222,temperature
2022-05-16T00:00:00Z,ccre,8,13.364361944444443,temperature
2022-05-16T00:00:00Z,ccre,9,12.119962708333333,temperature
2022-05-16T00:00:00Z,ccre,10,10.660302083333333,temperature
2022-05-16T00:00:00Z,ccre,11,10.408119097222222,temperature
2022-05-16T00:00:00Z,ccre,12,10.11267701388889,temperature
2022-05-16T00:00:00Z,ccre,13,9.985573131944443,temperature
2022-05-17T00:00:00Z,ccre,1,21.063209166666667,temperature
2022-05-17T00:00:00Z,ccre,2,21.028874583333337,temperature
2022-05-17T00:00:00Z,ccre,3,20.925469375,temperature
2022-05-17T00:00:00Z,ccre,4,19.368751041666663,temperature
2022-05-17T00:00:00Z,ccre,5,17.66109076388889,temperature
2022-05-17T00:00:00Z,ccre,6,15.815078958333332,temperature
2022-05-17T00:00:00Z,ccre,7,14.38801875,temperature
2022-05-17T00:00:00Z,ccre,8,13.257409930555555,temperature
2022-05-17T00:00:00Z,ccre,9,12.010369930555555,temperature
2022-05-17T00:00:00Z,ccre,10,10.652100486111111,temperature
2022-05-17T00:00:00Z,ccre,11,10.433017430555555,temperature
2022-05-17T00:00:00Z,ccre,12,10.146588958333334,temperature
2022-05-17T00:00:00Z,ccre,13,10.036873506944444,temperature
2022-05-18T00:00:00Z,ccre,1,21.35387298611111,temperature
2022-05-18T00:00:00Z,ccre,2,20.995627083333332,temperature
2022-05-18T00:00:00Z,ccre,3,20.492670416666662,temperature
2022-05-18T00:00:00Z,ccre,4,19.681617847222224,temperature
2022-05-18T00:00:00Z,ccre,5,17.667715138888887,temperature
2022-05-18T00:00:00Z,ccre,6,16.200154791666666,temperature
2022-05-18T00:00:00Z,ccre,7,14.492447430555556,temperature
2022-05-18T00:00:00Z,ccre,8,12.950880069444445,temperature
2022-05-18T00:00:00Z,ccre,9,11.869106805555557,temperature
2022-05-18T00:00:00Z,ccre,10,10.640056944444444,temperature
2022-05-18T00:00:00Z,ccre,11,10.442433611111111,temperature
2022-05-18T00:00:00Z,ccre,12,10.161938888888889,temperature
2022-05-18T00:00:00Z,ccre,13,10.024530048611112,temperature
2022-05-19T00:00:00Z,ccre,1,22.07755611111111,temperature
2022-05-19T00:00:00Z,ccre,2,21.913957708333335,temperature
2022-05-19T00:00:00Z,ccre,3,21.394355208333337,temperature
2022-05-19T00:00:00Z,ccre,4,19.806075069444443,temperature
2022-05-19T00:00:00Z,ccre,5,18.621205555555555,temperature
2022-05-19T00:00:00Z,ccre,6,16.959925277777778,temperature
2022-05-19T00:00:00Z,ccre,7,14.872300625,temperature
2022-05-19T00:00:00Z,ccre,8,13.294572291666666,temperature
2022-05-19T00:00:00Z,ccre,9,11.940676944444444,temperature
2022-05-19T00:00:00Z,ccre,10,10.627705972222222,temperature
2022-05-19T00:00:00Z,ccre,11,10.424497986111112,temperature
2022-05-19T00:00:00Z,ccre,12,10.174098333333331,temperature
2022-05-19T00:00:00Z,ccre,13,10.051637868055556,temperature
2022-05-20T00:00:00Z,ccre,1,23.484112222222222,temperature
2022-05-20T00:00:00Z,ccre,2,22.567733611111112,temperature
2022-05-20T00:00:00Z,ccre,3,21.779576111111112,temperature
2022-05-20T00:00:00Z,ccre,4,20.145847708333335,temperature
2022-05-20T00:00:00Z,ccre,5,17.791020555555555,temperature
2022-05-20T00:00:00Z,ccre,6,16.037035,temperature
2022-05-20T00:00:00Z,ccre,7,14.718927777777775,temperature
2022-05-20T00:00:00Z,ccre,8,13.573130486111111,temperature
2022-05-20T00:00:00Z,ccre,9,12.242335972222222,temperature
2022-05-20T00:00:00Z,ccre,10,10.713627569444444,temperature
2022-05-20T00:00:00Z,ccre,11,10.496443333333334,temperature
2022-05-20T00:00:00Z,ccre,12,10.209032708333334,temperature
2022-05-20T00:00:00Z,ccre,13,10.076188819444443,temperature
2022-05-21T00:00:00Z,ccre,1,23.80285576388889,temperature
2022-05-21T00:00:00Z,ccre,2,23.127911944444445,temperature
2022-05-21T00:00:00Z,ccre,3,22.47668256944445,temperature
2022-05-21T00:00:00Z,ccre,4,21.358891805555555,temperature
2022-05-21T00:00:00Z,ccre,5,18.992419166666668,temperature
2022-05-21T00:00:00Z,ccre,6,17.03547784722222,temperature
2022-05-21T00:00:00Z,ccre,7,15.091187916666668,temperature
2022-05-21T00:00:00Z,ccre,8,13.434669027777778,temperature
2022-05-21T00:00:00Z,ccre,9,12.140663541666669,temperature
2022-05-21T00:00:00Z,ccre,10,10.748061527777775,temperature
2022-05-21T00:00:00Z,ccre,11,10.512048611111112,temperature
2022-05-21T00:00:00Z,ccre,12,10.214549444444444,temperature
2022-05-21T00:00:00Z,ccre,13,10.102210333333334,temperature
2022-05-22T00:00:00Z,ccre,1,24.009140208333335,temperature
2022-05-22T00:00:00Z,ccre,2,23.793314722222224,temperature
2022-05-22T00:00:00Z,ccre,3,23.438140277777777,temperature
2022-05-22T00:00:00Z,ccre,4,21.918852222222224,temperature
2022-05-22T00:00:00Z,ccre,5,18.812670069444444,temperature
2022-05-22T00:00:00Z,ccre,6,16.749423333333333,temperature
2022-05-22T00:00:00Z,ccre,7,15.005212986111111,temperature
2022-05-22T00:00:00Z,ccre,8,13.425885625,temperature
2022-05-22T00:00:00Z,ccre,9,12.144950486111112,temperature
2022-05-22T00:00:00Z,ccre,10,10.726302361111111,temperature
2022-05-22T00:00:00Z,ccre,11,10.510882083333334,temperature
2022-05-22T00:00:00Z,ccre,12,10.239507847222225,temperature
2022-05-22T00:00:00Z,ccre,13,10.114178819444444,temperature
2022-05-23T00:00:00Z,ccre,1,23.586687152777777,temperature
2022-05-23T00:00:00Z,ccre,2,23.62253611111111,temperature
2022-05-23T00:00:00Z,ccre,3,23.602318611111112,temperature
2022-05-23T00:00:00Z,ccre,4,23.117533055555555,temperature
2022-05-23T00:00:00Z,ccre,5,21.14760701388889,temperature
2022-05-23T00:00:00Z,ccre,6,17.211047291666667,temperature
2022-05-23T00:00:00Z,ccre,7,15.118636041666669,temperature
2022-05-23T00:00:00Z,ccre,8,13.273100625,temperature
2022-05-23T00:00:00Z,ccre,9,11.967427083333334,temperature
2022-05-23T00:00:00Z,ccre,10,10.696057152777778,temperature
2022-05-23T00:00:00Z,ccre,11,10.528008402777775,temperature
2022-05-23T00:00:00Z,ccre,12,10.270676111111111,temperature
2022-05-23T00:00:00Z,ccre,13,10.155965694444443,temperature
2022-05-24T00:00:00Z,ccre,1,22.504461527777774,temperature
2022-05-24T00:00:00Z,ccre,2,22.54004430555555,temperature
2022-05-24T00:00:00Z,ccre,3,22.552762986111112,temperature
2022-05-24T00:00:00Z,ccre,4,22.535803125,temperature
2022-05-24T00:00:00Z,ccre,5,21.51903097222222,temperature
2022-05-24T00:00:00Z,ccre,6,16.75567277777778,temperature
2022-05-24T00:00:00Z,ccre,7,14.892316805555556,temperature
2022-05-24T00:00:00Z,ccre,8,13.326717291666666,temperature
2022-05-24T00:00:00Z,ccre,9,12.186365208333331,temperature
2022-05-24T00:00:00Z,ccre,10,10.736650763888887,temperature
2022-05-24T00:00:00Z,ccre,11,10.534604305555556,temperature
2022-05-24T00:00:00Z,ccre,12,10.276184375,temperature
2022-05-24T00:00:00Z,ccre,13,10.136597291666666,temperature
2022-05-25T00:00:00Z,ccre,1,21.968671597222222,temperature
2022-05-25T00:00:00Z,ccre,2,21.93465159722222,temperature
2022-05-25T00:00:00Z,ccre,3,21.831231666666667,temperature
2022-05-25T00:00:00Z,ccre,4,20.601271527777776,temperature
2022-05-25T00:00:00Z,ccre,5,18.453467291666666,temperature
2022-05-25T00:00:00Z,ccre,6,17.055478680555556,temperature
2022-05-25T00:00:00Z,ccre,7,15.367130347222222,temperature
2022-05-25T00:00:00Z,ccre,8,13.552759305555556,temperature
2022-05-25T00:00:00Z,ccre,9,12.046748819444444,temperature
2022-05-25T00:00:00Z,ccre,10,10.682039583333331,temperature
2022-05-25T00:00:00Z,ccre,11,10.505431250000001,temperature
2022-05-25T00:00:00Z,ccre,12,10.290594097222222,temperature
2022-05-25T00:00:00Z,ccre,13,10.168520694444444,temperature
2022-05-26T00:00:00Z,ccre,1,21.306697708333335,temperature
2022-05-26T00:00:00Z,ccre,2,21.309691875,temperature
2022-05-26T00:00:00Z,ccre,3,21.071733402777777,temperature
2022-05-26T00:00:00Z,ccre,4,19.956573194444445,temperature
2022-05-26T00:00:00Z,ccre,5,18.830340347222226,temperature
2022-05-26T00:00:00Z,ccre,6,17.035211597222222,temperature
2022-05-26T00:00:00Z,ccre,7,15.108461458333334,temperature
2022-05-26T00:00:00Z,ccre,8,13.501541944444444,temperature
2022-05-26T00:00:00Z,ccre,9,12.214272430555557,temperature
2022-05-26T00:00:00Z,ccre,10,10.814614791666669,temperature
2022-05-26T00:00:00Z,ccre,11,10.584969444444445,temperature
2022-05-26T00:00:00Z,ccre,12,10.315773541666667,temperature
2022-05-26T00:00:00Z,ccre,13,10.192622291666666,temperature
2022-05-27T00:00:00Z,ccre,1,21.141055277777777,temperature
2022-05-27T00:00:00Z,ccre,2,21.072434166666667,temperature
2022-05-27T00:00:00Z,ccre,3,20.87409611111111,temperature
2022-05-27T00:00:00Z,ccre,4,20.21488326388889,temperature
2022-05-27T00:00:00Z,ccre,5,19.168604652777777,temperature
2022-05-27T00:00:00Z,ccre,6,17.23266013888889,temperature
2022-05-27T00:00:00Z,ccre,7,15.11196902777778,temperature
2022-05-27T00:00:00Z,ccre,8,13.364550347222222,temperature
2022-05-27T00:00:00Z,ccre,9,12.150634166666666,temperature
2022-05-27T00:00:00Z,ccre,10,10.766110208333334,temperature
2022-05-27T00:00:00Z,ccre,11,10.561187430555556,temperature
2022-05-27T00:00:00Z,ccre,12,10.315116180555556,temperature
2022-05-27T00:00:00Z,ccre,13,10.189777569444445,temperature
2022-05-28T00:00:00Z,ccre,1,21.89434013888889,temperature
2022-05-28T00:00:00Z,ccre,2,21.544925208333332,temperature
2022-05-28T00:00:00Z,ccre,3,20.877481944444444,temperature
2022-05-28T00:00:00Z,ccre,4,20.460212569444444,temperature
2022-05-28T00:00:00Z,ccre,5,19.172375069444445,temperature
2022-05-28T00:00:00Z,ccre,6,17.021012638888887,temperature
2022-05-28T00:00:00Z,ccre,7,15.153165902777776,temperature
2022-05-28T00:00:00Z,ccre,8,13.42019340277778,temperature
2022-05-28T00:00:00Z,ccre,9,12.008706527777775,temperature
2022-05-28T00:00:00Z,ccre,10,10.753757291666666,temperature
2022-05-28T00:00:00Z,ccre,11,10.571854305555556,temperature
2022-05-28T00:00:00Z,ccre,12,10.340323472222222,temperature
2022-05-28T00:00:00Z,ccre,13,10.21543465277778,temperature
2022-05-29T00:00:00Z,ccre,1,22.285370347222223,temperature
2022-05-29T00:00:00Z,ccre,2,22.106866180555556,temperature
2022-05-29T00:00:00Z,ccre,3,21.34014965277778,temperature
2022-05-29T00:00:00Z,ccre,4,20.32518236111111,temperature
2022-05-29T00:00:00Z,ccre,5,18.300833611111113,temperature
2022-05-29T00:00:00Z,ccre,6,16.888250763888887,temperature
2022-05-29T00:00:00Z,ccre,7,15.385016180555557,temperature
2022-05-29T00:00:00Z,ccre,8,13.67916576388889,temperature
2022-05-29T00:00:00Z,ccre,9,12.33221902777778,temperature
2022-05-29T00:00:00Z,ccre,10,10.811508611111112,temperature
2022-05-29T00:00:00Z,ccre,11,10.613150069444444,temperature
2022-05-29T00:00:00Z,ccre,12,10.35876951388889,temperature
2022-05-29T00:00:00Z,ccre,13,10.22036638888889,temperature
2022-05-30T00:00:00Z,ccre,1,22.976225833333334,temperature
2022-05-30T00:00:00Z,ccre,2,22.100622430555557,temperature
2022-05-30T00:00:00Z,ccre,3,21.530698472222223,temperature
2022-05-30T00:00:00Z,ccre,4,20.308726875,temperature
2022-05-30T00:00:00Z,ccre,5,18.926283263888887,temperature
2022-05-30T00:00:00Z,ccre,6,17.40259097222222,temperature
2022-05-30T00:00:00Z,ccre,7,15.27610125,temperature
2022-05-30T00:00:00Z,ccre,8,13.363862361111112,temperature
2022-05-30T00:00:00Z,ccre,9,12.055405833333332,temperature
2022-05-30T00:00:00Z,ccre,10,10.848715555555556,temperature
2022-05-30T00:00:00Z,ccre,11,10.63875375,temperature
2022-05-30T00:00:00Z,ccre,12,10.368656944444444,temperature
2022-05-30T00:00:00Z,ccre,13,10.269345902777776,temperature
2022-05-31T00:00:00Z,ccre,1,24.836878958333333,temperature
2022-05-31T00:00:00Z,ccre,2,23.338162291666663,temperature
2022-05-31T00:00:00Z,ccre,3,22.39770013888889,temperature
2022-05-31T00:00:00Z,ccre,4,20.896591805555556,temperature
2022-05-31T00:00:00Z,ccre,5,18.896095972222223,temperature
2022-05-31T00:00:00Z,ccre,6,17.071945555555555,temperature
2022-05-31T00:00:00Z,ccre,7,15.300514513888889,temperature
2022-05-31T00:00:00Z,ccre,8,13.72588,temperature
2022-05-31T00:00:00Z,ccre,9,12.298980763888888,temperature
2022-05-31T00:00:00Z,ccre,10,10.814789444444443,temperature
2022-05-31T00:00:00Z,ccre,11,10.612953194444444,temperature
2022-05-31T00:00:00Z,ccre,12,10.376060069444444,temperature
2022-05-31T00:00:00Z,ccre,13,10.264012569444445,temperature
2022-06-01T00:00:00Z,ccre,1,26.468981458333335,temperature
2022-06-01T00:00:00Z,ccre,2,24.62595951388889,temperature
2022-06-01T00:00:00Z,ccre,3,22.817026805555557,temperature
2022-06-01T00:00:00Z,ccre,4,20.759912152777776,temperature
2022-06-01T00:00:00Z,ccre,5,19.089261805555555,temperature
2022-06-01T00:00:00Z,ccre,6,17.440324930555555,temperature
2022-06-01T00:00:00Z,ccre,7,15.602232847222222,temperature
2022-06-01T00:00:00Z,ccre,8,13.653156944444444,temperature
2022-06-01T00:00:00Z,ccre,9,12.124378055555557,temperature
2022-06-01T00:00:00Z,ccre,10,10.769447916666667,temperature
2022-06-01T00:00:00Z,ccre,11,10.60604513888889,temperature
2022-06-01T00:00:00Z,ccre,12,10.393504791666668,temperature
2022-06-01T00:00:00Z,ccre,13,10.282865416666668,temperature
2022-06-02T00:00:00Z,ccre,1,25.65736763888889,temperature
2022-06-02T00:00:00Z,ccre,2,25.008582291666663,temperature
2022-06-02T00:00:00Z,ccre,3,22.89554090277778,temperature
2022-06-02T00:00:00Z,ccre,4,21.276651319444444,temperature
2022-06-02T00:00:00Z,ccre,5,19.59689638888889,temperature
2022-06-02T00:00:00Z,ccre,6,17.570642708333335,temperature
2022-06-02T00:00:00Z,ccre,7,15.447156597222222,temperature
2022-06-02T00:00:00Z,ccre,8,13.74985451388889,temperature
2022-06-02T00:00:00Z,ccre,9,12.299790902777778,temperature
2022-06-02T00:00:00Z,ccre,10,10.871633055555556,temperature
2022-06-02T00:00:00Z,ccre,11,10.665202222222222,temperature
2022-06-02T00:00:00Z,ccre,12,10.410150902777778,temperature
2022-06-02T00:00:00Z,ccre,13,10.29791625,temperature
2022-06-03T00:00:00Z,ccre,1,25.47268076388889,temperature
2022-06-03T00:00:00Z,ccre,2,25.483871180555557,temperature
2022-06-03T00:00:00Z,ccre,3,25.201960069444446,temperature
2022-06-03T00:00:00Z,ccre,4,22.981088472222226,temperature
2022-06-03T00:00:00Z,ccre,5,19.480080972222225,temperature
2022-06-03T00:00:00Z,ccre,6,17.161235069444444,temperature
2022-06-03T00:00:00Z,ccre,7,15.36308,temperature
2022-06-03T00:00:00Z,ccre,8,13.663258194444444,temperature
2022-06-03T00:00:00Z,ccre,9,12.221380069444445,temperature
2022-06-03T00:00:00Z,ccre,10,10.817385833333333,temperature
2022-06-03T00:00:00Z,ccre,11,10.632008125,temperature
2022-06-03T00:00:00Z,ccre,12,10.416386944444444,temperature
2022-06-03T00:00:00Z,ccre,13,10.308239305555556,temperature
2022-06-04T00:00:00Z,ccre,1,25.297776041666665,temperature
2022-06-04T00:00:00Z,ccre,2,25.236956180555556,temperature
2022-06-04T00:00:00Z,ccre,3,25.132178472222225,temperature
2022-06-04T00:00:00Z,ccre,4,22.066751875,temperature
2022-06-04T00:00:00Z,ccre,5,19.55685513888889,temperature
2022-06-04T00:00:00Z,ccre,6,17.674007916666667,temperature
2022-06-04T00:00:00Z,ccre,7,15.712161944444444,temperature
2022-06-04T00:00:00Z,ccre,8,13.686675486111112,temperature
2022-06-04T00:00:00Z,ccre,9,12.16039798611111,temperature
2022-06-04T00:00:00Z,ccre,10,10.879119513888888,temperature
2022-06-04T00:00:00Z,ccre,11,10.698663333333334,temperature
2022-06-04T00:00:00Z,ccre,12,10.445441597222224,temperature
2022-06-04T00:00:00Z,ccre,13,10.321217569444444,temperature
2022-06-05T00:00:00Z,ccre,1,25.024243333333335,temperature
2022-06-05T00:00:00Z,ccre,2,24.912582291666663,temperature
2022-06-05T00:00:00Z,ccre,3,24.77954215277778,temperature
2022-06-05T00:00:00Z,ccre,4,22.69692694444445,temperature
2022-06-05T00:00:00Z,ccre,5,20.091909375,temperature
2022-06-05T00:00:00Z,ccre,6,17.67528076388889,temperature
2022-06-05T00:00:00Z,ccre,7,15.565576111111112,temperature
2022-06-05T00:00:00Z,ccre,8,13.85004402777778,temperature
2022-06-05T00:00:00Z,ccre,9,12.40665763888889,temperature
2022-06-05T00:00:00Z,ccre,10,10.899244722222225,temperature
2022-06-05T00:00:00Z,ccre,11,10.71249326388889,temperature
2022-06-05T00:00:00Z,ccre,12,10.459382222222224,temperature
2022-06-05T00:00:00Z,ccre,13,10.33309451388889,temperature
2022-06-06T00:00:00Z,ccre,1,24.607982152777776,temperature
2022-06-06T00:00:00Z,ccre,2,24.583524444444443,temperature
2022-06-06T00:00:00Z,ccre,3,24.419372638888888,temperature
2022-06-06T00:00:00Z,ccre,4,22.280330208333332,temperature
2022-06-06T00:00:00Z,ccre,5,20.01264527777778,temperature
2022-06-06T00:00:00Z,ccre,6,17.825659375,temperature
2022-06-06T00:00:00Z,ccre,7,15.82186986111111,temperature
2022-06-06T00:00:00Z,ccre,8,13.955499305555556,temperature
2022-06-06T00:00:00Z,ccre,9,12.29752388888889,temperature
2022-06-06T00:00:00Z,ccre,10,10.849301944444443,temperature
2022-06-06T00:00:00Z,ccre,11,10.686654305555557,temperature
2022-06-06T00:00:00Z,ccre,12,10.460883333333332,temperature
2022-06-06T00:00:00Z,ccre,13,10.377787916666668,temperature
2022-06-07T00:00:00Z,ccre,1,24.011256944444444,temperature
2022-06-07T00:00:00Z,ccre,2,23.982927152777776,temperature
2022-06-07T00:00:00Z,ccre,3,23.764647152777776,temperature
2022-06-07T00:00:00Z,ccre,4,22.246711458333333,temperature
2022-06-07T00:00:00Z,ccre,5,20.220063680555555,temperature
2022-06-07T00:00:00Z,ccre,6,17.90699451388889,temperature
2022-06-07T00:00:00Z,ccre,7,15.868242638888889,temperature
2022-06-07T00:00:00Z,ccre,8,14.038713680555556,temperature
2022-06-07T00:00:00Z,ccre,9,12.462838611111112,temperature
2022-06-07T00:00:00Z,ccre,10,10.973588958333334,temperature
2022-06-07T00:00:00Z,ccre,11,10.770733611111112,temperature
2022-06-07T00:00:00Z,ccre,12,10.49465576388889,temperature
2022-06-07T00:00:00Z,ccre,13,10.378745972222225,temperature
2022-06-08T00:00:00Z,ccre,1,24.417010277777777,temperature
2022-06-08T00:00:00Z,ccre,2,24.05117840277778,temperature
2022-06-08T00:00:00Z,ccre,3,23.90870423611111,temperature
2022-06-08T00:00:00Z,ccre,4,23.38926361111111,temperature
2022-06-08T00:00:00Z,ccre,5,21.055054791666667,temperature
2022-06-08T00:00:00Z,ccre,6,18.099459444444445,temperature
2022-06-08T00:00:00Z,ccre,7,15.540044722222222,temperature
2022-06-08T00:00:00Z,ccre,8,13.775785625,temperature
2022-06-08T00:00:00Z,ccre,9,12.327214097222225,temperature
2022-06-08T00:00:00Z,ccre,10,10.894517916666668,temperature
2022-06-08T00:00:00Z,ccre,11,10.7229475,temperature
2022-06-08T00:00:00Z,ccre,12,10.497085347222225,temperature
2022-06-08T00:00:00Z,ccre,13,10.389020763888889,temperature
2022-06-09T00:00:00Z,ccre,1,24.936263125,temperature
2022-06-09T00:00:00Z,ccre,2,24.944936319444444,temperature
2022-06-09T00:00:00Z,ccre,3,24.74505798611111,temperature
2022-06-09T00:00:00Z,ccre,4,24.267242291666665,temperature
2022-06-09T00:00:00Z,ccre,5,21.334636875,temperature
2022-06-09T00:00:00Z,ccre,6,18.372298611111113,temperature
2022-06-09T00:00:00Z,ccre,7,16.200075625,temperature
2022-06-09T00:00:00Z,ccre,8,14.023370972222224,temperature
2022-06-09T00:00:00Z,ccre,9,12.209107152777776,temperature
2022-06-09T00:00:00Z,ccre,10,10.898682361111112,temperature
2022-06-09T00:00:00Z,ccre,11,10.736920069444444,temperature
2022-06-09T00:00:00Z,ccre,12,10.51577673611111,temperature
2022-06-09T00:00:00Z,ccre,13,10.400612013888887,temperature
2022-06-10T00:00:00Z,ccre,1,24.863820555555556,temperature
2022-06-10T00:00:00Z,ccre,2,24.79997145833333,temperature
2022-06-10T00:00:00Z,ccre,3,24.68360138888889,temperature
2022-06-10T00:00:00Z,ccre,4,24.406793125,temperature
2022-06-10T00:00:00Z,ccre,5,21.122923055555557,temperature
2022-06-10T00:00:00Z,ccre,6,17.764983680555556,temperature
2022-06-10T00:00:00Z,ccre,7,15.896872986111113,temperature
2022-06-10T00:00:00Z,ccre,8,14.176202777777778,temperature
2022-06-10T00:00:00Z,ccre,9,12.626582916666669,temperature
2022-06-10T00:00:00Z,ccre,10,11.01199652777778,temperature
2022-06-10T00:00:00Z,ccre,11,10.801466944444444,temperature
2022-06-10T00:00:00Z,ccre,12,10.535689652777778,temperature
2022-06-10T00:00:00Z,ccre,13,10.412973541666666,temperature
2022-06-11T00:00:00Z,ccre,1,24.827424861111112,temperature
2022-06-11T00:00:00Z,ccre,2,24.802024513888888,temperature
2022-06-11T00:00:00Z,ccre,3,24.686274722222223,temperature
2022-06-11T00:00:00Z,ccre,4,24.135427291666662,temperature
2022-06-11T00:00:00Z,ccre,5,21.353529583333337,temperature
2022-06-11T00:00:00Z,ccre,6,18.662227152777778,temperature
2022-06-11T00:00:00Z,ccre,7,16.083814722222222,temperature
2022-06-11T00:00:00Z,ccre,8,13.988538541666667,temperature
2022-06-11T00:00:00Z,ccre,9,12.438572777777775,temperature
2022-06-11T00:00:00Z,ccre,10,10.972091041666667,temperature
2022-06-11T00:00:00Z,ccre,11,10.784865763888888,temperature
2022-06-11T00:00:00Z,ccre,12,10.551537152777778,temperature
2022-06-11T00:00:00Z,ccre,13,10.446429375,temperature
2022-06-12T00:00:00Z,ccre,1,25.290720902777775,temperature
2022-06-12T00:00:00Z,ccre,2,25.14770173611111,temperature
2022-06-12T00:00:00Z,ccre,3,24.726522361111112,temperature
2022-06-12T00:00:00Z,ccre,4,24.162844027777776,temperature
2022-06-12T00:00:00Z,ccre,5,22.25351576388889,temperature
2022-06-12T00:00:00Z,ccre,6,18.566461666666665,temperature
2022-06-12T00:00:00Z,ccre,7,15.988389583333332,temperature
2022-06-12T00:00:00Z,ccre,8,14.159556875,temperature
2022-06-12T00:00:00Z,ccre,9,12.45216236111111,temperature
2022-06-12T00:00:00Z,ccre,10,10.965835138888888,temperature
2022-06-12T00:00:00Z,ccre,11,10.790541180555556,temperature
2022-06-12T00:00:00Z,ccre,12,10.562120763888888,temperature
2022-06-12T00:00:00Z,ccre,13,10.445840694444444,temperature
2022-06-13T00:00:00Z,ccre,1,26.63175756944445,temperature
2022-06-13T00:00:00Z,ccre,2,25.95901347222222,temperature
2022-06-13T00:00:00Z,ccre,3,25.45965,temperature
2022-06-13T00:00:00Z,ccre,4,24.857651458333333,temperature
2022-06-13T00:00:00Z,ccre,5,21.807133819444445,temperature
2022-06-13T00:00:00Z,ccre,6,18.500127569444444,temperature
2022-06-13T00:00:00Z,ccre,7,16.331036875,temperature
2022-06-13T00:00:00Z,ccre,8,14.340609236111112,temperature
2022-06-13T00:00:00Z,ccre,9,12.53516409722222,temperature
2022-06-13T00:00:00Z,ccre,10,10.943582569444445,temperature
2022-06-13T00:00:00Z,ccre,11,10.776100555555557,temperature
2022-06-13T00:00:00Z,ccre,12,10.579651527777775,temperature
2022-06-13T00:00:00Z,ccre,13,10.462805416666669,temperature
2022-06-14T00:00:00Z,ccre,1,26.801853472222223,temperature
2022-06-14T00:00:00Z,ccre,2,26.62461423611111,temperature
2022-06-14T00:00:00Z,ccre,3,25.877979375,temperature
2022-06-14T00:00:00Z,ccre,4,25.419778194444444,temperature
2022-06-14T00:00:00Z,ccre,5,22.19400597222222,temperature
2022-06-14T00:00:00Z,ccre,6,18.93121888888889,temperature
2022-06-14T00:00:00Z,ccre,7,16.292253333333335,temperature
2022-06-14T00:00:00Z,ccre,8,14.177491458333334,temperature
2022-06-14T00:00:00Z,ccre,9,12.532694583333331,temperature
2022-06-14T00:00:00Z,ccre,10,11.035819722222222,temperature
2022-06-14T00:00:00Z,ccre,11,10.826773958333334,temperature
2022-06-14T00:00:00Z,ccre,12,10.597570208333334,temperature
2022-06-14T00:00:00Z,ccre,13,10.482055625,temperature
2022-06-15T00:00:00Z,ccre,1,27.243812083333335,temperature
2022-06-15T00:00:00Z,ccre,2,26.724807777777777,temperature
2022-06-15T00:00:00Z,ccre,3,26.146068888888887,temperature
2022-06-15T00:00:00Z,ccre,4,24.77931166666667,temperature
2022-06-15T00:00:00Z,ccre,5,22.487616666666668,temperature
2022-06-15T00:00:00Z,ccre,6,19.232472083333334,temperature
2022-06-15T00:00:00Z,ccre,7,16.398184583333332,temperature
2022-06-15T00:00:00Z,ccre,8,14.342581458333331,temperature
2022-06-15T00:00:00Z,ccre,9,12.579810277777778,temperature
2022-06-15T00:00:00Z,ccre,10,10.997428402777778,temperature
2022-06-15T00:00:00Z,ccre,11,10.807031666666669,temperature
2022-06-15T00:00:00Z,ccre,12,10.603414652777778,temperature
2022-06-15T00:00:00Z,ccre,13,10.488229791666669,temperature
2022-06-16T00:00:00Z,ccre,1,28.60190236111111,temperature
2022-06-16T00:00:00Z,ccre,2,27.80178652777778,temperature
2022-06-16T00:00:00Z,ccre,3,26.77243097222222,temperature
2022-06-16T00:00:00Z,ccre,4,25.565999791666663,temperature
2022-06-16T00:00:00Z,ccre,5,23.18228138888889,temperature
2022-06-16T00:00:00Z,ccre,6,19.03597784722222,temperature
2022-06-16T00:00:00Z,ccre,7,16.31093027777778,temperature
2022-06-16T00:00:00Z,ccre,8,14.439227013888887,temperature
2022-06-16T00:00:00Z,ccre,9,12.718263333333333,temperature
2022-06-16T00:00:00Z,ccre,10,11.073392638888889,temperature
2022-06-16T00:00:00Z,ccre,11,10.863602708333334,temperature
2022-06-16T00:00:00Z,ccre,12,10.627107847222222,temperature
2022-06-16T00:00:00Z,ccre,13,10.517653333333334,temperature
2022-06-17T00:00:00Z,ccre,1,27.541814652777777,temperature
2022-06-17T00:00:00Z,ccre,2,27.52398951388889,temperature
2022-06-17T00:00:00Z,ccre,3,27.392871111111113,temperature
2022-06-17T00:00:00Z,ccre,4,26.035239791666665,temperature
2022-06-17T00:00:00Z,ccre,5,22.909270416666665,temperature
2022-06-17T00:00:00Z,ccre,6,20.003681041666667,temperature
2022-06-17T00:00:00Z,ccre,7,16.769600486111113,temperature
2022-06-17T00:00:00Z,ccre,8,14.470845902777778,temperature
2022-06-17T00:00:00Z,ccre,9,12.648709375,temperature
2022-06-17T00:00:00Z,ccre,10,11.08299923611111,temperature
2022-06-17T00:00:00Z,ccre,11,10.866769305555556,temperature
2022-06-17T00:00:00Z,ccre,12,10.631621875,temperature
2022-06-17T00:00:00Z,ccre,13,10.51834611111111,temperature
2022-06-18T00:00:00Z,ccre,1,26.783377291666667,temperature
2022-06-18T00:00:00Z,ccre,2,26.831171458333333,temperature
2022-06-18T00:00:00Z,ccre,3,26.838017847222225,temperature
2022-06-18T00:00:00Z,ccre,4,26.72057291666667,temperature
2022-06-18T00:00:00Z,ccre,5,26.04450798611111,temperature
2022-06-18T00:00:00Z,ccre,6,21.547659652777774,temperature
2022-06-18T00:00:00Z,ccre,7,16.889974513888887,temperature
2022-06-18T00:00:00Z,ccre,8,14.510436458333333,temperature
2022-06-18T00:00:00Z,ccre,9,12.765759305555555,temperature
2022-06-18T00:00:00Z,ccre,10,11.154230555555555,temperature
2022-06-18T00:00:00Z,ccre,11,10.91574625,temperature
2022-06-18T00:00:00Z,ccre,12,10.650979027777778,temperature
2022-06-18T00:00:00Z,ccre,13,10.527031666666666,temperature
2022-06-19T00:00:00Z,ccre,1,26.004479027777776,temperature
2022-06-19T00:00:00Z,ccre,2,26.06551097222222,temperature
2022-06-19T00:00:00Z,ccre,3,26.07586861111111,temperature
2022-06-19T00:00:00Z,ccre,4,26.066759166666667,temperature
2022-06-19T00:00:00Z,ccre,5,25.987372291666667,temperature
2022-06-19T00:00:00Z,ccre,6,20.906497916666662,temperature
2022-06-19T00:00:00Z,ccre,7,16.923738680555555,temperature
2022-06-19T00:00:00Z,ccre,8,14.731390625,temperature
2022-06-19T00:00:00Z,ccre,9,12.946676041666668,temperature
2022-06-19T00:00:00Z,ccre,10,11.248841875,temperature
2022-06-19T00:00:00Z,ccre,11,11.012188333333333,temperature
2022-06-19T00:00:00Z,ccre,12,10.663839930555556,temperature
2022-06-19T00:00:00Z,ccre,13,10.563578125,temperature
2022-06-20T00:00:00Z,ccre,1,25.59042138888889,temperature
2022-06-20T00:00:00Z,ccre,2,25.634710208333335,temperature
2022-06-20T00:00:00Z,ccre,3,25.61624430555555,temperature
2022-06-20T00:00:00Z,ccre,4,25.544488541666663,temperature
2022-06-20T00:00:00Z,ccre,5,25.26768743055555,temperature
2022-06-20T00:00:00Z,ccre,6,20.144661180555556,temperature
2022-06-20T00:00:00Z,ccre,7,17.285296805555557,temperature
2022-06-20T00:00:00Z,ccre,8,14.61863,temperature
2022-06-20T00:00:00Z,ccre,9,12.827297638888888,temperature
2022-06-20T00:00:00Z,ccre,10,11.178978194444444,temperature
2022-06-20T00:00:00Z,ccre,11,10.969154513888888,temperature
2022-06-20T00:00:00Z,ccre,12,10.685635555555557,temperature
2022-06-20T00:00:00Z,ccre,13,10.56176236111111,temperature
2022-06-21T00:00:00Z,ccre,1,26.075035486111112,temperature
2022-06-21T00:00:00Z,ccre,2,25.789465763888888,temperature
2022-06-21T00:00:00Z,ccre,3,25.386327013888888,temperature
2022-06-21T00:00:00Z,ccre,4,25.251651527777778,temperature
2022-06-21T00:00:00Z,ccre,5,24.450529583333335,temperature
2022-06-21T00:00:00Z,ccre,6,20.976643819444444,temperature
2022-06-21T00:00:00Z,ccre,7,17.13294986111111,temperature
2022-06-21T00:00:00Z,ccre,8,14.776737222222222,temperature
2022-06-21T00:00:00Z,ccre,9,13.00783375,temperature
2022-06-21T00:00:00Z,ccre,10,11.17791875,temperature
2022-06-21T00:00:00Z,ccre,11,10.985397916666669,temperature
2022-06-21T00:00:00Z,ccre,12,10.70868138888889,temperature
2022-06-21T00:00:00Z,ccre,13,10.587900555555557,temperature
2022-06-22T00:00:00Z,ccre,1,26.556192291666665,temperature
2022-06-22T00:00:00Z,ccre,2,26.50255493055555,temperature
2022-06-22T00:00:00Z,ccre,3,26.02773298611111,temperature
2022-06-22T00:00:00Z,ccre,4,25.589893055555557,temperature
2022-06-22T00:00:00Z,ccre,5,24.77719173611111,temperature
2022-06-22T00:00:00Z,ccre,6,22.11484861111111,temperature
2022-06-22T00:00:00Z,ccre,7,17.181505694444443,temperature
2022-06-22T00:00:00Z,ccre,8,14.71387173611111,temperature
2022-06-22T00:00:00Z,ccre,9,12.81953375,temperature
2022-06-22T00:00:00Z,ccre,10,11.127088958333331,temperature
2022-06-22T00:00:00Z,ccre,11,10.943831319444444,temperature
2022-06-22T00:00:00Z,ccre,12,10.713571319444444,temperature
2022-06-22T00:00:00Z,ccre,13,10.604541388888888,temperature
2022-06-23T00:00:00Z,ccre,1,27.049682152777777,temperature
2022-06-23T00:00:00Z,ccre,2,27.053694930555555,temperature
2022-06-23T00:00:00Z,ccre,3,26.96599423611111,temperature
2022-06-23T00:00:00Z,ccre,4,26.604458958333332,temperature
2022-06-23T00:00:00Z,ccre,5,25.442057777777777,temperature
2022-06-23T00:00:00Z,ccre,6,21.436814791666663,temperature
2022-06-23T00:00:00Z,ccre,7,17.551572430555556,temperature
2022-06-23T00:00:00Z,ccre,8,14.994719930555556,temperature
2022-06-23T00:00:00Z,ccre,9,13.049822083333334,temperature
2022-06-23T00:00:00Z,ccre,10,11.244625,temperature
2022-06-23T00:00:00Z,ccre,11,11.010492083333334,temperature
2022-06-23T00:00:00Z,ccre,12,10.739440347222224,temperature
2022-06-23T00:00:00Z,ccre,13,10.622877777777775,temperature
2022-06-24T00:00:00Z,ccre,1,27.796192916666666,temperature
2022-06-24T00:00:00Z,ccre,2,27.31879361111111,temperature
2022-06-24T00:00:00Z,ccre,3,26.917783333333333,temperature
2022-06-24T00:00:00Z,ccre,4,25.616439027777776,temperature
2022-06-24T00:00:00Z,ccre,5,24.37113430555555,temperature
2022-06-24T00:00:00Z,ccre,6,21.99171541666667,temperature
2022-06-24T00:00:00Z,ccre,7,18.013821458333332,temperature
2022-06-24T00:00:00Z,ccre,8,15.122161805555557,temperature
2022-06-24T00:00:00Z,ccre,9,13.086237708333334,temperature
2022-06-24T00:00:00Z,ccre,10,11.315522430555555,temperature
2022-06-24T00:00:00Z,ccre,11,11.0523925,temperature
2022-06-24T00:00:00Z,ccre,12,10.756711597222225,temperature
2022-06-24T00:00:00Z,ccre,13,10.641390347222222,temperature
2022-06-25T00:00:00Z,ccre,1,27.25910201388889,temperature
2022-06-25T00:00:00Z,ccre,2,27.109516944444444,temperature
2022-06-25T00:00:00Z,ccre,3,26.827508402777777,temperature
2022-06-25T00:00:00Z,ccre,4,26.272913541666668,temperature
2022-06-25T00:00:00Z,ccre,5,25.29814680555555,temperature
2022-06-25T00:00:00Z,ccre,6,21.99549236111111,temperature
2022-06-25T00:00:00Z,ccre,7,17.801185902777778,temperature
2022-06-25T00:00:00Z,ccre,8,15.3634425,temperature
2022-06-25T00:00:00Z,ccre,9,13.294091944444444,temperature
2022-06-25T00:00:00Z,ccre,10,11.33158715277778,temperature
2022-06-25T00:00:00Z,ccre,11,11.071995833333334,temperature
2022-06-25T00:00:00Z,ccre,12,10.767193055555556,temperature
2022-06-25T00:00:00Z,ccre,13,10.649892430555555,temperature
2022-06-26T00:00:00Z,ccre,1,26.99105381944445,temperature
2022-06-26T00:00:00Z,ccre,2,27.030816527777777,temperature
2022-06-26T00:00:00Z,ccre,3,26.97349611111111,temperature
2022-06-26T00:00:00Z,ccre,4,26.48274444444445,temperature
2022-06-26T00:00:00Z,ccre,5,25.35272,temperature
2022-06-26T00:00:00Z,ccre,6,22.31564798611111,temperature
2022-06-26T00:00:00Z,ccre,7,18.176184583333335,temperature
2022-06-26T00:00:00Z,ccre,8,15.245632569444444,temperature
2022-06-26T00:00:00Z,ccre,9,13.066244722222224,temperature
2022-06-26T00:00:00Z,ccre,10,11.309822986111111,temperature
2022-06-26T00:00:00Z,ccre,11,11.063314444444444,temperature
2022-06-26T00:00:00Z,ccre,12,10.78084375,temperature
2022-06-26T00:00:00Z,ccre,13,10.667105069444444,temperature
2022-06-27T00:00:00Z,ccre,1,26.999288055555557,temperature
2022-06-27T00:00:00Z,ccre,2,27.105945208333335,temperature
2022-06-27T00:00:00Z,ccre,3,27.092517708333332,temperature
2022-06-27T00:00:00Z,ccre,4,26.88491972222222,temperature
2022-06-27T00:00:00Z,ccre,5,26.317235555555555,temperature
2022-06-27T00:00:00Z,ccre,6,22.869447916666665,temperature
2022-06-27T00:00:00Z,ccre,7,18.207180208333337,temperature
2022-06-27T00:00:00Z,ccre,8,15.15778986111111,temperature
2022-06-27T00:00:00Z,ccre,9,13.126403055555556,temperature
2022-06-27T00:00:00Z,ccre,10,11.288670972222222,temperature
2022-06-27T00:00:00Z,ccre,11,11.060304861111112,temperature
2022-06-27T00:00:00Z,ccre,12,10.7903875,temperature
2022-06-27T00:00:00Z,ccre,13,10.675106458333332,temperature
2022-06-28T00:00:00Z,ccre,1,26.692528958333337,temperature
2022-06-28T00:00:00Z,ccre,2,26.953965902777774,temperature
2022-06-28T00:00:00Z,ccre,3,26.83717673611111,temperature
2022-06-28T00:00:00Z,ccre,4,26.79364368055555,temperature
2022-06-28T00:00:00Z,ccre,5,26.4113325,temperature
2022-06-28T00:00:00Z,ccre,6,22.249907083333333,temperature
2022-06-28T00:00:00Z,ccre,7,18.326838680555557,temperature
2022-06-28T00:00:00Z,ccre,8,15.514339444444444,temperature
2022-06-28T00:00:00Z,ccre,9,13.24604923611111,temperature
2022-06-28T00:00:00Z,ccre,10,11.29835,temperature
2022-06-28T00:00:00Z,ccre,11,11.065196180555557,temperature
2022-06-28T00:00:00Z,ccre,12,10.807222430555557,temperature
2022-06-28T00:00:00Z,ccre,13,10.697618680555555,temperature
2022-06-29T00:00:00Z,ccre,1,24.973259305555555,temperature
2022-06-29T00:00:00Z,ccre,2,26.803433333333334,temperature
2022-06-29T00:00:00Z,ccre,3,26.733514305555556,temperature
2022-06-29T00:00:00Z,ccre,4,26.677386180555555,temperature
2022-06-29T00:00:00Z,ccre,5,26.001383958333335,temperature
2022-06-29T00:00:00Z,ccre,6,23.049830486111112,temperature
2022-06-29T00:00:00Z,ccre,7,18.709774583333335,temperature
2022-06-29T00:00:00Z,ccre,8,15.469564236111111,temperature
2022-06-29T00:00:00Z,ccre,9,13.346698541666669,temperature
2022-06-29T00:00:00Z,ccre,10,11.381714791666669,temperature
2022-06-29T00:00:00Z,ccre,11,11.122579166666666,temperature
2022-06-29T00:00:00Z,ccre,12,10.823437291666666,temperature
2022-06-29T00:00:00Z,ccre,13,10.703357013888889,temperature
2022-06-30T00:00:00Z,ccre,1,24.84785875,temperature
2022-06-30T00:00:00Z,ccre,2,27.135295763888887,temperature
2022-06-30T00:00:00Z,ccre,3,26.907482013888888,temperature
2022-06-30T00:00:00Z,ccre,4,26.67628256944445,temperature
2022-06-30T00:00:00Z,ccre,5,26.29829305555555,temperature
2022-06-30T00:00:00Z,ccre,6,23.665198333333333,temperature
2022-06-30T00:00:00Z,ccre,7,18.67827944444445,temperature
2022-06-30T00:00:00Z,ccre,8,15.584858055555555,temperature
2022-06-30T00:00:00Z,ccre,9,13.451741666666669,temperature
2022-06-30T00:00:00Z,ccre,10,11.420801805555556,temperature
2022-06-30T00:00:00Z,ccre,11,11.1271175,temperature
2022-06-30T00:00:00Z,ccre,12,10.827712013888888,temperature
2022-06-30T00:00:00Z,ccre,13,10.727008819444444,temperature
2022-07-01T00:00:00Z,ccre,1,25.752537152777776,temperature
2022-07-01T00:00:00Z,ccre,2,27.43068402777778,temperature
2022-07-01T00:00:00Z,ccre,3,27.16540951388889,temperature
2022-07-01T00:00:00Z,ccre,4,26.823055277777776,temperature
2022-07-01T00:00:00Z,ccre,5,26.30576465277778,temperature
2022-07-01T00:00:00Z,ccre,6,22.90219548611111,temperature
2022-07-01T00:00:00Z,ccre,7,19.114431875,temperature
2022-07-01T00:00:00Z,ccre,8,15.921630763888889,temperature
2022-07-01T00:00:00Z,ccre,9,13.487879513888888,temperature
2022-07-01T00:00:00Z,ccre,10,11.36039888888889,temperature
2022-07-01T00:00:00Z,ccre,11,11.120751458333334,temperature
2022-07-01T00:00:00Z,ccre,12,10.843229652777778,temperature
2022-07-01T00:00:00Z,ccre,13,10.747097152777778,temperature
2022-07-02T00:00:00Z,ccre,1,24.700952847222226,temperature
2022-07-02T00:00:00Z,ccre,2,27.48948861111111,temperature
2022-07-02T00:00:00Z,ccre,3,27.1797525,temperature
2022-07-02T00:00:00Z,ccre,4,26.90546513888889,temperature
2022-07-02T00:00:00Z,ccre,5,26.372480763888888,temperature
2022-07-02T00:00:00Z,ccre,6,23.727459652777775,temperature
2022-07-02T00:00:00Z,ccre,7,19.242572847222224,temperature
2022-07-02T00:00:00Z,ccre,8,15.671715208333334,temperature
2022-07-02T00:00:00Z,ccre,9,13.504571111111112,temperature
2022-07-02T00:00:00Z,ccre,10,11.468252222222224,temperature
2022-07-02T00:00:00Z,ccre,11,11.181785277777776,temperature
2022-07-02T00:00:00Z,ccre,12,10.85967701388889,temperature
2022-07-02T00:00:00Z,ccre,13,10.7580925,temperature
2022-07-03T00:00:00Z,ccre,1,23.75315375,temperature
2022-07-03T00:00:00Z,ccre,2,27.396214166666667,temperature
2022-07-03T00:00:00Z,ccre,3,27.36593180555555,temperature
2022-07-03T00:00:00Z,ccre,4,27.266387569444444,temperature
2022-07-03T00:00:00Z,ccre,5,27.02799041666667,temperature
2022-07-03T00:00:00Z,ccre,6,24.990114791666667,temperature
2022-07-03T00:00:00Z,ccre,7,19.473939930555556,temperature
2022-07-03T00:00:00Z,ccre,8,15.882522430555555,temperature
2022-07-03T00:00:00Z,ccre,9,13.42921298611111,temperature
2022-07-03T00:00:00Z,ccre,10,11.389669583333331,temperature
2022-07-03T00:00:00Z,ccre,11,11.146312986111113,temperature
2022-07-03T00:00:00Z,ccre,12,10.863494583333331,temperature
2022-07-03T00:00:00Z,ccre,13,10.769134930555555,temperature
2022-07-04T00:00:00Z,ccre,1,24.358764375,temperature
2022-07-04T00:00:00Z,ccre,2,27.37438375,temperature
2022-07-04T00:00:00Z,ccre,3,27.30022236111111,temperature
2022-07-04T00:00:00Z,ccre,4,27.269919375,temperature
2022-07-04T00:00:00Z,ccre,5,27.085986805555557,temperature
2022-07-04T00:00:00Z,ccre,6,23.57945638888889,temperature
2022-07-04T00:00:00Z,ccre,7,19.5509675,temperature
2022-07-04T00:00:00Z,ccre,8,16.412042430555555,temperature
2022-07-04T00:00:00Z,ccre,9,13.850756875,temperature
2022-07-04T00:00:00Z,ccre,10,11.492013426573427,temperature
2022-07-04T00:00:00Z,ccre,11,11.208217847222222,temperature
2022-07-04T00:00:00Z,ccre,12,10.889267152777778,temperature
2022-07-04T00:00:00Z,ccre,13,10.7792875,temperature
2022-07-05T00:00:00Z,ccre,1,24.059051075268815,temperature
2022-07-05T00:00:00Z,ccre,2,27.451117152777776,temperature
2022-07-05T00:00:00Z,ccre,3,27.37748965277778,temperature
2022-07-05T00:00:00Z,ccre,4,27.282216875,temperature
2022-07-05T00:00:00Z,ccre,5,26.880416458333332,temperature
2022-07-05T00:00:00Z,ccre,6,24.533628680555555,temperature
2022-07-05T00:00:00Z,ccre,7,19.846730416666663,temperature
2022-07-05T00:00:00Z,ccre,8,15.956905555555556,temperature
2022-07-05T00:00:00Z,ccre,9,13.651342569444443,temperature
2022-07-05T00:00:00Z,ccre,10,11.49050652777778,temperature
2022-07-05T00:00:00Z,ccre,11,11.228770694444444,temperature
2022-07-05T00:00:00Z,ccre,12,10.908555833333333,temperature
2022-07-05T00:00:00Z,ccre,13,10.78156826388889,temperature
2022-07-06T00:00:00Z,ccre,2,27.689833958333335,temperature
2022-07-06T00:00:00Z,ccre,3,27.52342888888889,temperature
2022-07-06T00:00:00Z,ccre,4,27.343447083333334,temperature
2022-07-06T00:00:00Z,ccre,5,27.179954722222224,temperature
2022-07-06T00:00:00Z,ccre,6,24.73459173611111,temperature
2022-07-06T00:00:00Z,ccre,7,20.073279930555557,temperature
2022-07-06T00:00:00Z,ccre,8,16.386385,temperature
2022-07-06T00:00:00Z,ccre,9,13.861374097222225,temperature
2022-07-06T00:00:00Z,ccre,10,11.491780972222225,temperature
2022-07-06T00:00:00Z,ccre,11,11.227598819444443,temperature
2022-07-06T00:00:00Z,ccre,12,10.913769097222222,temperature
2022-07-06T00:00:00Z,ccre,13,10.809263055555556,temperature
2022-07-07T00:00:00Z,ccre,2,28.56329034722222,temperature
2022-07-07T00:00:00Z,ccre,3,28.028277083333332,temperature
2022-07-07T00:00:00Z,ccre,4,27.747849166666665,temperature
2022-07-07T00:00:00Z,ccre,5,27.54281326388889,temperature
2022-07-07T00:00:00Z,ccre,6,24.35138472222222,temperature
2022-07-07T00:00:00Z,ccre,7,19.942974583333335,temperature
2022-07-07T00:00:00Z,ccre,8,16.401620138888887,temperature
2022-07-07T00:00:00Z,ccre,9,13.685013402777775,temperature
2022-07-07T00:00:00Z,ccre,10,11.530123194444444,temperature
2022-07-07T00:00:00Z,ccre,11,11.264690069444445,temperature
2022-07-07T00:00:00Z,ccre,12,10.939205486111112,temperature
2022-07-07T00:00:00Z,ccre,13,10.832064791666667,temperature
2022-07-08T00:00:00Z,ccre,2,28.73633729166667,temperature
2022-07-08T00:00:00Z,ccre,3,28.343944930555555,temperature
2022-07-08T00:00:00Z,ccre,4,27.89536326388889,temperature
2022-07-08T00:00:00Z,ccre,5,27.04468444444445,temperature
2022-07-08T00:00:00Z,ccre,6,24.451669375,temperature
2022-07-08T00:00:00Z,ccre,7,20.304769791666665,temperature
2022-07-08T00:00:00Z,ccre,8,16.53013236111111,temperature
2022-07-08T00:00:00Z,ccre,9,13.983276736111112,temperature
2022-07-08T00:00:00Z,ccre,10,11.568575763888887,temperature
2022-07-08T00:00:00Z,ccre,11,11.256842222222222,temperature
2022-07-08T00:00:00Z,ccre,12,10.944130277777775,temperature
2022-07-08T00:00:00Z,ccre,13,10.841075625,temperature
2022-07-09T00:00:00Z,ccre,2,28.051544305555556,temperature
2022-07-09T00:00:00Z,ccre,3,28.025218402777774,temperature
2022-07-09T00:00:00Z,ccre,4,27.859581388888888,temperature
2022-07-09T00:00:00Z,ccre,5,27.50343888888889,temperature
2022-07-09T00:00:00Z,ccre,6,26.74969888888889,temperature
2022-07-09T00:00:00Z,ccre,7,20.38171125,temperature
2022-07-09T00:00:00Z,ccre,8,16.59699527777778,temperature
2022-07-09T00:00:00Z,ccre,9,13.976363402777778,temperature
2022-07-09T00:00:00Z,ccre,10,11.570253333333334,temperature
2022-07-09T00:00:00Z,ccre,11,11.282865,temperature
2022-07-09T00:00:00Z,ccre,12,10.973381875,temperature
2022-07-09T00:00:00Z,ccre,13,10.848158541666669,temperature
2022-07-10T00:00:00Z,ccre,2,27.31455534722222,temperature
2022-07-10T00:00:00Z,ccre,3,27.317463611111112,temperature
2022-07-10T00:00:00Z,ccre,4,27.297060416666667,temperature
2022-07-10T00:00:00Z,ccre,5,27.239310208333332,temperature
2022-07-10T00:00:00Z,ccre,6,26.264739444444444,temperature
2022-07-10T00:00:00Z,ccre,7,20.257677222222224,temperature
2022-07-10T00:00:00Z,ccre,8,16.90485263888889,temperature
2022-07-10T00:00:00Z,ccre,9,13.934750347222222,temperature
2022-07-10T00:00:00Z,ccre,10,11.524917013888889,temperature
2022-07-10T00:00:00Z,ccre,11,11.263478055555556,temperature
2022-07-10T00:00:00Z,ccre,12,10.979801458333334,temperature
2022-07-10T00:00:00Z,ccre,13,10.87966798611111,temperature
2022-07-11T00:00:00Z,ccre,2,27.31736888888889,temperature
2022-07-11T00:00:00Z,ccre,3,27.034638541666663,temperature
2022-07-11T00:00:00Z,ccre,4,26.835400486111112,temperature
2022-07-11T00:00:00Z,ccre,5,26.655990555555555,temperature
2022-07-11T00:00:00Z,ccre,6,25.963395138888888,temperature
2022-07-11T00:00:00Z,ccre,7,20.693325416666667,temperature
2022-07-11T00:00:00Z,ccre,8,16.569091875,temperature
2022-07-11T00:00:00Z,ccre,9,14.05222513888889,temperature
2022-07-11T00:00:00Z,ccre,10,11.621836944444444,temperature
2022-07-11T00:00:00Z,ccre,11,11.341660694444444,temperature
2022-07-11T00:00:00Z,ccre,12,10.999425486111113,temperature
2022-07-11T00:00:00Z,ccre,13,10.885155069444444,temperature
2022-07-12T00:00:00Z,ccre,2,27.51066652777778,temperature
2022-07-12T00:00:00Z,ccre,3,27.11103326388889,temperature
2022-07-12T00:00:00Z,ccre,4,26.97562138888889,temperature
2022-07-12T00:00:00Z,ccre,5,26.648590277777775,temperature
2022-07-12T00:00:00Z,ccre,6,24.922665625,temperature
2022-07-12T00:00:00Z,ccre,7,20.94248986111111,temperature
2022-07-12T00:00:00Z,ccre,8,17.24650388888889,temperature
2022-07-12T00:00:00Z,ccre,9,14.300783958333334,temperature
2022-07-12T00:00:00Z,ccre,10,11.583230347222225,temperature
2022-07-12T00:00:00Z,ccre,11,11.300186458333334,temperature
2022-07-12T00:00:00Z,ccre,12,10.9980175,temperature
2022-07-12T00:00:00Z,ccre,13,10.891437777777778,temperature
2022-07-13T00:00:00Z,ccre,2,27.564969930555556,temperature
2022-07-13T00:00:00Z,ccre,3,27.126386180555556,temperature
2022-07-13T00:00:00Z,ccre,4,26.89020375,temperature
2022-07-13T00:00:00Z,ccre,5,26.654066041666667,temperature
2022-07-13T00:00:00Z,ccre,6,26.31154611111111,temperature
2022-07-13T00:00:00Z,ccre,7,21.138185625,temperature
2022-07-13T00:00:00Z,ccre,8,16.890860208333333,temperature
2022-07-13T00:00:00Z,ccre,9,14.184823472222222,temperature
2022-07-13T00:00:00Z,ccre,10,11.639115208333331,temperature
2022-07-13T00:00:00Z,ccre,11,11.346411875,temperature
2022-07-13T00:00:00Z,ccre,12,11.026635902777778,temperature
2022-07-13T00:00:00Z,ccre,13,10.912851527777775,temperature
2022-07-14T00:00:00Z,ccre,2,28.00574444444445,temperature
2022-07-14T00:00:00Z,ccre,3,27.651438541666668,temperature
2022-07-14T00:00:00Z,ccre,4,27.418050833333332,temperature
2022-07-14T00:00:00Z,ccre,5,27.079578125,temperature
2022-07-14T00:00:00Z,ccre,6,25.711788680555557,temperature
2022-07-14T00:00:00Z,ccre,7,21.183749930555557,temperature
2022-07-14T00:00:00Z,ccre,8,17.573782291666667,temperature
2022-07-14T00:00:00Z,ccre,9,14.322107986111112,temperature
2022-07-14T00:00:00Z,ccre,10,11.574886319444444,temperature
2022-07-14T00:00:00Z,ccre,11,11.301965763888887,temperature
2022-07-14T00:00:00Z,ccre,12,11.026724930555556,temperature
2022-07-14T00:00:00Z,ccre,13,10.917724652777778,temperature
2022-07-15T00:00:00Z,ccre,2,27.916545208333332,temperature
2022-07-15T00:00:00Z,ccre,3,27.660039583333333,temperature
2022-07-15T00:00:00Z,ccre,4,27.56009597222222,temperature
2022-07-15T00:00:00Z,ccre,5,27.23460326388889,temperature
2022-07-15T00:00:00Z,ccre,6,26.04796347222222,temperature
2022-07-15T00:00:00Z,ccre,7,21.678781875,temperature
2022-07-15T00:00:00Z,ccre,8,17.129223680555555,temperature
2022-07-15T00:00:00Z,ccre,9,14.421434722222225,temperature
2022-07-15T00:00:00Z,ccre,10,11.764852847222222,temperature
2022-07-15T00:00:00Z,ccre,11,11.416082708333333,temperature
2022-07-15T00:00:00Z,ccre,12,11.057287986111112,temperature
2022-07-15T00:00:00Z,ccre,13,10.937183819444444,temperature
2022-07-16T00:00:00Z,ccre,2,28.06364486111111,temperature
2022-07-16T00:00:00Z,ccre,3,27.978777083333338,temperature
2022-07-16T00:00:00Z,ccre,4,27.885849583333332,temperature
2022-07-16T00:00:00Z,ccre,5,27.334073958333335,temperature
2022-07-16T00:00:00Z,ccre,6,25.660744930555555,temperature
2022-07-16T00:00:00Z,ccre,7,21.84512076388889,temperature
2022-07-16T00:00:00Z,ccre,8,17.772014685314684,temperature
2022-07-16T00:00:00Z,ccre,9,14.523159722222225,temperature
2022-07-16T00:00:00Z,ccre,10,11.608370694444444,temperature
2022-07-16T00:00:00Z,ccre,11,11.322665555555556,temperature
2022-07-16T00:00:00Z,ccre,12,11.049697916666666,temperature
2022-07-16T00:00:00Z,ccre,13,10.941260069444445,temperature
2022-07-17T00:00:00Z,ccre,2,27.993451041666667,temperature
2022-07-17T00:00:00Z,ccre,3,27.868378819444445,temperature
2022-07-17T00:00:00Z,ccre,4,27.769487708333333,temperature
2022-07-17T00:00:00Z,ccre,5,27.531715208333335,temperature
2022-07-17T00:00:00Z,ccre,6,26.42435298611111,temperature
2022-07-17T00:00:00Z,ccre,7,21.80717798611111,temperature
2022-07-17T00:00:00Z,ccre,8,17.499296527777776,temperature
2022-07-17T00:00:00Z,ccre,9,14.651396180555556,temperature
2022-07-17T00:00:00Z,ccre,10,11.746068125,temperature
2022-07-17T00:00:00Z,ccre,11,11.403349305555556,temperature
2022-07-17T00:00:00Z,ccre,12,11.079014097222222,temperature
2022-07-17T00:00:00Z,ccre,13,10.966923541666668,temperature
2022-07-18T00:00:00Z,ccre,2,28.179126944444445,temperature
2022-07-18T00:00:00Z,ccre,3,28.026190555555555,temperature
2022-07-18T00:00:00Z,ccre,4,27.830854097222225,temperature
2022-07-18T00:00:00Z,ccre,5,27.411532569444443,temperature
2022-07-18T00:00:00Z,ccre,6,25.542067291666665,temperature
2022-07-18T00:00:00Z,ccre,7,22.040048055555555,temperature
2022-07-18T00:00:00Z,ccre,8,18.16769576388889,temperature
2022-07-18T00:00:00Z,ccre,9,14.830514375,temperature
2022-07-18T00:00:00Z,ccre,10,11.708603819444445,temperature
2022-07-18T00:00:00Z,ccre,11,11.385535833333334,temperature
2022-07-18T00:00:00Z,ccre,12,11.087497708333334,temperature
2022-07-18T00:00:00Z,ccre,13,10.961878333333331,temperature
2022-07-19T00:00:00Z,ccre,2,28.45882493055555,temperature
2022-07-19T00:00:00Z,ccre,3,28.20905326388889,temperature
2022-07-19T00:00:00Z,ccre,4,27.943940069444444,temperature
2022-07-19T00:00:00Z,ccre,5,27.605942083333332,temperature
2022-07-19T00:00:00Z,ccre,6,26.941993680555555,temperature
2022-07-19T00:00:00Z,ccre,7,22.271068819444444,temperature
2022-07-19T00:00:00Z,ccre,8,18.027842569444445,temperature
2022-07-19T00:00:00Z,ccre,9,14.73486701388889,temperature
2022-07-19T00:00:00Z,ccre,10,11.82618763888889,temperature
2022-07-19T00:00:00Z,ccre,11,11.458711527777778,temperature
2022-07-19T00:00:00Z,ccre,12,11.110983194444444,temperature
2022-07-19T00:00:00Z,ccre,13,10.991364444444445,temperature
2022-07-20T00:00:00Z,ccre,2,28.83545861111111,temperature
2022-07-20T00:00:00Z,ccre,3,28.352193888888888,temperature
2022-07-20T00:00:00Z,ccre,4,28.17807402777778,temperature
2022-07-20T00:00:00Z,ccre,5,27.910378055555555,temperature
2022-07-20T00:00:00Z,ccre,6,26.654721180555555,temperature
2022-07-20T00:00:00Z,ccre,7,22.302803402777776,temperature
2022-07-20T00:00:00Z,ccre,8,18.518504375,temperature
2022-07-20T00:00:00Z,ccre,9,14.94536125,temperature
2022-07-20T00:00:00Z,ccre,10,11.733748541666667,temperature
2022-07-20T00:00:00Z,ccre,11,11.401944305555556,temperature
2022-07-20T00:00:00Z,ccre,12,11.10914048611111,temperature
2022-07-20T00:00:00Z,ccre,13,11.007246180555557,temperature
2022-07-21T00:00:00Z,ccre,2,28.647233333333332,temperature
2022-07-21T00:00:00Z,ccre,3,28.520824375,temperature
2022-07-21T00:00:00Z,ccre,4,28.42283284722222,temperature
2022-07-21T00:00:00Z,ccre,5,28.029436736111112,temperature
2022-07-21T00:00:00Z,ccre,6,26.912386527777777,temperature
2022-07-21T00:00:00Z,ccre,7,22.984536041666665,temperature
2022-07-21T00:00:00Z,ccre,8,18.229319722222225,temperature
2022-07-21T00:00:00Z,ccre,9,15.044862638888889,temperature
2022-07-21T00:00:00Z,ccre,10,11.852149097222222,temperature
2022-07-21T00:00:00Z,ccre,11,11.484863819444444,temperature
2022-07-21T00:00:00Z,ccre,12,11.140381597222222,temperature
2022-07-21T00:00:00Z,ccre,13,11.017974444444445,temperature
2022-07-22T00:00:00Z,ccre,2,29.05299527777778,temperature
2022-07-22T00:00:00Z,ccre,3,28.643228125,temperature
2022-07-22T00:00:00Z,ccre,4,28.511734930555555,temperature
2022-07-22T00:00:00Z,ccre,5,28.232341388888887,temperature
2022-07-22T00:00:00Z,ccre,6,27.38671548611111,temperature
2022-07-22T00:00:00Z,ccre,7,22.580881597222223,temperature
2022-07-22T00:00:00Z,ccre,8,18.863990347222224,temperature
2022-07-22T00:00:00Z,ccre,9,15.26665513888889,temperature
2022-07-22T00:00:00Z,ccre,10,11.775555833333334,temperature
2022-07-22T00:00:00Z,ccre,11,11.436039375,temperature
2022-07-22T00:00:00Z,ccre,12,11.143681527777778,temperature
2022-07-22T00:00:00Z,ccre,13,11.02037513888889,temperature
2022-07-23T00:00:00Z,ccre,2,29.114951666666663,temperature
2022-07-23T00:00:00Z,ccre,3,28.893486111111113,temperature
2022-07-23T00:00:00Z,ccre,4,28.770779583333333,temperature
2022-07-23T00:00:00Z,ccre,5,28.48665388888889,temperature
2022-07-23T00:00:00Z,ccre,6,27.598254305555557,temperature
2022-07-23T00:00:00Z,ccre,7,23.302343333333333,temperature
2022-07-23T00:00:00Z,ccre,8,18.539718680555556,temperature
2022-07-23T00:00:00Z,ccre,9,15.251299930555556,temperature
2022-07-23T00:00:00Z,ccre,10,11.918418611111113,temperature
2022-07-23T00:00:00Z,ccre,11,11.520800416666669,temperature
2022-07-23T00:00:00Z,ccre,12,11.168520069444444,temperature
2022-07-23T00:00:00Z,ccre,13,11.048566388888888,temperature
2022-07-24T00:00:00Z,ccre,2,29.38120368055555,temperature
2022-07-24T00:00:00Z,ccre,3,29.063468333333333,temperature
2022-07-24T00:00:00Z,ccre,4,28.965751527777776,temperature
2022-07-24T00:00:00Z,ccre,5,28.80555,temperature
2022-07-24T00:00:00Z,ccre,6,27.748631111111113,temperature
2022-07-24T00:00:00Z,ccre,7,22.891420625,temperature
2022-07-24T00:00:00Z,ccre,8,19.032301319444443,temperature
2022-07-24T00:00:00Z,ccre,9,15.330446666666669,temperature
2022-07-24T00:00:00Z,ccre,10,11.851717013888887,temperature
2022-07-24T00:00:00Z,ccre,11,11.499052847222222,temperature
2022-07-24T00:00:00Z,ccre,12,11.172530902777778,temperature
2022-07-24T00:00:00Z,ccre,13,11.062967222222222,temperature
2022-07-25T00:00:00Z,ccre,2,29.080382430555556,temperature
2022-07-25T00:00:00Z,ccre,3,29.036743958333332,temperature
2022-07-25T00:00:00Z,ccre,4,28.902935625,temperature
2022-07-25T00:00:00Z,ccre,5,28.560465277777777,temperature
2022-07-25T00:00:00Z,ccre,6,27.071109236111113,temperature
2022-07-25T00:00:00Z,ccre,7,23.553225972222226,temperature
2022-07-25T00:00:00Z,ccre,8,19.175012708333337,temperature
2022-07-25T00:00:00Z,ccre,9,15.47508840277778,temperature
2022-07-25T00:00:00Z,ccre,10,11.897630972222222,temperature
2022-07-25T00:00:00Z,ccre,11,11.533876875,temperature
2022-07-25T00:00:00Z,ccre,12,11.195688888888888,temperature
2022-07-25T00:00:00Z,ccre,13,11.079325694444444,temperature
2022-07-26T00:00:00Z,ccre,2,28.807462152777777,temperature
2022-07-26T00:00:00Z,ccre,3,28.767925,temperature
2022-07-26T00:00:00Z,ccre,4,28.729599791666665,temperature
2022-07-26T00:00:00Z,ccre,5,28.50155701388889,temperature
2022-07-26T00:00:00Z,ccre,6,27.36058048611111,temperature
2022-07-26T00:00:00Z,ccre,7,23.286785208333335,temperature
2022-07-26T00:00:00Z,ccre,8,19.18670486111111,temperature
2022-07-26T00:00:00Z,ccre,9,15.66254576388889,temperature
2022-07-26T00:00:00Z,ccre,10,11.903556527777775,temperature
2022-07-26T00:00:00Z,ccre,11,11.509609375,temperature
2022-07-26T00:00:00Z,ccre,12,11.197304305555557,temperature
2022-07-26T00:00:00Z,ccre,13,11.088228402777778,temperature
2022-07-27T00:00:00Z,ccre,2,28.39528465277778,temperature
2022-07-27T00:00:00Z,ccre,3,28.379087569444444,temperature
2022-07-27T00:00:00Z,ccre,4,28.355301944444445,temperature
2022-07-27T00:00:00Z,ccre,5,28.27834125,temperature
2022-07-27T00:00:00Z,ccre,6,27.858995625,temperature
2022-07-27T00:00:00Z,ccre,7,23.459046597222223,temperature
2022-07-27T00:00:00Z,ccre,8,19.32609090277778,temperature
2022-07-27T00:00:00Z,ccre,9,15.757958680555555,temperature
2022-07-27T00:00:00Z,ccre,10,11.938173958333334,temperature
2022-07-27T00:00:00Z,ccre,11,11.557184444444443,temperature
2022-07-27T00:00:00Z,ccre,12,11.221135,temperature
2022-07-27T00:00:00Z,ccre,13,11.11823388888889,temperature
2022-07-28T00:00:00Z,ccre,2,28.285838055555555,temperature
2022-07-28T00:00:00Z,ccre,3,28.19565125,temperature
2022-07-28T00:00:00Z,ccre,4,28.092177638888888,temperature
2022-07-28T00:00:00Z,ccre,5,27.96396798611111,temperature
2022-07-28T00:00:00Z,ccre,6,27.830445555555556,temperature
2022-07-28T00:00:00Z,ccre,7,23.699179305555557,temperature
2022-07-28T00:00:00Z,ccre,8,19.40419222222222,temperature
2022-07-28T00:00:00Z,ccre,9,15.871728888888889,temperature
2022-07-28T00:00:00Z,ccre,10,11.921597152777778,temperature
2022-07-28T00:00:00Z,ccre,11,11.544053541666669,temperature
2022-07-28T00:00:00Z,ccre,12,11.2319525,temperature
2022-07-28T00:00:00Z,ccre,13,11.115333958333334,temperature
2022-07-29T00:00:00Z,ccre,2,28.33473875,temperature
2022-07-29T00:00:00Z,ccre,3,28.25632611111111,temperature
2022-07-29T00:00:00Z,ccre,4,28.172679513888887,temperature
2022-07-29T00:00:00Z,ccre,5,27.967003541666667,temperature
2022-07-29T00:00:00Z,ccre,6,27.805671666666665,temperature
2022-07-29T00:00:00Z,ccre,7,23.72952527777778,temperature
2022-07-29T00:00:00Z,ccre,8,19.6101975,temperature
2022-07-29T00:00:00Z,ccre,9,15.929374513888888,temperature
2022-07-29T00:00:00Z,ccre,10,11.965958472222225,temperature
2022-07-29T00:00:00Z,ccre,11,11.577384375,temperature
2022-07-29T00:00:00Z,ccre,12,11.246281805555556,temperature
2022-07-29T00:00:00Z,ccre,13,11.139939166666666,temperature
2022-07-30T00:00:00Z,ccre,2,28.521086944444445,temperature
2022-07-30T00:00:00Z,ccre,3,28.445263541666662,temperature
2022-07-30T00:00:00Z,ccre,4,28.290090763888887,temperature
2022-07-30T00:00:00Z,ccre,5,28.157480694444445,temperature
2022-07-30T00:00:00Z,ccre,6,28.03190923611111,temperature
2022-07-30T00:00:00Z,ccre,7,24.18603625,temperature
2022-07-30T00:00:00Z,ccre,8,19.543150277777777,temperature
2022-07-30T00:00:00Z,ccre,9,16.002057152777777,temperature
2022-07-30T00:00:00Z,ccre,10,12.01798736111111,temperature
2022-07-30T00:00:00Z,ccre,11,11.586376041666666,temperature
2022-07-30T00:00:00Z,ccre,12,11.260437222222222,temperature
2022-07-30T00:00:00Z,ccre,13,11.153358472222225,temperature
2022-07-31T00:00:00Z,ccre,2,28.58763284722222,temperature
2022-07-31T00:00:00Z,ccre,3,28.526823541666666,temperature
2022-07-31T00:00:00Z,ccre,4,28.489895625,temperature
2022-07-31T00:00:00Z,ccre,5,28.38909138888889,temperature
2022-07-31T00:00:00Z,ccre,6,28.01094298611111,temperature
2022-07-31T00:00:00Z,ccre,7,23.976456527777778,temperature
2022-07-31T00:00:00Z,ccre,8,19.950756875,temperature
2022-07-31T00:00:00Z,ccre,9,16.07633861111111,temperature
2022-07-31T00:00:00Z,ccre,10,11.970066666666666,temperature
2022-07-31T00:00:00Z,ccre,11,11.58274736111111,temperature
2022-07-31T00:00:00Z,ccre,12,11.269997222222225,temperature
2022-07-31T00:00:00Z,ccre,13,11.161916041666666,temperature
2022-08-01T00:00:00Z,ccre,2,28.528640763888887,temperature
2022-08-01T00:00:00Z,ccre,3,28.444531875,temperature
2022-08-01T00:00:00Z,ccre,4,28.367286458333332,temperature
2022-08-01T00:00:00Z,ccre,5,28.19638201388889,temperature
2022-08-01T00:00:00Z,ccre,6,27.394871875,temperature
2022-08-01T00:00:00Z,ccre,7,24.567341805555557,temperature
2022-08-01T00:00:00Z,ccre,8,19.861630416666667,temperature
2022-08-01T00:00:00Z,ccre,9,16.19261291666667,temperature
2022-08-01T00:00:00Z,ccre,10,12.057880972222222,temperature
2022-08-01T00:00:00Z,ccre,11,11.632496805555556,temperature
2022-08-01T00:00:00Z,ccre,12,11.285445902777775,temperature
2022-08-01T00:00:00Z,ccre,13,11.180446111111111,temperature
2022-08-02T00:00:00Z,ccre,2,28.5244625,temperature
2022-08-02T00:00:00Z,ccre,3,28.47809736111111,temperature
2022-08-02T00:00:00Z,ccre,4,28.387836597222226,temperature
2022-08-02T00:00:00Z,ccre,5,28.057383958333332,temperature
2022-08-02T00:00:00Z,ccre,6,27.574483680555556,temperature
2022-08-02T00:00:00Z,ccre,7,24.65881451388889,temperature
2022-08-02T00:00:00Z,ccre,8,20.01360194444445,temperature
2022-08-02T00:00:00Z,ccre,9,16.41094784722222,temperature
2022-08-02T00:00:00Z,ccre,10,11.99624951388889,temperature
2022-08-02T00:00:00Z,ccre,11,11.601881666666667,temperature
2022-08-02T00:00:00Z,ccre,12,11.295102152777778,temperature
2022-08-02T00:00:00Z,ccre,13,11.18756375,temperature
2022-08-03T00:00:00Z,ccre,2,28.92768486111111,temperature
2022-08-03T00:00:00Z,ccre,3,28.631862708333333,temperature
2022-08-03T00:00:00Z,ccre,4,28.51336034722222,temperature
2022-08-03T00:00:00Z,ccre,5,28.218972291666667,temperature
2022-08-03T00:00:00Z,ccre,6,27.96722513888889,temperature
2022-08-03T00:00:00Z,ccre,7,24.346743888888888,temperature
2022-08-03T00:00:00Z,ccre,8,20.193666041666667,temperature
2022-08-03T00:00:00Z,ccre,9,16.592199583333333,temperature
2022-08-03T00:00:00Z,ccre,10,12.151804652777775,temperature
2022-08-03T00:00:00Z,ccre,11,11.67786888888889,temperature
2022-08-03T00:00:00Z,ccre,12,11.318563194444444,temperature
2022-08-03T00:00:00Z,ccre,13,11.204471180555556,temperature
2022-08-04T00:00:00Z,ccre,2,29.000029791666663,temperature
2022-08-04T00:00:00Z,ccre,3,28.66782951388889,temperature
2022-08-04T00:00:00Z,ccre,4,28.55370548611111,temperature
2022-08-04T00:00:00Z,ccre,5,28.286651666666668,temperature
2022-08-04T00:00:00Z,ccre,6,27.818792291666668,temperature
2022-08-04T00:00:00Z,ccre,7,25.085304861111112,temperature
2022-08-04T00:00:00Z,ccre,8,20.345515902777777,temperature
2022-08-04T00:00:00Z,ccre,9,16.545269930555556,temperature
2022-08-04T00:00:00Z,ccre,10,12.152246666666668,temperature
2022-08-04T00:00:00Z,ccre,11,11.685024097222222,temperature
2022-08-04T00:00:00Z,ccre,12,11.323535,temperature
2022-08-04T00:00:00Z,ccre,13,11.219163958333333,temperature
2022-08-05T00:00:00Z,ccre,2,28.808744791666665,temperature
2022-08-05T00:00:00Z,ccre,3,28.589819444444444,temperature
2022-08-05T00:00:00Z,ccre,4,28.509475069444445,temperature
2022-08-05T00:00:00Z,ccre,5,28.364463472222223,temperature
2022-08-05T00:00:00Z,ccre,6,28.217038194444445,temperature
2022-08-05T00:00:00Z,ccre,7,25.28774152777778,temperature
2022-08-05T00:00:00Z,ccre,8,20.527668402777778,temperature
2022-08-05T00:00:00Z,ccre,9,16.760960069444444,temperature
2022-08-05T00:00:00Z,ccre,10,12.15237638888889,temperature
2022-08-05T00:00:00Z,ccre,11,11.703102916666667,temperature
2022-08-05T00:00:00Z,ccre,12,11.34058,temperature
2022-08-05T00:00:00Z,ccre,13,11.228787013888889,temperature
2022-08-06T00:00:00Z,ccre,2,28.393376041666667,temperature
2022-08-06T00:00:00Z,ccre,3,28.390700972222223,temperature
2022-08-06T00:00:00Z,ccre,4,28.386344166666667,temperature
2022-08-06T00:00:00Z,ccre,5,28.31459486111111,temperature
2022-08-06T00:00:00Z,ccre,6,27.950134791666667,temperature
2022-08-06T00:00:00Z,ccre,7,24.929272916666665,temperature
2022-08-06T00:00:00Z,ccre,8,20.766520347222222,temperature
2022-08-06T00:00:00Z,ccre,9,16.786546319444444,temperature
2022-08-06T00:00:00Z,ccre,10,12.163961805555555,temperature
2022-08-06T00:00:00Z,ccre,11,11.728860347222222,temperature
2022-08-06T00:00:00Z,ccre,12,11.354367291666668,temperature
2022-08-06T00:00:00Z,ccre,13,11.250906041666669,temperature
2022-08-07T00:00:00Z,ccre,2,28.584388125,temperature
2022-08-07T00:00:00Z,ccre,3,28.371047291666667,temperature
2022-08-07T00:00:00Z,ccre,4,28.200937638888888,temperature
2022-08-07T00:00:00Z,ccre,5,28.046520416666667,temperature
2022-08-07T00:00:00Z,ccre,6,27.88043111111111,temperature
2022-08-07T00:00:00Z,ccre,7,25.41218493055555,temperature
2022-08-07T00:00:00Z,ccre,8,20.544630347222224,temperature
2022-08-07T00:00:00Z,ccre,9,16.875675138888887,temperature
2022-08-07T00:00:00Z,ccre,10,12.267385416666666,temperature
2022-08-07T00:00:00Z,ccre,11,11.749740555555556,temperature
2022-08-07T00:00:00Z,ccre,12,11.363764583333332,temperature
2022-08-07T00:00:00Z,ccre,13,11.264633125,temperature
2022-08-08T00:00:00Z,ccre,2,28.5547,temperature
2022-08-08T00:00:00Z,ccre,3,28.46861923611111,temperature
2022-08-08T00:00:00Z,ccre,4,28.32323013888889,temperature
2022-08-08T00:00:00Z,ccre,5,28.15987513888889,temperature
2022-08-08T00:00:00Z,ccre,6,27.943601319444443,temperature
2022-08-08T00:00:00Z,ccre,7,25.2482725,temperature
2022-08-08T00:00:00Z,ccre,8,20.94752888888889,temperature
2022-08-08T00:00:00Z,ccre,9,17.05947638888889,temperature
2022-08-08T00:00:00Z,ccre,10,12.182343819444444,temperature
2022-08-08T00:00:00Z,ccre,11,11.72940340277778,temperature
2022-08-08T00:00:00Z,ccre,12,11.379467083333331,temperature
2022-08-08T00:00:00Z,ccre,13,11.274052569444445,temperature
2022-08-09T00:00:00Z,ccre,2,28.731273055555555,temperature
2022-08-09T00:00:00Z,ccre,3,28.440397083333337,temperature
2022-08-09T00:00:00Z,ccre,4,28.408655625,temperature
2022-08-09T00:00:00Z,ccre,5,28.19412416666667,temperature
2022-08-09T00:00:00Z,ccre,6,27.93277048611111,temperature
2022-08-09T00:00:00Z,ccre,7,25.258469027777775,temperature
2022-08-09T00:00:00Z,ccre,8,20.969176666666662,temperature
2022-08-09T00:00:00Z,ccre,9,17.005145,temperature
2022-08-09T00:00:00Z,ccre,10,12.281888680555555,temperature
2022-08-09T00:00:00Z,ccre,11,11.770651180555555,temperature
2022-08-09T00:00:00Z,ccre,12,11.40068625,temperature
2022-08-09T00:00:00Z,ccre,13,11.284150555555556,temperature
2022-08-10T00:00:00Z,ccre,2,28.396126180555555,temperature
2022-08-10T00:00:00Z,ccre,3,28.32132298611111,temperature
2022-08-10T00:00:00Z,ccre,4,28.299444027777778,temperature
2022-08-10T00:00:00Z,ccre,5,28.195002708333337,temperature
2022-08-10T00:00:00Z,ccre,6,28.047936597222225,temperature
2022-08-10T00:00:00Z,ccre,7,25.59495125,temperature
2022-08-10T00:00:00Z,ccre,8,20.904334791666667,temperature
2022-08-10T00:00:00Z,ccre,9,17.22332513888889,temperature
2022-08-10T00:00:00Z,ccre,10,12.283628055555557,temperature
2022-08-10T00:00:00Z,ccre,11,11.784617361111112,temperature
2022-08-10T00:00:00Z,ccre,12,11.408437569444445,temperature
2022-08-10T00:00:00Z,ccre,13,11.305038263888887,temperature
2022-08-11T00:00:00Z,ccre,2,28.415215833333335,temperature
2022-08-11T00:00:00Z,ccre,3,28.332557152777778,temperature
2022-08-11T00:00:00Z,ccre,4,28.280906875,temperature
2022-08-11T00:00:00Z,ccre,5,27.972539652777776,temperature
2022-08-11T00:00:00Z,ccre,6,27.877099027777778,temperature
2022-08-11T00:00:00Z,ccre,7,25.88255173611111,temperature
2022-08-11T00:00:00Z,ccre,8,21.356539444444444,temperature
2022-08-11T00:00:00Z,ccre,9,17.252294375,temperature
2022-08-11T00:00:00Z,ccre,10,12.224893055555556,temperature
2022-08-11T00:00:00Z,ccre,11,11.781575972222225,temperature
2022-08-11T00:00:00Z,ccre,12,11.422492986111113,temperature
2022-08-11T00:00:00Z,ccre,13,11.311191597222225,temperature
2022-08-12T00:00:00Z,ccre,2,28.158308055555555,temperature
2022-08-12T00:00:00Z,ccre,3,28.121870069444444,temperature
2022-08-12T00:00:00Z,ccre,4,28.07773826388889,temperature
2022-08-12T00:00:00Z,ccre,5,27.915783680555556,temperature
2022-08-12T00:00:00Z,ccre,6,27.850591319444444,temperature
2022-08-12T00:00:00Z,ccre,7,27.201574166666667,temperature
2022-08-12T00:00:00Z,ccre,8,20.912558402777776,temperature
2022-08-12T00:00:00Z,ccre,9,17.330109027777777,temperature
2022-08-12T00:00:00Z,ccre,10,12.352736944444445,temperature
2022-08-12T00:00:00Z,ccre,11,11.827996944444443,temperature
2022-08-12T00:00:00Z,ccre,12,11.436741458333334,temperature
2022-08-12T00:00:00Z,ccre,13,11.328698263888889,temperature
2022-08-13T00:00:00Z,ccre,2,27.987280416666668,temperature
2022-08-13T00:00:00Z,ccre,3,27.787029166666667,temperature
2022-08-13T00:00:00Z,ccre,4,27.773129583333333,temperature
2022-08-13T00:00:00Z,ccre,5,27.603828194444446,temperature
2022-08-13T00:00:00Z,ccre,6,27.52674340277778,temperature
2022-08-13T00:00:00Z,ccre,7,26.66724361111111,temperature
2022-08-13T00:00:00Z,ccre,8,21.497174166666667,temperature
2022-08-13T00:00:00Z,ccre,9,17.577668055555556,temperature
2022-08-13T00:00:00Z,ccre,10,12.335016319444444,temperature
2022-08-13T00:00:00Z,ccre,11,11.85171826388889,temperature
2022-08-13T00:00:00Z,ccre,12,11.461888055555557,temperature
2022-08-13T00:00:00Z,ccre,13,11.361521805555556,temperature
2022-08-14T00:00:00Z,ccre,2,27.418250277777776,temperature
2022-08-14T00:00:00Z,ccre,3,27.410543680555556,temperature
2022-08-14T00:00:00Z,ccre,4,27.407563055555556,temperature
2022-08-14T00:00:00Z,ccre,5,27.347115416666668,temperature
2022-08-14T00:00:00Z,ccre,6,27.315185069444446,temperature
2022-08-14T00:00:00Z,ccre,7,25.841431875,temperature
2022-08-14T00:00:00Z,ccre,8,21.511892638888888,temperature
2022-08-14T00:00:00Z,ccre,9,17.61075798611111,temperature
2022-08-14T00:00:00Z,ccre,10,12.363318194444444,temperature
2022-08-14T00:00:00Z,ccre,11,11.877257291666666,temperature
2022-08-14T00:00:00Z,ccre,12,11.487644097222224,temperature
2022-08-14T00:00:00Z,ccre,13,11.387843402777778,temperature
2022-08-15T00:00:00Z,ccre,2,26.735385833333332,temperature
2022-08-15T00:00:00Z,ccre,3,26.752715277777774,temperature
2022-08-15T00:00:00Z,ccre,4,26.74698638888889,temperature
2022-08-15T00:00:00Z,ccre,5,26.70980847222222,temperature
2022-08-15T00:00:00Z,ccre,6,26.687827916666667,temperature
2022-08-15T00:00:00Z,ccre,7,25.931267916666663,temperature
2022-08-15T00:00:00Z,ccre,8,21.560313055555557,temperature
2022-08-15T00:00:00Z,ccre,9,17.578884305555555,temperature
2022-08-15T00:00:00Z,ccre,10,12.348540277777778,temperature
2022-08-15T00:00:00Z,ccre,11,11.886402708333334,temperature
2022-08-15T00:00:00Z,ccre,12,11.510605277777778,temperature
2022-08-15T00:00:00Z,ccre,13,11.407010486111112,temperature
2022-08-16T00:00:00Z,ccre,2,26.003860625,temperature
2022-08-16T00:00:00Z,ccre,3,26.024780624999998,temperature
2022-08-16T00:00:00Z,ccre,4,26.0234375,temperature
2022-08-16T00:00:00Z,ccre,5,25.984771388888888,temperature
2022-08-16T00:00:00Z,ccre,6,25.980122569444443,temperature
2022-08-16T00:00:00Z,ccre,7,25.93755527777778,temperature
2022-08-16T00:00:00Z,ccre,8,22.61778465277778,temperature
2022-08-16T00:00:00Z,ccre,9,17.751938125,temperature
2022-08-16T00:00:00Z,ccre,10,12.340854444444444,temperature
2022-08-16T00:00:00Z,ccre,11,11.888622569444443,temperature
2022-08-16T00:00:00Z,ccre,12,11.53453888888889,temperature
2022-08-16T00:00:00Z,ccre,13,11.437688055555556,temperature
2022-08-17T00:00:00Z,ccre,2,25.78151340277778,temperature
2022-08-17T00:00:00Z,ccre,3,25.711194097222226,temperature
2022-08-17T00:00:00Z,ccre,4,25.644564305555555,temperature
2022-08-17T00:00:00Z,ccre,5,25.536963472222222,temperature
2022-08-17T00:00:00Z,ccre,6,25.484804930555555,temperature
2022-08-17T00:00:00Z,ccre,7,25.455511458333337,temperature
2022-08-17T00:00:00Z,ccre,8,22.992429166666668,temperature
2022-08-17T00:00:00Z,ccre,9,17.699578958333333,temperature
2022-08-17T00:00:00Z,ccre,10,12.464434027777775,temperature
2022-08-17T00:00:00Z,ccre,11,11.952837708333334,temperature
2022-08-17T00:00:00Z,ccre,12,11.565998958333331,temperature
2022-08-17T00:00:00Z,ccre,13,11.45503826388889,temperature
2022-08-18T00:00:00Z,ccre,2,26.062263680555557,temperature
2022-08-18T00:00:00Z,ccre,3,25.761204444444445,temperature
2022-08-18T00:00:00Z,ccre,4,25.69149986111111,temperature
2022-08-18T00:00:00Z,ccre,5,25.563403958333332,temperature
2022-08-18T00:00:00Z,ccre,6,25.46989388888889,temperature
2022-08-18T00:00:00Z,ccre,7,25.21289527777778,temperature
2022-08-18T00:00:00Z,ccre,8,21.69492881944445,temperature
2022-08-18T00:00:00Z,ccre,9,18.23085861111111,temperature
2022-08-18T00:00:00Z,ccre,10,12.412911944444444,temperature
2022-08-18T00:00:00Z,ccre,11,11.957311875,temperature
2022-08-18T00:00:00Z,ccre,12,11.590615416666669,temperature
2022-08-18T00:00:00Z,ccre,13,11.478514861111112,temperature
2022-08-19T00:00:00Z,ccre,2,25.89517701388889,temperature
2022-08-19T00:00:00Z,ccre,3,25.70153888888889,temperature
2022-08-19T00:00:00Z,ccre,4,25.5969125,temperature
2022-08-19T00:00:00Z,ccre,5,25.42002993055555,temperature
2022-08-19T00:00:00Z,ccre,6,25.301705902777776,temperature
2022-08-19T00:00:00Z,ccre,7,25.162462569444443,temperature
2022-08-19T00:00:00Z,ccre,8,22.666405208333337,temperature
2022-08-19T00:00:00Z,ccre,9,17.838255069444443,temperature
2022-08-19T00:00:00Z,ccre,10,12.51150125,temperature
2022-08-19T00:00:00Z,ccre,11,12.018571736111111,temperature
2022-08-19T00:00:00Z,ccre,12,11.617883541666666,temperature
2022-08-19T00:00:00Z,ccre,13,11.501680833333332,temperature
2022-08-20T00:00:00Z,ccre,2,26.008952430555556,temperature
2022-08-20T00:00:00Z,ccre,3,25.843663333333332,temperature
2022-08-20T00:00:00Z,ccre,4,25.742763333333333,temperature
2022-08-20T00:00:00Z,ccre,5,25.469919375,temperature
2022-08-20T00:00:00Z,ccre,6,25.36345888888889,temperature
2022-08-20T00:00:00Z,ccre,7,25.236276597222226,temperature
2022-08-20T00:00:00Z,ccre,8,22.403096875,temperature
2022-08-20T00:00:00Z,ccre,9,18.033417222222223,temperature
2022-08-20T00:00:00Z,ccre,10,12.471815416666669,temperature
2022-08-20T00:00:00Z,ccre,11,11.999582986111111,temperature
2022-08-20T00:00:00Z,ccre,12,11.634135486111113,temperature
2022-08-20T00:00:00Z,ccre,13,11.521081875,temperature
2022-08-21T00:00:00Z,ccre,2,25.821577430555557,temperature
2022-08-21T00:00:00Z,ccre,3,25.78526069444445,temperature
2022-08-21T00:00:00Z,ccre,4,25.707395277777778,temperature
2022-08-21T00:00:00Z,ccre,5,25.59039625,temperature
2022-08-21T00:00:00Z,ccre,6,25.52023125,temperature
2022-08-21T00:00:00Z,ccre,7,25.38282798611111,temperature
2022-08-21T00:00:00Z,ccre,8,22.384466875,temperature
2022-08-21T00:00:00Z,ccre,9,18.227180486111113,temperature
2022-08-21T00:00:00Z,ccre,10,12.483599791666666,temperature
2022-08-21T00:00:00Z,ccre,11,12.045412291666668,temperature
2022-08-21T00:00:00Z,ccre,12,11.6705025,temperature
2022-08-21T00:00:00Z,ccre,13,11.555676736111112,temperature
2022-08-22T00:00:00Z,ccre,2,26.256721666666667,temperature
2022-08-22T00:00:00Z,ccre,3,26.00748631944445,temperature
2022-08-22T00:00:00Z,ccre,4,25.827884027777777,temperature
2022-08-22T00:00:00Z,ccre,5,25.658391597222224,temperature
2022-08-22T00:00:00Z,ccre,6,25.579257777777777,temperature
2022-08-22T00:00:00Z,ccre,7,25.234570069444445,temperature
2022-08-22T00:00:00Z,ccre,8,22.698535,temperature
2022-08-22T00:00:00Z,ccre,9,18.262850208333333,temperature
2022-08-22T00:00:00Z,ccre,10,12.534427986111112,temperature
2022-08-22T00:00:00Z,ccre,11,12.051880972222222,temperature
2022-08-22T00:00:00Z,ccre,12,11.679198680555556,temperature
2022-08-22T00:00:00Z,ccre,13,11.571034444444445,temperature
2022-08-23T00:00:00Z,ccre,2,26.43719861111111,temperature
2022-08-23T00:00:00Z,ccre,3,26.30266576388889,temperature
2022-08-23T00:00:00Z,ccre,4,26.185333472222226,temperature
2022-08-23T00:00:00Z,ccre,5,25.870213541666665,temperature
2022-08-23T00:00:00Z,ccre,6,25.698089027777776,temperature
2022-08-23T00:00:00Z,ccre,7,25.42630548611111,temperature
2022-08-23T00:00:00Z,ccre,8,22.526259305555556,temperature
2022-08-23T00:00:00Z,ccre,9,18.449380416666667,temperature
2022-08-23T00:00:00Z,ccre,10,12.553884513888889,temperature
2022-08-23T00:00:00Z,ccre,11,12.080037708333334,temperature
2022-08-23T00:00:00Z,ccre,12,11.711734861111111,temperature
2022-08-23T00:00:00Z,ccre,13,11.606502013888887,temperature
2022-08-24T00:00:00Z,ccre,2,27.00742798611111,temperature
2022-08-24T00:00:00Z,ccre,3,26.63435451388889,temperature
2022-08-24T00:00:00Z,ccre,4,26.366210416666668,temperature
2022-08-24T00:00:00Z,ccre,5,26.135687152777777,temperature
2022-08-24T00:00:00Z,ccre,6,25.915645208333338,temperature
2022-08-24T00:00:00Z,ccre,7,25.233783541666668,temperature
2022-08-24T00:00:00Z,ccre,8,22.70306,temperature
2022-08-24T00:00:00Z,ccre,9,18.407288472222223,temperature
2022-08-24T00:00:00Z,ccre,10,12.542218958333333,temperature
2022-08-24T00:00:00Z,ccre,11,12.087756458333333,temperature
2022-08-24T00:00:00Z,ccre,12,11.732436111111111,temperature
2022-08-24T00:00:00Z,ccre,13,11.629335138888887,temperature
2022-08-25T00:00:00Z,ccre,2,26.695349722222225,temperature
2022-08-25T00:00:00Z,ccre,3,26.622122152777777,temperature
2022-08-25T00:00:00Z,ccre,4,26.46784798611111,temperature
2022-08-25T00:00:00Z,ccre,5,26.19097638888889,temperature
2022-08-25T00:00:00Z,ccre,6,25.904053333333337,temperature
2022-08-25T00:00:00Z,ccre,7,25.227733472222223,temperature
2022-08-25T00:00:00Z,ccre,8,23.008955486111113,temperature
2022-08-25T00:00:00Z,ccre,9,18.606055555555557,temperature
2022-08-25T00:00:00Z,ccre,10,12.613375347222222,temperature
2022-08-25T00:00:00Z,ccre,11,12.136157569444444,temperature
2022-08-25T00:00:00Z,ccre,12,11.760548402777776,temperature
2022-08-25T00:00:00Z,ccre,13,11.651919027777778,temperature
2022-08-26T00:00:00Z,ccre,2,26.819132708333335,temperature
2022-08-26T00:00:00Z,ccre,3,26.477503055555555,temperature
2022-08-26T00:00:00Z,ccre,4,26.361508680555556,temperature
2022-08-26T00:00:00Z,ccre,5,26.189484027777777,temperature
2022-08-26T00:00:00Z,ccre,6,25.912429652777774,temperature
2022-08-26T00:00:00Z,ccre,7,25.26349284722222,temperature
2022-08-26T00:00:00Z,ccre,8,22.7738025,temperature
2022-08-26T00:00:00Z,ccre,9,18.758602916666668,temperature
2022-08-26T00:00:00Z,ccre,10,12.642954097222225,temperature
2022-08-26T00:00:00Z,ccre,11,12.147901319444443,temperature
2022-08-26T00:00:00Z,ccre,12,11.779083194444445,temperature
2022-08-26T00:00:00Z,ccre,13,11.672527847222222,temperature
2022-08-27T00:00:00Z,ccre,2,27.262532152777776,temperature
2022-08-27T00:00:00Z,ccre,3,26.865752291666663,temperature
2022-08-27T00:00:00Z,ccre,4,26.528677152777774,temperature
2022-08-27T00:00:00Z,ccre,5,26.29447298611111,temperature
2022-08-27T00:00:00Z,ccre,6,26.05596923611111,temperature
2022-08-27T00:00:00Z,ccre,7,25.63978138888889,temperature
2022-08-27T00:00:00Z,ccre,8,22.95758375,temperature
2022-08-27T00:00:00Z,ccre,9,18.771744652777777,temperature
2022-08-27T00:00:00Z,ccre,10,12.693924791666667,temperature
2022-08-27T00:00:00Z,ccre,11,12.181817847222222,temperature
2022-08-27T00:00:00Z,ccre,12,11.81331125,temperature
2022-08-27T00:00:00Z,ccre,13,11.7040475,temperature
2022-08-28T00:00:00Z,ccre,2,27.606090208333335,temperature
2022-08-28T00:00:00Z,ccre,3,27.376657777777776,temperature
2022-08-28T00:00:00Z,ccre,4,27.006684305555556,temperature
2022-08-28T00:00:00Z,ccre,5,26.58865326388889,temperature
2022-08-28T00:00:00Z,ccre,6,26.268097291666667,temperature
2022-08-28T00:00:00Z,ccre,7,25.448248333333332,temperature
2022-08-28T00:00:00Z,ccre,8,22.919934375,temperature
2022-08-28T00:00:00Z,ccre,9,19.161895625,temperature
2022-08-28T00:00:00Z,ccre,10,12.653176041666669,temperature
2022-08-28T00:00:00Z,ccre,11,12.183267152777775,temperature
2022-08-28T00:00:00Z,ccre,12,11.824776597222222,temperature
2022-08-28T00:00:00Z,ccre,13,11.702242916666666,temperature
2022-08-29T00:00:00Z,ccre,2,27.58509090277778,temperature
2022-08-29T00:00:00Z,ccre,3,27.376707708333335,temperature
2022-08-29T00:00:00Z,ccre,4,27.119955416666667,temperature
2022-08-29T00:00:00Z,ccre,5,26.746073958333337,temperature
2022-08-29T00:00:00Z,ccre,6,26.270439236111113,temperature
2022-08-29T00:00:00Z,ccre,7,25.498860347222223,temperature
2022-08-29T00:00:00Z,ccre,8,23.324529166666668,temperature
2022-08-29T00:00:00Z,ccre,9,18.942530833333333,temperature
2022-08-29T00:00:00Z,ccre,10,12.819174305555556,temperature
2022-08-29T00:00:00Z,ccre,11,12.266865138888887,temperature
2022-08-29T00:00:00Z,ccre,12,11.863732916666669,temperature
2022-08-29T00:00:00Z,ccre,13,11.733778055555556,temperature
2022-08-30T00:00:00Z,ccre,2,27.4189325,temperature
2022-08-30T00:00:00Z,ccre,3,27.34197375,temperature
2022-08-30T00:00:00Z,ccre,4,27.1680025,temperature
2022-08-30T00:00:00Z,ccre,5,26.814376041666662,temperature
2022-08-30T00:00:00Z,ccre,6,26.370281041666665,temperature
2022-08-30T00:00:00Z,ccre,7,25.59381326388889,temperature
2022-08-30T00:00:00Z,ccre,8,23.14359548611111,temperature
2022-08-30T00:00:00Z,ccre,9,19.129570625,temperature
2022-08-30T00:00:00Z,ccre,10,12.791773680555556,temperature
2022-08-30T00:00:00Z,ccre,11,12.259658055555557,temperature
2022-08-30T00:00:00Z,ccre,12,11.874047708333332,temperature
2022-08-30T00:00:00Z,ccre,13,11.750073472222224,temperature
2022-08-31T00:00:00Z,ccre,2,27.446694930555555,temperature
2022-08-31T00:00:00Z,ccre,3,27.371068263888887,temperature
2022-08-31T00:00:00Z,ccre,4,27.345380416666668,temperature
2022-08-31T00:00:00Z,ccre,5,26.943730069444445,temperature
2022-08-31T00:00:00Z,ccre,6,26.732980694444443,temperature
2022-08-31T00:00:00Z,ccre,7,26.38628451388889,temperature
2022-08-31T00:00:00Z,ccre,8,23.413105804195805,temperature
2022-08-31T00:00:00Z,ccre,9,19.238255416666668,temperature
2022-08-31T00:00:00Z,ccre,10,12.823891666666666,temperature
2022-08-31T00:00:00Z,ccre,11,12.297929236111113,temperature
2022-08-31T00:00:00Z,ccre,12,11.902743263888889,temperature
2022-08-31T00:00:00Z,ccre,13,11.779505902777778,temperature
2022-09-01T00:00:00Z,ccre,2,27.44838319444445,temperature
2022-09-01T00:00:00Z,ccre,3,27.328323680555556,temperature
2022-09-01T00:00:00Z,ccre,4,27.268924722222224,temperature
2022-09-01T00:00:00Z,ccre,5,27.145863958333333,temperature
2022-09-01T00:00:00Z,ccre,6,26.941954166666665,temperature
2022-09-01T00:00:00Z,ccre,7,26.120655625,temperature
2022-09-01T00:00:00Z,ccre,8,23.068306875,temperature
2022-09-01T00:00:00Z,ccre,9,19.604777569444444,temperature
2022-09-01T00:00:00Z,ccre,10,12.83497888888889,temperature
2022-09-01T00:00:00Z,ccre,11,12.291457083333333,temperature
2022-09-01T00:00:00Z,ccre,12,11.919967430555555,temperature
2022-09-01T00:00:00Z,ccre,13,11.802764236111113,temperature
2022-09-02T00:00:00Z,ccre,2,27.327213194444443,temperature
2022-09-02T00:00:00Z,ccre,3,27.158155069444444,temperature
2022-09-02T00:00:00Z,ccre,4,27.12329104166667,temperature
2022-09-02T00:00:00Z,ccre,5,26.982050069444444,temperature
2022-09-02T00:00:00Z,ccre,6,26.799887291666668,temperature
2022-09-02T00:00:00Z,ccre,7,25.83046055555555,temperature
2022-09-02T00:00:00Z,ccre,8,23.657573958333337,temperature
2022-09-02T00:00:00Z,ccre,9,19.344503888888887,temperature
2022-09-02T00:00:00Z,ccre,10,12.932119583333334,temperature
2022-09-02T00:00:00Z,ccre,11,12.377642708333331,temperature
2022-09-02T00:00:00Z,ccre,12,11.948887847222222,temperature
2022-09-02T00:00:00Z,ccre,13,11.812446180555556,temperature
2022-09-03T00:00:00Z,ccre,2,27.062895347222224,temperature
2022-09-03T00:00:00Z,ccre,3,26.922032083333335,temperature
2022-09-03T00:00:00Z,ccre,4,26.893761666666663,temperature
2022-09-03T00:00:00Z,ccre,5,26.78891625,temperature
2022-09-03T00:00:00Z,ccre,6,26.657359791666668,temperature
2022-09-03T00:00:00Z,ccre,7,26.012205347222224,temperature
2022-09-03T00:00:00Z,ccre,8,23.472215902777776,temperature
2022-09-03T00:00:00Z,ccre,9,19.654817986111112,temperature
2022-09-03T00:00:00Z,ccre,10,12.91137965277778,temperature
2022-09-03T00:00:00Z,ccre,11,12.357638611111112,temperature
2022-09-03T00:00:00Z,ccre,12,11.965568958333334,temperature
2022-09-03T00:00:00Z,ccre,13,11.855205,temperature
2022-09-04T00:00:00Z,ccre,2,26.87213277777778,temperature
2022-09-04T00:00:00Z,ccre,3,26.835381597222224,temperature
2022-09-04T00:00:00Z,ccre,4,26.814504652777774,temperature
2022-09-04T00:00:00Z,ccre,5,26.749289930555555,temperature
2022-09-04T00:00:00Z,ccre,6,26.615643680555557,temperature
2022-09-04T00:00:00Z,ccre,7,26.29632416666667,temperature
2022-09-04T00:00:00Z,ccre,8,23.663463125,temperature
2022-09-04T00:00:00Z,ccre,9,19.63868986111111,temperature
2022-09-04T00:00:00Z,ccre,10,12.99652611111111,temperature
2022-09-04T00:00:00Z,ccre,11,12.43569472222222,temperature
2022-09-04T00:00:00Z,ccre,12,12.00145159722222,temperature
2022-09-04T00:00:00Z,ccre,13,11.87789875,temperature
2022-09-05T00:00:00Z,ccre,2,26.563099722222223,temperature
2022-09-05T00:00:00Z,ccre,3,26.572677708333337,temperature
2022-09-05T00:00:00Z,ccre,4,26.55389125,temperature
2022-09-05T00:00:00Z,ccre,5,26.514621388888887,temperature
2022-09-05T00:00:00Z,ccre,6,26.487859930555555,temperature
2022-09-05T00:00:00Z,ccre,7,26.213871597222223,temperature
2022-09-05T00:00:00Z,ccre,8,23.42764423611111,temperature
2022-09-05T00:00:00Z,ccre,9,19.847047916666668,temperature
2022-09-05T00:00:00Z,ccre,10,12.944916388888888,temperature
2022-09-05T00:00:00Z,ccre,11,12.40316798611111,temperature
2022-09-05T00:00:00Z,ccre,12,12.008811319444444,temperature
2022-09-05T00:00:00Z,ccre,13,11.900021458333333,temperature
2022-09-06T00:00:00Z,ccre,2,26.938011041666662,temperature
2022-09-06T00:00:00Z,ccre,3,26.739007152777777,temperature
2022-09-06T00:00:00Z,ccre,4,26.432151597222223,temperature
2022-09-06T00:00:00Z,ccre,5,26.320437291666668,temperature
2022-09-06T00:00:00Z,ccre,6,26.259893333333338,temperature
2022-09-06T00:00:00Z,ccre,7,26.039983819444444,temperature
2022-09-06T00:00:00Z,ccre,8,24.196667083333335,temperature
2022-09-06T00:00:00Z,ccre,9,19.66737375,temperature
2022-09-06T00:00:00Z,ccre,10,12.993456180555556,temperature
2022-09-06T00:00:00Z,ccre,11,12.447822013888889,temperature
2022-09-06T00:00:00Z,ccre,12,12.045182083333334,temperature
2022-09-06T00:00:00Z,ccre,13,11.922974513888889,temperature
2022-09-07T00:00:00Z,ccre,2,27.15266104166667,temperature
2022-09-07T00:00:00Z,ccre,3,27.11985,temperature
2022-09-07T00:00:00Z,ccre,4,27.078430277777777,temperature
2022-09-07T00:00:00Z,ccre,5,26.75561763888889,temperature
2022-09-07T00:00:00Z,ccre,6,26.422716319444444,temperature
2022-09-07T00:00:00Z,ccre,7,26.271623958333333,temperature
2022-09-07T00:00:00Z,ccre,8,23.433377430555556,temperature
2022-09-07T00:00:00Z,ccre,9,20.434909583333333,temperature
2022-09-07T00:00:00Z,ccre,10,12.960340069444444,temperature
2022-09-07T00:00:00Z,ccre,11,12.429698402777776,temperature
2022-09-07T00:00:00Z,ccre,12,12.0594875,temperature
2022-09-07T00:00:00Z,ccre,13,11.935420277777778,temperature
2022-09-08T00:00:00Z,ccre,2,26.959413333333337,temperature
2022-09-08T00:00:00Z,ccre,3,26.83846652777778,temperature
2022-09-08T00:00:00Z,ccre,4,26.774163263888887,temperature
2022-09-08T00:00:00Z,ccre,5,26.67690208333333,temperature
2022-09-08T00:00:00Z,ccre,6,26.541906875,temperature
2022-09-08T00:00:00Z,ccre,7,25.801253819444444,temperature
2022-09-08T00:00:00Z,ccre,8,23.27624201388889,temperature
2022-09-08T00:00:00Z,ccre,9,19.759312708333333,temperature
2022-09-08T00:00:00Z,ccre,10,13.18416486111111,temperature
2022-09-08T00:00:00Z,ccre,11,12.522761875,temperature
2022-09-08T00:00:00Z,ccre,12,12.089990902777778,temperature
2022-09-08T00:00:00Z,ccre,13,11.9640325,temperature
2022-09-09T00:00:00Z,ccre,2,26.647320833333332,temperature
2022-09-09T00:00:00Z,ccre,3,26.555626180555556,temperature
2022-09-09T00:00:00Z,ccre,4,26.53310069444445,temperature
2022-09-09T00:00:00Z,ccre,5,26.441402083333333,temperature
2022-09-09T00:00:00Z,ccre,6,26.33536430555555,temperature
2022-09-09T00:00:00Z,ccre,7,26.020735,temperature
2022-09-09T00:00:00Z,ccre,8,24.261154444444443,temperature
2022-09-09T00:00:00Z,ccre,9,20.034880208333337,temperature
2022-09-09T00:00:00Z,ccre,10,13.128646875,temperature
2022-09-09T00:00:00Z,ccre,11,12.512488333333334,temperature
2022-09-09T00:00:00Z,ccre,12,12.107602708333332,temperature
2022-09-09T00:00:00Z,ccre,13,11.985436944444444,temperature
2022-09-10T00:00:00Z,ccre,2,26.08781284722222,temperature
2022-09-10T00:00:00Z,ccre,3,26.103292430555555,temperature
2022-09-10T00:00:00Z,ccre,4,26.10057423611111,temperature
2022-09-10T00:00:00Z,ccre,5,26.067450625,temperature
2022-09-10T00:00:00Z,ccre,6,26.064384027777777,temperature
2022-09-10T00:00:00Z,ccre,7,26.049340625,temperature
2022-09-10T00:00:00Z,ccre,8,24.234021944444443,temperature
2022-09-10T00:00:00Z,ccre,9,20.452498541666667,temperature
2022-09-10T00:00:00Z,ccre,10,13.015037430555555,temperature
2022-09-10T00:00:00Z,ccre,11,12.513063472222225,temperature
2022-09-10T00:00:00Z,ccre,12,12.135983611111111,temperature
2022-09-10T00:00:00Z,ccre,13,12.001221666666666,temperature
2022-09-11T00:00:00Z,ccre,2,25.753288958333332,temperature
2022-09-11T00:00:00Z,ccre,3,25.725838333333332,temperature
2022-09-11T00:00:00Z,ccre,4,25.686501805555555,temperature
2022-09-11T00:00:00Z,ccre,5,25.614439583333333,temperature
2022-09-11T00:00:00Z,ccre,6,25.582025416666667,temperature
2022-09-11T00:00:00Z,ccre,7,25.48652826388889,temperature
2022-09-11T00:00:00Z,ccre,8,23.793608819444444,temperature
2022-09-11T00:00:00Z,ccre,9,19.996966805555555,temperature
2022-09-11T00:00:00Z,ccre,10,13.280334027777778,temperature
2022-09-11T00:00:00Z,ccre,11,12.592456736111112,temperature
2022-09-11T00:00:00Z,ccre,12,12.158392708333333,temperature
2022-09-11T00:00:00Z,ccre,13,12.028265972222222,temperature
2022-09-12T00:00:00Z,ccre,2,25.86183641791045,temperature
2022-09-12T00:00:00Z,ccre,3,25.7702576119403,temperature
2022-09-12T00:00:00Z,ccre,4,25.66522171641791,temperature
2022-09-12T00:00:00Z,ccre,5,25.5713297761194,temperature
2022-09-12T00:00:00Z,ccre,6,25.418810447761196,temperature
2022-09-12T00:00:00Z,ccre,7,24.991845223880595,temperature
2022-09-12T00:00:00Z,ccre,8,23.69221619402985,temperature
2022-09-12T00:00:00Z,ccre,9,20.483643059701492,temperature
2022-09-12T00:00:00Z,ccre,10,13.149854552238804,temperature
2022-09-12T00:00:00Z,ccre,11,12.587417985074628,temperature
2022-09-12T00:00:00Z,ccre,12,12.181166194029853,temperature
2022-09-12T00:00:00Z,ccre,13,12.070789029850747,temperature
2022-09-13T00:00:00Z,ccre,2,25.549140833333333,temperature
2022-09-13T00:00:00Z,ccre,3,25.551643125,temperature
2022-09-13T00:00:00Z,ccre,4,25.47547423611111,temperature
2022-09-13T00:00:00Z,ccre,5,25.37192013888889,temperature
2022-09-13T00:00:00Z,ccre,6,25.292214027777774,temperature
2022-09-13T00:00:00Z,ccre,7,25.025059513888888,temperature
2022-09-13T00:00:00Z,ccre,8,23.704572569444444,temperature
2022-09-13T00:00:00Z,ccre,9,20.340362708333338,temperature
2022-09-13T00:00:00Z,ccre,10,13.261296597222222,temperature
2022-09-13T00:00:00Z,ccre,11,12.610110555555556,temperature
2022-09-13T00:00:00Z,ccre,12,12.199420833333331,temperature
2022-09-13T00:00:00Z,ccre,13,12.082610833333334,temperature
2022-09-14T00:00:00Z,ccre,2,25.207797777777778,temperature
2022-09-14T00:00:00Z,ccre,3,25.214982777777777,temperature
2022-09-14T00:00:00Z,ccre,4,25.165565555555556,temperature
2022-09-14T00:00:00Z,ccre,5,25.0374375,temperature
2022-09-14T00:00:00Z,ccre,6,24.998660277777777,temperature
2022-09-14T00:00:00Z,ccre,7,24.960701458333332,temperature
2022-09-14T00:00:00Z,ccre,8,24.235347222222224,temperature
2022-09-14T00:00:00Z,ccre,9,20.652102222222226,temperature
2022-09-14T00:00:00Z,ccre,10,13.196531180555557,temperature
2022-09-14T00:00:00Z,ccre,11,12.600308333333333,temperature
2022-09-14T00:00:00Z,ccre,12,12.213665486111111,temperature
2022-09-14T00:00:00Z,ccre,13,12.098685625,temperature
2022-09-15T00:00:00Z,ccre,2,25.24969673611111,temperature
2022-09-15T00:00:00Z,ccre,3,25.21339645833333,temperature
2022-09-15T00:00:00Z,ccre,4,25.13591125,temperature
2022-09-15T00:00:00Z,ccre,5,25.081704444444444,temperature
2022-09-15T00:00:00Z,ccre,6,25.039817222222226,temperature
2022-09-15T00:00:00Z,ccre,7,24.905744405594405,temperature
2022-09-15T00:00:00Z,ccre,8,23.29888888111888,temperature
2022-09-15T00:00:00Z,ccre,9,20.487908194444444,temperature
2022-09-15T00:00:00Z,ccre,10,13.405220416666667,temperature
2022-09-15T00:00:00Z,ccre,11,12.68549111111111,temperature
2022-09-15T00:00:00Z,ccre,12,12.24846111111111,temperature
2022-09-15T00:00:00Z,ccre,13,12.120809930555556,temperature
2022-09-16T00:00:00Z,ccre,2,25.41252576388889,temperature
2022-09-16T00:00:00Z,ccre,3,25.245496180555556,temperature
2022-09-16T00:00:00Z,ccre,4,25.06133652777778,temperature
2022-09-16T00:00:00Z,ccre,5,24.914806458333334,temperature
2022-09-16T00:00:00Z,ccre,6,24.83711909722222,temperature
2022-09-16T00:00:00Z,ccre,7,24.549260833333335,temperature
2022-09-16T00:00:00Z,ccre,8,23.27125513888889,temperature
2022-09-16T00:00:00Z,ccre,9,20.69199173611111,temperature
2022-09-16T00:00:00Z,ccre,10,13.284370625,temperature
2022-09-16T00:00:00Z,ccre,11,12.68465,temperature
2022-09-16T00:00:00Z,ccre,12,12.271556111111112,temperature
2022-09-16T00:00:00Z,ccre,13,12.131487986111113,temperature
2022-09-17T00:00:00Z,ccre,2,25.141905208333338,temperature
2022-09-17T00:00:00Z,ccre,3,25.01961263888889,temperature
2022-09-17T00:00:00Z,ccre,4,24.89767611111111,temperature
2022-09-17T00:00:00Z,ccre,5,24.779175972222223,temperature
2022-09-17T00:00:00Z,ccre,6,24.607182986111113,temperature
2022-09-17T00:00:00Z,ccre,7,24.41828701388889,temperature
2022-09-17T00:00:00Z,ccre,8,23.654648958333333,temperature
2022-09-17T00:00:00Z,ccre,9,20.686815763888887,temperature
2022-09-17T00:00:00Z,ccre,10,13.345183333333331,temperature
2022-09-17T00:00:00Z,ccre,11,12.706029305555557,temperature
2022-09-17T00:00:00Z,ccre,12,12.285550138888889,temperature
2022-09-17T00:00:00Z,ccre,13,12.162565625,temperature
2022-09-18T00:00:00Z,ccre,2,25.08333319444445,temperature
2022-09-18T00:00:00Z,ccre,3,24.932699444444445,temperature
2022-09-18T00:00:00Z,ccre,4,24.753643541666666,temperature
2022-09-18T00:00:00Z,ccre,5,24.604503402777777,temperature
2022-09-18T00:00:00Z,ccre,6,24.520376666666667,temperature
2022-09-18T00:00:00Z,ccre,7,24.373639930555555,temperature
2022-09-18T00:00:00Z,ccre,8,23.579363333333333,temperature
2022-09-18T00:00:00Z,ccre,9,20.76628763888889,temperature
2022-09-18T00:00:00Z,ccre,10,13.31482638888889,temperature
2022-09-18T00:00:00Z,ccre,11,12.702783055555557,temperature
2022-09-18T00:00:00Z,ccre,12,12.305370069444445,temperature
2022-09-18T00:00:00Z,ccre,13,12.185050694444444,temperature
2022-09-19T00:00:00Z,ccre,2,25.12020097222222,temperature
2022-09-19T00:00:00Z,ccre,3,24.907728125,temperature
2022-09-19T00:00:00Z,ccre,4,24.671071458333333,temperature
2022-09-19T00:00:00Z,ccre,5,24.514573680555557,temperature
2022-09-19T00:00:00Z,ccre,6,24.449422777777777,temperature
2022-09-19T00:00:00Z,ccre,7,24.348190694444444,temperature
2022-09-19T00:00:00Z,ccre,8,23.800281458333338,temperature
2022-09-19T00:00:00Z,ccre,9,20.79150569444445,temperature
2022-09-19T00:00:00Z,ccre,10,13.365200902777778,temperature
2022-09-19T00:00:00Z,ccre,11,12.736103611111112,temperature
2022-09-19T00:00:00Z,ccre,12,12.329238680555555,temperature
2022-09-19T00:00:00Z,ccre,13,12.206837708333332,temperature
2022-09-20T00:00:00Z,ccre,2,25.494696875,temperature
2022-09-20T00:00:00Z,ccre,3,25.33923409722222,temperature
2022-09-20T00:00:00Z,ccre,4,24.861397222222223,temperature
2022-09-20T00:00:00Z,ccre,5,24.623248472222222,temperature
2022-09-20T00:00:00Z,ccre,6,24.51946840277778,temperature
2022-09-20T00:00:00Z,ccre,7,24.422608611111112,temperature
2022-09-20T00:00:00Z,ccre,8,24.00066201388889,temperature
2022-09-20T00:00:00Z,ccre,9,20.804203194444444,temperature
2022-09-20T00:00:00Z,ccre,10,13.409586388888888,temperature
2022-09-20T00:00:00Z,ccre,11,12.77141701388889,temperature
2022-09-20T00:00:00Z,ccre,12,12.350117916666669,temperature
2022-09-20T00:00:00Z,ccre,13,12.215896458333331,temperature
2022-09-21T00:00:00Z,ccre,2,25.43755875,temperature
2022-09-21T00:00:00Z,ccre,3,25.36027902777778,temperature
2022-09-21T00:00:00Z,ccre,4,25.09456298611111,temperature
2022-09-21T00:00:00Z,ccre,5,24.881823541666662,temperature
2022-09-21T00:00:00Z,ccre,6,24.638421180555557,temperature
2022-09-21T00:00:00Z,ccre,7,24.410928055555555,temperature
2022-09-21T00:00:00Z,ccre,8,23.3190427972028,temperature
2022-09-21T00:00:00Z,ccre,9,20.97092715277778,temperature
2022-09-21T00:00:00Z,ccre,10,13.442504305555556,temperature
2022-09-21T00:00:00Z,ccre,11,12.780298541666667,temperature
2022-09-21T00:00:00Z,ccre,12,12.373632916666669,temperature
2022-09-21T00:00:00Z,ccre,13,12.252582847222222,temperature
2022-09-22T00:00:00Z,ccre,2,24.725193125,temperature
2022-09-22T00:00:00Z,ccre,3,24.754967916666665,temperature
2022-09-22T00:00:00Z,ccre,4,24.704589930555557,temperature
2022-09-22T00:00:00Z,ccre,5,24.627467916666667,temperature
2022-09-22T00:00:00Z,ccre,6,24.554547638888888,temperature
2022-09-22T00:00:00Z,ccre,7,24.448682569444443,temperature
2022-09-22T00:00:00Z,ccre,8,23.97906736111111,temperature
2022-09-22T00:00:00Z,ccre,9,22.131049930555555,temperature
2022-09-22T00:00:00Z,ccre,10,13.698205486111112,temperature
2022-09-22T00:00:00Z,ccre,11,12.850533125,temperature
2022-09-22T00:00:00Z,ccre,12,12.402256388888889,temperature
2022-09-22T00:00:00Z,ccre,13,12.251565902777775,temperature
2022-09-23T00:00:00Z,ccre,2,23.886743819444444,temperature
2022-09-23T00:00:00Z,ccre,3,23.931915208333333,temperature
2022-09-23T00:00:00Z,ccre,4,23.913154583333338,temperature
2022-09-23T00:00:00Z,ccre,5,23.87945076388889,temperature
2022-09-23T00:00:00Z,ccre,6,23.812400833333335,temperature
2022-09-23T00:00:00Z,ccre,7,23.766847708333337,temperature
2022-09-23T00:00:00Z,ccre,8,23.718699930555555,temperature
2022-09-23T00:00:00Z,ccre,9,23.100945555555555,temperature
2022-09-23T00:00:00Z,ccre,10,13.675672222222222,temperature
2022-09-23T00:00:00Z,ccre,11,12.889625694444444,temperature
2022-09-23T00:00:00Z,ccre,12,12.421095625,temperature
2022-09-23T00:00:00Z,ccre,13,12.267988680555556,temperature
2022-09-24T00:00:00Z,ccre,2,23.528048958333333,temperature
2022-09-24T00:00:00Z,ccre,3,23.550169583333332,temperature
2022-09-24T00:00:00Z,ccre,4,23.498019513888888,temperature
2022-09-24T00:00:00Z,ccre,5,23.452445208333337,temperature
2022-09-24T00:00:00Z,ccre,6,23.401241805555557,temperature
2022-09-24T00:00:00Z,ccre,7,23.329079305555556,temperature
2022-09-24T00:00:00Z,ccre,8,23.19189340277778,temperature
2022-09-24T00:00:00Z,ccre,9,21.20947875,temperature
2022-09-24T00:00:00Z,ccre,10,13.5825,temperature
2022-09-24T00:00:00Z,ccre,11,12.87971298611111,temperature
2022-09-24T00:00:00Z,ccre,12,12.443483888888888,temperature
2022-09-24T00:00:00Z,ccre,13,12.304042708333334,temperature
2022-09-25T00:00:00Z,ccre,2,23.050579305555555,temperature
2022-09-25T00:00:00Z,ccre,3,23.072711319444444,temperature
2022-09-25T00:00:00Z,ccre,4,23.055232361111113,temperature
2022-09-25T00:00:00Z,ccre,5,23.02029625,temperature
2022-09-25T00:00:00Z,ccre,6,23.011685625,temperature
2022-09-25T00:00:00Z,ccre,7,22.94347263888889,temperature
2022-09-25T00:00:00Z,ccre,8,22.60958486111111,temperature
2022-09-25T00:00:00Z,ccre,9,21.59372125,temperature
2022-09-25T00:00:00Z,ccre,10,13.585402638888889,temperature
2022-09-25T00:00:00Z,ccre,11,12.904919861111113,temperature
2022-09-25T00:00:00Z,ccre,12,12.470224027777778,temperature
2022-09-25T00:00:00Z,ccre,13,12.340544513888888,temperature
2022-09-26T00:00:00Z,ccre,2,22.699448125,temperature
2022-09-26T00:00:00Z,ccre,3,22.71346652777778,temperature
2022-09-26T00:00:00Z,ccre,4,22.68027375,temperature
2022-09-26T00:00:00Z,ccre,5,22.642403541666667,temperature
2022-09-26T00:00:00Z,ccre,6,22.623161944444444,temperature
2022-09-26T00:00:00Z,ccre,7,22.596556875,temperature
2022-09-26T00:00:00Z,ccre,8,22.46140993055555,temperature
2022-09-26T00:00:00Z,ccre,9,21.79646340277778,temperature
2022-09-26T00:00:00Z,ccre,10,13.730638680555556,temperature
2022-09-26T00:00:00Z,ccre,11,12.973055138888888,temperature
2022-09-26T00:00:00Z,ccre,12,12.506066666666667,temperature
2022-09-26T00:00:00Z,ccre,13,12.346626458333333,temperature
2022-09-27T00:00:00Z,ccre,2,22.27263138888889,temperature
2022-09-27T00:00:00Z,ccre,3,22.32114486111111,temperature
2022-09-27T00:00:00Z,ccre,4,22.296463819444444,temperature
2022-09-27T00:00:00Z,ccre,5,22.269883541666665,temperature
2022-09-27T00:00:00Z,ccre,6,22.263355277777777,temperature
2022-09-27T00:00:00Z,ccre,7,22.26252256944445,temperature
2022-09-27T00:00:00Z,ccre,8,22.138508333333338,temperature
2022-09-27T00:00:00Z,ccre,9,21.963992847222222,temperature
2022-09-27T00:00:00Z,ccre,10,13.708223541666667,temperature
2022-09-27T00:00:00Z,ccre,11,12.965885208333331,temperature
2022-09-27T00:00:00Z,ccre,12,12.510559583333333,temperature
2022-09-27T00:00:00Z,ccre,13,12.38006375,temperature
2022-09-28T00:00:00Z,ccre,2,21.920760208333338,temperature
2022-09-28T00:00:00Z,ccre,3,21.971355625,temperature
2022-09-28T00:00:00Z,ccre,4,21.952427916666668,temperature
2022-09-28T00:00:00Z,ccre,5,21.92116215277778,temperature
2022-09-28T00:00:00Z,ccre,6,21.856440972222224,temperature
2022-09-28T00:00:00Z,ccre,7,21.829080277777777,temperature
2022-09-28T00:00:00Z,ccre,8,21.802706458333333,temperature
2022-09-28T00:00:00Z,ccre,9,21.747492083333334,temperature
2022-09-28T00:00:00Z,ccre,10,13.806254652777778,temperature
2022-09-28T00:00:00Z,ccre,11,12.99121715277778,temperature
2022-09-28T00:00:00Z,ccre,12,12.534008680555557,temperature
2022-09-28T00:00:00Z,ccre,13,12.40859451388889,temperature
2022-09-29T00:00:00Z,ccre,2,21.44426673913043,temperature
2022-09-29T00:00:00Z,ccre,3,21.48866768115942,temperature
2022-09-29T00:00:00Z,ccre,4,21.48497652173913,temperature
2022-09-29T00:00:00Z,ccre,5,21.45558623188406,temperature
2022-09-29T00:00:00Z,ccre,6,21.4476981884058,temperature
2022-09-29T00:00:00Z,ccre,7,21.449288623188405,temperature
2022-09-29T00:00:00Z,ccre,8,21.43569644927536,temperature
2022-09-29T00:00:00Z,ccre,9,21.406463695652175,temperature
2022-09-29T00:00:00Z,ccre,10,14.542109492753625,temperature
2022-09-29T00:00:00Z,ccre,11,13.033341739130435,temperature
2022-09-29T00:00:00Z,ccre,12,12.555203188405796,temperature
2022-09-29T00:00:00Z,ccre,13,12.429426811594205,temperature
2022-09-30T00:00:00Z,ccre,2,20.640826875,temperature
2022-09-30T00:00:00Z,ccre,3,20.69363263888889,temperature
2022-09-30T00:00:00Z,ccre,4,20.69610986111111,temperature
2022-09-30T00:00:00Z,ccre,5,20.671595833333335,temperature
2022-09-30T00:00:00Z,ccre,6,20.669316597222224,temperature
2022-09-30T00:00:00Z,ccre,7,20.68084625,temperature
2022-09-30T00:00:00Z,ccre,8,20.679668125,temperature
2022-09-30T00:00:00Z,ccre,9,20.667104583333337,temperature
2022-09-30T00:00:00Z,ccre,10,16.951309513888887,temperature
2022-09-30T00:00:00Z,ccre,11,13.925039236111113,temperature
2022-09-30T00:00:00Z,ccre,12,12.614658472222224,temperature
2022-09-30T00:00:00Z,ccre,13,12.449317291666668,temperature
2022-10-01T00:00:00Z,ccre,2,19.681709375,temperature
2022-10-01T00:00:00Z,ccre,3,19.72240548611111,temperature
2022-10-01T00:00:00Z,ccre,4,19.721225625,temperature
2022-10-01T00:00:00Z,ccre,5,19.696401041666668,temperature
2022-10-01T00:00:00Z,ccre,6,19.69166159722222,temperature
2022-10-01T00:00:00Z,ccre,7,19.700935555555557,temperature
2022-10-01T00:00:00Z,ccre,8,19.696542222222224,temperature
2022-10-01T00:00:00Z,ccre,9,19.62954173611111,temperature
2022-10-01T00:00:00Z,ccre,10,17.153828263888887,temperature
2022-10-01T00:00:00Z,ccre,11,14.872384444444444,temperature
2022-10-01T00:00:00Z,ccre,12,12.636937569444443,temperature
2022-10-01T00:00:00Z,ccre,13,12.474713263888887,temperature
2022-10-02T00:00:00Z,ccre,2,19.15677305555555,temperature
2022-10-02T00:00:00Z,ccre,3,19.18454944444445,temperature
2022-10-02T00:00:00Z,ccre,4,19.181386458333332,temperature
2022-10-02T00:00:00Z,ccre,5,19.15601701388889,temperature
2022-10-02T00:00:00Z,ccre,6,19.15245034722222,temperature
2022-10-02T00:00:00Z,ccre,7,19.13232027777778,temperature
2022-10-02T00:00:00Z,ccre,8,18.981539583333333,temperature
2022-10-02T00:00:00Z,ccre,9,18.679450555555555,temperature
2022-10-02T00:00:00Z,ccre,10,16.684584583333333,temperature
2022-10-02T00:00:00Z,ccre,11,14.712868958333331,temperature
2022-10-02T00:00:00Z,ccre,12,12.723699583333334,temperature
2022-10-02T00:00:00Z,ccre,13,12.508535833333331,temperature
2022-10-03T00:00:00Z,ccre,2,18.78273736111111,temperature
2022-10-03T00:00:00Z,ccre,3,18.815201388888887,temperature
2022-10-03T00:00:00Z,ccre,4,18.80323909722222,temperature
2022-10-03T00:00:00Z,ccre,5,18.774538472222225,temperature
2022-10-03T00:00:00Z,ccre,6,18.755984652777776,temperature
2022-10-03T00:00:00Z,ccre,7,18.730478472222224,temperature
2022-10-03T00:00:00Z,ccre,8,18.714852361111113,temperature
2022-10-03T00:00:00Z,ccre,9,18.69471409722222,temperature
2022-10-03T00:00:00Z,ccre,10,17.37941659722222,temperature
2022-10-03T00:00:00Z,ccre,11,13.696728055555557,temperature
2022-10-03T00:00:00Z,ccre,12,12.743604027777778,temperature
2022-10-03T00:00:00Z,ccre,13,12.530032847222222,temperature
2022-10-04T00:00:00Z,ccre,2,18.63011511111111,temperature
2022-10-04T00:00:00Z,ccre,3,18.659957407407408,temperature
2022-10-04T00:00:00Z,ccre,4,18.65089896296296,temperature
2022-10-04T00:00:00Z,ccre,5,18.625180888888888,temperature
2022-10-04T00:00:00Z,ccre,6,18.62239466666667,temperature
2022-10-04T00:00:00Z,ccre,7,18.629386888888888,temperature
2022-10-04T00:00:00Z,ccre,8,18.584840444444445,temperature
2022-10-04T00:00:00Z,ccre,9,18.466316962962964,temperature
2022-10-04T00:00:00Z,ccre,10,15.703331703703704,temperature
2022-10-04T00:00:00Z,ccre,11,14.60008362962963,temperature
2022-10-04T00:00:00Z,ccre,12,12.764733703703705,temperature
2022-10-04T00:00:00Z,ccre,13,12.546606962962963,temperature
2022-10-05T00:00:00Z,ccre,2,18.621936527777777,temperature
2022-10-05T00:00:00Z,ccre,3,18.641138125,temperature
2022-10-05T00:00:00Z,ccre,4,18.582530833333333,temperature
2022-10-05T00:00:00Z,ccre,5,18.458218819444443,temperature
2022-10-05T00:00:00Z,ccre,6,18.316607291666667,temperature
2022-10-05T00:00:00Z,ccre,7,18.29128409722222,temperature
2022-10-05T00:00:00Z,ccre,8,18.253246597222223,temperature
2022-10-05T00:00:00Z,ccre,9,18.217214652777777,temperature
2022-10-05T00:00:00Z,ccre,10,15.719691666666666,temperature
2022-10-05T00:00:00Z,ccre,11,13.909333958333333,temperature
2022-10-05T00:00:00Z,ccre,12,12.779576805555555,temperature
2022-10-05T00:00:00Z,ccre,13,12.605282708333334,temperature
2022-10-06T00:00:00Z,ccre,2,18.962482430555557,temperature
2022-10-06T00:00:00Z,ccre,3,18.792562152777776,temperature
2022-10-06T00:00:00Z,ccre,4,18.460596527777778,temperature
2022-10-06T00:00:00Z,ccre,5,18.378402986111112,temperature
2022-10-06T00:00:00Z,ccre,6,18.29850118055555,temperature
2022-10-06T00:00:00Z,ccre,7,18.197102013888887,temperature
2022-10-06T00:00:00Z,ccre,8,18.0494975,temperature
2022-10-06T00:00:00Z,ccre,9,17.718243194444444,temperature
2022-10-06T00:00:00Z,ccre,10,15.779326180555556,temperature
2022-10-06T00:00:00Z,ccre,11,14.1525825,temperature
2022-10-06T00:00:00Z,ccre,12,12.824514027777775,temperature
2022-10-06T00:00:00Z,ccre,13,12.619004444444444,temperature
2022-10-07T00:00:00Z,ccre,2,18.675745454545453,temperature
2022-10-07T00:00:00Z,ccre,3,18.516783888888888,temperature
2022-10-07T00:00:00Z,ccre,4,18.319742152777778,temperature
2022-10-07T00:00:00Z,ccre,5,18.146994583333335,temperature
2022-10-07T00:00:00Z,ccre,6,18.016791319444444,temperature
2022-10-07T00:00:00Z,ccre,7,17.870734305555555,temperature
2022-10-07T00:00:00Z,ccre,8,17.742542569444446,temperature
2022-10-07T00:00:00Z,ccre,9,17.556463286713285,temperature
2022-10-07T00:00:00Z,ccre,10,16.118015486111112,temperature
2022-10-07T00:00:00Z,ccre,11,14.058586944444444,temperature
2022-10-07T00:00:00Z,ccre,12,12.847719300699302,temperature
2022-10-07T00:00:00Z,ccre,13,12.662952638888887,temperature
2022-10-08T00:00:00Z,ccre,2,18.227133680555557,temperature
2022-10-08T00:00:00Z,ccre,3,18.26683263888889,temperature
2022-10-08T00:00:00Z,ccre,4,18.246114722222224,temperature
2022-10-08T00:00:00Z,ccre,5,18.216677291666667,temperature
2022-10-08T00:00:00Z,ccre,6,18.192764722222226,temperature
2022-10-08T00:00:00Z,ccre,7,18.01193,temperature
2022-10-08T00:00:00Z,ccre,8,17.92525513888889,temperature
2022-10-08T00:00:00Z,ccre,9,17.832178055555556,temperature
2022-10-08T00:00:00Z,ccre,10,16.63034236111111,temperature
2022-10-08T00:00:00Z,ccre,11,14.158938402777778,temperature
2022-10-08T00:00:00Z,ccre,12,12.863212222222222,temperature
2022-10-08T00:00:00Z,ccre,13,12.680534166666666,temperature
2022-10-09T00:00:00Z,ccre,2,18.182810069444443,temperature
2022-10-09T00:00:00Z,ccre,3,18.102909930555555,temperature
2022-10-09T00:00:00Z,ccre,4,17.995233680555554,temperature
2022-10-09T00:00:00Z,ccre,5,17.936880833333333,temperature
2022-10-09T00:00:00Z,ccre,6,17.864687083333333,temperature
2022-10-09T00:00:00Z,ccre,7,17.80659659722222,temperature
2022-10-09T00:00:00Z,ccre,8,17.747337986111113,temperature
2022-10-09T00:00:00Z,ccre,9,17.613551805555556,temperature
2022-10-09T00:00:00Z,ccre,10,15.774004305555556,temperature
2022-10-09T00:00:00Z,ccre,11,14.249606458333334,temperature
2022-10-09T00:00:00Z,ccre,12,12.932170833333334,temperature
2022-10-09T00:00:00Z,ccre,13,12.687649236111112,temperature
2022-10-10T00:00:00Z,ccre,2,17.858087916666666,temperature
2022-10-10T00:00:00Z,ccre,3,17.824245694444443,temperature
2022-10-10T00:00:00Z,ccre,4,17.72312611111111,temperature
2022-10-10T00:00:00Z,ccre,5,17.673642847222222,temperature
2022-10-10T00:00:00Z,ccre,6,17.599758472222224,temperature
2022-10-10T00:00:00Z,ccre,7,17.501039652777777,temperature
2022-10-10T00:00:00Z,ccre,8,17.443707152777776,temperature
2022-10-10T00:00:00Z,ccre,9,17.314308819444445,temperature
2022-10-10T00:00:00Z,ccre,10,16.192810625,temperature
2022-10-10T00:00:00Z,ccre,11,14.180966111111111,temperature
2022-10-10T00:00:00Z,ccre,12,12.924770833333334,temperature
2022-10-10T00:00:00Z,ccre,13,12.752102847222222,temperature
2022-10-11T00:00:00Z,ccre,2,17.671273194444446,temperature
2022-10-11T00:00:00Z,ccre,3,17.623757083333334,temperature
2022-10-11T00:00:00Z,ccre,4,17.553302916666667,temperature
2022-10-11T00:00:00Z,ccre,5,17.51040625,temperature
2022-10-11T00:00:00Z,ccre,6,17.47930826388889,temperature
2022-10-11T00:00:00Z,ccre,7,17.406290138888888,temperature
2022-10-11T00:00:00Z,ccre,8,17.337989305555556,temperature
2022-10-11T00:00:00Z,ccre,9,17.24540777777778,temperature
2022-10-11T00:00:00Z,ccre,10,15.810548194444443,temperature
2022-10-11T00:00:00Z,ccre,11,14.108028194444444,temperature
2022-10-11T00:00:00Z,ccre,12,12.989907430555556,temperature
2022-10-11T00:00:00Z,ccre,13,12.754305625,temperature
2022-10-12T00:00:00Z,ccre,2,17.464550972222224,temperature
2022-10-12T00:00:00Z,ccre,3,17.324933333333334,temperature
2022-10-12T00:00:00Z,ccre,4,17.27760486111111,temperature
2022-10-12T00:00:00Z,ccre,5,17.231915208333334,temperature
2022-10-12T00:00:00Z,ccre,6,17.21536763888889,temperature
2022-10-12T00:00:00Z,ccre,7,17.190295555555554,temperature
2022-10-12T00:00:00Z,ccre,8,17.12908701388889,temperature
2022-10-12T00:00:00Z,ccre,9,17.020083472222222,temperature
2022-10-12T00:00:00Z,ccre,10,15.830853263888889,temperature
2022-10-12T00:00:00Z,ccre,11,14.167909097222225,temperature
2022-10-12T00:00:00Z,ccre,12,12.986690069444444,temperature
2022-10-12T00:00:00Z,ccre,13,12.800361180555557,temperature
2022-10-13T00:00:00Z,ccre,2,17.709890694444443,temperature
2022-10-13T00:00:00Z,ccre,3,17.48976465277778,temperature
2022-10-13T00:00:00Z,ccre,4,17.360101458333332,temperature
2022-10-13T00:00:00Z,ccre,5,17.245880763888888,temperature
2022-10-13T00:00:00Z,ccre,6,17.169515416666666,temperature
2022-10-13T00:00:00Z,ccre,7,17.126549375,temperature
2022-10-13T00:00:00Z,ccre,8,17.062115902777776,temperature
2022-10-13T00:00:00Z,ccre,9,16.946243541666668,temperature
2022-10-13T00:00:00Z,ccre,10,16.261828263888887,temperature
2022-10-13T00:00:00Z,ccre,11,14.846140902777778,temperature
2022-10-13T00:00:00Z,ccre,12,13.03647076388889,temperature
2022-10-13T00:00:00Z,ccre,13,12.83840611111111,temperature
2022-10-14T00:00:00Z,ccre,2,17.353001180555555,temperature
2022-10-14T00:00:00Z,ccre,3,17.33944423611111,temperature
2022-10-14T00:00:00Z,ccre,4,17.23479076388889,temperature
2022-10-14T00:00:00Z,ccre,5,17.124217986111113,temperature
2022-10-14T00:00:00Z,ccre,6,17.052914027777778,temperature
2022-10-14T00:00:00Z,ccre,7,17.001051041666667,temperature
2022-10-14T00:00:00Z,ccre,8,16.947535972222223,temperature
2022-10-14T00:00:00Z,ccre,9,16.899477291666667,temperature
2022-10-14T00:00:00Z,ccre,10,16.22219201388889,temperature
2022-10-14T00:00:00Z,ccre,11,14.389068958333333,temperature
2022-10-14T00:00:00Z,ccre,12,13.06373013888889,temperature
2022-10-14T00:00:00Z,ccre,13,12.880060069444443,temperature
2022-10-15T00:00:00Z,ccre,2,17.237252083333335,temperature
2022-10-15T00:00:00Z,ccre,3,17.180057777777776,temperature
2022-10-15T00:00:00Z,ccre,4,17.00526347222222,temperature
2022-10-15T00:00:00Z,ccre,5,16.886500138888888,temperature
2022-10-15T00:00:00Z,ccre,6,16.788987916666667,temperature
2022-10-15T00:00:00Z,ccre,7,16.760622569444443,temperature
2022-10-15T00:00:00Z,ccre,8,16.72600173611111,temperature
2022-10-15T00:00:00Z,ccre,9,16.679215833333334,temperature
2022-10-15T00:00:00Z,ccre,10,16.200163680555555,temperature
2022-10-15T00:00:00Z,ccre,11,14.548391319444445,temperature
2022-10-15T00:00:00Z,ccre,12,13.080985347222224,temperature
2022-10-15T00:00:00Z,ccre,13,12.90447451388889,temperature
2022-10-16T00:00:00Z,ccre,2,17.099379236111112,temperature
2022-10-16T00:00:00Z,ccre,3,17.094303680555555,temperature
2022-10-16T00:00:00Z,ccre,4,17.061681666666665,temperature
2022-10-16T00:00:00Z,ccre,5,16.999021944444443,temperature
2022-10-16T00:00:00Z,ccre,6,16.92923111111111,temperature
2022-10-16T00:00:00Z,ccre,7,16.833704930555555,temperature
2022-10-16T00:00:00Z,ccre,8,16.769878680555557,temperature
2022-10-16T00:00:00Z,ccre,9,16.724863194444445,temperature
2022-10-16T00:00:00Z,ccre,10,16.544020694444445,temperature
2022-10-16T00:00:00Z,ccre,11,14.789501458333334,temperature
2022-10-16T00:00:00Z,ccre,12,13.13254826388889,temperature
2022-10-16T00:00:00Z,ccre,13,12.935085972222222,temperature
2022-10-17T00:00:00Z,ccre,2,17.022630709219857,temperature
2022-10-17T00:00:00Z,ccre,3,17.04372829787234,temperature
2022-10-17T00:00:00Z,ccre,4,17.029595177304966,temperature
2022-10-17T00:00:00Z,ccre,5,16.999239716312058,temperature
2022-10-17T00:00:00Z,ccre,6,16.986018865248226,temperature
2022-10-17T00:00:00Z,ccre,7,16.976821205673758,temperature
2022-10-17T00:00:00Z,ccre,8,16.943618936170214,temperature
2022-10-17T00:00:00Z,ccre,9,16.89324879432624,temperature
2022-10-17T00:00:00Z,ccre,10,15.782760992907802,temperature
2022-10-17T00:00:00Z,ccre,11,14.325723617021277,temperature
2022-10-17T00:00:00Z,ccre,12,13.19111744680851,temperature
2022-10-17T00:00:00Z,ccre,13,12.95665439716312,temperature
2022-10-18T00:00:00Z,ccre,2,16.324146879432625,temperature
2022-10-18T00:00:00Z,ccre,3,16.363280709219858,temperature
2022-10-18T00:00:00Z,ccre,4,16.360311134751772,temperature
2022-10-18T00:00:00Z,ccre,5,16.336931631205672,temperature
2022-10-18T00:00:00Z,ccre,6,16.334221276595745,temperature
2022-10-18T00:00:00Z,ccre,7,16.34102453900709,temperature
2022-10-18T00:00:00Z,ccre,8,16.34029390070922,temperature
2022-10-18T00:00:00Z,ccre,9,16.335684751773048,temperature
2022-10-18T00:00:00Z,ccre,10,16.310797357142857,temperature
2022-10-18T00:00:00Z,ccre,11,16.0490714893617,temperature
2022-10-18T00:00:00Z,ccre,12,13.17928304964539,temperature
2022-10-18T00:00:00Z,ccre,13,12.981449078014183,temperature
2022-10-19T00:00:00Z,ccre,2,15.758274444444444,temperature
2022-10-19T00:00:00Z,ccre,3,15.791019097222222,temperature
2022-10-19T00:00:00Z,ccre,4,15.786732083333334,temperature
2022-10-19T00:00:00Z,ccre,5,15.761615833333334,temperature
2022-10-19T00:00:00Z,ccre,6,15.760564722222222,temperature
2022-10-19T00:00:00Z,ccre,7,15.767630347222225,temperature
2022-10-19T00:00:00Z,ccre,8,15.766382361111113,temperature
2022-10-19T00:00:00Z,ccre,9,15.763527916666666,temperature
2022-10-19T00:00:00Z,ccre,10,15.719761666666669,temperature
2022-10-19T00:00:00Z,ccre,11,14.997655833333331,temperature
2022-10-19T00:00:00Z,ccre,12,13.284179444444444,temperature
2022-10-19T00:00:00Z,ccre,13,13.019523958333334,temperature
2022-10-20T00:00:00Z,ccre,2,15.451802013888887,temperature
2022-10-20T00:00:00Z,ccre,3,15.485874652777778,temperature
2022-10-20T00:00:00Z,ccre,4,15.447484791666668,temperature
2022-10-20T00:00:00Z,ccre,5,15.404595,temperature
2022-10-20T00:00:00Z,ccre,6,15.378034930555556,temperature
2022-10-20T00:00:00Z,ccre,7,15.359395972222222,temperature
2022-10-20T00:00:00Z,ccre,8,15.330215,temperature
2022-10-20T00:00:00Z,ccre,9,15.278256180555555,temperature
2022-10-20T00:00:00Z,ccre,10,15.087647638888887,temperature
2022-10-20T00:00:00Z,ccre,11,14.90481875,temperature
2022-10-20T00:00:00Z,ccre,12,13.26704236111111,temperature
2022-10-20T00:00:00Z,ccre,13,13.049075625,temperature
2022-10-21T00:00:00Z,ccre,2,15.308148541666666,temperature
2022-10-21T00:00:00Z,ccre,3,15.29220472222222,temperature
2022-10-21T00:00:00Z,ccre,4,15.193175972222225,temperature
2022-10-21T00:00:00Z,ccre,5,15.128591111111112,temperature
2022-10-21T00:00:00Z,ccre,6,15.088895069444444,temperature
2022-10-21T00:00:00Z,ccre,7,15.02107847222222,temperature
2022-10-21T00:00:00Z,ccre,8,14.979554444444444,temperature
2022-10-21T00:00:00Z,ccre,9,14.947077430555556,temperature
2022-10-21T00:00:00Z,ccre,10,14.900886180555556,temperature
2022-10-21T00:00:00Z,ccre,11,14.834609027777775,temperature
2022-10-21T00:00:00Z,ccre,12,13.302350902777778,temperature
2022-10-21T00:00:00Z,ccre,13,13.091021458333334,temperature
2022-10-22T00:00:00Z,ccre,2,15.273462638888889,temperature
2022-10-22T00:00:00Z,ccre,3,15.204187291666669,temperature
2022-10-22T00:00:00Z,ccre,4,15.095290902777778,temperature
2022-10-22T00:00:00Z,ccre,5,15.037832569444443,temperature
2022-10-22T00:00:00Z,ccre,6,14.970714097222222,temperature
2022-10-22T00:00:00Z,ccre,7,14.931766041666666,temperature
2022-10-22T00:00:00Z,ccre,8,14.902634722222222,temperature
2022-10-22T00:00:00Z,ccre,9,14.871582916666666,temperature
2022-10-22T00:00:00Z,ccre,10,14.789304722222225,temperature
2022-10-22T00:00:00Z,ccre,11,14.61287875,temperature
2022-10-22T00:00:00Z,ccre,12,13.348948194444445,temperature
2022-10-22T00:00:00Z,ccre,13,13.145148055555556,temperature
2022-10-23T00:00:00Z,ccre,2,15.07335736111111,temperature
2022-10-23T00:00:00Z,ccre,3,15.111710902777778,temperature
2022-10-23T00:00:00Z,ccre,4,15.083087569444444,temperature
2022-10-23T00:00:00Z,ccre,5,15.034234791666666,temperature
2022-10-23T00:00:00Z,ccre,6,14.932209444444444,temperature
2022-10-23T00:00:00Z,ccre,7,14.910079027777778,temperature
2022-10-23T00:00:00Z,ccre,8,14.894849583333333,temperature
2022-10-23T00:00:00Z,ccre,9,14.874879930555556,temperature
2022-10-23T00:00:00Z,ccre,10,14.729966041666666,temperature
2022-10-23T00:00:00Z,ccre,11,14.534618402777776,temperature
2022-10-23T00:00:00Z,ccre,12,13.459633958333333,temperature
2022-10-23T00:00:00Z,ccre,13,13.15177986111111,temperature
2022-10-24T00:00:00Z,ccre,2,15.412276944444445,temperature
2022-10-24T00:00:00Z,ccre,3,15.287064930555555,temperature
2022-10-24T00:00:00Z,ccre,4,15.166507291666669,temperature
2022-10-24T00:00:00Z,ccre,5,15.090619236111111,temperature
2022-10-24T00:00:00Z,ccre,6,14.983479027777776,temperature
2022-10-24T00:00:00Z,ccre,7,14.949887152777778,temperature
2022-10-24T00:00:00Z,ccre,8,14.90532125,temperature
2022-10-24T00:00:00Z,ccre,9,14.849369583333331,temperature
2022-10-24T00:00:00Z,ccre,10,14.623237638888888,temperature
2022-10-24T00:00:00Z,ccre,11,14.28994798611111,temperature
2022-10-24T00:00:00Z,ccre,12,13.410514444444445,temperature
2022-10-24T00:00:00Z,ccre,13,13.244419652777776,temperature
2022-10-25T00:00:00Z,ccre,2,15.172630694444443,temperature
2022-10-25T00:00:00Z,ccre,3,15.065793819444444,temperature
2022-10-25T00:00:00Z,ccre,4,14.980671875,temperature
2022-10-25T00:00:00Z,ccre,5,14.901818055555555,temperature
2022-10-25T00:00:00Z,ccre,6,14.809911458333334,temperature
2022-10-25T00:00:00Z,ccre,7,14.762330416666666,temperature
2022-10-25T00:00:00Z,ccre,8,14.7312975,temperature
2022-10-25T00:00:00Z,ccre,9,14.675274791666666,temperature
2022-10-25T00:00:00Z,ccre,10,14.535627708333331,temperature
2022-10-25T00:00:00Z,ccre,11,14.336362152777776,temperature
2022-10-25T00:00:00Z,ccre,12,13.471679305555556,temperature
2022-10-25T00:00:00Z,ccre,13,13.229685625,temperature
2022-10-26T00:00:00Z,ccre,2,15.28957861111111,temperature
2022-10-26T00:00:00Z,ccre,3,15.228355416666666,temperature
2022-10-26T00:00:00Z,ccre,4,15.110497083333334,temperature
2022-10-26T00:00:00Z,ccre,5,14.896115,temperature
2022-10-26T00:00:00Z,ccre,6,14.827662152777778,temperature
2022-10-26T00:00:00Z,ccre,7,14.780770416666666,temperature
2022-10-26T00:00:00Z,ccre,8,14.737602361111112,temperature
2022-10-26T00:00:00Z,ccre,9,14.709657916666666,temperature
2022-10-26T00:00:00Z,ccre,10,14.550954375,temperature
2022-10-26T00:00:00Z,ccre,11,14.393656458333334,temperature
2022-10-26T00:00:00Z,ccre,12,13.494807222222224,temperature
2022-10-26T00:00:00Z,ccre,13,13.284170972222222,temperature
2022-10-27T00:00:00Z,ccre,2,15.031117430555556,temperature
2022-10-27T00:00:00Z,ccre,3,15.080925347222225,temperature
2022-10-27T00:00:00Z,ccre,4,15.059587361111111,temperature
2022-10-27T00:00:00Z,ccre,5,15.022369375,temperature
2022-10-27T00:00:00Z,ccre,6,14.972877361111111,temperature
2022-10-27T00:00:00Z,ccre,7,14.939012638888888,temperature
2022-10-27T00:00:00Z,ccre,8,14.91177090277778,temperature
2022-10-27T00:00:00Z,ccre,9,14.893416597222222,temperature
2022-10-27T00:00:00Z,ccre,10,14.819408402777778,temperature
2022-10-27T00:00:00Z,ccre,11,14.788429375,temperature
2022-10-27T00:00:00Z,ccre,12,13.764419930555556,temperature
2022-10-27T00:00:00Z,ccre,13,13.298424305555557,temperature
2022-10-28T00:00:00Z,ccre,2,14.922350555555555,temperature
2022-10-28T00:00:00Z,ccre,3,14.975772569444445,temperature
2022-10-28T00:00:00Z,ccre,4,14.969391597222222,temperature
2022-10-28T00:00:00Z,ccre,5,14.939842569444444,temperature
2022-10-28T00:00:00Z,ccre,6,14.924680972222223,temperature
2022-10-28T00:00:00Z,ccre,7,14.916585972222222,temperature
2022-10-28T00:00:00Z,ccre,8,14.898209722222225,temperature
2022-10-28T00:00:00Z,ccre,9,14.881852916666666,temperature
2022-10-28T00:00:00Z,ccre,10,14.843775244755244,temperature
2022-10-28T00:00:00Z,ccre,11,14.813482361111111,temperature
2022-10-28T00:00:00Z,ccre,12,13.648323680555556,temperature
2022-10-28T00:00:00Z,ccre,13,13.39398125,temperature
2022-10-29T00:00:00Z,ccre,2,15.040805416666666,temperature
2022-10-29T00:00:00Z,ccre,3,15.06543125,temperature
2022-10-29T00:00:00Z,ccre,4,14.989163611111112,temperature
2022-10-29T00:00:00Z,ccre,5,14.925223263888888,temperature
2022-10-29T00:00:00Z,ccre,6,14.898629513888888,temperature
2022-10-29T00:00:00Z,ccre,7,14.882325208333333,temperature
2022-10-29T00:00:00Z,ccre,8,14.866447777777775,temperature
2022-10-29T00:00:00Z,ccre,9,14.829833263888888,temperature
2022-10-29T00:00:00Z,ccre,10,14.661782222222222,temperature
2022-10-29T00:00:00Z,ccre,11,14.328991180555557,temperature
2022-10-29T00:00:00Z,ccre,12,13.672652291666669,temperature
2022-10-29T00:00:00Z,ccre,13,13.407409097222224,temperature
2022-10-30T00:00:00Z,ccre,2,14.879435,temperature
2022-10-30T00:00:00Z,ccre,3,14.9217975,temperature
2022-10-30T00:00:00Z,ccre,4,14.908507638888889,temperature
2022-10-30T00:00:00Z,ccre,5,14.865436319444443,temperature
2022-10-30T00:00:00Z,ccre,6,14.838108611111112,temperature
2022-10-30T00:00:00Z,ccre,7,14.800070069444445,temperature
2022-10-30T00:00:00Z,ccre,8,14.715584583333332,temperature
2022-10-30T00:00:00Z,ccre,9,14.621039444444444,temperature
2022-10-30T00:00:00Z,ccre,10,14.381795833333332,temperature
2022-10-30T00:00:00Z,ccre,11,14.295600138888888,temperature
2022-10-30T00:00:00Z,ccre,12,13.706086597222225,temperature
2022-10-30T00:00:00Z,ccre,13,13.42818138888889,temperature
2022-10-31T00:00:00Z,ccre,2,14.729004652777778,temperature
2022-10-31T00:00:00Z,ccre,3,14.775618263888887,temperature
2022-10-31T00:00:00Z,ccre,4,14.768498819444444,temperature
2022-10-31T00:00:00Z,ccre,5,14.737268888888888,temperature
2022-10-31T00:00:00Z,ccre,6,14.713124652777775,temperature
2022-10-31T00:00:00Z,ccre,7,14.647169097222225,temperature
2022-10-31T00:00:00Z,ccre,8,14.578467430555555,temperature
2022-10-31T00:00:00Z,ccre,9,14.533250555555556,temperature
2022-10-31T00:00:00Z,ccre,10,14.449418055555556,temperature
2022-10-31T00:00:00Z,ccre,11,14.429661527777778,temperature
2022-10-31T00:00:00Z,ccre,12,13.685193958333333,temperature
2022-10-31T00:00:00Z,ccre,13,13.475443958333331,temperature
2022-11-01T00:00:00Z,ccre,2,14.986454305555556,temperature
2022-11-01T00:00:00Z,ccre,3,14.976932777777778,temperature
2022-11-01T00:00:00Z,ccre,4,14.93086826388889,temperature
2022-11-01T00:00:00Z,ccre,5,14.877189930555556,temperature
2022-11-01T00:00:00Z,ccre,6,14.708671666666667,temperature
2022-11-01T00:00:00Z,ccre,7,14.630062638888887,temperature
2022-11-01T00:00:00Z,ccre,8,14.598943402777778,temperature
2022-11-01T00:00:00Z,ccre,9,14.572598680555556,temperature
2022-11-01T00:00:00Z,ccre,10,14.51201013888889,temperature
2022-11-01T00:00:00Z,ccre,11,14.460745208333334,temperature
2022-11-01T00:00:00Z,ccre,12,13.71412201388889,temperature
2022-11-01T00:00:00Z,ccre,13,13.513824166666666,temperature
2022-11-02T00:00:00Z,ccre,2,14.830896944444444,temperature
2022-11-02T00:00:00Z,ccre,3,14.904335902777778,temperature
2022-11-02T00:00:00Z,ccre,4,14.89785576388889,temperature
2022-11-02T00:00:00Z,ccre,5,14.866969097222222,temperature
2022-11-02T00:00:00Z,ccre,6,14.826386944444444,temperature
2022-11-02T00:00:00Z,ccre,7,14.782604930555555,temperature
2022-11-02T00:00:00Z,ccre,8,14.696016666666669,temperature
2022-11-02T00:00:00Z,ccre,9,14.642209930555556,temperature
2022-11-02T00:00:00Z,ccre,10,14.579190347222225,temperature
2022-11-02T00:00:00Z,ccre,11,14.486830625,temperature
2022-11-02T00:00:00Z,ccre,12,13.742005416666666,temperature
2022-11-02T00:00:00Z,ccre,13,13.54351875,temperature
2022-11-03T00:00:00Z,ccre,2,15.174486111111111,temperature
2022-11-03T00:00:00Z,ccre,3,15.103685902777778,temperature
2022-11-03T00:00:00Z,ccre,4,15.020969375,temperature
2022-11-03T00:00:00Z,ccre,5,14.95684173611111,temperature
2022-11-03T00:00:00Z,ccre,6,14.875632291666667,temperature
2022-11-03T00:00:00Z,ccre,7,14.816880416666669,temperature
2022-11-03T00:00:00Z,ccre,8,14.776760208333334,temperature
2022-11-03T00:00:00Z,ccre,9,14.703512152777778,temperature
2022-11-03T00:00:00Z,ccre,10,14.428371736111112,temperature
2022-11-03T00:00:00Z,ccre,11,14.252187777777776,temperature
2022-11-03T00:00:00Z,ccre,12,13.765840972222222,temperature
2022-11-03T00:00:00Z,ccre,13,13.561428055555556,temperature
2022-11-04T00:00:00Z,ccre,2,15.064561333333334,temperature
2022-11-04T00:00:00Z,ccre,3,15.154625694444444,temperature
2022-11-04T00:00:00Z,ccre,4,15.034922430555556,temperature
2022-11-04T00:00:00Z,ccre,5,14.895144861111111,temperature
2022-11-04T00:00:00Z,ccre,6,14.766308958333331,temperature
2022-11-04T00:00:00Z,ccre,7,14.684918611111112,temperature
2022-11-04T00:00:00Z,ccre,8,14.62123888888889,temperature
2022-11-04T00:00:00Z,ccre,9,14.558021041666668,temperature
2022-11-04T00:00:00Z,ccre,10,14.328069722222224,temperature
2022-11-04T00:00:00Z,ccre,11,14.238345208333334,temperature
2022-11-04T00:00:00Z,ccre,12,13.836520208333331,temperature
2022-11-04T00:00:00Z,ccre,13,13.563682013888888,temperature
2022-11-05T00:00:00Z,ccre,2,16.32535642857143,temperature
2022-11-05T00:00:00Z,ccre,3,15.033847083333333,temperature
2022-11-05T00:00:00Z,ccre,4,14.737519027777775,temperature
2022-11-05T00:00:00Z,ccre,5,14.628157569444443,temperature
2022-11-05T00:00:00Z,ccre,6,14.575683958333334,temperature
2022-11-05T00:00:00Z,ccre,7,14.542840625,temperature
2022-11-05T00:00:00Z,ccre,8,14.499785902777775,temperature
2022-11-05T00:00:00Z,ccre,9,14.464977708333333,temperature
2022-11-05T00:00:00Z,ccre,10,14.37538173611111,temperature
2022-11-05T00:00:00Z,ccre,11,14.34272048611111,temperature
2022-11-05T00:00:00Z,ccre,12,13.793062361111112,temperature
2022-11-05T00:00:00Z,ccre,13,13.622326875,temperature
2022-11-06T00:00:00Z,ccre,2,16.553219782608696,temperature
2022-11-06T00:00:00Z,ccre,3,15.448028333333331,temperature
2022-11-06T00:00:00Z,ccre,4,15.178185138888889,temperature
2022-11-06T00:00:00Z,ccre,5,14.966030902777778,temperature
2022-11-06T00:00:00Z,ccre,6,14.85748,temperature
2022-11-06T00:00:00Z,ccre,7,14.787956319444444,temperature
2022-11-06T00:00:00Z,ccre,8,14.73977388888889,temperature
2022-11-06T00:00:00Z,ccre,9,14.68951388888889,temperature
2022-11-06T00:00:00Z,ccre,10,14.601616875,temperature
2022-11-06T00:00:00Z,ccre,11,14.508407916666666,temperature
2022-11-06T00:00:00Z,ccre,12,13.877597152777778,temperature
2022-11-06T00:00:00Z,ccre,13,13.651042013888889,temperature
2022-11-07T00:00:00Z,ccre,2,16.823273472222223,temperature
2022-11-07T00:00:00Z,ccre,3,16.532844375,temperature
2022-11-07T00:00:00Z,ccre,4,16.036688958333333,temperature
2022-11-07T00:00:00Z,ccre,5,15.707135902777775,temperature
2022-11-07T00:00:00Z,ccre,6,15.389319097222222,temperature
2022-11-07T00:00:00Z,ccre,7,15.314079791666666,temperature
2022-11-07T00:00:00Z,ccre,8,15.199076736111111,temperature
2022-11-07T00:00:00Z,ccre,9,15.074900555555557,temperature
2022-11-07T00:00:00Z,ccre,10,14.54563125,temperature
2022-11-07T00:00:00Z,ccre,11,14.352895416666666,temperature
2022-11-07T00:00:00Z,ccre,12,13.84347451388889,temperature
2022-11-07T00:00:00Z,ccre,13,13.689050625,temperature
2022-11-08T00:00:00Z,ccre,2,16.081276296296295,temperature
2022-11-08T00:00:00Z,ccre,3,16.184811319444446,temperature
2022-11-08T00:00:00Z,ccre,4,16.16532875,temperature
2022-11-08T00:00:00Z,ccre,5,16.130782708333335,temperature
2022-11-08T00:00:00Z,ccre,6,16.08496701388889,temperature
2022-11-08T00:00:00Z,ccre,7,15.953853888888888,temperature
2022-11-08T00:00:00Z,ccre,8,15.799596041666666,temperature
2022-11-08T00:00:00Z,ccre,9,15.607115347222225,temperature
2022-11-08T00:00:00Z,ccre,10,14.915321319444445,temperature
2022-11-08T00:00:00Z,ccre,11,14.51940201388889,temperature
2022-11-08T00:00:00Z,ccre,12,13.957774861111112,temperature
2022-11-08T00:00:00Z,ccre,13,13.69232423611111,temperature
2022-11-09T00:00:00Z,ccre,3,15.642867708333334,temperature
2022-11-09T00:00:00Z,ccre,4,15.585419305555556,temperature
2022-11-09T00:00:00Z,ccre,5,15.537759027777778,temperature
2022-11-09T00:00:00Z,ccre,6,15.520674097222225,temperature
2022-11-09T00:00:00Z,ccre,7,15.49944402777778,temperature
2022-11-09T00:00:00Z,ccre,8,15.433665069444444,temperature
2022-11-09T00:00:00Z,ccre,9,15.306948819444443,temperature
2022-11-09T00:00:00Z,ccre,10,14.455735486111111,temperature
2022-11-09T00:00:00Z,ccre,11,14.222618472222225,temperature
2022-11-09T00:00:00Z,ccre,12,13.903302777777778,temperature
2022-11-09T00:00:00Z,ccre,13,13.754622152777776,temperature
2022-11-10T00:00:00Z,ccre,3,15.286035416666667,temperature
2022-11-10T00:00:00Z,ccre,4,15.272363194444443,temperature
2022-11-10T00:00:00Z,ccre,5,15.236431736111111,temperature
2022-11-10T00:00:00Z,ccre,6,15.217786736111112,temperature
2022-11-10T00:00:00Z,ccre,7,15.186819097222225,temperature
2022-11-10T00:00:00Z,ccre,8,15.07957548611111,temperature
2022-11-10T00:00:00Z,ccre,9,14.870971875,temperature
2022-11-10T00:00:00Z,ccre,10,14.511599305555556,temperature
2022-11-10T00:00:00Z,ccre,11,14.404621875,temperature
2022-11-10T00:00:00Z,ccre,12,14.05228798611111,temperature
2022-11-10T00:00:00Z,ccre,13,13.743403472222225,temperature
2022-11-11T00:00:00Z,ccre,2,15.48518101851852,temperature
2022-11-11T00:00:00Z,ccre,3,15.356860347222222,temperature
2022-11-11T00:00:00Z,ccre,4,15.300298958333334,temperature
2022-11-11T00:00:00Z,ccre,5,15.224702361111111,temperature
2022-11-11T00:00:00Z,ccre,6,15.136381041666668,temperature
2022-11-11T00:00:00Z,ccre,7,15.046868472222222,temperature
2022-11-11T00:00:00Z,ccre,8,14.958955555555557,temperature
2022-11-11T00:00:00Z,ccre,9,14.865147847222222,temperature
2022-11-11T00:00:00Z,ccre,10,14.404910347222222,temperature
2022-11-11T00:00:00Z,ccre,11,14.294409305555556,temperature
2022-11-11T00:00:00Z,ccre,12,13.949987569444444,temperature
2022-11-11T00:00:00Z,ccre,13,13.844734791666667,temperature
2022-11-12T00:00:00Z,ccre,2,15.223585416666667,temperature
2022-11-12T00:00:00Z,ccre,3,15.179680902777775,temperature
2022-11-12T00:00:00Z,ccre,4,15.122719861111111,temperature
2022-11-12T00:00:00Z,ccre,5,15.065104236111113,temperature
2022-11-12T00:00:00Z,ccre,6,14.986429027777778,temperature
2022-11-12T00:00:00Z,ccre,7,14.849888125,temperature
2022-11-12T00:00:00Z,ccre,8,14.665998958333333,temperature
2022-11-12T00:00:00Z,ccre,9,14.570524652777776,temperature
2022-11-12T00:00:00Z,ccre,10,14.455571388888888,temperature
2022-11-12T00:00:00Z,ccre,11,14.398716458333334,temperature
2022-11-12T00:00:00Z,ccre,12,14.076678888888887,temperature
2022-11-12T00:00:00Z,ccre,13,13.841570625,temperature
2022-11-13T00:00:00Z,ccre,2,14.625517986111111,temperature
2022-11-13T00:00:00Z,ccre,3,14.662731180555555,temperature
2022-11-13T00:00:00Z,ccre,4,14.660921875,temperature
2022-11-13T00:00:00Z,ccre,5,14.638046180555556,temperature
2022-11-13T00:00:00Z,ccre,6,14.636619375,temperature
2022-11-13T00:00:00Z,ccre,7,14.642007152777778,temperature
2022-11-13T00:00:00Z,ccre,8,14.638619305555556,temperature
2022-11-13T00:00:00Z,ccre,9,14.632355277777778,temperature
2022-11-13T00:00:00Z,ccre,10,14.603931944444444,temperature
2022-11-13T00:00:00Z,ccre,11,14.591898680555556,temperature
2022-11-13T00:00:00Z,ccre,12,14.40574048611111,temperature
2022-11-13T00:00:00Z,ccre,13,13.900170694444444,temperature
2022-11-14T00:00:00Z,ccre,2,14.213885625,temperature
2022-11-14T00:00:00Z,ccre,3,14.237477777777778,temperature
2022-11-14T00:00:00Z,ccre,4,14.222979375,temperature
2022-11-14T00:00:00Z,ccre,5,14.192929305555555,temperature
2022-11-14T00:00:00Z,ccre,6,14.186924513888888,temperature
2022-11-14T00:00:00Z,ccre,7,14.190071180555556,temperature
2022-11-14T00:00:00Z,ccre,8,14.186237708333334,temperature
2022-11-14T00:00:00Z,ccre,9,14.181825763888888,temperature
2022-11-14T00:00:00Z,ccre,10,14.166415555555556,temperature
2022-11-14T00:00:00Z,ccre,11,14.173783958333331,temperature
2022-11-14T00:00:00Z,ccre,12,14.133146944444444,temperature
2022-11-14T00:00:00Z,ccre,13,13.813194513888888,temperature
2022-11-15T00:00:00Z,ccre,1,6.89892614117647,temperature
2022-11-15T00:00:00Z,ccre,2,13.83120534722222,temperature
2022-11-15T00:00:00Z,ccre,3,13.854602291666666,temperature
2022-11-15T00:00:00Z,ccre,4,13.855774166666668,temperature
2022-11-15T00:00:00Z,ccre,5,13.8339925,temperature
2022-11-15T00:00:00Z,ccre,6,13.831145277777775,temperature
2022-11-15T00:00:00Z,ccre,7,13.837447777777776,temperature
2022-11-15T00:00:00Z,ccre,8,13.837827569444444,temperature
2022-11-15T00:00:00Z,ccre,9,13.83820986111111,temperature
2022-11-15T00:00:00Z,ccre,10,13.825973819444444,temperature
2022-11-15T00:00:00Z,ccre,11,13.837352708333333,temperature
2022-11-15T00:00:00Z,ccre,12,13.803903125,temperature
2022-11-15T00:00:00Z,ccre,13,13.586389305555556,temperature
2022-11-16T00:00:00Z,ccre,1,13.410944861111112,temperature
2022-11-16T00:00:00Z,ccre,2,13.489230069444444,temperature
2022-11-16T00:00:00Z,ccre,3,13.512892222222222,temperature
2022-11-16T00:00:00Z,ccre,4,13.513420833333331,temperature
2022-11-16T00:00:00Z,ccre,5,13.492228194444444,temperature
2022-11-16T00:00:00Z,ccre,6,13.49029284722222,temperature
2022-11-16T00:00:00Z,ccre,7,13.4969675,temperature
2022-11-16T00:00:00Z,ccre,8,13.496738125,temperature
2022-11-16T00:00:00Z,ccre,9,13.496117777777778,temperature
2022-11-16T00:00:00Z,ccre,10,13.480358680555556,temperature
2022-11-16T00:00:00Z,ccre,11,13.486381388888889,temperature
2022-11-16T00:00:00Z,ccre,12,13.283482569444445,temperature
2022-11-16T00:00:00Z,ccre,13,12.901613263888889,temperature
2022-11-17T00:00:00Z,ccre,1,12.987327916666668,temperature
2022-11-17T00:00:00Z,ccre,2,13.036627916666667,temperature
2022-11-17T00:00:00Z,ccre,3,13.06032763888889,temperature
2022-11-17T00:00:00Z,ccre,4,13.061818541666666,temperature
2022-11-17T00:00:00Z,ccre,5,13.039880902777778,temperature
2022-11-17T00:00:00Z,ccre,6,13.037091180555556,temperature
2022-11-17T00:00:00Z,ccre,7,13.042292569444443,temperature
2022-11-17T00:00:00Z,ccre,8,13.042297777777778,temperature
2022-11-17T00:00:00Z,ccre,9,13.041457777777778,temperature
2022-11-17T00:00:00Z,ccre,10,13.024622867132868,temperature
2022-11-17T00:00:00Z,ccre,11,13.025133541666667,temperature
2022-11-17T00:00:00Z,ccre,12,12.870483472222222,temperature
2022-11-17T00:00:00Z,ccre,13,12.368766041666667,temperature
2022-11-18T00:00:00Z,ccre,1,12.623854444444444,temperature
2022-11-18T00:00:00Z,ccre,2,12.650273680555555,temperature
2022-11-18T00:00:00Z,ccre,3,12.66712326388889,temperature
2022-11-18T00:00:00Z,ccre,4,12.662943125,temperature
2022-11-18T00:00:00Z,ccre,5,12.638861875,temperature
2022-11-18T00:00:00Z,ccre,6,12.635088402777775,temperature
2022-11-18T00:00:00Z,ccre,7,12.63879673611111,temperature
2022-11-18T00:00:00Z,ccre,8,12.632288055555556,temperature
2022-11-18T00:00:00Z,ccre,9,12.621457222222222,temperature
2022-11-18T00:00:00Z,ccre,10,12.574848472222222,temperature
2022-11-18T00:00:00Z,ccre,11,12.5684325,temperature
2022-11-18T00:00:00Z,ccre,12,12.277269097222222,temperature
2022-11-18T00:00:00Z,ccre,13,12.016827430555557,temperature
2022-11-19T00:00:00Z,ccre,1,12.289980833333331,temperature
2022-11-19T00:00:00Z,ccre,2,12.306970833333333,temperature
2022-11-19T00:00:00Z,ccre,3,12.314028402777778,temperature
2022-11-19T00:00:00Z,ccre,4,12.30397236111111,temperature
2022-11-19T00:00:00Z,ccre,5,12.272595833333334,temperature
2022-11-19T00:00:00Z,ccre,6,12.265378680555555,temperature
2022-11-19T00:00:00Z,ccre,7,12.267602361111113,temperature
2022-11-19T00:00:00Z,ccre,8,12.261889513888889,temperature
2022-11-19T00:00:00Z,ccre,9,12.252935138888889,temperature
2022-11-19T00:00:00Z,ccre,10,12.210730833333333,temperature
2022-11-19T00:00:00Z,ccre,11,12.193602569444444,temperature
2022-11-19T00:00:00Z,ccre,12,12.009456458333334,temperature
2022-11-19T00:00:00Z,ccre,13,11.850246180555557,temperature
2022-11-20T00:00:00Z,ccre,1,11.744779305555555,temperature
2022-11-20T00:00:00Z,ccre,2,11.789730486111113,temperature
2022-11-20T00:00:00Z,ccre,3,11.813711875,temperature
2022-11-20T00:00:00Z,ccre,4,11.814765347222222,temperature
2022-11-20T00:00:00Z,ccre,5,11.792472916666666,temperature
2022-11-20T00:00:00Z,ccre,6,11.792299930555556,temperature
2022-11-20T00:00:00Z,ccre,7,11.797484652777776,temperature
2022-11-20T00:00:00Z,ccre,8,11.797553541666666,temperature
2022-11-20T00:00:00Z,ccre,9,11.797970208333334,temperature
2022-11-20T00:00:00Z,ccre,10,11.778645555555556,temperature
2022-11-20T00:00:00Z,ccre,11,11.779993819444444,temperature
2022-11-20T00:00:00Z,ccre,12,11.726375208333334,temperature
2022-11-20T00:00:00Z,ccre,13,11.461804097222222,temperature
2022-11-21T00:00:00Z,ccre,1,11.396115972222224,temperature
2022-11-21T00:00:00Z,ccre,2,11.419558055555555,temperature
2022-11-21T00:00:00Z,ccre,3,11.43542763888889,temperature
2022-11-21T00:00:00Z,ccre,4,11.43041513888889,temperature
2022-11-21T00:00:00Z,ccre,5,11.408153541666668,temperature
2022-11-21T00:00:00Z,ccre,6,11.404111736111112,temperature
2022-11-21T00:00:00Z,ccre,7,11.407481527777778,temperature
2022-11-21T00:00:00Z,ccre,8,11.40518513888889,temperature
2022-11-21T00:00:00Z,ccre,9,11.405255972222225,temperature
2022-11-21T00:00:00Z,ccre,10,11.386716875,temperature
2022-11-21T00:00:00Z,ccre,11,11.394837847222222,temperature
2022-11-21T00:00:00Z,ccre,12,11.372237361111113,temperature
2022-11-21T00:00:00Z,ccre,13,11.257884027777775,temperature
2022-11-22T00:00:00Z,ccre,1,11.159099305555555,temperature
2022-11-22T00:00:00Z,ccre,2,11.14695215277778,temperature
2022-11-22T00:00:00Z,ccre,3,11.150280625,temperature
2022-11-22T00:00:00Z,ccre,4,11.142966041666666,temperature
2022-11-22T00:00:00Z,ccre,5,11.11957138888889,temperature
2022-11-22T00:00:00Z,ccre,6,11.113168402777776,temperature
2022-11-22T00:00:00Z,ccre,7,11.113951736111112,temperature
2022-11-22T00:00:00Z,ccre,8,11.110170972222225,temperature
2022-11-22T00:00:00Z,ccre,9,11.106889027777775,temperature
2022-11-22T00:00:00Z,ccre,10,11.0808425,temperature
2022-11-22T00:00:00Z,ccre,11,11.0835375,temperature
2022-11-22T00:00:00Z,ccre,12,11.000755902777778,temperature
2022-11-22T00:00:00Z,ccre,13,10.89402861111111,temperature
2022-11-23T00:00:00Z,ccre,1,10.968210208333334,temperature
2022-11-23T00:00:00Z,ccre,2,10.949819027777778,temperature
2022-11-23T00:00:00Z,ccre,3,10.944485069444443,temperature
2022-11-23T00:00:00Z,ccre,4,10.931964652777776,temperature
2022-11-23T00:00:00Z,ccre,5,10.90596375,temperature
2022-11-23T00:00:00Z,ccre,6,10.897405972222222,temperature
2022-11-23T00:00:00Z,ccre,7,10.897581041666667,temperature
2022-11-23T00:00:00Z,ccre,8,10.891491875,temperature
2022-11-23T00:00:00Z,ccre,9,10.880340694444444,temperature
2022-11-23T00:00:00Z,ccre,10,10.82244451388889,temperature
2022-11-23T00:00:00Z,ccre,11,10.81829236111111,temperature
2022-11-23T00:00:00Z,ccre,12,10.659614097222224,temperature
2022-11-23T00:00:00Z,ccre,13,10.375976180555556,temperature
2022-11-24T00:00:00Z,ccre,1,10.792618611111113,temperature
2022-11-24T00:00:00Z,ccre,2,10.782798055555556,temperature
2022-11-24T00:00:00Z,ccre,3,10.780802847222224,temperature
2022-11-24T00:00:00Z,ccre,4,10.77477548611111,temperature
2022-11-24T00:00:00Z,ccre,5,10.751865,temperature
2022-11-24T00:00:00Z,ccre,6,10.747144166666668,temperature
2022-11-24T00:00:00Z,ccre,7,10.750867152777776,temperature
2022-11-24T00:00:00Z,ccre,8,10.749569722222224,temperature
2022-11-24T00:00:00Z,ccre,9,10.751297916666667,temperature
2022-11-24T00:00:00Z,ccre,10,10.731323055555556,temperature
2022-11-24T00:00:00Z,ccre,11,10.730689097222225,temperature
2022-11-24T00:00:00Z,ccre,12,10.402949166666668,temperature
2022-11-24T00:00:00Z,ccre,13,10.162117013888889,temperature
2022-11-25T00:00:00Z,ccre,1,10.747387847222225,temperature
2022-11-25T00:00:00Z,ccre,2,10.776945486111112,temperature
2022-11-25T00:00:00Z,ccre,3,10.79541777777778,temperature
2022-11-25T00:00:00Z,ccre,4,10.79525638888889,temperature
2022-11-25T00:00:00Z,ccre,5,10.774584305555557,temperature
2022-11-25T00:00:00Z,ccre,6,10.769164722222222,temperature
2022-11-25T00:00:00Z,ccre,7,10.771632430555556,temperature
2022-11-25T00:00:00Z,ccre,8,10.768074722222222,temperature
2022-11-25T00:00:00Z,ccre,9,10.762248333333334,temperature
2022-11-25T00:00:00Z,ccre,10,10.723989305555556,temperature
2022-11-25T00:00:00Z,ccre,11,10.71705888888889,temperature
2022-11-25T00:00:00Z,ccre,12,10.382736875,temperature
2022-11-25T00:00:00Z,ccre,13,10.115451048611112,temperature
2022-11-26T00:00:00Z,ccre,1,10.718446041666668,temperature
2022-11-26T00:00:00Z,ccre,2,10.684814583333331,temperature
2022-11-26T00:00:00Z,ccre,3,10.672108333333334,temperature
2022-11-26T00:00:00Z,ccre,4,10.658428055555556,temperature
2022-11-26T00:00:00Z,ccre,5,10.627543888888887,temperature
2022-11-26T00:00:00Z,ccre,6,10.611735833333332,temperature
2022-11-26T00:00:00Z,ccre,7,10.60578798611111,temperature
2022-11-26T00:00:00Z,ccre,8,10.59088722222222,temperature
2022-11-26T00:00:00Z,ccre,9,10.57738611111111,temperature
2022-11-26T00:00:00Z,ccre,10,10.55041236111111,temperature
2022-11-26T00:00:00Z,ccre,11,10.555925208333331,temperature
2022-11-26T00:00:00Z,ccre,12,10.5240025,temperature
2022-11-26T00:00:00Z,ccre,13,10.178512152777778,temperature
2022-11-27T00:00:00Z,ccre,1,10.643023125,temperature
2022-11-27T00:00:00Z,ccre,2,10.669260486111112,temperature
2022-11-27T00:00:00Z,ccre,3,10.681358055555556,temperature
2022-11-27T00:00:00Z,ccre,4,10.672174722222222,temperature
2022-11-27T00:00:00Z,ccre,5,10.639125972222224,temperature
2022-11-27T00:00:00Z,ccre,6,10.620926805555555,temperature
2022-11-27T00:00:00Z,ccre,7,10.608740416666668,temperature
2022-11-27T00:00:00Z,ccre,8,10.581461944444444,temperature
2022-11-27T00:00:00Z,ccre,9,10.542195069444444,temperature
2022-11-27T00:00:00Z,ccre,10,10.498065625,temperature
2022-11-27T00:00:00Z,ccre,11,10.499521944444444,temperature
2022-11-27T00:00:00Z,ccre,12,10.416670972222224,temperature
2022-11-27T00:00:00Z,ccre,13,10.205942222222223,temperature
2022-11-28T00:00:00Z,ccre,1,10.519978055555557,temperature
2022-11-28T00:00:00Z,ccre,2,10.5528725,temperature
2022-11-28T00:00:00Z,ccre,3,10.570626805555555,temperature
2022-11-28T00:00:00Z,ccre,4,10.571356388888889,temperature
2022-11-28T00:00:00Z,ccre,5,10.550953125,temperature
2022-11-28T00:00:00Z,ccre,6,10.547773263888889,temperature
2022-11-28T00:00:00Z,ccre,7,10.551952777777778,temperature
2022-11-28T00:00:00Z,ccre,8,10.550314861111111,temperature
2022-11-28T00:00:00Z,ccre,9,10.550915,temperature
2022-11-28T00:00:00Z,ccre,10,10.510278333333334,temperature
2022-11-28T00:00:00Z,ccre,11,10.507987222222225,temperature
2022-11-28T00:00:00Z,ccre,12,10.381003402777775,temperature
2022-11-28T00:00:00Z,ccre,13,10.298183194444444,temperature
2022-11-29T00:00:00Z,ccre,1,10.40558826388889,temperature
2022-11-29T00:00:00Z,ccre,2,10.417898402777778,temperature
2022-11-29T00:00:00Z,ccre,3,10.426588541666666,temperature
2022-11-29T00:00:00Z,ccre,4,10.42067298611111,temperature
2022-11-29T00:00:00Z,ccre,5,10.39649451388889,temperature
2022-11-29T00:00:00Z,ccre,6,10.388898541666666,temperature
2022-11-29T00:00:00Z,ccre,7,10.389922361111111,temperature
2022-11-29T00:00:00Z,ccre,8,10.387790416666666,temperature
2022-11-29T00:00:00Z,ccre,9,10.38878125,temperature
2022-11-29T00:00:00Z,ccre,10,10.373321180555555,temperature
2022-11-29T00:00:00Z,ccre,11,10.381734097222225,temperature
2022-11-29T00:00:00Z,ccre,12,10.372568055555556,temperature
2022-11-29T00:00:00Z,ccre,13,10.358681180555555,temperature
2022-11-30T00:00:00Z,ccre,1,10.428973888888889,temperature
2022-11-30T00:00:00Z,ccre,2,10.446010416666669,temperature
2022-11-30T00:00:00Z,ccre,3,10.447495,temperature
2022-11-30T00:00:00Z,ccre,4,10.435845069444444,temperature
2022-11-30T00:00:00Z,ccre,5,10.400145138888888,temperature
2022-11-30T00:00:00Z,ccre,6,10.389228402777778,temperature
2022-11-30T00:00:00Z,ccre,7,10.388059375,temperature
2022-11-30T00:00:00Z,ccre,8,10.380524375,temperature
2022-11-30T00:00:00Z,ccre,9,10.374444861111112,temperature
2022-11-30T00:00:00Z,ccre,10,10.350138541666666,temperature
2022-11-30T00:00:00Z,ccre,11,10.354676805555556,temperature
2022-11-30T00:00:00Z,ccre,12,10.323482777777778,temperature
2022-11-30T00:00:00Z,ccre,13,10.30613138888889,temperature
2022-12-01T00:00:00Z,ccre,1,10.058348993055557,temperature
2022-12-01T00:00:00Z,ccre,2,10.107617583333331,temperature
2022-12-01T00:00:00Z,ccre,3,10.132183020833333,temperature
2022-12-01T00:00:00Z,ccre,4,10.135611284722222,temperature
2022-12-01T00:00:00Z,ccre,5,10.116013993055557,temperature
2022-12-01T00:00:00Z,ccre,6,10.113444458333332,temperature
2022-12-01T00:00:00Z,ccre,7,10.116231104166667,temperature
2022-12-01T00:00:00Z,ccre,8,10.11342782638889,temperature
2022-12-01T00:00:00Z,ccre,9,10.110890347222222,temperature
2022-12-01T00:00:00Z,ccre,10,10.082752354166669,temperature
2022-12-01T00:00:00Z,ccre,11,10.084766465277776,temperature
2022-12-01T00:00:00Z,ccre,12,10.062264958333332,temperature
2022-12-01T00:00:00Z,ccre,13,10.044107138888888,temperature
2022-12-02T00:00:00Z,ccre,1,9.910513618055557,temperature
2022-12-02T00:00:00Z,ccre,2,9.91509942361111,temperature
2022-12-02T00:00:00Z,ccre,3,9.90924423611111,temperature
2022-12-02T00:00:00Z,ccre,4,9.895825902777778,temperature
2022-12-02T00:00:00Z,ccre,5,9.8651864513888885,temperature
2022-12-02T00:00:00Z,ccre,6,9.855111666666668,temperature
2022-12-02T00:00:00Z,ccre,7,9.855765395833334,temperature
2022-12-02T00:00:00Z,ccre,8,9.848042381944444,temperature
2022-12-02T00:00:00Z,ccre,9,9.846770583333331,temperature
2022-12-02T00:00:00Z,ccre,10,9.826136027777778,temperature
2022-12-02T00:00:00Z,ccre,11,9.833399847222225,temperature
2022-12-02T00:00:00Z,ccre,12,9.817469527777778,temperature
2022-12-02T00:00:00Z,ccre,13,9.761500847222225,temperature
2022-12-03T00:00:00Z,ccre,1,9.878322569444444,temperature
2022-12-03T00:00:00Z,ccre,2,9.845716784722224,temperature
2022-12-03T00:00:00Z,ccre,3,9.848040298611112,temperature
2022-12-03T00:00:00Z,ccre,4,9.842859930555557,temperature
2022-12-03T00:00:00Z,ccre,5,9.818578333333331,temperature
2022-12-03T00:00:00Z,ccre,6,9.812209451388888,temperature
2022-12-03T00:00:00Z,ccre,7,9.815665326388888,temperature
2022-12-03T00:00:00Z,ccre,8,9.811575618055556,temperature
2022-12-03T00:00:00Z,ccre,9,9.81307347222222,temperature
2022-12-03T00:00:00Z,ccre,10,9.794320881944444,temperature
2022-12-03T00:00:00Z,ccre,11,9.7937579375,temperature
2022-12-03T00:00:00Z,ccre,12,9.724462326388888,temperature
2022-12-03T00:00:00Z,ccre,13,9.611329,temperature
2022-12-04T00:00:00Z,ccre,1,9.608592395833334,temperature
2022-12-04T00:00:00Z,ccre,2,9.64336903472222,temperature
2022-12-04T00:00:00Z,ccre,3,9.648801201388888,temperature
2022-12-04T00:00:00Z,ccre,4,9.64841245138889,temperature
2022-12-04T00:00:00Z,ccre,5,9.626426868055557,temperature
2022-12-04T00:00:00Z,ccre,6,9.621829979166666,temperature
2022-12-04T00:00:00Z,ccre,7,9.625762111111111,temperature
2022-12-04T00:00:00Z,ccre,8,9.623002784722225,temperature
2022-12-04T00:00:00Z,ccre,9,9.624176638888889,temperature
2022-12-04T00:00:00Z,ccre,10,9.609837652777776,temperature
2022-12-04T00:00:00Z,ccre,11,9.618248680555556,temperature
2022-12-04T00:00:00Z,ccre,12,9.608526902777776,temperature
2022-12-04T00:00:00Z,ccre,13,9.598212965277778,temperature
2022-12-05T00:00:00Z,ccre,1,9.37257511111111,temperature
2022-12-05T00:00:00Z,ccre,2,9.411117340277778,temperature
2022-12-05T00:00:00Z,ccre,3,9.420277930555557,temperature
2022-12-05T00:00:00Z,ccre,4,9.420971583333332,temperature
2022-12-05T00:00:00Z,ccre,5,9.3990175,temperature
2022-12-05T00:00:00Z,ccre,6,9.393686708333334,temperature
2022-12-05T00:00:00Z,ccre,7,9.396245534722222,temperature
2022-12-05T00:00:00Z,ccre,8,9.393118527777778,temperature
2022-12-05T00:00:00Z,ccre,9,9.394847465277778,temperature
2022-12-05T00:00:00Z,ccre,10,9.377722048611112,temperature
2022-12-05T00:00:00Z,ccre,11,9.38589376388889,temperature
2022-12-05T00:00:00Z,ccre,12,9.370114631944444,temperature
2022-12-05T00:00:00Z,ccre,13,9.323592951388887,temperature
2022-12-06T00:00:00Z,ccre,1,9.283328763888887,temperature
2022-12-06T00:00:00Z,ccre,2,9.31279938888889,temperature
2022-12-06T00:00:00Z,ccre,3,9.328904041666666,temperature
2022-12-06T00:00:00Z,ccre,4,9.331248597222222,temperature
2022-12-06T00:00:00Z,ccre,5,9.312249083333333,temperature
2022-12-06T00:00:00Z,ccre,6,9.309491041666666,temperature
2022-12-06T00:00:00Z,ccre,7,9.3141673125,temperature
2022-12-06T00:00:00Z,ccre,8,9.31225761111111,temperature
2022-12-06T00:00:00Z,ccre,9,9.3152328125,temperature
2022-12-06T00:00:00Z,ccre,10,9.299417465277775,temperature
2022-12-06T00:00:00Z,ccre,11,9.307368013888889,temperature
2022-12-06T00:00:00Z,ccre,12,9.298546236111113,temperature
2022-12-06T00:00:00Z,ccre,13,9.227750097222222,temperature
2022-12-07T00:00:00Z,ccre,1,9.343852597222222,temperature
2022-12-07T00:00:00Z,ccre,2,9.333507347222222,temperature
2022-12-07T00:00:00Z,ccre,3,9.332204201388889,temperature
2022-12-07T00:00:00Z,ccre,4,9.318761180555557,temperature
2022-12-07T00:00:00Z,ccre,5,9.296580006944444,temperature
2022-12-07T00:00:00Z,ccre,6,9.287595784722225,temperature
2022-12-07T00:00:00Z,ccre,7,9.285769395833332,temperature
2022-12-07T00:00:00Z,ccre,8,9.278715118055556,temperature
2022-12-07T00:00:00Z,ccre,9,9.281505569444445,temperature
2022-12-07T00:00:00Z,ccre,10,9.262153611111112,temperature
2022-12-07T00:00:00Z,ccre,11,9.267797027777778,temperature
2022-12-07T00:00:00Z,ccre,12,9.232948902777778,temperature
2022-12-07T00:00:00Z,ccre,13,9.157128048611112,temperature
2022-12-08T00:00:00Z,ccre,1,9.503323631944443,temperature
2022-12-08T00:00:00Z,ccre,2,9.4617440625,temperature
2022-12-08T00:00:00Z,ccre,3,9.438738958333332,temperature
2022-12-08T00:00:00Z,ccre,4,9.3803868125,temperature
2022-12-08T00:00:00Z,ccre,5,9.310865631944443,temperature
2022-12-08T00:00:00Z,ccre,6,9.2860274375,temperature
2022-12-08T00:00:00Z,ccre,7,9.276931097222224,temperature
2022-12-08T00:00:00Z,ccre,8,9.264526708333332,temperature
2022-12-08T00:00:00Z,ccre,9,9.261156972222222,temperature
2022-12-08T00:00:00Z,ccre,10,9.234444756944445,temperature
2022-12-08T00:00:00Z,ccre,11,9.23141940972222,temperature
2022-12-08T00:00:00Z,ccre,12,9.108347784722222,temperature
2022-12-08T00:00:00Z,ccre,13,8.936207055555556,temperature
2022-12-09T00:00:00Z,ccre,1,9.336590451388888,temperature
2022-12-09T00:00:00Z,ccre,2,9.344464402777778,temperature
2022-12-09T00:00:00Z,ccre,3,9.350941173611112,temperature
2022-12-09T00:00:00Z,ccre,4,9.341725020833334,temperature
2022-12-09T00:00:00Z,ccre,5,9.303675270833333,temperature
2022-12-09T00:00:00Z,ccre,6,9.280739618055556,temperature
2022-12-09T00:00:00Z,ccre,7,9.271651159722222,temperature
2022-12-09T00:00:00Z,ccre,8,9.256639069444445,temperature
2022-12-09T00:00:00Z,ccre,9,9.24505890972222,temperature
2022-12-09T00:00:00Z,ccre,10,9.190304875,temperature
2022-12-09T00:00:00Z,ccre,11,9.174063756944443,temperature
2022-12-09T00:00:00Z,ccre,12,9.044280993055557,temperature
2022-12-09T00:00:00Z,ccre,13,8.835251263888889,temperature
2022-12-10T00:00:00Z,ccre,1,9.217029541666667,temperature
2022-12-10T00:00:00Z,ccre,2,9.237116708333334,temperature
2022-12-10T00:00:00Z,ccre,3,9.251786972222222,temperature
2022-12-10T00:00:00Z,ccre,4,9.250272930555557,temperature
2022-12-10T00:00:00Z,ccre,5,9.225174826388889,temperature
2022-12-10T00:00:00Z,ccre,6,9.2137351875,temperature
2022-12-10T00:00:00Z,ccre,7,9.211305166666667,temperature
2022-12-10T00:00:00Z,ccre,8,9.200223472222222,temperature
2022-12-10T00:00:00Z,ccre,9,9.19345775,temperature
2022-12-10T00:00:00Z,ccre,10,9.15225342361111,temperature
2022-12-10T00:00:00Z,ccre,11,9.149308791666666,temperature
2022-12-10T00:00:00Z,ccre,12,9.08897082638889,temperature
2022-12-10T00:00:00Z,ccre,13,8.858100208333333,temperature
2022-12-11T00:00:00Z,ccre,1,9.158897993055556,temperature
2022-12-11T00:00:00Z,ccre,2,9.159090201388889,temperature
2022-12-11T00:00:00Z,ccre,3,9.1681915,temperature
2022-12-11T00:00:00Z,ccre,4,9.165679729166667,temperature
2022-12-11T00:00:00Z,ccre,5,9.145048520833331,temperature
2022-12-11T00:00:00Z,ccre,6,9.141779583333332,temperature
2022-12-11T00:00:00Z,ccre,7,9.144283069444445,temperature
2022-12-11T00:00:00Z,ccre,8,9.138556180555556,temperature
2022-12-11T00:00:00Z,ccre,9,9.139256840277778,temperature
2022-12-11T00:00:00Z,ccre,10,9.123135270833334,temperature
2022-12-11T00:00:00Z,ccre,11,9.128665069444445,temperature
2022-12-11T00:00:00Z,ccre,12,9.050268680555556,temperature
2022-12-11T00:00:00Z,ccre,13,8.920298284722222,temperature
2022-12-12T00:00:00Z,ccre,1,9.056986763888888,temperature
2022-12-12T00:00:00Z,ccre,2,9.081827180555557,temperature
2022-12-12T00:00:00Z,ccre,3,9.100981625,temperature
2022-12-12T00:00:00Z,ccre,4,9.098944729166666,temperature
2022-12-12T00:00:00Z,ccre,5,9.077825118055555,temperature
2022-12-12T00:00:00Z,ccre,6,9.07257120138889,temperature
2022-12-12T00:00:00Z,ccre,7,9.073576402777778,temperature
2022-12-12T00:00:00Z,ccre,8,9.067708534722222,temperature
2022-12-12T00:00:00Z,ccre,9,9.066749145833333,temperature
2022-12-12T00:00:00Z,ccre,10,9.04860898611111,temperature
2022-12-12T00:00:00Z,ccre,11,9.0548473125,temperature
2022-12-12T00:00:00Z,ccre,12,9.032759194444443,temperature
2022-12-12T00:00:00Z,ccre,13,9.008930840277776,temperature
2022-12-13T00:00:00Z,ccre,1,8.999820902777778,temperature
2022-12-13T00:00:00Z,ccre,2,9.02933295138889,temperature
2022-12-13T00:00:00Z,ccre,3,9.039720347222222,temperature
2022-12-13T00:00:00Z,ccre,4,9.041144673611113,temperature
2022-12-13T00:00:00Z,ccre,5,9.02211592361111,temperature
2022-12-13T00:00:00Z,ccre,6,9.017664395833334,temperature
2022-12-13T00:00:00Z,ccre,7,9.022258097222222,temperature
2022-12-13T00:00:00Z,ccre,8,9.020376194444443,temperature
2022-12-13T00:00:00Z,ccre,9,9.02488242361111,temperature
2022-12-13T00:00:00Z,ccre,10,9.011077840277778,temperature
2022-12-13T00:00:00Z,ccre,11,9.0202709375,temperature
2022-12-13T00:00:00Z,ccre,12,9.016356631944443,temperature
2022-12-13T00:00:00Z,ccre,13,9.0448707847222245,temperature
2022-12-14T00:00:00Z,ccre,1,8.860223729166666,temperature
2022-12-14T00:00:00Z,ccre,2,8.891216270833333,temperature
2022-12-14T00:00:00Z,ccre,3,8.905499375,temperature
2022-12-14T00:00:00Z,ccre,4,8.906997923611112,temperature
2022-12-14T00:00:00Z,ccre,5,8.887730277777777,temperature
2022-12-14T00:00:00Z,ccre,6,8.883402347222223,temperature
2022-12-14T00:00:00Z,ccre,7,8.886791680555556,temperature
2022-12-14T00:00:00Z,ccre,8,8.883506784722222,temperature
2022-12-14T00:00:00Z,ccre,9,8.885703201388889,temperature
2022-12-14T00:00:00Z,ccre,10,8.86945848611111,temperature
2022-12-14T00:00:00Z,ccre,11,8.875820104166667,temperature
2022-12-14T00:00:00Z,ccre,12,8.862901291666667,temperature
2022-12-14T00:00:00Z,ccre,13,8.856002236111111,temperature
2022-12-15T00:00:00Z,ccre,1,8.710029361111111,temperature
2022-12-15T00:00:00Z,ccre,2,8.74079326388889,temperature
2022-12-15T00:00:00Z,ccre,3,8.760416222222222,temperature
2022-12-15T00:00:00Z,ccre,4,8.763201409722223,temperature
2022-12-15T00:00:00Z,ccre,5,8.744992375,temperature
2022-12-15T00:00:00Z,ccre,6,8.742777513888889,temperature
2022-12-15T00:00:00Z,ccre,7,8.746807541666668,temperature
2022-12-15T00:00:00Z,ccre,8,8.744958618055556,temperature
2022-12-15T00:00:00Z,ccre,9,8.748355215277778,temperature
2022-12-15T00:00:00Z,ccre,10,8.734622506944444,temperature
2022-12-15T00:00:00Z,ccre,11,8.742822395833333,temperature
2022-12-15T00:00:00Z,ccre,12,8.737361236111111,temperature
2022-12-15T00:00:00Z,ccre,13,8.745234805555556,temperature
2022-12-16T00:00:00Z,ccre,1,8.607960576388889,temperature
2022-12-16T00:00:00Z,ccre,2,8.63211929861111,temperature
2022-12-16T00:00:00Z,ccre,3,8.646852715277777,temperature
2022-12-16T00:00:00Z,ccre,4,8.647359631944445,temperature
2022-12-16T00:00:00Z,ccre,5,8.626981277777778,temperature
2022-12-16T00:00:00Z,ccre,6,8.622588833333333,temperature
2022-12-16T00:00:00Z,ccre,7,8.623463104166667,temperature
2022-12-16T00:00:00Z,ccre,8,8.6164906875,temperature
2022-12-16T00:00:00Z,ccre,9,8.617971208333334,temperature
2022-12-16T00:00:00Z,ccre,10,8.599315416666666,temperature
2022-12-16T00:00:00Z,ccre,11,8.606616361111112,temperature
2022-12-16T00:00:00Z,ccre,12,8.595296840277777,temperature
2022-12-16T00:00:00Z,ccre,13,8.594848618055556,temperature
2022-12-17T00:00:00Z,ccre,1,8.446366805555556,temperature
2022-12-17T00:00:00Z,ccre,2,8.46640588888889,temperature
2022-12-17T00:00:00Z,ccre,3,8.4814200625,temperature
2022-12-17T00:00:00Z,ccre,4,8.481902208333333,temperature
2022-12-17T00:00:00Z,ccre,5,8.46139592361111,temperature
2022-12-17T00:00:00Z,ccre,6,8.456385972222222,temperature
2022-12-17T00:00:00Z,ccre,7,8.458765875,temperature
2022-12-17T00:00:00Z,ccre,8,8.455002652777777,temperature
2022-12-17T00:00:00Z,ccre,9,8.459026083333333,temperature
2022-12-17T00:00:00Z,ccre,10,8.446338263888888,temperature
2022-12-17T00:00:00Z,ccre,11,8.455385034722223,temperature
2022-12-17T00:00:00Z,ccre,12,8.453933909722222,temperature
2022-12-17T00:00:00Z,ccre,13,8.482773868055556,temperature
2022-12-18T00:00:00Z,ccre,1,8.192749881944444,temperature
2022-12-18T00:00:00Z,ccre,2,8.2231684375,temperature
2022-12-18T00:00:00Z,ccre,3,8.244031680555555,temperature
2022-12-18T00:00:00Z,ccre,4,8.247252194444444,temperature
2022-12-18T00:00:00Z,ccre,5,8.229718722222222,temperature
2022-12-18T00:00:00Z,ccre,6,8.226773131944444,temperature
2022-12-18T00:00:00Z,ccre,7,8.230803777777778,temperature
2022-12-18T00:00:00Z,ccre,8,8.229203763888888,temperature
2022-12-18T00:00:00Z,ccre,9,8.232878131944444,temperature
2022-12-18T00:00:00Z,ccre,10,8.21771238888889,temperature
2022-12-18T00:00:00Z,ccre,11,8.225633652777777,temperature
2022-12-18T00:00:00Z,ccre,12,8.210876659722222,temperature
2022-12-18T00:00:00Z,ccre,13,8.199948715277777,temperature
2022-12-19T00:00:00Z,ccre,1,7.982439034722223,temperature
2022-12-19T00:00:00Z,ccre,2,8.00982929861111,temperature
2022-12-19T00:00:00Z,ccre,3,8.02194561111111,temperature
2022-12-19T00:00:00Z,ccre,4,8.019976354166667,temperature
2022-12-19T00:00:00Z,ccre,5,7.999056868055556,temperature
2022-12-19T00:00:00Z,ccre,6,7.9922815,temperature
2022-12-19T00:00:00Z,ccre,7,7.994665083333333,temperature
2022-12-19T00:00:00Z,ccre,8,7.992114270833333,temperature
2022-12-19T00:00:00Z,ccre,9,7.993878201388889,temperature
2022-12-19T00:00:00Z,ccre,10,7.976822180555556,temperature
2022-12-19T00:00:00Z,ccre,11,7.981983083333334,temperature
2022-12-19T00:00:00Z,ccre,12,7.955765069444444,temperature
2022-12-19T00:00:00Z,ccre,13,7.873120125,temperature
2022-12-20T00:00:00Z,ccre,1,7.801899805555555,temperature
2022-12-20T00:00:00Z,ccre,2,7.827848513888889,temperature
2022-12-20T00:00:00Z,ccre,3,7.832931069444444,temperature
2022-12-20T00:00:00Z,ccre,4,7.831753590277778,temperature
2022-12-20T00:00:00Z,ccre,5,7.811144013888889,temperature
2022-12-20T00:00:00Z,ccre,6,7.8075474375,temperature
2022-12-20T00:00:00Z,ccre,7,7.810134375,temperature
2022-12-20T00:00:00Z,ccre,8,7.806671493055555,temperature
2022-12-20T00:00:00Z,ccre,9,7.809517520833333,temperature
2022-12-20T00:00:00Z,ccre,10,7.793896041666667,temperature
2022-12-20T00:00:00Z,ccre,11,7.801872409722222,temperature
2022-12-20T00:00:00Z,ccre,12,7.79389225,temperature
2022-12-20T00:00:00Z,ccre,13,7.719554604166667,temperature
2022-12-21T00:00:00Z,ccre,1,7.689802347222222,temperature
2022-12-21T00:00:00Z,ccre,2,7.676668722222222,temperature
2022-12-21T00:00:00Z,ccre,3,7.677370027777778,temperature
2022-12-21T00:00:00Z,ccre,4,7.671240402777777,temperature
2022-12-21T00:00:00Z,ccre,5,7.649650909722222,temperature
2022-12-21T00:00:00Z,ccre,6,7.643937125,temperature
2022-12-21T00:00:00Z,ccre,7,7.646676145833333,temperature
2022-12-21T00:00:00Z,ccre,8,7.6430027222222225,temperature
2022-12-21T00:00:00Z,ccre,9,7.645723506944444,temperature
2022-12-21T00:00:00Z,ccre,10,7.629040138888889,temperature
2022-12-21T00:00:00Z,ccre,11,7.636723548611111,temperature
2022-12-21T00:00:00Z,ccre,12,7.628432902777778,temperature
2022-12-21T00:00:00Z,ccre,13,7.611011888888889,temperature
2022-12-22T00:00:00Z,ccre,1,7.474498951388889,temperature
2022-12-22T00:00:00Z,ccre,2,7.5038553125,temperature
2022-12-22T00:00:00Z,ccre,3,7.523243104166666,temperature
2022-12-22T00:00:00Z,ccre,4,7.525472416666667,temperature
2022-12-22T00:00:00Z,ccre,5,7.507464631944444,temperature
2022-12-22T00:00:00Z,ccre,6,7.5048209097222225,temperature
2022-12-22T00:00:00Z,ccre,7,7.508405868055555,temperature
2022-12-22T00:00:00Z,ccre,8,7.50635075,temperature
2022-12-22T00:00:00Z,ccre,9,7.510168055555556,temperature
2022-12-22T00:00:00Z,ccre,10,7.497496458333333,temperature
2022-12-22T00:00:00Z,ccre,11,7.505159791666666,temperature
2022-12-22T00:00:00Z,ccre,12,7.4990261875,temperature
2022-12-22T00:00:00Z,ccre,13,7.477054326388889,temperature
2022-12-23T00:00:00Z,ccre,1,7.223151708333333,temperature
2022-12-23T00:00:00Z,ccre,2,7.253106361111111,temperature
2022-12-23T00:00:00Z,ccre,3,7.277010152777778,temperature
2022-12-23T00:00:00Z,ccre,4,7.281182534722222,temperature
2022-12-23T00:00:00Z,ccre,5,7.264844659722222,temperature
2022-12-23T00:00:00Z,ccre,6,7.263010631944445,temperature
2022-12-23T00:00:00Z,ccre,7,7.266746868055556,temperature
2022-12-23T00:00:00Z,ccre,8,7.265117833333333,temperature
2022-12-23T00:00:00Z,ccre,9,7.2698851597222225,temperature
2022-12-23T00:00:00Z,ccre,10,7.253661590277778,temperature
2022-12-23T00:00:00Z,ccre,11,7.261274513888889,temperature
2022-12-23T00:00:00Z,ccre,12,7.257034291666667,temperature
2022-12-23T00:00:00Z,ccre,13,7.2789384375,temperature
2022-12-24T00:00:00Z,ccre,1,6.662808666666667,temperature
2022-12-24T00:00:00Z,ccre,2,6.697821465277777,temperature
2022-12-24T00:00:00Z,ccre,3,6.7191368958333335,temperature
2022-12-24T00:00:00Z,ccre,4,6.721562652777778,temperature
2022-12-24T00:00:00Z,ccre,5,6.7036138888888885,temperature
2022-12-24T00:00:00Z,ccre,6,6.700384729166666,temperature
2022-12-24T00:00:00Z,ccre,7,6.7009706875,temperature
2022-12-24T00:00:00Z,ccre,8,6.699701847222222,temperature
2022-12-24T00:00:00Z,ccre,9,6.702180430555556,temperature
2022-12-24T00:00:00Z,ccre,10,6.684876506944445,temperature
2022-12-24T00:00:00Z,ccre,11,6.691072847222222,temperature
2022-12-24T00:00:00Z,ccre,12,6.680949479166666,temperature
2022-12-24T00:00:00Z,ccre,13,6.701409847222222,temperature
2022-12-25T00:00:00Z,ccre,1,6.236566298611111,temperature
2022-12-25T00:00:00Z,ccre,2,6.2763154375,temperature
2022-12-25T00:00:00Z,ccre,3,6.2977667083333335,temperature
2022-12-25T00:00:00Z,ccre,4,6.301320361111111,temperature
2022-12-25T00:00:00Z,ccre,5,6.284174173611111,temperature
2022-12-25T00:00:00Z,ccre,6,6.279983034722222,temperature
2022-12-25T00:00:00Z,ccre,7,6.279852944444444,temperature
2022-12-25T00:00:00Z,ccre,8,6.273981680555556,temperature
2022-12-25T00:00:00Z,ccre,9,6.273882486111111,temperature
2022-12-25T00:00:00Z,ccre,10,6.245943840277778,temperature
2022-12-25T00:00:00Z,ccre,11,6.245209326388889,temperature
2022-12-25T00:00:00Z,ccre,12,6.200520611111111,temperature
2022-12-25T00:00:00Z,ccre,13,6.1731166180555554,temperature
2022-12-26T00:00:00Z,ccre,1,5.830394048611111,temperature
2022-12-26T00:00:00Z,ccre,2,5.869698847222223,temperature
2022-12-26T00:00:00Z,ccre,3,5.8770509375,temperature
2022-12-26T00:00:00Z,ccre,4,5.874323520833333,temperature
2022-12-26T00:00:00Z,ccre,5,5.852423541666667,temperature
2022-12-26T00:00:00Z,ccre,6,5.842406513888889,temperature
2022-12-26T00:00:00Z,ccre,7,5.839373888888889,temperature
2022-12-26T00:00:00Z,ccre,8,5.829645569444445,temperature
2022-12-26T00:00:00Z,ccre,9,5.825721680555556,temperature
2022-12-26T00:00:00Z,ccre,10,5.785627951388889,temperature
2022-12-26T00:00:00Z,ccre,11,5.769414631944445,temperature
2022-12-26T00:00:00Z,ccre,12,5.608376756944445,temperature
2022-12-26T00:00:00Z,ccre,13,5.543125270833333,temperature
2022-12-27T00:00:00Z,ccre,1,5.661408263888889,temperature
2022-12-27T00:00:00Z,ccre,2,5.676840875,temperature
2022-12-27T00:00:00Z,ccre,3,5.6804154236111115,temperature
2022-12-27T00:00:00Z,ccre,4,5.671661930555556,temperature
2022-12-27T00:00:00Z,ccre,5,5.651481138888889,temperature
2022-12-27T00:00:00Z,ccre,6,5.646080979166666,temperature
2022-12-27T00:00:00Z,ccre,7,5.647871826388889,temperature
2022-12-27T00:00:00Z,ccre,8,5.644414229166666,temperature
2022-12-27T00:00:00Z,ccre,9,5.6505384930555556,temperature
2022-12-27T00:00:00Z,ccre,10,5.633447611111111,temperature
2022-12-27T00:00:00Z,ccre,11,5.639401930555556,temperature
2022-12-27T00:00:00Z,ccre,12,5.579334840277777,temperature
2022-12-27T00:00:00Z,ccre,13,5.305314131944445,temperature
2022-12-28T00:00:00Z,ccre,1,5.6163395625,temperature
2022-12-28T00:00:00Z,ccre,2,5.597007645833333,temperature
2022-12-28T00:00:00Z,ccre,3,5.592644930555555,temperature
2022-12-28T00:00:00Z,ccre,4,5.583449173611111,temperature
2022-12-28T00:00:00Z,ccre,5,5.560213694444444,temperature
2022-12-28T00:00:00Z,ccre,6,5.552629013888889,temperature
2022-12-28T00:00:00Z,ccre,7,5.552917,temperature
2022-12-28T00:00:00Z,ccre,8,5.548511444444444,temperature
2022-12-28T00:00:00Z,ccre,9,5.552510104166666,temperature
2022-12-28T00:00:00Z,ccre,10,5.5334582361111115,temperature
2022-12-28T00:00:00Z,ccre,11,5.540261958333334,temperature
2022-12-28T00:00:00Z,ccre,12,5.488000326388889,temperature
2022-12-28T00:00:00Z,ccre,13,5.352927229166666,temperature
2022-12-29T00:00:00Z,ccre,1,5.577316902777778,temperature
2022-12-29T00:00:00Z,ccre,2,5.545137576388889,temperature
2022-12-29T00:00:00Z,ccre,3,5.5344413263888885,temperature
2022-12-29T00:00:00Z,ccre,4,5.514947638888889,temperature
2022-12-29T00:00:00Z,ccre,5,5.490776458333333,temperature
2022-12-29T00:00:00Z,ccre,6,5.479102173611111,temperature
2022-12-29T00:00:00Z,ccre,7,5.474403770833334,temperature
2022-12-29T00:00:00Z,ccre,8,5.465289347222222,temperature
2022-12-29T00:00:00Z,ccre,9,5.464097090277778,temperature
2022-12-29T00:00:00Z,ccre,10,5.438035652777778,temperature
2022-12-29T00:00:00Z,ccre,11,5.437863173611111,temperature
2022-12-29T00:00:00Z,ccre,12,5.361315354166667,temperature
2022-12-29T00:00:00Z,ccre,13,5.225624840277778,temperature
2022-12-30T00:00:00Z,ccre,1,5.677940923611112,temperature
2022-12-30T00:00:00Z,ccre,2,5.620015402777778,temperature
2022-12-30T00:00:00Z,ccre,3,5.594723979166667,temperature
2022-12-30T00:00:00Z,ccre,4,5.543484715277778,temperature
2022-12-30T00:00:00Z,ccre,5,5.474390819444444,temperature
2022-12-30T00:00:00Z,ccre,6,5.423390659722222,temperature
2022-12-30T00:00:00Z,ccre,7,5.404462993055556,temperature
2022-12-30T00:00:00Z,ccre,8,5.386351430555556,temperature
2022-12-30T00:00:00Z,ccre,9,5.374408673611111,temperature
2022-12-30T00:00:00Z,ccre,10,5.3123833680555554,temperature
2022-12-30T00:00:00Z,ccre,11,5.2883950833333335,temperature
2022-12-30T00:00:00Z,ccre,12,5.167752756944444,temperature
2022-12-30T00:00:00Z,ccre,13,5.15184925,temperature
2022-12-31T00:00:00Z,ccre,1,5.989167472222222,temperature
2022-12-31T00:00:00Z,ccre,2,5.846837715277777,temperature
2022-12-31T00:00:00Z,ccre,3,5.636488284722223,temperature
2022-12-31T00:00:00Z,ccre,4,5.460414805555556,temperature
2022-12-31T00:00:00Z,ccre,5,5.334139263888889,temperature
2022-12-31T00:00:00Z,ccre,6,5.300436222222222,temperature
2022-12-31T00:00:00Z,ccre,7,5.2890645625,temperature
2022-12-31T00:00:00Z,ccre,8,5.273061055555556,temperature
2022-12-31T00:00:00Z,ccre,9,5.267068583333334,temperature
2022-12-31T00:00:00Z,ccre,10,5.210514215277778,temperature
2022-12-31T00:00:00Z,ccre,11,5.196786208333333,temperature
2022-12-31T00:00:00Z,ccre,12,5.146241,temperature
2022-12-31T00:00:00Z,ccre,13,5.158235506944444,temperature
2023-01-01T00:00:00Z,ccre,1,6.026698541666667,temperature
2023-01-01T00:00:00Z,ccre,2,5.926986895833333,temperature
2023-01-01T00:00:00Z,ccre,3,5.845822618055555,temperature
2023-01-01T00:00:00Z,ccre,4,5.6981317222222225,temperature
2023-01-01T00:00:00Z,ccre,5,5.556838090277778,temperature
2023-01-01T00:00:00Z,ccre,6,5.425871458333333,temperature
2023-01-01T00:00:00Z,ccre,7,5.355495597222222,temperature
2023-01-01T00:00:00Z,ccre,8,5.303371,temperature
2023-01-01T00:00:00Z,ccre,9,5.256547048611111,temperature
2023-01-01T00:00:00Z,ccre,10,5.207911131944445,temperature
2023-01-01T00:00:00Z,ccre,11,5.20419475,temperature
2023-01-01T00:00:00Z,ccre,12,5.162411555555556,temperature
2023-01-01T00:00:00Z,ccre,13,5.1692711875,temperature
2023-01-02T00:00:00Z,ccre,1,5.9886660902777775,temperature
2023-01-02T00:00:00Z,ccre,2,5.894243215277778,temperature
2023-01-02T00:00:00Z,ccre,3,5.849438909722222,temperature
2023-01-02T00:00:00Z,ccre,4,5.7931891180555555,temperature
2023-01-02T00:00:00Z,ccre,5,5.579840527777778,temperature
2023-01-02T00:00:00Z,ccre,6,5.427060979166667,temperature
2023-01-02T00:00:00Z,ccre,7,5.376209,temperature
2023-01-02T00:00:00Z,ccre,8,5.329981215277778,temperature
2023-01-02T00:00:00Z,ccre,9,5.295642791666666,temperature
2023-01-02T00:00:00Z,ccre,10,5.2236098958333335,temperature
2023-01-02T00:00:00Z,ccre,11,5.213265680555556,temperature
2023-01-02T00:00:00Z,ccre,12,5.174533381944444,temperature
2023-01-02T00:00:00Z,ccre,13,5.204780958333333,temperature
2023-01-03T00:00:00Z,ccre,1,6.447077340277778,temperature
2023-01-03T00:00:00Z,ccre,2,6.268404819444444,temperature
2023-01-03T00:00:00Z,ccre,3,6.142794902777778,temperature
2023-01-03T00:00:00Z,ccre,4,5.796914805555556,temperature
2023-01-03T00:00:00Z,ccre,5,5.521870215277778,temperature
2023-01-03T00:00:00Z,ccre,6,5.389793541666666,temperature
2023-01-03T00:00:00Z,ccre,7,5.326543298611111,temperature
2023-01-03T00:00:00Z,ccre,8,5.291639944444444,temperature
2023-01-03T00:00:00Z,ccre,9,5.2768927083333335,temperature
2023-01-03T00:00:00Z,ccre,10,5.235872180555556,temperature
2023-01-03T00:00:00Z,ccre,11,5.2357620208333335,temperature
2023-01-03T00:00:00Z,ccre,12,5.201648444444444,temperature
2023-01-03T00:00:00Z,ccre,13,5.235148895833333,temperature
2023-01-04T00:00:00Z,ccre,1,6.10725455944056,temperature
2023-01-04T00:00:00Z,ccre,2,5.951472993006993,temperature
2023-01-04T00:00:00Z,ccre,3,5.862059475524475,temperature
2023-01-04T00:00:00Z,ccre,4,5.738747118881119,temperature
2023-01-04T00:00:00Z,ccre,5,5.576331664335664,temperature
2023-01-04T00:00:00Z,ccre,6,5.458520006944444,temperature
2023-01-04T00:00:00Z,ccre,7,5.370466173611111,temperature
2023-01-04T00:00:00Z,ccre,8,5.308035430555556,temperature
2023-01-04T00:00:00Z,ccre,9,5.2750953888888885,temperature
2023-01-04T00:00:00Z,ccre,10,5.2223099444444445,temperature
2023-01-04T00:00:00Z,ccre,11,5.218558395833333,temperature
2023-01-04T00:00:00Z,ccre,12,5.181311444444445,temperature
2023-01-04T00:00:00Z,ccre,13,5.196101263888889,temperature
2023-01-05T00:00:00Z,ccre,1,5.903545520833333,temperature
2023-01-05T00:00:00Z,ccre,2,5.889895090277777,temperature
2023-01-05T00:00:00Z,ccre,3,5.882535868055555,temperature
2023-01-05T00:00:00Z,ccre,4,5.861751493055555,temperature
2023-01-05T00:00:00Z,ccre,5,5.803741,temperature
2023-01-05T00:00:00Z,ccre,6,5.773731805555555,temperature
2023-01-05T00:00:00Z,ccre,7,5.737839986111111,temperature
2023-01-05T00:00:00Z,ccre,8,5.700366479166667,temperature
2023-01-05T00:00:00Z,ccre,9,5.6391848611111115,temperature
2023-01-05T00:00:00Z,ccre,10,5.413272611111111,temperature
2023-01-05T00:00:00Z,ccre,11,5.352318819444444,temperature
2023-01-05T00:00:00Z,ccre,12,5.270813368055555,temperature
2023-01-05T00:00:00Z,ccre,13,5.281471625,temperature
2023-01-06T00:00:00Z,ccre,1,5.580560652777778,temperature
2023-01-06T00:00:00Z,ccre,2,5.604431555555555,temperature
2023-01-06T00:00:00Z,ccre,3,5.622768951388889,temperature
2023-01-06T00:00:00Z,ccre,4,5.6212068819444445,temperature
2023-01-06T00:00:00Z,ccre,5,5.600741423611111,temperature
2023-01-06T00:00:00Z,ccre,6,5.595379854166667,temperature
2023-01-06T00:00:00Z,ccre,7,5.598026430555556,temperature
2023-01-06T00:00:00Z,ccre,8,5.5926110555555555,temperature
2023-01-06T00:00:00Z,ccre,9,5.594629611111111,temperature
2023-01-06T00:00:00Z,ccre,10,5.569342458333334,temperature
2023-01-06T00:00:00Z,ccre,11,5.568499590277778,temperature
2023-01-06T00:00:00Z,ccre,12,5.519492847222222,temperature
2023-01-06T00:00:00Z,ccre,13,5.484917645833334,temperature
2023-01-07T00:00:00Z,ccre,1,5.837958861111111,temperature
2023-01-07T00:00:00Z,ccre,2,5.866787979166666,temperature
2023-01-07T00:00:00Z,ccre,3,5.8788476875,temperature
2023-01-07T00:00:00Z,ccre,4,5.872109652777778,temperature
2023-01-07T00:00:00Z,ccre,5,5.850752618055555,temperature
2023-01-07T00:00:00Z,ccre,6,5.842056055555556,temperature
2023-01-07T00:00:00Z,ccre,7,5.838999597222222,temperature
2023-01-07T00:00:00Z,ccre,8,5.823683152777778,temperature
2023-01-07T00:00:00Z,ccre,9,5.813104826388889,temperature
2023-01-07T00:00:00Z,ccre,10,5.714803590277778,temperature
2023-01-07T00:00:00Z,ccre,11,5.653911333333333,temperature
2023-01-07T00:00:00Z,ccre,12,5.538167659722222,temperature
2023-01-07T00:00:00Z,ccre,13,5.522043131944445,temperature
2023-01-08T00:00:00Z,ccre,1,5.7820036041666665,temperature
2023-01-08T00:00:00Z,ccre,2,5.823329680555555,temperature
2023-01-08T00:00:00Z,ccre,3,5.835811972222222,temperature
2023-01-08T00:00:00Z,ccre,4,5.839478319444445,temperature
2023-01-08T00:00:00Z,ccre,5,5.821610715277778,temperature
2023-01-08T00:00:00Z,ccre,6,5.815562159722222,temperature
2023-01-08T00:00:00Z,ccre,7,5.817795104166667,temperature
2023-01-08T00:00:00Z,ccre,8,5.810960090277778,temperature
2023-01-08T00:00:00Z,ccre,9,5.809706333333334,temperature
2023-01-08T00:00:00Z,ccre,10,5.7502540625,temperature
2023-01-08T00:00:00Z,ccre,11,5.720388333333333,temperature
2023-01-08T00:00:00Z,ccre,12,5.577857451388889,temperature
2023-01-08T00:00:00Z,ccre,13,5.5152960138888885,temperature
2023-01-09T00:00:00Z,ccre,1,5.731145583333333,temperature
2023-01-09T00:00:00Z,ccre,2,5.7607544375,temperature
2023-01-09T00:00:00Z,ccre,3,5.781985756944445,temperature
2023-01-09T00:00:00Z,ccre,4,5.780037743055556,temperature
2023-01-09T00:00:00Z,ccre,5,5.763573951388889,temperature
2023-01-09T00:00:00Z,ccre,6,5.758426819444445,temperature
2023-01-09T00:00:00Z,ccre,7,5.758965326388889,temperature
2023-01-09T00:00:00Z,ccre,8,5.751095416666667,temperature
2023-01-09T00:00:00Z,ccre,9,5.751562694444444,temperature
2023-01-09T00:00:00Z,ccre,10,5.716356416666667,temperature
2023-01-09T00:00:00Z,ccre,11,5.707544701388889,temperature
2023-01-09T00:00:00Z,ccre,12,5.638204506944445,temperature
2023-01-09T00:00:00Z,ccre,13,5.643944972222222,temperature
2023-01-10T00:00:00Z,ccre,1,5.681453041666667,temperature
2023-01-10T00:00:00Z,ccre,2,5.688191222222223,temperature
2023-01-10T00:00:00Z,ccre,3,5.673883590277778,temperature
2023-01-10T00:00:00Z,ccre,4,5.662310229166667,temperature
2023-01-10T00:00:00Z,ccre,5,5.639691805555556,temperature
2023-01-10T00:00:00Z,ccre,6,5.629148388888889,temperature
2023-01-10T00:00:00Z,ccre,7,5.628487020833333,temperature
2023-01-10T00:00:00Z,ccre,8,5.623496756944444,temperature
2023-01-10T00:00:00Z,ccre,9,5.626365402777778,temperature
2023-01-10T00:00:00Z,ccre,10,5.605791861111111,temperature
2023-01-10T00:00:00Z,ccre,11,5.609116381944444,temperature
2023-01-10T00:00:00Z,ccre,12,5.597608305555555,temperature
2023-01-10T00:00:00Z,ccre,13,5.616566090277778,temperature
2023-01-11T00:00:00Z,ccre,1,5.6475062708333335,temperature
2023-01-11T00:00:00Z,ccre,2,5.6655029375,temperature
2023-01-11T00:00:00Z,ccre,3,5.6630793125,temperature
2023-01-11T00:00:00Z,ccre,4,5.655687270833333,temperature
2023-01-11T00:00:00Z,ccre,5,5.6336294375,temperature
2023-01-11T00:00:00Z,ccre,6,5.620951729166666,temperature
2023-01-11T00:00:00Z,ccre,7,5.6147195,temperature
2023-01-11T00:00:00Z,ccre,8,5.6082373125,temperature
2023-01-11T00:00:00Z,ccre,9,5.611522590277778,temperature
2023-01-11T00:00:00Z,ccre,10,5.592604493055555,temperature
2023-01-11T00:00:00Z,ccre,11,5.599317909722222,temperature
2023-01-11T00:00:00Z,ccre,12,5.5818877152777775,temperature
2023-01-11T00:00:00Z,ccre,13,5.582007826388889,temperature
2023-01-12T00:00:00Z,ccre,1,5.909847861111111,temperature
2023-01-12T00:00:00Z,ccre,2,5.920790986111111,temperature
2023-01-12T00:00:00Z,ccre,3,5.89683,temperature
2023-01-12T00:00:00Z,ccre,4,5.859500027777778,temperature
2023-01-12T00:00:00Z,ccre,5,5.775707166666667,temperature
2023-01-12T00:00:00Z,ccre,6,5.722643270833333,temperature
2023-01-12T00:00:00Z,ccre,7,5.682197909722222,temperature
2023-01-12T00:00:00Z,ccre,8,5.650630708333333,temperature
2023-01-12T00:00:00Z,ccre,9,5.629678208333333,temperature
2023-01-12T00:00:00Z,ccre,10,5.5856223541666665,temperature
2023-01-12T00:00:00Z,ccre,11,5.583843840277778,temperature
2023-01-12T00:00:00Z,ccre,12,5.552421104166666,temperature
2023-01-12T00:00:00Z,ccre,13,5.576000368055555,temperature
2023-01-13T00:00:00Z,ccre,1,5.793270243055556,temperature
2023-01-13T00:00:00Z,ccre,2,5.817072708333334,temperature
2023-01-13T00:00:00Z,ccre,3,5.834542319444444,temperature
2023-01-13T00:00:00Z,ccre,4,5.818834888888889,temperature
2023-01-13T00:00:00Z,ccre,5,5.786000930555556,temperature
2023-01-13T00:00:00Z,ccre,6,5.773069548611111,temperature
2023-01-13T00:00:00Z,ccre,7,5.7719859583333335,temperature
2023-01-13T00:00:00Z,ccre,8,5.7656247291666665,temperature
2023-01-13T00:00:00Z,ccre,9,5.763654673611111,temperature
2023-01-13T00:00:00Z,ccre,10,5.740349166666666,temperature
2023-01-13T00:00:00Z,ccre,11,5.7427253333333335,temperature
2023-01-13T00:00:00Z,ccre,12,5.728599666666667,temperature
2023-01-13T00:00:00Z,ccre,13,5.7521592777777775,temperature
2023-01-14T00:00:00Z,ccre,1,5.564233756944445,temperature
2023-01-14T00:00:00Z,ccre,2,5.600427805555555,temperature
2023-01-14T00:00:00Z,ccre,3,5.621367965277778,temperature
2023-01-14T00:00:00Z,ccre,4,5.6236423125,temperature
2023-01-14T00:00:00Z,ccre,5,5.608304041666667,temperature
2023-01-14T00:00:00Z,ccre,6,5.606052958333334,temperature
2023-01-14T00:00:00Z,ccre,7,5.609247194444444,temperature
2023-01-14T00:00:00Z,ccre,8,5.6065264375,temperature
2023-01-14T00:00:00Z,ccre,9,5.612212666666666,temperature
2023-01-14T00:00:00Z,ccre,10,5.595941729166666,temperature
2023-01-14T00:00:00Z,ccre,11,5.604273423611111,temperature
2023-01-14T00:00:00Z,ccre,12,5.5967461875,temperature
2023-01-14T00:00:00Z,ccre,13,5.626477722222222,temperature
2023-01-15T00:00:00Z,ccre,1,5.380334395833334,temperature
2023-01-15T00:00:00Z,ccre,2,5.419038076388889,temperature
2023-01-15T00:00:00Z,ccre,3,5.437214701388889,temperature
2023-01-15T00:00:00Z,ccre,4,5.434361909722222,temperature
2023-01-15T00:00:00Z,ccre,5,5.416774895833333,temperature
2023-01-15T00:00:00Z,ccre,6,5.411291277777778,temperature
2023-01-15T00:00:00Z,ccre,7,5.410700423611111,temperature
2023-01-15T00:00:00Z,ccre,8,5.404287680555556,temperature
2023-01-15T00:00:00Z,ccre,9,5.407838756944445,temperature
2023-01-15T00:00:00Z,ccre,10,5.388161486111112,temperature
2023-01-15T00:00:00Z,ccre,11,5.392963520833334,temperature
2023-01-15T00:00:00Z,ccre,12,5.377685104166667,temperature
2023-01-15T00:00:00Z,ccre,13,5.400470659722222,temperature
2023-01-16T00:00:00Z,ccre,1,5.383105375,temperature
2023-01-16T00:00:00Z,ccre,2,5.372278173611111,temperature
2023-01-16T00:00:00Z,ccre,3,5.3505095972222225,temperature
2023-01-16T00:00:00Z,ccre,4,5.340394479166667,temperature
2023-01-16T00:00:00Z,ccre,5,5.318651819444445,temperature
2023-01-16T00:00:00Z,ccre,6,5.31117175,temperature
2023-01-16T00:00:00Z,ccre,7,5.312656993055556,temperature
2023-01-16T00:00:00Z,ccre,8,5.309444423611111,temperature
2023-01-16T00:00:00Z,ccre,9,5.314519388888889,temperature
2023-01-16T00:00:00Z,ccre,10,5.294866333333333,temperature
2023-01-16T00:00:00Z,ccre,11,5.298274930555555,temperature
2023-01-16T00:00:00Z,ccre,12,5.276746534722222,temperature
2023-01-16T00:00:00Z,ccre,13,5.296499020833333,temperature
2023-01-17T00:00:00Z,ccre,1,5.6004665625,temperature
2023-01-17T00:00:00Z,ccre,2,5.618998541666667,temperature
2023-01-17T00:00:00Z,ccre,3,5.587389555555555,temperature
2023-01-17T00:00:00Z,ccre,4,5.5677534444444445,temperature
2023-01-17T00:00:00Z,ccre,5,5.5232819375,temperature
2023-01-17T00:00:00Z,ccre,6,5.466024972222222,temperature
2023-01-17T00:00:00Z,ccre,7,5.423443847222222,temperature
2023-01-17T00:00:00Z,ccre,8,5.382567256944444,temperature
2023-01-17T00:00:00Z,ccre,9,5.344654236111111,temperature
2023-01-17T00:00:00Z,ccre,10,5.273788194444444,temperature
2023-01-17T00:00:00Z,ccre,11,5.262016666666667,temperature
2023-01-17T00:00:00Z,ccre,12,5.199427027777777,temperature
2023-01-17T00:00:00Z,ccre,13,5.211497548611111,temperature
2023-01-18T00:00:00Z,ccre,1,5.639039340277778,temperature
2023-01-18T00:00:00Z,ccre,2,5.646002138888889,temperature
2023-01-18T00:00:00Z,ccre,3,5.641214347222222,temperature
2023-01-18T00:00:00Z,ccre,4,5.626357743055555,temperature
2023-01-18T00:00:00Z,ccre,5,5.596946902777778,temperature
2023-01-18T00:00:00Z,ccre,6,5.579156208333333,temperature
2023-01-18T00:00:00Z,ccre,7,5.5488942083333335,temperature
2023-01-18T00:00:00Z,ccre,8,5.507145944444445,temperature
2023-01-18T00:00:00Z,ccre,9,5.4824123125,temperature
2023-01-18T00:00:00Z,ccre,10,5.401274111111111,temperature
2023-01-18T00:00:00Z,ccre,11,5.379324555555556,temperature
2023-01-18T00:00:00Z,ccre,12,5.287063111111111,temperature
2023-01-18T00:00:00Z,ccre,13,5.255633597222222,temperature
2023-01-19T00:00:00Z,ccre,1,5.584814902777778,temperature
2023-01-19T00:00:00Z,ccre,2,5.600862180555556,temperature
2023-01-19T00:00:00Z,ccre,3,5.606903673611111,temperature
2023-01-19T00:00:00Z,ccre,4,5.598617305555556,temperature
2023-01-19T00:00:00Z,ccre,5,5.570187201388889,temperature
2023-01-19T00:00:00Z,ccre,6,5.55655325,temperature
2023-01-19T00:00:00Z,ccre,7,5.544136659722223,temperature
2023-01-19T00:00:00Z,ccre,8,5.518013375,temperature
2023-01-19T00:00:00Z,ccre,9,5.4934933125,temperature
2023-01-19T00:00:00Z,ccre,10,5.430938291666667,temperature
2023-01-19T00:00:00Z,ccre,11,5.412188819444444,temperature
2023-01-19T00:00:00Z,ccre,12,5.376196486111111,temperature
2023-01-19T00:00:00Z,ccre,13,5.400201270833334,temperature
2023-01-20T00:00:00Z,ccre,1,5.438825979166666,temperature
2023-01-20T00:00:00Z,ccre,2,5.4622412222222225,temperature
2023-01-20T00:00:00Z,ccre,3,5.483123736111111,temperature
2023-01-20T00:00:00Z,ccre,4,5.483610729166666,temperature
2023-01-20T00:00:00Z,ccre,5,5.467266659722222,temperature
2023-01-20T00:00:00Z,ccre,6,5.462795868055555,temperature
2023-01-20T00:00:00Z,ccre,7,5.465415888888889,temperature
2023-01-20T00:00:00Z,ccre,8,5.462081201388889,temperature
2023-01-20T00:00:00Z,ccre,9,5.467399729166667,temperature
2023-01-20T00:00:00Z,ccre,10,5.450592201388889,temperature
2023-01-20T00:00:00Z,ccre,11,5.457226347222222,temperature
2023-01-20T00:00:00Z,ccre,12,5.450646888888889,temperature
2023-01-20T00:00:00Z,ccre,13,5.479594701388889,temperature
2023-01-21T00:00:00Z,ccre,1,5.4339285625,temperature
2023-01-21T00:00:00Z,ccre,2,5.475499625,temperature
2023-01-21T00:00:00Z,ccre,3,5.4845337291666665,temperature
2023-01-21T00:00:00Z,ccre,4,5.483692284722222,temperature
2023-01-21T00:00:00Z,ccre,5,5.463370993055555,temperature
2023-01-21T00:00:00Z,ccre,6,5.454947805555555,temperature
2023-01-21T00:00:00Z,ccre,7,5.451199395833333,temperature
2023-01-21T00:00:00Z,ccre,8,5.4409183125,temperature
2023-01-21T00:00:00Z,ccre,9,5.437273375,temperature
2023-01-21T00:00:00Z,ccre,10,5.4169805,temperature
2023-01-21T00:00:00Z,ccre,11,5.422745076388889,temperature
2023-01-21T00:00:00Z,ccre,12,5.415578979166667,temperature
2023-01-21T00:00:00Z,ccre,13,5.4459049861111115,temperature
2023-01-22T00:00:00Z,ccre,1,5.351738986111111,temperature
2023-01-22T00:00:00Z,ccre,2,5.388570951388889,temperature
2023-01-22T00:00:00Z,ccre,3,5.399416965277778,temperature
2023-01-22T00:00:00Z,ccre,4,5.403384701388889,temperature
2023-01-22T00:00:00Z,ccre,5,5.3867133958333335,temperature
2023-01-22T00:00:00Z,ccre,6,5.381196305555555,temperature
2023-01-22T00:00:00Z,ccre,7,5.384796534722223,temperature
2023-01-22T00:00:00Z,ccre,8,5.3816061388888885,temperature
2023-01-22T00:00:00Z,ccre,9,5.387733208333334,temperature
2023-01-22T00:00:00Z,ccre,10,5.370923715277778,temperature
2023-01-22T00:00:00Z,ccre,11,5.3770478125,temperature
2023-01-22T00:00:00Z,ccre,12,5.373652756944445,temperature
2023-01-22T00:00:00Z,ccre,13,5.404471027777777,temperature
2023-01-23T00:00:00Z,ccre,1,5.318812208333333,temperature
2023-01-23T00:00:00Z,ccre,2,5.349922819444444,temperature
2023-01-23T00:00:00Z,ccre,3,5.370461090277778,temperature
2023-01-23T00:00:00Z,ccre,4,5.372844180555555,temperature
2023-01-23T00:00:00Z,ccre,5,5.357499576388889,temperature
2023-01-23T00:00:00Z,ccre,6,5.353854041666667,temperature
2023-01-23T00:00:00Z,ccre,7,5.357581423611111,temperature
2023-01-23T00:00:00Z,ccre,8,5.354723319444444,temperature
2023-01-23T00:00:00Z,ccre,9,5.361217055555556,temperature
2023-01-23T00:00:00Z,ccre,10,5.344746215277778,temperature
2023-01-23T00:00:00Z,ccre,11,5.351826305555556,temperature
2023-01-23T00:00:00Z,ccre,12,5.349828888888889,temperature
2023-01-23T00:00:00Z,ccre,13,5.382719409722222,temperature
2023-01-24T00:00:00Z,ccre,1,5.388195409722222,temperature
2023-01-24T00:00:00Z,ccre,2,5.408226756944444,temperature
2023-01-24T00:00:00Z,ccre,3,5.388494458333334,temperature
2023-01-24T00:00:00Z,ccre,4,5.360772826388889,temperature
2023-01-24T00:00:00Z,ccre,5,5.328585041666667,temperature
2023-01-24T00:00:00Z,ccre,6,5.3189916875,temperature
2023-01-24T00:00:00Z,ccre,7,5.319736194444444,temperature
2023-01-24T00:00:00Z,ccre,8,5.312593625,temperature
2023-01-24T00:00:00Z,ccre,9,5.315362868055556,temperature
2023-01-24T00:00:00Z,ccre,10,5.292056763888889,temperature
2023-01-24T00:00:00Z,ccre,11,5.286928388888889,temperature
2023-01-24T00:00:00Z,ccre,12,5.2634753680555555,temperature
2023-01-24T00:00:00Z,ccre,13,5.289864194444444,temperature
2023-01-25T00:00:00Z,ccre,1,5.572328131944444,temperature
2023-01-25T00:00:00Z,ccre,2,5.600253756944444,temperature
2023-01-25T00:00:00Z,ccre,3,5.600615340277778,temperature
2023-01-25T00:00:00Z,ccre,4,5.592736958333333,temperature
2023-01-25T00:00:00Z,ccre,5,5.552348826388889,temperature
2023-01-25T00:00:00Z,ccre,6,5.479680548611111,temperature
2023-01-25T00:00:00Z,ccre,7,5.413156666666667,temperature
2023-01-25T00:00:00Z,ccre,8,5.350622333333333,temperature
2023-01-25T00:00:00Z,ccre,9,5.302220236111111,temperature
2023-01-25T00:00:00Z,ccre,10,5.238646986111111,temperature
2023-01-25T00:00:00Z,ccre,11,5.2323652222222226,temperature
2023-01-25T00:00:00Z,ccre,12,5.210784645833333,temperature
2023-01-25T00:00:00Z,ccre,13,5.243598243055556,temperature
2023-01-26T00:00:00Z,ccre,1,5.282354493055555,temperature
2023-01-26T00:00:00Z,ccre,2,5.310189118055556,temperature
2023-01-26T00:00:00Z,ccre,3,5.3295635,temperature
2023-01-26T00:00:00Z,ccre,4,5.331868215277778,temperature
2023-01-26T00:00:00Z,ccre,5,5.315957979166667,temperature
2023-01-26T00:00:00Z,ccre,6,5.312163618055555,temperature
2023-01-26T00:00:00Z,ccre,7,5.315613375,temperature
2023-01-26T00:00:00Z,ccre,8,5.313184027777778,temperature
2023-01-26T00:00:00Z,ccre,9,5.319831319444445,temperature
2023-01-26T00:00:00Z,ccre,10,5.303784861111111,temperature
2023-01-26T00:00:00Z,ccre,11,5.3086577083333335,temperature
2023-01-26T00:00:00Z,ccre,12,5.298343319444444,temperature
2023-01-26T00:00:00Z,ccre,13,5.3286333402777775,temperature
2023-01-27T00:00:00Z,ccre,1,5.240443479166666,temperature
2023-01-27T00:00:00Z,ccre,2,5.269185569444445,temperature
2023-01-27T00:00:00Z,ccre,3,5.282630229166666,temperature
2023-01-27T00:00:00Z,ccre,4,5.2756456875,temperature
2023-01-27T00:00:00Z,ccre,5,5.257244673611111,temperature
2023-01-27T00:00:00Z,ccre,6,5.252533111111111,temperature
2023-01-27T00:00:00Z,ccre,7,5.255811020833334,temperature
2023-01-27T00:00:00Z,ccre,8,5.252376722222222,temperature
2023-01-27T00:00:00Z,ccre,9,5.258072048611111,temperature
2023-01-27T00:00:00Z,ccre,10,5.2405145,temperature
2023-01-27T00:00:00Z,ccre,11,5.245150631944444,temperature
2023-01-27T00:00:00Z,ccre,12,5.236265555555556,temperature
2023-01-27T00:00:00Z,ccre,13,5.255706472222222,temperature
2023-01-28T00:00:00Z,ccre,1,5.272258493055555,temperature
2023-01-28T00:00:00Z,ccre,2,5.287171444444445,temperature
2023-01-28T00:00:00Z,ccre,3,5.269791416666667,temperature
2023-01-28T00:00:00Z,ccre,4,5.258825256944444,temperature
2023-01-28T00:00:00Z,ccre,5,5.235158222222222,temperature
2023-01-28T00:00:00Z,ccre,6,5.221184388888889,temperature
2023-01-28T00:00:00Z,ccre,7,5.218353006944445,temperature
2023-01-28T00:00:00Z,ccre,8,5.212468854166667,temperature
2023-01-28T00:00:00Z,ccre,9,5.216141930555556,temperature
2023-01-28T00:00:00Z,ccre,10,5.193327520833333,temperature
2023-01-28T00:00:00Z,ccre,11,5.196187513888889,temperature
2023-01-28T00:00:00Z,ccre,12,5.160857027777777,temperature
2023-01-28T00:00:00Z,ccre,13,5.1627334722222225,temperature
2023-01-29T00:00:00Z,ccre,1,5.149370326388889,temperature
2023-01-29T00:00:00Z,ccre,2,5.1783654375,temperature
2023-01-29T00:00:00Z,ccre,3,5.182504354166666,temperature
2023-01-29T00:00:00Z,ccre,4,5.178892083333333,temperature
2023-01-29T00:00:00Z,ccre,5,5.1567485104895106,temperature
2023-01-29T00:00:00Z,ccre,6,5.148007881944444,temperature
2023-01-29T00:00:00Z,ccre,7,5.149538201388889,temperature
2023-01-29T00:00:00Z,ccre,8,5.144783402777778,temperature
2023-01-29T00:00:00Z,ccre,9,5.147273298611111,temperature
2023-01-29T00:00:00Z,ccre,10,5.124470347222222,temperature
2023-01-29T00:00:00Z,ccre,11,5.129112833333333,temperature
2023-01-29T00:00:00Z,ccre,12,5.122791881944444,temperature
2023-01-29T00:00:00Z,ccre,13,5.153706833333334,temperature
2023-01-30T00:00:00Z,ccre,1,5.415766548611111,temperature
2023-01-30T00:00:00Z,ccre,2,5.381403319444445,temperature
2023-01-30T00:00:00Z,ccre,3,5.362344923611111,temperature
2023-01-30T00:00:00Z,ccre,4,5.342623763888889,temperature
2023-01-30T00:00:00Z,ccre,5,5.292859763888889,temperature
2023-01-30T00:00:00Z,ccre,6,5.235161645833333,temperature
2023-01-30T00:00:00Z,ccre,7,5.200616111111111,temperature
2023-01-30T00:00:00Z,ccre,8,5.175537888888889,temperature
2023-01-30T00:00:00Z,ccre,9,5.165666541666667,temperature
2023-01-30T00:00:00Z,ccre,10,5.120011368055556,temperature
2023-01-30T00:00:00Z,ccre,11,5.117979236111111,temperature
2023-01-30T00:00:00Z,ccre,12,5.097524979166667,temperature
2023-01-30T00:00:00Z,ccre,13,5.127691416666667,temperature
2023-01-31T00:00:00Z,ccre,1,5.613479375,temperature
2023-01-31T00:00:00Z,ccre,2,5.590845875,temperature
2023-01-31T00:00:00Z,ccre,3,5.554845951388889,temperature
2023-01-31T00:00:00Z,ccre,4,5.502958055555555,temperature
2023-01-31T00:00:00Z,ccre,5,5.417985229166667,temperature
2023-01-31T00:00:00Z,ccre,6,5.286673201388889,temperature
2023-01-31T00:00:00Z,ccre,7,5.214887611111111,temperature
2023-01-31T00:00:00Z,ccre,8,5.180411583333333,temperature
2023-01-31T00:00:00Z,ccre,9,5.1671199375,temperature
2023-01-31T00:00:00Z,ccre,10,5.134905854166667,temperature
2023-01-31T00:00:00Z,ccre,11,5.1384963402777775,temperature
2023-01-31T00:00:00Z,ccre,12,5.129286583333333,temperature
2023-01-31T00:00:00Z,ccre,13,5.1658765625,temperature
2023-02-01T00:00:00Z,ccre,1,5.565557631944444,temperature
2023-02-01T00:00:00Z,ccre,2,5.599567798611111,temperature
2023-02-01T00:00:00Z,ccre,3,5.601829444444444,temperature
2023-02-01T00:00:00Z,ccre,4,5.596087715277778,temperature
2023-02-01T00:00:00Z,ccre,5,5.572748388888889,temperature
2023-02-01T00:00:00Z,ccre,6,5.566510611111111,temperature
2023-02-01T00:00:00Z,ccre,7,5.557739840277778,temperature
2023-02-01T00:00:00Z,ccre,8,5.5303022083333335,temperature
2023-02-01T00:00:00Z,ccre,9,5.488147472222222,temperature
2023-02-01T00:00:00Z,ccre,10,5.281540305555556,temperature
2023-02-01T00:00:00Z,ccre,11,5.237065791666667,temperature
2023-02-01T00:00:00Z,ccre,12,5.1793481805555555,temperature
2023-02-01T00:00:00Z,ccre,13,5.208219479166667,temperature
2023-02-02T00:00:00Z,ccre,1,5.510400291666667,temperature
2023-02-02T00:00:00Z,ccre,2,5.5410853125,temperature
2023-02-02T00:00:00Z,ccre,3,5.528452277777777,temperature
2023-02-02T00:00:00Z,ccre,4,5.522257416666666,temperature
2023-02-02T00:00:00Z,ccre,5,5.494567402777777,temperature
2023-02-02T00:00:00Z,ccre,6,5.4653675625,temperature
2023-02-02T00:00:00Z,ccre,7,5.440309041666667,temperature
2023-02-02T00:00:00Z,ccre,8,5.385837298611111,temperature
2023-02-02T00:00:00Z,ccre,9,5.345776381944445,temperature
2023-02-02T00:00:00Z,ccre,10,5.271709618055556,temperature
2023-02-02T00:00:00Z,ccre,11,5.268303277777778,temperature
2023-02-02T00:00:00Z,ccre,12,5.237786993055556,temperature
2023-02-02T00:00:00Z,ccre,13,5.252616166666667,temperature
2023-02-03T00:00:00Z,ccre,1,5.277529138888889,temperature
2023-02-03T00:00:00Z,ccre,2,5.313628631944445,temperature
2023-02-03T00:00:00Z,ccre,3,5.336722833333333,temperature
2023-02-03T00:00:00Z,ccre,4,5.338418916666667,temperature
2023-02-03T00:00:00Z,ccre,5,5.322422395833334,temperature
2023-02-03T00:00:00Z,ccre,6,5.318736354166667,temperature
2023-02-03T00:00:00Z,ccre,7,5.321811597222222,temperature
2023-02-03T00:00:00Z,ccre,8,5.320541111111111,temperature
2023-02-03T00:00:00Z,ccre,9,5.326767756944444,temperature
2023-02-03T00:00:00Z,ccre,10,5.308581479166667,temperature
2023-02-03T00:00:00Z,ccre,11,5.3153192152777775,temperature
2023-02-03T00:00:00Z,ccre,12,5.30684975,temperature
2023-02-03T00:00:00Z,ccre,13,5.334269993055556,temperature
2023-02-04T00:00:00Z,ccre,1,5.164774708333334,temperature
2023-02-04T00:00:00Z,ccre,2,5.214475159722222,temperature
2023-02-04T00:00:00Z,ccre,3,5.201774756944444,temperature
2023-02-04T00:00:00Z,ccre,4,5.189605618055555,temperature
2023-02-04T00:00:00Z,ccre,5,5.166073625,temperature
2023-02-04T00:00:00Z,ccre,6,5.160971277777778,temperature
2023-02-04T00:00:00Z,ccre,7,5.161220055555556,temperature
2023-02-04T00:00:00Z,ccre,8,5.157066048611111,temperature
2023-02-04T00:00:00Z,ccre,9,5.162452013888889,temperature
2023-02-04T00:00:00Z,ccre,10,5.142220972222222,temperature
2023-02-04T00:00:00Z,ccre,11,5.146849652777778,temperature
2023-02-04T00:00:00Z,ccre,12,5.128771826388889,temperature
2023-02-04T00:00:00Z,ccre,13,5.151345527777778,temperature
2023-02-05T00:00:00Z,ccre,1,5.178779784722222,temperature
2023-02-05T00:00:00Z,ccre,2,5.192120798611111,temperature
2023-02-05T00:00:00Z,ccre,3,5.184864395833333,temperature
2023-02-05T00:00:00Z,ccre,4,5.172842604166667,temperature
2023-02-05T00:00:00Z,ccre,5,5.1496131875,temperature
2023-02-05T00:00:00Z,ccre,6,5.1397634375,temperature
2023-02-05T00:00:00Z,ccre,7,5.1385424791666665,temperature
2023-02-05T00:00:00Z,ccre,8,5.129791826388889,temperature
2023-02-05T00:00:00Z,ccre,9,5.125179666666667,temperature
2023-02-05T00:00:00Z,ccre,10,5.095941701388889,temperature
2023-02-05T00:00:00Z,ccre,11,5.089823173611111,temperature
2023-02-05T00:00:00Z,ccre,12,5.066038680555556,temperature
2023-02-05T00:00:00Z,ccre,13,5.097632027777778,temperature
2023-02-06T00:00:00Z,ccre,1,5.2433110972222225,temperature
2023-02-06T00:00:00Z,ccre,2,5.269620145833334,temperature
2023-02-06T00:00:00Z,ccre,3,5.285669680555555,temperature
2023-02-06T00:00:00Z,ccre,4,5.284505347222222,temperature
2023-02-06T00:00:00Z,ccre,5,5.264709604166667,temperature
2023-02-06T00:00:00Z,ccre,6,5.254526305555555,temperature
2023-02-06T00:00:00Z,ccre,7,5.251869798611111,temperature
2023-02-06T00:00:00Z,ccre,8,5.239930847222222,temperature
2023-02-06T00:00:00Z,ccre,9,5.237394048611111,temperature
2023-02-06T00:00:00Z,ccre,10,5.210611527777778,temperature
2023-02-06T00:00:00Z,ccre,11,5.212819965277777,temperature
2023-02-06T00:00:00Z,ccre,12,5.181087020833333,temperature
2023-02-06T00:00:00Z,ccre,13,5.203261645833333,temperature
2023-02-07T00:00:00Z,ccre,1,5.493534284722222,temperature
2023-02-07T00:00:00Z,ccre,2,5.470614708333334,temperature
2023-02-07T00:00:00Z,ccre,3,5.417038770833334,temperature
2023-02-07T00:00:00Z,ccre,4,5.360978152777778,temperature
2023-02-07T00:00:00Z,ccre,5,5.307375145833333,temperature
2023-02-07T00:00:00Z,ccre,6,5.2787784375,temperature
2023-02-07T00:00:00Z,ccre,7,5.255135569444445,temperature
2023-02-07T00:00:00Z,ccre,8,5.211841111111111,temperature
2023-02-07T00:00:00Z,ccre,9,5.203857138888889,temperature
2023-02-07T00:00:00Z,ccre,10,5.165911506944444,temperature
2023-02-07T00:00:00Z,ccre,11,5.162451333333333,temperature
2023-02-07T00:00:00Z,ccre,12,5.120324131944445,temperature
2023-02-07T00:00:00Z,ccre,13,5.138138395833334,temperature
2023-02-08T00:00:00Z,ccre,1,5.9111609375,temperature
2023-02-08T00:00:00Z,ccre,2,5.8719963125,temperature
2023-02-08T00:00:00Z,ccre,3,5.794115201388889,temperature
2023-02-08T00:00:00Z,ccre,4,5.706039347222222,temperature
2023-02-08T00:00:00Z,ccre,5,5.569980104166667,temperature
2023-02-08T00:00:00Z,ccre,6,5.453573395833334,temperature
2023-02-08T00:00:00Z,ccre,7,5.329182256944445,temperature
2023-02-08T00:00:00Z,ccre,8,5.252569527777778,temperature
2023-02-08T00:00:00Z,ccre,9,5.217775284722222,temperature
2023-02-08T00:00:00Z,ccre,10,5.173815305555555,temperature
2023-02-08T00:00:00Z,ccre,11,5.1723857013888885,temperature
2023-02-08T00:00:00Z,ccre,12,5.124211597222223,temperature
2023-02-08T00:00:00Z,ccre,13,5.135820548611111,temperature
2023-02-09T00:00:00Z,ccre,1,6.638843076388889,temperature
2023-02-09T00:00:00Z,ccre,2,6.513254972222223,temperature
2023-02-09T00:00:00Z,ccre,3,6.353328027777778,temperature
2023-02-09T00:00:00Z,ccre,4,6.019927972222222,temperature
2023-02-09T00:00:00Z,ccre,5,5.6648618125,temperature
2023-02-09T00:00:00Z,ccre,6,5.4538264375,temperature
2023-02-09T00:00:00Z,ccre,7,5.335864090277778,temperature
2023-02-09T00:00:00Z,ccre,8,5.2800360486111115,temperature
2023-02-09T00:00:00Z,ccre,9,5.258215534722222,temperature
2023-02-09T00:00:00Z,ccre,10,5.2029238611111115,temperature
2023-02-09T00:00:00Z,ccre,11,5.200635854166666,temperature
2023-02-09T00:00:00Z,ccre,12,5.181278590277778,temperature
2023-02-09T00:00:00Z,ccre,13,5.208852277777778,temperature
2023-02-10T00:00:00Z,ccre,1,6.085072805555556,temperature
2023-02-10T00:00:00Z,ccre,2,6.098255090277778,temperature
2023-02-10T00:00:00Z,ccre,3,6.1036478333333335,temperature
2023-02-10T00:00:00Z,ccre,4,6.073941895833333,temperature
2023-02-10T00:00:00Z,ccre,5,6.022574048611111,temperature
2023-02-10T00:00:00Z,ccre,6,5.964763763888889,temperature
2023-02-10T00:00:00Z,ccre,7,5.910256444444444,temperature
2023-02-10T00:00:00Z,ccre,8,5.8646498125,temperature
2023-02-10T00:00:00Z,ccre,9,5.814528472222222,temperature
2023-02-10T00:00:00Z,ccre,10,5.6451091388888885,temperature
2023-02-10T00:00:00Z,ccre,11,5.568731006944445,temperature
2023-02-10T00:00:00Z,ccre,12,5.349842423611111,temperature
2023-02-10T00:00:00Z,ccre,13,5.289833180555555,temperature
2023-02-11T00:00:00Z,ccre,1,6.009700270833333,temperature
2023-02-11T00:00:00Z,ccre,2,6.028481354166667,temperature
2023-02-11T00:00:00Z,ccre,3,6.0033670625,temperature
2023-02-11T00:00:00Z,ccre,4,5.9759641875,temperature
2023-02-11T00:00:00Z,ccre,5,5.947052326388889,temperature
2023-02-11T00:00:00Z,ccre,6,5.935701743055556,temperature
2023-02-11T00:00:00Z,ccre,7,5.933040381944444,temperature
2023-02-11T00:00:00Z,ccre,8,5.9246058263888886,temperature
2023-02-11T00:00:00Z,ccre,9,5.921340680555556,temperature
2023-02-11T00:00:00Z,ccre,10,5.884239590277778,temperature
2023-02-11T00:00:00Z,ccre,11,5.878028611111111,temperature
2023-02-11T00:00:00Z,ccre,12,5.830084652777778,temperature
2023-02-11T00:00:00Z,ccre,13,5.817424534722222,temperature
2023-02-12T00:00:00Z,ccre,1,6.045520958333333,temperature
2023-02-12T00:00:00Z,ccre,2,6.072079083333334,temperature
2023-02-12T00:00:00Z,ccre,3,6.085567229166666,temperature
2023-02-12T00:00:00Z,ccre,4,6.085201659722222,temperature
2023-02-12T00:00:00Z,ccre,5,6.060385979166667,temperature
2023-02-12T00:00:00Z,ccre,6,6.032602708333333,temperature
2023-02-12T00:00:00Z,ccre,7,6.009899527777778,temperature
2023-02-12T00:00:00Z,ccre,8,5.994874034722223,temperature
2023-02-12T00:00:00Z,ccre,9,5.979783777777778,temperature
2023-02-12T00:00:00Z,ccre,10,5.927585951388889,temperature
2023-02-12T00:00:00Z,ccre,11,5.920888395833333,temperature
2023-02-12T00:00:00Z,ccre,12,5.859950722222222,temperature
2023-02-12T00:00:00Z,ccre,13,5.855451333333334,temperature
2023-02-13T00:00:00Z,ccre,1,6.071675375,temperature
2023-02-13T00:00:00Z,ccre,2,6.085131923611111,temperature
2023-02-13T00:00:00Z,ccre,3,6.08350475,temperature
2023-02-13T00:00:00Z,ccre,4,6.068793555555556,temperature
2023-02-13T00:00:00Z,ccre,5,6.0372475,temperature
2023-02-13T00:00:00Z,ccre,6,6.009588430555556,temperature
2023-02-13T00:00:00Z,ccre,7,5.9900624166666665,temperature
2023-02-13T00:00:00Z,ccre,8,5.938213055555556,temperature
2023-02-13T00:00:00Z,ccre,9,5.9127313402777775,temperature
2023-02-13T00:00:00Z,ccre,10,5.874667416666667,temperature
2023-02-13T00:00:00Z,ccre,11,5.881032895833333,temperature
2023-02-13T00:00:00Z,ccre,12,5.871723979166667,temperature
2023-02-13T00:00:00Z,ccre,13,5.901700930555555,temperature
2023-02-14T00:00:00Z,ccre,1,6.057405159722222,temperature
2023-02-14T00:00:00Z,ccre,2,6.0351619375,temperature
2023-02-14T00:00:00Z,ccre,3,6.004669986111111,temperature
2023-02-14T00:00:00Z,ccre,4,5.984266479166667,temperature
2023-02-14T00:00:00Z,ccre,5,5.954296027777778,temperature
2023-02-14T00:00:00Z,ccre,6,5.930514611111111,temperature
2023-02-14T00:00:00Z,ccre,7,5.916605756944445,temperature
2023-02-14T00:00:00Z,ccre,8,5.901009625,temperature
2023-02-14T00:00:00Z,ccre,9,5.8988064513888885,temperature
2023-02-14T00:00:00Z,ccre,10,5.8670018125,temperature
2023-02-14T00:00:00Z,ccre,11,5.867470770833333,temperature
2023-02-14T00:00:00Z,ccre,12,5.840047548611111,temperature
2023-02-14T00:00:00Z,ccre,13,5.862341909722222,temperature
2023-02-15T00:00:00Z,ccre,1,6.7412254930555555,temperature
2023-02-15T00:00:00Z,ccre,2,6.549996430555556,temperature
2023-02-15T00:00:00Z,ccre,3,6.339105076388889,temperature
2023-02-15T00:00:00Z,ccre,4,6.100626395833333,temperature
2023-02-15T00:00:00Z,ccre,5,5.974001458333333,temperature
2023-02-15T00:00:00Z,ccre,6,5.910016534722222,temperature
2023-02-15T00:00:00Z,ccre,7,5.886572916666666,temperature
2023-02-15T00:00:00Z,ccre,8,5.87025025,temperature
2023-02-15T00:00:00Z,ccre,9,5.867866881944445,temperature
2023-02-15T00:00:00Z,ccre,10,5.840440208333334,temperature
2023-02-15T00:00:00Z,ccre,11,5.844088013888889,temperature
2023-02-15T00:00:00Z,ccre,12,5.827518625,temperature
2023-02-15T00:00:00Z,ccre,13,5.856315347222222,temperature
2023-02-16T00:00:00Z,ccre,1,6.713477368055556,temperature
2023-02-16T00:00:00Z,ccre,2,6.598421680555556,temperature
2023-02-16T00:00:00Z,ccre,3,6.490235826388889,temperature
2023-02-16T00:00:00Z,ccre,4,6.3389811597222225,temperature
2023-02-16T00:00:00Z,ccre,5,6.215363972222222,temperature
2023-02-16T00:00:00Z,ccre,6,6.034285576388889,temperature
2023-02-16T00:00:00Z,ccre,7,5.945618486111111,temperature
2023-02-16T00:00:00Z,ccre,8,5.894555340277778,temperature
2023-02-16T00:00:00Z,ccre,9,5.880309375,temperature
2023-02-16T00:00:00Z,ccre,10,5.850088881944444,temperature
2023-02-16T00:00:00Z,ccre,11,5.854704236111111,temperature
2023-02-16T00:00:00Z,ccre,12,5.842148423611111,temperature
2023-02-16T00:00:00Z,ccre,13,5.873740048611111,temperature
2023-02-17T00:00:00Z,ccre,1,7.278725520833333,temperature
2023-02-17T00:00:00Z,ccre,2,7.232003041666666,temperature
2023-02-17T00:00:00Z,ccre,3,7.165510305555555,temperature
2023-02-17T00:00:00Z,ccre,4,7.085940819444445,temperature
2023-02-17T00:00:00Z,ccre,5,7.018092458333333,temperature
2023-02-17T00:00:00Z,ccre,6,6.972146777777778,temperature
2023-02-17T00:00:00Z,ccre,7,6.917880958333333,temperature
2023-02-17T00:00:00Z,ccre,8,6.844073145833334,temperature
2023-02-17T00:00:00Z,ccre,9,6.715033583333334,temperature
2023-02-17T00:00:00Z,ccre,10,6.459617770833334,temperature
2023-02-17T00:00:00Z,ccre,11,6.3527653125,temperature
2023-02-17T00:00:00Z,ccre,12,6.009064298611111,temperature
2023-02-17T00:00:00Z,ccre,13,5.970637826388889,temperature
2023-02-18T00:00:00Z,ccre,1,7.058862423611111,temperature
2023-02-18T00:00:00Z,ccre,2,7.074470236111111,temperature
2023-02-18T00:00:00Z,ccre,3,7.036945527777778,temperature
2023-02-18T00:00:00Z,ccre,4,6.998069305555555,temperature
2023-02-18T00:00:00Z,ccre,5,6.954613083333333,temperature
2023-02-18T00:00:00Z,ccre,6,6.896083805555556,temperature
2023-02-18T00:00:00Z,ccre,7,6.836652680555556,temperature
2023-02-18T00:00:00Z,ccre,8,6.8021074652777775,temperature
2023-02-18T00:00:00Z,ccre,9,6.782280305555555,temperature
2023-02-18T00:00:00Z,ccre,10,6.709036284722222,temperature
2023-02-18T00:00:00Z,ccre,11,6.658621819444445,temperature
2023-02-18T00:00:00Z,ccre,12,6.354602993055556,temperature
2023-02-18T00:00:00Z,ccre,13,6.152212083333334,temperature
2023-02-19T00:00:00Z,ccre,1,7.0826201597222225,temperature
2023-02-19T00:00:00Z,ccre,2,7.032146826388889,temperature
2023-02-19T00:00:00Z,ccre,3,6.9644810625,temperature
2023-02-19T00:00:00Z,ccre,4,6.8858364375,temperature
2023-02-19T00:00:00Z,ccre,5,6.7898813125,temperature
2023-02-19T00:00:00Z,ccre,6,6.602761951388889,temperature
2023-02-19T00:00:00Z,ccre,7,6.510089798611111,temperature
2023-02-19T00:00:00Z,ccre,8,6.454662493055555,temperature
2023-02-19T00:00:00Z,ccre,9,6.424578708333334,temperature
2023-02-19T00:00:00Z,ccre,10,6.347774881944445,temperature
2023-02-19T00:00:00Z,ccre,11,6.330106881944444,temperature
2023-02-19T00:00:00Z,ccre,12,6.267400083333333,temperature
2023-02-19T00:00:00Z,ccre,13,6.181223930555555,temperature
2023-02-20T00:00:00Z,ccre,1,6.752459625,temperature
2023-02-20T00:00:00Z,ccre,2,6.746834555555556,temperature
2023-02-20T00:00:00Z,ccre,3,6.723026604166667,temperature
2023-02-20T00:00:00Z,ccre,4,6.697749569444444,temperature
2023-02-20T00:00:00Z,ccre,5,6.6446668125,temperature
2023-02-20T00:00:00Z,ccre,6,6.607053888888889,temperature
2023-02-20T00:00:00Z,ccre,7,6.574961055555556,temperature
2023-02-20T00:00:00Z,ccre,8,6.5243767013888885,temperature
2023-02-20T00:00:00Z,ccre,9,6.492857930555555,temperature
2023-02-20T00:00:00Z,ccre,10,6.425732444444445,temperature
2023-02-20T00:00:00Z,ccre,11,6.409496909722222,temperature
2023-02-20T00:00:00Z,ccre,12,6.3254300625,temperature
2023-02-20T00:00:00Z,ccre,13,6.309199826388888,temperature
2023-02-21T00:00:00Z,ccre,1,6.6926684652777775,temperature
2023-02-21T00:00:00Z,ccre,2,6.712821694444444,temperature
2023-02-21T00:00:00Z,ccre,3,6.7237109097222225,temperature
2023-02-21T00:00:00Z,ccre,4,6.717633277777778,temperature
2023-02-21T00:00:00Z,ccre,5,6.698372881944445,temperature
2023-02-21T00:00:00Z,ccre,6,6.693065798611111,temperature
2023-02-21T00:00:00Z,ccre,7,6.6963841875,temperature
2023-02-21T00:00:00Z,ccre,8,6.6917908125,temperature
2023-02-21T00:00:00Z,ccre,9,6.69509125,temperature
2023-02-21T00:00:00Z,ccre,10,6.6707131875,temperature
2023-02-21T00:00:00Z,ccre,11,6.672218736111111,temperature
2023-02-21T00:00:00Z,ccre,12,6.553899701388889,temperature
2023-02-21T00:00:00Z,ccre,13,6.5228998125,temperature
2023-02-22T00:00:00Z,ccre,1,7.093463013888889,temperature
2023-02-22T00:00:00Z,ccre,2,7.053495298611111,temperature
2023-02-22T00:00:00Z,ccre,3,7.00864175,temperature
2023-02-22T00:00:00Z,ccre,4,6.960710902777778,temperature
2023-02-22T00:00:00Z,ccre,5,6.8745171875,temperature
2023-02-22T00:00:00Z,ccre,6,6.796576777777778,temperature
2023-02-22T00:00:00Z,ccre,7,6.768124631944445,temperature
2023-02-22T00:00:00Z,ccre,8,6.742608986111111,temperature
2023-02-22T00:00:00Z,ccre,9,6.7233004930555555,temperature
2023-02-22T00:00:00Z,ccre,10,6.682270833333333,temperature
2023-02-22T00:00:00Z,ccre,11,6.685145444444444,temperature
2023-02-22T00:00:00Z,ccre,12,6.635655868055555,temperature
2023-02-22T00:00:00Z,ccre,13,6.614419069444445,temperature
2023-02-23T00:00:00Z,ccre,1,7.877209916666667,temperature
2023-02-23T00:00:00Z,ccre,2,7.691824048611111,temperature
2023-02-23T00:00:00Z,ccre,3,7.433397645833334,temperature
2023-02-23T00:00:00Z,ccre,4,7.231211270833334,temperature
2023-02-23T00:00:00Z,ccre,5,7.1181475277777775,temperature
2023-02-23T00:00:00Z,ccre,6,7.0119130625,temperature
2023-02-23T00:00:00Z,ccre,7,6.921119402777777,temperature
2023-02-23T00:00:00Z,ccre,8,6.85998425,temperature
2023-02-23T00:00:00Z,ccre,9,6.823447027777778,temperature
2023-02-23T00:00:00Z,ccre,10,6.7421624375,temperature
2023-02-23T00:00:00Z,ccre,11,6.721950034722222,temperature
2023-02-23T00:00:00Z,ccre,12,6.6623424375,temperature
2023-02-23T00:00:00Z,ccre,13,6.625162319444445,temperature
2023-02-24T00:00:00Z,ccre,1,7.794995763888889,temperature
2023-02-24T00:00:00Z,ccre,2,7.817639611111111,temperature
2023-02-24T00:00:00Z,ccre,3,7.828103333333333,temperature
2023-02-24T00:00:00Z,ccre,4,7.823801020833334,temperature
2023-02-24T00:00:00Z,ccre,5,7.801898048611111,temperature
2023-02-24T00:00:00Z,ccre,6,7.7797348402777775,temperature
2023-02-24T00:00:00Z,ccre,7,7.7351221875,temperature
2023-02-24T00:00:00Z,ccre,8,7.673483965277778,temperature
2023-02-24T00:00:00Z,ccre,9,7.588225805555556,temperature
2023-02-24T00:00:00Z,ccre,10,7.308174159722222,temperature
2023-02-24T00:00:00Z,ccre,11,7.246723,temperature
2023-02-24T00:00:00Z,ccre,12,6.9665908680555555,temperature
2023-02-24T00:00:00Z,ccre,13,6.838673173611111,temperature
2023-02-25T00:00:00Z,ccre,1,7.876468388888889,temperature
2023-02-25T00:00:00Z,ccre,2,7.915052423611111,temperature
2023-02-25T00:00:00Z,ccre,3,7.919933270833333,temperature
2023-02-25T00:00:00Z,ccre,4,7.9195450902777775,temperature
2023-02-25T00:00:00Z,ccre,5,7.897630444444444,temperature
2023-02-25T00:00:00Z,ccre,6,7.885355194444444,temperature
2023-02-25T00:00:00Z,ccre,7,7.860531895833334,temperature
2023-02-25T00:00:00Z,ccre,8,7.726849652777778,temperature
2023-02-25T00:00:00Z,ccre,9,7.5659791875,temperature
2023-02-25T00:00:00Z,ccre,10,7.327211506944445,temperature
2023-02-25T00:00:00Z,ccre,11,7.231340145833333,temperature
2023-02-25T00:00:00Z,ccre,12,6.991120576388889,temperature
2023-02-25T00:00:00Z,ccre,13,6.852639444444445,temperature
2023-02-26T00:00:00Z,ccre,1,8.002728680555556,temperature
2023-02-26T00:00:00Z,ccre,2,7.989179763888889,temperature
2023-02-26T00:00:00Z,ccre,3,7.943447798611111,temperature
2023-02-26T00:00:00Z,ccre,4,7.908498180555555,temperature
2023-02-26T00:00:00Z,ccre,5,7.8567965555555555,temperature
2023-02-26T00:00:00Z,ccre,6,7.766605,temperature
2023-02-26T00:00:00Z,ccre,7,7.707004597222222,temperature
2023-02-26T00:00:00Z,ccre,8,7.565790611111111,temperature
2023-02-26T00:00:00Z,ccre,9,7.402848472222222,temperature
2023-02-26T00:00:00Z,ccre,10,7.214069958333333,temperature
2023-02-26T00:00:00Z,ccre,11,7.144790625,temperature
2023-02-26T00:00:00Z,ccre,12,6.9595279097222225,temperature
2023-02-26T00:00:00Z,ccre,13,6.903644076388889,temperature
2023-02-27T00:00:00Z,ccre,1,7.832271909722222,temperature
2023-02-27T00:00:00Z,ccre,2,7.842678291666666,temperature
2023-02-27T00:00:00Z,ccre,3,7.828517006944445,temperature
2023-02-27T00:00:00Z,ccre,4,7.796009229166667,temperature
2023-02-27T00:00:00Z,ccre,5,7.724568659722222,temperature
2023-02-27T00:00:00Z,ccre,6,7.659394909722222,temperature
2023-02-27T00:00:00Z,ccre,7,7.580477520833333,temperature
2023-02-27T00:00:00Z,ccre,8,7.515971923611112,temperature
2023-02-27T00:00:00Z,ccre,9,7.477572020833334,temperature
2023-02-27T00:00:00Z,ccre,10,7.365707965277778,temperature
2023-02-27T00:00:00Z,ccre,11,7.327156027777778,temperature
2023-02-27T00:00:00Z,ccre,12,7.107876854166666,temperature
2023-02-27T00:00:00Z,ccre,13,6.9521325208333336,temperature
2023-02-28T00:00:00Z,ccre,1,8.199957944444444,temperature
2023-02-28T00:00:00Z,ccre,2,8.214459326388889,temperature
2023-02-28T00:00:00Z,ccre,3,8.21943770138889,temperature
2023-02-28T00:00:00Z,ccre,4,8.199158826388889,temperature
2023-02-28T00:00:00Z,ccre,5,8.149826076388889,temperature
2023-02-28T00:00:00Z,ccre,6,8.104881409722223,temperature
2023-02-28T00:00:00Z,ccre,7,8.06282888888889,temperature
2023-02-28T00:00:00Z,ccre,8,7.868392236111111,temperature
2023-02-28T00:00:00Z,ccre,9,7.747503298611111,temperature
2023-02-28T00:00:00Z,ccre,10,7.524375652777778,temperature
2023-02-28T00:00:00Z,ccre,11,7.465613402777778,temperature
2023-02-28T00:00:00Z,ccre,12,7.257833208333333,temperature
2023-02-28T00:00:00Z,ccre,13,7.095557041666667,temperature
2023-03-01T00:00:00Z,ccre,1,8.661381625,temperature
2023-03-01T00:00:00Z,ccre,2,8.624662416666666,temperature
2023-03-01T00:00:00Z,ccre,3,8.599589875,temperature
2023-03-01T00:00:00Z,ccre,4,8.531791930555556,temperature
2023-03-01T00:00:00Z,ccre,5,8.375398881944445,temperature
2023-03-01T00:00:00Z,ccre,6,8.254727548611111,temperature
2023-03-01T00:00:00Z,ccre,7,8.136866006944445,temperature
2023-03-01T00:00:00Z,ccre,8,8.004153375,temperature
2023-03-01T00:00:00Z,ccre,9,7.833733388888889,temperature
2023-03-01T00:00:00Z,ccre,10,7.572006402777777,temperature
2023-03-01T00:00:00Z,ccre,11,7.495212784722222,temperature
2023-03-01T00:00:00Z,ccre,12,7.228632736111111,temperature
2023-03-01T00:00:00Z,ccre,13,7.178644569444445,temperature
2023-03-02T00:00:00Z,ccre,1,9.176921166666666,temperature
2023-03-02T00:00:00Z,ccre,2,8.9737370625,temperature
2023-03-02T00:00:00Z,ccre,3,8.712403875,temperature
2023-03-02T00:00:00Z,ccre,4,8.376222854166667,temperature
2023-03-02T00:00:00Z,ccre,5,8.180968555555555,temperature
2023-03-02T00:00:00Z,ccre,6,8.061101840277777,temperature
2023-03-02T00:00:00Z,ccre,7,7.946893333333334,temperature
2023-03-02T00:00:00Z,ccre,8,7.842806875,temperature
2023-03-02T00:00:00Z,ccre,9,7.772619868055555,temperature
2023-03-02T00:00:00Z,ccre,10,7.619455076388889,temperature
2023-03-02T00:00:00Z,ccre,11,7.575696493055555,temperature
2023-03-02T00:00:00Z,ccre,12,7.380977180555556,temperature
2023-03-02T00:00:00Z,ccre,13,7.249474597222222,temperature
2023-03-03T00:00:00Z,ccre,1,9.04222888888889,temperature
2023-03-03T00:00:00Z,ccre,2,9.044884368055556,temperature
2023-03-03T00:00:00Z,ccre,3,9.012152847222222,temperature
2023-03-03T00:00:00Z,ccre,4,8.9447795,temperature
2023-03-03T00:00:00Z,ccre,5,8.662779715277777,temperature
2023-03-03T00:00:00Z,ccre,6,8.421437583333333,temperature
2023-03-03T00:00:00Z,ccre,7,8.2549158125,temperature
2023-03-03T00:00:00Z,ccre,8,8.067403402777778,temperature
2023-03-03T00:00:00Z,ccre,9,7.9173065,temperature
2023-03-03T00:00:00Z,ccre,10,7.714461166666666,temperature
2023-03-03T00:00:00Z,ccre,11,7.638151520833333,temperature
2023-03-03T00:00:00Z,ccre,12,7.414428215277778,temperature
2023-03-03T00:00:00Z,ccre,13,7.236449909722222,temperature
2023-03-04T00:00:00Z,ccre,1,8.542544888888889,temperature
2023-03-04T00:00:00Z,ccre,2,8.572890361111112,temperature
2023-03-04T00:00:00Z,ccre,3,8.570391597222223,temperature
2023-03-04T00:00:00Z,ccre,4,8.536829631944444,temperature
2023-03-04T00:00:00Z,ccre,5,8.471042138888889,temperature
2023-03-04T00:00:00Z,ccre,6,8.382129194444444,temperature
2023-03-04T00:00:00Z,ccre,7,8.303852972222222,temperature
2023-03-04T00:00:00Z,ccre,8,8.163052763888889,temperature
2023-03-04T00:00:00Z,ccre,9,7.928500673611111,temperature
2023-03-04T00:00:00Z,ccre,10,7.705541451388889,temperature
2023-03-04T00:00:00Z,ccre,11,7.677109680555556,temperature
2023-03-04T00:00:00Z,ccre,12,7.570759305555556,temperature
2023-03-04T00:00:00Z,ccre,13,7.442715875,temperature
2023-03-05T00:00:00Z,ccre,1,9.128517798611112,temperature
2023-03-05T00:00:00Z,ccre,2,9.122055972222222,temperature
2023-03-05T00:00:00Z,ccre,3,9.086373173611111,temperature
2023-03-05T00:00:00Z,ccre,4,8.904212305555555,temperature
2023-03-05T00:00:00Z,ccre,5,8.653209701388889,temperature
2023-03-05T00:00:00Z,ccre,6,8.525038618055556,temperature
2023-03-05T00:00:00Z,ccre,7,8.484384923611112,temperature
2023-03-05T00:00:00Z,ccre,8,8.4675214375,temperature
2023-03-05T00:00:00Z,ccre,9,8.454493194444444,temperature
2023-03-05T00:00:00Z,ccre,10,8.321459402777778,temperature
2023-03-05T00:00:00Z,ccre,11,8.152121020833333,temperature
2023-03-05T00:00:00Z,ccre,12,7.688513145833333,temperature
2023-03-05T00:00:00Z,ccre,13,7.536350416666667,temperature
2023-03-06T00:00:00Z,ccre,1,9.605804597222225,temperature
2023-03-06T00:00:00Z,ccre,2,9.469693958333334,temperature
2023-03-06T00:00:00Z,ccre,3,9.272384006944444,temperature
2023-03-06T00:00:00Z,ccre,4,9.119773041666669,temperature
2023-03-06T00:00:00Z,ccre,5,8.910318395833333,temperature
2023-03-06T00:00:00Z,ccre,6,8.583496944444445,temperature
2023-03-06T00:00:00Z,ccre,7,8.507661597222222,temperature
2023-03-06T00:00:00Z,ccre,8,8.430342576388888,temperature
2023-03-06T00:00:00Z,ccre,9,8.328004388888889,temperature
2023-03-06T00:00:00Z,ccre,10,8.07151245138889,temperature
2023-03-06T00:00:00Z,ccre,11,7.938791027777778,temperature
2023-03-06T00:00:00Z,ccre,12,7.617206701388889,temperature
2023-03-06T00:00:00Z,ccre,13,7.537751048611111,temperature
2023-03-07T00:00:00Z,ccre,1,9.37790342361111,temperature
2023-03-07T00:00:00Z,ccre,2,9.290169666666667,temperature
2023-03-07T00:00:00Z,ccre,3,9.24911477777778,temperature
2023-03-07T00:00:00Z,ccre,4,9.210570013888889,temperature
2023-03-07T00:00:00Z,ccre,5,9.159095701388887,temperature
2023-03-07T00:00:00Z,ccre,6,9.10376459027778,temperature
2023-03-07T00:00:00Z,ccre,7,9.053135125,temperature
2023-03-07T00:00:00Z,ccre,8,8.962839777777777,temperature
2023-03-07T00:00:00Z,ccre,9,8.868764368055556,temperature
2023-03-07T00:00:00Z,ccre,10,8.705738055555555,temperature
2023-03-07T00:00:00Z,ccre,11,8.590781701388888,temperature
2023-03-07T00:00:00Z,ccre,12,8.11478288888889,temperature
2023-03-07T00:00:00Z,ccre,13,7.8041036875,temperature
2023-03-08T00:00:00Z,ccre,1,9.26190525,temperature
2023-03-08T00:00:00Z,ccre,2,9.296191805555557,temperature
2023-03-08T00:00:00Z,ccre,3,9.311354770833333,temperature
2023-03-08T00:00:00Z,ccre,4,9.3079920625,temperature
2023-03-08T00:00:00Z,ccre,5,9.285595826388889,temperature
2023-03-08T00:00:00Z,ccre,6,9.276616020833334,temperature
2023-03-08T00:00:00Z,ccre,7,9.26195715277778,temperature
2023-03-08T00:00:00Z,ccre,8,9.206906645833334,temperature
2023-03-08T00:00:00Z,ccre,9,9.156238993055556,temperature
2023-03-08T00:00:00Z,ccre,10,9.054788180555557,temperature
2023-03-08T00:00:00Z,ccre,11,9.023362486111113,temperature
2023-03-08T00:00:00Z,ccre,12,8.553247041666667,temperature
2023-03-08T00:00:00Z,ccre,13,7.947591652777778,temperature
2023-03-09T00:00:00Z,ccre,1,9.545035305555556,temperature
2023-03-09T00:00:00Z,ccre,2,9.441769333333331,temperature
2023-03-09T00:00:00Z,ccre,3,9.381178979166666,temperature
2023-03-09T00:00:00Z,ccre,4,9.315739340277778,temperature
2023-03-09T00:00:00Z,ccre,5,9.179040659722222,temperature
2023-03-09T00:00:00Z,ccre,6,9.128260298611112,temperature
2023-03-09T00:00:00Z,ccre,7,9.085256375,temperature
2023-03-09T00:00:00Z,ccre,8,9.007760979166669,temperature
2023-03-09T00:00:00Z,ccre,9,8.955771368055556,temperature
2023-03-09T00:00:00Z,ccre,10,8.844605583333333,temperature
2023-03-09T00:00:00Z,ccre,11,8.799003777777777,temperature
2023-03-09T00:00:00Z,ccre,12,8.50863536111111,temperature
2023-03-09T00:00:00Z,ccre,13,7.972026,temperature
2023-03-10T00:00:00Z,ccre,1,9.427475840277776,temperature
2023-03-10T00:00:00Z,ccre,2,9.375288645833333,temperature
2023-03-10T00:00:00Z,ccre,3,9.22747526388889,temperature
2023-03-10T00:00:00Z,ccre,4,9.057755340277778,temperature
2023-03-10T00:00:00Z,ccre,5,8.965566166666667,temperature
2023-03-10T00:00:00Z,ccre,6,8.895090722222221,temperature
2023-03-10T00:00:00Z,ccre,7,8.8599385,temperature
2023-03-10T00:00:00Z,ccre,8,8.816911090277777,temperature
2023-03-10T00:00:00Z,ccre,9,8.779247083333333,temperature
2023-03-10T00:00:00Z,ccre,10,8.691125631944445,temperature
2023-03-10T00:00:00Z,ccre,11,8.65981825,temperature
2023-03-10T00:00:00Z,ccre,12,8.423248673611111,temperature
2023-03-10T00:00:00Z,ccre,13,8.087753548611111,temperature
2023-03-11T00:00:00Z,ccre,1,8.715401993055556,temperature
2023-03-11T00:00:00Z,ccre,2,8.753923208333333,temperature
2023-03-11T00:00:00Z,ccre,3,8.772513895833333,temperature
2023-03-11T00:00:00Z,ccre,4,8.77325001388889,temperature
2023-03-11T00:00:00Z,ccre,5,8.754791493055556,temperature
2023-03-11T00:00:00Z,ccre,6,8.75213154861111,temperature
2023-03-11T00:00:00Z,ccre,7,8.75634638888889,temperature
2023-03-11T00:00:00Z,ccre,8,8.753965770833334,temperature
2023-03-11T00:00:00Z,ccre,9,8.756238541666667,temperature
2023-03-11T00:00:00Z,ccre,10,8.723356444444445,temperature
2023-03-11T00:00:00Z,ccre,11,8.70277275,temperature
2023-03-11T00:00:00Z,ccre,12,8.603940118055556,temperature
2023-03-11T00:00:00Z,ccre,13,8.510879708333333,temperature
2023-03-12T00:00:00Z,ccre,1,8.577025472222223,temperature
2023-03-12T00:00:00Z,ccre,2,8.613096618055556,temperature
2023-03-12T00:00:00Z,ccre,3,8.622581680555555,temperature
2023-03-12T00:00:00Z,ccre,4,8.62115267361111,temperature
2023-03-12T00:00:00Z,ccre,5,8.601854715277778,temperature
2023-03-12T00:00:00Z,ccre,6,8.595594604166667,temperature
2023-03-12T00:00:00Z,ccre,7,8.599192319444445,temperature
2023-03-12T00:00:00Z,ccre,8,8.595905333333333,temperature
2023-03-12T00:00:00Z,ccre,9,8.599214541666667,temperature
2023-03-12T00:00:00Z,ccre,10,8.582492798611112,temperature
2023-03-12T00:00:00Z,ccre,11,8.589337729166667,temperature
2023-03-12T00:00:00Z,ccre,12,8.576928104166667,temperature
2023-03-12T00:00:00Z,ccre,13,8.5474459236111109,temperature
2023-03-13T00:00:00Z,ccre,1,8.54372765034965,temperature
2023-03-13T00:00:00Z,ccre,2,8.575391888111888,temperature
2023-03-13T00:00:00Z,ccre,3,8.584110503496504,temperature
2023-03-13T00:00:00Z,ccre,4,8.582407104895104,temperature
2023-03-13T00:00:00Z,ccre,5,8.561756713286714,temperature
2023-03-13T00:00:00Z,ccre,6,8.557510307692308,temperature
2023-03-13T00:00:00Z,ccre,7,8.560631608391608,temperature
2023-03-13T00:00:00Z,ccre,8,8.558232272727272,temperature
2023-03-13T00:00:00Z,ccre,9,8.56032795104895,temperature
2023-03-13T00:00:00Z,ccre,10,8.527484048951049,temperature
2023-03-13T00:00:00Z,ccre,11,8.509088496503496,temperature
2023-03-13T00:00:00Z,ccre,12,8.448881832167832,temperature
2023-03-13T00:00:00Z,ccre,13,8.339560552447553,temperature
2023-03-14T00:00:00Z,ccre,1,8.252821131944444,temperature
2023-03-14T00:00:00Z,ccre,2,8.291060118055556,temperature
2023-03-14T00:00:00Z,ccre,3,8.312049041666667,temperature
2023-03-14T00:00:00Z,ccre,4,8.313904486111111,temperature
2023-03-14T00:00:00Z,ccre,5,8.296016020833333,temperature
2023-03-14T00:00:00Z,ccre,6,8.292641097222223,temperature
2023-03-14T00:00:00Z,ccre,7,8.296453694444445,temperature
2023-03-14T00:00:00Z,ccre,8,8.294557583333333,temperature
2023-03-14T00:00:00Z,ccre,9,8.298715208333334,temperature
2023-03-14T00:00:00Z,ccre,10,8.282822513888888,temperature
2023-03-14T00:00:00Z,ccre,11,8.290222173611111,temperature
2023-03-14T00:00:00Z,ccre,12,8.2892691875,temperature
2023-03-14T00:00:00Z,ccre,13,8.300234243055556,temperature
2023-03-15T00:00:00Z,ccre,1,8.169270520833333,temperature
2023-03-15T00:00:00Z,ccre,2,8.202347791666666,temperature
2023-03-15T00:00:00Z,ccre,3,8.216794479166667,temperature
2023-03-15T00:00:00Z,ccre,4,8.2137143125,temperature
2023-03-15T00:00:00Z,ccre,5,8.192520944444444,temperature
2023-03-15T00:00:00Z,ccre,6,8.188081833333333,temperature
2023-03-15T00:00:00Z,ccre,7,8.185409729166667,temperature
2023-03-15T00:00:00Z,ccre,8,8.159294458333333,temperature
2023-03-15T00:00:00Z,ccre,9,8.126345034722222,temperature
2023-03-15T00:00:00Z,ccre,10,8.042334465277778,temperature
2023-03-15T00:00:00Z,ccre,11,8.018079104166667,temperature
2023-03-15T00:00:00Z,ccre,12,7.943981013888889,temperature
2023-03-15T00:00:00Z,ccre,13,7.902214368055556,temperature
2023-03-16T00:00:00Z,ccre,1,8.50688704861111,temperature
2023-03-16T00:00:00Z,ccre,2,8.4325696875,temperature
2023-03-16T00:00:00Z,ccre,3,8.349032715277778,temperature
2023-03-16T00:00:00Z,ccre,4,8.195968854166667,temperature
2023-03-16T00:00:00Z,ccre,5,8.125533416666666,temperature
2023-03-16T00:00:00Z,ccre,6,8.102295548611112,temperature
2023-03-16T00:00:00Z,ccre,7,8.096893111111111,temperature
2023-03-16T00:00:00Z,ccre,8,8.085555145833334,temperature
2023-03-16T00:00:00Z,ccre,9,8.075970041666666,temperature
2023-03-16T00:00:00Z,ccre,10,8.023144319444445,temperature
2023-03-16T00:00:00Z,ccre,11,8.0141428125,temperature
2023-03-16T00:00:00Z,ccre,12,7.922739604166667,temperature
2023-03-16T00:00:00Z,ccre,13,7.780679604166667,temperature
2023-03-17T00:00:00Z,ccre,1,8.414848104166667,temperature
2023-03-17T00:00:00Z,ccre,2,8.358755729166667,temperature
2023-03-17T00:00:00Z,ccre,3,8.295479006944445,temperature
2023-03-17T00:00:00Z,ccre,4,8.187350576388889,temperature
2023-03-17T00:00:00Z,ccre,5,8.113371444444445,temperature
2023-03-17T00:00:00Z,ccre,6,8.063589951388888,temperature
2023-03-17T00:00:00Z,ccre,7,8.042853770833334,temperature
2023-03-17T00:00:00Z,ccre,8,8.013739097222222,temperature
2023-03-17T00:00:00Z,ccre,9,7.9997508125,temperature
2023-03-17T00:00:00Z,ccre,10,7.957713875,temperature
2023-03-17T00:00:00Z,ccre,11,7.944077326388889,temperature
2023-03-17T00:00:00Z,ccre,12,7.835222145833334,temperature
2023-03-17T00:00:00Z,ccre,13,7.810575861111111,temperature
2023-03-18T00:00:00Z,ccre,1,8.26380036111111,temperature
2023-03-18T00:00:00Z,ccre,2,8.298995354166667,temperature
2023-03-18T00:00:00Z,ccre,3,8.3135155625,temperature
2023-03-18T00:00:00Z,ccre,4,8.306659923611111,temperature
2023-03-18T00:00:00Z,ccre,5,8.282429798611112,temperature
2023-03-18T00:00:00Z,ccre,6,8.276168347222223,temperature
2023-03-18T00:00:00Z,ccre,7,8.270572479166667,temperature
2023-03-18T00:00:00Z,ccre,8,8.237244694444444,temperature
2023-03-18T00:00:00Z,ccre,9,8.189783652777779,temperature
2023-03-18T00:00:00Z,ccre,10,8.07419013888889,temperature
2023-03-18T00:00:00Z,ccre,11,8.047300979166666,temperature
2023-03-18T00:00:00Z,ccre,12,7.900472673611112,temperature
2023-03-18T00:00:00Z,ccre,13,7.841074194444444,temperature
2023-03-19T00:00:00Z,ccre,1,8.165824729166667,temperature
2023-03-19T00:00:00Z,ccre,2,8.215511576388888,temperature
2023-03-19T00:00:00Z,ccre,3,8.228169590277778,temperature
2023-03-19T00:00:00Z,ccre,4,8.22850404861111,temperature
2023-03-19T00:00:00Z,ccre,5,8.208760527777779,temperature
2023-03-19T00:00:00Z,ccre,6,8.204931277777778,temperature
2023-03-19T00:00:00Z,ccre,7,8.208066145833333,temperature
2023-03-19T00:00:00Z,ccre,8,8.203835229166666,temperature
2023-03-19T00:00:00Z,ccre,9,8.19505486111111,temperature
2023-03-19T00:00:00Z,ccre,10,8.102970118055556,temperature
2023-03-19T00:00:00Z,ccre,11,8.019967965277777,temperature
2023-03-19T00:00:00Z,ccre,12,7.885955111111112,temperature
2023-03-19T00:00:00Z,ccre,13,7.865488694444444,temperature
2023-03-20T00:00:00Z,ccre,1,8.491425,temperature
2023-03-20T00:00:00Z,ccre,2,8.44420751388889,temperature
2023-03-20T00:00:00Z,ccre,3,8.358068416666667,temperature
2023-03-20T00:00:00Z,ccre,4,8.320595645833333,temperature
2023-03-20T00:00:00Z,ccre,5,8.277412784722221,temperature
2023-03-20T00:00:00Z,ccre,6,8.230710631944444,temperature
2023-03-20T00:00:00Z,ccre,7,8.1946705625,temperature
2023-03-20T00:00:00Z,ccre,8,8.157802555555556,temperature
2023-03-20T00:00:00Z,ccre,9,8.138090173611111,temperature
2023-03-20T00:00:00Z,ccre,10,8.0929685625,temperature
2023-03-20T00:00:00Z,ccre,11,8.08935282638889,temperature
2023-03-20T00:00:00Z,ccre,12,7.977686881944444,temperature
2023-03-20T00:00:00Z,ccre,13,7.780150930555555,temperature
2023-03-21T00:00:00Z,ccre,1,8.56629326388889,temperature
2023-03-21T00:00:00Z,ccre,2,8.486167041666667,temperature
2023-03-21T00:00:00Z,ccre,3,8.4377015,temperature
2023-03-21T00:00:00Z,ccre,4,8.358062666666667,temperature
2023-03-21T00:00:00Z,ccre,5,8.267732222222222,temperature
2023-03-21T00:00:00Z,ccre,6,8.184711048611112,temperature
2023-03-21T00:00:00Z,ccre,7,8.092542458333334,temperature
2023-03-21T00:00:00Z,ccre,8,8.051527381944444,temperature
2023-03-21T00:00:00Z,ccre,9,8.034013277777778,temperature
2023-03-21T00:00:00Z,ccre,10,7.972755944444445,temperature
2023-03-21T00:00:00Z,ccre,11,7.960251416666667,temperature
2023-03-21T00:00:00Z,ccre,12,7.912677715277778,temperature
2023-03-21T00:00:00Z,ccre,13,7.847042013888889,temperature
2023-03-22T00:00:00Z,ccre,1,8.740468416666667,temperature
2023-03-22T00:00:00Z,ccre,2,8.685532888888888,temperature
2023-03-22T00:00:00Z,ccre,3,8.506882979166667,temperature
2023-03-22T00:00:00Z,ccre,4,8.2967215625,temperature
2023-03-22T00:00:00Z,ccre,5,8.13321032638889,temperature
2023-03-22T00:00:00Z,ccre,6,8.034564930555556,temperature
2023-03-22T00:00:00Z,ccre,7,8.00310645138889,temperature
2023-03-22T00:00:00Z,ccre,8,7.970499277777778,temperature
2023-03-22T00:00:00Z,ccre,9,7.954579388888889,temperature
2023-03-22T00:00:00Z,ccre,10,7.917193868055556,temperature
2023-03-22T00:00:00Z,ccre,11,7.916742076388889,temperature
2023-03-22T00:00:00Z,ccre,12,7.889646069444445,temperature
2023-03-22T00:00:00Z,ccre,13,7.884760888888889,temperature
2023-03-23T00:00:00Z,ccre,1,8.809964743055556,temperature
2023-03-23T00:00:00Z,ccre,2,8.665753034722222,temperature
2023-03-23T00:00:00Z,ccre,3,8.537145222222222,temperature
2023-03-23T00:00:00Z,ccre,4,8.458106993055555,temperature
2023-03-23T00:00:00Z,ccre,5,8.334667465277779,temperature
2023-03-23T00:00:00Z,ccre,6,8.223045416666666,temperature
2023-03-23T00:00:00Z,ccre,7,8.144052118055555,temperature
2023-03-23T00:00:00Z,ccre,8,8.06010751388889,temperature
2023-03-23T00:00:00Z,ccre,9,8.011525590277778,temperature
2023-03-23T00:00:00Z,ccre,10,7.9502561597222225,temperature
2023-03-23T00:00:00Z,ccre,11,7.946021159722222,temperature
2023-03-23T00:00:00Z,ccre,12,7.911978833333333,temperature
2023-03-23T00:00:00Z,ccre,13,7.928472236111111,temperature
2023-03-24T00:00:00Z,ccre,1,9.93472761111111,temperature
2023-03-24T00:00:00Z,ccre,2,9.734633895833332,temperature
2023-03-24T00:00:00Z,ccre,3,9.628230083333332,temperature
2023-03-24T00:00:00Z,ccre,4,9.506965083333334,temperature
2023-03-24T00:00:00Z,ccre,5,9.320945006944443,temperature
2023-03-24T00:00:00Z,ccre,6,9.088178145833334,temperature
2023-03-24T00:00:00Z,ccre,7,8.959221215277777,temperature
2023-03-24T00:00:00Z,ccre,8,8.815427090277778,temperature
2023-03-24T00:00:00Z,ccre,9,8.7220135,temperature
2023-03-24T00:00:00Z,ccre,10,8.581652513888889,temperature
2023-03-24T00:00:00Z,ccre,11,8.517087847222221,temperature
2023-03-24T00:00:00Z,ccre,12,8.230165527777778,temperature
2023-03-24T00:00:00Z,ccre,13,8.053478868055556,temperature
2023-03-25T00:00:00Z,ccre,1,10.26467545138889,temperature
2023-03-25T00:00:00Z,ccre,2,10.224827722222225,temperature
2023-03-25T00:00:00Z,ccre,3,10.1176693125,temperature
2023-03-25T00:00:00Z,ccre,4,9.868851368055555,temperature
2023-03-25T00:00:00Z,ccre,5,9.566708458333334,temperature
2023-03-25T00:00:00Z,ccre,6,9.342391444444443,temperature
2023-03-25T00:00:00Z,ccre,7,9.091661319444444,temperature
2023-03-25T00:00:00Z,ccre,8,8.907423451388889,temperature
2023-03-25T00:00:00Z,ccre,9,8.684019305555555,temperature
2023-03-25T00:00:00Z,ccre,10,8.340712236111111,temperature
2023-03-25T00:00:00Z,ccre,11,8.270207708333333,temperature
2023-03-25T00:00:00Z,ccre,12,8.112547743055556,temperature
2023-03-25T00:00:00Z,ccre,13,8.072753090277779,temperature
2023-03-26T00:00:00Z,ccre,1,10.466745930555556,temperature
2023-03-26T00:00:00Z,ccre,2,10.273359097222222,temperature
2023-03-26T00:00:00Z,ccre,3,9.952721083333332,temperature
2023-03-26T00:00:00Z,ccre,4,9.70307675,temperature
2023-03-26T00:00:00Z,ccre,5,9.558138493055557,temperature
2023-03-26T00:00:00Z,ccre,6,9.428828569444445,temperature
2023-03-26T00:00:00Z,ccre,7,9.34641263888889,temperature
2023-03-26T00:00:00Z,ccre,8,9.215812034722225,temperature
2023-03-26T00:00:00Z,ccre,9,9.056602083333331,temperature
2023-03-26T00:00:00Z,ccre,10,8.754395791666667,temperature
2023-03-26T00:00:00Z,ccre,11,8.67430623611111,temperature
2023-03-26T00:00:00Z,ccre,12,8.419360909722222,temperature
2023-03-26T00:00:00Z,ccre,13,8.236099631944445,temperature
2023-03-27T00:00:00Z,ccre,1,11.400566944444444,temperature
2023-03-27T00:00:00Z,ccre,2,11.297003958333333,temperature
2023-03-27T00:00:00Z,ccre,3,10.971019923611111,temperature
2023-03-27T00:00:00Z,ccre,4,10.544509409722222,temperature
2023-03-27T00:00:00Z,ccre,5,10.1398986875,temperature
2023-03-27T00:00:00Z,ccre,6,9.7017346875,temperature
2023-03-27T00:00:00Z,ccre,7,9.50623463888889,temperature
2023-03-27T00:00:00Z,ccre,8,9.328503694444445,temperature
2023-03-27T00:00:00Z,ccre,9,9.099189138888889,temperature
2023-03-27T00:00:00Z,ccre,10,8.604547944444445,temperature
2023-03-27T00:00:00Z,ccre,11,8.497728569444444,temperature
2023-03-27T00:00:00Z,ccre,12,8.250992222222223,temperature
2023-03-27T00:00:00Z,ccre,13,8.228558875,temperature
2023-03-28T00:00:00Z,ccre,1,11.588370694444444,temperature
2023-03-28T00:00:00Z,ccre,2,11.608902152777778,temperature
2023-03-28T00:00:00Z,ccre,3,11.513044722222222,temperature
2023-03-28T00:00:00Z,ccre,4,11.440285347222222,temperature
2023-03-28T00:00:00Z,ccre,5,11.36015861111111,temperature
2023-03-28T00:00:00Z,ccre,6,10.90123932638889,temperature
2023-03-28T00:00:00Z,ccre,7,10.305713645833332,temperature
2023-03-28T00:00:00Z,ccre,8,9.768934243055556,temperature
2023-03-28T00:00:00Z,ccre,9,9.269283270833332,temperature
2023-03-28T00:00:00Z,ccre,10,8.685948222222223,temperature
2023-03-28T00:00:00Z,ccre,11,8.544156583333333,temperature
2023-03-28T00:00:00Z,ccre,12,8.320151,temperature
2023-03-28T00:00:00Z,ccre,13,8.285520541666667,temperature
2023-03-29T00:00:00Z,ccre,1,11.79432875,temperature
2023-03-29T00:00:00Z,ccre,2,11.767811944444444,temperature
2023-03-29T00:00:00Z,ccre,3,11.715357986111112,temperature
2023-03-29T00:00:00Z,ccre,4,11.576983402777778,temperature
2023-03-29T00:00:00Z,ccre,5,11.1882484375,temperature
2023-03-29T00:00:00Z,ccre,6,10.909134,temperature
2023-03-29T00:00:00Z,ccre,7,10.153993027777778,temperature
2023-03-29T00:00:00Z,ccre,8,9.463148916666666,temperature
2023-03-29T00:00:00Z,ccre,9,9.075970354166667,temperature
2023-03-29T00:00:00Z,ccre,10,8.684424125,temperature
2023-03-29T00:00:00Z,ccre,11,8.581205743055556,temperature
2023-03-29T00:00:00Z,ccre,12,8.349135243055555,temperature
2023-03-29T00:00:00Z,ccre,13,8.289487194444444,temperature
2023-03-30T00:00:00Z,ccre,1,11.97086277777778,temperature
2023-03-30T00:00:00Z,ccre,2,11.982798541666666,temperature
2023-03-30T00:00:00Z,ccre,3,11.817716180555555,temperature
2023-03-30T00:00:00Z,ccre,4,11.404946666666667,temperature
2023-03-30T00:00:00Z,ccre,5,10.963832777777778,temperature
2023-03-30T00:00:00Z,ccre,6,10.549153340277778,temperature
2023-03-30T00:00:00Z,ccre,7,10.119586,temperature
2023-03-30T00:00:00Z,ccre,8,9.584773819444443,temperature
2023-03-30T00:00:00Z,ccre,9,9.16558775,temperature
2023-03-30T00:00:00Z,ccre,10,8.746952479166666,temperature
2023-03-30T00:00:00Z,ccre,11,8.64646782638889,temperature
2023-03-30T00:00:00Z,ccre,12,8.427883152777778,temperature
2023-03-30T00:00:00Z,ccre,13,8.330086368055555,temperature
2023-03-31T00:00:00Z,ccre,1,11.788035625,temperature
2023-03-31T00:00:00Z,ccre,2,11.769810347222222,temperature
2023-03-31T00:00:00Z,ccre,3,11.586360902777775,temperature
2023-03-31T00:00:00Z,ccre,4,11.181840902777775,temperature
2023-03-31T00:00:00Z,ccre,5,10.683442222222222,temperature
2023-03-31T00:00:00Z,ccre,6,10.149288576388887,temperature
2023-03-31T00:00:00Z,ccre,7,9.429268715277775,temperature
2023-03-31T00:00:00Z,ccre,8,9.080366576388888,temperature
2023-03-31T00:00:00Z,ccre,9,8.889221409722222,temperature
2023-03-31T00:00:00Z,ccre,10,8.65937525,temperature
2023-03-31T00:00:00Z,ccre,11,8.590668361111112,temperature
2023-03-31T00:00:00Z,ccre,12,8.400056194444444,temperature
2023-03-31T00:00:00Z,ccre,13,8.3427566875,temperature
2023-04-01T00:00:00Z,ccre,1,11.523804986111111,temperature
2023-04-01T00:00:00Z,ccre,2,11.311217847222222,temperature
2023-04-01T00:00:00Z,ccre,3,11.112082694444444,temperature
2023-04-01T00:00:00Z,ccre,4,10.7744455625,temperature
2023-04-01T00:00:00Z,ccre,5,10.360206409722222,temperature
2023-04-01T00:00:00Z,ccre,6,9.982036138888889,temperature
2023-04-01T00:00:00Z,ccre,7,9.681354416666666,temperature
2023-04-01T00:00:00Z,ccre,8,9.49309198611111,temperature
2023-04-01T00:00:00Z,ccre,9,9.334220861111111,temperature
2023-04-01T00:00:00Z,ccre,10,9.060319923611113,temperature
2023-04-01T00:00:00Z,ccre,11,8.975712722222223,temperature
2023-04-01T00:00:00Z,ccre,12,8.6268755625,temperature
2023-04-01T00:00:00Z,ccre,13,8.464523083333333,temperature
2023-04-02T00:00:00Z,ccre,1,11.406037638888888,temperature
2023-04-02T00:00:00Z,ccre,2,11.437719930555556,temperature
2023-04-02T00:00:00Z,ccre,3,11.418867777777775,temperature
2023-04-02T00:00:00Z,ccre,4,11.363856875,temperature
2023-04-02T00:00:00Z,ccre,5,11.24653,temperature
2023-04-02T00:00:00Z,ccre,6,11.047340347222224,temperature
2023-04-02T00:00:00Z,ccre,7,10.946149305555556,temperature
2023-04-02T00:00:00Z,ccre,8,10.83506192361111,temperature
2023-04-02T00:00:00Z,ccre,9,10.755434104166667,temperature
2023-04-02T00:00:00Z,ccre,10,10.45982601388889,temperature
2023-04-02T00:00:00Z,ccre,11,10.148806569444444,temperature
2023-04-02T00:00:00Z,ccre,12,9.3121493125,temperature
2023-04-02T00:00:00Z,ccre,13,8.876131486111111,temperature
2023-04-03T00:00:00Z,ccre,1,12.251782083333334,temperature
2023-04-03T00:00:00Z,ccre,2,11.795867083333333,temperature
2023-04-03T00:00:00Z,ccre,3,11.556358888888887,temperature
2023-04-03T00:00:00Z,ccre,4,11.441773958333334,temperature
2023-04-03T00:00:00Z,ccre,5,11.278696111111111,temperature
2023-04-03T00:00:00Z,ccre,6,11.073901041666666,temperature
2023-04-03T00:00:00Z,ccre,7,10.75758201388889,temperature
2023-04-03T00:00:00Z,ccre,8,10.499368159722222,temperature
2023-04-03T00:00:00Z,ccre,9,10.2326075,temperature
2023-04-03T00:00:00Z,ccre,10,9.594300583333334,temperature
2023-04-03T00:00:00Z,ccre,11,9.396302291666666,temperature
2023-04-03T00:00:00Z,ccre,12,9.054628597222225,temperature
2023-04-03T00:00:00Z,ccre,13,8.907511770833333,temperature
2023-04-04T00:00:00Z,ccre,1,12.939008263888889,temperature
2023-04-04T00:00:00Z,ccre,2,11.85830875,temperature
2023-04-04T00:00:00Z,ccre,3,11.535949375,temperature
2023-04-04T00:00:00Z,ccre,4,11.264795555555557,temperature
2023-04-04T00:00:00Z,ccre,5,11.013288125,temperature
2023-04-04T00:00:00Z,ccre,6,10.752535416666667,temperature
2023-04-04T00:00:00Z,ccre,7,10.579975486111111,temperature
2023-04-04T00:00:00Z,ccre,8,10.411607,temperature
2023-04-04T00:00:00Z,ccre,9,10.240151569444444,temperature
2023-04-04T00:00:00Z,ccre,10,9.857840409722222,temperature
2023-04-04T00:00:00Z,ccre,11,9.73786465277778,temperature
2023-04-04T00:00:00Z,ccre,12,9.320867083333331,temperature
2023-04-04T00:00:00Z,ccre,13,8.932612777777777,temperature
2023-04-05T00:00:00Z,ccre,1,14.050812986111112,temperature
2023-04-05T00:00:00Z,ccre,2,12.812828125,temperature
2023-04-05T00:00:00Z,ccre,3,11.843762569444443,temperature
2023-04-05T00:00:00Z,ccre,4,11.515370138888889,temperature
2023-04-05T00:00:00Z,ccre,5,11.286025277777778,temperature
2023-04-05T00:00:00Z,ccre,6,11.046842569444443,temperature
2023-04-05T00:00:00Z,ccre,7,10.820212993055556,temperature
2023-04-05T00:00:00Z,ccre,8,10.542907270833334,temperature
2023-04-05T00:00:00Z,ccre,9,10.3133439375,temperature
2023-04-05T00:00:00Z,ccre,10,9.744791770833332,temperature
2023-04-05T00:00:00Z,ccre,11,9.548791486111112,temperature
2023-04-05T00:00:00Z,ccre,12,9.139767569444444,temperature
2023-04-05T00:00:00Z,ccre,13,9.003272625,temperature
2023-04-06T00:00:00Z,ccre,1,14.420487569444443,temperature
2023-04-06T00:00:00Z,ccre,2,14.028352847222225,temperature
2023-04-06T00:00:00Z,ccre,3,13.458450486111111,temperature
2023-04-06T00:00:00Z,ccre,4,12.817640763888887,temperature
2023-04-06T00:00:00Z,ccre,5,12.34364486111111,temperature
2023-04-06T00:00:00Z,ccre,6,11.814220069444444,temperature
2023-04-06T00:00:00Z,ccre,7,11.426799583333333,temperature
2023-04-06T00:00:00Z,ccre,8,11.004558125,temperature
2023-04-06T00:00:00Z,ccre,9,10.614635173611113,temperature
2023-04-06T00:00:00Z,ccre,10,9.951324166666666,temperature
2023-04-06T00:00:00Z,ccre,11,9.792255388888888,temperature
2023-04-06T00:00:00Z,ccre,12,9.413422923611112,temperature
2023-04-06T00:00:00Z,ccre,13,9.20489332638889,temperature
2023-04-07T00:00:00Z,ccre,1,14.512539583333334,temperature
2023-04-07T00:00:00Z,ccre,2,14.556705625,temperature
2023-04-07T00:00:00Z,ccre,3,14.564405416666666,temperature
2023-04-07T00:00:00Z,ccre,4,14.356471805555556,temperature
2023-04-07T00:00:00Z,ccre,5,14.013229930555555,temperature
2023-04-07T00:00:00Z,ccre,6,13.514238819444444,temperature
2023-04-07T00:00:00Z,ccre,7,12.874865069444445,temperature
2023-04-07T00:00:00Z,ccre,8,11.871995069444443,temperature
2023-04-07T00:00:00Z,ccre,9,10.6025844375,temperature
2023-04-07T00:00:00Z,ccre,10,9.811470041666666,temperature
2023-04-07T00:00:00Z,ccre,11,9.66962795138889,temperature
2023-04-07T00:00:00Z,ccre,12,9.30829304861111,temperature
2023-04-07T00:00:00Z,ccre,13,9.176640020833334,temperature
2023-04-08T00:00:00Z,ccre,1,13.562590833333331,temperature
2023-04-08T00:00:00Z,ccre,2,13.615500277777778,temperature
2023-04-08T00:00:00Z,ccre,3,13.627393472222222,temperature
2023-04-08T00:00:00Z,ccre,4,13.6174775,temperature
2023-04-08T00:00:00Z,ccre,5,13.377779861111112,temperature
2023-04-08T00:00:00Z,ccre,6,12.966721944444444,temperature
2023-04-08T00:00:00Z,ccre,7,12.0476525,temperature
2023-04-08T00:00:00Z,ccre,8,11.187443680555557,temperature
2023-04-08T00:00:00Z,ccre,9,10.563822277777778,temperature
2023-04-08T00:00:00Z,ccre,10,9.909891611111112,temperature
2023-04-08T00:00:00Z,ccre,11,9.780189277777778,temperature
2023-04-08T00:00:00Z,ccre,12,9.4099475625,temperature
2023-04-08T00:00:00Z,ccre,13,9.241435993055555,temperature
2023-04-09T00:00:00Z,ccre,1,13.482414236111111,temperature
2023-04-09T00:00:00Z,ccre,2,13.470019375,temperature
2023-04-09T00:00:00Z,ccre,3,13.39809902777778,temperature
2023-04-09T00:00:00Z,ccre,4,13.286683958333333,temperature
2023-04-09T00:00:00Z,ccre,5,13.152112430555556,temperature
2023-04-09T00:00:00Z,ccre,6,12.71792013888889,temperature
2023-04-09T00:00:00Z,ccre,7,11.475862083333334,temperature
2023-04-09T00:00:00Z,ccre,8,10.818927916666668,temperature
2023-04-09T00:00:00Z,ccre,9,10.458634208333333,temperature
2023-04-09T00:00:00Z,ccre,10,9.983615506944444,temperature
2023-04-09T00:00:00Z,ccre,11,9.861239916666667,temperature
2023-04-09T00:00:00Z,ccre,12,9.429427263888888,temperature
2023-04-09T00:00:00Z,ccre,13,9.283663409722225,temperature
2023-04-10T00:00:00Z,ccre,1,13.861202083333334,temperature
2023-04-10T00:00:00Z,ccre,2,13.669210416666669,temperature
2023-04-10T00:00:00Z,ccre,3,13.421507013888888,temperature
2023-04-10T00:00:00Z,ccre,4,13.076337986111112,temperature
2023-04-10T00:00:00Z,ccre,5,12.617976944444443,temperature
2023-04-10T00:00:00Z,ccre,6,11.396998125,temperature
2023-04-10T00:00:00Z,ccre,7,11.00447409722222,temperature
2023-04-10T00:00:00Z,ccre,8,10.736850069444444,temperature
2023-04-10T00:00:00Z,ccre,9,10.423120777777775,temperature
2023-04-10T00:00:00Z,ccre,10,9.878744993055555,temperature
2023-04-10T00:00:00Z,ccre,11,9.748126784722222,temperature
2023-04-10T00:00:00Z,ccre,12,9.460529590277778,temperature
2023-04-10T00:00:00Z,ccre,13,9.311035180555557,temperature
2023-04-11T00:00:00Z,ccre,1,13.683285,temperature
2023-04-11T00:00:00Z,ccre,2,13.608363680555556,temperature
2023-04-11T00:00:00Z,ccre,3,13.431769097222222,temperature
2023-04-11T00:00:00Z,ccre,4,12.72957923611111,temperature
2023-04-11T00:00:00Z,ccre,5,12.427106597222222,temperature
2023-04-11T00:00:00Z,ccre,6,12.15441986111111,temperature
2023-04-11T00:00:00Z,ccre,7,11.873868680555557,temperature
2023-04-11T00:00:00Z,ccre,8,11.42853159722222,temperature
2023-04-11T00:00:00Z,ccre,9,10.759579375,temperature
2023-04-11T00:00:00Z,ccre,10,9.938316708333334,temperature
2023-04-11T00:00:00Z,ccre,11,9.771851819444445,temperature
2023-04-11T00:00:00Z,ccre,12,9.486346569444445,temperature
2023-04-11T00:00:00Z,ccre,13,9.34828825,temperature
2023-04-12T00:00:00Z,ccre,1,15.098533402777775,temperature
2023-04-12T00:00:00Z,ccre,2,15.00131951388889,temperature
2023-04-12T00:00:00Z,ccre,3,14.238104236111113,temperature
2023-04-12T00:00:00Z,ccre,4,13.456698333333334,temperature
2023-04-12T00:00:00Z,ccre,5,12.888210833333334,temperature
2023-04-12T00:00:00Z,ccre,6,12.398016944444445,temperature
2023-04-12T00:00:00Z,ccre,7,11.704001041666666,temperature
2023-04-12T00:00:00Z,ccre,8,10.812173819444444,temperature
2023-04-12T00:00:00Z,ccre,9,10.343412222222222,temperature
2023-04-12T00:00:00Z,ccre,10,9.9227935,temperature
2023-04-12T00:00:00Z,ccre,11,9.802012347222222,temperature
2023-04-12T00:00:00Z,ccre,12,9.525042465277778,temperature
2023-04-12T00:00:00Z,ccre,13,9.389267381944444,temperature
2023-04-13T00:00:00Z,ccre,1,15.709263402777776,temperature
2023-04-13T00:00:00Z,ccre,2,15.174705555555557,temperature
2023-04-13T00:00:00Z,ccre,3,14.506359791666666,temperature
2023-04-13T00:00:00Z,ccre,4,13.719217083333334,temperature
2023-04-13T00:00:00Z,ccre,5,12.935131180555556,temperature
2023-04-13T00:00:00Z,ccre,6,12.074105694444444,temperature
2023-04-13T00:00:00Z,ccre,7,11.44105763888889,temperature
2023-04-13T00:00:00Z,ccre,8,10.924862708333334,temperature
2023-04-13T00:00:00Z,ccre,9,10.521379375,temperature
2023-04-13T00:00:00Z,ccre,10,9.951981430555556,temperature
2023-04-13T00:00:00Z,ccre,11,9.824798569444445,temperature
2023-04-13T00:00:00Z,ccre,12,9.567896104166667,temperature
2023-04-13T00:00:00Z,ccre,13,9.40536713888889,temperature
2023-04-14T00:00:00Z,ccre,1,16.304364583333335,temperature
2023-04-14T00:00:00Z,ccre,2,15.970739861111111,temperature
2023-04-14T00:00:00Z,ccre,3,14.980394791666669,temperature
2023-04-14T00:00:00Z,ccre,4,13.959299375,temperature
2023-04-14T00:00:00Z,ccre,5,13.11862451388889,temperature
2023-04-14T00:00:00Z,ccre,6,12.434236666666669,temperature
2023-04-14T00:00:00Z,ccre,7,11.756430208333333,temperature
2023-04-14T00:00:00Z,ccre,8,11.219542569444444,temperature
2023-04-14T00:00:00Z,ccre,9,10.723459875,temperature
2023-04-14T00:00:00Z,ccre,10,10.07088551388889,temperature
2023-04-14T00:00:00Z,ccre,11,9.876902451388888,temperature
2023-04-14T00:00:00Z,ccre,12,9.549821673611111,temperature
2023-04-14T00:00:00Z,ccre,13,9.435989388888888,temperature
2023-04-15T00:00:00Z,ccre,1,17.335262152777776,temperature
2023-04-15T00:00:00Z,ccre,2,17.22379409722222,temperature
2023-04-15T00:00:00Z,ccre,3,15.660809930555557,temperature
2023-04-15T00:00:00Z,ccre,4,14.213199930555556,temperature
2023-04-15T00:00:00Z,ccre,5,13.324111458333332,temperature
2023-04-15T00:00:00Z,ccre,6,12.601645833333333,temperature
2023-04-15T00:00:00Z,ccre,7,11.811550555555556,temperature
2023-04-15T00:00:00Z,ccre,8,11.221556319444444,temperature
2023-04-15T00:00:00Z,ccre,9,10.710364652777775,temperature
2023-04-15T00:00:00Z,ccre,10,10.082808041666668,temperature
2023-04-15T00:00:00Z,ccre,11,9.946189493055556,temperature
2023-04-15T00:00:00Z,ccre,12,9.646301736111113,temperature
2023-04-15T00:00:00Z,ccre,13,9.523826583333332,temperature
2023-04-16T00:00:00Z,ccre,1,17.326742708333335,temperature
2023-04-16T00:00:00Z,ccre,2,16.914844583333334,temperature
2023-04-16T00:00:00Z,ccre,3,15.963287430555557,temperature
2023-04-16T00:00:00Z,ccre,4,14.370144375,temperature
2023-04-16T00:00:00Z,ccre,5,13.03019361111111,temperature
2023-04-16T00:00:00Z,ccre,6,12.2469225,temperature
2023-04-16T00:00:00Z,ccre,7,11.57336361111111,temperature
2023-04-16T00:00:00Z,ccre,8,11.01327451388889,temperature
2023-04-16T00:00:00Z,ccre,9,10.526624236111113,temperature
2023-04-16T00:00:00Z,ccre,10,10.0222148125,temperature
2023-04-16T00:00:00Z,ccre,11,9.889645159722225,temperature
2023-04-16T00:00:00Z,ccre,12,9.642126104166667,temperature
2023-04-16T00:00:00Z,ccre,13,9.524510048611113,temperature
2023-04-17T00:00:00Z,ccre,1,15.27519722222222,temperature
2023-04-17T00:00:00Z,ccre,2,15.149504930555556,temperature
2023-04-17T00:00:00Z,ccre,3,14.897981458333334,temperature
2023-04-17T00:00:00Z,ccre,4,14.243832361111112,temperature
2023-04-17T00:00:00Z,ccre,5,13.118545486111111,temperature
2023-04-17T00:00:00Z,ccre,6,12.427008472222225,temperature
2023-04-17T00:00:00Z,ccre,7,11.668011666666668,temperature
2023-04-17T00:00:00Z,ccre,8,11.137054625,temperature
2023-04-17T00:00:00Z,ccre,9,10.780155784722222,temperature
2023-04-17T00:00:00Z,ccre,10,10.149561569444444,temperature
2023-04-17T00:00:00Z,ccre,11,9.991578722222222,temperature
2023-04-17T00:00:00Z,ccre,12,9.69222826388889,temperature
2023-04-17T00:00:00Z,ccre,13,9.581096659722222,temperature
2023-04-18T00:00:00Z,ccre,1,15.136908706896552,temperature
2023-04-18T00:00:00Z,ccre,2,15.201573958333334,temperature
2023-04-18T00:00:00Z,ccre,3,15.138524166666668,temperature
2023-04-18T00:00:00Z,ccre,4,14.865807013888888,temperature
2023-04-18T00:00:00Z,ccre,5,13.999967013888888,temperature
2023-04-18T00:00:00Z,ccre,6,13.031415694444444,temperature
2023-04-18T00:00:00Z,ccre,7,12.09315013888889,temperature
2023-04-18T00:00:00Z,ccre,8,11.32499013888889,temperature
2023-04-18T00:00:00Z,ccre,9,10.8060009375,temperature
2023-04-18T00:00:00Z,ccre,10,10.295689159722222,temperature
2023-04-18T00:00:00Z,ccre,11,10.149535979166666,temperature
2023-04-18T00:00:00Z,ccre,12,9.7417701875,temperature
2023-04-18T00:00:00Z,ccre,13,9.676223125,temperature
2023-04-19T00:00:00Z,ccre,1,17.55701175,temperature
2023-04-19T00:00:00Z,ccre,2,16.475856666666665,temperature
2023-04-19T00:00:00Z,ccre,3,15.745988888888888,temperature
2023-04-19T00:00:00Z,ccre,4,15.393638611111111,temperature
2023-04-19T00:00:00Z,ccre,5,14.701986319444444,temperature
2023-04-19T00:00:00Z,ccre,6,13.533941527777776,temperature
2023-04-19T00:00:00Z,ccre,7,12.233234722222225,temperature
2023-04-19T00:00:00Z,ccre,8,11.23631576388889,temperature
2023-04-19T00:00:00Z,ccre,9,10.659528541666669,temperature
2023-04-19T00:00:00Z,ccre,10,10.119976472222222,temperature
2023-04-19T00:00:00Z,ccre,11,10.022759236111112,temperature
2023-04-19T00:00:00Z,ccre,12,9.784568347222224,temperature
2023-04-19T00:00:00Z,ccre,13,9.713629604166666,temperature
2023-04-20T00:00:00Z,ccre,1,16.637696666666667,temperature
2023-04-20T00:00:00Z,ccre,2,16.712431944444443,temperature
2023-04-20T00:00:00Z,ccre,3,16.150029791666668,temperature
2023-04-20T00:00:00Z,ccre,4,15.519502916666667,temperature
2023-04-20T00:00:00Z,ccre,5,14.5723075,temperature
2023-04-20T00:00:00Z,ccre,6,13.097547291666666,temperature
2023-04-20T00:00:00Z,ccre,7,12.240960486111112,temperature
2023-04-20T00:00:00Z,ccre,8,11.521754027777778,temperature
2023-04-20T00:00:00Z,ccre,9,10.86797875,temperature
2023-04-20T00:00:00Z,ccre,10,10.148035854166666,temperature
2023-04-20T00:00:00Z,ccre,11,10.016082229166669,temperature
2023-04-20T00:00:00Z,ccre,12,9.76369940972222,temperature
2023-04-20T00:00:00Z,ccre,13,9.700832819444445,temperature
2023-04-21T00:00:00Z,ccre,1,19.28460666666667,temperature
2023-04-21T00:00:00Z,ccre,2,17.152940625,temperature
2023-04-21T00:00:00Z,ccre,3,16.121161597222223,temperature
2023-04-21T00:00:00Z,ccre,4,15.296907291666669,temperature
2023-04-21T00:00:00Z,ccre,5,14.398190972222222,temperature
2023-04-21T00:00:00Z,ccre,6,13.453025138888888,temperature
2023-04-21T00:00:00Z,ccre,7,12.428677013888889,temperature
2023-04-21T00:00:00Z,ccre,8,11.572714722222225,temperature
2023-04-21T00:00:00Z,ccre,9,10.917283402777777,temperature
2023-04-21T00:00:00Z,ccre,10,10.244755541666668,temperature
2023-04-21T00:00:00Z,ccre,11,10.076836368055556,temperature
2023-04-21T00:00:00Z,ccre,12,9.811655277777778,temperature
2023-04-21T00:00:00Z,ccre,13,9.736865159722225,temperature
2023-04-22T00:00:00Z,ccre,2,17.246890069444444,temperature
2023-04-22T00:00:00Z,ccre,3,17.173659722222222,temperature
2023-04-22T00:00:00Z,ccre,4,16.54990638888889,temperature
2023-04-22T00:00:00Z,ccre,5,15.779169027777778,temperature
2023-04-22T00:00:00Z,ccre,6,14.754791458333331,temperature
2023-04-22T00:00:00Z,ccre,7,13.002925486111112,temperature
2023-04-22T00:00:00Z,ccre,8,11.940752847222225,temperature
2023-04-22T00:00:00Z,ccre,9,11.20219625,temperature
2023-04-22T00:00:00Z,ccre,10,10.524636875,temperature
2023-04-22T00:00:00Z,ccre,11,10.343407388888888,temperature
2023-04-22T00:00:00Z,ccre,12,9.919416041666668,temperature
2023-04-22T00:00:00Z,ccre,13,9.84715654861111,temperature
2023-04-23T00:00:00Z,ccre,2,16.777389930555554,temperature
2023-04-23T00:00:00Z,ccre,3,16.73125326388889,temperature
2023-04-23T00:00:00Z,ccre,4,16.693506805555554,temperature
2023-04-23T00:00:00Z,ccre,5,16.19986861111111,temperature
2023-04-23T00:00:00Z,ccre,6,14.22378013888889,temperature
2023-04-23T00:00:00Z,ccre,7,12.366597986111111,temperature
2023-04-23T00:00:00Z,ccre,8,11.545091527777778,temperature
2023-04-23T00:00:00Z,ccre,9,11.02093125,temperature
2023-04-23T00:00:00Z,ccre,10,10.421381041666669,temperature
2023-04-23T00:00:00Z,ccre,11,10.264340715277775,temperature
2023-04-23T00:00:00Z,ccre,12,9.977712930555557,temperature
2023-04-23T00:00:00Z,ccre,13,9.846763333333334,temperature
2023-04-24T00:00:00Z,ccre,2,16.750703680555556,temperature
2023-04-24T00:00:00Z,ccre,3,16.70950402777778,temperature
2023-04-24T00:00:00Z,ccre,4,16.633415833333334,temperature
2023-04-24T00:00:00Z,ccre,5,16.337944375,temperature
2023-04-24T00:00:00Z,ccre,6,15.728701180555555,temperature
2023-04-24T00:00:00Z,ccre,7,13.117954722222224,temperature
2023-04-24T00:00:00Z,ccre,8,11.851433333333333,temperature
2023-04-24T00:00:00Z,ccre,9,11.043276597222222,temperature
2023-04-24T00:00:00Z,ccre,10,10.311049097222222,temperature
2023-04-24T00:00:00Z,ccre,11,10.161988465277778,temperature
2023-04-24T00:00:00Z,ccre,12,9.958436743055556,temperature
2023-04-24T00:00:00Z,ccre,13,9.855766354166668,temperature
2023-04-25T00:00:00Z,ccre,2,16.553008819444443,temperature
2023-04-25T00:00:00Z,ccre,3,16.43009986111111,temperature
2023-04-25T00:00:00Z,ccre,4,16.33019847222222,temperature
2023-04-25T00:00:00Z,ccre,5,16.223369861111113,temperature
2023-04-25T00:00:00Z,ccre,6,15.077991875,temperature
2023-04-25T00:00:00Z,ccre,7,12.298918125,temperature
2023-04-25T00:00:00Z,ccre,8,11.49510375,temperature
2023-04-25T00:00:00Z,ccre,9,10.923303958333332,temperature
2023-04-25T00:00:00Z,ccre,10,10.350037083333332,temperature
2023-04-25T00:00:00Z,ccre,11,10.233025972222222,temperature
2023-04-25T00:00:00Z,ccre,12,9.997571263888888,temperature
2023-04-25T00:00:00Z,ccre,13,9.89593847222222,temperature
2023-04-26T00:00:00Z,ccre,2,16.333566458333333,temperature
2023-04-26T00:00:00Z,ccre,3,16.246752152777777,temperature
2023-04-26T00:00:00Z,ccre,4,16.131675138888887,temperature
2023-04-26T00:00:00Z,ccre,5,15.842881180555556,temperature
2023-04-26T00:00:00Z,ccre,6,14.064908194444444,temperature
2023-04-26T00:00:00Z,ccre,7,12.782273472222222,temperature
2023-04-26T00:00:00Z,ccre,8,11.851387013888887,temperature
2023-04-26T00:00:00Z,ccre,9,11.103302152777776,temperature
2023-04-26T00:00:00Z,ccre,10,10.376440486111113,temperature
2023-04-26T00:00:00Z,ccre,11,10.219294444444444,temperature
2023-04-26T00:00:00Z,ccre,12,9.990386972222222,temperature
2023-04-26T00:00:00Z,ccre,13,9.9068540416666675,temperature
2023-04-27T00:00:00Z,ccre,2,16.105931944444443,temperature
2023-04-27T00:00:00Z,ccre,3,16.020187291666666,temperature
2023-04-27T00:00:00Z,ccre,4,15.940221527777778,temperature
2023-04-27T00:00:00Z,ccre,5,15.691911875,temperature
2023-04-27T00:00:00Z,ccre,6,14.780618888888888,temperature
2023-04-27T00:00:00Z,ccre,7,13.039759305555556,temperature
2023-04-27T00:00:00Z,ccre,8,11.86532388888889,temperature
2023-04-27T00:00:00Z,ccre,9,11.100812847222224,temperature
2023-04-27T00:00:00Z,ccre,10,10.4359675,temperature
2023-04-27T00:00:00Z,ccre,11,10.296650833333333,temperature
2023-04-27T00:00:00Z,ccre,12,10.037361333333331,temperature
2023-04-27T00:00:00Z,ccre,13,9.946388493055556,temperature
2023-04-28T00:00:00Z,ccre,1,16.184008426966294,temperature
2023-04-28T00:00:00Z,ccre,2,16.160986180555554,temperature
2023-04-28T00:00:00Z,ccre,3,16.113687916666667,temperature
2023-04-28T00:00:00Z,ccre,4,16.05421638888889,temperature
2023-04-28T00:00:00Z,ccre,5,15.964887222222222,temperature
2023-04-28T00:00:00Z,ccre,6,15.853555277777778,temperature
2023-04-28T00:00:00Z,ccre,7,14.414070833333334,temperature
2023-04-28T00:00:00Z,ccre,8,12.485924930555557,temperature
2023-04-28T00:00:00Z,ccre,9,11.376379791666666,temperature
2023-04-28T00:00:00Z,ccre,10,10.474042083333334,temperature
2023-04-28T00:00:00Z,ccre,11,10.327632569444445,temperature
2023-04-28T00:00:00Z,ccre,12,10.059204722222225,temperature
2023-04-28T00:00:00Z,ccre,13,9.969267020833334,temperature
2023-04-29T00:00:00Z,ccre,1,16.522166111111112,temperature
2023-04-29T00:00:00Z,ccre,2,16.401238055555556,temperature
2023-04-29T00:00:00Z,ccre,3,16.217227708333333,temperature
2023-04-29T00:00:00Z,ccre,4,16.083962361111112,temperature
2023-04-29T00:00:00Z,ccre,5,15.567657291666666,temperature
2023-04-29T00:00:00Z,ccre,6,14.606626527777776,temperature
2023-04-29T00:00:00Z,ccre,7,12.831192916666666,temperature
2023-04-29T00:00:00Z,ccre,8,11.64139,temperature
2023-04-29T00:00:00Z,ccre,9,11.114471805555556,temperature
2023-04-29T00:00:00Z,ccre,10,10.499326041666666,temperature
2023-04-29T00:00:00Z,ccre,11,10.35184638888889,temperature
2023-04-29T00:00:00Z,ccre,12,10.101448194444444,temperature
2023-04-29T00:00:00Z,ccre,13,10.01109586111111,temperature
2023-04-30T00:00:00Z,ccre,1,16.975200069444444,temperature
2023-04-30T00:00:00Z,ccre,2,16.669665902777776,temperature
2023-04-30T00:00:00Z,ccre,3,16.480558541666667,temperature
2023-04-30T00:00:00Z,ccre,4,16.252585347222222,temperature
2023-04-30T00:00:00Z,ccre,5,15.701515347222225,temperature
2023-04-30T00:00:00Z,ccre,6,15.062460694444445,temperature
2023-04-30T00:00:00Z,ccre,7,13.993721944444443,temperature
2023-04-30T00:00:00Z,ccre,8,12.666955069444445,temperature
2023-04-30T00:00:00Z,ccre,9,11.485646388888888,temperature
2023-04-30T00:00:00Z,ccre,10,10.451273055555555,temperature
2023-04-30T00:00:00Z,ccre,11,10.308091527777778,temperature
2023-04-30T00:00:00Z,ccre,12,10.106852291666666,temperature
2023-04-30T00:00:00Z,ccre,13,10.019760020833331,temperature
2023-05-01T00:00:00Z,ccre,1,15.689390625,temperature
2023-05-01T00:00:00Z,ccre,2,15.723166319444443,temperature
2023-05-01T00:00:00Z,ccre,3,15.699017847222224,temperature
2023-05-01T00:00:00Z,ccre,4,15.607140625,temperature
2023-05-01T00:00:00Z,ccre,5,15.18106625,temperature
2023-05-01T00:00:00Z,ccre,6,13.837947291666667,temperature
2023-05-01T00:00:00Z,ccre,7,12.669453680555556,temperature
2023-05-01T00:00:00Z,ccre,8,11.829081597222222,temperature
2023-05-01T00:00:00Z,ccre,9,11.186163680555556,temperature
2023-05-01T00:00:00Z,ccre,10,10.546769097222224,temperature
2023-05-01T00:00:00Z,ccre,11,10.393740138888887,temperature
2023-05-01T00:00:00Z,ccre,12,10.147845833333331,temperature
2023-05-01T00:00:00Z,ccre,13,10.055929854166669,temperature
2023-05-02T00:00:00Z,ccre,1,15.041581041666667,temperature
2023-05-02T00:00:00Z,ccre,2,15.076257777777778,temperature
2023-05-02T00:00:00Z,ccre,3,15.025168888888889,temperature
2023-05-02T00:00:00Z,ccre,4,14.942039166666667,temperature
2023-05-02T00:00:00Z,ccre,5,14.770904861111111,temperature
2023-05-02T00:00:00Z,ccre,6,14.202935208333331,temperature
2023-05-02T00:00:00Z,ccre,7,13.207820902777778,temperature
2023-05-02T00:00:00Z,ccre,8,11.990339236111112,temperature
2023-05-02T00:00:00Z,ccre,9,11.309834652777775,temperature
2023-05-02T00:00:00Z,ccre,10,10.604743472222223,temperature
2023-05-02T00:00:00Z,ccre,11,10.439374375,temperature
2023-05-02T00:00:00Z,ccre,12,10.173220902777778,temperature
2023-05-02T00:00:00Z,ccre,13,10.078865,temperature
2023-05-03T00:00:00Z,ccre,1,14.77108875,temperature
2023-05-03T00:00:00Z,ccre,2,14.81400111111111,temperature
2023-05-03T00:00:00Z,ccre,3,14.809865763888888,temperature
2023-05-03T00:00:00Z,ccre,4,14.786260347222225,temperature
2023-05-03T00:00:00Z,ccre,5,14.739374861111113,temperature
2023-05-03T00:00:00Z,ccre,6,14.711856458333331,temperature
2023-05-03T00:00:00Z,ccre,7,14.530766388888887,temperature
2023-05-03T00:00:00Z,ccre,8,14.110538819444445,temperature
2023-05-03T00:00:00Z,ccre,9,13.00503347222222,temperature
2023-05-03T00:00:00Z,ccre,10,10.666297708333332,temperature
2023-05-03T00:00:00Z,ccre,11,10.471831458333334,temperature
2023-05-03T00:00:00Z,ccre,12,10.19665048611111,temperature
2023-05-03T00:00:00Z,ccre,13,10.107141875,temperature
2023-05-04T00:00:00Z,ccre,1,15.086882847222222,temperature
2023-05-04T00:00:00Z,ccre,2,15.123498125,temperature
2023-05-04T00:00:00Z,ccre,3,15.119102083333331,temperature
2023-05-04T00:00:00Z,ccre,4,15.09133375,temperature
2023-05-04T00:00:00Z,ccre,5,14.885550138888888,temperature
2023-05-04T00:00:00Z,ccre,6,14.777320694444445,temperature
2023-05-04T00:00:00Z,ccre,7,14.695686944444445,temperature
2023-05-04T00:00:00Z,ccre,8,14.546218611111112,temperature
2023-05-04T00:00:00Z,ccre,9,13.694387569444444,temperature
2023-05-04T00:00:00Z,ccre,10,10.612807083333331,temperature
2023-05-04T00:00:00Z,ccre,11,10.422609097222225,temperature
2023-05-04T00:00:00Z,ccre,12,10.217743402777778,temperature
2023-05-04T00:00:00Z,ccre,13,10.125720208333334,temperature
2023-05-05T00:00:00Z,ccre,1,15.622626041666669,temperature
2023-05-05T00:00:00Z,ccre,2,15.512522916666668,temperature
2023-05-05T00:00:00Z,ccre,3,15.302392361111112,temperature
2023-05-05T00:00:00Z,ccre,4,15.151235555555555,temperature
2023-05-05T00:00:00Z,ccre,5,14.95764236111111,temperature
2023-05-05T00:00:00Z,ccre,6,14.71726638888889,temperature
2023-05-05T00:00:00Z,ccre,7,14.280826805555556,temperature
2023-05-05T00:00:00Z,ccre,8,12.902992222222222,temperature
2023-05-05T00:00:00Z,ccre,9,11.512242708333334,temperature
2023-05-05T00:00:00Z,ccre,10,10.70439625,temperature
2023-05-05T00:00:00Z,ccre,11,10.537676527777778,temperature
2023-05-05T00:00:00Z,ccre,12,10.271905,temperature
2023-05-05T00:00:00Z,ccre,13,10.188318263888888,temperature
2023-05-06T00:00:00Z,ccre,1,16.24111388888889,temperature
2023-05-06T00:00:00Z,ccre,2,15.974397083333333,temperature
2023-05-06T00:00:00Z,ccre,3,15.376069791666668,temperature
2023-05-06T00:00:00Z,ccre,4,15.027723125,temperature
2023-05-06T00:00:00Z,ccre,5,14.697565902777775,temperature
2023-05-06T00:00:00Z,ccre,6,14.255794791666666,temperature
2023-05-06T00:00:00Z,ccre,7,13.84992423611111,temperature
2023-05-06T00:00:00Z,ccre,8,13.283226041666667,temperature
2023-05-06T00:00:00Z,ccre,9,12.436225,temperature
2023-05-06T00:00:00Z,ccre,10,10.700870277777778,temperature
2023-05-06T00:00:00Z,ccre,11,10.505481388888889,temperature
2023-05-06T00:00:00Z,ccre,12,10.260126180555556,temperature
2023-05-06T00:00:00Z,ccre,13,10.178749513888889,temperature
2023-05-07T00:00:00Z,ccre,1,17.00912826388889,temperature
2023-05-07T00:00:00Z,ccre,2,16.462836944444444,temperature
2023-05-07T00:00:00Z,ccre,3,15.544860833333331,temperature
2023-05-07T00:00:00Z,ccre,4,15.18474625,temperature
2023-05-07T00:00:00Z,ccre,5,14.821410555555556,temperature
2023-05-07T00:00:00Z,ccre,6,14.432417222222222,temperature
2023-05-07T00:00:00Z,ccre,7,13.9851975,temperature
2023-05-07T00:00:00Z,ccre,8,13.213010902777778,temperature
2023-05-07T00:00:00Z,ccre,9,12.220577708333334,temperature
2023-05-07T00:00:00Z,ccre,10,10.825295069444444,temperature
2023-05-07T00:00:00Z,ccre,11,10.607255138888888,temperature
2023-05-07T00:00:00Z,ccre,12,10.311687291666669,temperature
2023-05-07T00:00:00Z,ccre,13,10.236971319444445,temperature
2023-05-08T00:00:00Z,ccre,1,18.510029097222223,temperature
2023-05-08T00:00:00Z,ccre,2,18.141822847222222,temperature
2023-05-08T00:00:00Z,ccre,3,16.790730902777778,temperature
2023-05-08T00:00:00Z,ccre,4,15.990783541666667,temperature
2023-05-08T00:00:00Z,ccre,5,15.371223541666668,temperature
2023-05-08T00:00:00Z,ccre,6,14.829558333333331,temperature
2023-05-08T00:00:00Z,ccre,7,14.280182986111113,temperature
2023-05-08T00:00:00Z,ccre,8,13.339286666666666,temperature
2023-05-08T00:00:00Z,ccre,9,12.117870902777778,temperature
2023-05-08T00:00:00Z,ccre,10,10.808924305555555,temperature
2023-05-08T00:00:00Z,ccre,11,10.574729583333331,temperature
2023-05-08T00:00:00Z,ccre,12,10.332697916666667,temperature
2023-05-08T00:00:00Z,ccre,13,10.230196805555556,temperature
2023-05-09T00:00:00Z,ccre,1,19.781271041666667,temperature
2023-05-09T00:00:00Z,ccre,2,19.519202083333333,temperature
2023-05-09T00:00:00Z,ccre,3,17.976581805555554,temperature
2023-05-09T00:00:00Z,ccre,4,16.557111666666668,temperature
2023-05-09T00:00:00Z,ccre,5,15.445993472222222,temperature
2023-05-09T00:00:00Z,ccre,6,14.58081861111111,temperature
2023-05-09T00:00:00Z,ccre,7,14.060344305555557,temperature
2023-05-09T00:00:00Z,ccre,8,13.449399166666666,temperature
2023-05-09T00:00:00Z,ccre,9,12.678599027777778,temperature
2023-05-09T00:00:00Z,ccre,10,11.079702430555557,temperature
2023-05-09T00:00:00Z,ccre,11,10.730644236111113,temperature
2023-05-09T00:00:00Z,ccre,12,10.372600972222225,temperature
2023-05-09T00:00:00Z,ccre,13,10.276222083333334,temperature
2023-05-10T00:00:00Z,ccre,1,19.843883472222224,temperature
2023-05-10T00:00:00Z,ccre,2,19.753411944444444,temperature
2023-05-10T00:00:00Z,ccre,3,18.48403326388889,temperature
2023-05-10T00:00:00Z,ccre,4,16.30493173611111,temperature
2023-05-10T00:00:00Z,ccre,5,15.053230208333334,temperature
2023-05-10T00:00:00Z,ccre,6,14.496776597222222,temperature
2023-05-10T00:00:00Z,ccre,7,14.032180069444443,temperature
2023-05-10T00:00:00Z,ccre,8,13.186803819444444,temperature
2023-05-10T00:00:00Z,ccre,9,12.147787916666667,temperature
2023-05-10T00:00:00Z,ccre,10,10.90491263888889,temperature
2023-05-10T00:00:00Z,ccre,11,10.687546805555556,temperature
2023-05-10T00:00:00Z,ccre,12,10.397387152777778,temperature
2023-05-10T00:00:00Z,ccre,13,10.319752222222222,temperature
2023-05-11T00:00:00Z,ccre,1,19.88620840277778,temperature
2023-05-11T00:00:00Z,ccre,2,19.637322986111112,temperature
2023-05-11T00:00:00Z,ccre,3,18.391241736111112,temperature
2023-05-11T00:00:00Z,ccre,4,16.709367430555556,temperature
2023-05-11T00:00:00Z,ccre,5,15.640913819444444,temperature
2023-05-11T00:00:00Z,ccre,6,14.94438597222222,temperature
2023-05-11T00:00:00Z,ccre,7,14.343215208333334,temperature
2023-05-11T00:00:00Z,ccre,8,13.26556263888889,temperature
2023-05-11T00:00:00Z,ccre,9,12.113911944444444,temperature
2023-05-11T00:00:00Z,ccre,10,10.916891041666666,temperature
2023-05-11T00:00:00Z,ccre,11,10.723396388888888,temperature
2023-05-11T00:00:00Z,ccre,12,10.417294375,temperature
2023-05-11T00:00:00Z,ccre,13,10.32138638888889,temperature
2023-05-12T00:00:00Z,ccre,1,21.047981666666665,temperature
2023-05-12T00:00:00Z,ccre,2,20.317680347222225,temperature
2023-05-12T00:00:00Z,ccre,3,19.46342465277778,temperature
2023-05-12T00:00:00Z,ccre,4,17.645552708333334,temperature
2023-05-12T00:00:00Z,ccre,5,15.95372548611111,temperature
2023-05-12T00:00:00Z,ccre,6,15.005386944444444,temperature
2023-05-12T00:00:00Z,ccre,7,14.249044166666668,temperature
2023-05-12T00:00:00Z,ccre,8,13.322934444444444,temperature
2023-05-12T00:00:00Z,ccre,9,12.289009027777778,temperature
2023-05-12T00:00:00Z,ccre,10,11.046153888888888,temperature
2023-05-12T00:00:00Z,ccre,11,10.760063055555555,temperature
2023-05-12T00:00:00Z,ccre,12,10.45680576388889,temperature
2023-05-12T00:00:00Z,ccre,13,10.364121805555556,temperature
2023-05-13T00:00:00Z,ccre,1,22.033433333333335,temperature
2023-05-13T00:00:00Z,ccre,2,21.66425486111111,temperature
2023-05-13T00:00:00Z,ccre,3,20.229219305555556,temperature
2023-05-13T00:00:00Z,ccre,4,17.942590972222224,temperature
2023-05-13T00:00:00Z,ccre,5,15.911247916666667,temperature
2023-05-13T00:00:00Z,ccre,6,15.06698027777778,temperature
2023-05-13T00:00:00Z,ccre,7,14.343260138888889,temperature
2023-05-13T00:00:00Z,ccre,8,13.538355138888887,temperature
2023-05-13T00:00:00Z,ccre,9,12.588050138888889,temperature
2023-05-13T00:00:00Z,ccre,10,10.944662569444445,temperature
2023-05-13T00:00:00Z,ccre,11,10.75682375,temperature
2023-05-13T00:00:00Z,ccre,12,10.511864791666667,temperature
2023-05-13T00:00:00Z,ccre,13,10.36858673611111,temperature
2023-05-14T00:00:00Z,ccre,1,22.56704819444445,temperature
2023-05-14T00:00:00Z,ccre,2,22.362258680555556,temperature
2023-05-14T00:00:00Z,ccre,3,21.849760763888888,temperature
2023-05-14T00:00:00Z,ccre,4,18.921459722222224,temperature
2023-05-14T00:00:00Z,ccre,5,15.83028673611111,temperature
2023-05-14T00:00:00Z,ccre,6,14.922162430555556,temperature
2023-05-14T00:00:00Z,ccre,7,14.219000069444444,temperature
2023-05-14T00:00:00Z,ccre,8,13.388578263888888,temperature
2023-05-14T00:00:00Z,ccre,9,12.279230694444443,temperature
2023-05-14T00:00:00Z,ccre,10,10.941811736111111,temperature
2023-05-14T00:00:00Z,ccre,11,10.757543958333333,temperature
2023-05-14T00:00:00Z,ccre,12,10.518040416666668,temperature
2023-05-14T00:00:00Z,ccre,13,10.415594861111112,temperature
2023-05-15T00:00:00Z,ccre,1,21.982398611111112,temperature
2023-05-15T00:00:00Z,ccre,2,21.92815861111111,temperature
2023-05-15T00:00:00Z,ccre,3,20.998560208333338,temperature
2023-05-15T00:00:00Z,ccre,4,18.169703055555555,temperature
2023-05-15T00:00:00Z,ccre,5,16.322007777777777,temperature
2023-05-15T00:00:00Z,ccre,6,15.311209583333332,temperature
2023-05-15T00:00:00Z,ccre,7,14.475040347222222,temperature
2023-05-15T00:00:00Z,ccre,8,13.381815069444444,temperature
2023-05-15T00:00:00Z,ccre,9,12.161015486111111,temperature
2023-05-15T00:00:00Z,ccre,10,10.955166041666669,temperature
2023-05-15T00:00:00Z,ccre,11,10.766647777777775,temperature
2023-05-15T00:00:00Z,ccre,12,10.53217625,temperature
2023-05-15T00:00:00Z,ccre,13,10.450115208333331,temperature
2023-05-16T00:00:00Z,ccre,1,21.711594722222223,temperature
2023-05-16T00:00:00Z,ccre,2,21.462102430555557,temperature
2023-05-16T00:00:00Z,ccre,3,20.577807083333333,temperature
2023-05-16T00:00:00Z,ccre,4,18.166579513888887,temperature
2023-05-16T00:00:00Z,ccre,5,16.232894583333334,temperature
2023-05-16T00:00:00Z,ccre,6,15.21347,temperature
2023-05-16T00:00:00Z,ccre,7,14.4007225,temperature
2023-05-16T00:00:00Z,ccre,8,13.4984375,temperature
2023-05-16T00:00:00Z,ccre,9,12.496254930555557,temperature
2023-05-16T00:00:00Z,ccre,10,10.998100902777775,temperature
2023-05-16T00:00:00Z,ccre,11,10.814271111111111,temperature
2023-05-16T00:00:00Z,ccre,12,10.580572638888889,temperature
2023-05-16T00:00:00Z,ccre,13,10.467054652777778,temperature
2023-05-17T00:00:00Z,ccre,1,21.91749375,temperature
2023-05-17T00:00:00Z,ccre,2,21.931835486111112,temperature
2023-05-17T00:00:00Z,ccre,3,21.77847638888889,temperature
2023-05-17T00:00:00Z,ccre,4,21.023945555555557,temperature
2023-05-17T00:00:00Z,ccre,5,18.36023638888889,temperature
2023-05-17T00:00:00Z,ccre,6,15.558745972222225,temperature
2023-05-17T00:00:00Z,ccre,7,14.41418013888889,temperature
2023-05-17T00:00:00Z,ccre,8,13.380856041666666,temperature
2023-05-17T00:00:00Z,ccre,9,12.06617,temperature
2023-05-17T00:00:00Z,ccre,10,10.913098819444444,temperature
2023-05-17T00:00:00Z,ccre,11,10.772074444444444,temperature
2023-05-17T00:00:00Z,ccre,12,10.588358680555556,temperature
2023-05-17T00:00:00Z,ccre,13,10.478444027777778,temperature
2023-05-18T00:00:00Z,ccre,1,21.63940743055555,temperature
2023-05-18T00:00:00Z,ccre,2,21.649602569444443,temperature
2023-05-18T00:00:00Z,ccre,3,21.47253006944445,temperature
2023-05-18T00:00:00Z,ccre,4,18.93962048611111,temperature
2023-05-18T00:00:00Z,ccre,5,16.168199791666666,temperature
2023-05-18T00:00:00Z,ccre,6,15.261132916666666,temperature
2023-05-18T00:00:00Z,ccre,7,14.618855069444445,temperature
2023-05-18T00:00:00Z,ccre,8,13.899873541666668,temperature
2023-05-18T00:00:00Z,ccre,9,12.679119722222222,temperature
2023-05-18T00:00:00Z,ccre,10,11.104208611111112,temperature
2023-05-18T00:00:00Z,ccre,11,10.880504097222222,temperature
2023-05-18T00:00:00Z,ccre,12,10.613781736111113,temperature
2023-05-18T00:00:00Z,ccre,13,10.52330875,temperature
2023-05-19T00:00:00Z,ccre,1,21.299708333333335,temperature
2023-05-19T00:00:00Z,ccre,2,21.177747222222223,temperature
2023-05-19T00:00:00Z,ccre,3,21.080346944444443,temperature
2023-05-19T00:00:00Z,ccre,4,19.72537888888889,temperature
2023-05-19T00:00:00Z,ccre,5,17.001024166666667,temperature
2023-05-19T00:00:00Z,ccre,6,15.615937847222222,temperature
2023-05-19T00:00:00Z,ccre,7,14.608680625,temperature
2023-05-19T00:00:00Z,ccre,8,13.377246041666666,temperature
2023-05-19T00:00:00Z,ccre,9,12.10257,temperature
2023-05-19T00:00:00Z,ccre,10,11.03196402777778,temperature
2023-05-19T00:00:00Z,ccre,11,10.87412298611111,temperature
2023-05-19T00:00:00Z,ccre,12,10.638258472222224,temperature
2023-05-19T00:00:00Z,ccre,13,10.572210208333331,temperature
2023-05-20T00:00:00Z,ccre,1,21.836397013888888,temperature
2023-05-20T00:00:00Z,ccre,2,21.77851673611111,temperature
2023-05-20T00:00:00Z,ccre,3,21.274697222222223,temperature
2023-05-20T00:00:00Z,ccre,4,19.50846451388889,temperature
2023-05-20T00:00:00Z,ccre,5,17.474785555555556,temperature
2023-05-20T00:00:00Z,ccre,6,15.769617916666666,temperature
2023-05-20T00:00:00Z,ccre,7,14.63559152777778,temperature
2023-05-20T00:00:00Z,ccre,8,13.689014097222222,temperature
2023-05-20T00:00:00Z,ccre,9,12.567144236111112,temperature
2023-05-20T00:00:00Z,ccre,10,11.06453798611111,temperature
2023-05-20T00:00:00Z,ccre,11,10.89489048611111,temperature
2023-05-20T00:00:00Z,ccre,12,10.655851666666669,temperature
2023-05-20T00:00:00Z,ccre,13,10.565277708333332,temperature
2023-05-21T00:00:00Z,ccre,1,21.68936326388889,temperature
2023-05-21T00:00:00Z,ccre,2,21.65966034722222,temperature
2023-05-21T00:00:00Z,ccre,3,21.59905597222222,temperature
2023-05-21T00:00:00Z,ccre,4,21.391249513888887,temperature
2023-05-21T00:00:00Z,ccre,5,18.774930347222224,temperature
2023-05-21T00:00:00Z,ccre,6,15.937123125,temperature
2023-05-21T00:00:00Z,ccre,7,14.464719791666669,temperature
2023-05-21T00:00:00Z,ccre,8,13.409855625,temperature
2023-05-21T00:00:00Z,ccre,9,12.152469097222223,temperature
2023-05-21T00:00:00Z,ccre,10,11.033011805555557,temperature
2023-05-21T00:00:00Z,ccre,11,10.884052916666668,temperature
2023-05-21T00:00:00Z,ccre,12,10.685968541666666,temperature
2023-05-21T00:00:00Z,ccre,13,10.592903125,temperature
2023-05-22T00:00:00Z,ccre,1,21.783181222222225,temperature
2023-05-22T00:00:00Z,ccre,2,21.803927708333333,temperature
2023-05-22T00:00:00Z,ccre,3,21.72898763888889,temperature
2023-05-22T00:00:00Z,ccre,4,21.66299972222222,temperature
2023-05-22T00:00:00Z,ccre,5,18.74129625,temperature
2023-05-22T00:00:00Z,ccre,6,15.754475555555556,temperature
2023-05-22T00:00:00Z,ccre,7,14.710250416666666,temperature
2023-05-22T00:00:00Z,ccre,8,13.680377638888888,temperature
2023-05-22T00:00:00Z,ccre,9,12.515378611111112,temperature
2023-05-22T00:00:00Z,ccre,10,11.132530486111111,temperature
2023-05-22T00:00:00Z,ccre,11,10.945292430555556,temperature
2023-05-22T00:00:00Z,ccre,12,10.705272916666669,temperature
2023-05-22T00:00:00Z,ccre,13,10.615497569444443,temperature
2023-05-23T00:00:00Z,ccre,2,21.84097736111111,temperature
2023-05-23T00:00:00Z,ccre,3,21.79097263888889,temperature
2023-05-23T00:00:00Z,ccre,4,21.69283847222222,temperature
2023-05-23T00:00:00Z,ccre,5,18.17604736111111,temperature
2023-05-23T00:00:00Z,ccre,6,16.30304909722222,temperature
2023-05-23T00:00:00Z,ccre,7,14.993982986111112,temperature
2023-05-23T00:00:00Z,ccre,8,13.642491458333334,temperature
2023-05-23T00:00:00Z,ccre,9,12.259246388888888,temperature
2023-05-23T00:00:00Z,ccre,10,11.138925486111113,temperature
2023-05-23T00:00:00Z,ccre,11,10.98011013888889,temperature
2023-05-23T00:00:00Z,ccre,12,10.735898472222225,temperature
2023-05-23T00:00:00Z,ccre,13,10.64224236111111,temperature
2023-05-24T00:00:00Z,ccre,2,21.97505479166667,temperature
2023-05-24T00:00:00Z,ccre,3,21.82492034722222,temperature
2023-05-24T00:00:00Z,ccre,4,21.717640902777777,temperature
2023-05-24T00:00:00Z,ccre,5,19.584675555555556,temperature
2023-05-24T00:00:00Z,ccre,6,16.39808125,temperature
2023-05-24T00:00:00Z,ccre,7,14.926880972222222,temperature
2023-05-24T00:00:00Z,ccre,8,13.718077777777776,temperature
2023-05-24T00:00:00Z,ccre,9,12.474900972222224,temperature
2023-05-24T00:00:00Z,ccre,10,11.15763361111111,temperature
2023-05-24T00:00:00Z,ccre,11,10.980521319444444,temperature
2023-05-24T00:00:00Z,ccre,12,10.761788402777778,temperature
2023-05-24T00:00:00Z,ccre,13,10.6599475,temperature
2023-05-25T00:00:00Z,ccre,2,21.823922569444445,temperature
2023-05-25T00:00:00Z,ccre,3,21.776447083333338,temperature
2023-05-25T00:00:00Z,ccre,4,21.732639305555555,temperature
2023-05-25T00:00:00Z,ccre,5,19.584402152777777,temperature
2023-05-25T00:00:00Z,ccre,6,16.63374951388889,temperature
2023-05-25T00:00:00Z,ccre,7,14.964601944444444,temperature
2023-05-25T00:00:00Z,ccre,8,13.83190263888889,temperature
2023-05-25T00:00:00Z,ccre,9,12.630157430555556,temperature
2023-05-25T00:00:00Z,ccre,10,11.232451666666666,temperature
2023-05-25T00:00:00Z,ccre,11,11.033496319444444,temperature
2023-05-25T00:00:00Z,ccre,12,10.7820975,temperature
2023-05-25T00:00:00Z,ccre,13,10.695614791666667,temperature
2023-05-26T00:00:00Z,ccre,2,21.568520416666665,temperature
2023-05-26T00:00:00Z,ccre,3,21.542433333333335,temperature
2023-05-26T00:00:00Z,ccre,4,21.48618215277778,temperature
2023-05-26T00:00:00Z,ccre,5,20.25534902777778,temperature
2023-05-26T00:00:00Z,ccre,6,17.235152847222224,temperature
2023-05-26T00:00:00Z,ccre,7,15.241822777777775,temperature
2023-05-26T00:00:00Z,ccre,8,13.80263875,temperature
2023-05-26T00:00:00Z,ccre,9,12.353074166666666,temperature
2023-05-26T00:00:00Z,ccre,10,11.16306798611111,temperature
2023-05-26T00:00:00Z,ccre,11,11.026519930555557,temperature
2023-05-26T00:00:00Z,ccre,12,10.822653541666666,temperature
2023-05-26T00:00:00Z,ccre,13,10.716920625,temperature
2023-05-27T00:00:00Z,ccre,2,21.135923541666667,temperature
2023-05-27T00:00:00Z,ccre,3,21.159855833333335,temperature
2023-05-27T00:00:00Z,ccre,4,21.15365361111111,temperature
2023-05-27T00:00:00Z,ccre,5,21.067946944444444,temperature
2023-05-27T00:00:00Z,ccre,6,17.961534791666665,temperature
2023-05-27T00:00:00Z,ccre,7,15.515819166666668,temperature
2023-05-27T00:00:00Z,ccre,8,13.98452451388889,temperature
2023-05-27T00:00:00Z,ccre,9,12.791996041666666,temperature
2023-05-27T00:00:00Z,ccre,10,11.298886736111111,temperature
2023-05-27T00:00:00Z,ccre,11,11.098208125,temperature
2023-05-27T00:00:00Z,ccre,12,10.838211944444444,temperature
2023-05-27T00:00:00Z,ccre,13,10.724980694444444,temperature
2023-05-28T00:00:00Z,ccre,2,20.603864583333333,temperature
2023-05-28T00:00:00Z,ccre,3,20.622656111111112,temperature
2023-05-28T00:00:00Z,ccre,4,20.621152847222223,temperature
2023-05-28T00:00:00Z,ccre,5,20.57610083333333,temperature
2023-05-28T00:00:00Z,ccre,6,18.54721923611111,temperature
2023-05-28T00:00:00Z,ccre,7,16.491835694444443,temperature
2023-05-28T00:00:00Z,ccre,8,14.318168194444445,temperature
2023-05-28T00:00:00Z,ccre,9,13.00851125,temperature
2023-05-28T00:00:00Z,ccre,10,11.359025902777775,temperature
2023-05-28T00:00:00Z,ccre,11,11.134118819444444,temperature
2023-05-28T00:00:00Z,ccre,12,10.870056111111111,temperature
2023-05-28T00:00:00Z,ccre,13,10.767051180555557,temperature
2023-05-29T00:00:00Z,ccre,2,20.256154791666667,temperature
2023-05-29T00:00:00Z,ccre,3,20.262848541666667,temperature
2023-05-29T00:00:00Z,ccre,4,20.221910347222224,temperature
2023-05-29T00:00:00Z,ccre,5,20.097256666666667,temperature
2023-05-29T00:00:00Z,ccre,6,19.895423125,temperature
2023-05-29T00:00:00Z,ccre,7,17.03387902777778,temperature
2023-05-29T00:00:00Z,ccre,8,13.694074722222222,temperature
2023-05-29T00:00:00Z,ccre,9,12.259741597222222,temperature
2023-05-29T00:00:00Z,ccre,10,11.285172708333333,temperature
2023-05-29T00:00:00Z,ccre,11,11.123896319444444,temperature
2023-05-29T00:00:00Z,ccre,12,10.89622465277778,temperature
2023-05-29T00:00:00Z,ccre,13,10.802073819444445,temperature
2023-05-30T00:00:00Z,ccre,2,20.46172326388889,temperature
2023-05-30T00:00:00Z,ccre,3,20.388424166666667,temperature
2023-05-30T00:00:00Z,ccre,4,20.334464305555557,temperature
2023-05-30T00:00:00Z,ccre,5,20.214748541666665,temperature
2023-05-30T00:00:00Z,ccre,6,18.136591458333335,temperature
2023-05-30T00:00:00Z,ccre,7,15.401991041666667,temperature
2023-05-30T00:00:00Z,ccre,8,14.060563819444443,temperature
2023-05-30T00:00:00Z,ccre,9,12.735170347222224,temperature
2023-05-30T00:00:00Z,ccre,10,11.265576944444444,temperature
2023-05-30T00:00:00Z,ccre,11,11.103980833333331,temperature
2023-05-30T00:00:00Z,ccre,12,10.914640069444443,temperature
2023-05-30T00:00:00Z,ccre,13,10.8078,temperature
2023-05-31T00:00:00Z,ccre,2,21.001925208333333,temperature
2023-05-31T00:00:00Z,ccre,3,20.601075069444445,temperature
2023-05-31T00:00:00Z,ccre,4,20.310714583333333,temperature
2023-05-31T00:00:00Z,ccre,5,19.66321,temperature
2023-05-31T00:00:00Z,ccre,6,17.975313611111112,temperature
2023-05-31T00:00:00Z,ccre,7,15.786702291666666,temperature
2023-05-31T00:00:00Z,ccre,8,14.183012569444443,temperature
2023-05-31T00:00:00Z,ccre,9,12.576824722222222,temperature
2023-05-31T00:00:00Z,ccre,10,11.341327708333331,temperature
2023-05-31T00:00:00Z,ccre,11,11.177674097222225,temperature
2023-05-31T00:00:00Z,ccre,12,10.95506,temperature
2023-05-31T00:00:00Z,ccre,13,10.8465575,temperature
2023-06-01T00:00:00Z,ccre,2,21.59733798611111,temperature
2023-06-01T00:00:00Z,ccre,3,21.133880347222224,temperature
2023-06-01T00:00:00Z,ccre,4,20.772643125,temperature
2023-06-01T00:00:00Z,ccre,5,20.30725451388889,temperature
2023-06-01T00:00:00Z,ccre,6,18.906901666666663,temperature
2023-06-01T00:00:00Z,ccre,7,15.766624652777775,temperature
2023-06-01T00:00:00Z,ccre,8,13.932308263888888,temperature
2023-06-01T00:00:00Z,ccre,9,12.470748680555555,temperature
2023-06-01T00:00:00Z,ccre,10,11.293887430555555,temperature
2023-06-01T00:00:00Z,ccre,11,11.154478750000001,temperature
2023-06-01T00:00:00Z,ccre,12,10.961212152777778,temperature
2023-06-01T00:00:00Z,ccre,13,10.87616888888889,temperature
2023-06-02T00:00:00Z,ccre,2,22.468802291666663,temperature
2023-06-02T00:00:00Z,ccre,3,22.37682951388889,temperature
2023-06-02T00:00:00Z,ccre,4,21.840334513888887,temperature
2023-06-02T00:00:00Z,ccre,5,20.624175069444444,temperature
2023-06-02T00:00:00Z,ccre,6,18.563561180555556,temperature
2023-06-02T00:00:00Z,ccre,7,15.924125,temperature
2023-06-02T00:00:00Z,ccre,8,14.226107361111112,temperature
2023-06-02T00:00:00Z,ccre,9,12.803870625,temperature
2023-06-02T00:00:00Z,ccre,10,11.405359930555557,temperature
2023-06-02T00:00:00Z,ccre,11,11.210389583333331,temperature
2023-06-02T00:00:00Z,ccre,12,10.987334027777775,temperature
2023-06-02T00:00:00Z,ccre,13,10.893985763888889,temperature
2023-06-03T00:00:00Z,ccre,2,23.114937083333334,temperature
2023-06-03T00:00:00Z,ccre,3,22.96611701388889,temperature
2023-06-03T00:00:00Z,ccre,4,22.429758888888887,temperature
2023-06-03T00:00:00Z,ccre,5,20.704069861111112,temperature
2023-06-03T00:00:00Z,ccre,6,18.851676805555556,temperature
2023-06-03T00:00:00Z,ccre,7,16.549366458333335,temperature
2023-06-03T00:00:00Z,ccre,8,14.392338888888888,temperature
2023-06-03T00:00:00Z,ccre,9,12.771595069444444,temperature
2023-06-03T00:00:00Z,ccre,10,11.369129930555555,temperature
2023-06-03T00:00:00Z,ccre,11,11.213726041666666,temperature
2023-06-03T00:00:00Z,ccre,12,11.00737875,temperature
2023-06-03T00:00:00Z,ccre,13,10.917299097222225,temperature
2023-06-04T00:00:00Z,ccre,2,22.704826180555557,temperature
2023-06-04T00:00:00Z,ccre,3,22.40229013888889,temperature
2023-06-04T00:00:00Z,ccre,4,21.412859166666667,temperature
2023-06-04T00:00:00Z,ccre,5,20.123801666666665,temperature
2023-06-04T00:00:00Z,ccre,6,18.746274027777776,temperature
2023-06-04T00:00:00Z,ccre,7,16.55179173611111,temperature
2023-06-04T00:00:00Z,ccre,8,14.670513611111112,temperature
2023-06-04T00:00:00Z,ccre,9,12.99063638888889,temperature
2023-06-04T00:00:00Z,ccre,10,11.421477916666667,temperature
2023-06-04T00:00:00Z,ccre,11,11.261909097222222,temperature
2023-06-04T00:00:00Z,ccre,12,11.039373472222222,temperature
2023-06-04T00:00:00Z,ccre,13,10.947655833333334,temperature
2023-06-05T00:00:00Z,ccre,2,22.482579375,temperature
2023-06-05T00:00:00Z,ccre,3,22.349764027777777,temperature
2023-06-05T00:00:00Z,ccre,4,22.071412777777777,temperature
2023-06-05T00:00:00Z,ccre,5,21.42722125,temperature
2023-06-05T00:00:00Z,ccre,6,19.590129791666666,temperature
2023-06-05T00:00:00Z,ccre,7,16.298577986111113,temperature
2023-06-05T00:00:00Z,ccre,8,14.29113763888889,temperature
2023-06-05T00:00:00Z,ccre,9,12.70556625,temperature
2023-06-05T00:00:00Z,ccre,10,11.42896048611111,temperature
2023-06-05T00:00:00Z,ccre,11,11.280659375,temperature
2023-06-05T00:00:00Z,ccre,12,11.056481736111111,temperature
2023-06-05T00:00:00Z,ccre,13,10.976965555555555,temperature
2023-06-06T00:00:00Z,ccre,2,22.951115555555557,temperature
2023-06-06T00:00:00Z,ccre,3,22.670696111111113,temperature
2023-06-06T00:00:00Z,ccre,4,22.184379236111113,temperature
2023-06-06T00:00:00Z,ccre,5,21.158163541666667,temperature
2023-06-06T00:00:00Z,ccre,6,19.186523680555556,temperature
2023-06-06T00:00:00Z,ccre,7,16.753159305555556,temperature
2023-06-06T00:00:00Z,ccre,8,14.568982361111113,temperature
2023-06-06T00:00:00Z,ccre,9,12.865540416666668,temperature
2023-06-06T00:00:00Z,ccre,10,11.430765625,temperature
2023-06-06T00:00:00Z,ccre,11,11.270180277777778,temperature
2023-06-06T00:00:00Z,ccre,12,11.077438333333331,temperature
2023-06-06T00:00:00Z,ccre,13,10.976383402777778,temperature
2023-06-07T00:00:00Z,ccre,2,22.563429647887325,temperature
2023-06-07T00:00:00Z,ccre,3,22.458150633802816,temperature
2023-06-07T00:00:00Z,ccre,4,22.32179556338028,temperature
2023-06-07T00:00:00Z,ccre,5,21.068478098591548,temperature
2023-06-07T00:00:00Z,ccre,6,19.285802464788738,temperature
2023-06-07T00:00:00Z,ccre,7,17.066987746478873,temperature
2023-06-07T00:00:00Z,ccre,8,14.790749295774647,temperature
2023-06-07T00:00:00Z,ccre,9,12.997661690140845,temperature
2023-06-07T00:00:00Z,ccre,10,11.469689154929576,temperature
2023-06-07T00:00:00Z,ccre,11,11.30769147887324,temperature
2023-06-07T00:00:00Z,ccre,12,11.105554295774647,temperature
2023-06-07T00:00:00Z,ccre,13,11.011172676056338,temperature
2023-06-08T00:00:00Z,ccre,2,22.449593888888888,temperature
2023-06-08T00:00:00Z,ccre,3,22.414451944444444,temperature
2023-06-08T00:00:00Z,ccre,4,22.378784236111112,temperature
2023-06-08T00:00:00Z,ccre,5,21.83909736111111,temperature
2023-06-08T00:00:00Z,ccre,6,20.994323125,temperature
2023-06-08T00:00:00Z,ccre,7,16.82812284722222,temperature
2023-06-08T00:00:00Z,ccre,8,14.46629888888889,temperature
2023-06-08T00:00:00Z,ccre,9,12.82758201388889,temperature
2023-06-08T00:00:00Z,ccre,10,11.463017986111112,temperature
2023-06-08T00:00:00Z,ccre,11,11.316561319444444,temperature
2023-06-08T00:00:00Z,ccre,12,11.126634930555555,temperature
2023-06-08T00:00:00Z,ccre,13,11.036247083333333,temperature
2023-06-09T00:00:00Z,ccre,2,22.542483402777776,temperature
2023-06-09T00:00:00Z,ccre,3,22.477167916666662,temperature
2023-06-09T00:00:00Z,ccre,4,22.187321527777776,temperature
2023-06-09T00:00:00Z,ccre,5,21.909514791666663,temperature
2023-06-09T00:00:00Z,ccre,6,19.89805888888889,temperature
2023-06-09T00:00:00Z,ccre,7,16.764845069444444,temperature
2023-06-09T00:00:00Z,ccre,8,15.000907222222224,temperature
2023-06-09T00:00:00Z,ccre,9,13.08489375,temperature
2023-06-09T00:00:00Z,ccre,10,11.493525416666667,temperature
2023-06-09T00:00:00Z,ccre,11,11.338450902777778,temperature
2023-06-09T00:00:00Z,ccre,12,11.14904361111111,temperature
2023-06-09T00:00:00Z,ccre,13,11.061664583333334,temperature
2023-06-10T00:00:00Z,ccre,2,22.54884256944445,temperature
2023-06-10T00:00:00Z,ccre,3,22.09788777777778,temperature
2023-06-10T00:00:00Z,ccre,4,21.977120347222225,temperature
2023-06-10T00:00:00Z,ccre,5,21.648914583333333,temperature
2023-06-10T00:00:00Z,ccre,6,19.81441597222222,temperature
2023-06-10T00:00:00Z,ccre,7,17.374831458333333,temperature
2023-06-10T00:00:00Z,ccre,8,14.86570951388889,temperature
2023-06-10T00:00:00Z,ccre,9,12.93735888888889,temperature
2023-06-10T00:00:00Z,ccre,10,11.512261111111112,temperature
2023-06-10T00:00:00Z,ccre,11,11.365706944444444,temperature
2023-06-10T00:00:00Z,ccre,12,11.169374375,temperature
2023-06-10T00:00:00Z,ccre,13,11.083315069444444,temperature
2023-06-11T00:00:00Z,ccre,2,22.42225597222222,temperature
2023-06-11T00:00:00Z,ccre,3,21.97448486111111,temperature
2023-06-11T00:00:00Z,ccre,4,21.799904444444444,temperature
2023-06-11T00:00:00Z,ccre,5,21.455693819444445,temperature
2023-06-11T00:00:00Z,ccre,6,20.28906548611111,temperature
2023-06-11T00:00:00Z,ccre,7,17.491178263888887,temperature
2023-06-11T00:00:00Z,ccre,8,14.87870388888889,temperature
2023-06-11T00:00:00Z,ccre,9,13.03137298611111,temperature
2023-06-11T00:00:00Z,ccre,10,11.587891319444443,temperature
2023-06-11T00:00:00Z,ccre,11,11.413889513888888,temperature
2023-06-11T00:00:00Z,ccre,12,11.19339701388889,temperature
2023-06-11T00:00:00Z,ccre,13,11.096726319444445,temperature
2023-06-12T00:00:00Z,ccre,2,22.37233861111111,temperature
2023-06-12T00:00:00Z,ccre,3,22.271769513888888,temperature
2023-06-12T00:00:00Z,ccre,4,22.149157569444444,temperature
2023-06-12T00:00:00Z,ccre,5,21.765953055555556,temperature
2023-06-12T00:00:00Z,ccre,6,20.583906944444443,temperature
2023-06-12T00:00:00Z,ccre,7,18.28060986111111,temperature
2023-06-12T00:00:00Z,ccre,8,15.353122222222222,temperature
2023-06-12T00:00:00Z,ccre,9,13.260736805555556,temperature
2023-06-12T00:00:00Z,ccre,10,11.618632083333331,temperature
2023-06-12T00:00:00Z,ccre,11,11.429524791666667,temperature
2023-06-12T00:00:00Z,ccre,12,11.206843263888889,temperature
2023-06-12T00:00:00Z,ccre,13,11.124500416666669,temperature
2023-06-13T00:00:00Z,ccre,2,22.383159166666665,temperature
2023-06-13T00:00:00Z,ccre,3,22.366961944444444,temperature
2023-06-13T00:00:00Z,ccre,4,22.328619236111113,temperature
2023-06-13T00:00:00Z,ccre,5,21.97450736111111,temperature
2023-06-13T00:00:00Z,ccre,6,20.667926736111113,temperature
2023-06-13T00:00:00Z,ccre,7,17.538488611111113,temperature
2023-06-13T00:00:00Z,ccre,8,14.983705277777778,temperature
2023-06-13T00:00:00Z,ccre,9,13.331070277777778,temperature
2023-06-13T00:00:00Z,ccre,10,11.659063402777775,temperature
2023-06-13T00:00:00Z,ccre,11,11.491572222222224,temperature
2023-06-13T00:00:00Z,ccre,12,11.244128819444445,temperature
2023-06-13T00:00:00Z,ccre,13,11.141683680555555,temperature
2023-06-14T00:00:00Z,ccre,2,22.038609930555555,temperature
2023-06-14T00:00:00Z,ccre,3,22.030258472222226,temperature
2023-06-14T00:00:00Z,ccre,4,21.99954881944445,temperature
2023-06-14T00:00:00Z,ccre,5,21.85916493055555,temperature
2023-06-14T00:00:00Z,ccre,6,20.403853194444444,temperature
2023-06-14T00:00:00Z,ccre,7,18.175857708333332,temperature
2023-06-14T00:00:00Z,ccre,8,15.651396180555556,temperature
2023-06-14T00:00:00Z,ccre,9,13.134882361111112,temperature
2023-06-14T00:00:00Z,ccre,10,11.587254375,temperature
2023-06-14T00:00:00Z,ccre,11,11.448745763888889,temperature
2023-06-14T00:00:00Z,ccre,12,11.254072361111112,temperature
2023-06-14T00:00:00Z,ccre,13,11.164281180555555,temperature
2023-06-15T00:00:00Z,ccre,2,22.595609444444445,temperature
2023-06-15T00:00:00Z,ccre,3,22.103812847222223,temperature
2023-06-15T00:00:00Z,ccre,4,21.94259013888889,temperature
2023-06-15T00:00:00Z,ccre,5,21.78539590277778,temperature
2023-06-15T00:00:00Z,ccre,6,21.60620423611111,temperature
2023-06-15T00:00:00Z,ccre,7,18.557221944444443,temperature
2023-06-15T00:00:00Z,ccre,8,15.194858819444445,temperature
2023-06-15T00:00:00Z,ccre,9,13.151753611111111,temperature
2023-06-15T00:00:00Z,ccre,10,11.670697986111112,temperature
2023-06-15T00:00:00Z,ccre,11,11.498816805555556,temperature
2023-06-15T00:00:00Z,ccre,12,11.302115972222222,temperature
2023-06-15T00:00:00Z,ccre,13,11.206040277777776,temperature
2023-06-16T00:00:00Z,ccre,2,22.686350555555556,temperature
2023-06-16T00:00:00Z,ccre,3,22.646831111111112,temperature
2023-06-16T00:00:00Z,ccre,4,22.56962138888889,temperature
2023-06-16T00:00:00Z,ccre,5,22.33514826388889,temperature
2023-06-16T00:00:00Z,ccre,6,21.615420486111113,temperature
2023-06-16T00:00:00Z,ccre,7,18.279193888888887,temperature
2023-06-16T00:00:00Z,ccre,8,15.917611875,temperature
2023-06-16T00:00:00Z,ccre,9,13.79812798611111,temperature
2023-06-16T00:00:00Z,ccre,10,11.686906111111112,temperature
2023-06-16T00:00:00Z,ccre,11,11.49999875,temperature
2023-06-16T00:00:00Z,ccre,12,11.31120861111111,temperature
2023-06-16T00:00:00Z,ccre,13,11.199954861111111,temperature
2023-06-17T00:00:00Z,ccre,2,23.471940833333335,temperature
2023-06-17T00:00:00Z,ccre,3,23.37952006944444,temperature
2023-06-17T00:00:00Z,ccre,4,22.708986041666662,temperature
2023-06-17T00:00:00Z,ccre,5,22.47305763888889,temperature
2023-06-17T00:00:00Z,ccre,6,22.28818548611111,temperature
2023-06-17T00:00:00Z,ccre,7,19.142761180555556,temperature
2023-06-17T00:00:00Z,ccre,8,15.27913097222222,temperature
2023-06-17T00:00:00Z,ccre,9,13.195495555555556,temperature
2023-06-17T00:00:00Z,ccre,10,11.736237361111112,temperature
2023-06-17T00:00:00Z,ccre,11,11.557080208333334,temperature
2023-06-17T00:00:00Z,ccre,12,11.340994930555556,temperature
2023-06-17T00:00:00Z,ccre,13,11.243185277777778,temperature
2023-06-18T00:00:00Z,ccre,2,23.640368958333333,temperature
2023-06-18T00:00:00Z,ccre,3,23.49265298611111,temperature
2023-06-18T00:00:00Z,ccre,4,23.20513763888889,temperature
2023-06-18T00:00:00Z,ccre,5,22.831671180555556,temperature
2023-06-18T00:00:00Z,ccre,6,21.805588472222222,temperature
2023-06-18T00:00:00Z,ccre,7,18.521848680555557,temperature
2023-06-18T00:00:00Z,ccre,8,16.024989791666666,temperature
2023-06-18T00:00:00Z,ccre,9,13.4335175,temperature
2023-06-18T00:00:00Z,ccre,10,11.717321041666668,temperature
2023-06-18T00:00:00Z,ccre,11,11.548658402777775,temperature
2023-06-18T00:00:00Z,ccre,12,11.356122083333334,temperature
2023-06-18T00:00:00Z,ccre,13,11.250380208333333,temperature
2023-06-19T00:00:00Z,ccre,2,23.25878736111111,temperature
2023-06-19T00:00:00Z,ccre,3,23.20391298611111,temperature
2023-06-19T00:00:00Z,ccre,4,22.912261527777776,temperature
2023-06-19T00:00:00Z,ccre,5,22.43406736111111,temperature
2023-06-19T00:00:00Z,ccre,6,21.8629675,temperature
2023-06-19T00:00:00Z,ccre,7,19.505475416666663,temperature
2023-06-19T00:00:00Z,ccre,8,15.913292916666666,temperature
2023-06-19T00:00:00Z,ccre,9,13.410490555555556,temperature
2023-06-19T00:00:00Z,ccre,10,11.76403111111111,temperature
2023-06-19T00:00:00Z,ccre,11,11.59322888888889,temperature
2023-06-19T00:00:00Z,ccre,12,11.382467361111113,temperature
2023-06-19T00:00:00Z,ccre,13,11.288579375,temperature
2023-06-20T00:00:00Z,ccre,2,22.867313333333332,temperature
2023-06-20T00:00:00Z,ccre,3,22.875184444444443,temperature
2023-06-20T00:00:00Z,ccre,4,22.866700138888888,temperature
2023-06-20T00:00:00Z,ccre,5,22.770259583333335,temperature
2023-06-20T00:00:00Z,ccre,6,22.607041388888888,temperature
2023-06-20T00:00:00Z,ccre,7,21.201382777777777,temperature
2023-06-20T00:00:00Z,ccre,8,16.079251111111112,temperature
2023-06-20T00:00:00Z,ccre,9,13.505060416666666,temperature
2023-06-20T00:00:00Z,ccre,10,11.752266319444445,temperature
2023-06-20T00:00:00Z,ccre,11,11.596049375,temperature
2023-06-20T00:00:00Z,ccre,12,11.401161458333334,temperature
2023-06-20T00:00:00Z,ccre,13,11.297181041666668,temperature
2023-06-21T00:00:00Z,ccre,2,22.431729722222222,temperature
2023-06-21T00:00:00Z,ccre,3,22.45610041666667,temperature
2023-06-21T00:00:00Z,ccre,4,22.45216611111111,temperature
2023-06-21T00:00:00Z,ccre,5,22.41952,temperature
2023-06-21T00:00:00Z,ccre,6,22.412417430555557,temperature
2023-06-21T00:00:00Z,ccre,7,22.202171875,temperature
2023-06-21T00:00:00Z,ccre,8,17.371855,temperature
2023-06-21T00:00:00Z,ccre,9,13.834638541666669,temperature
2023-06-21T00:00:00Z,ccre,10,11.808849722222222,temperature
2023-06-21T00:00:00Z,ccre,11,11.61408736111111,temperature
2023-06-21T00:00:00Z,ccre,12,11.4161325,temperature
2023-06-21T00:00:00Z,ccre,13,11.323748958333333,temperature
2023-06-22T00:00:00Z,ccre,2,21.82982875,temperature
2023-06-22T00:00:00Z,ccre,3,21.84895298611111,temperature
2023-06-22T00:00:00Z,ccre,4,21.845536875,temperature
2023-06-22T00:00:00Z,ccre,5,21.811700138888888,temperature
2023-06-22T00:00:00Z,ccre,6,21.803306111111112,temperature
2023-06-22T00:00:00Z,ccre,7,21.714258958333332,temperature
2023-06-22T00:00:00Z,ccre,8,15.917108194444443,temperature
2023-06-22T00:00:00Z,ccre,9,13.671171875,temperature
2023-06-22T00:00:00Z,ccre,10,11.897666180555555,temperature
2023-06-22T00:00:00Z,ccre,11,11.687904375,temperature
2023-06-22T00:00:00Z,ccre,12,11.455045555555555,temperature
2023-06-22T00:00:00Z,ccre,13,11.353622916666666,temperature
2023-06-23T00:00:00Z,ccre,2,22.121560625,temperature
2023-06-23T00:00:00Z,ccre,3,21.769165625,temperature
2023-06-23T00:00:00Z,ccre,4,21.674677847222224,temperature
2023-06-23T00:00:00Z,ccre,5,21.577202916666668,temperature
2023-06-23T00:00:00Z,ccre,6,21.480569652777778,temperature
2023-06-23T00:00:00Z,ccre,7,20.432816111111112,temperature
2023-06-23T00:00:00Z,ccre,8,16.27230625,temperature
2023-06-23T00:00:00Z,ccre,9,13.728085208333331,temperature
2023-06-23T00:00:00Z,ccre,10,11.845736944444443,temperature
2023-06-23T00:00:00Z,ccre,11,11.66915951388889,temperature
2023-06-23T00:00:00Z,ccre,12,11.463393611111112,temperature
2023-06-23T00:00:00Z,ccre,13,11.365891736111111,temperature
2023-06-24T00:00:00Z,ccre,2,23.08912638888889,temperature
2023-06-24T00:00:00Z,ccre,3,22.64004569444445,temperature
2023-06-24T00:00:00Z,ccre,4,21.924023958333333,temperature
2023-06-24T00:00:00Z,ccre,5,21.68626284722222,temperature
2023-06-24T00:00:00Z,ccre,6,21.270269375,temperature
2023-06-24T00:00:00Z,ccre,7,20.11969597222222,temperature
2023-06-24T00:00:00Z,ccre,8,17.03406125,temperature
2023-06-24T00:00:00Z,ccre,9,13.619274166666669,temperature
2023-06-24T00:00:00Z,ccre,10,11.842876527777776,temperature
2023-06-24T00:00:00Z,ccre,11,11.67917,temperature
2023-06-24T00:00:00Z,ccre,12,11.485115694444444,temperature
2023-06-24T00:00:00Z,ccre,13,11.376124166666669,temperature
2023-06-25T00:00:00Z,ccre,2,23.823546944444445,temperature
2023-06-25T00:00:00Z,ccre,3,23.14477090277778,temperature
2023-06-25T00:00:00Z,ccre,4,22.493451875,temperature
2023-06-25T00:00:00Z,ccre,5,21.934650694444443,temperature
2023-06-25T00:00:00Z,ccre,6,21.328144722222223,temperature
2023-06-25T00:00:00Z,ccre,7,19.624198819444445,temperature
2023-06-25T00:00:00Z,ccre,8,16.70938472222222,temperature
2023-06-25T00:00:00Z,ccre,9,14.114532708333334,temperature
2023-06-25T00:00:00Z,ccre,10,11.944474305555556,temperature
2023-06-25T00:00:00Z,ccre,11,11.72539986111111,temperature
2023-06-25T00:00:00Z,ccre,12,11.513047222222225,temperature
2023-06-25T00:00:00Z,ccre,13,11.405553611111111,temperature
2023-06-26T00:00:00Z,ccre,2,23.359642430555557,temperature
2023-06-26T00:00:00Z,ccre,3,22.90776659722222,temperature
2023-06-26T00:00:00Z,ccre,4,22.468363819444445,temperature
2023-06-26T00:00:00Z,ccre,5,21.962828194444445,temperature
2023-06-26T00:00:00Z,ccre,6,21.411350277777775,temperature
2023-06-26T00:00:00Z,ccre,7,20.12348173611111,temperature
2023-06-26T00:00:00Z,ccre,8,16.927944097222223,temperature
2023-06-26T00:00:00Z,ccre,9,14.196704444444444,temperature
2023-06-26T00:00:00Z,ccre,10,11.986140625,temperature
2023-06-26T00:00:00Z,ccre,11,11.749166041666667,temperature
2023-06-26T00:00:00Z,ccre,12,11.52830048611111,temperature
2023-06-26T00:00:00Z,ccre,13,11.4270425,temperature
2023-06-27T00:00:00Z,ccre,2,23.69548783216783,temperature
2023-06-27T00:00:00Z,ccre,3,23.603884125874124,temperature
2023-06-27T00:00:00Z,ccre,4,23.472023636363637,temperature
2023-06-27T00:00:00Z,ccre,5,22.971977622377626,temperature
2023-06-27T00:00:00Z,ccre,6,22.394385384615383,temperature
2023-06-27T00:00:00Z,ccre,7,20.621524545454545,temperature
2023-06-27T00:00:00Z,ccre,8,16.94096181818182,temperature
2023-06-27T00:00:00Z,ccre,9,14.053927552447552,temperature
2023-06-27T00:00:00Z,ccre,10,11.97883041958042,temperature
2023-06-27T00:00:00Z,ccre,11,11.77866923076923,temperature
2023-06-27T00:00:00Z,ccre,12,11.54703944055944,temperature
2023-06-27T00:00:00Z,ccre,13,11.450941328671329,temperature
2023-06-28T00:00:00Z,ccre,2,24.621553541666668,temperature
2023-06-28T00:00:00Z,ccre,3,24.58339763888889,temperature
2023-06-28T00:00:00Z,ccre,4,24.22092875,temperature
2023-06-28T00:00:00Z,ccre,5,23.750253055555554,temperature
2023-06-28T00:00:00Z,ccre,6,22.92541576388889,temperature
2023-06-28T00:00:00Z,ccre,7,20.12724069444445,temperature
2023-06-28T00:00:00Z,ccre,8,17.434514097222223,temperature
2023-06-28T00:00:00Z,ccre,9,14.00639798611111,temperature
2023-06-28T00:00:00Z,ccre,10,11.971582847222225,temperature
2023-06-28T00:00:00Z,ccre,11,11.79842277777778,temperature
2023-06-28T00:00:00Z,ccre,12,11.578437777777776,temperature
2023-06-28T00:00:00Z,ccre,13,11.45099625,temperature
2023-06-29T00:00:00Z,ccre,2,24.930327986111113,temperature
2023-06-29T00:00:00Z,ccre,3,24.79075784722222,temperature
2023-06-29T00:00:00Z,ccre,4,24.477378263888887,temperature
2023-06-29T00:00:00Z,ccre,5,23.477468958333333,temperature
2023-06-29T00:00:00Z,ccre,6,21.817574166666667,temperature
2023-06-29T00:00:00Z,ccre,7,20.472227361111113,temperature
2023-06-29T00:00:00Z,ccre,8,17.648081736111113,temperature
2023-06-29T00:00:00Z,ccre,9,14.423520208333333,temperature
2023-06-29T00:00:00Z,ccre,10,12.032191180555555,temperature
2023-06-29T00:00:00Z,ccre,11,11.82512722222222,temperature
2023-06-29T00:00:00Z,ccre,12,11.603233055555556,temperature
2023-06-29T00:00:00Z,ccre,13,11.487312916666667,temperature
2023-06-30T00:00:00Z,ccre,2,25.191060625,temperature
2023-06-30T00:00:00Z,ccre,3,24.938166180555555,temperature
2023-06-30T00:00:00Z,ccre,4,24.33678652777778,temperature
2023-06-30T00:00:00Z,ccre,5,23.603950972222226,temperature
2023-06-30T00:00:00Z,ccre,6,22.60353875,temperature
2023-06-30T00:00:00Z,ccre,7,21.040295694444445,temperature
2023-06-30T00:00:00Z,ccre,8,17.261013541666667,temperature
2023-06-30T00:00:00Z,ccre,9,14.360641805555556,temperature
2023-06-30T00:00:00Z,ccre,10,12.043999375,temperature
2023-06-30T00:00:00Z,ccre,11,11.825445277777778,temperature
2023-06-30T00:00:00Z,ccre,12,11.618309583333334,temperature
2023-06-30T00:00:00Z,ccre,13,11.51092875,temperature
2023-07-01T00:00:00Z,ccre,2,25.71665284722222,temperature
2023-07-01T00:00:00Z,ccre,3,25.223513472222223,temperature
2023-07-01T00:00:00Z,ccre,4,24.685200069444445,temperature
2023-07-01T00:00:00Z,ccre,5,23.804429930555557,temperature
2023-07-01T00:00:00Z,ccre,6,22.428598472222223,temperature
2023-07-01T00:00:00Z,ccre,7,20.64174388888889,temperature
2023-07-01T00:00:00Z,ccre,8,18.011345416666668,temperature
2023-07-01T00:00:00Z,ccre,9,14.678259305555557,temperature
2023-07-01T00:00:00Z,ccre,10,12.065291527777775,temperature
2023-07-01T00:00:00Z,ccre,11,11.843857013888888,temperature
2023-07-01T00:00:00Z,ccre,12,11.641381527777778,temperature
2023-07-01T00:00:00Z,ccre,13,11.5305025,temperature
2023-07-02T00:00:00Z,ccre,2,25.870572222222226,temperature
2023-07-02T00:00:00Z,ccre,3,25.393279166666662,temperature
2023-07-02T00:00:00Z,ccre,4,25.00744694444445,temperature
2023-07-02T00:00:00Z,ccre,5,24.327464305555555,temperature
2023-07-02T00:00:00Z,ccre,6,22.755214791666667,temperature
2023-07-02T00:00:00Z,ccre,7,20.92383965277778,temperature
2023-07-02T00:00:00Z,ccre,8,17.776023263888888,temperature
2023-07-02T00:00:00Z,ccre,9,14.472571944444445,temperature
2023-07-02T00:00:00Z,ccre,10,12.133221597222224,temperature
2023-07-02T00:00:00Z,ccre,11,11.898727291666669,temperature
2023-07-02T00:00:00Z,ccre,12,11.66499798611111,temperature
2023-07-02T00:00:00Z,ccre,13,11.553937152777776,temperature
2023-07-03T00:00:00Z,ccre,2,26.33654013888889,temperature
2023-07-03T00:00:00Z,ccre,3,25.990403333333333,temperature
2023-07-03T00:00:00Z,ccre,4,25.24042875,temperature
2023-07-03T00:00:00Z,ccre,5,24.44369263888889,temperature
2023-07-03T00:00:00Z,ccre,6,22.740766041666667,temperature
2023-07-03T00:00:00Z,ccre,7,20.994389722222223,temperature
2023-07-03T00:00:00Z,ccre,8,18.368901319444443,temperature
2023-07-03T00:00:00Z,ccre,9,15.097541597222222,temperature
2023-07-03T00:00:00Z,ccre,10,12.134132222222222,temperature
2023-07-03T00:00:00Z,ccre,11,11.898712152777778,temperature
2023-07-03T00:00:00Z,ccre,12,11.67565826388889,temperature
2023-07-03T00:00:00Z,ccre,13,11.56785340277778,temperature
2023-07-04T00:00:00Z,ccre,2,26.68114034722222,temperature
2023-07-04T00:00:00Z,ccre,3,26.429644097222223,temperature
2023-07-04T00:00:00Z,ccre,4,26.168031041666666,temperature
2023-07-04T00:00:00Z,ccre,5,25.55148263888889,temperature
2023-07-04T00:00:00Z,ccre,6,23.624900694444445,temperature
2023-07-04T00:00:00Z,ccre,7,20.845279375,temperature
2023-07-04T00:00:00Z,ccre,8,17.86707986111111,temperature
2023-07-04T00:00:00Z,ccre,9,14.61292701388889,temperature
2023-07-04T00:00:00Z,ccre,10,12.182275277777778,temperature
2023-07-04T00:00:00Z,ccre,11,11.963845069444444,temperature
2023-07-04T00:00:00Z,ccre,12,11.712865069444444,temperature
2023-07-04T00:00:00Z,ccre,13,11.606204027777778,temperature
2023-07-05T00:00:00Z,ccre,2,27.429659097222224,temperature
2023-07-05T00:00:00Z,ccre,3,27.214967152777778,temperature
2023-07-05T00:00:00Z,ccre,4,27.070371597222223,temperature
2023-07-05T00:00:00Z,ccre,5,25.71246875,temperature
2023-07-05T00:00:00Z,ccre,6,22.862630902777777,temperature
2023-07-05T00:00:00Z,ccre,7,21.154330555555557,temperature
2023-07-05T00:00:00Z,ccre,8,18.586106944444445,temperature
2023-07-05T00:00:00Z,ccre,9,14.816385,temperature
2023-07-05T00:00:00Z,ccre,10,12.196165416666666,temperature
2023-07-05T00:00:00Z,ccre,11,11.978380902777776,temperature
2023-07-05T00:00:00Z,ccre,12,11.735817361111112,temperature
2023-07-05T00:00:00Z,ccre,13,11.609135902777778,temperature
2023-07-06T00:00:00Z,ccre,2,28.12150048611111,temperature
2023-07-06T00:00:00Z,ccre,3,27.778053333333332,temperature
2023-07-06T00:00:00Z,ccre,4,27.324297291666667,temperature
2023-07-06T00:00:00Z,ccre,5,25.1619375,temperature
2023-07-06T00:00:00Z,ccre,6,23.669187708333332,temperature
2023-07-06T00:00:00Z,ccre,7,21.404938958333332,temperature
2023-07-06T00:00:00Z,ccre,8,18.291475138888888,temperature
2023-07-06T00:00:00Z,ccre,9,15.199280277777778,temperature
2023-07-06T00:00:00Z,ccre,10,12.231155694444444,temperature
2023-07-06T00:00:00Z,ccre,11,12.000735833333334,temperature
2023-07-06T00:00:00Z,ccre,12,11.758900972222222,temperature
2023-07-06T00:00:00Z,ccre,13,11.638567569444444,temperature
2023-07-07T00:00:00Z,ccre,2,28.721400833333337,temperature
2023-07-07T00:00:00Z,ccre,3,28.383990833333332,temperature
2023-07-07T00:00:00Z,ccre,4,27.75311548611111,temperature
2023-07-07T00:00:00Z,ccre,5,26.286095486111112,temperature
2023-07-07T00:00:00Z,ccre,6,23.77086472222222,temperature
2023-07-07T00:00:00Z,ccre,7,21.232667708333334,temperature
2023-07-07T00:00:00Z,ccre,8,18.459504791666667,temperature
2023-07-07T00:00:00Z,ccre,9,15.208399722222222,temperature
2023-07-07T00:00:00Z,ccre,10,12.178866527777778,temperature
2023-07-07T00:00:00Z,ccre,11,11.970784027777778,temperature
2023-07-07T00:00:00Z,ccre,12,11.778175833333334,temperature
2023-07-07T00:00:00Z,ccre,13,11.662005277777778,temperature
2023-07-08T00:00:00Z,ccre,2,28.77137777777778,temperature
2023-07-08T00:00:00Z,ccre,3,28.514930625,temperature
2023-07-08T00:00:00Z,ccre,4,28.048718472222223,temperature
2023-07-08T00:00:00Z,ccre,5,25.752502430555555,temperature
2023-07-08T00:00:00Z,ccre,6,23.62514861111111,temperature
2023-07-08T00:00:00Z,ccre,7,21.679184930555557,temperature
2023-07-08T00:00:00Z,ccre,8,18.81991888888889,temperature
2023-07-08T00:00:00Z,ccre,9,15.093709722222222,temperature
2023-07-08T00:00:00Z,ccre,10,12.28581736111111,temperature
2023-07-08T00:00:00Z,ccre,11,12.049450833333331,temperature
2023-07-08T00:00:00Z,ccre,12,11.81091111111111,temperature
2023-07-08T00:00:00Z,ccre,13,11.693859305555556,temperature
2023-07-09T00:00:00Z,ccre,2,28.236493888888887,temperature
2023-07-09T00:00:00Z,ccre,3,28.147927430555555,temperature
2023-07-09T00:00:00Z,ccre,4,27.66082423611111,temperature
2023-07-09T00:00:00Z,ccre,5,26.950168402777777,temperature
2023-07-09T00:00:00Z,ccre,6,24.816745625,temperature
2023-07-09T00:00:00Z,ccre,7,21.568210625,temperature
2023-07-09T00:00:00Z,ccre,8,18.46468423611111,temperature
2023-07-09T00:00:00Z,ccre,9,15.428106666666666,temperature
2023-07-09T00:00:00Z,ccre,10,12.32346361111111,temperature
2023-07-09T00:00:00Z,ccre,11,12.064328958333334,temperature
2023-07-09T00:00:00Z,ccre,12,11.819072638888889,temperature
2023-07-09T00:00:00Z,ccre,13,11.709600694444443,temperature
2023-07-10T00:00:00Z,ccre,2,28.085565,temperature
2023-07-10T00:00:00Z,ccre,3,28.000458402777777,temperature
2023-07-10T00:00:00Z,ccre,4,27.883281180555556,temperature
2023-07-10T00:00:00Z,ccre,5,27.589973125,temperature
2023-07-10T00:00:00Z,ccre,6,24.23086930555555,temperature
2023-07-10T00:00:00Z,ccre,7,21.818123680555555,temperature
2023-07-10T00:00:00Z,ccre,8,19.10410048611111,temperature
2023-07-10T00:00:00Z,ccre,9,15.445723541666666,temperature
2023-07-10T00:00:00Z,ccre,10,12.274674444444445,temperature
2023-07-10T00:00:00Z,ccre,11,12.062899930555556,temperature
2023-07-10T00:00:00Z,ccre,12,11.84094284722222,temperature
2023-07-10T00:00:00Z,ccre,13,11.730229722222225,temperature
2023-07-11T00:00:00Z,ccre,2,28.33108298611111,temperature
2023-07-11T00:00:00Z,ccre,3,28.10220125,temperature
2023-07-11T00:00:00Z,ccre,4,27.912862152777777,temperature
2023-07-11T00:00:00Z,ccre,5,27.53987555555555,temperature
2023-07-11T00:00:00Z,ccre,6,24.354175972222222,temperature
2023-07-11T00:00:00Z,ccre,7,21.856915069444444,temperature
2023-07-11T00:00:00Z,ccre,8,18.772794722222223,temperature
2023-07-11T00:00:00Z,ccre,9,15.790133055555556,temperature
2023-07-11T00:00:00Z,ccre,10,12.386263263888887,temperature
2023-07-11T00:00:00Z,ccre,11,12.108395,temperature
2023-07-11T00:00:00Z,ccre,12,11.866414722222222,temperature
2023-07-11T00:00:00Z,ccre,13,11.750382777777778,temperature
2023-07-12T00:00:00Z,ccre,2,28.036824097222222,temperature
2023-07-12T00:00:00Z,ccre,3,27.80339097222222,temperature
2023-07-12T00:00:00Z,ccre,4,27.722476458333333,temperature
2023-07-12T00:00:00Z,ccre,5,27.147422916666667,temperature
2023-07-12T00:00:00Z,ccre,6,24.753518888888888,temperature
2023-07-12T00:00:00Z,ccre,7,22.06255965277778,temperature
2023-07-12T00:00:00Z,ccre,8,19.11182277777778,temperature
2023-07-12T00:00:00Z,ccre,9,15.848477430555556,temperature
2023-07-12T00:00:00Z,ccre,10,12.401406944444444,temperature
2023-07-12T00:00:00Z,ccre,11,12.140601805555557,temperature
2023-07-12T00:00:00Z,ccre,12,11.885722222222222,temperature
2023-07-12T00:00:00Z,ccre,13,11.773814930555556,temperature
2023-07-13T00:00:00Z,ccre,2,28.028478055555556,temperature
2023-07-13T00:00:00Z,ccre,3,27.820511458333332,temperature
2023-07-13T00:00:00Z,ccre,4,27.633122083333333,temperature
2023-07-13T00:00:00Z,ccre,5,27.072801180555555,temperature
2023-07-13T00:00:00Z,ccre,6,25.25691284722222,temperature
2023-07-13T00:00:00Z,ccre,7,22.613537083333338,temperature
2023-07-13T00:00:00Z,ccre,8,19.51893777777778,temperature
2023-07-13T00:00:00Z,ccre,9,16.209320972222223,temperature
2023-07-13T00:00:00Z,ccre,10,12.506786597222222,temperature
2023-07-13T00:00:00Z,ccre,11,12.196651597222225,temperature
2023-07-13T00:00:00Z,ccre,12,11.9110325,temperature
2023-07-13T00:00:00Z,ccre,13,11.810389027777775,temperature
2023-07-14T00:00:00Z,ccre,2,27.580000416666667,temperature
2023-07-14T00:00:00Z,ccre,3,27.511444305555557,temperature
2023-07-14T00:00:00Z,ccre,4,27.496481458333335,temperature
2023-07-14T00:00:00Z,ccre,5,27.295226666666668,temperature
2023-07-14T00:00:00Z,ccre,6,25.83360861111111,temperature
2023-07-14T00:00:00Z,ccre,7,22.1350525,temperature
2023-07-14T00:00:00Z,ccre,8,19.348027777777776,temperature
2023-07-14T00:00:00Z,ccre,9,15.79304125,temperature
2023-07-14T00:00:00Z,ccre,10,12.51808375,temperature
2023-07-14T00:00:00Z,ccre,11,12.243527430555556,temperature
2023-07-14T00:00:00Z,ccre,12,11.943257152777775,temperature
2023-07-14T00:00:00Z,ccre,13,11.82467173611111,temperature
2023-07-15T00:00:00Z,ccre,2,27.774647916666662,temperature
2023-07-15T00:00:00Z,ccre,3,27.665164166666667,temperature
2023-07-15T00:00:00Z,ccre,4,27.569590972222223,temperature
2023-07-15T00:00:00Z,ccre,5,27.37360895833333,temperature
2023-07-15T00:00:00Z,ccre,6,26.87246763888889,temperature
2023-07-15T00:00:00Z,ccre,7,22.355045069444444,temperature
2023-07-15T00:00:00Z,ccre,8,19.312241875,temperature
2023-07-15T00:00:00Z,ccre,9,16.135465416666666,temperature
2023-07-15T00:00:00Z,ccre,10,12.555514027777775,temperature
2023-07-15T00:00:00Z,ccre,11,12.281273541666666,temperature
2023-07-15T00:00:00Z,ccre,12,11.973159305555557,temperature
2023-07-15T00:00:00Z,ccre,13,11.857169027777775,temperature
2023-07-16T00:00:00Z,ccre,2,28.3763675,temperature
2023-07-16T00:00:00Z,ccre,3,28.28320284722222,temperature
2023-07-16T00:00:00Z,ccre,4,28.158213125,temperature
2023-07-16T00:00:00Z,ccre,5,27.785667291666662,temperature
2023-07-16T00:00:00Z,ccre,6,27.228065277777777,temperature
2023-07-16T00:00:00Z,ccre,7,22.54005631944445,temperature
2023-07-16T00:00:00Z,ccre,8,19.44077652777778,temperature
2023-07-16T00:00:00Z,ccre,9,15.81880048611111,temperature
2023-07-16T00:00:00Z,ccre,10,12.480758611111112,temperature
2023-07-16T00:00:00Z,ccre,11,12.266175694444444,temperature
2023-07-16T00:00:00Z,ccre,12,12.023139375,temperature
2023-07-16T00:00:00Z,ccre,13,11.877313888888889,temperature
2023-07-17T00:00:00Z,ccre,2,28.463859583333335,temperature
2023-07-17T00:00:00Z,ccre,3,28.297922361111112,temperature
2023-07-17T00:00:00Z,ccre,4,28.209722916666667,temperature
2023-07-17T00:00:00Z,ccre,5,27.924500972222223,temperature
2023-07-17T00:00:00Z,ccre,6,26.384822569444445,temperature
2023-07-17T00:00:00Z,ccre,7,22.7831025,temperature
2023-07-17T00:00:00Z,ccre,8,19.686845,temperature
2023-07-17T00:00:00Z,ccre,9,16.33640284722222,temperature
2023-07-17T00:00:00Z,ccre,10,12.554760069444445,temperature
2023-07-17T00:00:00Z,ccre,11,12.291748402777776,temperature
2023-07-17T00:00:00Z,ccre,12,12.056221944444443,temperature
2023-07-17T00:00:00Z,ccre,13,11.916517777777775,temperature
2023-07-18T00:00:00Z,ccre,2,28.62996118055555,temperature
2023-07-18T00:00:00Z,ccre,3,28.165647152777776,temperature
2023-07-18T00:00:00Z,ccre,4,28.08562861111111,temperature
2023-07-18T00:00:00Z,ccre,5,27.801437569444445,temperature
2023-07-18T00:00:00Z,ccre,6,26.298587083333334,temperature
2023-07-18T00:00:00Z,ccre,7,22.96797958333333,temperature
2023-07-18T00:00:00Z,ccre,8,19.420917291666665,temperature
2023-07-18T00:00:00Z,ccre,9,16.32373972222222,temperature
2023-07-18T00:00:00Z,ccre,10,12.617339652777778,temperature
2023-07-18T00:00:00Z,ccre,11,12.313838472222224,temperature
2023-07-18T00:00:00Z,ccre,12,12.083204861111112,temperature
2023-07-18T00:00:00Z,ccre,13,11.953748680555556,temperature
2023-07-19T00:00:00Z,ccre,2,28.384896666666663,temperature
2023-07-19T00:00:00Z,ccre,3,28.32466861111111,temperature
2023-07-19T00:00:00Z,ccre,4,28.269778819444443,temperature
2023-07-19T00:00:00Z,ccre,5,27.868824375,temperature
2023-07-19T00:00:00Z,ccre,6,27.406414027777775,temperature
2023-07-19T00:00:00Z,ccre,7,23.054264305555556,temperature
2023-07-19T00:00:00Z,ccre,8,19.828484791666668,temperature
2023-07-19T00:00:00Z,ccre,9,16.317110416666665,temperature
2023-07-19T00:00:00Z,ccre,10,12.57308875,temperature
2023-07-19T00:00:00Z,ccre,11,12.32968048611111,temperature
2023-07-19T00:00:00Z,ccre,12,12.104895416666666,temperature
2023-07-19T00:00:00Z,ccre,13,11.983901388888889,temperature
2023-07-20T00:00:00Z,ccre,2,28.554454236111113,temperature
2023-07-20T00:00:00Z,ccre,3,28.395652708333333,temperature
2023-07-20T00:00:00Z,ccre,4,28.32622472222222,temperature
2023-07-20T00:00:00Z,ccre,5,28.152784583333332,temperature
2023-07-20T00:00:00Z,ccre,6,27.09784048611111,temperature
2023-07-20T00:00:00Z,ccre,7,22.937706805555557,temperature
2023-07-20T00:00:00Z,ccre,8,19.871070347222226,temperature
2023-07-20T00:00:00Z,ccre,9,16.641669791666665,temperature
2023-07-20T00:00:00Z,ccre,10,12.670170416666666,temperature
2023-07-20T00:00:00Z,ccre,11,12.383819930555555,temperature
2023-07-20T00:00:00Z,ccre,12,12.133710069444444,temperature
2023-07-20T00:00:00Z,ccre,13,12.015762222222222,temperature
2023-07-21T00:00:00Z,ccre,2,28.47366826388889,temperature
2023-07-21T00:00:00Z,ccre,3,28.452934791666667,temperature
2023-07-21T00:00:00Z,ccre,4,28.453470208333332,temperature
2023-07-21T00:00:00Z,ccre,5,28.24202756944445,temperature
2023-07-21T00:00:00Z,ccre,6,26.99379847222222,temperature
2023-07-21T00:00:00Z,ccre,7,24.46548326388889,temperature
2023-07-21T00:00:00Z,ccre,8,19.915807847222226,temperature
2023-07-21T00:00:00Z,ccre,9,16.256316944444443,temperature
2023-07-21T00:00:00Z,ccre,10,12.687608472222225,temperature
2023-07-21T00:00:00Z,ccre,11,12.419268263888888,temperature
2023-07-21T00:00:00Z,ccre,12,12.154830416666666,temperature
2023-07-21T00:00:00Z,ccre,13,12.039876388888889,temperature
2023-07-22T00:00:00Z,ccre,2,27.990789652777774,temperature
2023-07-22T00:00:00Z,ccre,3,27.959314930555557,temperature
2023-07-22T00:00:00Z,ccre,4,27.961386180555557,temperature
2023-07-22T00:00:00Z,ccre,5,27.87271986111111,temperature
2023-07-22T00:00:00Z,ccre,6,27.71854284722222,temperature
2023-07-22T00:00:00Z,ccre,7,23.09531201388889,temperature
2023-07-22T00:00:00Z,ccre,8,20.075876805555556,temperature
2023-07-22T00:00:00Z,ccre,9,16.92411909722222,temperature
2023-07-22T00:00:00Z,ccre,10,12.716283055555555,temperature
2023-07-22T00:00:00Z,ccre,11,12.442028125,temperature
2023-07-22T00:00:00Z,ccre,12,12.184769513888888,temperature
2023-07-22T00:00:00Z,ccre,13,12.068905555555556,temperature
2023-07-23T00:00:00Z,ccre,2,27.81154048611111,temperature
2023-07-23T00:00:00Z,ccre,3,27.763233541666665,temperature
2023-07-23T00:00:00Z,ccre,4,27.669333125,temperature
2023-07-23T00:00:00Z,ccre,5,27.53468652777778,temperature
2023-07-23T00:00:00Z,ccre,6,27.41093548611111,temperature
2023-07-23T00:00:00Z,ccre,7,23.85310388888889,temperature
2023-07-23T00:00:00Z,ccre,8,19.946455902777775,temperature
2023-07-23T00:00:00Z,ccre,9,16.609380625,temperature
2023-07-23T00:00:00Z,ccre,10,12.733344861111112,temperature
2023-07-23T00:00:00Z,ccre,11,12.469325486111112,temperature
2023-07-23T00:00:00Z,ccre,12,12.220887361111112,temperature
2023-07-23T00:00:00Z,ccre,13,12.094865902777778,temperature
2023-07-24T00:00:00Z,ccre,2,28.392382916666666,temperature
2023-07-24T00:00:00Z,ccre,3,27.995635625,temperature
2023-07-24T00:00:00Z,ccre,4,27.727416597222224,temperature
2023-07-24T00:00:00Z,ccre,5,27.519815555555557,temperature
2023-07-24T00:00:00Z,ccre,6,27.201015555555557,temperature
2023-07-24T00:00:00Z,ccre,7,23.92166701388889,temperature
2023-07-24T00:00:00Z,ccre,8,20.212094444444443,temperature
2023-07-24T00:00:00Z,ccre,9,16.863880694444443,temperature
2023-07-24T00:00:00Z,ccre,10,12.73177986111111,temperature
2023-07-24T00:00:00Z,ccre,11,12.474179652777778,temperature
2023-07-24T00:00:00Z,ccre,12,12.238912916666669,temperature
2023-07-24T00:00:00Z,ccre,13,12.120500902777778,temperature
2023-07-25T00:00:00Z,ccre,2,28.27575875,temperature
2023-07-25T00:00:00Z,ccre,3,28.05913111111111,temperature
2023-07-25T00:00:00Z,ccre,4,27.83283263888889,temperature
2023-07-25T00:00:00Z,ccre,5,27.510244930555555,temperature
2023-07-25T00:00:00Z,ccre,6,27.221044375,temperature
2023-07-25T00:00:00Z,ccre,7,24.194156111111113,temperature
2023-07-25T00:00:00Z,ccre,8,20.221964166666663,temperature
2023-07-25T00:00:00Z,ccre,9,16.990028263888888,temperature
2023-07-25T00:00:00Z,ccre,10,12.79438451388889,temperature
2023-07-25T00:00:00Z,ccre,11,12.518572291666668,temperature
2023-07-25T00:00:00Z,ccre,12,12.271598611111113,temperature
2023-07-25T00:00:00Z,ccre,13,12.154692222222222,temperature
2023-07-26T00:00:00Z,ccre,2,28.269274236111112,temperature
2023-07-26T00:00:00Z,ccre,3,28.061558055555555,temperature
2023-07-26T00:00:00Z,ccre,4,27.883232222222222,temperature
2023-07-26T00:00:00Z,ccre,5,27.61538986111111,temperature
2023-07-26T00:00:00Z,ccre,6,27.300429027777778,temperature
2023-07-26T00:00:00Z,ccre,7,24.343200972222224,temperature
2023-07-26T00:00:00Z,ccre,8,20.3917825,temperature
2023-07-26T00:00:00Z,ccre,9,17.123463819444446,temperature
2023-07-26T00:00:00Z,ccre,10,12.81220375,temperature
2023-07-26T00:00:00Z,ccre,11,12.551750555555556,temperature
2023-07-26T00:00:00Z,ccre,12,12.29617388888889,temperature
2023-07-26T00:00:00Z,ccre,13,12.177493402777776,temperature
2023-07-27T00:00:00Z,ccre,2,28.390924652777777,temperature
2023-07-27T00:00:00Z,ccre,3,28.160478472222223,temperature
2023-07-27T00:00:00Z,ccre,4,27.897237152777777,temperature
2023-07-27T00:00:00Z,ccre,5,27.67200548611111,temperature
2023-07-27T00:00:00Z,ccre,6,27.31118881944445,temperature
2023-07-27T00:00:00Z,ccre,7,24.646465694444444,temperature
2023-07-27T00:00:00Z,ccre,8,20.652055555555556,temperature
2023-07-27T00:00:00Z,ccre,9,17.15188722222222,temperature
2023-07-27T00:00:00Z,ccre,10,12.886554097222222,temperature
2023-07-27T00:00:00Z,ccre,11,12.600094722222222,temperature
2023-07-27T00:00:00Z,ccre,12,12.323832916666667,temperature
2023-07-27T00:00:00Z,ccre,13,12.208718194444444,temperature
2023-07-28T00:00:00Z,ccre,2,28.575694444444444,temperature
2023-07-28T00:00:00Z,ccre,3,28.32400513888889,temperature
2023-07-28T00:00:00Z,ccre,4,28.181199236111112,temperature
2023-07-28T00:00:00Z,ccre,5,27.913792430555556,temperature
2023-07-28T00:00:00Z,ccre,6,27.64280402777778,temperature
2023-07-28T00:00:00Z,ccre,7,25.050337708333338,temperature
2023-07-28T00:00:00Z,ccre,8,20.714880972222225,temperature
2023-07-28T00:00:00Z,ccre,9,17.278318402777778,temperature
2023-07-28T00:00:00Z,ccre,10,12.939550972222222,temperature
2023-07-28T00:00:00Z,ccre,11,12.601790486111112,temperature
2023-07-28T00:00:00Z,ccre,12,12.342890347222223,temperature
2023-07-28T00:00:00Z,ccre,13,12.228837916666668,temperature
2023-07-29T00:00:00Z,ccre,2,28.1204121875,temperature
2023-07-29T00:00:00Z,ccre,3,28.37442680555555,temperature
2023-07-29T00:00:00Z,ccre,4,28.27349923611111,temperature
2023-07-29T00:00:00Z,ccre,5,27.958770138888887,temperature
2023-07-29T00:00:00Z,ccre,6,27.323994583333334,temperature
2023-07-29T00:00:00Z,ccre,7,24.890045277777777,temperature
2023-07-29T00:00:00Z,ccre,8,21.139918819444446,temperature
2023-07-29T00:00:00Z,ccre,9,17.416463055555557,temperature
2023-07-29T00:00:00Z,ccre,10,12.952925902777778,temperature
2023-07-29T00:00:00Z,ccre,11,12.625663472222222,temperature
2023-07-29T00:00:00Z,ccre,12,12.366865833333334,temperature
2023-07-29T00:00:00Z,ccre,13,12.218906041666669,temperature
2023-07-30T00:00:00Z,ccre,2,28.699145853658536,temperature
2023-07-30T00:00:00Z,ccre,3,28.664798125,temperature
2023-07-30T00:00:00Z,ccre,4,28.60965826388889,temperature
2023-07-30T00:00:00Z,ccre,5,28.434438958333335,temperature
2023-07-30T00:00:00Z,ccre,6,28.23492590277778,temperature
2023-07-30T00:00:00Z,ccre,7,25.65622736111111,temperature
2023-07-30T00:00:00Z,ccre,8,20.583800625,temperature
2023-07-30T00:00:00Z,ccre,9,17.462766319444444,temperature
2023-07-30T00:00:00Z,ccre,10,13.040640694444445,temperature
2023-07-30T00:00:00Z,ccre,11,12.673395138888887,temperature
2023-07-30T00:00:00Z,ccre,12,12.380693819444444,temperature
2023-07-30T00:00:00Z,ccre,13,12.22765826388889,temperature
2023-07-31T00:00:00Z,ccre,3,28.866223055555555,temperature
2023-07-31T00:00:00Z,ccre,4,28.818732013888887,temperature
2023-07-31T00:00:00Z,ccre,5,28.600453263888888,temperature
2023-07-31T00:00:00Z,ccre,6,28.45869986111111,temperature
2023-07-31T00:00:00Z,ccre,7,25.732642847222223,temperature
2023-07-31T00:00:00Z,ccre,8,21.281904027777777,temperature
2023-07-31T00:00:00Z,ccre,9,17.54708284722222,temperature
2023-07-31T00:00:00Z,ccre,10,13.001422777777778,temperature
2023-07-31T00:00:00Z,ccre,11,12.706514722222222,temperature
2023-07-31T00:00:00Z,ccre,12,12.390912569444444,temperature
2023-07-31T00:00:00Z,ccre,13,12.238641805555556,temperature
2023-08-01T00:00:00Z,ccre,3,28.528028541666668,temperature
2023-08-01T00:00:00Z,ccre,4,28.495964444444443,temperature
2023-08-01T00:00:00Z,ccre,5,28.38681986111111,temperature
2023-08-01T00:00:00Z,ccre,6,28.325560972222224,temperature
2023-08-01T00:00:00Z,ccre,7,26.68171694444445,temperature
2023-08-01T00:00:00Z,ccre,8,21.060009930555555,temperature
2023-08-01T00:00:00Z,ccre,9,17.702487083333335,temperature
2023-08-01T00:00:00Z,ccre,10,13.151412083333334,temperature
2023-08-01T00:00:00Z,ccre,11,12.750924583333331,temperature
2023-08-01T00:00:00Z,ccre,12,12.420353888888888,temperature
2023-08-01T00:00:00Z,ccre,13,12.287394791666667,temperature
2023-08-02T00:00:00Z,ccre,3,28.019861875,temperature
2023-08-02T00:00:00Z,ccre,4,28.007915416666663,temperature
2023-08-02T00:00:00Z,ccre,5,27.92411618055555,temperature
2023-08-02T00:00:00Z,ccre,6,27.854893055555557,temperature
2023-08-02T00:00:00Z,ccre,7,25.053592569444444,temperature
2023-08-02T00:00:00Z,ccre,8,21.497603402777777,temperature
2023-08-02T00:00:00Z,ccre,9,17.812408055555554,temperature
2023-08-02T00:00:00Z,ccre,10,13.20230361111111,temperature
2023-08-02T00:00:00Z,ccre,11,12.817454583333332,temperature
2023-08-02T00:00:00Z,ccre,12,12.450601458333333,temperature
2023-08-02T00:00:00Z,ccre,13,12.310521527777778,temperature
2023-08-03T00:00:00Z,ccre,3,27.352855069444445,temperature
2023-08-03T00:00:00Z,ccre,4,27.348504444444444,temperature
2023-08-03T00:00:00Z,ccre,5,27.307754236111112,temperature
2023-08-03T00:00:00Z,ccre,6,27.273187916666668,temperature
2023-08-03T00:00:00Z,ccre,7,25.448831041666665,temperature
2023-08-03T00:00:00Z,ccre,8,21.47930694444445,temperature
2023-08-03T00:00:00Z,ccre,9,17.824306458333332,temperature
2023-08-03T00:00:00Z,ccre,10,13.241748333333334,temperature
2023-08-03T00:00:00Z,ccre,11,12.859079097222224,temperature
2023-08-03T00:00:00Z,ccre,12,12.485338055555555,temperature
2023-08-03T00:00:00Z,ccre,13,12.34197625,temperature
2023-08-04T00:00:00Z,ccre,3,27.18763625,temperature
2023-08-04T00:00:00Z,ccre,4,27.105028194444444,temperature
2023-08-04T00:00:00Z,ccre,5,27.004876041666662,temperature
2023-08-04T00:00:00Z,ccre,6,26.88669201388889,temperature
2023-08-04T00:00:00Z,ccre,7,26.293805763888887,temperature
2023-08-04T00:00:00Z,ccre,8,21.923116805555555,temperature
2023-08-04T00:00:00Z,ccre,9,17.752657708333334,temperature
2023-08-04T00:00:00Z,ccre,10,13.219221458333331,temperature
2023-08-04T00:00:00Z,ccre,11,12.86794138888889,temperature
2023-08-04T00:00:00Z,ccre,12,12.50382375,temperature
2023-08-04T00:00:00Z,ccre,13,12.377721597222225,temperature
2023-08-05T00:00:00Z,ccre,3,27.606542569444443,temperature
2023-08-05T00:00:00Z,ccre,4,27.43012361111111,temperature
2023-08-05T00:00:00Z,ccre,5,27.211065555555557,temperature
2023-08-05T00:00:00Z,ccre,6,26.906877083333335,temperature
2023-08-05T00:00:00Z,ccre,7,26.197374583333332,temperature
2023-08-05T00:00:00Z,ccre,8,21.569319930555555,temperature
2023-08-05T00:00:00Z,ccre,9,18.209446875,temperature
2023-08-05T00:00:00Z,ccre,10,13.332650555555556,temperature
2023-08-05T00:00:00Z,ccre,11,12.925064583333333,temperature
2023-08-05T00:00:00Z,ccre,12,12.544429027777776,temperature
2023-08-05T00:00:00Z,ccre,13,12.397944236111112,temperature
2023-08-06T00:00:00Z,ccre,3,27.196344375,temperature
2023-08-06T00:00:00Z,ccre,4,27.163624305555555,temperature
2023-08-06T00:00:00Z,ccre,5,27.057285902777775,temperature
2023-08-06T00:00:00Z,ccre,6,26.953566527777777,temperature
2023-08-06T00:00:00Z,ccre,7,26.378798541666665,temperature
2023-08-06T00:00:00Z,ccre,8,22.003844305555557,temperature
2023-08-06T00:00:00Z,ccre,9,17.98289451388889,temperature
2023-08-06T00:00:00Z,ccre,10,13.38951701388889,temperature
2023-08-06T00:00:00Z,ccre,11,12.984903541666666,temperature
2023-08-06T00:00:00Z,ccre,12,12.57600625,temperature
2023-08-06T00:00:00Z,ccre,13,12.43102048611111,temperature
2023-08-07T00:00:00Z,ccre,3,27.23065451388889,temperature
2023-08-07T00:00:00Z,ccre,4,27.109584583333337,temperature
2023-08-07T00:00:00Z,ccre,5,26.991788541666665,temperature
2023-08-07T00:00:00Z,ccre,6,26.852890208333335,temperature
2023-08-07T00:00:00Z,ccre,7,25.71914125,temperature
2023-08-07T00:00:00Z,ccre,8,22.013331041666667,temperature
2023-08-07T00:00:00Z,ccre,9,18.179761875,temperature
2023-08-07T00:00:00Z,ccre,10,13.417565277777776,temperature
2023-08-07T00:00:00Z,ccre,11,12.98922736111111,temperature
2023-08-07T00:00:00Z,ccre,12,12.592428125,temperature
2023-08-07T00:00:00Z,ccre,13,12.451612430555556,temperature
2023-08-08T00:00:00Z,ccre,3,26.851823733333333,temperature
2023-08-08T00:00:00Z,ccre,4,26.848461733333338,temperature
2023-08-08T00:00:00Z,ccre,5,26.8078596,temperature
2023-08-08T00:00:00Z,ccre,6,26.748055066666662,temperature
2023-08-08T00:00:00Z,ccre,7,26.380229333333332,temperature
2023-08-08T00:00:00Z,ccre,8,24.478110533333332,temperature
2023-08-08T00:00:00Z,ccre,9,18.891537066666668,temperature
2023-08-08T00:00:00Z,ccre,10,13.3621724,temperature
2023-08-08T00:00:00Z,ccre,11,12.977463733333334,temperature
2023-08-08T00:00:00Z,ccre,12,12.612816933333333,temperature
2023-08-08T00:00:00Z,ccre,13,12.4646408,temperature
2023-08-14T00:00:00Z,ccre,3,27.845246133333333,temperature
2023-08-14T00:00:00Z,ccre,4,27.747724933333338,temperature
2023-08-14T00:00:00Z,ccre,5,27.291007333333333,temperature
2023-08-14T00:00:00Z,ccre,6,26.768232533333332,temperature
2023-08-14T00:00:00Z,ccre,7,25.908981466666667,temperature
2023-08-14T00:00:00Z,ccre,8,23.393962,temperature
2023-08-14T00:00:00Z,ccre,9,19.690041866666668,temperature
2023-08-14T00:00:00Z,ccre,10,13.472041866666666,temperature
2023-08-14T00:00:00Z,ccre,11,13.122822266666669,temperature
2023-08-14T00:00:00Z,ccre,12,12.798449466666666,temperature
2023-08-14T00:00:00Z,ccre,13,12.658333466666669,temperature
2023-08-15T00:00:00Z,ccre,3,27.459129027777777,temperature
2023-08-15T00:00:00Z,ccre,4,27.438325416666668,temperature
2023-08-15T00:00:00Z,ccre,5,27.23048319444445,temperature
2023-08-15T00:00:00Z,ccre,6,26.76659201388889,temperature
2023-08-15T00:00:00Z,ccre,7,26.326709444444443,temperature
2023-08-15T00:00:00Z,ccre,8,23.915895902777777,temperature
2023-08-15T00:00:00Z,ccre,9,19.207957708333332,temperature
2023-08-15T00:00:00Z,ccre,10,13.654163402777778,temperature
2023-08-15T00:00:00Z,ccre,11,13.23609701388889,temperature
2023-08-15T00:00:00Z,ccre,12,12.84551590277778,temperature
2023-08-15T00:00:00Z,ccre,13,12.70791625,temperature
2023-08-16T00:00:00Z,ccre,3,27.383895972222223,temperature
2023-08-16T00:00:00Z,ccre,4,27.386864305555555,temperature
2023-08-16T00:00:00Z,ccre,5,27.126073472222224,temperature
2023-08-16T00:00:00Z,ccre,6,26.92097513888889,temperature
2023-08-16T00:00:00Z,ccre,7,26.83220659722222,temperature
2023-08-16T00:00:00Z,ccre,8,24.501151666666665,temperature
2023-08-16T00:00:00Z,ccre,9,18.99805111111111,temperature
2023-08-16T00:00:00Z,ccre,10,13.681213541666668,temperature
2023-08-16T00:00:00Z,ccre,11,13.259541458333333,temperature
2023-08-16T00:00:00Z,ccre,12,12.8742125,temperature
2023-08-16T00:00:00Z,ccre,13,12.725795208333333,temperature
2023-08-17T00:00:00Z,ccre,3,27.40316097222222,temperature
2023-08-17T00:00:00Z,ccre,4,27.268563472222223,temperature
2023-08-17T00:00:00Z,ccre,5,27.067165972222224,temperature
2023-08-17T00:00:00Z,ccre,6,26.928963333333332,temperature
2023-08-17T00:00:00Z,ccre,7,26.641443055555555,temperature
2023-08-17T00:00:00Z,ccre,8,23.472282291666662,temperature
2023-08-17T00:00:00Z,ccre,9,19.606221597222223,temperature
2023-08-17T00:00:00Z,ccre,10,13.620752430555555,temperature
2023-08-17T00:00:00Z,ccre,11,13.25362111111111,temperature
2023-08-17T00:00:00Z,ccre,12,12.902740069444445,temperature
2023-08-17T00:00:00Z,ccre,13,12.758943472222224,temperature
2023-08-18T00:00:00Z,ccre,3,27.0439475,temperature
2023-08-18T00:00:00Z,ccre,4,27.060288055555556,temperature
2023-08-18T00:00:00Z,ccre,5,26.963744444444444,temperature
2023-08-18T00:00:00Z,ccre,6,26.93882784722222,temperature
2023-08-18T00:00:00Z,ccre,7,26.67149715277778,temperature
2023-08-18T00:00:00Z,ccre,8,25.343725625,temperature
2023-08-18T00:00:00Z,ccre,9,19.522468611111112,temperature
2023-08-18T00:00:00Z,ccre,10,13.681517222222222,temperature
2023-08-18T00:00:00Z,ccre,11,13.300247708333334,temperature
2023-08-18T00:00:00Z,ccre,12,12.933220416666666,temperature
2023-08-18T00:00:00Z,ccre,13,12.796721944444444,temperature
2023-08-19T00:00:00Z,ccre,3,26.69602666666667,temperature
2023-08-19T00:00:00Z,ccre,4,26.70579148148148,temperature
2023-08-19T00:00:00Z,ccre,5,26.670757407407407,temperature
2023-08-19T00:00:00Z,ccre,6,26.663487777777775,temperature
2023-08-19T00:00:00Z,ccre,7,26.672964074074073,temperature
2023-08-19T00:00:00Z,ccre,8,26.235012592592593,temperature
2023-08-19T00:00:00Z,ccre,9,19.180909629629628,temperature
2023-08-19T00:00:00Z,ccre,10,14.041517407407408,temperature
2023-08-19T00:00:00Z,ccre,11,13.438105925925926,temperature
2023-08-19T00:00:00Z,ccre,12,12.965030370370371,temperature
2023-08-19T00:00:00Z,ccre,13,12.838204444444443,temperature
2023-08-21T00:00:00Z,ccre,3,27.227525057471265,temperature
2023-08-21T00:00:00Z,ccre,4,27.095529425287356,temperature
2023-08-21T00:00:00Z,ccre,5,26.755598620689657,temperature
2023-08-21T00:00:00Z,ccre,6,26.562577931034483,temperature
2023-08-21T00:00:00Z,ccre,7,26.51023206896552,temperature
2023-08-21T00:00:00Z,ccre,8,25.699024712643677,temperature
2023-08-21T00:00:00Z,ccre,9,19.705859655172414,temperature
2023-08-21T00:00:00Z,ccre,10,13.798597816091954,temperature
2023-08-21T00:00:00Z,ccre,11,13.381751379310344,temperature
2023-08-21T00:00:00Z,ccre,12,13.02339091954023,temperature
2023-08-21T00:00:00Z,ccre,13,12.893431379310345,temperature
2023-08-22T00:00:00Z,ccre,3,27.464228194444445,temperature
2023-08-22T00:00:00Z,ccre,4,27.466700625,temperature
2023-08-22T00:00:00Z,ccre,5,27.36420791666667,temperature
2023-08-22T00:00:00Z,ccre,6,27.04399625,temperature
2023-08-22T00:00:00Z,ccre,7,26.548699236111112,temperature
2023-08-22T00:00:00Z,ccre,8,24.669577916666668,temperature
2023-08-22T00:00:00Z,ccre,9,20.22067840277778,temperature
2023-08-22T00:00:00Z,ccre,10,13.885146111111112,temperature
2023-08-22T00:00:00Z,ccre,11,13.405818680555557,temperature
2023-08-22T00:00:00Z,ccre,12,13.038695694444444,temperature
2023-08-22T00:00:00Z,ccre,13,12.891721041666669,temperature
2023-08-23T00:00:00Z,ccre,3,27.28528923611111,temperature
2023-08-23T00:00:00Z,ccre,4,27.277656736111112,temperature
2023-08-23T00:00:00Z,ccre,5,27.136782152777776,temperature
2023-08-23T00:00:00Z,ccre,6,26.960683125,temperature
2023-08-23T00:00:00Z,ccre,7,26.344818819444445,temperature
2023-08-23T00:00:00Z,ccre,8,24.450042708333335,temperature
2023-08-23T00:00:00Z,ccre,9,20.19520798611111,temperature
2023-08-23T00:00:00Z,ccre,10,13.961335416666667,temperature
2023-08-23T00:00:00Z,ccre,11,13.446480138888887,temperature
2023-08-23T00:00:00Z,ccre,12,13.06956263888889,temperature
2023-08-23T00:00:00Z,ccre,13,12.922938194444445,temperature
2023-08-24T00:00:00Z,ccre,3,27.15633,temperature
2023-08-24T00:00:00Z,ccre,4,27.05529569444445,temperature
2023-08-24T00:00:00Z,ccre,5,26.839478125,temperature
2023-08-24T00:00:00Z,ccre,6,26.55499,temperature
2023-08-24T00:00:00Z,ccre,7,26.288632708333335,temperature
2023-08-24T00:00:00Z,ccre,8,25.373206458333332,temperature
2023-08-24T00:00:00Z,ccre,9,20.402598541666663,temperature
2023-08-24T00:00:00Z,ccre,10,13.932792569444445,temperature
2023-08-24T00:00:00Z,ccre,11,13.470967291666666,temperature
2023-08-24T00:00:00Z,ccre,12,13.099044791666667,temperature
2023-08-24T00:00:00Z,ccre,13,12.945276388888889,temperature
2023-08-25T00:00:00Z,ccre,3,26.94871263888889,temperature
2023-08-25T00:00:00Z,ccre,4,26.937394444444443,temperature
2023-08-25T00:00:00Z,ccre,5,26.821639861111112,temperature
2023-08-25T00:00:00Z,ccre,6,26.696213125,temperature
2023-08-25T00:00:00Z,ccre,7,26.56652326388889,temperature
2023-08-25T00:00:00Z,ccre,8,25.47679486111111,temperature
2023-08-25T00:00:00Z,ccre,9,20.586004930555557,temperature
2023-08-25T00:00:00Z,ccre,10,14.007420416666667,temperature
2023-08-25T00:00:00Z,ccre,11,13.491736875,temperature
2023-08-25T00:00:00Z,ccre,12,13.115678402777778,temperature
2023-08-25T00:00:00Z,ccre,13,12.977545694444444,temperature
2023-08-26T00:00:00Z,ccre,3,27.29184625,temperature
2023-08-26T00:00:00Z,ccre,4,27.270872430555556,temperature
2023-08-26T00:00:00Z,ccre,5,27.14351673611111,temperature
2023-08-26T00:00:00Z,ccre,6,26.837720138888887,temperature
2023-08-26T00:00:00Z,ccre,7,26.77228256944445,temperature
2023-08-26T00:00:00Z,ccre,8,25.9535675,temperature
2023-08-26T00:00:00Z,ccre,9,20.59607611111111,temperature
2023-08-26T00:00:00Z,ccre,10,14.024308125,temperature
2023-08-26T00:00:00Z,ccre,11,13.540605069444444,temperature
2023-08-26T00:00:00Z,ccre,12,13.150071875,temperature
2023-08-26T00:00:00Z,ccre,13,12.989756805555556,temperature
2023-08-27T00:00:00Z,ccre,3,27.585679236111112,temperature
2023-08-27T00:00:00Z,ccre,4,27.536024375,temperature
2023-08-27T00:00:00Z,ccre,5,27.416318541666666,temperature
2023-08-27T00:00:00Z,ccre,6,27.347465694444445,temperature
2023-08-27T00:00:00Z,ccre,7,27.110194027777776,temperature
2023-08-27T00:00:00Z,ccre,8,24.705873958333335,temperature
2023-08-27T00:00:00Z,ccre,9,20.802197083333333,temperature
2023-08-27T00:00:00Z,ccre,10,14.076448680555556,temperature
2023-08-27T00:00:00Z,ccre,11,13.572348819444445,temperature
2023-08-27T00:00:00Z,ccre,12,13.176870833333334,temperature
2023-08-27T00:00:00Z,ccre,13,13.032697847222222,temperature
2023-08-28T00:00:00Z,ccre,3,27.24357173611111,temperature
2023-08-28T00:00:00Z,ccre,4,27.24579263888889,temperature
2023-08-28T00:00:00Z,ccre,5,27.191002152777777,temperature
2023-08-28T00:00:00Z,ccre,6,27.02990513888889,temperature
2023-08-28T00:00:00Z,ccre,7,26.261535416666668,temperature
2023-08-28T00:00:00Z,ccre,8,25.12637951388889,temperature
2023-08-28T00:00:00Z,ccre,9,20.897098541666665,temperature
2023-08-28T00:00:00Z,ccre,10,14.076723611111111,temperature
2023-08-28T00:00:00Z,ccre,11,13.576814861111112,temperature
2023-08-28T00:00:00Z,ccre,12,13.207657569444445,temperature
2023-08-28T00:00:00Z,ccre,13,13.048017708333331,temperature
2023-08-29T00:00:00Z,ccre,3,26.854550416666665,temperature
2023-08-29T00:00:00Z,ccre,4,26.85839763888889,temperature
2023-08-29T00:00:00Z,ccre,5,26.803104583333333,temperature
2023-08-29T00:00:00Z,ccre,6,26.77169361111111,temperature
2023-08-29T00:00:00Z,ccre,7,26.43882,temperature
2023-08-29T00:00:00Z,ccre,8,24.827210416666667,temperature
2023-08-29T00:00:00Z,ccre,9,20.765687569444445,temperature
2023-08-29T00:00:00Z,ccre,10,14.15862534722222,temperature
2023-08-29T00:00:00Z,ccre,11,13.605182430555557,temperature
2023-08-29T00:00:00Z,ccre,12,13.239134930555556,temperature
2023-08-29T00:00:00Z,ccre,13,13.089556319444444,temperature
2023-08-30T00:00:00Z,ccre,3,26.721293125,temperature
2023-08-30T00:00:00Z,ccre,4,26.736877430555555,temperature
2023-08-30T00:00:00Z,ccre,5,26.67219875,temperature
2023-08-30T00:00:00Z,ccre,6,26.614989583333333,temperature
2023-08-30T00:00:00Z,ccre,7,26.468858125,temperature
2023-08-30T00:00:00Z,ccre,8,25.783314861111112,temperature
2023-08-30T00:00:00Z,ccre,9,21.362894027777777,temperature
2023-08-30T00:00:00Z,ccre,10,14.053373402777778,temperature
2023-08-30T00:00:00Z,ccre,11,13.594613819444444,temperature
2023-08-30T00:00:00Z,ccre,12,13.26138263888889,temperature
2023-08-30T00:00:00Z,ccre,13,13.117693541666666,temperature
2023-08-31T00:00:00Z,ccre,3,26.24654,temperature
2023-08-31T00:00:00Z,ccre,4,26.269155694444443,temperature
2023-08-31T00:00:00Z,ccre,5,26.173673333333333,temperature
2023-08-31T00:00:00Z,ccre,6,26.14648013888889,temperature
2023-08-31T00:00:00Z,ccre,7,26.135840833333333,temperature
2023-08-31T00:00:00Z,ccre,8,25.99331430555555,temperature
2023-08-31T00:00:00Z,ccre,9,23.907564305555557,temperature
2023-08-31T00:00:00Z,ccre,10,14.269537083333333,temperature
2023-08-31T00:00:00Z,ccre,11,13.676663819444444,temperature
2023-08-31T00:00:00Z,ccre,12,13.29024,temperature
2023-08-31T00:00:00Z,ccre,13,13.130122708333332,temperature
2023-09-01T00:00:00Z,ccre,3,26.23654868055555,temperature
2023-09-01T00:00:00Z,ccre,4,26.12653840277778,temperature
2023-09-01T00:00:00Z,ccre,5,25.964945486111112,temperature
2023-09-01T00:00:00Z,ccre,6,25.83880923611111,temperature
2023-09-01T00:00:00Z,ccre,7,25.754694791666665,temperature
2023-09-01T00:00:00Z,ccre,8,24.82398166666667,temperature
2023-09-01T00:00:00Z,ccre,9,21.54277534722222,temperature
2023-09-01T00:00:00Z,ccre,10,14.37903548611111,temperature
2023-09-01T00:00:00Z,ccre,11,13.733201805555556,temperature
2023-09-01T00:00:00Z,ccre,12,13.316440208333333,temperature
2023-09-01T00:00:00Z,ccre,13,13.166666875,temperature
2023-09-02T00:00:00Z,ccre,3,26.146980694444444,temperature
2023-09-02T00:00:00Z,ccre,4,25.881726319444443,temperature
2023-09-02T00:00:00Z,ccre,5,25.582354305555555,temperature
2023-09-02T00:00:00Z,ccre,6,25.475815347222223,temperature
2023-09-02T00:00:00Z,ccre,7,25.3713475,temperature
2023-09-02T00:00:00Z,ccre,8,24.89951263888889,temperature
2023-09-02T00:00:00Z,ccre,9,21.95796,temperature
2023-09-02T00:00:00Z,ccre,10,14.234062152777778,temperature
2023-09-02T00:00:00Z,ccre,11,13.71215375,temperature
2023-09-02T00:00:00Z,ccre,12,13.348302083333332,temperature
2023-09-02T00:00:00Z,ccre,13,13.19047076388889,temperature
2023-09-03T00:00:00Z,ccre,3,26.742536597222223,temperature
2023-09-03T00:00:00Z,ccre,4,26.243738958333335,temperature
2023-09-03T00:00:00Z,ccre,5,25.649818333333332,temperature
2023-09-03T00:00:00Z,ccre,6,25.47409736111111,temperature
2023-09-03T00:00:00Z,ccre,7,25.34740888888889,temperature
2023-09-03T00:00:00Z,ccre,8,25.19005236111111,temperature
2023-09-03T00:00:00Z,ccre,9,22.07412861111111,temperature
2023-09-03T00:00:00Z,ccre,10,14.306375416666668,temperature
2023-09-03T00:00:00Z,ccre,11,13.745619097222225,temperature
2023-09-03T00:00:00Z,ccre,12,13.37508923611111,temperature
2023-09-03T00:00:00Z,ccre,13,13.21776388888889,temperature
2023-09-04T00:00:00Z,ccre,3,27.440196041666667,temperature
2023-09-04T00:00:00Z,ccre,4,26.925619791666666,temperature
2023-09-04T00:00:00Z,ccre,5,26.3264075,temperature
2023-09-04T00:00:00Z,ccre,6,25.823420277777775,temperature
2023-09-04T00:00:00Z,ccre,7,25.543458472222223,temperature
2023-09-04T00:00:00Z,ccre,8,24.926997361111113,temperature
2023-09-04T00:00:00Z,ccre,9,21.749360902777777,temperature
2023-09-04T00:00:00Z,ccre,10,14.299001180555557,temperature
2023-09-04T00:00:00Z,ccre,11,13.734302222222222,temperature
2023-09-04T00:00:00Z,ccre,12,13.396036111111112,temperature
2023-09-04T00:00:00Z,ccre,13,13.257909722222225,temperature
2023-09-05T00:00:00Z,ccre,3,27.667358125,temperature
2023-09-05T00:00:00Z,ccre,4,27.236213958333337,temperature
2023-09-05T00:00:00Z,ccre,5,26.80621361111111,temperature
2023-09-05T00:00:00Z,ccre,6,26.329842777777777,temperature
2023-09-05T00:00:00Z,ccre,7,25.68971951388889,temperature
2023-09-05T00:00:00Z,ccre,8,24.916372291666665,temperature
2023-09-05T00:00:00Z,ccre,9,22.05411875,temperature
2023-09-05T00:00:00Z,ccre,10,14.451953263888887,temperature
2023-09-05T00:00:00Z,ccre,11,13.80410375,temperature
2023-09-05T00:00:00Z,ccre,12,13.426845069444443,temperature
2023-09-05T00:00:00Z,ccre,13,13.284059930555555,temperature
2023-09-06T00:00:00Z,ccre,3,27.807912569444444,temperature
2023-09-06T00:00:00Z,ccre,4,27.294876875,temperature
2023-09-06T00:00:00Z,ccre,5,26.967715625,temperature
2023-09-06T00:00:00Z,ccre,6,26.160045,temperature
2023-09-06T00:00:00Z,ccre,7,25.65964333333333,temperature
2023-09-06T00:00:00Z,ccre,8,25.036407847222225,temperature
2023-09-06T00:00:00Z,ccre,9,22.04424951388889,temperature
2023-09-06T00:00:00Z,ccre,10,14.37029326388889,temperature
2023-09-06T00:00:00Z,ccre,11,13.808220972222225,temperature
2023-09-06T00:00:00Z,ccre,12,13.444032222222225,temperature
2023-09-06T00:00:00Z,ccre,13,13.294139930555556,temperature
2023-09-07T00:00:00Z,ccre,3,27.116252916666667,temperature
2023-09-07T00:00:00Z,ccre,4,27.013566736111112,temperature
2023-09-07T00:00:00Z,ccre,5,26.827040277777776,temperature
2023-09-07T00:00:00Z,ccre,6,26.434670416666663,temperature
2023-09-07T00:00:00Z,ccre,7,25.799565625,temperature
2023-09-07T00:00:00Z,ccre,8,25.005302291666663,temperature
2023-09-07T00:00:00Z,ccre,9,21.883130277777777,temperature
2023-09-07T00:00:00Z,ccre,10,14.581865138888888,temperature
2023-09-07T00:00:00Z,ccre,11,13.858990763888889,temperature
2023-09-07T00:00:00Z,ccre,12,13.478474375,temperature
2023-09-07T00:00:00Z,ccre,13,13.306795486111112,temperature
2023-09-08T00:00:00Z,ccre,3,26.88051958333333,temperature
2023-09-08T00:00:00Z,ccre,4,26.690422847222223,temperature
2023-09-08T00:00:00Z,ccre,5,26.51131388888889,temperature
2023-09-08T00:00:00Z,ccre,6,26.273151527777777,temperature
2023-09-08T00:00:00Z,ccre,7,26.06786347222222,temperature
2023-09-08T00:00:00Z,ccre,8,25.266378680555555,temperature
2023-09-08T00:00:00Z,ccre,9,22.259625625,temperature
2023-09-08T00:00:00Z,ccre,10,14.6643275,temperature
2023-09-08T00:00:00Z,ccre,11,13.898837291666666,temperature
2023-09-08T00:00:00Z,ccre,12,13.48722263888889,temperature
2023-09-08T00:00:00Z,ccre,13,13.295133611111112,temperature
2023-09-09T00:00:00Z,ccre,3,26.57805888888889,temperature
2023-09-09T00:00:00Z,ccre,4,26.555598333333332,temperature
2023-09-09T00:00:00Z,ccre,5,26.477781180555557,temperature
2023-09-09T00:00:00Z,ccre,6,26.30642548611111,temperature
2023-09-09T00:00:00Z,ccre,7,26.213120833333335,temperature
2023-09-09T00:00:00Z,ccre,8,24.783972291666668,temperature
2023-09-09T00:00:00Z,ccre,9,22.144629513888887,temperature
2023-09-09T00:00:00Z,ccre,10,14.666424305555555,temperature
2023-09-09T00:00:00Z,ccre,11,13.890974791666666,temperature
2023-09-09T00:00:00Z,ccre,12,13.4802375,temperature
2023-09-09T00:00:00Z,ccre,13,13.249463194444443,temperature
2023-09-10T00:00:00Z,ccre,3,26.080574583333338,temperature
2023-09-10T00:00:00Z,ccre,4,26.092468958333335,temperature
2023-09-10T00:00:00Z,ccre,5,26.036956458333332,temperature
2023-09-10T00:00:00Z,ccre,6,26.0246475,temperature
2023-09-10T00:00:00Z,ccre,7,26.022405972222224,temperature
2023-09-10T00:00:00Z,ccre,8,25.475317430555556,temperature
2023-09-10T00:00:00Z,ccre,9,22.48310013888889,temperature
2023-09-10T00:00:00Z,ccre,10,14.63505375,temperature
2023-09-10T00:00:00Z,ccre,11,13.887215833333334,temperature
2023-09-10T00:00:00Z,ccre,12,13.478868194444445,temperature
2023-09-10T00:00:00Z,ccre,13,13.241423958333334,temperature
2023-09-11T00:00:00Z,ccre,3,26.349247847222223,temperature
2023-09-11T00:00:00Z,ccre,4,26.162580833333333,temperature
2023-09-11T00:00:00Z,ccre,5,25.852407222222222,temperature
2023-09-11T00:00:00Z,ccre,6,25.737810416666665,temperature
2023-09-11T00:00:00Z,ccre,7,25.67153340277778,temperature
2023-09-11T00:00:00Z,ccre,8,25.53028527777778,temperature
2023-09-11T00:00:00Z,ccre,9,22.031278958333335,temperature
2023-09-11T00:00:00Z,ccre,10,14.771474305555556,temperature
2023-09-11T00:00:00Z,ccre,11,13.858761666666666,temperature
2023-09-11T00:00:00Z,ccre,12,13.467765,temperature
2023-09-11T00:00:00Z,ccre,13,13.206807083333333,temperature
2023-09-12T00:00:00Z,ccre,3,26.22695701388889,temperature
2023-09-12T00:00:00Z,ccre,4,26.13526513888889,temperature
2023-09-12T00:00:00Z,ccre,5,25.97758013888889,temperature
2023-09-12T00:00:00Z,ccre,6,25.822792916666668,temperature
2023-09-12T00:00:00Z,ccre,7,25.68225902777778,temperature
2023-09-12T00:00:00Z,ccre,8,25.3043775,temperature
2023-09-12T00:00:00Z,ccre,9,22.187010069444444,temperature
2023-09-12T00:00:00Z,ccre,10,14.811681458333334,temperature
2023-09-12T00:00:00Z,ccre,11,13.913425138888888,temperature
2023-09-12T00:00:00Z,ccre,12,13.471677916666668,temperature
2023-09-12T00:00:00Z,ccre,13,13.165458819444444,temperature
2023-09-13T00:00:00Z,ccre,3,26.19776826388889,temperature
2023-09-13T00:00:00Z,ccre,4,26.10949388888889,temperature
2023-09-13T00:00:00Z,ccre,5,25.946369375,temperature
2023-09-13T00:00:00Z,ccre,6,25.79729763888889,temperature
2023-09-13T00:00:00Z,ccre,7,25.684706666666667,temperature
2023-09-13T00:00:00Z,ccre,8,25.112081875,temperature
2023-09-13T00:00:00Z,ccre,9,22.461592916666667,temperature
2023-09-13T00:00:00Z,ccre,10,14.92685375,temperature
2023-09-13T00:00:00Z,ccre,11,13.917037916666668,temperature
2023-09-13T00:00:00Z,ccre,12,13.460313263888889,temperature
2023-09-13T00:00:00Z,ccre,13,13.152840277777775,temperature
2023-09-14T00:00:00Z,ccre,3,25.893855277777774,temperature
2023-09-14T00:00:00Z,ccre,4,25.916470625,temperature
2023-09-14T00:00:00Z,ccre,5,25.782305069444444,temperature
2023-09-14T00:00:00Z,ccre,6,25.720955416666666,temperature
2023-09-14T00:00:00Z,ccre,7,25.684670625,temperature
2023-09-14T00:00:00Z,ccre,8,25.404712569444445,temperature
2023-09-14T00:00:00Z,ccre,9,22.63113027777778,temperature
2023-09-14T00:00:00Z,ccre,10,14.936461111111113,temperature
2023-09-14T00:00:00Z,ccre,11,13.89272652777778,temperature
2023-09-14T00:00:00Z,ccre,12,13.453136666666667,temperature
2023-09-14T00:00:00Z,ccre,13,13.12273201388889,temperature
2023-09-15T00:00:00Z,ccre,3,25.592786944444445,temperature
2023-09-15T00:00:00Z,ccre,4,25.569135833333338,temperature
2023-09-15T00:00:00Z,ccre,5,25.454503402777775,temperature
2023-09-15T00:00:00Z,ccre,6,25.407608819444444,temperature
2023-09-15T00:00:00Z,ccre,7,25.36896826388889,temperature
2023-09-15T00:00:00Z,ccre,8,25.235120138888888,temperature
2023-09-15T00:00:00Z,ccre,9,22.461477847222223,temperature
2023-09-15T00:00:00Z,ccre,10,15.066267569444443,temperature
2023-09-15T00:00:00Z,ccre,11,13.955605902777778,temperature
2023-09-15T00:00:00Z,ccre,12,13.451077638888888,temperature
2023-09-15T00:00:00Z,ccre,13,13.08979263888889,temperature
2023-09-16T00:00:00Z,ccre,3,25.563968958333337,temperature
2023-09-16T00:00:00Z,ccre,4,25.502564305555556,temperature
2023-09-16T00:00:00Z,ccre,5,25.16941625,temperature
2023-09-16T00:00:00Z,ccre,6,25.033034444444443,temperature
2023-09-16T00:00:00Z,ccre,7,24.960724236111112,temperature
2023-09-16T00:00:00Z,ccre,8,24.83488486111111,temperature
2023-09-16T00:00:00Z,ccre,9,22.39228895833333,temperature
2023-09-16T00:00:00Z,ccre,10,15.142984097222222,temperature
2023-09-16T00:00:00Z,ccre,11,13.974222708333333,temperature
2023-09-16T00:00:00Z,ccre,12,13.445790277777778,temperature
2023-09-16T00:00:00Z,ccre,13,13.081526736111112,temperature
2023-09-17T00:00:00Z,ccre,3,24.872803472222223,temperature
2023-09-17T00:00:00Z,ccre,4,24.873446527777777,temperature
2023-09-17T00:00:00Z,ccre,5,24.797378541666667,temperature
2023-09-17T00:00:00Z,ccre,6,24.754330694444445,temperature
2023-09-17T00:00:00Z,ccre,7,24.63519,temperature
2023-09-17T00:00:00Z,ccre,8,24.24645347222222,temperature
2023-09-17T00:00:00Z,ccre,9,22.525648541666666,temperature
2023-09-17T00:00:00Z,ccre,10,15.239036527777778,temperature
2023-09-17T00:00:00Z,ccre,11,13.983479652777778,temperature
2023-09-17T00:00:00Z,ccre,12,13.442005694444443,temperature
2023-09-17T00:00:00Z,ccre,13,13.075182847222225,temperature
2023-09-18T00:00:00Z,ccre,3,24.40979388888889,temperature
2023-09-18T00:00:00Z,ccre,4,24.42719451388889,temperature
2023-09-18T00:00:00Z,ccre,5,24.37671347222222,temperature
2023-09-18T00:00:00Z,ccre,6,24.36768576388889,temperature
2023-09-18T00:00:00Z,ccre,7,24.291677083333333,temperature
2023-09-18T00:00:00Z,ccre,8,24.150064375,temperature
2023-09-18T00:00:00Z,ccre,9,23.571452847222226,temperature
2023-09-18T00:00:00Z,ccre,10,15.094710972222222,temperature
2023-09-18T00:00:00Z,ccre,11,13.91982798611111,temperature
2023-09-18T00:00:00Z,ccre,12,13.427122222222222,temperature
2023-09-18T00:00:00Z,ccre,13,13.037989652777778,temperature
2023-09-19T00:00:00Z,ccre,3,24.282833819444445,temperature
2023-09-19T00:00:00Z,ccre,4,24.28841715277778,temperature
2023-09-19T00:00:00Z,ccre,5,24.135079027777778,temperature
2023-09-19T00:00:00Z,ccre,6,24.013216597222225,temperature
2023-09-19T00:00:00Z,ccre,7,23.902064930555557,temperature
2023-09-19T00:00:00Z,ccre,8,23.838458125,temperature
2023-09-19T00:00:00Z,ccre,9,23.204579166666665,temperature
2023-09-19T00:00:00Z,ccre,10,15.596409513888888,temperature
2023-09-19T00:00:00Z,ccre,11,14.088206319444444,temperature
2023-09-19T00:00:00Z,ccre,12,13.42963201388889,temperature
2023-09-19T00:00:00Z,ccre,13,13.025298055555556,temperature
2023-09-20T00:00:00Z,ccre,3,24.26730034722222,temperature
2023-09-20T00:00:00Z,ccre,4,24.000312291666667,temperature
2023-09-20T00:00:00Z,ccre,5,23.831570902777777,temperature
2023-09-20T00:00:00Z,ccre,6,23.734933194444444,temperature
2023-09-20T00:00:00Z,ccre,7,23.64636048611111,temperature
2023-09-20T00:00:00Z,ccre,8,23.56637513888889,temperature
2023-09-20T00:00:00Z,ccre,9,23.03584791666667,temperature
2023-09-20T00:00:00Z,ccre,10,15.356389097222223,temperature
2023-09-20T00:00:00Z,ccre,11,14.043722569444444,temperature
2023-09-20T00:00:00Z,ccre,12,13.428350833333331,temperature
2023-09-20T00:00:00Z,ccre,13,13.000409930555556,temperature
2023-09-21T00:00:00Z,ccre,3,24.00137597222222,temperature
2023-09-21T00:00:00Z,ccre,4,23.931392708333338,temperature
2023-09-21T00:00:00Z,ccre,5,23.71697930555555,temperature
2023-09-21T00:00:00Z,ccre,6,23.61587986111111,temperature
2023-09-21T00:00:00Z,ccre,7,23.513190069444445,temperature
2023-09-21T00:00:00Z,ccre,8,23.404174930555556,temperature
2023-09-21T00:00:00Z,ccre,9,23.057526041666662,temperature
2023-09-21T00:00:00Z,ccre,10,15.472018819444443,temperature
2023-09-21T00:00:00Z,ccre,11,14.022014375,temperature
2023-09-21T00:00:00Z,ccre,12,13.413050833333331,temperature
2023-09-21T00:00:00Z,ccre,13,12.964231458333334,temperature
2023-09-22T00:00:00Z,ccre,3,23.726419824561404,temperature
2023-09-22T00:00:00Z,ccre,4,23.67450951388889,temperature
2023-09-22T00:00:00Z,ccre,5,23.63319715277778,temperature
2023-09-22T00:00:00Z,ccre,6,23.630275833333332,temperature
2023-09-22T00:00:00Z,ccre,7,23.600320555555555,temperature
2023-09-22T00:00:00Z,ccre,8,23.505131805555557,temperature
2023-09-22T00:00:00Z,ccre,9,23.227834583333333,temperature
2023-09-22T00:00:00Z,ccre,10,16.01654909722222,temperature
2023-09-22T00:00:00Z,ccre,11,14.174074791666667,temperature
2023-09-22T00:00:00Z,ccre,12,13.411696597222225,temperature
2023-09-22T00:00:00Z,ccre,13,12.955420277777778,temperature
2023-09-23T00:00:00Z,ccre,3,22.706230666666663,temperature
2023-09-23T00:00:00Z,ccre,4,22.695319027777774,temperature
2023-09-23T00:00:00Z,ccre,5,22.67373618055555,temperature
2023-09-23T00:00:00Z,ccre,6,22.675195833333333,temperature
2023-09-23T00:00:00Z,ccre,7,22.687717222222226,temperature
2023-09-23T00:00:00Z,ccre,8,22.690123888888888,temperature
2023-09-23T00:00:00Z,ccre,9,22.672123819444444,temperature
2023-09-23T00:00:00Z,ccre,10,19.854691805555557,temperature
2023-09-23T00:00:00Z,ccre,11,14.201044930555556,temperature
2023-09-23T00:00:00Z,ccre,12,13.399661597222222,temperature
2023-09-23T00:00:00Z,ccre,13,12.915477847222222,temperature
2023-09-24T00:00:00Z,ccre,4,22.495099791666668,temperature
2023-09-24T00:00:00Z,ccre,5,22.38722472222222,temperature
2023-09-24T00:00:00Z,ccre,6,22.229728541666667,temperature
2023-09-24T00:00:00Z,ccre,7,22.14645361111111,temperature
2023-09-24T00:00:00Z,ccre,8,22.009676111111112,temperature
2023-09-24T00:00:00Z,ccre,9,21.693706458333335,temperature
2023-09-24T00:00:00Z,ccre,10,16.354950416666668,temperature
2023-09-24T00:00:00Z,ccre,11,14.39395125,temperature
2023-09-24T00:00:00Z,ccre,12,13.421044097222222,temperature
2023-09-24T00:00:00Z,ccre,13,12.968472430555556,temperature
2023-09-25T00:00:00Z,ccre,4,22.189038472222222,temperature
2023-09-25T00:00:00Z,ccre,5,22.077055277777777,temperature
2023-09-25T00:00:00Z,ccre,6,21.984291111111112,temperature
2023-09-25T00:00:00Z,ccre,7,21.885894305555556,temperature
2023-09-25T00:00:00Z,ccre,8,21.781421666666667,temperature
2023-09-25T00:00:00Z,ccre,9,21.61068763888889,temperature
2023-09-25T00:00:00Z,ccre,10,16.792834375,temperature
2023-09-25T00:00:00Z,ccre,11,14.175112847222222,temperature
2023-09-25T00:00:00Z,ccre,12,13.389016111111111,temperature
2023-09-25T00:00:00Z,ccre,13,12.9598,temperature
2023-09-26T00:00:00Z,ccre,4,21.869539305555556,temperature
2023-09-26T00:00:00Z,ccre,5,21.82792569444445,temperature
2023-09-26T00:00:00Z,ccre,6,21.79284763888889,temperature
2023-09-26T00:00:00Z,ccre,7,21.717274305555556,temperature
2023-09-26T00:00:00Z,ccre,8,21.584717083333334,temperature
2023-09-26T00:00:00Z,ccre,9,21.365583333333333,temperature
2023-09-26T00:00:00Z,ccre,10,16.836547777777778,temperature
2023-09-26T00:00:00Z,ccre,11,14.220478819444445,temperature
2023-09-26T00:00:00Z,ccre,12,13.409663402777776,temperature
2023-09-26T00:00:00Z,ccre,13,12.867808194444445,temperature
2023-09-27T00:00:00Z,ccre,4,21.486008472222224,temperature
2023-09-27T00:00:00Z,ccre,5,21.443637430555555,temperature
2023-09-27T00:00:00Z,ccre,6,21.432823125,temperature
2023-09-27T00:00:00Z,ccre,7,21.441224791666667,temperature
2023-09-27T00:00:00Z,ccre,8,21.439808541666668,temperature
2023-09-27T00:00:00Z,ccre,9,21.40553951388889,temperature
2023-09-27T00:00:00Z,ccre,10,16.83813263888889,temperature
2023-09-27T00:00:00Z,ccre,11,14.233080972222222,temperature
2023-09-27T00:00:00Z,ccre,12,13.38667888888889,temperature
2023-09-27T00:00:00Z,ccre,13,12.923305208333334,temperature
2023-09-28T00:00:00Z,ccre,4,21.413815694444445,temperature
2023-09-28T00:00:00Z,ccre,5,21.289201527777777,temperature
2023-09-28T00:00:00Z,ccre,6,21.24093159722222,temperature
2023-09-28T00:00:00Z,ccre,7,21.221675347222224,temperature
2023-09-28T00:00:00Z,ccre,8,21.19830625,temperature
2023-09-28T00:00:00Z,ccre,9,21.14575909722222,temperature
2023-09-28T00:00:00Z,ccre,10,17.1502775,temperature
2023-09-28T00:00:00Z,ccre,11,14.336155416666667,temperature
2023-09-28T00:00:00Z,ccre,12,13.396433472222222,temperature
2023-09-28T00:00:00Z,ccre,13,12.848265347222222,temperature
2023-09-29T00:00:00Z,ccre,4,21.661767916666665,temperature
2023-09-29T00:00:00Z,ccre,5,21.521042847222223,temperature
2023-09-29T00:00:00Z,ccre,6,21.362438680555556,temperature
2023-09-29T00:00:00Z,ccre,7,21.20718298611111,temperature
2023-09-29T00:00:00Z,ccre,8,21.113832708333337,temperature
2023-09-29T00:00:00Z,ccre,9,21.03987409722222,temperature
2023-09-29T00:00:00Z,ccre,10,17.001197847222222,temperature
2023-09-29T00:00:00Z,ccre,11,14.311461527777778,temperature
2023-09-29T00:00:00Z,ccre,12,13.3882825,temperature
2023-09-29T00:00:00Z,ccre,13,12.847475347222222,temperature
2023-09-30T00:00:00Z,ccre,4,22.1058075,temperature
2023-09-30T00:00:00Z,ccre,5,21.983453125,temperature
2023-09-30T00:00:00Z,ccre,6,21.80870743055555,temperature
2023-09-30T00:00:00Z,ccre,7,21.570859930555557,temperature
2023-09-30T00:00:00Z,ccre,8,21.40926444444445,temperature
2023-09-30T00:00:00Z,ccre,9,21.238666527777777,temperature
2023-09-30T00:00:00Z,ccre,10,16.994694097222222,temperature
2023-09-30T00:00:00Z,ccre,11,14.459445902777778,temperature
2023-09-30T00:00:00Z,ccre,12,13.37306388888889,temperature
2023-09-30T00:00:00Z,ccre,13,12.847615902777775,temperature
2023-10-01T00:00:00Z,ccre,4,22.346888194444443,temperature
2023-10-01T00:00:00Z,ccre,5,22.225630694444444,temperature
2023-10-01T00:00:00Z,ccre,6,22.12995527777778,temperature
2023-10-01T00:00:00Z,ccre,7,21.794176180555556,temperature
2023-10-01T00:00:00Z,ccre,8,21.401219791666666,temperature
2023-10-01T00:00:00Z,ccre,9,21.03266451388889,temperature
2023-10-01T00:00:00Z,ccre,10,17.455791527777777,temperature
2023-10-01T00:00:00Z,ccre,11,14.653856666666666,temperature
2023-10-01T00:00:00Z,ccre,12,13.374984513888888,temperature
2023-10-01T00:00:00Z,ccre,13,12.816951875,temperature
2023-10-02T00:00:00Z,ccre,4,22.41188770833333,temperature
2023-10-02T00:00:00Z,ccre,5,22.270454861111112,temperature
2023-10-02T00:00:00Z,ccre,6,22.18483840277778,temperature
2023-10-02T00:00:00Z,ccre,7,21.76970076388889,temperature
2023-10-02T00:00:00Z,ccre,8,21.496777083333335,temperature
2023-10-02T00:00:00Z,ccre,9,21.135926805555556,temperature
2023-10-02T00:00:00Z,ccre,10,17.535812430555556,temperature
2023-10-02T00:00:00Z,ccre,11,14.584076805555556,temperature
2023-10-02T00:00:00Z,ccre,12,13.373506458333331,temperature
2023-10-02T00:00:00Z,ccre,13,12.811063194444444,temperature
2023-10-03T00:00:00Z,ccre,4,22.441423055555557,temperature
2023-10-03T00:00:00Z,ccre,5,22.308358680555557,temperature
2023-10-03T00:00:00Z,ccre,6,22.027480555555556,temperature
2023-10-03T00:00:00Z,ccre,7,21.497752152777775,temperature
2023-10-03T00:00:00Z,ccre,8,21.195118402777776,temperature
2023-10-03T00:00:00Z,ccre,9,20.91931923611111,temperature
2023-10-03T00:00:00Z,ccre,10,17.88873125,temperature
2023-10-03T00:00:00Z,ccre,11,14.721567222222223,temperature
2023-10-03T00:00:00Z,ccre,12,13.373119236111112,temperature
2023-10-03T00:00:00Z,ccre,13,12.807435,temperature
2023-10-04T00:00:00Z,ccre,4,22.39855243055555,temperature
2023-10-04T00:00:00Z,ccre,5,22.207701666666665,temperature
2023-10-04T00:00:00Z,ccre,6,21.8311375,temperature
2023-10-04T00:00:00Z,ccre,7,21.58281840277778,temperature
2023-10-04T00:00:00Z,ccre,8,21.40280048611111,temperature
2023-10-04T00:00:00Z,ccre,9,21.200197222222226,temperature
2023-10-04T00:00:00Z,ccre,10,17.517063680555555,temperature
2023-10-04T00:00:00Z,ccre,11,14.581305763888889,temperature
2023-10-04T00:00:00Z,ccre,12,13.373933541666666,temperature
2023-10-04T00:00:00Z,ccre,13,12.785595625,temperature
2023-10-05T00:00:00Z,ccre,4,22.021568958333333,temperature
2023-10-05T00:00:00Z,ccre,5,21.939913611111113,temperature
2023-10-05T00:00:00Z,ccre,6,21.80712763888889,temperature
2023-10-05T00:00:00Z,ccre,7,21.655254305555555,temperature
2023-10-05T00:00:00Z,ccre,8,21.505941180555556,temperature
2023-10-05T00:00:00Z,ccre,9,21.123284930555556,temperature
2023-10-05T00:00:00Z,ccre,10,17.812922083333333,temperature
2023-10-05T00:00:00Z,ccre,11,14.807800972222225,temperature
2023-10-05T00:00:00Z,ccre,12,13.362814930555556,temperature
2023-10-05T00:00:00Z,ccre,13,12.80078125,temperature
2023-10-06T00:00:00Z,ccre,4,21.9528975,temperature
2023-10-06T00:00:00Z,ccre,5,21.738870277777774,temperature
2023-10-06T00:00:00Z,ccre,6,21.5729925,temperature
2023-10-06T00:00:00Z,ccre,7,21.53035131944445,temperature
2023-10-06T00:00:00Z,ccre,8,21.47243388888889,temperature
2023-10-06T00:00:00Z,ccre,9,21.059406527777774,temperature
2023-10-06T00:00:00Z,ccre,10,17.849521944444444,temperature
2023-10-06T00:00:00Z,ccre,11,14.679624722222222,temperature
2023-10-06T00:00:00Z,ccre,12,13.369740763888888,temperature
2023-10-06T00:00:00Z,ccre,13,12.753050208333333,temperature
2023-10-07T00:00:00Z,ccre,4,21.60648868055555,temperature
2023-10-07T00:00:00Z,ccre,5,21.580183125,temperature
2023-10-07T00:00:00Z,ccre,6,21.54950625,temperature
2023-10-07T00:00:00Z,ccre,7,21.536242152777778,temperature
2023-10-07T00:00:00Z,ccre,8,21.513072291666667,temperature
2023-10-07T00:00:00Z,ccre,9,21.461683680555556,temperature
2023-10-07T00:00:00Z,ccre,10,18.735424444444444,temperature
2023-10-07T00:00:00Z,ccre,11,15.032884930555555,temperature
2023-10-07T00:00:00Z,ccre,12,13.358413125,temperature
2023-10-07T00:00:00Z,ccre,13,12.767248333333333,temperature
2023-10-08T00:00:00Z,ccre,4,20.758645347222224,temperature
2023-10-08T00:00:00Z,ccre,5,20.725547916666667,temperature
2023-10-08T00:00:00Z,ccre,6,20.726161666666663,temperature
2023-10-08T00:00:00Z,ccre,7,20.733191041666668,temperature
2023-10-08T00:00:00Z,ccre,8,20.734090694444443,temperature
2023-10-08T00:00:00Z,ccre,9,20.72529763888889,temperature
2023-10-08T00:00:00Z,ccre,10,18.251663541666662,temperature
2023-10-08T00:00:00Z,ccre,11,14.787186666666669,temperature
2023-10-08T00:00:00Z,ccre,12,13.355956666666668,temperature
2023-10-08T00:00:00Z,ccre,13,12.749185625,temperature
2023-10-09T00:00:00Z,ccre,4,20.0894925,temperature
2023-10-09T00:00:00Z,ccre,5,20.04910152777778,temperature
2023-10-09T00:00:00Z,ccre,6,20.038088055555555,temperature
2023-10-09T00:00:00Z,ccre,7,20.041958472222223,temperature
2023-10-09T00:00:00Z,ccre,8,20.031944375,temperature
2023-10-09T00:00:00Z,ccre,9,19.985825833333333,temperature
2023-10-09T00:00:00Z,ccre,10,17.846974375,temperature
2023-10-09T00:00:00Z,ccre,11,14.894756388888888,temperature
2023-10-09T00:00:00Z,ccre,12,13.35118125,temperature
2023-10-09T00:00:00Z,ccre,13,12.794302083333331,temperature
2023-10-10T00:00:00Z,ccre,4,19.748455,temperature
2023-10-10T00:00:00Z,ccre,5,19.611462361111112,temperature
2023-10-10T00:00:00Z,ccre,6,19.51472090277778,temperature
2023-10-10T00:00:00Z,ccre,7,19.471016458333334,temperature
2023-10-10T00:00:00Z,ccre,8,19.415106527777777,temperature
2023-10-10T00:00:00Z,ccre,9,19.359954583333337,temperature
2023-10-10T00:00:00Z,ccre,10,18.06513548611111,temperature
2023-10-10T00:00:00Z,ccre,11,15.221187291666666,temperature
2023-10-10T00:00:00Z,ccre,12,13.364128611111113,temperature
2023-10-10T00:00:00Z,ccre,13,12.71790548611111,temperature
2023-10-11T00:00:00Z,ccre,4,19.265836736111112,temperature
2023-10-11T00:00:00Z,ccre,5,19.15172284722222,temperature
2023-10-11T00:00:00Z,ccre,6,19.09486659722222,temperature
2023-10-11T00:00:00Z,ccre,7,19.063057916666665,temperature
2023-10-11T00:00:00Z,ccre,8,19.01160430555555,temperature
2023-10-11T00:00:00Z,ccre,9,18.95576173611111,temperature
2023-10-11T00:00:00Z,ccre,10,18.531364583333332,temperature
2023-10-11T00:00:00Z,ccre,11,15.454041944444445,temperature
2023-10-11T00:00:00Z,ccre,12,13.341434305555556,temperature
2023-10-11T00:00:00Z,ccre,13,12.734434305555556,temperature
2023-10-12T00:00:00Z,ccre,4,19.302945069444444,temperature
2023-10-12T00:00:00Z,ccre,5,19.100512291666668,temperature
2023-10-12T00:00:00Z,ccre,6,18.930408680555555,temperature
2023-10-12T00:00:00Z,ccre,7,18.858046319444444,temperature
2023-10-12T00:00:00Z,ccre,8,18.81657277777778,temperature
2023-10-12T00:00:00Z,ccre,9,18.7832525,temperature
2023-10-12T00:00:00Z,ccre,10,18.58666951388889,temperature
2023-10-12T00:00:00Z,ccre,11,15.473754652777778,temperature
2023-10-12T00:00:00Z,ccre,12,13.342181111111111,temperature
2023-10-12T00:00:00Z,ccre,13,12.702557430555556,temperature
2023-10-13T00:00:00Z,ccre,4,19.251005347222225,temperature
2023-10-13T00:00:00Z,ccre,5,19.138995625,temperature
2023-10-13T00:00:00Z,ccre,6,19.05913888888889,temperature
2023-10-13T00:00:00Z,ccre,7,18.967860416666667,temperature
2023-10-13T00:00:00Z,ccre,8,18.866428194444445,temperature
2023-10-13T00:00:00Z,ccre,9,18.786180138888888,temperature
2023-10-13T00:00:00Z,ccre,10,18.295546527777777,temperature
2023-10-13T00:00:00Z,ccre,11,15.564806180555555,temperature
2023-10-13T00:00:00Z,ccre,12,13.338682430555556,temperature
2023-10-13T00:00:00Z,ccre,13,12.7151625,temperature
2023-10-14T00:00:00Z,ccre,4,19.178541319444445,temperature
2023-10-14T00:00:00Z,ccre,5,19.113976805555556,temperature
2023-10-14T00:00:00Z,ccre,6,19.027148888888888,temperature
2023-10-14T00:00:00Z,ccre,7,18.91339784722222,temperature
2023-10-14T00:00:00Z,ccre,8,18.85526548611111,temperature
2023-10-14T00:00:00Z,ccre,9,18.77335236111111,temperature
2023-10-14T00:00:00Z,ccre,10,17.969564652777777,temperature
2023-10-14T00:00:00Z,ccre,11,16.25149326388889,temperature
2023-10-14T00:00:00Z,ccre,12,13.337290833333334,temperature
2023-10-14T00:00:00Z,ccre,13,12.70182625,temperature
2023-10-15T00:00:00Z,ccre,4,18.572911597222223,temperature
2023-10-15T00:00:00Z,ccre,5,18.546534375,temperature
2023-10-15T00:00:00Z,ccre,6,18.55153798611111,temperature
2023-10-15T00:00:00Z,ccre,7,18.561062430555555,temperature
2023-10-15T00:00:00Z,ccre,8,18.56196604166667,temperature
2023-10-15T00:00:00Z,ccre,9,18.555306458333337,temperature
2023-10-15T00:00:00Z,ccre,10,18.46187541666667,temperature
2023-10-15T00:00:00Z,ccre,11,18.14662375,temperature
2023-10-15T00:00:00Z,ccre,12,13.32978173611111,temperature
2023-10-15T00:00:00Z,ccre,13,12.703066388888889,temperature
2023-10-16T00:00:00Z,ccre,4,18.14171111111111,temperature
2023-10-16T00:00:00Z,ccre,5,18.116323541666667,temperature
2023-10-16T00:00:00Z,ccre,6,18.11646201388889,temperature
2023-10-16T00:00:00Z,ccre,7,18.125360555555556,temperature
2023-10-16T00:00:00Z,ccre,8,18.126897291666666,temperature
2023-10-16T00:00:00Z,ccre,9,18.123606875,temperature
2023-10-16T00:00:00Z,ccre,10,18.048484791666667,temperature
2023-10-16T00:00:00Z,ccre,11,17.463739791666665,temperature
2023-10-16T00:00:00Z,ccre,12,13.350916388888889,temperature
2023-10-16T00:00:00Z,ccre,13,12.683517083333331,temperature
2023-10-17T00:00:00Z,ccre,4,17.801652222222224,temperature
2023-10-17T00:00:00Z,ccre,5,17.772050902777778,temperature
2023-10-17T00:00:00Z,ccre,6,17.770772986111112,temperature
2023-10-17T00:00:00Z,ccre,7,17.778570069444445,temperature
2023-10-17T00:00:00Z,ccre,8,17.778199375,temperature
2023-10-17T00:00:00Z,ccre,9,17.758734027777777,temperature
2023-10-17T00:00:00Z,ccre,10,17.66262736111111,temperature
2023-10-17T00:00:00Z,ccre,11,17.465484027777777,temperature
2023-10-17T00:00:00Z,ccre,12,13.310621527777778,temperature
2023-10-17T00:00:00Z,ccre,13,12.728910208333334,temperature
2023-10-18T00:00:00Z,ccre,4,17.63705875,temperature
2023-10-18T00:00:00Z,ccre,5,17.53442215277778,temperature
2023-10-18T00:00:00Z,ccre,6,17.511696597222222,temperature
2023-10-18T00:00:00Z,ccre,7,17.501540555555554,temperature
2023-10-18T00:00:00Z,ccre,8,17.491428055555556,temperature
2023-10-18T00:00:00Z,ccre,9,17.474209652777777,temperature
2023-10-18T00:00:00Z,ccre,10,17.382117986111112,temperature
2023-10-18T00:00:00Z,ccre,11,16.986152708333332,temperature
2023-10-18T00:00:00Z,ccre,12,13.348653472222225,temperature
2023-10-18T00:00:00Z,ccre,13,12.67870298611111,temperature
2023-10-19T00:00:00Z,ccre,4,17.574974791666666,temperature
2023-10-19T00:00:00Z,ccre,5,17.38242909722222,temperature
2023-10-19T00:00:00Z,ccre,6,17.29180263888889,temperature
2023-10-19T00:00:00Z,ccre,7,17.254070069444445,temperature
2023-10-19T00:00:00Z,ccre,8,17.233791944444445,temperature
2023-10-19T00:00:00Z,ccre,9,17.205231319444444,temperature
2023-10-19T00:00:00Z,ccre,10,17.04372875,temperature
2023-10-19T00:00:00Z,ccre,11,16.341163125,temperature
2023-10-19T00:00:00Z,ccre,12,13.329830902777775,temperature
2023-10-19T00:00:00Z,ccre,13,12.676443263888888,temperature
2023-10-20T00:00:00Z,ccre,4,17.08727451388889,temperature
2023-10-20T00:00:00Z,ccre,5,17.0460325,temperature
2023-10-20T00:00:00Z,ccre,6,17.03047298611111,temperature
2023-10-20T00:00:00Z,ccre,7,17.026455833333333,temperature
2023-10-20T00:00:00Z,ccre,8,17.011210277777778,temperature
2023-10-20T00:00:00Z,ccre,9,16.979788541666668,temperature
2023-10-20T00:00:00Z,ccre,10,16.751180347222224,temperature
2023-10-20T00:00:00Z,ccre,11,16.503835972222223,temperature
2023-10-20T00:00:00Z,ccre,12,13.329910694444443,temperature
2023-10-20T00:00:00Z,ccre,13,12.632613819444444,temperature
2023-10-21T00:00:00Z,ccre,4,16.758319166666666,temperature
2023-10-21T00:00:00Z,ccre,5,16.730309791666667,temperature
2023-10-21T00:00:00Z,ccre,6,16.72949034722222,temperature
2023-10-21T00:00:00Z,ccre,7,16.734366875,temperature
2023-10-21T00:00:00Z,ccre,8,16.732426319444443,temperature
2023-10-21T00:00:00Z,ccre,9,16.708288958333334,temperature
2023-10-21T00:00:00Z,ccre,10,16.612567569444444,temperature
2023-10-21T00:00:00Z,ccre,11,16.445788333333333,temperature
2023-10-21T00:00:00Z,ccre,12,13.348951319444444,temperature
2023-10-21T00:00:00Z,ccre,13,12.633432777777776,temperature
2023-10-22T00:00:00Z,ccre,4,16.560230277777777,temperature
2023-10-22T00:00:00Z,ccre,5,16.540671805555554,temperature
2023-10-22T00:00:00Z,ccre,6,16.54089625,temperature
2023-10-22T00:00:00Z,ccre,7,16.548604861111112,temperature
2023-10-22T00:00:00Z,ccre,8,16.547163819444446,temperature
2023-10-22T00:00:00Z,ccre,9,16.528340763888888,temperature
2023-10-22T00:00:00Z,ccre,10,16.475754652777777,temperature
2023-10-22T00:00:00Z,ccre,11,16.46487951388889,temperature
2023-10-22T00:00:00Z,ccre,12,13.379028958333333,temperature
2023-10-22T00:00:00Z,ccre,13,12.612905694444445,temperature
2023-10-23T00:00:00Z,ccre,4,16.458978055555555,temperature
2023-10-23T00:00:00Z,ccre,5,16.345199791666666,temperature
2023-10-23T00:00:00Z,ccre,6,16.315678472222224,temperature
2023-10-23T00:00:00Z,ccre,7,16.285402013888888,temperature
2023-10-23T00:00:00Z,ccre,8,16.250369305555555,temperature
2023-10-23T00:00:00Z,ccre,9,16.16419951388889,temperature
2023-10-23T00:00:00Z,ccre,10,16.08750951388889,temperature
2023-10-23T00:00:00Z,ccre,11,16.081516041666667,temperature
2023-10-23T00:00:00Z,ccre,12,13.287988055555555,temperature
2023-10-23T00:00:00Z,ccre,13,12.711422777777775,temperature
2023-10-24T00:00:00Z,ccre,4,16.304334375,temperature
2023-10-24T00:00:00Z,ccre,5,16.171448402777777,temperature
2023-10-24T00:00:00Z,ccre,6,16.11530402777778,temperature
2023-10-24T00:00:00Z,ccre,7,16.083568888888887,temperature
2023-10-24T00:00:00Z,ccre,8,16.03225125,temperature
2023-10-24T00:00:00Z,ccre,9,15.984289930555557,temperature
2023-10-24T00:00:00Z,ccre,10,15.916468333333333,temperature
2023-10-24T00:00:00Z,ccre,11,15.895899305555556,temperature
2023-10-24T00:00:00Z,ccre,12,13.367743402777778,temperature
2023-10-24T00:00:00Z,ccre,13,12.690960833333332,temperature
2023-10-25T00:00:00Z,ccre,4,16.128645833333334,temperature
2023-10-25T00:00:00Z,ccre,5,16.009254583333334,temperature
2023-10-25T00:00:00Z,ccre,6,15.97667826388889,temperature
2023-10-25T00:00:00Z,ccre,7,15.94229,temperature
2023-10-25T00:00:00Z,ccre,8,15.859895069444445,temperature
2023-10-25T00:00:00Z,ccre,9,15.819894305555556,temperature
2023-10-25T00:00:00Z,ccre,10,15.744324444444445,temperature
2023-10-25T00:00:00Z,ccre,11,15.715538402777778,temperature
2023-10-25T00:00:00Z,ccre,12,13.320192638888887,temperature
2023-10-25T00:00:00Z,ccre,13,12.63435013888889,temperature
2023-10-26T00:00:00Z,ccre,4,16.34292013888889,temperature
2023-10-26T00:00:00Z,ccre,5,16.13789513888889,temperature
2023-10-26T00:00:00Z,ccre,6,15.93516875,temperature
2023-10-26T00:00:00Z,ccre,7,15.861938402777778,temperature
2023-10-26T00:00:00Z,ccre,8,15.807475347222224,temperature
2023-10-26T00:00:00Z,ccre,9,15.751198125,temperature
2023-10-26T00:00:00Z,ccre,10,15.688610416666666,temperature
2023-10-26T00:00:00Z,ccre,11,15.669459513888889,temperature
2023-10-26T00:00:00Z,ccre,12,13.332680833333333,temperature
2023-10-26T00:00:00Z,ccre,13,12.620444652777778,temperature
2023-10-27T00:00:00Z,ccre,4,16.90282840277778,temperature
2023-10-27T00:00:00Z,ccre,5,16.515368819444443,temperature
2023-10-27T00:00:00Z,ccre,6,16.26992347222222,temperature
2023-10-27T00:00:00Z,ccre,7,16.089307708333333,temperature
2023-10-27T00:00:00Z,ccre,8,15.959105833333334,temperature
2023-10-27T00:00:00Z,ccre,9,15.898354444444443,temperature
2023-10-27T00:00:00Z,ccre,10,15.77093513888889,temperature
2023-10-27T00:00:00Z,ccre,11,15.731922569444444,temperature
2023-10-27T00:00:00Z,ccre,12,13.36422798611111,temperature
2023-10-27T00:00:00Z,ccre,13,12.625373472222222,temperature
2023-10-28T00:00:00Z,ccre,4,18.067645625,temperature
2023-10-28T00:00:00Z,ccre,5,17.601011041666666,temperature
2023-10-28T00:00:00Z,ccre,6,16.553734375,temperature
2023-10-28T00:00:00Z,ccre,7,16.285708333333332,temperature
2023-10-28T00:00:00Z,ccre,8,16.13347472222222,temperature
2023-10-28T00:00:00Z,ccre,9,15.986713055555557,temperature
2023-10-28T00:00:00Z,ccre,10,15.710924722222222,temperature
2023-10-28T00:00:00Z,ccre,11,15.541138055555557,temperature
2023-10-28T00:00:00Z,ccre,12,13.304205,temperature
2023-10-28T00:00:00Z,ccre,13,12.6226025,temperature
2023-10-29T00:00:00Z,ccre,4,18.67461868055555,temperature
2023-10-29T00:00:00Z,ccre,5,17.703555416666667,temperature
2023-10-29T00:00:00Z,ccre,6,16.63554513888889,temperature
2023-10-29T00:00:00Z,ccre,7,16.22587097222222,temperature
2023-10-29T00:00:00Z,ccre,8,16.001317222222223,temperature
2023-10-29T00:00:00Z,ccre,9,15.886702638888888,temperature
2023-10-29T00:00:00Z,ccre,10,15.656144652777778,temperature
2023-10-29T00:00:00Z,ccre,11,15.545609652777776,temperature
2023-10-29T00:00:00Z,ccre,12,13.330543819444443,temperature
2023-10-29T00:00:00Z,ccre,13,12.58454951388889,temperature
2023-10-30T00:00:00Z,ccre,4,17.353688819444443,temperature
2023-10-30T00:00:00Z,ccre,5,17.226233611111113,temperature
2023-10-30T00:00:00Z,ccre,6,16.924271041666668,temperature
2023-10-30T00:00:00Z,ccre,7,16.42921763888889,temperature
2023-10-30T00:00:00Z,ccre,8,16.2363,temperature
2023-10-30T00:00:00Z,ccre,9,16.079730694444443,temperature
2023-10-30T00:00:00Z,ccre,10,15.748236666666669,temperature
2023-10-30T00:00:00Z,ccre,11,15.639738055555556,temperature
2023-10-30T00:00:00Z,ccre,12,13.644049166666669,temperature
2023-10-30T00:00:00Z,ccre,13,12.6600825,temperature
2023-10-31T00:00:00Z,ccre,4,16.673198680555554,temperature
2023-10-31T00:00:00Z,ccre,5,16.64805,temperature
2023-10-31T00:00:00Z,ccre,6,16.644833263888888,temperature
2023-10-31T00:00:00Z,ccre,7,16.64844652777778,temperature
2023-10-31T00:00:00Z,ccre,8,16.644940694444443,temperature
2023-10-31T00:00:00Z,ccre,9,16.621497083333335,temperature
2023-10-31T00:00:00Z,ccre,10,16.035554375,temperature
2023-10-31T00:00:00Z,ccre,11,15.790960069444443,temperature
2023-10-31T00:00:00Z,ccre,12,13.536507430555556,temperature
2023-10-31T00:00:00Z,ccre,13,12.731208472222225,temperature
2023-11-01T00:00:00Z,ccre,4,15.717511527777775,temperature
2023-11-01T00:00:00Z,ccre,5,15.715072291666669,temperature
2023-11-01T00:00:00Z,ccre,6,15.719636736111111,temperature
2023-11-01T00:00:00Z,ccre,7,15.73245611111111,temperature
2023-11-01T00:00:00Z,ccre,8,15.735304375,temperature
2023-11-01T00:00:00Z,ccre,9,15.733464097222225,temperature
2023-11-01T00:00:00Z,ccre,10,15.661680763888889,temperature
2023-11-01T00:00:00Z,ccre,11,15.634755833333331,temperature
2023-11-01T00:00:00Z,ccre,12,14.346380069444445,temperature
2023-11-01T00:00:00Z,ccre,13,12.63847875,temperature
2023-11-02T00:00:00Z,ccre,4,15.161631458333334,temperature
2023-11-02T00:00:00Z,ccre,5,15.101359375,temperature
2023-11-02T00:00:00Z,ccre,6,15.083511319444444,temperature
2023-11-02T00:00:00Z,ccre,7,15.077235694444443,temperature
2023-11-02T00:00:00Z,ccre,8,15.068611597222224,temperature
2023-11-02T00:00:00Z,ccre,9,15.062211527777778,temperature
2023-11-02T00:00:00Z,ccre,10,15.025313402777778,temperature
2023-11-02T00:00:00Z,ccre,11,15.024700625,temperature
2023-11-02T00:00:00Z,ccre,12,13.943335416666669,temperature
2023-11-02T00:00:00Z,ccre,13,12.669716527777778,temperature
2023-11-03T00:00:00Z,ccre,4,14.74437,temperature
2023-11-03T00:00:00Z,ccre,5,14.644669444444444,temperature
2023-11-03T00:00:00Z,ccre,6,14.614440555555555,temperature
2023-11-03T00:00:00Z,ccre,7,14.603589513888888,temperature
2023-11-03T00:00:00Z,ccre,8,14.594333541666666,temperature
2023-11-03T00:00:00Z,ccre,9,14.587151875,temperature
2023-11-03T00:00:00Z,ccre,10,14.539301041666668,temperature
2023-11-03T00:00:00Z,ccre,11,14.540351805555556,temperature
2023-11-03T00:00:00Z,ccre,12,14.091241666666669,temperature
2023-11-03T00:00:00Z,ccre,13,12.664124305555555,temperature
2023-11-04T00:00:00Z,ccre,4,14.547401041666667,temperature
2023-11-04T00:00:00Z,ccre,5,14.358317708333333,temperature
2023-11-04T00:00:00Z,ccre,6,14.29834013888889,temperature
2023-11-04T00:00:00Z,ccre,7,14.279440555555556,temperature
2023-11-04T00:00:00Z,ccre,8,14.264394166666667,temperature
2023-11-04T00:00:00Z,ccre,9,14.231866458333334,temperature
2023-11-04T00:00:00Z,ccre,10,14.187133125,temperature
2023-11-04T00:00:00Z,ccre,11,14.179330208333331,temperature
2023-11-04T00:00:00Z,ccre,12,13.97192861111111,temperature
2023-11-04T00:00:00Z,ccre,13,12.612806875,temperature
2023-11-05T00:00:00Z,ccre,4,14.642653263888889,temperature
2023-11-05T00:00:00Z,ccre,5,14.597902291666667,temperature
2023-11-05T00:00:00Z,ccre,6,14.565124236111112,temperature
2023-11-05T00:00:00Z,ccre,7,14.500202152777778,temperature
2023-11-05T00:00:00Z,ccre,8,14.312261527777778,temperature
2023-11-05T00:00:00Z,ccre,9,14.173316180555556,temperature
2023-11-05T00:00:00Z,ccre,10,14.09037277777778,temperature
2023-11-05T00:00:00Z,ccre,11,14.086385555555555,temperature
2023-11-05T00:00:00Z,ccre,12,13.862365833333332,temperature
2023-11-05T00:00:00Z,ccre,13,12.617811041666666,temperature
2023-11-06T00:00:00Z,ccre,4,14.567731736111112,temperature
2023-11-06T00:00:00Z,ccre,5,14.471070833333334,temperature
2023-11-06T00:00:00Z,ccre,6,14.446690208333331,temperature
2023-11-06T00:00:00Z,ccre,7,14.399319375,temperature
2023-11-06T00:00:00Z,ccre,8,14.302147291666667,temperature
2023-11-06T00:00:00Z,ccre,9,14.252908958333334,temperature
2023-11-06T00:00:00Z,ccre,10,14.094592638888887,temperature
2023-11-06T00:00:00Z,ccre,11,14.052033680555557,temperature
2023-11-06T00:00:00Z,ccre,12,13.672947291666668,temperature
2023-11-06T00:00:00Z,ccre,13,12.630186111111112,temperature
2023-11-07T00:00:00Z,ccre,4,14.264887792207793,temperature
2023-11-07T00:00:00Z,ccre,5,14.287962708333334,temperature
2023-11-07T00:00:00Z,ccre,6,14.258474513888888,temperature
2023-11-07T00:00:00Z,ccre,7,14.211289236111112,temperature
2023-11-07T00:00:00Z,ccre,8,14.152197222222222,temperature
2023-11-07T00:00:00Z,ccre,9,14.102926180555556,temperature
2023-11-07T00:00:00Z,ccre,10,13.99041034722222,temperature
2023-11-07T00:00:00Z,ccre,11,13.970345625,temperature
2023-11-07T00:00:00Z,ccre,12,13.77512361111111,temperature
2023-11-07T00:00:00Z,ccre,13,12.633820694444443,temperature
2023-11-08T00:00:00Z,ccre,5,14.37196625,temperature
2023-11-08T00:00:00Z,ccre,6,14.307026319444445,temperature
2023-11-08T00:00:00Z,ccre,7,14.195575833333333,temperature
2023-11-08T00:00:00Z,ccre,8,14.139800486111112,temperature
2023-11-08T00:00:00Z,ccre,9,14.083583263888888,temperature
2023-11-08T00:00:00Z,ccre,10,13.997752361111113,temperature
2023-11-08T00:00:00Z,ccre,11,13.988457152777778,temperature
2023-11-08T00:00:00Z,ccre,12,13.840405486111113,temperature
2023-11-08T00:00:00Z,ccre,13,12.733664652777778,temperature
2023-11-09T00:00:00Z,ccre,5,14.66852625,temperature
2023-11-09T00:00:00Z,ccre,6,14.609711458333331,temperature
2023-11-09T00:00:00Z,ccre,7,14.477509305555555,temperature
2023-11-09T00:00:00Z,ccre,8,14.284545694444445,temperature
2023-11-09T00:00:00Z,ccre,9,14.117183541666666,temperature
2023-11-09T00:00:00Z,ccre,10,14.012755069444443,temperature
2023-11-09T00:00:00Z,ccre,11,13.989037083333333,temperature
2023-11-09T00:00:00Z,ccre,12,13.655111944444444,temperature
2023-11-09T00:00:00Z,ccre,13,12.753400069444444,temperature
2023-11-10T00:00:00Z,ccre,5,14.73691375,temperature
2023-11-10T00:00:00Z,ccre,6,14.737599166666667,temperature
2023-11-10T00:00:00Z,ccre,7,14.743747013888887,temperature
2023-11-10T00:00:00Z,ccre,8,14.7171525,temperature
2023-11-10T00:00:00Z,ccre,9,14.668611736111112,temperature
2023-11-10T00:00:00Z,ccre,10,14.577753263888887,temperature
2023-11-10T00:00:00Z,ccre,11,14.525420972222223,temperature
2023-11-10T00:00:00Z,ccre,12,13.810928819444444,temperature
2023-11-10T00:00:00Z,ccre,13,12.699546041666666,temperature
2023-11-11T00:00:00Z,ccre,5,14.427481875,temperature
2023-11-11T00:00:00Z,ccre,6,14.410659652777776,temperature
2023-11-11T00:00:00Z,ccre,7,14.397465555555556,temperature
2023-11-11T00:00:00Z,ccre,8,14.382911736111112,temperature
2023-11-11T00:00:00Z,ccre,9,14.362064444444444,temperature
2023-11-11T00:00:00Z,ccre,10,14.311258888888888,temperature
2023-11-11T00:00:00Z,ccre,11,14.17975125,temperature
2023-11-11T00:00:00Z,ccre,12,13.695814305555556,temperature
2023-11-11T00:00:00Z,ccre,13,12.74157923611111,temperature
2023-11-12T00:00:00Z,ccre,5,14.104869444444445,temperature
2023-11-12T00:00:00Z,ccre,6,14.08271326388889,temperature
2023-11-12T00:00:00Z,ccre,7,14.07818173611111,temperature
2023-11-12T00:00:00Z,ccre,8,14.068507916666666,temperature
2023-11-12T00:00:00Z,ccre,9,14.061970833333334,temperature
2023-11-12T00:00:00Z,ccre,10,14.027413333333334,temperature
2023-11-12T00:00:00Z,ccre,11,13.96779625,temperature
2023-11-12T00:00:00Z,ccre,12,13.751642916666666,temperature
2023-11-12T00:00:00Z,ccre,13,12.756009652777776,temperature
2023-11-13T00:00:00Z,ccre,5,13.874338472222222,temperature
2023-11-13T00:00:00Z,ccre,6,13.862169444444444,temperature
2023-11-13T00:00:00Z,ccre,7,13.861098472222222,temperature
2023-11-13T00:00:00Z,ccre,8,13.856819722222223,temperature
2023-11-13T00:00:00Z,ccre,9,13.841960902777778,temperature
2023-11-13T00:00:00Z,ccre,10,13.775048125,temperature
2023-11-13T00:00:00Z,ccre,11,13.766463055555556,temperature
2023-11-13T00:00:00Z,ccre,12,13.613035625,temperature
2023-11-13T00:00:00Z,ccre,13,12.751890277777775,temperature
2023-11-14T00:00:00Z,ccre,4,13.728565757575758,temperature
2023-11-14T00:00:00Z,ccre,5,13.623635625,temperature
2023-11-14T00:00:00Z,ccre,6,13.604647708333331,temperature
2023-11-14T00:00:00Z,ccre,7,13.605849791666667,temperature
2023-11-14T00:00:00Z,ccre,8,13.601978888888889,temperature
2023-11-14T00:00:00Z,ccre,9,13.598326458333334,temperature
2023-11-14T00:00:00Z,ccre,10,13.56696576388889,temperature
2023-11-14T00:00:00Z,ccre,11,13.569503402777778,temperature
2023-11-14T00:00:00Z,ccre,12,13.478434861111111,temperature
2023-11-14T00:00:00Z,ccre,13,12.729620208333332,temperature
2023-11-15T00:00:00Z,ccre,4,13.481987291666666,temperature
2023-11-15T00:00:00Z,ccre,5,13.438520277777778,temperature
2023-11-15T00:00:00Z,ccre,6,13.426193819444444,temperature
2023-11-15T00:00:00Z,ccre,7,13.42970326388889,temperature
2023-11-15T00:00:00Z,ccre,8,13.427460208333333,temperature
2023-11-15T00:00:00Z,ccre,9,13.427764444444444,temperature
2023-11-15T00:00:00Z,ccre,10,13.406468888888888,temperature
2023-11-15T00:00:00Z,ccre,11,13.41324576388889,temperature
2023-11-15T00:00:00Z,ccre,12,13.330009236111112,temperature
2023-11-15T00:00:00Z,ccre,13,12.899608194444443,temperature
2023-11-16T00:00:00Z,ccre,4,13.302994583333334,temperature
2023-11-16T00:00:00Z,ccre,5,13.235955763888889,temperature
2023-11-16T00:00:00Z,ccre,6,13.214007569444444,temperature
2023-11-16T00:00:00Z,ccre,7,13.204267013888888,temperature
2023-11-16T00:00:00Z,ccre,8,13.183573333333332,temperature
2023-11-16T00:00:00Z,ccre,9,13.167682361111112,temperature
2023-11-16T00:00:00Z,ccre,10,13.142864652777778,temperature
2023-11-16T00:00:00Z,ccre,11,13.145329583333334,temperature
2023-11-16T00:00:00Z,ccre,12,13.119940486111112,temperature
2023-11-16T00:00:00Z,ccre,13,13.06054076388889,temperature
2023-11-17T00:00:00Z,ccre,4,13.248579791666666,temperature
2023-11-17T00:00:00Z,ccre,5,13.160308888888888,temperature
2023-11-17T00:00:00Z,ccre,6,13.08640236111111,temperature
2023-11-17T00:00:00Z,ccre,7,13.076482291666666,temperature
2023-11-17T00:00:00Z,ccre,8,13.071301458333334,temperature
2023-11-17T00:00:00Z,ccre,9,13.06846513888889,temperature
2023-11-17T00:00:00Z,ccre,10,13.03629201388889,temperature
2023-11-17T00:00:00Z,ccre,11,13.040037847222225,temperature
2023-11-17T00:00:00Z,ccre,12,13.021360694444445,temperature
2023-11-17T00:00:00Z,ccre,13,12.967297569444444,temperature
2023-11-18T00:00:00Z,ccre,4,13.299398333333333,temperature
2023-11-18T00:00:00Z,ccre,5,13.237004444444445,temperature
2023-11-18T00:00:00Z,ccre,6,13.208957569444443,temperature
2023-11-18T00:00:00Z,ccre,7,13.205060625,temperature
2023-11-18T00:00:00Z,ccre,8,13.192898125,temperature
2023-11-18T00:00:00Z,ccre,9,13.181137152777778,temperature
2023-11-18T00:00:00Z,ccre,10,13.050482222222222,temperature
2023-11-18T00:00:00Z,ccre,11,13.030777430555556,temperature
2023-11-18T00:00:00Z,ccre,12,12.96461125,temperature
2023-11-18T00:00:00Z,ccre,13,12.900490416666669,temperature
2023-11-19T00:00:00Z,ccre,4,13.024340138888888,temperature
2023-11-19T00:00:00Z,ccre,5,12.982458263888889,temperature
2023-11-19T00:00:00Z,ccre,6,12.971282569444444,temperature
2023-11-19T00:00:00Z,ccre,7,12.974723333333332,temperature
2023-11-19T00:00:00Z,ccre,8,12.968528055555556,temperature
2023-11-19T00:00:00Z,ccre,9,12.964610347222225,temperature
2023-11-19T00:00:00Z,ccre,10,12.936701875,temperature
2023-11-19T00:00:00Z,ccre,11,12.932091805555556,temperature
2023-11-19T00:00:00Z,ccre,12,12.893591597222224,temperature
2023-11-19T00:00:00Z,ccre,13,12.802153680555556,temperature
2023-11-20T00:00:00Z,ccre,4,12.807419652777778,temperature
2023-11-20T00:00:00Z,ccre,5,12.767670763888889,temperature
2023-11-20T00:00:00Z,ccre,6,12.755715555555556,temperature
2023-11-20T00:00:00Z,ccre,7,12.76013451388889,temperature
2023-11-20T00:00:00Z,ccre,8,12.756001111111113,temperature
2023-11-20T00:00:00Z,ccre,9,12.756186736111111,temperature
2023-11-20T00:00:00Z,ccre,10,12.737031041666668,temperature
2023-11-20T00:00:00Z,ccre,11,12.744926666666666,temperature
2023-11-20T00:00:00Z,ccre,12,12.72278,temperature
2023-11-20T00:00:00Z,ccre,13,12.649325486111112,temperature
2023-11-21T00:00:00Z,ccre,4,12.553229583333334,temperature
2023-11-21T00:00:00Z,ccre,5,12.53559625,temperature
2023-11-21T00:00:00Z,ccre,6,12.533949236111113,temperature
2023-11-21T00:00:00Z,ccre,7,12.542007222222225,temperature
2023-11-21T00:00:00Z,ccre,8,12.54125173611111,temperature
2023-11-21T00:00:00Z,ccre,9,12.544026319444445,temperature
2023-11-21T00:00:00Z,ccre,10,12.530357361111111,temperature
2023-11-21T00:00:00Z,ccre,11,12.541146666666666,temperature
2023-11-21T00:00:00Z,ccre,12,12.54006625,temperature
2023-11-21T00:00:00Z,ccre,13,12.562072222222222,temperature
2023-11-22T00:00:00Z,ccre,4,12.437790347222222,temperature
2023-11-22T00:00:00Z,ccre,5,12.41882513888889,temperature
2023-11-22T00:00:00Z,ccre,6,12.417469305555557,temperature
2023-11-22T00:00:00Z,ccre,7,12.424287847222224,temperature
2023-11-22T00:00:00Z,ccre,8,12.422578611111112,temperature
2023-11-22T00:00:00Z,ccre,9,12.424492361111112,temperature
2023-11-22T00:00:00Z,ccre,10,12.40867763888889,temperature
2023-11-22T00:00:00Z,ccre,11,12.413579861111112,temperature
2023-11-22T00:00:00Z,ccre,12,12.344149375,temperature
2023-11-22T00:00:00Z,ccre,13,12.238829444444445,temperature
2023-11-23T00:00:00Z,ccre,4,12.256130486111113,temperature
2023-11-23T00:00:00Z,ccre,5,12.21714597222222,temperature
2023-11-23T00:00:00Z,ccre,6,12.206946041666669,temperature
2023-11-23T00:00:00Z,ccre,7,12.208140972222225,temperature
2023-11-23T00:00:00Z,ccre,8,12.198042152777775,temperature
2023-11-23T00:00:00Z,ccre,9,12.18734125,temperature
2023-11-23T00:00:00Z,ccre,10,12.150348611111111,temperature
2023-11-23T00:00:00Z,ccre,11,12.151961180555556,temperature
2023-11-23T00:00:00Z,ccre,12,12.129224305555557,temperature
2023-11-23T00:00:00Z,ccre,13,12.100924375,temperature
2023-11-24T00:00:00Z,ccre,4,12.058315416666666,temperature
2023-11-24T00:00:00Z,ccre,5,12.006474791666667,temperature
2023-11-24T00:00:00Z,ccre,6,11.985589305555555,temperature
2023-11-24T00:00:00Z,ccre,7,11.982559097222222,temperature
2023-11-24T00:00:00Z,ccre,8,11.9747475,temperature
2023-11-24T00:00:00Z,ccre,9,11.968708680555556,temperature
2023-11-24T00:00:00Z,ccre,10,11.928297083333334,temperature
2023-11-24T00:00:00Z,ccre,11,11.927724722222225,temperature
2023-11-24T00:00:00Z,ccre,12,11.821930277777778,temperature
2023-11-24T00:00:00Z,ccre,13,11.678921944444443,temperature
2023-11-25T00:00:00Z,ccre,4,11.707189097222225,temperature
2023-11-25T00:00:00Z,ccre,5,11.68510548611111,temperature
2023-11-25T00:00:00Z,ccre,6,11.682798055555557,temperature
2023-11-25T00:00:00Z,ccre,7,11.689959722222222,temperature
2023-11-25T00:00:00Z,ccre,8,11.689258819444444,temperature
2023-11-25T00:00:00Z,ccre,9,11.692213680555556,temperature
2023-11-25T00:00:00Z,ccre,10,11.675446944444444,temperature
2023-11-25T00:00:00Z,ccre,11,11.685115277777776,temperature
2023-11-25T00:00:00Z,ccre,12,11.637531666666666,temperature
2023-11-25T00:00:00Z,ccre,13,11.509218680555556,temperature
2023-11-26T00:00:00Z,ccre,4,11.41434201388889,temperature
2023-11-26T00:00:00Z,ccre,5,11.38297548611111,temperature
2023-11-26T00:00:00Z,ccre,6,11.373169444444445,temperature
2023-11-26T00:00:00Z,ccre,7,11.376035763888888,temperature
2023-11-26T00:00:00Z,ccre,8,11.369839652777776,temperature
2023-11-26T00:00:00Z,ccre,9,11.368552361111112,temperature
2023-11-26T00:00:00Z,ccre,10,11.344577083333334,temperature
2023-11-26T00:00:00Z,ccre,11,11.346935277777778,temperature
2023-11-26T00:00:00Z,ccre,12,11.327356875,temperature
2023-11-26T00:00:00Z,ccre,13,11.27424875,temperature
2023-11-27T00:00:00Z,ccre,4,11.142881180555555,temperature
2023-11-27T00:00:00Z,ccre,5,11.127282222222222,temperature
2023-11-27T00:00:00Z,ccre,6,11.1256725,temperature
2023-11-27T00:00:00Z,ccre,7,11.133227847222225,temperature
2023-11-27T00:00:00Z,ccre,8,11.132911944444444,temperature
2023-11-27T00:00:00Z,ccre,9,11.135559722222222,temperature
2023-11-27T00:00:00Z,ccre,10,11.120694375,temperature
2023-11-27T00:00:00Z,ccre,11,11.130972569444443,temperature
2023-11-27T00:00:00Z,ccre,12,11.130040833333334,temperature
2023-11-27T00:00:00Z,ccre,13,11.120945416666666,temperature
2023-11-28T00:00:00Z,ccre,4,10.738133472222222,temperature
2023-11-28T00:00:00Z,ccre,5,10.72556798611111,temperature
2023-11-28T00:00:00Z,ccre,6,10.72559826388889,temperature
2023-11-28T00:00:00Z,ccre,7,10.733625555555555,temperature
2023-11-28T00:00:00Z,ccre,8,10.734617986111113,temperature
2023-11-28T00:00:00Z,ccre,9,10.738594583333333,temperature
2023-11-28T00:00:00Z,ccre,10,10.723183055555555,temperature
2023-11-28T00:00:00Z,ccre,11,10.732826180555556,temperature
2023-11-28T00:00:00Z,ccre,12,10.729874375,temperature
2023-11-28T00:00:00Z,ccre,13,10.7581775,temperature
2023-11-29T00:00:00Z,ccre,4,10.352527430555556,temperature
2023-11-29T00:00:00Z,ccre,5,10.331167569444444,temperature
2023-11-29T00:00:00Z,ccre,6,10.324103263888889,temperature
2023-11-29T00:00:00Z,ccre,7,10.325129861111112,temperature
2023-11-29T00:00:00Z,ccre,8,10.318465625,temperature
2023-11-29T00:00:00Z,ccre,9,10.316212430555556,temperature
2023-11-29T00:00:00Z,ccre,10,10.288336666666666,temperature
2023-11-29T00:00:00Z,ccre,11,10.290851736111112,temperature
2023-11-29T00:00:00Z,ccre,12,10.221694875,temperature
2023-11-29T00:00:00Z,ccre,13,10.111215055555556,temperature
2023-11-30T00:00:00Z,ccre,4,10.09306104861111,temperature
2023-11-30T00:00:00Z,ccre,5,10.041344576388887,temperature
2023-11-30T00:00:00Z,ccre,6,10.020431277777778,temperature
2023-11-30T00:00:00Z,ccre,7,10.011941138888888,temperature
2023-11-30T00:00:00Z,ccre,8,10.000594805555556,temperature
2023-11-30T00:00:00Z,ccre,9,9.993023034722222,temperature
2023-11-30T00:00:00Z,ccre,10,9.957861979166667,temperature
2023-11-30T00:00:00Z,ccre,11,9.9550535,temperature
2023-11-30T00:00:00Z,ccre,12,9.906012041666669,temperature
2023-11-30T00:00:00Z,ccre,13,9.829142819444444,temperature
2023-12-01T00:00:00Z,ccre,4,9.774457506944444,temperature
2023-12-01T00:00:00Z,ccre,5,9.754636548611112,temperature
2023-12-01T00:00:00Z,ccre,6,9.748295916666669,temperature
2023-12-01T00:00:00Z,ccre,7,9.752088756944444,temperature
2023-12-01T00:00:00Z,ccre,8,9.747990534722222,temperature
2023-12-01T00:00:00Z,ccre,9,9.74825692361111,temperature
2023-12-01T00:00:00Z,ccre,10,9.721268756944443,temperature
2023-12-01T00:00:00Z,ccre,11,9.72239136111111,temperature
2023-12-01T00:00:00Z,ccre,12,9.67359017361111,temperature
2023-12-01T00:00:00Z,ccre,13,9.586158777777776,temperature
2023-12-02T00:00:00Z,ccre,4,9.829617826388889,temperature
2023-12-02T00:00:00Z,ccre,5,9.71795617361111,temperature
2023-12-02T00:00:00Z,ccre,6,9.659383354166668,temperature
2023-12-02T00:00:00Z,ccre,7,9.648468277777775,temperature
2023-12-02T00:00:00Z,ccre,8,9.636630666666669,temperature
2023-12-02T00:00:00Z,ccre,9,9.635692326388888,temperature
2023-12-02T00:00:00Z,ccre,10,9.612929673611111,temperature
2023-12-02T00:00:00Z,ccre,11,9.6164639375,temperature
2023-12-02T00:00:00Z,ccre,12,9.53857675,temperature
2023-12-02T00:00:00Z,ccre,13,9.4297123125,temperature
2023-12-03T00:00:00Z,ccre,4,10.19606361111111,temperature
2023-12-03T00:00:00Z,ccre,5,9.838895381944443,temperature
2023-12-03T00:00:00Z,ccre,6,9.774669694444444,temperature
2023-12-03T00:00:00Z,ccre,7,9.74294325,temperature
2023-12-03T00:00:00Z,ccre,8,9.70086479861111,temperature
2023-12-03T00:00:00Z,ccre,9,9.661012430555555,temperature
2023-12-03T00:00:00Z,ccre,10,9.569259847222222,temperature
2023-12-03T00:00:00Z,ccre,11,9.549386583333334,temperature
2023-12-03T00:00:00Z,ccre,12,9.449963888888888,temperature
2023-12-03T00:00:00Z,ccre,13,9.273600465277775,temperature
2023-12-04T00:00:00Z,ccre,4,9.695854423611111,temperature
2023-12-04T00:00:00Z,ccre,5,9.66495304861111,temperature
2023-12-04T00:00:00Z,ccre,6,9.636283680555556,temperature
2023-12-04T00:00:00Z,ccre,7,9.614816666666666,temperature
2023-12-04T00:00:00Z,ccre,8,9.598334388888889,temperature
2023-12-04T00:00:00Z,ccre,9,9.585618708333334,temperature
2023-12-04T00:00:00Z,ccre,10,9.525812222222225,temperature
2023-12-04T00:00:00Z,ccre,11,9.513347194444444,temperature
2023-12-04T00:00:00Z,ccre,12,9.418519965277778,temperature
2023-12-04T00:00:00Z,ccre,13,9.410821493055556,temperature
2023-12-05T00:00:00Z,ccre,4,9.62631604861111,temperature
2023-12-05T00:00:00Z,ccre,5,9.555501055555556,temperature
2023-12-05T00:00:00Z,ccre,6,9.492877541666669,temperature
2023-12-05T00:00:00Z,ccre,7,9.48596611111111,temperature
2023-12-05T00:00:00Z,ccre,8,9.475343361111111,temperature
2023-12-05T00:00:00Z,ccre,9,9.467269270833333,temperature
2023-12-05T00:00:00Z,ccre,10,9.421101243055556,temperature
2023-12-05T00:00:00Z,ccre,11,9.421103583333334,temperature
2023-12-05T00:00:00Z,ccre,12,9.375339055555555,temperature
2023-12-05T00:00:00Z,ccre,13,9.43773163888889,temperature
2023-12-06T00:00:00Z,ccre,4,9.490233701388888,temperature
2023-12-06T00:00:00Z,ccre,5,9.480063527777778,temperature
2023-12-06T00:00:00Z,ccre,6,9.478198402777778,temperature
2023-12-06T00:00:00Z,ccre,7,9.483962152777778,temperature
2023-12-06T00:00:00Z,ccre,8,9.483261125,temperature
2023-12-06T00:00:00Z,ccre,9,9.487892583333334,temperature
2023-12-06T00:00:00Z,ccre,10,9.469569083333331,temperature
2023-12-06T00:00:00Z,ccre,11,9.478039840277775,temperature
2023-12-06T00:00:00Z,ccre,12,9.445361027777778,temperature
2023-12-06T00:00:00Z,ccre,13,9.443146194444443,temperature
2023-12-07T00:00:00Z,ccre,4,9.296609444444444,temperature
2023-12-07T00:00:00Z,ccre,5,9.276506222222222,temperature
2023-12-07T00:00:00Z,ccre,6,9.269555256944445,temperature
2023-12-07T00:00:00Z,ccre,7,9.272425319444444,temperature
2023-12-07T00:00:00Z,ccre,8,9.269942631944444,temperature
2023-12-07T00:00:00Z,ccre,9,9.273414791666667,temperature
2023-12-07T00:00:00Z,ccre,10,9.257322090277778,temperature
2023-12-07T00:00:00Z,ccre,11,9.265185208333332,temperature
2023-12-07T00:00:00Z,ccre,12,9.259495805555556,temperature
2023-12-07T00:00:00Z,ccre,13,9.349109,temperature
2023-12-08T00:00:00Z,ccre,4,9.17691145138889,temperature
2023-12-08T00:00:00Z,ccre,5,9.141487326388887,temperature
2023-12-08T00:00:00Z,ccre,6,9.129285027777778,temperature
2023-12-08T00:00:00Z,ccre,7,9.127094048611111,temperature
2023-12-08T00:00:00Z,ccre,8,9.1138335625,temperature
2023-12-08T00:00:00Z,ccre,9,9.110912583333333,temperature
2023-12-08T00:00:00Z,ccre,10,9.079261805555555,temperature
2023-12-08T00:00:00Z,ccre,11,9.077170951388888,temperature
2023-12-08T00:00:00Z,ccre,12,9.051563958333332,temperature
2023-12-08T00:00:00Z,ccre,13,9.136109222222222,temperature
2023-12-09T00:00:00Z,ccre,4,9.076124868055556,temperature
2023-12-09T00:00:00Z,ccre,5,9.044897291666668,temperature
2023-12-09T00:00:00Z,ccre,6,9.029156604166667,temperature
2023-12-09T00:00:00Z,ccre,7,9.027821451388888,temperature
2023-12-09T00:00:00Z,ccre,8,9.019310631944444,temperature
2023-12-09T00:00:00Z,ccre,9,9.017381229166666,temperature
2023-12-09T00:00:00Z,ccre,10,8.987754833333334,temperature
2023-12-09T00:00:00Z,ccre,11,8.9902875625,temperature
2023-12-09T00:00:00Z,ccre,12,8.960860777777778,temperature
2023-12-09T00:00:00Z,ccre,13,9.050832277777776,temperature
2023-12-10T00:00:00Z,ccre,4,9.265690243055555,temperature
2023-12-10T00:00:00Z,ccre,5,9.189635791666667,temperature
2023-12-10T00:00:00Z,ccre,6,9.123561027777775,temperature
2023-12-10T00:00:00Z,ccre,7,9.087518055555556,temperature
2023-12-10T00:00:00Z,ccre,8,9.063211909722222,temperature
2023-12-10T00:00:00Z,ccre,9,9.05253792361111,temperature
2023-12-10T00:00:00Z,ccre,10,9.010838388888889,temperature
2023-12-10T00:00:00Z,ccre,11,9.01038851388889,temperature
2023-12-10T00:00:00Z,ccre,12,8.97992811111111,temperature
2023-12-10T00:00:00Z,ccre,13,9.085736180555555,temperature
2023-12-11T00:00:00Z,ccre,4,8.896719826388889,temperature
2023-12-11T00:00:00Z,ccre,5,8.886476291666666,temperature
2023-12-11T00:00:00Z,ccre,6,8.885812381944444,temperature
2023-12-11T00:00:00Z,ccre,7,8.891559347222222,temperature
2023-12-11T00:00:00Z,ccre,8,8.890702166666667,temperature
2023-12-11T00:00:00Z,ccre,9,8.895052,temperature
2023-12-11T00:00:00Z,ccre,10,8.87601492361111,temperature
2023-12-11T00:00:00Z,ccre,11,8.883193125,temperature
2023-12-11T00:00:00Z,ccre,12,8.879285506944445,temperature
2023-12-11T00:00:00Z,ccre,13,8.943305583333334,temperature
2023-12-12T00:00:00Z,ccre,4,8.6627343125,temperature
2023-12-12T00:00:00Z,ccre,5,8.630773319444444,temperature
2023-12-12T00:00:00Z,ccre,6,8.622567895833333,temperature
2023-12-12T00:00:00Z,ccre,7,8.623363694444445,temperature
2023-12-12T00:00:00Z,ccre,8,8.620078381944445,temperature
2023-12-12T00:00:00Z,ccre,9,8.623818493055555,temperature
2023-12-12T00:00:00Z,ccre,10,8.606148381944445,temperature
2023-12-12T00:00:00Z,ccre,11,8.612565541666667,temperature
2023-12-12T00:00:00Z,ccre,12,8.601859659722223,temperature
2023-12-12T00:00:00Z,ccre,13,8.591836097222222,temperature
2023-12-13T00:00:00Z,ccre,4,8.601312840277778,temperature
2023-12-13T00:00:00Z,ccre,5,8.585285159722222,temperature
2023-12-13T00:00:00Z,ccre,6,8.578529833333333,temperature
2023-12-13T00:00:00Z,ccre,7,8.580802729166667,temperature
2023-12-13T00:00:00Z,ccre,8,8.575552631944445,temperature
2023-12-13T00:00:00Z,ccre,9,8.57594998611111,temperature
2023-12-13T00:00:00Z,ccre,10,8.513413083333333,temperature
2023-12-13T00:00:00Z,ccre,11,8.48330857638889,temperature
2023-12-13T00:00:00Z,ccre,12,8.409423354166666,temperature
2023-12-13T00:00:00Z,ccre,13,8.407478326388889,temperature
2023-12-14T00:00:00Z,ccre,4,8.370493597222222,temperature
2023-12-14T00:00:00Z,ccre,5,8.327670395833334,temperature
2023-12-14T00:00:00Z,ccre,6,8.308769430555556,temperature
2023-12-14T00:00:00Z,ccre,7,8.30804123611111,temperature
2023-12-14T00:00:00Z,ccre,8,8.30291492361111,temperature
2023-12-14T00:00:00Z,ccre,9,8.303653708333334,temperature
2023-12-14T00:00:00Z,ccre,10,8.2750208125,temperature
2023-12-14T00:00:00Z,ccre,11,8.276760958333334,temperature
2023-12-14T00:00:00Z,ccre,12,8.258707534722221,temperature
2023-12-14T00:00:00Z,ccre,13,8.36524261111111,temperature
2023-12-15T00:00:00Z,ccre,4,8.194071215277777,temperature
2023-12-15T00:00:00Z,ccre,5,8.142552888888888,temperature
2023-12-15T00:00:00Z,ccre,6,8.121441152777777,temperature
2023-12-15T00:00:00Z,ccre,7,8.1175371875,temperature
2023-12-15T00:00:00Z,ccre,8,8.106163694444444,temperature
2023-12-15T00:00:00Z,ccre,9,8.105665840277778,temperature
2023-12-15T00:00:00Z,ccre,10,8.084768729166667,temperature
2023-12-15T00:00:00Z,ccre,11,8.089720854166666,temperature
2023-12-15T00:00:00Z,ccre,12,8.067934458333333,temperature
2023-12-15T00:00:00Z,ccre,13,8.189542756944444,temperature
2023-12-16T00:00:00Z,ccre,4,8.030486444444444,temperature
2023-12-16T00:00:00Z,ccre,5,8.004351243055556,temperature
2023-12-16T00:00:00Z,ccre,6,7.994309423611111,temperature
2023-12-16T00:00:00Z,ccre,7,7.998449416666666,temperature
2023-12-16T00:00:00Z,ccre,8,7.995810305555556,temperature
2023-12-16T00:00:00Z,ccre,9,8.000027055555556,temperature
2023-12-16T00:00:00Z,ccre,10,7.979445694444444,temperature
2023-12-16T00:00:00Z,ccre,11,7.984003958333333,temperature
2023-12-16T00:00:00Z,ccre,12,7.967657111111111,temperature
2023-12-16T00:00:00Z,ccre,13,8.132334180555556,temperature
2023-12-17T00:00:00Z,ccre,4,7.907139777777778,temperature
2023-12-17T00:00:00Z,ccre,5,7.891682631944445,temperature
2023-12-17T00:00:00Z,ccre,6,7.889207340277777,temperature
2023-12-17T00:00:00Z,ccre,7,7.894832333333333,temperature
2023-12-17T00:00:00Z,ccre,8,7.893062972222222,temperature
2023-12-17T00:00:00Z,ccre,9,7.898739909722222,temperature
2023-12-17T00:00:00Z,ccre,10,7.882241291666666,temperature
2023-12-17T00:00:00Z,ccre,11,7.891072923611112,temperature
2023-12-17T00:00:00Z,ccre,12,7.886292069444444,temperature
2023-12-17T00:00:00Z,ccre,13,8.019846229166667,temperature
2023-12-18T00:00:00Z,ccre,4,7.8492689930555555,temperature
2023-12-18T00:00:00Z,ccre,5,7.833873694444445,temperature
2023-12-18T00:00:00Z,ccre,6,7.8306576805555554,temperature
2023-12-18T00:00:00Z,ccre,7,7.834872743055556,temperature
2023-12-18T00:00:00Z,ccre,8,7.832921923611111,temperature
2023-12-18T00:00:00Z,ccre,9,7.838109951388889,temperature
2023-12-18T00:00:00Z,ccre,10,7.821165659722222,temperature
2023-12-18T00:00:00Z,ccre,11,7.829762722222222,temperature
2023-12-18T00:00:00Z,ccre,12,7.826554152777778,temperature
2023-12-18T00:00:00Z,ccre,13,7.911052270833333,temperature
2023-12-19T00:00:00Z,ccre,4,7.585357381944444,temperature
2023-12-19T00:00:00Z,ccre,5,7.577432354166667,temperature
2023-12-19T00:00:00Z,ccre,6,7.578409451388889,temperature
2023-12-19T00:00:00Z,ccre,7,7.584292493055556,temperature
2023-12-19T00:00:00Z,ccre,8,7.583459631944445,temperature
2023-12-19T00:00:00Z,ccre,9,7.588443902777778,temperature
2023-12-19T00:00:00Z,ccre,10,7.568539645833333,temperature
2023-12-19T00:00:00Z,ccre,11,7.575993125,temperature
2023-12-19T00:00:00Z,ccre,12,7.575304847222222,temperature
2023-12-19T00:00:00Z,ccre,13,7.713940465277778,temperature
2023-12-20T00:00:00Z,ccre,4,7.333178354166667,temperature
2023-12-20T00:00:00Z,ccre,5,7.309471291666666,temperature
2023-12-20T00:00:00Z,ccre,6,7.301925854166667,temperature
2023-12-20T00:00:00Z,ccre,7,7.3051280625,temperature
2023-12-20T00:00:00Z,ccre,8,7.300105611111111,temperature
2023-12-20T00:00:00Z,ccre,9,7.303401243055555,temperature
2023-12-20T00:00:00Z,ccre,10,7.2799094375,temperature
2023-12-20T00:00:00Z,ccre,11,7.2861121875,temperature
2023-12-20T00:00:00Z,ccre,12,7.276697270833333,temperature
2023-12-20T00:00:00Z,ccre,13,7.403825097222223,temperature
2023-12-21T00:00:00Z,ccre,4,7.236157875,temperature
2023-12-21T00:00:00Z,ccre,5,7.194960159722222,temperature
2023-12-21T00:00:00Z,ccre,6,7.178734361111111,temperature
2023-12-21T00:00:00Z,ccre,7,7.1772407708333334,temperature
2023-12-21T00:00:00Z,ccre,8,7.170154715277778,temperature
2023-12-21T00:00:00Z,ccre,9,7.172688375,temperature
2023-12-21T00:00:00Z,ccre,10,7.146698152777778,temperature
2023-12-21T00:00:00Z,ccre,11,7.148595298611111,temperature
2023-12-21T00:00:00Z,ccre,12,7.124079770833333,temperature
2023-12-21T00:00:00Z,ccre,13,7.315227666666667,temperature
2023-12-22T00:00:00Z,ccre,4,7.138523048611111,temperature
2023-12-22T00:00:00Z,ccre,5,7.105800798611111,temperature
2023-12-22T00:00:00Z,ccre,6,7.095315902777778,temperature
2023-12-22T00:00:00Z,ccre,7,7.096999638888889,temperature
2023-12-22T00:00:00Z,ccre,8,7.091665840277778,temperature
2023-12-22T00:00:00Z,ccre,9,7.097232604166667,temperature
2023-12-22T00:00:00Z,ccre,10,7.076783,temperature
2023-12-22T00:00:00Z,ccre,11,7.0798381458333335,temperature
2023-12-22T00:00:00Z,ccre,12,7.039141368055556,temperature
2023-12-22T00:00:00Z,ccre,13,7.197874236111111,temperature
2023-12-23T00:00:00Z,ccre,4,7.077318368055556,temperature
2023-12-23T00:00:00Z,ccre,5,7.046379861111111,temperature
2023-12-23T00:00:00Z,ccre,6,7.031879159722222,temperature
2023-12-23T00:00:00Z,ccre,7,7.030591451388889,temperature
2023-12-23T00:00:00Z,ccre,8,7.022356645833334,temperature
2023-12-23T00:00:00Z,ccre,9,7.012582555555555,temperature
2023-12-23T00:00:00Z,ccre,10,6.935261569444444,temperature
2023-12-23T00:00:00Z,ccre,11,6.9171158819444445,temperature
2023-12-23T00:00:00Z,ccre,12,6.828928131944444,temperature
2023-12-23T00:00:00Z,ccre,13,6.920885222222222,temperature
2023-12-24T00:00:00Z,ccre,4,6.992678055555555,temperature
2023-12-24T00:00:00Z,ccre,5,6.963599458333333,temperature
2023-12-24T00:00:00Z,ccre,6,6.950281888888889,temperature
2023-12-24T00:00:00Z,ccre,7,6.952114694444444,temperature
2023-12-24T00:00:00Z,ccre,8,6.944257430555555,temperature
2023-12-24T00:00:00Z,ccre,9,6.938549375,temperature
2023-12-24T00:00:00Z,ccre,10,6.874918986111111,temperature
2023-12-24T00:00:00Z,ccre,11,6.863535951388889,temperature
2023-12-24T00:00:00Z,ccre,12,6.817646409722222,temperature
2023-12-24T00:00:00Z,ccre,13,6.973772638888889,temperature
2023-12-25T00:00:00Z,ccre,4,7.049903402777778,temperature
2023-12-25T00:00:00Z,ccre,5,6.998559916666666,temperature
2023-12-25T00:00:00Z,ccre,6,6.9419821875,temperature
2023-12-25T00:00:00Z,ccre,7,6.903038791666667,temperature
2023-12-25T00:00:00Z,ccre,8,6.8855734375,temperature
2023-12-25T00:00:00Z,ccre,9,6.877567409722222,temperature
2023-12-25T00:00:00Z,ccre,10,6.848180319444444,temperature
2023-12-25T00:00:00Z,ccre,11,6.851688291666667,temperature
2023-12-25T00:00:00Z,ccre,12,6.823416131944445,temperature
2023-12-25T00:00:00Z,ccre,13,7.016929145833333,temperature
2023-12-26T00:00:00Z,ccre,4,7.247620604166666,temperature
2023-12-26T00:00:00Z,ccre,5,7.182282895833334,temperature
2023-12-26T00:00:00Z,ccre,6,7.043558520833334,temperature
2023-12-26T00:00:00Z,ccre,7,6.923970298611111,temperature
2023-12-26T00:00:00Z,ccre,8,6.862066236111112,temperature
2023-12-26T00:00:00Z,ccre,9,6.8563655625,temperature
2023-12-26T00:00:00Z,ccre,10,6.821445180555555,temperature
2023-12-26T00:00:00Z,ccre,11,6.825301041666667,temperature
2023-12-26T00:00:00Z,ccre,12,6.816698659722222,temperature
2023-12-26T00:00:00Z,ccre,13,7.017425666666667,temperature
2023-12-27T00:00:00Z,ccre,4,7.506245666666667,temperature
2023-12-27T00:00:00Z,ccre,5,7.242994673611111,temperature
2023-12-27T00:00:00Z,ccre,6,6.9666031111111115,temperature
2023-12-27T00:00:00Z,ccre,7,6.91420425,temperature
2023-12-27T00:00:00Z,ccre,8,6.8887337013888885,temperature
2023-12-27T00:00:00Z,ccre,9,6.8834331805555555,temperature
2023-12-27T00:00:00Z,ccre,10,6.856947486111111,temperature
2023-12-27T00:00:00Z,ccre,11,6.862589701388889,temperature
2023-12-27T00:00:00Z,ccre,12,6.849132319444444,temperature
2023-12-27T00:00:00Z,ccre,13,7.038913708333333,temperature
2023-12-28T00:00:00Z,ccre,4,7.531650972222222,temperature
2023-12-28T00:00:00Z,ccre,5,7.308394854166667,temperature
2023-12-28T00:00:00Z,ccre,6,7.2040841180555555,temperature
2023-12-28T00:00:00Z,ccre,7,7.112883784722222,temperature
2023-12-28T00:00:00Z,ccre,8,7.019452555555556,temperature
2023-12-28T00:00:00Z,ccre,9,6.929320798611111,temperature
2023-12-28T00:00:00Z,ccre,10,6.9005704861111115,temperature
2023-12-28T00:00:00Z,ccre,11,6.905800118055556,temperature
2023-12-28T00:00:00Z,ccre,12,6.890023444444444,temperature
2023-12-28T00:00:00Z,ccre,13,7.048223888888889,temperature
2023-12-29T00:00:00Z,ccre,4,7.516048611111111,temperature
2023-12-29T00:00:00Z,ccre,5,7.499597083333334,temperature
2023-12-29T00:00:00Z,ccre,6,7.495058659722222,temperature
2023-12-29T00:00:00Z,ccre,7,7.496129326388889,temperature
2023-12-29T00:00:00Z,ccre,8,7.460113479166667,temperature
2023-12-29T00:00:00Z,ccre,9,7.281441131944445,temperature
2023-12-29T00:00:00Z,ccre,10,7.054273513888889,temperature
2023-12-29T00:00:00Z,ccre,11,7.009767694444444,temperature
2023-12-29T00:00:00Z,ccre,12,6.948866868055555,temperature
2023-12-29T00:00:00Z,ccre,13,7.1029541527777775,temperature
2023-12-30T00:00:00Z,ccre,4,7.189054201388889,temperature
2023-12-30T00:00:00Z,ccre,5,7.1721061875,temperature
2023-12-30T00:00:00Z,ccre,6,7.168021486111111,temperature
2023-12-30T00:00:00Z,ccre,7,7.172299215277778,temperature
2023-12-30T00:00:00Z,ccre,8,7.169769930555556,temperature
2023-12-30T00:00:00Z,ccre,9,7.1753866041666665,temperature
2023-12-30T00:00:00Z,ccre,10,7.1534578472222226,temperature
2023-12-30T00:00:00Z,ccre,11,7.150877611111111,temperature
2023-12-30T00:00:00Z,ccre,12,7.012865027777778,temperature
2023-12-30T00:00:00Z,ccre,13,7.165984402777778,temperature
2023-12-31T00:00:00Z,ccre,4,7.046461923611111,temperature
2023-12-31T00:00:00Z,ccre,5,7.019351270833333,temperature
2023-12-31T00:00:00Z,ccre,6,7.007831958333333,temperature
2023-12-31T00:00:00Z,ccre,7,7.006075013888889,temperature
2023-12-31T00:00:00Z,ccre,8,6.9987305,temperature
2023-12-31T00:00:00Z,ccre,9,6.999454708333333,temperature
2023-12-31T00:00:00Z,ccre,10,6.966352180555556,temperature
2023-12-31T00:00:00Z,ccre,11,6.964171256944445,temperature
2023-12-31T00:00:00Z,ccre,12,6.942097326388889,temperature
2023-12-31T00:00:00Z,ccre,13,7.196194743055556,temperature
2024-01-01T00:00:00Z,ccre,3,6.8306059999999995,temperature
2024-01-01T00:00:00Z,ccre,4,6.905757631944445,temperature
2024-01-01T00:00:00Z,ccre,5,6.891305819444445,temperature
2024-01-01T00:00:00Z,ccre,6,6.8879741319444445,temperature
2024-01-01T00:00:00Z,ccre,7,6.893758902777778,temperature
2024-01-01T00:00:00Z,ccre,8,6.89204425,temperature
2024-01-01T00:00:00Z,ccre,9,6.8990685625,temperature
2024-01-01T00:00:00Z,ccre,10,6.878467354166666,temperature
2024-01-01T00:00:00Z,ccre,11,6.8844591875,temperature
2024-01-01T00:00:00Z,ccre,12,6.863821222222223,temperature
2024-01-01T00:00:00Z,ccre,13,7.058611284722223,temperature
2024-01-02T00:00:00Z,ccre,4,6.799792381944444,temperature
2024-01-02T00:00:00Z,ccre,5,6.785475409722222,temperature
2024-01-02T00:00:00Z,ccre,6,6.780720305555556,temperature
2024-01-02T00:00:00Z,ccre,7,6.783907986111111,temperature
2024-01-02T00:00:00Z,ccre,8,6.780147333333334,temperature
2024-01-02T00:00:00Z,ccre,9,6.783829125,temperature
2024-01-02T00:00:00Z,ccre,10,6.7630803055555555,temperature
2024-01-02T00:00:00Z,ccre,11,6.7673825,temperature
2024-01-02T00:00:00Z,ccre,12,6.754510395833333,temperature
2024-01-02T00:00:00Z,ccre,13,6.973801916666667,temperature
2024-01-03T00:00:00Z,ccre,4,6.667468951388889,temperature
2024-01-03T00:00:00Z,ccre,5,6.630473145833333,temperature
2024-01-03T00:00:00Z,ccre,6,6.617732548611111,temperature
2024-01-03T00:00:00Z,ccre,7,6.618749402777778,temperature
2024-01-03T00:00:00Z,ccre,8,6.614507173611111,temperature
2024-01-03T00:00:00Z,ccre,9,6.618606104166667,temperature
2024-01-03T00:00:00Z,ccre,10,6.598509395833333,temperature
2024-01-03T00:00:00Z,ccre,11,6.604242263888889,temperature
2024-01-03T00:00:00Z,ccre,12,6.5922005,temperature
2024-01-03T00:00:00Z,ccre,13,6.893631965277778,temperature
2024-01-04T00:00:00Z,ccre,4,6.589836284722222,temperature
2024-01-04T00:00:00Z,ccre,5,6.575356909722222,temperature
2024-01-04T00:00:00Z,ccre,6,6.571482520833333,temperature
2024-01-04T00:00:00Z,ccre,7,6.575004743055556,temperature
2024-01-04T00:00:00Z,ccre,8,6.572802798611111,temperature
2024-01-04T00:00:00Z,ccre,9,6.578744395833334,temperature
2024-01-04T00:00:00Z,ccre,10,6.5570582986111114,temperature
2024-01-04T00:00:00Z,ccre,11,6.553741805555555,temperature
2024-01-04T00:00:00Z,ccre,12,6.515731090277778,temperature
2024-01-04T00:00:00Z,ccre,13,6.735369340277778,temperature
2024-01-05T00:00:00Z,ccre,4,6.358583791666667,temperature
2024-01-05T00:00:00Z,ccre,5,6.338452645833334,temperature
2024-01-05T00:00:00Z,ccre,6,6.3285757361111115,temperature
2024-01-05T00:00:00Z,ccre,7,6.330521020833333,temperature
2024-01-05T00:00:00Z,ccre,8,6.325665291666667,temperature
2024-01-05T00:00:00Z,ccre,9,6.3316496875,temperature
2024-01-05T00:00:00Z,ccre,10,6.308081430555555,temperature
2024-01-05T00:00:00Z,ccre,11,6.308854576388889,temperature
2024-01-05T00:00:00Z,ccre,12,6.289852708333333,temperature
2024-01-05T00:00:00Z,ccre,13,6.611962791666667,temperature
2024-01-06T00:00:00Z,ccre,4,6.199564111111111,temperature
2024-01-06T00:00:00Z,ccre,5,6.1843722847222224,temperature
2024-01-06T00:00:00Z,ccre,6,6.180860930555555,temperature
2024-01-06T00:00:00Z,ccre,7,6.18430725,temperature
2024-01-06T00:00:00Z,ccre,8,6.181318645833334,temperature
2024-01-06T00:00:00Z,ccre,9,6.186753979166666,temperature
2024-01-06T00:00:00Z,ccre,10,6.1686748541666665,temperature
2024-01-06T00:00:00Z,ccre,11,6.174582118055556,temperature
2024-01-06T00:00:00Z,ccre,12,6.169325222222223,temperature
2024-01-06T00:00:00Z,ccre,13,6.511619520833333,temperature
2024-01-07T00:00:00Z,ccre,3,6.190966421052631,temperature
2024-01-07T00:00:00Z,ccre,4,6.191080041666667,temperature
2024-01-07T00:00:00Z,ccre,5,6.176737006944444,temperature
2024-01-07T00:00:00Z,ccre,6,6.173224701388889,temperature
2024-01-07T00:00:00Z,ccre,7,6.177820152777778,temperature
2024-01-07T00:00:00Z,ccre,8,6.174599916666667,temperature
2024-01-07T00:00:00Z,ccre,9,6.180320472222222,temperature
2024-01-07T00:00:00Z,ccre,10,6.162969104166667,temperature
2024-01-07T00:00:00Z,ccre,11,6.168964333333333,temperature
2024-01-07T00:00:00Z,ccre,12,6.162197465277778,temperature
2024-01-07T00:00:00Z,ccre,13,6.437777180555556,temperature
2024-01-08T00:00:00Z,ccre,3,6.079872921428572,temperature
2024-01-08T00:00:00Z,ccre,4,6.078650541666667,temperature
2024-01-08T00:00:00Z,ccre,5,6.054972506944444,temperature
2024-01-08T00:00:00Z,ccre,6,6.047001666666667,temperature
2024-01-08T00:00:00Z,ccre,7,6.049018152777778,temperature
2024-01-08T00:00:00Z,ccre,8,6.045234416666666,temperature
2024-01-08T00:00:00Z,ccre,9,6.050649798611111,temperature
2024-01-08T00:00:00Z,ccre,10,6.031735743055555,temperature
2024-01-08T00:00:00Z,ccre,11,6.036925305555555,temperature
2024-01-08T00:00:00Z,ccre,12,6.033231215277778,temperature
2024-01-08T00:00:00Z,ccre,13,6.343459208333333,temperature
2024-01-09T00:00:00Z,ccre,3,6.0332090138888885,temperature
2024-01-09T00:00:00Z,ccre,4,6.040439138888889,temperature
2024-01-09T00:00:00Z,ccre,5,6.0239304375,temperature
2024-01-09T00:00:00Z,ccre,6,6.018961541666667,temperature
2024-01-09T00:00:00Z,ccre,7,6.0225416180555555,temperature
2024-01-09T00:00:00Z,ccre,8,6.019796326388889,temperature
2024-01-09T00:00:00Z,ccre,9,6.026413305555556,temperature
2024-01-09T00:00:00Z,ccre,10,6.013417090277778,temperature
2024-01-09T00:00:00Z,ccre,11,6.021909909722222,temperature
2024-01-09T00:00:00Z,ccre,12,6.0295606388888885,temperature
2024-01-09T00:00:00Z,ccre,13,6.3871254097222225,temperature
2024-01-10T00:00:00Z,ccre,3,6.028792027777778,temperature
2024-01-10T00:00:00Z,ccre,4,6.0369556597222225,temperature
2024-01-10T00:00:00Z,ccre,5,6.021490034722222,temperature
2024-01-10T00:00:00Z,ccre,6,6.017453902777778,temperature
2024-01-10T00:00:00Z,ccre,7,6.020427006944445,temperature
2024-01-10T00:00:00Z,ccre,8,6.0147314722222225,temperature
2024-01-10T00:00:00Z,ccre,9,6.017987305555556,temperature
2024-01-10T00:00:00Z,ccre,10,5.997024895833333,temperature
2024-01-10T00:00:00Z,ccre,11,5.998394347222222,temperature
2024-01-10T00:00:00Z,ccre,12,5.985566625,temperature
2024-01-10T00:00:00Z,ccre,13,6.267057180555556,temperature
2024-01-11T00:00:00Z,ccre,3,5.96225525,temperature
2024-01-11T00:00:00Z,ccre,4,5.9269603194444445,temperature
2024-01-11T00:00:00Z,ccre,5,5.894484347222222,temperature
2024-01-11T00:00:00Z,ccre,6,5.8862246944444445,temperature
2024-01-11T00:00:00Z,ccre,7,5.887686569444444,temperature
2024-01-11T00:00:00Z,ccre,8,5.881391236111111,temperature
2024-01-11T00:00:00Z,ccre,9,5.883966604166667,temperature
2024-01-11T00:00:00Z,ccre,10,5.855434604166667,temperature
2024-01-11T00:00:00Z,ccre,11,5.856791118055556,temperature
2024-01-11T00:00:00Z,ccre,12,5.873127118055556,temperature
2024-01-11T00:00:00Z,ccre,13,6.251849451388889,temperature
2024-01-12T00:00:00Z,ccre,3,5.7676225486111115,temperature
2024-01-12T00:00:00Z,ccre,4,5.771007041666667,temperature
2024-01-12T00:00:00Z,ccre,5,5.752217590277778,temperature
2024-01-12T00:00:00Z,ccre,6,5.745365520833333,temperature
2024-01-12T00:00:00Z,ccre,7,5.7502375486111115,temperature
2024-01-12T00:00:00Z,ccre,8,5.751412673611111,temperature
2024-01-12T00:00:00Z,ccre,9,5.76219,temperature
2024-01-12T00:00:00Z,ccre,10,5.753537006944445,temperature
2024-01-12T00:00:00Z,ccre,11,5.763236763888889,temperature
2024-01-12T00:00:00Z,ccre,12,5.802310270833333,temperature
2024-01-12T00:00:00Z,ccre,13,6.223298944444444,temperature
2024-01-13T00:00:00Z,ccre,3,5.7179024513888885,temperature
2024-01-13T00:00:00Z,ccre,4,5.725679520833333,temperature
2024-01-13T00:00:00Z,ccre,5,5.708355277777778,temperature
2024-01-13T00:00:00Z,ccre,6,5.702366868055556,temperature
2024-01-13T00:00:00Z,ccre,7,5.7070074166666664,temperature
2024-01-13T00:00:00Z,ccre,8,5.705648777777777,temperature
2024-01-13T00:00:00Z,ccre,9,5.712736277777778,temperature
2024-01-13T00:00:00Z,ccre,10,5.694243666666667,temperature
2024-01-13T00:00:00Z,ccre,11,5.696787291666666,temperature
2024-01-13T00:00:00Z,ccre,12,5.701972256944445,temperature
2024-01-13T00:00:00Z,ccre,13,6.035961125,temperature
2024-01-14T00:00:00Z,ccre,3,5.626274284722222,temperature
2024-01-14T00:00:00Z,ccre,4,5.6330644375,temperature
2024-01-14T00:00:00Z,ccre,5,5.6169371875,temperature
2024-01-14T00:00:00Z,ccre,6,5.6128327152777775,temperature
2024-01-14T00:00:00Z,ccre,7,5.616354375,temperature
2024-01-14T00:00:00Z,ccre,8,5.614722097222222,temperature
2024-01-14T00:00:00Z,ccre,9,5.621498243055555,temperature
2024-01-14T00:00:00Z,ccre,10,5.6014011875,temperature
2024-01-14T00:00:00Z,ccre,11,5.6041168402777775,temperature
2024-01-14T00:00:00Z,ccre,12,5.5898432569444445,temperature
2024-01-14T00:00:00Z,ccre,13,5.954509263888889,temperature
2024-01-15T00:00:00Z,ccre,3,5.518621354166666,temperature
2024-01-15T00:00:00Z,ccre,4,5.528638368055556,temperature
2024-01-15T00:00:00Z,ccre,5,5.512502631944445,temperature
2024-01-15T00:00:00Z,ccre,6,5.509413597222222,temperature
2024-01-15T00:00:00Z,ccre,7,5.5138903472222225,temperature
2024-01-15T00:00:00Z,ccre,8,5.512437118055556,temperature
2024-01-15T00:00:00Z,ccre,9,5.519584854166666,temperature
2024-01-15T00:00:00Z,ccre,10,5.501795847222223,temperature
2024-01-15T00:00:00Z,ccre,11,5.5085675555555556,temperature
2024-01-15T00:00:00Z,ccre,12,5.5065154652777775,temperature
2024-01-15T00:00:00Z,ccre,13,5.958455333333333,temperature
2024-01-16T00:00:00Z,ccre,3,5.350702652777778,temperature
2024-01-16T00:00:00Z,ccre,4,5.3609705,temperature
2024-01-16T00:00:00Z,ccre,5,5.345192569444444,temperature
2024-01-16T00:00:00Z,ccre,6,5.341295229166667,temperature
2024-01-16T00:00:00Z,ccre,7,5.342085479166666,temperature
2024-01-16T00:00:00Z,ccre,8,5.3371104166666665,temperature
2024-01-16T00:00:00Z,ccre,9,5.342369638888889,temperature
2024-01-16T00:00:00Z,ccre,10,5.31884225,temperature
2024-01-16T00:00:00Z,ccre,11,5.322549569444444,temperature
2024-01-16T00:00:00Z,ccre,12,5.315646208333333,temperature
2024-01-16T00:00:00Z,ccre,13,5.816473333333334,temperature
2024-01-17T00:00:00Z,ccre,3,5.0219158125,temperature
2024-01-17T00:00:00Z,ccre,4,5.030734118055555,temperature
2024-01-17T00:00:00Z,ccre,5,5.010584715277778,temperature
2024-01-17T00:00:00Z,ccre,6,5.004406979166666,temperature
2024-01-17T00:00:00Z,ccre,7,5.003093458333334,temperature
2024-01-17T00:00:00Z,ccre,8,4.997374180555555,temperature
2024-01-17T00:00:00Z,ccre,9,5.001112381944444,temperature
2024-01-17T00:00:00Z,ccre,10,4.979901972222222,temperature
2024-01-17T00:00:00Z,ccre,11,4.984965416666666,temperature
2024-01-17T00:00:00Z,ccre,12,4.974327868055555,temperature
2024-01-17T00:00:00Z,ccre,13,5.406729951388889,temperature
2024-01-18T00:00:00Z,ccre,3,4.844313041666667,temperature
2024-01-18T00:00:00Z,ccre,4,4.850198694444445,temperature
2024-01-18T00:00:00Z,ccre,5,4.829028194444445,temperature
2024-01-18T00:00:00Z,ccre,6,4.817237618055556,temperature
2024-01-18T00:00:00Z,ccre,7,4.813905,temperature
2024-01-18T00:00:00Z,ccre,8,4.801751625,temperature
2024-01-18T00:00:00Z,ccre,9,4.800598291666667,temperature
2024-01-18T00:00:00Z,ccre,10,4.766760034722222,temperature
2024-01-18T00:00:00Z,ccre,11,4.7686974583333335,temperature
2024-01-18T00:00:00Z,ccre,12,4.759932159722222,temperature
2024-01-18T00:00:00Z,ccre,13,5.371868743055556,temperature
2024-01-19T00:00:00Z,ccre,3,4.649023402777778,temperature
2024-01-19T00:00:00Z,ccre,4,4.6580746875,temperature
2024-01-19T00:00:00Z,ccre,5,4.642222083333333,temperature
2024-01-19T00:00:00Z,ccre,6,4.637062868055556,temperature
2024-01-19T00:00:00Z,ccre,7,4.6380790902777775,temperature
2024-01-19T00:00:00Z,ccre,8,4.633668222222222,temperature
2024-01-19T00:00:00Z,ccre,9,4.637604569444444,temperature
2024-01-19T00:00:00Z,ccre,10,4.60213975,temperature
2024-01-19T00:00:00Z,ccre,11,4.5929013888888885,temperature
2024-01-19T00:00:00Z,ccre,12,4.584910826388889,temperature
2024-01-19T00:00:00Z,ccre,13,5.066696097222223,temperature
2024-01-20T00:00:00Z,ccre,3,4.2914602083333335,temperature
2024-01-20T00:00:00Z,ccre,4,4.303994013888889,temperature
2024-01-20T00:00:00Z,ccre,5,4.290397548611111,temperature
2024-01-20T00:00:00Z,ccre,6,4.287286076388889,temperature
2024-01-20T00:00:00Z,ccre,7,4.290280854166666,temperature
2024-01-20T00:00:00Z,ccre,8,4.288472423611111,temperature
2024-01-20T00:00:00Z,ccre,9,4.294446881944444,temperature
2024-01-20T00:00:00Z,ccre,10,4.2664413125,temperature
2024-01-20T00:00:00Z,ccre,11,4.269555375,temperature
2024-01-20T00:00:00Z,ccre,12,4.268232527777778,temperature
2024-01-20T00:00:00Z,ccre,13,4.571963576388889,temperature
2024-01-21T00:00:00Z,ccre,3,3.860781756944444,temperature
2024-01-21T00:00:00Z,ccre,4,3.875822847222222,temperature
2024-01-21T00:00:00Z,ccre,5,3.8602879166666666,temperature
2024-01-21T00:00:00Z,ccre,6,3.853910006944445,temperature
2024-01-21T00:00:00Z,ccre,7,3.8529635138888887,temperature
2024-01-21T00:00:00Z,ccre,8,3.853291534722222,temperature
2024-01-21T00:00:00Z,ccre,9,3.862604722222222,temperature
2024-01-21T00:00:00Z,ccre,10,3.838763034722222,temperature
2024-01-21T00:00:00Z,ccre,11,3.8451690277777777,temperature
2024-01-21T00:00:00Z,ccre,12,3.8536183680555554,temperature
2024-01-21T00:00:00Z,ccre,13,4.279087,temperature
2024-01-22T00:00:00Z,ccre,3,3.412658638888889,temperature
2024-01-22T00:00:00Z,ccre,4,3.445286013888889,temperature
2024-01-22T00:00:00Z,ccre,5,3.445095173611111,temperature
2024-01-22T00:00:00Z,ccre,6,3.4490593611111113,temperature
2024-01-22T00:00:00Z,ccre,7,3.4652014097222223,temperature
2024-01-22T00:00:00Z,ccre,8,3.5065459652777777,temperature
2024-01-22T00:00:00Z,ccre,9,3.5461183680555557,temperature
2024-01-22T00:00:00Z,ccre,10,3.6072266388888887,temperature
2024-01-22T00:00:00Z,ccre,11,3.665124180555555,temperature
2024-01-22T00:00:00Z,ccre,12,3.787203,temperature
2024-01-22T00:00:00Z,ccre,13,4.3694255625,temperature
2024-01-23T00:00:00Z,ccre,3,3.4774805285714288,temperature
2024-01-23T00:00:00Z,ccre,4,3.5707272878787877,temperature
2024-01-23T00:00:00Z,ccre,5,3.5558584772727273,temperature
2024-01-23T00:00:00Z,ccre,6,3.5491232196969698,temperature
2024-01-23T00:00:00Z,ccre,7,3.553318681818182,temperature
2024-01-23T00:00:00Z,ccre,8,3.55249075,temperature
2024-01-23T00:00:00Z,ccre,9,3.565155787878788,temperature
2024-01-23T00:00:00Z,ccre,10,3.565341666666667,temperature
2024-01-23T00:00:00Z,ccre,11,3.5954891060606062,temperature
2024-01-23T00:00:00Z,ccre,12,3.7031435303030302,temperature
2024-01-23T00:00:00Z,ccre,13,4.0784637272727275,temperature
2024-01-24T00:00:00Z,ccre,3,4.036421531468531,temperature
2024-01-24T00:00:00Z,ccre,4,3.9943984791666662,temperature
2024-01-24T00:00:00Z,ccre,5,3.945485819444445,temperature
2024-01-24T00:00:00Z,ccre,6,3.9170332708333335,temperature
2024-01-24T00:00:00Z,ccre,7,3.9071044097222223,temperature
2024-01-24T00:00:00Z,ccre,8,3.8696509305555553,temperature
2024-01-24T00:00:00Z,ccre,9,3.8477013541666665,temperature
2024-01-24T00:00:00Z,ccre,10,3.791202923611111,temperature
2024-01-24T00:00:00Z,ccre,11,3.7750048402777776,temperature
2024-01-24T00:00:00Z,ccre,12,3.7588084722222224,temperature
2024-01-24T00:00:00Z,ccre,13,3.8096952777777777,temperature
2024-01-25T00:00:00Z,ccre,3,4.707839111111111,temperature
2024-01-25T00:00:00Z,ccre,4,4.485356777777778,temperature
2024-01-25T00:00:00Z,ccre,5,4.143761652777778,temperature
2024-01-25T00:00:00Z,ccre,6,3.9800280902777776,temperature
2024-01-25T00:00:00Z,ccre,7,3.887239854166667,temperature
2024-01-25T00:00:00Z,ccre,8,3.820381326388889,temperature
2024-01-25T00:00:00Z,ccre,9,3.808327097222222,temperature
2024-01-25T00:00:00Z,ccre,10,3.7885775833333337,temperature
2024-01-25T00:00:00Z,ccre,11,3.8097556944444446,temperature
2024-01-25T00:00:00Z,ccre,12,3.833012569444445,temperature
2024-01-25T00:00:00Z,ccre,13,3.8629452708333334,temperature
2024-01-26T00:00:00Z,ccre,3,4.954373194444445,temperature
2024-01-26T00:00:00Z,ccre,4,4.641447430555556,temperature
2024-01-26T00:00:00Z,ccre,5,4.4174245,temperature
2024-01-26T00:00:00Z,ccre,6,4.2828101527777775,temperature
2024-01-26T00:00:00Z,ccre,7,4.1821824375,temperature
2024-01-26T00:00:00Z,ccre,8,4.097393409722223,temperature
2024-01-26T00:00:00Z,ccre,9,4.030744506944444,temperature
2024-01-26T00:00:00Z,ccre,10,3.948921784722222,temperature
2024-01-26T00:00:00Z,ccre,11,3.909595881944445,temperature
2024-01-26T00:00:00Z,ccre,12,3.786460625,temperature
2024-01-26T00:00:00Z,ccre,13,3.7943903333333338,temperature
2024-01-27T00:00:00Z,ccre,3,4.535283916666667,temperature
2024-01-27T00:00:00Z,ccre,4,4.468424618055556,temperature
2024-01-27T00:00:00Z,ccre,5,4.4173812083333335,temperature
2024-01-27T00:00:00Z,ccre,6,4.361306902777778,temperature
2024-01-27T00:00:00Z,ccre,7,4.307439743055555,temperature
2024-01-27T00:00:00Z,ccre,8,4.228897430555556,temperature
2024-01-27T00:00:00Z,ccre,9,4.1458726875,temperature
2024-01-27T00:00:00Z,ccre,10,3.9385788472222223,temperature
2024-01-27T00:00:00Z,ccre,11,3.8723358333333335,temperature
2024-01-27T00:00:00Z,ccre,12,3.8374764791666665,temperature
2024-01-27T00:00:00Z,ccre,13,3.8617591527777777,temperature
2024-01-28T00:00:00Z,ccre,2,5.0006325,temperature
2024-01-28T00:00:00Z,ccre,3,4.987973270833334,temperature
2024-01-28T00:00:00Z,ccre,4,4.8452054375,temperature
2024-01-28T00:00:00Z,ccre,5,4.712461819444444,temperature
2024-01-28T00:00:00Z,ccre,6,4.624431986111111,temperature
2024-01-28T00:00:00Z,ccre,7,4.585761104166667,temperature
2024-01-28T00:00:00Z,ccre,8,4.524989583333333,temperature
2024-01-28T00:00:00Z,ccre,9,4.493603958333333,temperature
2024-01-28T00:00:00Z,ccre,10,4.373018444444445,temperature
2024-01-28T00:00:00Z,ccre,11,4.282705069444445,temperature
2024-01-28T00:00:00Z,ccre,12,4.0538380625,temperature
2024-01-28T00:00:00Z,ccre,13,3.9782019166666664,temperature
2024-01-29T00:00:00Z,ccre,2,4.654816486111111,temperature
2024-01-29T00:00:00Z,ccre,3,4.6703844652777775,temperature
2024-01-29T00:00:00Z,ccre,4,4.6723207986111115,temperature
2024-01-29T00:00:00Z,ccre,5,4.6574261805555555,temperature
2024-01-29T00:00:00Z,ccre,6,4.654100993055556,temperature
2024-01-29T00:00:00Z,ccre,7,4.656362694444445,temperature
2024-01-29T00:00:00Z,ccre,8,4.651650833333333,temperature
2024-01-29T00:00:00Z,ccre,9,4.658050263888889,temperature
2024-01-29T00:00:00Z,ccre,10,4.633129486111111,temperature
2024-01-29T00:00:00Z,ccre,11,4.634412909722222,temperature
2024-01-29T00:00:00Z,ccre,12,4.571827555555555,temperature
2024-01-29T00:00:00Z,ccre,13,4.554471111111111,temperature
2024-01-30T00:00:00Z,ccre,2,4.545298423611111,temperature
2024-01-30T00:00:00Z,ccre,3,4.554757805555556,temperature
2024-01-30T00:00:00Z,ccre,4,4.553619076388889,temperature
2024-01-30T00:00:00Z,ccre,5,4.530591263888889,temperature
2024-01-30T00:00:00Z,ccre,6,4.519662923611111,temperature
2024-01-30T00:00:00Z,ccre,7,4.512574020833333,temperature
2024-01-30T00:00:00Z,ccre,8,4.499845180555556,temperature
2024-01-30T00:00:00Z,ccre,9,4.488305784722222,temperature
2024-01-30T00:00:00Z,ccre,10,4.441378201388889,temperature
2024-01-30T00:00:00Z,ccre,11,4.426815048611111,temperature
2024-01-30T00:00:00Z,ccre,12,4.328095486111111,temperature
2024-01-30T00:00:00Z,ccre,13,4.3488300625,temperature
2024-01-31T00:00:00Z,ccre,2,4.8126984791666665,temperature
2024-01-31T00:00:00Z,ccre,3,4.823124527777778,temperature
2024-01-31T00:00:00Z,ccre,4,4.819270833333333,temperature
2024-01-31T00:00:00Z,ccre,5,4.796373305555555,temperature
2024-01-31T00:00:00Z,ccre,6,4.785187548611111,temperature
2024-01-31T00:00:00Z,ccre,7,4.7767301458333336,temperature
2024-01-31T00:00:00Z,ccre,8,4.749036069444444,temperature
2024-01-31T00:00:00Z,ccre,9,4.7420901805555555,temperature
2024-01-31T00:00:00Z,ccre,10,4.670180638888889,temperature
2024-01-31T00:00:00Z,ccre,11,4.653597854166667,temperature
2024-01-31T00:00:00Z,ccre,12,4.501368534722222,temperature
2024-01-31T00:00:00Z,ccre,13,4.492847638888889,temperature
2024-02-01T00:00:00Z,ccre,2,4.929848951388889,temperature
2024-02-01T00:00:00Z,ccre,3,4.916571888888889,temperature
2024-02-01T00:00:00Z,ccre,4,4.901225604166667,temperature
2024-02-01T00:00:00Z,ccre,5,4.873082416666667,temperature
2024-02-01T00:00:00Z,ccre,6,4.833913715277777,temperature
2024-02-01T00:00:00Z,ccre,7,4.8005235,temperature
2024-02-01T00:00:00Z,ccre,8,4.733740041666667,temperature
2024-02-01T00:00:00Z,ccre,9,4.6817551875,temperature
2024-02-01T00:00:00Z,ccre,10,4.586408326388889,temperature
2024-02-01T00:00:00Z,ccre,11,4.5575238888888885,temperature
2024-02-01T00:00:00Z,ccre,12,4.460222833333333,temperature
2024-02-01T00:00:00Z,ccre,13,4.484215347222222,temperature
2024-02-02T00:00:00Z,ccre,2,5.275418763888889,temperature
2024-02-02T00:00:00Z,ccre,3,5.27810575,temperature
2024-02-02T00:00:00Z,ccre,4,5.219979986111111,temperature
2024-02-02T00:00:00Z,ccre,5,5.181014347222222,temperature
2024-02-02T00:00:00Z,ccre,6,5.132483090277778,temperature
2024-02-02T00:00:00Z,ccre,7,5.1096778333333335,temperature
2024-02-02T00:00:00Z,ccre,8,5.0593229375,temperature
2024-02-02T00:00:00Z,ccre,9,5.000204875,temperature
2024-02-02T00:00:00Z,ccre,10,4.871875055555556,temperature
2024-02-02T00:00:00Z,ccre,11,4.841706944444445,temperature
2024-02-02T00:00:00Z,ccre,12,4.739335520833333,temperature
2024-02-02T00:00:00Z,ccre,13,4.720221118055555,temperature
2024-02-03T00:00:00Z,ccre,2,5.202480034722222,temperature
2024-02-03T00:00:00Z,ccre,3,5.1476249375,temperature
2024-02-03T00:00:00Z,ccre,4,5.1152544791666665,temperature
2024-02-03T00:00:00Z,ccre,5,5.086897895833333,temperature
2024-02-03T00:00:00Z,ccre,6,5.070571881944445,temperature
2024-02-03T00:00:00Z,ccre,7,5.065843055555556,temperature
2024-02-03T00:00:00Z,ccre,8,5.055183736111111,temperature
2024-02-03T00:00:00Z,ccre,9,5.044868833333333,temperature
2024-02-03T00:00:00Z,ccre,10,4.943189381944444,temperature
2024-02-03T00:00:00Z,ccre,11,4.913645388888889,temperature
2024-02-03T00:00:00Z,ccre,12,4.744539819444444,temperature
2024-02-03T00:00:00Z,ccre,13,4.737179201388889,temperature
2024-02-04T00:00:00Z,ccre,2,5.630247305555556,temperature
2024-02-04T00:00:00Z,ccre,3,5.504523104166666,temperature
2024-02-04T00:00:00Z,ccre,4,5.4342286388888885,temperature
2024-02-04T00:00:00Z,ccre,5,5.35867325,temperature
2024-02-04T00:00:00Z,ccre,6,5.306933888888889,temperature
2024-02-04T00:00:00Z,ccre,7,5.2583011875,temperature
2024-02-04T00:00:00Z,ccre,8,5.187921472222222,temperature
2024-02-04T00:00:00Z,ccre,9,5.140468993055555,temperature
2024-02-04T00:00:00Z,ccre,10,4.9756201875,temperature
2024-02-04T00:00:00Z,ccre,11,4.9166676875,temperature
2024-02-04T00:00:00Z,ccre,12,4.739611458333333,temperature
2024-02-04T00:00:00Z,ccre,13,4.734195,temperature
2024-02-05T00:00:00Z,ccre,2,5.2349295555555555,temperature
2024-02-05T00:00:00Z,ccre,3,5.2131062777777775,temperature
2024-02-05T00:00:00Z,ccre,4,5.201523791666666,temperature
2024-02-05T00:00:00Z,ccre,5,5.169736173611111,temperature
2024-02-05T00:00:00Z,ccre,6,5.1564709861111115,temperature
2024-02-05T00:00:00Z,ccre,7,5.144285173611111,temperature
2024-02-05T00:00:00Z,ccre,8,5.1128713125,temperature
2024-02-05T00:00:00Z,ccre,9,5.0818139930555555,temperature
2024-02-05T00:00:00Z,ccre,10,4.9523910763888885,temperature
2024-02-05T00:00:00Z,ccre,11,4.895202201388889,temperature
2024-02-05T00:00:00Z,ccre,12,4.740993034722222,temperature
2024-02-05T00:00:00Z,ccre,13,4.765702472222222,temperature
2024-02-06T00:00:00Z,ccre,2,5.065115368055555,temperature
2024-02-06T00:00:00Z,ccre,3,5.081007125,temperature
2024-02-06T00:00:00Z,ccre,4,5.076139569444444,temperature
2024-02-06T00:00:00Z,ccre,5,5.057515215277777,temperature
2024-02-06T00:00:00Z,ccre,6,5.053046298611111,temperature
2024-02-06T00:00:00Z,ccre,7,5.053692444444445,temperature
2024-02-06T00:00:00Z,ccre,8,5.04683425,temperature
2024-02-06T00:00:00Z,ccre,9,5.0492464375,temperature
2024-02-06T00:00:00Z,ccre,10,4.9818928611111115,temperature
2024-02-06T00:00:00Z,ccre,11,4.951833944444444,temperature
2024-02-06T00:00:00Z,ccre,12,4.848203840277778,temperature
2024-02-06T00:00:00Z,ccre,13,4.944348854166667,temperature
2024-02-07T00:00:00Z,ccre,2,5.2607294583333335,temperature
2024-02-07T00:00:00Z,ccre,3,5.251755305555555,temperature
2024-02-07T00:00:00Z,ccre,4,5.246063180555556,temperature
2024-02-07T00:00:00Z,ccre,5,5.228507701388889,temperature
2024-02-07T00:00:00Z,ccre,6,5.2253455833333335,temperature
2024-02-07T00:00:00Z,ccre,7,5.228070319444445,temperature
2024-02-07T00:00:00Z,ccre,8,5.222962416666666,temperature
2024-02-07T00:00:00Z,ccre,9,5.2291658125,temperature
2024-02-07T00:00:00Z,ccre,10,5.201774527777777,temperature
2024-02-07T00:00:00Z,ccre,11,5.1971716875,temperature
2024-02-07T00:00:00Z,ccre,12,5.139057986111111,temperature
2024-02-07T00:00:00Z,ccre,13,5.133361791666666,temperature
2024-02-08T00:00:00Z,ccre,2,5.450351069444444,temperature
2024-02-08T00:00:00Z,ccre,3,5.377806277777778,temperature
2024-02-08T00:00:00Z,ccre,4,5.356350104166666,temperature
2024-02-08T00:00:00Z,ccre,5,5.313831875,temperature
2024-02-08T00:00:00Z,ccre,6,5.278119833333333,temperature
2024-02-08T00:00:00Z,ccre,7,5.253087743055556,temperature
2024-02-08T00:00:00Z,ccre,8,5.2171100416666665,temperature
2024-02-08T00:00:00Z,ccre,9,5.206401763888889,temperature
2024-02-08T00:00:00Z,ccre,10,5.162144493055555,temperature
2024-02-08T00:00:00Z,ccre,11,5.152064375,temperature
2024-02-08T00:00:00Z,ccre,12,5.048759006944445,temperature
2024-02-08T00:00:00Z,ccre,13,5.182456916666666,temperature
2024-02-09T00:00:00Z,ccre,2,5.557070131944444,temperature
2024-02-09T00:00:00Z,ccre,3,5.531226229166666,temperature
2024-02-09T00:00:00Z,ccre,4,5.500650993055555,temperature
2024-02-09T00:00:00Z,ccre,5,5.434580256944445,temperature
2024-02-09T00:00:00Z,ccre,6,5.315061104166666,temperature
2024-02-09T00:00:00Z,ccre,7,5.139119381944444,temperature
2024-02-09T00:00:00Z,ccre,8,5.094182479166666,temperature
2024-02-09T00:00:00Z,ccre,9,5.0934233819444446,temperature
2024-02-09T00:00:00Z,ccre,10,5.083544590277778,temperature
2024-02-09T00:00:00Z,ccre,11,5.089293715277778,temperature
2024-02-09T00:00:00Z,ccre,12,5.102936159722222,temperature
2024-02-09T00:00:00Z,ccre,13,5.206393291666666,temperature
2024-02-10T00:00:00Z,ccre,2,5.614185930555555,temperature
2024-02-10T00:00:00Z,ccre,3,5.603329923611111,temperature
2024-02-10T00:00:00Z,ccre,4,5.573974722222222,temperature
2024-02-10T00:00:00Z,ccre,5,5.476725611111111,temperature
2024-02-10T00:00:00Z,ccre,6,5.303227715277778,temperature
2024-02-10T00:00:00Z,ccre,7,5.209401402777778,temperature
2024-02-10T00:00:00Z,ccre,8,5.156460618055555,temperature
2024-02-10T00:00:00Z,ccre,9,5.1225659652777775,temperature
2024-02-10T00:00:00Z,ccre,10,5.084404958333334,temperature
2024-02-10T00:00:00Z,ccre,11,5.0921261875,temperature
2024-02-10T00:00:00Z,ccre,12,5.101475138888889,temperature
2024-02-10T00:00:00Z,ccre,13,5.167752541666666,temperature
2024-02-11T00:00:00Z,ccre,2,5.757843631944445,temperature
2024-02-11T00:00:00Z,ccre,3,5.602810680555556,temperature
2024-02-11T00:00:00Z,ccre,4,5.443527388888889,temperature
2024-02-11T00:00:00Z,ccre,5,5.352523527777778,temperature
2024-02-11T00:00:00Z,ccre,6,5.2949866736111115,temperature
2024-02-11T00:00:00Z,ccre,7,5.222613583333334,temperature
2024-02-11T00:00:00Z,ccre,8,5.147375694444444,temperature
2024-02-11T00:00:00Z,ccre,9,5.119586465277778,temperature
2024-02-11T00:00:00Z,ccre,10,5.085327263888889,temperature
2024-02-11T00:00:00Z,ccre,11,5.085801333333333,temperature
2024-02-11T00:00:00Z,ccre,12,5.0792469166666665,temperature
2024-02-11T00:00:00Z,ccre,13,5.194975909722222,temperature
2024-02-12T00:00:00Z,ccre,2,6.704449680555555,temperature
2024-02-12T00:00:00Z,ccre,3,6.016909,temperature
2024-02-12T00:00:00Z,ccre,4,5.788461416666666,temperature
2024-02-12T00:00:00Z,ccre,5,5.634566131944444,temperature
2024-02-12T00:00:00Z,ccre,6,5.538366513888889,temperature
2024-02-12T00:00:00Z,ccre,7,5.439994965277778,temperature
2024-02-12T00:00:00Z,ccre,8,5.3329905972222225,temperature
2024-02-12T00:00:00Z,ccre,9,5.254554916666667,temperature
2024-02-12T00:00:00Z,ccre,10,5.175916395833333,temperature
2024-02-12T00:00:00Z,ccre,11,5.164037270833333,temperature
2024-02-12T00:00:00Z,ccre,12,5.133781791666666,temperature
2024-02-12T00:00:00Z,ccre,13,5.2113405833333335,temperature
2024-02-13T00:00:00Z,ccre,2,6.199055923611112,temperature
2024-02-13T00:00:00Z,ccre,3,6.1404698402777775,temperature
2024-02-13T00:00:00Z,ccre,4,6.126586,temperature
2024-02-13T00:00:00Z,ccre,5,6.083514298611111,temperature
2024-02-13T00:00:00Z,ccre,6,6.047974,temperature
2024-02-13T00:00:00Z,ccre,7,6.008138361111111,temperature
2024-02-13T00:00:00Z,ccre,8,5.967595520833333,temperature
2024-02-13T00:00:00Z,ccre,9,5.903074229166666,temperature
2024-02-13T00:00:00Z,ccre,10,5.70476125,temperature
2024-02-13T00:00:00Z,ccre,11,5.650653118055556,temperature
2024-02-13T00:00:00Z,ccre,12,5.419137472222222,temperature
2024-02-13T00:00:00Z,ccre,13,5.445827034722222,temperature
2024-02-14T00:00:00Z,ccre,2,6.210879152777777,temperature
2024-02-14T00:00:00Z,ccre,3,6.221499694444445,temperature
2024-02-14T00:00:00Z,ccre,4,6.2161220763888885,temperature
2024-02-14T00:00:00Z,ccre,5,6.191534166666667,temperature
2024-02-14T00:00:00Z,ccre,6,6.1812215833333335,temperature
2024-02-14T00:00:00Z,ccre,7,6.176064548611111,temperature
2024-02-14T00:00:00Z,ccre,8,6.165988472222222,temperature
2024-02-14T00:00:00Z,ccre,9,6.154470229166667,temperature
2024-02-14T00:00:00Z,ccre,10,6.0117636319444445,temperature
2024-02-14T00:00:00Z,ccre,11,5.884207979166667,temperature
2024-02-14T00:00:00Z,ccre,12,5.595439423611111,temperature
2024-02-14T00:00:00Z,ccre,13,5.4452925,temperature
2024-02-15T00:00:00Z,ccre,2,6.229318527777778,temperature
2024-02-15T00:00:00Z,ccre,3,6.187120347222222,temperature
2024-02-15T00:00:00Z,ccre,4,6.147776902777778,temperature
2024-02-15T00:00:00Z,ccre,5,6.1098034652777775,temperature
2024-02-15T00:00:00Z,ccre,6,6.075604270833334,temperature
2024-02-15T00:00:00Z,ccre,7,6.0437863125,temperature
2024-02-15T00:00:00Z,ccre,8,6.006381270833334,temperature
2024-02-15T00:00:00Z,ccre,9,5.973300270833334,temperature
2024-02-15T00:00:00Z,ccre,10,5.834122930555556,temperature
2024-02-15T00:00:00Z,ccre,11,5.8158916666666665,temperature
2024-02-15T00:00:00Z,ccre,12,5.716064631944445,temperature
2024-02-15T00:00:00Z,ccre,13,5.649281965277778,temperature
2024-02-16T00:00:00Z,ccre,2,6.107251638888889,temperature
2024-02-16T00:00:00Z,ccre,3,6.106386125,temperature
2024-02-16T00:00:00Z,ccre,4,6.098447583333333,temperature
2024-02-16T00:00:00Z,ccre,5,6.075580368055555,temperature
2024-02-16T00:00:00Z,ccre,6,6.056654555555555,temperature
2024-02-16T00:00:00Z,ccre,7,6.048453381944444,temperature
2024-02-16T00:00:00Z,ccre,8,6.027097451388889,temperature
2024-02-16T00:00:00Z,ccre,9,5.998072034722222,temperature
2024-02-16T00:00:00Z,ccre,10,5.921823229166667,temperature
2024-02-16T00:00:00Z,ccre,11,5.907839,temperature
2024-02-16T00:00:00Z,ccre,12,5.745387090277778,temperature
2024-02-16T00:00:00Z,ccre,13,5.7043768055555555,temperature
2024-02-17T00:00:00Z,ccre,1,5.960425025641026,temperature
2024-02-17T00:00:00Z,ccre,2,6.020634270833333,temperature
2024-02-17T00:00:00Z,ccre,3,6.0364665069444445,temperature
2024-02-17T00:00:00Z,ccre,4,6.038826798611111,temperature
2024-02-17T00:00:00Z,ccre,5,6.023394034722222,temperature
2024-02-17T00:00:00Z,ccre,6,6.0200983125,temperature
2024-02-17T00:00:00Z,ccre,7,6.022055506944445,temperature
2024-02-17T00:00:00Z,ccre,8,6.017498375,temperature
2024-02-17T00:00:00Z,ccre,9,6.022775354166667,temperature
2024-02-17T00:00:00Z,ccre,10,5.996998666666666,temperature
2024-02-17T00:00:00Z,ccre,11,5.996310291666667,temperature
2024-02-17T00:00:00Z,ccre,12,5.981095805555555,temperature
2024-02-17T00:00:00Z,ccre,13,6.002858625,temperature
2024-02-18T00:00:00Z,ccre,1,5.937135868055556,temperature
2024-02-18T00:00:00Z,ccre,2,5.940061104166666,temperature
2024-02-18T00:00:00Z,ccre,3,5.9527803680555555,temperature
2024-02-18T00:00:00Z,ccre,4,5.952114465277778,temperature
2024-02-18T00:00:00Z,ccre,5,5.933843590277778,temperature
2024-02-18T00:00:00Z,ccre,6,5.925888854166667,temperature
2024-02-18T00:00:00Z,ccre,7,5.927735583333333,temperature
2024-02-18T00:00:00Z,ccre,8,5.9207809375,temperature
2024-02-18T00:00:00Z,ccre,9,5.919873756944445,temperature
2024-02-18T00:00:00Z,ccre,10,5.8871641875,temperature
2024-02-18T00:00:00Z,ccre,11,5.889276479166667,temperature
2024-02-18T00:00:00Z,ccre,12,5.875569,temperature
2024-02-18T00:00:00Z,ccre,13,5.900288625,temperature
2024-02-19T00:00:00Z,ccre,1,5.936053138888889,temperature
2024-02-19T00:00:00Z,ccre,2,5.8887818124999995,temperature
2024-02-19T00:00:00Z,ccre,3,5.896658125,temperature
2024-02-19T00:00:00Z,ccre,4,5.888420881944445,temperature
2024-02-19T00:00:00Z,ccre,5,5.871552243055556,temperature
2024-02-19T00:00:00Z,ccre,6,5.866990340277778,temperature
2024-02-19T00:00:00Z,ccre,7,5.871661506944444,temperature
2024-02-19T00:00:00Z,ccre,8,5.8687078263888885,temperature
2024-02-19T00:00:00Z,ccre,9,5.872801173611111,temperature
2024-02-19T00:00:00Z,ccre,10,5.812878694444445,temperature
2024-02-19T00:00:00Z,ccre,11,5.806625333333334,temperature
2024-02-19T00:00:00Z,ccre,12,5.757675319444444,temperature
2024-02-19T00:00:00Z,ccre,13,5.774835263888889,temperature
2024-02-20T00:00:00Z,ccre,1,6.259113020833333,temperature
2024-02-20T00:00:00Z,ccre,2,6.1842531874999995,temperature
2024-02-20T00:00:00Z,ccre,3,6.149851659722223,temperature
2024-02-20T00:00:00Z,ccre,4,6.130449854166667,temperature
2024-02-20T00:00:00Z,ccre,5,6.099090736111111,temperature
2024-02-20T00:00:00Z,ccre,6,6.054002506944444,temperature
2024-02-20T00:00:00Z,ccre,7,6.011866,temperature
2024-02-20T00:00:00Z,ccre,8,5.945421152777778,temperature
2024-02-20T00:00:00Z,ccre,9,5.859174263888889,temperature
2024-02-20T00:00:00Z,ccre,10,5.757462555555556,temperature
2024-02-20T00:00:00Z,ccre,11,5.757812854166667,temperature
2024-02-20T00:00:00Z,ccre,12,5.724967451388889,temperature
2024-02-20T00:00:00Z,ccre,13,5.724940111111111,temperature
2024-02-21T00:00:00Z,ccre,1,6.0152163680555555,temperature
2024-02-21T00:00:00Z,ccre,2,5.9687346875,temperature
2024-02-21T00:00:00Z,ccre,3,5.977424138888889,temperature
2024-02-21T00:00:00Z,ccre,4,5.9663399097222225,temperature
2024-02-21T00:00:00Z,ccre,5,5.945338104166667,temperature
2024-02-21T00:00:00Z,ccre,6,5.92924875,temperature
2024-02-21T00:00:00Z,ccre,7,5.9154871875,temperature
2024-02-21T00:00:00Z,ccre,8,5.888368805555555,temperature
2024-02-21T00:00:00Z,ccre,9,5.874315006944444,temperature
2024-02-21T00:00:00Z,ccre,10,5.835918145833333,temperature
2024-02-21T00:00:00Z,ccre,11,5.8325029375,temperature
2024-02-21T00:00:00Z,ccre,12,5.781799256944445,temperature
2024-02-21T00:00:00Z,ccre,13,5.769666361111111,temperature
2024-02-22T00:00:00Z,ccre,1,6.504803708333333,temperature
2024-02-22T00:00:00Z,ccre,2,6.364433451388889,temperature
2024-02-22T00:00:00Z,ccre,3,6.175295520833333,temperature
2024-02-22T00:00:00Z,ccre,4,6.077160854166666,temperature
2024-02-22T00:00:00Z,ccre,5,5.9842448472222225,temperature
2024-02-22T00:00:00Z,ccre,6,5.931707361111111,temperature
2024-02-22T00:00:00Z,ccre,7,5.922017347222222,temperature
2024-02-22T00:00:00Z,ccre,8,5.894049027777778,temperature
2024-02-22T00:00:00Z,ccre,9,5.865172638888889,temperature
2024-02-22T00:00:00Z,ccre,10,5.809152965277778,temperature
2024-02-22T00:00:00Z,ccre,11,5.811587131944444,temperature
2024-02-22T00:00:00Z,ccre,12,5.794031284722222,temperature
2024-02-22T00:00:00Z,ccre,13,5.8188062361111115,temperature
2024-02-23T00:00:00Z,ccre,1,6.539334111111111,temperature
2024-02-23T00:00:00Z,ccre,2,6.517913131944445,temperature
2024-02-23T00:00:00Z,ccre,3,6.474465020833334,temperature
2024-02-23T00:00:00Z,ccre,4,6.412337368055556,temperature
2024-02-23T00:00:00Z,ccre,5,6.3137795625,temperature
2024-02-23T00:00:00Z,ccre,6,6.277297125,temperature
2024-02-23T00:00:00Z,ccre,7,6.2668814374999995,temperature
2024-02-23T00:00:00Z,ccre,8,6.230059034722222,temperature
2024-02-23T00:00:00Z,ccre,9,6.115993881944444,temperature
2024-02-23T00:00:00Z,ccre,10,5.944347770833334,temperature
2024-02-23T00:00:00Z,ccre,11,5.901261604166667,temperature
2024-02-23T00:00:00Z,ccre,12,5.833183854166666,temperature
2024-02-23T00:00:00Z,ccre,13,5.93456625,temperature
2024-02-24T00:00:00Z,ccre,1,6.588321006944445,temperature
2024-02-24T00:00:00Z,ccre,2,6.610206333333333,temperature
2024-02-24T00:00:00Z,ccre,3,6.621007479166667,temperature
2024-02-24T00:00:00Z,ccre,4,6.621020819444444,temperature
2024-02-24T00:00:00Z,ccre,5,6.6039599791666665,temperature
2024-02-24T00:00:00Z,ccre,6,6.599795819444444,temperature
2024-02-24T00:00:00Z,ccre,7,6.6003616944444445,temperature
2024-02-24T00:00:00Z,ccre,8,6.591949868055556,temperature
2024-02-24T00:00:00Z,ccre,9,6.578890895833333,temperature
2024-02-24T00:00:00Z,ccre,10,6.3828913541666665,temperature
2024-02-24T00:00:00Z,ccre,11,6.326721548611111,temperature
2024-02-24T00:00:00Z,ccre,12,6.145635111111111,temperature
2024-02-24T00:00:00Z,ccre,13,6.121897972222222,temperature
2024-02-25T00:00:00Z,ccre,1,6.462839048611111,temperature
2024-02-25T00:00:00Z,ccre,2,6.4248813125,temperature
2024-02-25T00:00:00Z,ccre,3,6.427473006944444,temperature
2024-02-25T00:00:00Z,ccre,4,6.411907979166666,temperature
2024-02-25T00:00:00Z,ccre,5,6.388151090277778,temperature
2024-02-25T00:00:00Z,ccre,6,6.3787545,temperature
2024-02-25T00:00:00Z,ccre,7,6.375905743055555,temperature
2024-02-25T00:00:00Z,ccre,8,6.3594788541666665,temperature
2024-02-25T00:00:00Z,ccre,9,6.3513403819444445,temperature
2024-02-25T00:00:00Z,ccre,10,6.294699277777778,temperature
2024-02-25T00:00:00Z,ccre,11,6.257928125,temperature
2024-02-25T00:00:00Z,ccre,12,6.145723701388889,temperature
2024-02-25T00:00:00Z,ccre,13,6.121864041666667,temperature
2024-02-26T00:00:00Z,ccre,1,6.976164666666667,temperature
2024-02-26T00:00:00Z,ccre,2,6.886064090277777,temperature
2024-02-26T00:00:00Z,ccre,3,6.776351236111111,temperature
2024-02-26T00:00:00Z,ccre,4,6.634118791666666,temperature
2024-02-26T00:00:00Z,ccre,5,6.486940965277777,temperature
2024-02-26T00:00:00Z,ccre,6,6.3960451944444445,temperature
2024-02-26T00:00:00Z,ccre,7,6.316236458333333,temperature
2024-02-26T00:00:00Z,ccre,8,6.262410888888889,temperature
2024-02-26T00:00:00Z,ccre,9,6.234303298611111,temperature
2024-02-26T00:00:00Z,ccre,10,6.16913875,temperature
2024-02-26T00:00:00Z,ccre,11,6.1545213125,temperature
2024-02-26T00:00:00Z,ccre,12,6.1035543472222225,temperature
2024-02-26T00:00:00Z,ccre,13,6.132998722222222,temperature
2024-02-27T00:00:00Z,ccre,1,6.744510201388889,temperature
2024-02-27T00:00:00Z,ccre,2,6.610278631944444,temperature
2024-02-27T00:00:00Z,ccre,3,6.564459402777778,temperature
2024-02-27T00:00:00Z,ccre,4,6.518698722222222,temperature
2024-02-27T00:00:00Z,ccre,5,6.421502152777777,temperature
2024-02-27T00:00:00Z,ccre,6,6.357691604166667,temperature
2024-02-27T00:00:00Z,ccre,7,6.322024590277778,temperature
2024-02-27T00:00:00Z,ccre,8,6.2814888125,temperature
2024-02-27T00:00:00Z,ccre,9,6.2613563125,temperature
2024-02-27T00:00:00Z,ccre,10,6.21243175,temperature
2024-02-27T00:00:00Z,ccre,11,6.197520083333333,temperature
2024-02-27T00:00:00Z,ccre,12,6.1324013125,temperature
2024-02-27T00:00:00Z,ccre,13,6.141426909722222,temperature
2024-02-28T00:00:00Z,ccre,1,7.179892847222222,temperature
2024-02-28T00:00:00Z,ccre,2,7.07011975,temperature
2024-02-28T00:00:00Z,ccre,3,6.977919201388889,temperature
2024-02-28T00:00:00Z,ccre,4,6.803492416666667,temperature
2024-02-28T00:00:00Z,ccre,5,6.651039715277777,temperature
2024-02-28T00:00:00Z,ccre,6,6.589969611111111,temperature
2024-02-28T00:00:00Z,ccre,7,6.5540684375,temperature
2024-02-28T00:00:00Z,ccre,8,6.525092152777778,temperature
2024-02-28T00:00:00Z,ccre,9,6.5196804375,temperature
2024-02-28T00:00:00Z,ccre,10,6.4872511875,temperature
2024-02-28T00:00:00Z,ccre,11,6.4838796875,temperature
2024-02-28T00:00:00Z,ccre,12,6.418073395833334,temperature
2024-02-28T00:00:00Z,ccre,13,6.3666972430555555,temperature
2024-02-29T00:00:00Z,ccre,1,6.9873200833333335,temperature
2024-02-29T00:00:00Z,ccre,2,6.995772395833334,temperature
2024-02-29T00:00:00Z,ccre,3,7.003841145833333,temperature
2024-02-29T00:00:00Z,ccre,4,6.978072256944444,temperature
2024-02-29T00:00:00Z,ccre,5,6.885145097222222,temperature
2024-02-29T00:00:00Z,ccre,6,6.714315729166667,temperature
2024-02-29T00:00:00Z,ccre,7,6.633030555555556,temperature
2024-02-29T00:00:00Z,ccre,8,6.582852756944445,temperature
2024-02-29T00:00:00Z,ccre,9,6.528348861111112,temperature
2024-02-29T00:00:00Z,ccre,10,6.4338706666666665,temperature
2024-02-29T00:00:00Z,ccre,11,6.420320895833333,temperature
2024-02-29T00:00:00Z,ccre,12,6.392483472222223,temperature
2024-02-29T00:00:00Z,ccre,13,6.400666493055556,temperature
2024-03-01T00:00:00Z,ccre,1,7.067242465277777,temperature
2024-03-01T00:00:00Z,ccre,2,7.040117826388889,temperature
2024-03-01T00:00:00Z,ccre,3,7.028239243055555,temperature
2024-03-01T00:00:00Z,ccre,4,6.988013770833334,temperature
2024-03-01T00:00:00Z,ccre,5,6.9230508819444445,temperature
2024-03-01T00:00:00Z,ccre,6,6.875116548611111,temperature
2024-03-01T00:00:00Z,ccre,7,6.814348381944445,temperature
2024-03-01T00:00:00Z,ccre,8,6.756607875,temperature
2024-03-01T00:00:00Z,ccre,9,6.7021534375,temperature
2024-03-01T00:00:00Z,ccre,10,6.550303736111111,temperature
2024-03-01T00:00:00Z,ccre,11,6.525096159722223,temperature
2024-03-01T00:00:00Z,ccre,12,6.450982368055556,temperature
2024-03-01T00:00:00Z,ccre,13,6.337646819444444,temperature
2024-03-02T00:00:00Z,ccre,1,7.402019076388889,temperature
2024-03-02T00:00:00Z,ccre,2,7.241139069444444,temperature
2024-03-02T00:00:00Z,ccre,3,7.043192034722222,temperature
2024-03-02T00:00:00Z,ccre,4,6.997911479166667,temperature
2024-03-02T00:00:00Z,ccre,5,6.942333638888889,temperature
2024-03-02T00:00:00Z,ccre,6,6.894110138888889,temperature
2024-03-02T00:00:00Z,ccre,7,6.853690659722222,temperature
2024-03-02T00:00:00Z,ccre,8,6.8219886319444445,temperature
2024-03-02T00:00:00Z,ccre,9,6.7876679513888885,temperature
2024-03-02T00:00:00Z,ccre,10,6.676176291666667,temperature
2024-03-02T00:00:00Z,ccre,11,6.649510458333333,temperature
2024-03-02T00:00:00Z,ccre,12,6.488242652777778,temperature
2024-03-02T00:00:00Z,ccre,13,6.409375673611111,temperature
2024-03-03T00:00:00Z,ccre,1,8.135461722222223,temperature
2024-03-03T00:00:00Z,ccre,2,7.769257506944444,temperature
2024-03-03T00:00:00Z,ccre,3,7.2172054305555555,temperature
2024-03-03T00:00:00Z,ccre,4,7.096403263888889,temperature
2024-03-03T00:00:00Z,ccre,5,7.00592375,temperature
2024-03-03T00:00:00Z,ccre,6,6.948153152777778,temperature
2024-03-03T00:00:00Z,ccre,7,6.869134868055555,temperature
2024-03-03T00:00:00Z,ccre,8,6.7858072569444445,temperature
2024-03-03T00:00:00Z,ccre,9,6.723316722222222,temperature
2024-03-03T00:00:00Z,ccre,10,6.613934770833334,temperature
2024-03-03T00:00:00Z,ccre,11,6.577868722222222,temperature
2024-03-03T00:00:00Z,ccre,12,6.445153534722222,temperature
2024-03-03T00:00:00Z,ccre,13,6.415922965277778,temperature
2024-03-04T00:00:00Z,ccre,1,8.001620326388888,temperature
2024-03-04T00:00:00Z,ccre,2,7.686112006944445,temperature
2024-03-04T00:00:00Z,ccre,3,7.1521123125,temperature
2024-03-04T00:00:00Z,ccre,4,6.983574930555555,temperature
2024-03-04T00:00:00Z,ccre,5,6.874850833333333,temperature
2024-03-04T00:00:00Z,ccre,6,6.788450763888889,temperature
2024-03-04T00:00:00Z,ccre,7,6.712267069444445,temperature
2024-03-04T00:00:00Z,ccre,8,6.6599953888888885,temperature
2024-03-04T00:00:00Z,ccre,9,6.621706180555556,temperature
2024-03-04T00:00:00Z,ccre,10,6.523686263888889,temperature
2024-03-04T00:00:00Z,ccre,11,6.502895555555556,temperature
2024-03-04T00:00:00Z,ccre,12,6.444069215277778,temperature
2024-03-04T00:00:00Z,ccre,13,6.453622763888889,temperature
2024-03-05T00:00:00Z,ccre,1,8.920486784722222,temperature
2024-03-05T00:00:00Z,ccre,2,7.821911993055555,temperature
2024-03-05T00:00:00Z,ccre,3,7.144075111111111,temperature
2024-03-05T00:00:00Z,ccre,4,6.982733548611111,temperature
2024-03-05T00:00:00Z,ccre,5,6.856841583333334,temperature
2024-03-05T00:00:00Z,ccre,6,6.783681993055556,temperature
2024-03-05T00:00:00Z,ccre,7,6.722773576388889,temperature
2024-03-05T00:00:00Z,ccre,8,6.675936979166667,temperature
2024-03-05T00:00:00Z,ccre,9,6.640106125,temperature
2024-03-05T00:00:00Z,ccre,10,6.562191368055555,temperature
2024-03-05T00:00:00Z,ccre,11,6.5383457569444445,temperature
2024-03-05T00:00:00Z,ccre,12,6.4836400138888886,temperature
2024-03-05T00:00:00Z,ccre,13,6.4941003125,temperature
2024-03-06T00:00:00Z,ccre,1,8.953712597222221,temperature
2024-03-06T00:00:00Z,ccre,2,7.974636423611111,temperature
2024-03-06T00:00:00Z,ccre,3,7.410660923611111,temperature
2024-03-06T00:00:00Z,ccre,4,7.0545034375,temperature
2024-03-06T00:00:00Z,ccre,5,6.904360916666667,temperature
2024-03-06T00:00:00Z,ccre,6,6.818451097222222,temperature
2024-03-06T00:00:00Z,ccre,7,6.747357222222222,temperature
2024-03-06T00:00:00Z,ccre,8,6.683517826388889,temperature
2024-03-06T00:00:00Z,ccre,9,6.643135215277778,temperature
2024-03-06T00:00:00Z,ccre,10,6.556066652777778,temperature
2024-03-06T00:00:00Z,ccre,11,6.542255770833333,temperature
2024-03-06T00:00:00Z,ccre,12,6.504704743055556,temperature
2024-03-06T00:00:00Z,ccre,13,6.533635,temperature
2024-03-07T00:00:00Z,ccre,1,10.799686875,temperature
2024-03-07T00:00:00Z,ccre,2,9.645132236111111,temperature
2024-03-07T00:00:00Z,ccre,3,8.798966222222223,temperature
2024-03-07T00:00:00Z,ccre,4,7.833024166666666,temperature
2024-03-07T00:00:00Z,ccre,5,7.298735694444445,temperature
2024-03-07T00:00:00Z,ccre,6,7.042188347222222,temperature
2024-03-07T00:00:00Z,ccre,7,6.888633069444444,temperature
2024-03-07T00:00:00Z,ccre,8,6.792567979166667,temperature
2024-03-07T00:00:00Z,ccre,9,6.740223368055555,temperature
2024-03-07T00:00:00Z,ccre,10,6.625036451388889,temperature
2024-03-07T00:00:00Z,ccre,11,6.5941915625,temperature
2024-03-07T00:00:00Z,ccre,12,6.5125342222222224,temperature
2024-03-07T00:00:00Z,ccre,13,6.64858025,temperature
2024-03-08T00:00:00Z,ccre,1,9.548889020833334,temperature
2024-03-08T00:00:00Z,ccre,2,8.600259013888888,temperature
2024-03-08T00:00:00Z,ccre,3,7.395867291666667,temperature
2024-03-08T00:00:00Z,ccre,4,7.016648333333333,temperature
2024-03-08T00:00:00Z,ccre,5,6.871310055555556,temperature
2024-03-08T00:00:00Z,ccre,6,6.783156277777778,temperature
2024-03-08T00:00:00Z,ccre,7,6.725458763888889,temperature
2024-03-08T00:00:00Z,ccre,8,6.675514784722222,temperature
2024-03-08T00:00:00Z,ccre,9,6.629465472222222,temperature
2024-03-08T00:00:00Z,ccre,10,6.543289319444445,temperature
2024-03-08T00:00:00Z,ccre,11,6.531846944444444,temperature
2024-03-08T00:00:00Z,ccre,12,6.511607847222222,temperature
2024-03-08T00:00:00Z,ccre,13,6.694355604166667,temperature
2024-03-09T00:00:00Z,ccre,1,8.851280993055555,temperature
2024-03-09T00:00:00Z,ccre,2,8.5080301875,temperature
2024-03-09T00:00:00Z,ccre,3,8.1112450625,temperature
2024-03-09T00:00:00Z,ccre,4,7.856198430555556,temperature
2024-03-09T00:00:00Z,ccre,5,7.418138298611111,temperature
2024-03-09T00:00:00Z,ccre,6,7.163410416666666,temperature
2024-03-09T00:00:00Z,ccre,7,6.980462354166667,temperature
2024-03-09T00:00:00Z,ccre,8,6.924678951388889,temperature
2024-03-09T00:00:00Z,ccre,9,6.839371104166666,temperature
2024-03-09T00:00:00Z,ccre,10,6.701703576388889,temperature
2024-03-09T00:00:00Z,ccre,11,6.678234034722222,temperature
2024-03-09T00:00:00Z,ccre,12,6.597879798611111,temperature
2024-03-09T00:00:00Z,ccre,13,6.64314075,temperature
2024-03-10T00:00:00Z,ccre,1,8.813996715277778,temperature
2024-03-10T00:00:00Z,ccre,2,8.836963493055556,temperature
2024-03-10T00:00:00Z,ccre,3,8.848452805555556,temperature
2024-03-10T00:00:00Z,ccre,4,8.815447430555556,temperature
2024-03-10T00:00:00Z,ccre,5,8.711472333333333,temperature
2024-03-10T00:00:00Z,ccre,6,8.323134583333333,temperature
2024-03-10T00:00:00Z,ccre,7,7.757651527777778,temperature
2024-03-10T00:00:00Z,ccre,8,7.5108867777777775,temperature
2024-03-10T00:00:00Z,ccre,9,7.320782590277778,temperature
2024-03-10T00:00:00Z,ccre,10,7.021128701388888,temperature
2024-03-10T00:00:00Z,ccre,11,6.9340266875,temperature
2024-03-10T00:00:00Z,ccre,12,6.750985618055555,temperature
2024-03-10T00:00:00Z,ccre,13,6.752005006944445,temperature
2024-03-11T00:00:00Z,ccre,1,9.018963902777775,temperature
2024-03-11T00:00:00Z,ccre,2,9.019961659722222,temperature
2024-03-11T00:00:00Z,ccre,3,9.013582243055556,temperature
2024-03-11T00:00:00Z,ccre,4,8.9237801875,temperature
2024-03-11T00:00:00Z,ccre,5,8.83282875,temperature
2024-03-11T00:00:00Z,ccre,6,8.706844972222223,temperature
2024-03-11T00:00:00Z,ccre,7,8.55658125,temperature
2024-03-11T00:00:00Z,ccre,8,8.354154326388889,temperature
2024-03-11T00:00:00Z,ccre,9,8.0836239375,temperature
2024-03-11T00:00:00Z,ccre,10,7.857734375,temperature
2024-03-11T00:00:00Z,ccre,11,7.732577597222222,temperature
2024-03-11T00:00:00Z,ccre,12,7.141675027777778,temperature
2024-03-11T00:00:00Z,ccre,13,6.882867916666667,temperature
2024-03-12T00:00:00Z,ccre,1,8.961499340277777,temperature
2024-03-12T00:00:00Z,ccre,2,8.866822131944444,temperature
2024-03-12T00:00:00Z,ccre,3,8.738075659722222,temperature
2024-03-12T00:00:00Z,ccre,4,8.53610798611111,temperature
2024-03-12T00:00:00Z,ccre,5,8.340912430555555,temperature
2024-03-12T00:00:00Z,ccre,6,8.269217493055555,temperature
2024-03-12T00:00:00Z,ccre,7,8.161275284722223,temperature
2024-03-12T00:00:00Z,ccre,8,7.979730222222222,temperature
2024-03-12T00:00:00Z,ccre,9,7.873960270833333,temperature
2024-03-12T00:00:00Z,ccre,10,7.595660263888889,temperature
2024-03-12T00:00:00Z,ccre,11,7.445201597222222,temperature
2024-03-12T00:00:00Z,ccre,12,7.030623923611111,temperature
2024-03-12T00:00:00Z,ccre,13,6.9107946875,temperature
2024-03-13T00:00:00Z,ccre,1,9.577754951388888,temperature
2024-03-13T00:00:00Z,ccre,2,8.810609430555555,temperature
2024-03-13T00:00:00Z,ccre,3,8.573165243055556,temperature
2024-03-13T00:00:00Z,ccre,4,8.428448576388888,temperature
2024-03-13T00:00:00Z,ccre,5,8.151775597222223,temperature
2024-03-13T00:00:00Z,ccre,6,8.03929311111111,temperature
2024-03-13T00:00:00Z,ccre,7,7.950814222222222,temperature
2024-03-13T00:00:00Z,ccre,8,7.831323986111111,temperature
2024-03-13T00:00:00Z,ccre,9,7.719114840277777,temperature
2024-03-13T00:00:00Z,ccre,10,7.447014819444444,temperature
2024-03-13T00:00:00Z,ccre,11,7.372458055555556,temperature
2024-03-13T00:00:00Z,ccre,12,7.128818895833334,temperature
2024-03-13T00:00:00Z,ccre,13,6.955952034722222,temperature
2024-03-14T00:00:00Z,ccre,1,9.617895618055556,temperature
2024-03-14T00:00:00Z,ccre,2,9.062818979166666,temperature
2024-03-14T00:00:00Z,ccre,3,8.800931944444445,temperature
2024-03-14T00:00:00Z,ccre,4,8.437649659722222,temperature
2024-03-14T00:00:00Z,ccre,5,8.1697529652777785,temperature
2024-03-14T00:00:00Z,ccre,6,7.9842977430555555,temperature
2024-03-14T00:00:00Z,ccre,7,7.803906506944444,temperature
2024-03-14T00:00:00Z,ccre,8,7.674534631944445,temperature
2024-03-14T00:00:00Z,ccre,9,7.590354819444444,temperature
2024-03-14T00:00:00Z,ccre,10,7.451000131944444,temperature
2024-03-14T00:00:00Z,ccre,11,7.408304791666667,temperature
2024-03-14T00:00:00Z,ccre,12,7.203768305555555,temperature
2024-03-14T00:00:00Z,ccre,13,6.957261520833334,temperature
2024-03-15T00:00:00Z,ccre,1,10.245967013888889,temperature
2024-03-15T00:00:00Z,ccre,2,9.742565326388888,temperature
2024-03-15T00:00:00Z,ccre,3,9.126312263888888,temperature
2024-03-15T00:00:00Z,ccre,4,8.3614677777777775,temperature
2024-03-15T00:00:00Z,ccre,5,8.08265695138889,temperature
2024-03-15T00:00:00Z,ccre,6,7.9295855625,temperature
2024-03-15T00:00:00Z,ccre,7,7.809862527777778,temperature
2024-03-15T00:00:00Z,ccre,8,7.715732472222222,temperature
2024-03-15T00:00:00Z,ccre,9,7.655938395833333,temperature
2024-03-15T00:00:00Z,ccre,10,7.488902784722222,temperature
2024-03-15T00:00:00Z,ccre,11,7.410179479166667,temperature
2024-03-15T00:00:00Z,ccre,12,7.1351461875,temperature
2024-03-15T00:00:00Z,ccre,13,7.007085104166666,temperature
2024-03-16T00:00:00Z,ccre,1,11.476283541666666,temperature
2024-03-16T00:00:00Z,ccre,2,10.744308541666667,temperature
2024-03-16T00:00:00Z,ccre,3,10.502510222222222,temperature
2024-03-16T00:00:00Z,ccre,4,10.015627152777778,temperature
2024-03-16T00:00:00Z,ccre,5,9.34482457638889,temperature
2024-03-16T00:00:00Z,ccre,6,8.555859993055556,temperature
2024-03-16T00:00:00Z,ccre,7,8.170205451388888,temperature
2024-03-16T00:00:00Z,ccre,8,7.971844340277777,temperature
2024-03-16T00:00:00Z,ccre,9,7.810507756944444,temperature
2024-03-16T00:00:00Z,ccre,10,7.553415715277778,temperature
2024-03-16T00:00:00Z,ccre,11,7.482372222222223,temperature
2024-03-16T00:00:00Z,ccre,12,7.183540708333333,temperature
2024-03-16T00:00:00Z,ccre,13,7.099653805555556,temperature
2024-03-17T00:00:00Z,ccre,1,10.681146458333334,temperature
2024-03-17T00:00:00Z,ccre,2,10.156817770833332,temperature
2024-03-17T00:00:00Z,ccre,3,9.3166920625,temperature
2024-03-17T00:00:00Z,ccre,4,8.699978291666666,temperature
2024-03-17T00:00:00Z,ccre,5,8.37531045138889,temperature
2024-03-17T00:00:00Z,ccre,6,8.095167923611111,temperature
2024-03-17T00:00:00Z,ccre,7,7.8867215625,temperature
2024-03-17T00:00:00Z,ccre,8,7.749493486111112,temperature
2024-03-17T00:00:00Z,ccre,9,7.605971833333333,temperature
2024-03-17T00:00:00Z,ccre,10,7.400954701388889,temperature
2024-03-17T00:00:00Z,ccre,11,7.352718326388889,temperature
2024-03-17T00:00:00Z,ccre,12,7.207594520833333,temperature
2024-03-17T00:00:00Z,ccre,13,7.164858875,temperature
2024-03-18T00:00:00Z,ccre,1,10.766139166666669,temperature
2024-03-18T00:00:00Z,ccre,2,10.786528402777778,temperature
2024-03-18T00:00:00Z,ccre,3,10.793224444444444,temperature
2024-03-18T00:00:00Z,ccre,4,10.758056111111111,temperature
2024-03-18T00:00:00Z,ccre,5,10.705483958333334,temperature
2024-03-18T00:00:00Z,ccre,6,10.5515879375,temperature
2024-03-18T00:00:00Z,ccre,7,10.162463993055557,temperature
2024-03-18T00:00:00Z,ccre,8,9.532921895833333,temperature
2024-03-18T00:00:00Z,ccre,9,8.772529375,temperature
2024-03-18T00:00:00Z,ccre,10,8.114083763888889,temperature
2024-03-18T00:00:00Z,ccre,11,7.941948243055555,temperature
2024-03-18T00:00:00Z,ccre,12,7.513274131944445,temperature
2024-03-18T00:00:00Z,ccre,13,7.336392631944444,temperature
2024-03-19T00:00:00Z,ccre,1,10.453626111111111,temperature
2024-03-19T00:00:00Z,ccre,2,10.447215375,temperature
2024-03-19T00:00:00Z,ccre,3,10.42820176388889,temperature
2024-03-19T00:00:00Z,ccre,4,10.386220583333332,temperature
2024-03-19T00:00:00Z,ccre,5,10.237111881944443,temperature
2024-03-19T00:00:00Z,ccre,6,9.967734680555555,temperature
2024-03-19T00:00:00Z,ccre,7,9.721449222222224,temperature
2024-03-19T00:00:00Z,ccre,8,9.34320529861111,temperature
2024-03-19T00:00:00Z,ccre,9,8.963055826388889,temperature
2024-03-19T00:00:00Z,ccre,10,7.778890201388889,temperature
2024-03-19T00:00:00Z,ccre,11,7.525775402777778,temperature
2024-03-19T00:00:00Z,ccre,12,7.325079104166667,temperature
2024-03-19T00:00:00Z,ccre,13,7.324074416666667,temperature
2024-03-20T00:00:00Z,ccre,1,9.603518388888888,temperature
2024-03-20T00:00:00Z,ccre,2,9.611911583333333,temperature
2024-03-20T00:00:00Z,ccre,3,9.611491458333331,temperature
2024-03-20T00:00:00Z,ccre,4,9.57848701388889,temperature
2024-03-20T00:00:00Z,ccre,5,9.503006381944443,temperature
2024-03-20T00:00:00Z,ccre,6,9.340671125,temperature
2024-03-20T00:00:00Z,ccre,7,8.977383118055556,temperature
2024-03-20T00:00:00Z,ccre,8,8.673288090277778,temperature
2024-03-20T00:00:00Z,ccre,9,8.426317645833333,temperature
2024-03-20T00:00:00Z,ccre,10,8.0455284375,temperature
2024-03-20T00:00:00Z,ccre,11,7.915367097222222,temperature
2024-03-20T00:00:00Z,ccre,12,7.539768173611111,temperature
2024-03-20T00:00:00Z,ccre,13,7.406654298611112,temperature
2024-03-21T00:00:00Z,ccre,1,10.333587534722222,temperature
2024-03-21T00:00:00Z,ccre,2,10.306977972222224,temperature
2024-03-21T00:00:00Z,ccre,3,10.213195965277778,temperature
2024-03-21T00:00:00Z,ccre,4,9.767145159722222,temperature
2024-03-21T00:00:00Z,ccre,5,9.632312756944444,temperature
2024-03-21T00:00:00Z,ccre,6,9.567556152777778,temperature
2024-03-21T00:00:00Z,ccre,7,9.483122340277776,temperature
2024-03-21T00:00:00Z,ccre,8,9.254419694444444,temperature
2024-03-21T00:00:00Z,ccre,9,9.148956506944444,temperature
2024-03-21T00:00:00Z,ccre,10,8.795549805555556,temperature
2024-03-21T00:00:00Z,ccre,11,8.617640159722223,temperature
2024-03-21T00:00:00Z,ccre,12,7.841101229166666,temperature
2024-03-21T00:00:00Z,ccre,13,7.572094986111111,temperature
2024-03-22T00:00:00Z,ccre,1,10.566258541666668,temperature
2024-03-22T00:00:00Z,ccre,2,10.4136774375,temperature
2024-03-22T00:00:00Z,ccre,3,10.234535305555555,temperature
2024-03-22T00:00:00Z,ccre,4,9.979839125,temperature
2024-03-22T00:00:00Z,ccre,5,9.676094909722222,temperature
2024-03-22T00:00:00Z,ccre,6,9.52802638888889,temperature
2024-03-22T00:00:00Z,ccre,7,9.252399319444445,temperature
2024-03-22T00:00:00Z,ccre,8,8.934594347222223,temperature
2024-03-22T00:00:00Z,ccre,9,8.670870041666667,temperature
2024-03-22T00:00:00Z,ccre,10,8.200149895833334,temperature
2024-03-22T00:00:00Z,ccre,11,7.9918972847222225,temperature
2024-03-22T00:00:00Z,ccre,12,7.642107020833333,temperature
2024-03-22T00:00:00Z,ccre,13,7.560814944444444,temperature
2024-03-23T00:00:00Z,ccre,1,10.64274625,temperature
2024-03-23T00:00:00Z,ccre,2,10.653360347222222,temperature
2024-03-23T00:00:00Z,ccre,3,10.606138340277775,temperature
2024-03-23T00:00:00Z,ccre,4,10.568776333333334,temperature
2024-03-23T00:00:00Z,ccre,5,10.51248411111111,temperature
2024-03-23T00:00:00Z,ccre,6,10.434352138888888,temperature
2024-03-23T00:00:00Z,ccre,7,10.313854256944444,temperature
2024-03-23T00:00:00Z,ccre,8,10.121067729166668,temperature
2024-03-23T00:00:00Z,ccre,9,9.92534467361111,temperature
2024-03-23T00:00:00Z,ccre,10,9.263103854166667,temperature
2024-03-23T00:00:00Z,ccre,11,8.895916465277777,temperature
2024-03-23T00:00:00Z,ccre,12,8.024654979166666,temperature
2024-03-23T00:00:00Z,ccre,13,7.682262611111111,temperature
2024-03-24T00:00:00Z,ccre,1,10.536136597222225,temperature
2024-03-24T00:00:00Z,ccre,2,10.499313680555556,temperature
2024-03-24T00:00:00Z,ccre,3,10.467613333333333,temperature
2024-03-24T00:00:00Z,ccre,4,10.440602152777778,temperature
2024-03-24T00:00:00Z,ccre,5,10.399441319444444,temperature
2024-03-24T00:00:00Z,ccre,6,10.367481944444444,temperature
2024-03-24T00:00:00Z,ccre,7,10.327794166666669,temperature
2024-03-24T00:00:00Z,ccre,8,10.249680166666666,temperature
2024-03-24T00:00:00Z,ccre,9,10.044760597222222,temperature
2024-03-24T00:00:00Z,ccre,10,9.231743784722225,temperature
2024-03-24T00:00:00Z,ccre,11,8.552072895833334,temperature
2024-03-24T00:00:00Z,ccre,12,7.770180173611111,temperature
2024-03-24T00:00:00Z,ccre,13,7.665070381944444,temperature
2024-03-25T00:00:00Z,ccre,1,10.486088069444444,temperature
2024-03-25T00:00:00Z,ccre,2,10.4055480625,temperature
2024-03-25T00:00:00Z,ccre,3,10.340161166666666,temperature
2024-03-25T00:00:00Z,ccre,4,10.226171506944445,temperature
2024-03-25T00:00:00Z,ccre,5,10.02646886111111,temperature
2024-03-25T00:00:00Z,ccre,6,9.82637625,temperature
2024-03-25T00:00:00Z,ccre,7,9.524618965277778,temperature
2024-03-25T00:00:00Z,ccre,8,9.168016875,temperature
2024-03-25T00:00:00Z,ccre,9,8.971327694444444,temperature
2024-03-25T00:00:00Z,ccre,10,8.692730180555555,temperature
2024-03-25T00:00:00Z,ccre,11,8.550692388888889,temperature
2024-03-25T00:00:00Z,ccre,12,8.049504180555555,temperature
2024-03-25T00:00:00Z,ccre,13,7.751492833333334,temperature
2024-03-26T00:00:00Z,ccre,1,10.291435270833333,temperature
2024-03-26T00:00:00Z,ccre,2,10.250729069444445,temperature
2024-03-26T00:00:00Z,ccre,3,10.09349413888889,temperature
2024-03-26T00:00:00Z,ccre,4,9.833918777777775,temperature
2024-03-26T00:00:00Z,ccre,5,9.620913395833334,temperature
2024-03-26T00:00:00Z,ccre,6,9.532814465277776,temperature
2024-03-26T00:00:00Z,ccre,7,9.471148,temperature
2024-03-26T00:00:00Z,ccre,8,9.416474347222222,temperature
2024-03-26T00:00:00Z,ccre,9,9.318977583333334,temperature
2024-03-26T00:00:00Z,ccre,10,9.144476152777775,temperature
2024-03-26T00:00:00Z,ccre,11,8.751455541666667,temperature
2024-03-26T00:00:00Z,ccre,12,7.848963020833334,temperature
2024-03-26T00:00:00Z,ccre,13,7.737793972222222,temperature
2024-03-27T00:00:00Z,ccre,1,10.399577888888889,temperature
2024-03-27T00:00:00Z,ccre,2,10.351991319444444,temperature
2024-03-27T00:00:00Z,ccre,3,10.268835875,temperature
2024-03-27T00:00:00Z,ccre,4,10.206875861111111,temperature
2024-03-27T00:00:00Z,ccre,5,10.076253756944444,temperature
2024-03-27T00:00:00Z,ccre,6,9.980907694444443,temperature
2024-03-27T00:00:00Z,ccre,7,9.884861527777778,temperature
2024-03-27T00:00:00Z,ccre,8,9.726631888888887,temperature
2024-03-27T00:00:00Z,ccre,9,9.500504784722224,temperature
2024-03-27T00:00:00Z,ccre,10,8.737290923611111,temperature
2024-03-27T00:00:00Z,ccre,11,8.497814597222222,temperature
2024-03-27T00:00:00Z,ccre,12,7.932975513888889,temperature
2024-03-27T00:00:00Z,ccre,13,7.765599131944445,temperature
2024-03-28T00:00:00Z,ccre,1,11.102365486111111,temperature
2024-03-28T00:00:00Z,ccre,2,11.043857222222222,temperature
2024-03-28T00:00:00Z,ccre,3,10.880917708333332,temperature
2024-03-28T00:00:00Z,ccre,4,10.827143055555556,temperature
2024-03-28T00:00:00Z,ccre,5,10.763331305555557,temperature
2024-03-28T00:00:00Z,ccre,6,10.699900784722225,temperature
2024-03-28T00:00:00Z,ccre,7,10.501652125,temperature
2024-03-28T00:00:00Z,ccre,8,10.114867736111112,temperature
2024-03-28T00:00:00Z,ccre,9,9.785095506944444,temperature
2024-03-28T00:00:00Z,ccre,10,9.217460430555557,temperature
2024-03-28T00:00:00Z,ccre,11,9.056148277777778,temperature
2024-03-28T00:00:00Z,ccre,12,8.38256048611111,temperature
2024-03-28T00:00:00Z,ccre,13,7.824823993055555,temperature
2024-03-29T00:00:00Z,ccre,1,11.17424298611111,temperature
2024-03-29T00:00:00Z,ccre,2,11.187989444444444,temperature
2024-03-29T00:00:00Z,ccre,3,11.194359097222222,temperature
2024-03-29T00:00:00Z,ccre,4,11.159081805555555,temperature
2024-03-29T00:00:00Z,ccre,5,11.09927423611111,temperature
2024-03-29T00:00:00Z,ccre,6,11.026655694444443,temperature
2024-03-29T00:00:00Z,ccre,7,10.919384166666667,temperature
2024-03-29T00:00:00Z,ccre,8,10.565188444444445,temperature
2024-03-29T00:00:00Z,ccre,9,10.009366576388889,temperature
2024-03-29T00:00:00Z,ccre,10,9.132920166666668,temperature
2024-03-29T00:00:00Z,ccre,11,8.853809291666666,temperature
2024-03-29T00:00:00Z,ccre,12,8.212556652777778,temperature
2024-03-29T00:00:00Z,ccre,13,7.917831048611111,temperature
2024-03-30T00:00:00Z,ccre,1,11.014326083916083,temperature
2024-03-30T00:00:00Z,ccre,2,10.972364405594403,temperature
2024-03-30T00:00:00Z,ccre,3,10.9414293006993,temperature
2024-03-30T00:00:00Z,ccre,4,10.862991398601398,temperature
2024-03-30T00:00:00Z,ccre,5,10.75030055944056,temperature
2024-03-30T00:00:00Z,ccre,6,10.572100874125876,temperature
2024-03-30T00:00:00Z,ccre,7,10.3756336993007,temperature
2024-03-30T00:00:00Z,ccre,8,10.15163227972028,temperature
2024-03-30T00:00:00Z,ccre,9,9.933550132867133,temperature
2024-03-30T00:00:00Z,ccre,10,9.234494538461538,temperature
2024-03-30T00:00:00Z,ccre,11,8.89746565034965,temperature
2024-03-30T00:00:00Z,ccre,12,8.211625734265734,temperature
2024-03-30T00:00:00Z,ccre,13,7.985778398601399,temperature
2024-03-31T00:00:00Z,ccre,1,11.36866048611111,temperature
2024-03-31T00:00:00Z,ccre,2,11.255598611111113,temperature
2024-03-31T00:00:00Z,ccre,3,11.123487986111112,temperature
2024-03-31T00:00:00Z,ccre,4,10.983810694444443,temperature
2024-03-31T00:00:00Z,ccre,5,10.858521111111113,temperature
2024-03-31T00:00:00Z,ccre,6,10.738707222222224,temperature
2024-03-31T00:00:00Z,ccre,7,10.604100416666666,temperature
2024-03-31T00:00:00Z,ccre,8,10.464437013888888,temperature
2024-03-31T00:00:00Z,ccre,9,10.31358457638889,temperature
2024-03-31T00:00:00Z,ccre,10,9.914925020833332,temperature
2024-03-31T00:00:00Z,ccre,11,9.5409136875,temperature
2024-03-31T00:00:00Z,ccre,12,8.390752361111112,temperature
2024-03-31T00:00:00Z,ccre,13,8.130796194444445,temperature
2024-04-01T00:00:00Z,ccre,1,12.079207638888889,temperature
2024-04-01T00:00:00Z,ccre,2,11.979255555555556,temperature
2024-04-01T00:00:00Z,ccre,3,11.590515902777778,temperature
2024-04-01T00:00:00Z,ccre,4,11.404231736111113,temperature
2024-04-01T00:00:00Z,ccre,5,11.218665694444445,temperature
2024-04-01T00:00:00Z,ccre,6,10.937034305555557,temperature
2024-04-01T00:00:00Z,ccre,7,10.66978357638889,temperature
2024-04-01T00:00:00Z,ccre,8,10.36912332638889,temperature
2024-04-01T00:00:00Z,ccre,9,10.041273284722225,temperature
2024-04-01T00:00:00Z,ccre,10,9.351723590277778,temperature
2024-04-01T00:00:00Z,ccre,11,9.130714444444443,temperature
2024-04-01T00:00:00Z,ccre,12,8.477066284722222,temperature
2024-04-01T00:00:00Z,ccre,13,8.133833201388889,temperature
2024-04-02T00:00:00Z,ccre,1,12.4095275,temperature
2024-04-02T00:00:00Z,ccre,2,11.760414097222222,temperature
2024-04-02T00:00:00Z,ccre,3,11.367677916666668,temperature
2024-04-02T00:00:00Z,ccre,4,11.113483888888888,temperature
2024-04-02T00:00:00Z,ccre,5,10.947757569444445,temperature
2024-04-02T00:00:00Z,ccre,6,10.797265347222222,temperature
2024-04-02T00:00:00Z,ccre,7,10.673751944444444,temperature
2024-04-02T00:00:00Z,ccre,8,10.502489097222222,temperature
2024-04-02T00:00:00Z,ccre,9,10.205824291666667,temperature
2024-04-02T00:00:00Z,ccre,10,9.591927145833331,temperature
2024-04-02T00:00:00Z,ccre,11,9.305674479166669,temperature
2024-04-02T00:00:00Z,ccre,12,8.36611470138889,temperature
2024-04-02T00:00:00Z,ccre,13,8.154317395833333,temperature
2024-04-03T00:00:00Z,ccre,1,12.607717342657343,temperature
2024-04-03T00:00:00Z,ccre,2,12.258234335664335,temperature
2024-04-03T00:00:00Z,ccre,3,11.888835594405595,temperature
2024-04-03T00:00:00Z,ccre,4,11.674846573426574,temperature
2024-04-03T00:00:00Z,ccre,5,11.436352097902098,temperature
2024-04-03T00:00:00Z,ccre,6,11.16419902097902,temperature
2024-04-03T00:00:00Z,ccre,7,10.824937041958044,temperature
2024-04-03T00:00:00Z,ccre,8,10.410722251748252,temperature
2024-04-03T00:00:00Z,ccre,9,10.05913067132867,temperature
2024-04-03T00:00:00Z,ccre,10,9.424164706293706,temperature
2024-04-03T00:00:00Z,ccre,11,9.142747356643357,temperature
2024-04-03T00:00:00Z,ccre,12,8.4324326013986,temperature
2024-04-03T00:00:00Z,ccre,13,8.191749440559441,temperature
2024-04-04T00:00:00Z,ccre,1,12.129476527777776,temperature
2024-04-04T00:00:00Z,ccre,2,12.081733055555556,temperature
2024-04-04T00:00:00Z,ccre,3,11.969689652777776,temperature
2024-04-04T00:00:00Z,ccre,4,11.557228194444445,temperature
2024-04-04T00:00:00Z,ccre,5,11.298688194444445,temperature
2024-04-04T00:00:00Z,ccre,6,11.046325833333333,temperature
2024-04-04T00:00:00Z,ccre,7,10.712537965277775,temperature
2024-04-04T00:00:00Z,ccre,8,10.34059704861111,temperature
2024-04-04T00:00:00Z,ccre,9,9.957961138888887,temperature
2024-04-04T00:00:00Z,ccre,10,9.395343034722222,temperature
2024-04-04T00:00:00Z,ccre,11,9.152455430555555,temperature
2024-04-04T00:00:00Z,ccre,12,8.584937791666666,temperature
2024-04-04T00:00:00Z,ccre,13,8.31892095138889,temperature
2024-04-05T00:00:00Z,ccre,1,11.91408,temperature
2024-04-05T00:00:00Z,ccre,2,11.934202569444444,temperature
2024-04-05T00:00:00Z,ccre,3,11.943745069444445,temperature
2024-04-05T00:00:00Z,ccre,4,11.93151173611111,temperature
2024-04-05T00:00:00Z,ccre,5,11.873673680555555,temperature
2024-04-05T00:00:00Z,ccre,6,11.638611180555555,temperature
2024-04-05T00:00:00Z,ccre,7,11.271224097222222,temperature
2024-04-05T00:00:00Z,ccre,8,10.878275902777778,temperature
2024-04-05T00:00:00Z,ccre,9,10.542064027777778,temperature
2024-04-05T00:00:00Z,ccre,10,9.931385993055557,temperature
2024-04-05T00:00:00Z,ccre,11,9.5822110625,temperature
2024-04-05T00:00:00Z,ccre,12,8.586783076388889,temperature
2024-04-05T00:00:00Z,ccre,13,8.429038569444444,temperature
2024-04-06T00:00:00Z,ccre,1,12.295283472222222,temperature
2024-04-06T00:00:00Z,ccre,2,12.314478125,temperature
2024-04-06T00:00:00Z,ccre,3,12.327362569444444,temperature
2024-04-06T00:00:00Z,ccre,4,12.315391805555556,temperature
2024-04-06T00:00:00Z,ccre,5,12.279533125,temperature
2024-04-06T00:00:00Z,ccre,6,12.221042361111111,temperature
2024-04-06T00:00:00Z,ccre,7,12.045496944444444,temperature
2024-04-06T00:00:00Z,ccre,8,11.896319513888889,temperature
2024-04-06T00:00:00Z,ccre,9,11.71226548611111,temperature
2024-04-06T00:00:00Z,ccre,10,10.585235826388889,temperature
2024-04-06T00:00:00Z,ccre,11,9.680873104166666,temperature
2024-04-06T00:00:00Z,ccre,12,8.576899763888889,temperature
2024-04-06T00:00:00Z,ccre,13,8.423692722222222,temperature
2024-04-07T00:00:00Z,ccre,1,12.519466875,temperature
2024-04-07T00:00:00Z,ccre,2,12.190070208333331,temperature
2024-04-07T00:00:00Z,ccre,3,12.103347708333333,temperature
2024-04-07T00:00:00Z,ccre,4,12.014467430555555,temperature
2024-04-07T00:00:00Z,ccre,5,11.89019923611111,temperature
2024-04-07T00:00:00Z,ccre,6,11.74890201388889,temperature
2024-04-07T00:00:00Z,ccre,7,11.561574375,temperature
2024-04-07T00:00:00Z,ccre,8,11.270421666666667,temperature
2024-04-07T00:00:00Z,ccre,9,10.79315826388889,temperature
2024-04-07T00:00:00Z,ccre,10,9.600815152777775,temperature
2024-04-07T00:00:00Z,ccre,11,9.306531416666669,temperature
2024-04-07T00:00:00Z,ccre,12,8.675298277777777,temperature
2024-04-07T00:00:00Z,ccre,13,8.4466633125,temperature
2024-04-08T00:00:00Z,ccre,1,12.366771666666668,temperature
2024-04-08T00:00:00Z,ccre,2,12.114653541666666,temperature
2024-04-08T00:00:00Z,ccre,3,11.783819722222225,temperature
2024-04-08T00:00:00Z,ccre,4,11.475427916666666,temperature
2024-04-08T00:00:00Z,ccre,5,11.229415555555557,temperature
2024-04-08T00:00:00Z,ccre,6,11.101017361111111,temperature
2024-04-08T00:00:00Z,ccre,7,10.937367083333331,temperature
2024-04-08T00:00:00Z,ccre,8,10.816020972222224,temperature
2024-04-08T00:00:00Z,ccre,9,10.696787291666666,temperature
2024-04-08T00:00:00Z,ccre,10,10.043694298611111,temperature
2024-04-08T00:00:00Z,ccre,11,9.667521444444445,temperature
2024-04-08T00:00:00Z,ccre,12,8.531222520833333,temperature
2024-04-08T00:00:00Z,ccre,13,8.438081576388889,temperature
2024-04-09T00:00:00Z,ccre,1,12.324001319444443,temperature
2024-04-09T00:00:00Z,ccre,2,12.253591666666669,temperature
2024-04-09T00:00:00Z,ccre,3,12.012511458333334,temperature
2024-04-09T00:00:00Z,ccre,4,11.806022430555556,temperature
2024-04-09T00:00:00Z,ccre,5,11.537406666666667,temperature
2024-04-09T00:00:00Z,ccre,6,11.304688472222225,temperature
2024-04-09T00:00:00Z,ccre,7,11.1173775,temperature
2024-04-09T00:00:00Z,ccre,8,10.90831111111111,temperature
2024-04-09T00:00:00Z,ccre,9,10.650329180555556,temperature
2024-04-09T00:00:00Z,ccre,10,9.809958722222222,temperature
2024-04-09T00:00:00Z,ccre,11,9.483722972222225,temperature
2024-04-09T00:00:00Z,ccre,12,8.652692104166666,temperature
2024-04-09T00:00:00Z,ccre,13,8.468497166666667,temperature
2024-04-10T00:00:00Z,ccre,1,12.808097638888889,temperature
2024-04-10T00:00:00Z,ccre,2,12.215580486111111,temperature
2024-04-10T00:00:00Z,ccre,3,11.979377708333333,temperature
2024-04-10T00:00:00Z,ccre,4,11.783197569444445,temperature
2024-04-10T00:00:00Z,ccre,5,11.552158402777778,temperature
2024-04-10T00:00:00Z,ccre,6,11.262492708333331,temperature
2024-04-10T00:00:00Z,ccre,7,11.003078333333333,temperature
2024-04-10T00:00:00Z,ccre,8,10.706323333333334,temperature
2024-04-10T00:00:00Z,ccre,9,10.418941111111112,temperature
2024-04-10T00:00:00Z,ccre,10,9.8245998125,temperature
2024-04-10T00:00:00Z,ccre,11,9.53228825,temperature
2024-04-10T00:00:00Z,ccre,12,8.727596291666666,temperature
2024-04-10T00:00:00Z,ccre,13,8.46941611111111,temperature
2024-04-11T00:00:00Z,ccre,1,11.961963263888888,temperature
2024-04-11T00:00:00Z,ccre,2,11.65859388888889,temperature
2024-04-11T00:00:00Z,ccre,3,11.501415208333333,temperature
2024-04-11T00:00:00Z,ccre,4,11.31623625,temperature
2024-04-11T00:00:00Z,ccre,5,11.115705972222225,temperature
2024-04-11T00:00:00Z,ccre,6,10.952320694444444,temperature
2024-04-11T00:00:00Z,ccre,7,10.792208819444443,temperature
2024-04-11T00:00:00Z,ccre,8,10.622576041666669,temperature
2024-04-11T00:00:00Z,ccre,9,10.408724652777778,temperature
2024-04-11T00:00:00Z,ccre,10,9.932782090277778,temperature
2024-04-11T00:00:00Z,ccre,11,9.553848034722222,temperature
2024-04-11T00:00:00Z,ccre,12,8.625695118055555,temperature
2024-04-11T00:00:00Z,ccre,13,8.48336923611111,temperature
2024-04-12T00:00:00Z,ccre,1,11.756137222222222,temperature
2024-04-12T00:00:00Z,ccre,2,11.733669444444445,temperature
2024-04-12T00:00:00Z,ccre,3,11.716779305555557,temperature
2024-04-12T00:00:00Z,ccre,4,11.66447909722222,temperature
2024-04-12T00:00:00Z,ccre,5,11.570754722222222,temperature
2024-04-12T00:00:00Z,ccre,6,11.481620625,temperature
2024-04-12T00:00:00Z,ccre,7,11.341506666666668,temperature
2024-04-12T00:00:00Z,ccre,8,11.156132291666667,temperature
2024-04-12T00:00:00Z,ccre,9,10.845896111111111,temperature
2024-04-12T00:00:00Z,ccre,10,9.992841777777778,temperature
2024-04-12T00:00:00Z,ccre,11,9.605609208333334,temperature
2024-04-12T00:00:00Z,ccre,12,8.784033444444445,temperature
2024-04-12T00:00:00Z,ccre,13,8.538600909722222,temperature
2024-04-13T00:00:00Z,ccre,1,12.878073055555555,temperature
2024-04-13T00:00:00Z,ccre,2,12.889273263888889,temperature
2024-04-13T00:00:00Z,ccre,3,12.896727847222222,temperature
2024-04-13T00:00:00Z,ccre,4,12.866510555555555,temperature
2024-04-13T00:00:00Z,ccre,5,12.751026875,temperature
2024-04-13T00:00:00Z,ccre,6,12.399902361111112,temperature
2024-04-13T00:00:00Z,ccre,7,11.89609263888889,temperature
2024-04-13T00:00:00Z,ccre,8,11.61760236111111,temperature
2024-04-13T00:00:00Z,ccre,9,11.430949722222222,temperature
2024-04-13T00:00:00Z,ccre,10,10.792768402777778,temperature
2024-04-13T00:00:00Z,ccre,11,10.335169631944444,temperature
2024-04-13T00:00:00Z,ccre,12,8.798059236111111,temperature
2024-04-13T00:00:00Z,ccre,13,8.585904854166667,temperature
2024-04-14T00:00:00Z,ccre,1,13.42137125,temperature
2024-04-14T00:00:00Z,ccre,2,13.360252847222222,temperature
2024-04-14T00:00:00Z,ccre,3,13.168239444444444,temperature
2024-04-14T00:00:00Z,ccre,4,12.825493125,temperature
2024-04-14T00:00:00Z,ccre,5,12.445407291666667,temperature
2024-04-14T00:00:00Z,ccre,6,12.037290833333332,temperature
2024-04-14T00:00:00Z,ccre,7,11.54616986111111,temperature
2024-04-14T00:00:00Z,ccre,8,11.042472291666666,temperature
2024-04-14T00:00:00Z,ccre,9,10.576624791666667,temperature
2024-04-14T00:00:00Z,ccre,10,9.9216540625,temperature
2024-04-14T00:00:00Z,ccre,11,9.734605090277778,temperature
2024-04-14T00:00:00Z,ccre,12,9.076305055555556,temperature
2024-04-14T00:00:00Z,ccre,13,8.642082902777778,temperature
2024-04-15T00:00:00Z,ccre,1,13.967797847222222,temperature
2024-04-15T00:00:00Z,ccre,2,13.754892638888888,temperature
2024-04-15T00:00:00Z,ccre,3,13.327934652777778,temperature
2024-04-15T00:00:00Z,ccre,4,13.13018625,temperature
2024-04-15T00:00:00Z,ccre,5,12.843646180555556,temperature
2024-04-15T00:00:00Z,ccre,6,12.528977430555557,temperature
2024-04-15T00:00:00Z,ccre,7,12.129960763888889,temperature
2024-04-15T00:00:00Z,ccre,8,11.589177847222222,temperature
2024-04-15T00:00:00Z,ccre,9,11.15878277777778,temperature
2024-04-15T00:00:00Z,ccre,10,10.501720041666667,temperature
2024-04-15T00:00:00Z,ccre,11,10.099326048611111,temperature
2024-04-15T00:00:00Z,ccre,12,8.897672805555555,temperature
2024-04-15T00:00:00Z,ccre,13,8.690465083333333,temperature
2024-04-16T00:00:00Z,ccre,1,15.061402777777776,temperature
2024-04-16T00:00:00Z,ccre,2,14.478352361111112,temperature
2024-04-16T00:00:00Z,ccre,3,13.961797013888887,temperature
2024-04-16T00:00:00Z,ccre,4,13.600863819444443,temperature
2024-04-16T00:00:00Z,ccre,5,13.268940416666666,temperature
2024-04-16T00:00:00Z,ccre,6,12.685008819444445,temperature
2024-04-16T00:00:00Z,ccre,7,12.049486666666668,temperature
2024-04-16T00:00:00Z,ccre,8,11.20461597222222,temperature
2024-04-16T00:00:00Z,ccre,9,10.748166527777778,temperature
2024-04-16T00:00:00Z,ccre,10,10.16791175,temperature
2024-04-16T00:00:00Z,ccre,11,9.933762472222222,temperature
2024-04-16T00:00:00Z,ccre,12,9.131855013888888,temperature
2024-04-16T00:00:00Z,ccre,13,8.715028395833333,temperature
2024-04-17T00:00:00Z,ccre,1,15.616490694444444,temperature
2024-04-17T00:00:00Z,ccre,2,14.994199305555556,temperature
2024-04-17T00:00:00Z,ccre,3,14.207959305555557,temperature
2024-04-17T00:00:00Z,ccre,4,13.60713,temperature
2024-04-17T00:00:00Z,ccre,5,13.036560625,temperature
2024-04-17T00:00:00Z,ccre,6,12.480109791666669,temperature
2024-04-17T00:00:00Z,ccre,7,11.84131902777778,temperature
2024-04-17T00:00:00Z,ccre,8,11.360752847222225,temperature
2024-04-17T00:00:00Z,ccre,9,10.990314166666666,temperature
2024-04-17T00:00:00Z,ccre,10,10.244420395833334,temperature
2024-04-17T00:00:00Z,ccre,11,9.913990770833331,temperature
2024-04-17T00:00:00Z,ccre,12,8.974392097222223,temperature
2024-04-17T00:00:00Z,ccre,13,8.743025652777778,temperature
2024-04-18T00:00:00Z,ccre,1,16.768243680555557,temperature
2024-04-18T00:00:00Z,ccre,2,16.540956527777777,temperature
2024-04-18T00:00:00Z,ccre,3,15.885609791666669,temperature
2024-04-18T00:00:00Z,ccre,4,14.68830673611111,temperature
2024-04-18T00:00:00Z,ccre,5,13.932689166666666,temperature
2024-04-18T00:00:00Z,ccre,6,13.281217083333331,temperature
2024-04-18T00:00:00Z,ccre,7,12.617770208333331,temperature
2024-04-18T00:00:00Z,ccre,8,11.932855555555555,temperature
2024-04-18T00:00:00Z,ccre,9,11.173555763888888,temperature
2024-04-18T00:00:00Z,ccre,10,10.210683652777778,temperature
2024-04-18T00:00:00Z,ccre,11,9.94633082638889,temperature
2024-04-18T00:00:00Z,ccre,12,9.026128333333332,temperature
2024-04-18T00:00:00Z,ccre,13,8.754124791666667,temperature
2024-04-19T00:00:00Z,ccre,1,17.24545736111111,temperature
2024-04-19T00:00:00Z,ccre,2,16.567695347222223,temperature
2024-04-19T00:00:00Z,ccre,3,15.237829027777778,temperature
2024-04-19T00:00:00Z,ccre,4,13.671728333333334,temperature
2024-04-19T00:00:00Z,ccre,5,12.854196875,temperature
2024-04-19T00:00:00Z,ccre,6,12.3055825,temperature
2024-04-19T00:00:00Z,ccre,7,11.806405625,temperature
2024-04-19T00:00:00Z,ccre,8,11.457313958333334,temperature
2024-04-19T00:00:00Z,ccre,9,11.054526319444443,temperature
2024-04-19T00:00:00Z,ccre,10,10.412767131944443,temperature
2024-04-19T00:00:00Z,ccre,11,10.095668402777775,temperature
2024-04-19T00:00:00Z,ccre,12,9.222748229166667,temperature
2024-04-19T00:00:00Z,ccre,13,8.812359270833333,temperature
2024-04-20T00:00:00Z,ccre,1,17.24925763888889,temperature
2024-04-20T00:00:00Z,ccre,2,17.147020625,temperature
2024-04-20T00:00:00Z,ccre,3,16.794765625,temperature
2024-04-20T00:00:00Z,ccre,4,15.188748402777778,temperature
2024-04-20T00:00:00Z,ccre,5,13.853556388888888,temperature
2024-04-20T00:00:00Z,ccre,6,13.106137569444444,temperature
2024-04-20T00:00:00Z,ccre,7,12.459328819444444,temperature
2024-04-20T00:00:00Z,ccre,8,11.753282152777778,temperature
2024-04-20T00:00:00Z,ccre,9,11.053810069444443,temperature
2024-04-20T00:00:00Z,ccre,10,10.214953263888887,temperature
2024-04-20T00:00:00Z,ccre,11,9.91302175,temperature
2024-04-20T00:00:00Z,ccre,12,9.163814277777778,temperature
2024-04-20T00:00:00Z,ccre,13,8.851417256944444,temperature
2024-04-21T00:00:00Z,ccre,1,16.86240638888889,temperature
2024-04-21T00:00:00Z,ccre,2,16.728979236111112,temperature
2024-04-21T00:00:00Z,ccre,3,16.109175,temperature
2024-04-21T00:00:00Z,ccre,4,14.691532361111111,temperature
2024-04-21T00:00:00Z,ccre,5,13.147023611111113,temperature
2024-04-21T00:00:00Z,ccre,6,12.518428680555555,temperature
2024-04-21T00:00:00Z,ccre,7,11.98806534722222,temperature
2024-04-21T00:00:00Z,ccre,8,11.50977236111111,temperature
2024-04-21T00:00:00Z,ccre,9,11.155937222222224,temperature
2024-04-21T00:00:00Z,ccre,10,10.417992208333333,temperature
2024-04-21T00:00:00Z,ccre,11,10.141234256944443,temperature
2024-04-21T00:00:00Z,ccre,12,9.185113659722225,temperature
2024-04-21T00:00:00Z,ccre,13,8.851282513888888,temperature
2024-04-22T00:00:00Z,ccre,1,16.443061666666665,temperature
2024-04-22T00:00:00Z,ccre,2,16.390357083333335,temperature
2024-04-22T00:00:00Z,ccre,3,16.350615625,temperature
2024-04-22T00:00:00Z,ccre,4,15.670086388888889,temperature
2024-04-22T00:00:00Z,ccre,5,14.444306527777778,temperature
2024-04-22T00:00:00Z,ccre,6,12.912016111111113,temperature
2024-04-22T00:00:00Z,ccre,7,12.114177291666667,temperature
2024-04-22T00:00:00Z,ccre,8,11.474172916666667,temperature
2024-04-22T00:00:00Z,ccre,9,10.916306180555557,temperature
2024-04-22T00:00:00Z,ccre,10,10.16440986111111,temperature
2024-04-22T00:00:00Z,ccre,11,9.937807784722224,temperature
2024-04-22T00:00:00Z,ccre,12,9.207429263888889,temperature
2024-04-22T00:00:00Z,ccre,13,8.899474284722222,temperature
2024-04-23T00:00:00Z,ccre,1,16.333245625,temperature
2024-04-23T00:00:00Z,ccre,2,15.866973194444444,temperature
2024-04-23T00:00:00Z,ccre,3,15.2615525,temperature
2024-04-23T00:00:00Z,ccre,4,14.496297361111113,temperature
2024-04-23T00:00:00Z,ccre,5,13.058731805555556,temperature
2024-04-23T00:00:00Z,ccre,6,12.57799625,temperature
2024-04-23T00:00:00Z,ccre,7,12.081896319444445,temperature
2024-04-23T00:00:00Z,ccre,8,11.614485069444443,temperature
2024-04-23T00:00:00Z,ccre,9,11.105561111111111,temperature
2024-04-23T00:00:00Z,ccre,10,10.36688853472222,temperature
2024-04-23T00:00:00Z,ccre,11,10.126328208333334,temperature
2024-04-23T00:00:00Z,ccre,12,9.1979325625,temperature
2024-04-23T00:00:00Z,ccre,13,8.928261402777778,temperature
2024-04-24T00:00:00Z,ccre,1,16.56285673611111,temperature
2024-04-24T00:00:00Z,ccre,2,16.548250625,temperature
2024-04-24T00:00:00Z,ccre,3,16.39513388888889,temperature
2024-04-24T00:00:00Z,ccre,4,15.776742152777778,temperature
2024-04-24T00:00:00Z,ccre,5,14.939464652777778,temperature
2024-04-24T00:00:00Z,ccre,6,13.768481388888889,temperature
2024-04-24T00:00:00Z,ccre,7,12.733109652777776,temperature
2024-04-24T00:00:00Z,ccre,8,11.889205347222225,temperature
2024-04-24T00:00:00Z,ccre,9,11.23062451388889,temperature
2024-04-24T00:00:00Z,ccre,10,10.346117125,temperature
2024-04-24T00:00:00Z,ccre,11,10.094181097222222,temperature
2024-04-24T00:00:00Z,ccre,12,9.286922847222222,temperature
2024-04-24T00:00:00Z,ccre,13,9.010500847222222,temperature
2024-04-25T00:00:00Z,ccre,1,16.875729375,temperature
2024-04-25T00:00:00Z,ccre,2,16.773316736111113,temperature
2024-04-25T00:00:00Z,ccre,3,16.579228611111112,temperature
2024-04-25T00:00:00Z,ccre,4,15.947659236111113,temperature
2024-04-25T00:00:00Z,ccre,5,13.76471236111111,temperature
2024-04-25T00:00:00Z,ccre,6,12.675587916666666,temperature
2024-04-25T00:00:00Z,ccre,7,11.929321041666666,temperature
2024-04-25T00:00:00Z,ccre,8,11.410674930555556,temperature
2024-04-25T00:00:00Z,ccre,9,11.022006597222225,temperature
2024-04-25T00:00:00Z,ccre,10,10.302879270833332,temperature
2024-04-25T00:00:00Z,ccre,11,10.097736305555555,temperature
2024-04-25T00:00:00Z,ccre,12,9.316029034722222,temperature
2024-04-25T00:00:00Z,ccre,13,9.005361777777777,temperature
2024-04-26T00:00:00Z,ccre,1,16.721523680555556,temperature
2024-04-26T00:00:00Z,ccre,2,16.618669375,temperature
2024-04-26T00:00:00Z,ccre,3,16.30371951388889,temperature
2024-04-26T00:00:00Z,ccre,4,15.53067034722222,temperature
2024-04-26T00:00:00Z,ccre,5,13.877958472222222,temperature
2024-04-26T00:00:00Z,ccre,6,13.004646180555556,temperature
2024-04-26T00:00:00Z,ccre,7,12.452088402777775,temperature
2024-04-26T00:00:00Z,ccre,8,11.866790625,temperature
2024-04-26T00:00:00Z,ccre,9,11.210063680555557,temperature
2024-04-26T00:00:00Z,ccre,10,10.276282138888888,temperature
2024-04-26T00:00:00Z,ccre,11,10.004960708333334,temperature
2024-04-26T00:00:00Z,ccre,12,9.3139368125,temperature
2024-04-26T00:00:00Z,ccre,13,9.028743340277778,temperature
2024-04-27T00:00:00Z,ccre,1,16.943348958333335,temperature
2024-04-27T00:00:00Z,ccre,2,16.515344930555557,temperature
2024-04-27T00:00:00Z,ccre,3,16.11893840277778,temperature
2024-04-27T00:00:00Z,ccre,4,15.528229305555556,temperature
2024-04-27T00:00:00Z,ccre,5,14.272582916666666,temperature
2024-04-27T00:00:00Z,ccre,6,13.021269930555556,temperature
2024-04-27T00:00:00Z,ccre,7,12.266158680555556,temperature
2024-04-27T00:00:00Z,ccre,8,11.599565763888888,temperature
2024-04-27T00:00:00Z,ccre,9,10.996158333333334,temperature
2024-04-27T00:00:00Z,ccre,10,10.297498097222222,temperature
2024-04-27T00:00:00Z,ccre,11,10.083928902777778,temperature
2024-04-27T00:00:00Z,ccre,12,9.36009534027778,temperature
2024-04-27T00:00:00Z,ccre,13,9.036487145833334,temperature
2024-04-28T00:00:00Z,ccre,1,17.489150277777778,temperature
2024-04-28T00:00:00Z,ccre,2,17.12165027777778,temperature
2024-04-28T00:00:00Z,ccre,3,16.631191875,temperature
2024-04-28T00:00:00Z,ccre,4,15.934888888888889,temperature
2024-04-28T00:00:00Z,ccre,5,14.739493611111111,temperature
2024-04-28T00:00:00Z,ccre,6,13.298027222222222,temperature
2024-04-28T00:00:00Z,ccre,7,12.250361111111111,temperature
2024-04-28T00:00:00Z,ccre,8,11.588516875,temperature
2024-04-28T00:00:00Z,ccre,9,11.007641944444444,temperature
2024-04-28T00:00:00Z,ccre,10,10.278559444444443,temperature
2024-04-28T00:00:00Z,ccre,11,10.0644909375,temperature
2024-04-28T00:00:00Z,ccre,12,9.301901298611112,temperature
2024-04-28T00:00:00Z,ccre,13,9.062578854166668,temperature
2024-04-29T00:00:00Z,ccre,1,18.27144277777778,temperature
2024-04-29T00:00:00Z,ccre,2,17.77375201388889,temperature
2024-04-29T00:00:00Z,ccre,3,17.272628472222223,temperature
2024-04-29T00:00:00Z,ccre,4,16.417693888888888,temperature
2024-04-29T00:00:00Z,ccre,5,14.857389722222225,temperature
2024-04-29T00:00:00Z,ccre,6,13.299210694444444,temperature
2024-04-29T00:00:00Z,ccre,7,12.367728472222222,temperature
2024-04-29T00:00:00Z,ccre,8,11.712854305555556,temperature
2024-04-29T00:00:00Z,ccre,9,11.115376527777778,temperature
2024-04-29T00:00:00Z,ccre,10,10.376414847222222,temperature
2024-04-29T00:00:00Z,ccre,11,10.166290083333331,temperature
2024-04-29T00:00:00Z,ccre,12,9.394253194444444,temperature
2024-04-29T00:00:00Z,ccre,13,9.093833708333332,temperature
2024-04-30T00:00:00Z,ccre,1,18.935945555555556,temperature
2024-04-30T00:00:00Z,ccre,2,18.301140555555556,temperature
2024-04-30T00:00:00Z,ccre,3,17.632492430555555,temperature
2024-04-30T00:00:00Z,ccre,4,16.973679375,temperature
2024-04-30T00:00:00Z,ccre,5,15.083165,temperature
2024-04-30T00:00:00Z,ccre,6,13.402139583333334,temperature
2024-04-30T00:00:00Z,ccre,7,12.491710625,temperature
2024-04-30T00:00:00Z,ccre,8,11.796979236111111,temperature
2024-04-30T00:00:00Z,ccre,9,11.247626666666669,temperature
2024-04-30T00:00:00Z,ccre,10,10.426965083333334,temperature
2024-04-30T00:00:00Z,ccre,11,10.185631333333331,temperature
2024-04-30T00:00:00Z,ccre,12,9.45154272222222,temperature
2024-04-30T00:00:00Z,ccre,13,9.127918451388888,temperature
2024-05-01T00:00:00Z,ccre,1,19.750246875,temperature
2024-05-01T00:00:00Z,ccre,2,19.165768680555555,temperature
2024-05-01T00:00:00Z,ccre,3,18.597927847222223,temperature
2024-05-01T00:00:00Z,ccre,4,17.334737152777777,temperature
2024-05-01T00:00:00Z,ccre,5,14.887577916666666,temperature
2024-05-01T00:00:00Z,ccre,6,13.235302013888887,temperature
2024-05-01T00:00:00Z,ccre,7,12.348053055555557,temperature
2024-05-01T00:00:00Z,ccre,8,11.678707083333334,temperature
2024-05-01T00:00:00Z,ccre,9,11.060034166666666,temperature
2024-05-01T00:00:00Z,ccre,10,10.259933555555556,temperature
2024-05-01T00:00:00Z,ccre,11,10.05653332638889,temperature
2024-05-01T00:00:00Z,ccre,12,9.452986347222222,temperature
2024-05-01T00:00:00Z,ccre,13,9.148882993055556,temperature
2024-05-02T00:00:00Z,ccre,1,20.512959305555555,temperature
2024-05-02T00:00:00Z,ccre,2,19.679648888888888,temperature
2024-05-02T00:00:00Z,ccre,3,18.59600888888889,temperature
2024-05-02T00:00:00Z,ccre,4,16.786101805555557,temperature
2024-05-02T00:00:00Z,ccre,5,15.141051180555555,temperature
2024-05-02T00:00:00Z,ccre,6,13.565799305555556,temperature
2024-05-02T00:00:00Z,ccre,7,12.557727013888888,temperature
2024-05-02T00:00:00Z,ccre,8,11.83099875,temperature
2024-05-02T00:00:00Z,ccre,9,11.17397423611111,temperature
2024-05-02T00:00:00Z,ccre,10,10.296155347222223,temperature
2024-05-02T00:00:00Z,ccre,11,10.085933763888889,temperature
2024-05-02T00:00:00Z,ccre,12,9.450275791666666,temperature
2024-05-02T00:00:00Z,ccre,13,9.155086701388887,temperature
2024-05-03T00:00:00Z,ccre,1,21.072225347222226,temperature
2024-05-03T00:00:00Z,ccre,2,20.349658055555555,temperature
2024-05-03T00:00:00Z,ccre,3,18.873609583333337,temperature
2024-05-03T00:00:00Z,ccre,4,17.20532083333333,temperature
2024-05-03T00:00:00Z,ccre,5,15.49740826388889,temperature
2024-05-03T00:00:00Z,ccre,6,13.551065902777776,temperature
2024-05-03T00:00:00Z,ccre,7,12.459717708333333,temperature
2024-05-03T00:00:00Z,ccre,8,11.736503263888888,temperature
2024-05-03T00:00:00Z,ccre,9,11.117542083333332,temperature
2024-05-03T00:00:00Z,ccre,10,10.372172972222222,temperature
2024-05-03T00:00:00Z,ccre,11,10.17231501388889,temperature
2024-05-03T00:00:00Z,ccre,12,9.560437805555557,temperature
2024-05-03T00:00:00Z,ccre,13,9.182502118055556,temperature
2024-05-04T00:00:00Z,ccre,1,20.66803486111111,temperature
2024-05-04T00:00:00Z,ccre,2,19.797619444444443,temperature
2024-05-04T00:00:00Z,ccre,3,18.56260784722222,temperature
2024-05-04T00:00:00Z,ccre,4,17.246150486111112,temperature
2024-05-04T00:00:00Z,ccre,5,15.535416944444444,temperature
2024-05-04T00:00:00Z,ccre,6,13.685839791666666,temperature
2024-05-04T00:00:00Z,ccre,7,12.625029305555556,temperature
2024-05-04T00:00:00Z,ccre,8,11.896201111111113,temperature
2024-05-04T00:00:00Z,ccre,9,11.201729236111111,temperature
2024-05-04T00:00:00Z,ccre,10,10.325274236111111,temperature
2024-05-04T00:00:00Z,ccre,11,10.101753902777778,temperature
2024-05-04T00:00:00Z,ccre,12,9.477162902777778,temperature
2024-05-04T00:00:00Z,ccre,13,9.226307361111113,temperature
2024-05-05T00:00:00Z,ccre,1,19.92131138888889,temperature
2024-05-05T00:00:00Z,ccre,2,19.796156458333332,temperature
2024-05-05T00:00:00Z,ccre,3,19.237835486111113,temperature
2024-05-05T00:00:00Z,ccre,4,18.013776805555555,temperature
2024-05-05T00:00:00Z,ccre,5,15.350653333333334,temperature
2024-05-05T00:00:00Z,ccre,6,13.563951180555556,temperature
2024-05-05T00:00:00Z,ccre,7,12.48843527777778,temperature
2024-05-05T00:00:00Z,ccre,8,11.706136388888888,temperature
2024-05-05T00:00:00Z,ccre,9,11.029989930555557,temperature
2024-05-05T00:00:00Z,ccre,10,10.23955298611111,temperature
2024-05-05T00:00:00Z,ccre,11,10.063488625,temperature
2024-05-05T00:00:00Z,ccre,12,9.57594298611111,temperature
2024-05-05T00:00:00Z,ccre,13,9.244705159722225,temperature
2024-05-06T00:00:00Z,ccre,1,20.81195027777778,temperature
2024-05-06T00:00:00Z,ccre,2,20.69565625,temperature
2024-05-06T00:00:00Z,ccre,3,19.927055,temperature
2024-05-06T00:00:00Z,ccre,4,17.59970923611111,temperature
2024-05-06T00:00:00Z,ccre,5,15.583035416666666,temperature
2024-05-06T00:00:00Z,ccre,6,13.923746458333332,temperature
2024-05-06T00:00:00Z,ccre,7,12.739939722222225,temperature
2024-05-06T00:00:00Z,ccre,8,11.947315416666669,temperature
2024-05-06T00:00:00Z,ccre,9,11.249448611111111,temperature
2024-05-06T00:00:00Z,ccre,10,10.36614236111111,temperature
2024-05-06T00:00:00Z,ccre,11,10.157187416666666,temperature
2024-05-06T00:00:00Z,ccre,12,9.53693307638889,temperature
2024-05-06T00:00:00Z,ccre,13,9.262762069444443,temperature
2024-05-07T00:00:00Z,ccre,1,21.938468055555557,temperature
2024-05-07T00:00:00Z,ccre,2,21.09766652777778,temperature
2024-05-07T00:00:00Z,ccre,3,19.837486319444444,temperature
2024-05-07T00:00:00Z,ccre,4,17.499701597222224,temperature
2024-05-07T00:00:00Z,ccre,5,15.631107708333332,temperature
2024-05-07T00:00:00Z,ccre,6,13.822462152777778,temperature
2024-05-07T00:00:00Z,ccre,7,12.551219652777778,temperature
2024-05-07T00:00:00Z,ccre,8,11.73515763888889,temperature
2024-05-07T00:00:00Z,ccre,9,11.089009027777776,temperature
2024-05-07T00:00:00Z,ccre,10,10.322531805555556,temperature
2024-05-07T00:00:00Z,ccre,11,10.12818146527778,temperature
2024-05-07T00:00:00Z,ccre,12,9.618308958333332,temperature
2024-05-07T00:00:00Z,ccre,13,9.288063270833334,temperature
2024-05-08T00:00:00Z,ccre,1,21.920139652777777,temperature
2024-05-08T00:00:00Z,ccre,2,20.759525208333333,temperature
2024-05-08T00:00:00Z,ccre,3,19.24666701388889,temperature
2024-05-08T00:00:00Z,ccre,4,17.695735694444444,temperature
2024-05-08T00:00:00Z,ccre,5,16.161135833333333,temperature
2024-05-08T00:00:00Z,ccre,6,13.874061666666666,temperature
2024-05-08T00:00:00Z,ccre,7,12.575884375,temperature
2024-05-08T00:00:00Z,ccre,8,11.8240425,temperature
2024-05-08T00:00:00Z,ccre,9,11.222480972222222,temperature
2024-05-08T00:00:00Z,ccre,10,10.33624,temperature
2024-05-08T00:00:00Z,ccre,11,10.1324465625,temperature
2024-05-08T00:00:00Z,ccre,12,9.568186222222222,temperature
2024-05-08T00:00:00Z,ccre,13,9.298928159722225,temperature
2024-05-09T00:00:00Z,ccre,1,21.74477263888889,temperature
2024-05-09T00:00:00Z,ccre,2,20.791399444444444,temperature
2024-05-09T00:00:00Z,ccre,3,19.91419847222222,temperature
2024-05-09T00:00:00Z,ccre,4,18.24855923611111,temperature
2024-05-09T00:00:00Z,ccre,5,15.856598055555557,temperature
2024-05-09T00:00:00Z,ccre,6,13.91058861111111,temperature
2024-05-09T00:00:00Z,ccre,7,12.735149305555556,temperature
2024-05-09T00:00:00Z,ccre,8,11.898579583333332,temperature
2024-05-09T00:00:00Z,ccre,9,11.242511527777776,temperature
2024-05-09T00:00:00Z,ccre,10,10.308105208333334,temperature
2024-05-09T00:00:00Z,ccre,11,10.11423986111111,temperature
2024-05-09T00:00:00Z,ccre,12,9.644382701388889,temperature
2024-05-09T00:00:00Z,ccre,13,9.333972694444444,temperature
2024-05-10T00:00:00Z,ccre,1,21.329973055555556,temperature
2024-05-10T00:00:00Z,ccre,2,21.322831527777776,temperature
2024-05-10T00:00:00Z,ccre,3,21.181550833333333,temperature
2024-05-10T00:00:00Z,ccre,4,19.380631388888887,temperature
2024-05-10T00:00:00Z,ccre,5,17.216019027777776,temperature
2024-05-10T00:00:00Z,ccre,6,14.340660625,temperature
2024-05-10T00:00:00Z,ccre,7,12.789084305555557,temperature
2024-05-10T00:00:00Z,ccre,8,11.862908263888889,temperature
2024-05-10T00:00:00Z,ccre,9,11.165885208333334,temperature
2024-05-10T00:00:00Z,ccre,10,10.279429097222222,temperature
2024-05-10T00:00:00Z,ccre,11,10.116140625,temperature
2024-05-10T00:00:00Z,ccre,12,9.636249118055556,temperature
2024-05-10T00:00:00Z,ccre,13,9.334490243055557,temperature
2024-05-11T00:00:00Z,ccre,1,21.03920076388889,temperature
2024-05-11T00:00:00Z,ccre,2,20.964958333333332,temperature
2024-05-11T00:00:00Z,ccre,3,20.668626458333332,temperature
2024-05-11T00:00:00Z,ccre,4,19.217213194444444,temperature
2024-05-11T00:00:00Z,ccre,5,15.516742152777775,temperature
2024-05-11T00:00:00Z,ccre,6,13.921533333333334,temperature
2024-05-11T00:00:00Z,ccre,7,12.911957083333332,temperature
2024-05-11T00:00:00Z,ccre,8,12.105313888888888,temperature
2024-05-11T00:00:00Z,ccre,9,11.335234861111111,temperature
2024-05-11T00:00:00Z,ccre,10,10.418584375,temperature
2024-05-11T00:00:00Z,ccre,11,10.210422159722222,temperature
2024-05-11T00:00:00Z,ccre,12,9.657989916666669,temperature
2024-05-11T00:00:00Z,ccre,13,9.356892444444444,temperature
2024-05-12T00:00:00Z,ccre,1,20.878887708333338,temperature
2024-05-12T00:00:00Z,ccre,2,20.89511618055555,temperature
2024-05-12T00:00:00Z,ccre,3,20.70791423611111,temperature
2024-05-12T00:00:00Z,ccre,4,19.90779388888889,temperature
2024-05-12T00:00:00Z,ccre,5,17.13824590277778,temperature
2024-05-12T00:00:00Z,ccre,6,14.41015013888889,temperature
2024-05-12T00:00:00Z,ccre,7,12.688120277777776,temperature
2024-05-12T00:00:00Z,ccre,8,11.728975625,temperature
2024-05-12T00:00:00Z,ccre,9,11.059720416666666,temperature
2024-05-12T00:00:00Z,ccre,10,10.313442430555556,temperature
2024-05-12T00:00:00Z,ccre,11,10.14230279861111,temperature
2024-05-12T00:00:00Z,ccre,12,9.688184513888888,temperature
2024-05-12T00:00:00Z,ccre,13,9.414188854166667,temperature
2024-05-13T00:00:00Z,ccre,1,20.772207708333333,temperature
2024-05-13T00:00:00Z,ccre,2,20.593802430555556,temperature
2024-05-13T00:00:00Z,ccre,3,20.1765075,temperature
2024-05-13T00:00:00Z,ccre,4,18.846726597222226,temperature
2024-05-13T00:00:00Z,ccre,5,15.759750763888889,temperature
2024-05-13T00:00:00Z,ccre,6,14.154308194444445,temperature
2024-05-13T00:00:00Z,ccre,7,13.036558611111111,temperature
2024-05-13T00:00:00Z,ccre,8,12.177777847222222,temperature
2024-05-13T00:00:00Z,ccre,9,11.41549222222222,temperature
2024-05-13T00:00:00Z,ccre,10,10.462884583333333,temperature
2024-05-13T00:00:00Z,ccre,11,10.218055534722222,temperature
2024-05-13T00:00:00Z,ccre,12,9.704751319444444,temperature
2024-05-13T00:00:00Z,ccre,13,9.425865409722222,temperature
2024-05-14T00:00:00Z,ccre,1,20.46467861111111,temperature
2024-05-14T00:00:00Z,ccre,2,20.346826666666665,temperature
2024-05-14T00:00:00Z,ccre,3,19.95691673611111,temperature
2024-05-14T00:00:00Z,ccre,4,19.039217222222224,temperature
2024-05-14T00:00:00Z,ccre,5,16.989505694444446,temperature
2024-05-14T00:00:00Z,ccre,6,14.741895902777776,temperature
2024-05-14T00:00:00Z,ccre,7,13.073385347222224,temperature
2024-05-14T00:00:00Z,ccre,8,11.94648236111111,temperature
2024-05-14T00:00:00Z,ccre,9,11.166574027777775,temperature
2024-05-14T00:00:00Z,ccre,10,10.35319375,temperature
2024-05-14T00:00:00Z,ccre,11,10.177359305555555,temperature
2024-05-14T00:00:00Z,ccre,12,9.714831277777778,temperature
2024-05-14T00:00:00Z,ccre,13,9.49336282638889,temperature
2024-05-15T00:00:00Z,ccre,1,20.35047868055555,temperature
2024-05-15T00:00:00Z,ccre,2,20.30790888888889,temperature
2024-05-15T00:00:00Z,ccre,3,20.248575833333337,temperature
2024-05-15T00:00:00Z,ccre,4,20.059560972222226,temperature
2024-05-15T00:00:00Z,ccre,5,16.90769965277778,temperature
2024-05-15T00:00:00Z,ccre,6,14.380731875,temperature
2024-05-15T00:00:00Z,ccre,7,12.91666951388889,temperature
2024-05-15T00:00:00Z,ccre,8,12.022318402777778,temperature
2024-05-15T00:00:00Z,ccre,9,11.283487847222222,temperature
2024-05-15T00:00:00Z,ccre,10,10.451787430555555,temperature
2024-05-15T00:00:00Z,ccre,11,10.248628472222222,temperature
2024-05-15T00:00:00Z,ccre,12,9.741801597222222,temperature
2024-05-15T00:00:00Z,ccre,13,9.481871520833334,temperature
2024-05-16T00:00:00Z,ccre,1,21.438656978417267,temperature
2024-05-16T00:00:00Z,ccre,2,20.77000035971223,temperature
2024-05-16T00:00:00Z,ccre,3,20.443194100719424,temperature
2024-05-16T00:00:00Z,ccre,4,20.02590949640288,temperature
2024-05-16T00:00:00Z,ccre,5,16.730527482014388,temperature
2024-05-16T00:00:00Z,ccre,6,14.623017338129497,temperature
2024-05-16T00:00:00Z,ccre,7,13.14804,temperature
2024-05-16T00:00:00Z,ccre,8,12.081020791366909,temperature
2024-05-16T00:00:00Z,ccre,9,11.233602446043166,temperature
2024-05-16T00:00:00Z,ccre,10,10.355303884892086,temperature
2024-05-16T00:00:00Z,ccre,11,10.169976043165468,temperature
2024-05-16T00:00:00Z,ccre,12,9.737426489208634,temperature
2024-05-16T00:00:00Z,ccre,13,9.543348100719424,temperature
2024-05-17T00:00:00Z,ccre,1,21.49612284722222,temperature
2024-05-17T00:00:00Z,ccre,2,21.141205,temperature
2024-05-17T00:00:00Z,ccre,3,20.5661975,temperature
2024-05-17T00:00:00Z,ccre,4,19.824369791666665,temperature
2024-05-17T00:00:00Z,ccre,5,16.934327708333335,temperature
2024-05-17T00:00:00Z,ccre,6,14.912818819444444,temperature
2024-05-17T00:00:00Z,ccre,7,13.163265416666666,temperature
2024-05-17T00:00:00Z,ccre,8,12.006525833333331,temperature
2024-05-17T00:00:00Z,ccre,9,11.227270555555556,temperature
2024-05-17T00:00:00Z,ccre,10,10.386536736111111,temperature
2024-05-17T00:00:00Z,ccre,11,10.217048333333333,temperature
2024-05-17T00:00:00Z,ccre,12,9.789158041666669,temperature
2024-05-17T00:00:00Z,ccre,13,9.540194847222224,temperature
2024-05-18T00:00:00Z,ccre,1,21.382315972222223,temperature
2024-05-18T00:00:00Z,ccre,2,21.31133076388889,temperature
2024-05-18T00:00:00Z,ccre,3,20.750503541666667,temperature
2024-05-18T00:00:00Z,ccre,4,19.728575972222224,temperature
2024-05-18T00:00:00Z,ccre,5,17.47289,temperature
2024-05-18T00:00:00Z,ccre,6,14.54446701388889,temperature
2024-05-18T00:00:00Z,ccre,7,12.875078472222222,temperature
2024-05-18T00:00:00Z,ccre,8,11.960231041666669,temperature
2024-05-18T00:00:00Z,ccre,9,11.261485555555556,temperature
2024-05-18T00:00:00Z,ccre,10,10.432755694444444,temperature
2024-05-18T00:00:00Z,ccre,11,10.234266736111111,temperature
2024-05-18T00:00:00Z,ccre,12,9.766713666666666,temperature
2024-05-18T00:00:00Z,ccre,13,9.5717754375,temperature
2024-05-19T00:00:00Z,ccre,1,21.665299027777777,temperature
2024-05-19T00:00:00Z,ccre,2,21.09407256944445,temperature
2024-05-19T00:00:00Z,ccre,3,20.523235486111112,temperature
2024-05-19T00:00:00Z,ccre,4,19.72185347222222,temperature
2024-05-19T00:00:00Z,ccre,5,17.57011673611111,temperature
2024-05-19T00:00:00Z,ccre,6,15.005310208333333,temperature
2024-05-19T00:00:00Z,ccre,7,13.274761388888887,temperature
2024-05-19T00:00:00Z,ccre,8,12.193034305555557,temperature
2024-05-19T00:00:00Z,ccre,9,11.366509305555557,temperature
2024-05-19T00:00:00Z,ccre,10,10.393712291666668,temperature
2024-05-19T00:00:00Z,ccre,11,10.19385076388889,temperature
2024-05-19T00:00:00Z,ccre,12,9.790055597222224,temperature
2024-05-19T00:00:00Z,ccre,13,9.596919145833333,temperature
2024-05-20T00:00:00Z,ccre,1,22.39319659722222,temperature
2024-05-20T00:00:00Z,ccre,2,21.724138125,temperature
2024-05-20T00:00:00Z,ccre,3,21.25316486111111,temperature
2024-05-20T00:00:00Z,ccre,4,20.5000925,temperature
2024-05-20T00:00:00Z,ccre,5,17.508622222222222,temperature
2024-05-20T00:00:00Z,ccre,6,14.821595833333332,temperature
2024-05-20T00:00:00Z,ccre,7,13.152536180555556,temperature
2024-05-20T00:00:00Z,ccre,8,12.06230263888889,temperature
2024-05-20T00:00:00Z,ccre,9,11.251483125,temperature
2024-05-20T00:00:00Z,ccre,10,10.455346180555557,temperature
2024-05-20T00:00:00Z,ccre,11,10.268024583333334,temperature
2024-05-20T00:00:00Z,ccre,12,9.8547024375,temperature
2024-05-20T00:00:00Z,ccre,13,9.612311340277778,temperature
2024-05-21T00:00:00Z,ccre,1,23.080225,temperature
2024-05-21T00:00:00Z,ccre,2,22.29252,temperature
2024-05-21T00:00:00Z,ccre,3,21.587300625,temperature
2024-05-21T00:00:00Z,ccre,4,20.061067083333334,temperature
2024-05-21T00:00:00Z,ccre,5,17.613074722222223,temperature
2024-05-21T00:00:00Z,ccre,6,15.291151319444444,temperature
2024-05-21T00:00:00Z,ccre,7,13.491107430555555,temperature
2024-05-21T00:00:00Z,ccre,8,12.291129930555556,temperature
2024-05-21T00:00:00Z,ccre,9,11.36294340277778,temperature
2024-05-21T00:00:00Z,ccre,10,10.417311041666666,temperature
2024-05-21T00:00:00Z,ccre,11,10.220196527777778,temperature
2024-05-21T00:00:00Z,ccre,12,9.803208916666668,temperature
2024-05-21T00:00:00Z,ccre,13,9.649513284722222,temperature
2024-05-22T00:00:00Z,ccre,1,23.6554375,temperature
2024-05-22T00:00:00Z,ccre,2,22.77347125,temperature
2024-05-22T00:00:00Z,ccre,3,22.03017201388889,temperature
2024-05-22T00:00:00Z,ccre,4,20.49036826388889,temperature
2024-05-22T00:00:00Z,ccre,5,18.23842652777778,temperature
2024-05-22T00:00:00Z,ccre,6,15.191170555555557,temperature
2024-05-22T00:00:00Z,ccre,7,13.25466625,temperature
2024-05-22T00:00:00Z,ccre,8,12.140112986111111,temperature
2024-05-22T00:00:00Z,ccre,9,11.332618055555557,temperature
2024-05-22T00:00:00Z,ccre,10,10.514198472222224,temperature
2024-05-22T00:00:00Z,ccre,11,10.317695347222225,temperature
2024-05-22T00:00:00Z,ccre,12,9.88007225,temperature
2024-05-22T00:00:00Z,ccre,13,9.6774121875,temperature
2024-05-23T00:00:00Z,ccre,1,24.350130625,temperature
2024-05-23T00:00:00Z,ccre,2,23.457669097222222,temperature
2024-05-23T00:00:00Z,ccre,3,22.282804513888887,temperature
2024-05-23T00:00:00Z,ccre,4,20.466550069444445,temperature
2024-05-23T00:00:00Z,ccre,5,17.890866388888888,temperature
2024-05-23T00:00:00Z,ccre,6,15.425311527777778,temperature
2024-05-23T00:00:00Z,ccre,7,13.519797569444444,temperature
2024-05-23T00:00:00Z,ccre,8,12.309691875,temperature
2024-05-23T00:00:00Z,ccre,9,11.361500833333332,temperature
2024-05-23T00:00:00Z,ccre,10,10.429101805555556,temperature
2024-05-23T00:00:00Z,ccre,11,10.235727152777775,temperature
2024-05-23T00:00:00Z,ccre,12,9.832539194444443,temperature
2024-05-23T00:00:00Z,ccre,13,9.701666493055557,temperature
2024-05-24T00:00:00Z,ccre,1,24.33354548611111,temperature
2024-05-24T00:00:00Z,ccre,2,24.041268333333335,temperature
2024-05-24T00:00:00Z,ccre,3,23.269499375,temperature
2024-05-24T00:00:00Z,ccre,4,21.33548118055555,temperature
2024-05-24T00:00:00Z,ccre,5,18.71769284722222,temperature
2024-05-24T00:00:00Z,ccre,6,15.52973090277778,temperature
2024-05-24T00:00:00Z,ccre,7,13.413038472222222,temperature
2024-05-24T00:00:00Z,ccre,8,12.141681319444444,temperature
2024-05-24T00:00:00Z,ccre,9,11.29378340277778,temperature
2024-05-24T00:00:00Z,ccre,10,10.477282569444444,temperature
2024-05-24T00:00:00Z,ccre,11,10.289868958333331,temperature
2024-05-24T00:00:00Z,ccre,12,9.91958157638889,temperature
2024-05-24T00:00:00Z,ccre,13,9.73656975,temperature
2024-05-25T00:00:00Z,ccre,1,24.82665659722222,temperature
2024-05-25T00:00:00Z,ccre,2,24.58623423611111,temperature
2024-05-25T00:00:00Z,ccre,3,23.25041701388889,temperature
2024-05-25T00:00:00Z,ccre,4,20.672400763888888,temperature
2024-05-25T00:00:00Z,ccre,5,18.58698902777778,temperature
2024-05-25T00:00:00Z,ccre,6,16.001835208333333,temperature
2024-05-25T00:00:00Z,ccre,7,13.809293680555555,temperature
2024-05-25T00:00:00Z,ccre,8,12.426870625,temperature
2024-05-25T00:00:00Z,ccre,9,11.457053541666667,temperature
2024-05-25T00:00:00Z,ccre,10,10.48482923611111,temperature
2024-05-25T00:00:00Z,ccre,11,10.277050763888887,temperature
2024-05-25T00:00:00Z,ccre,12,9.885503375,temperature
2024-05-25T00:00:00Z,ccre,13,9.747431430555556,temperature
2024-05-26T00:00:00Z,ccre,1,24.912770694444443,temperature
2024-05-26T00:00:00Z,ccre,2,24.71800923611111,temperature
2024-05-26T00:00:00Z,ccre,3,22.713021875,temperature
2024-05-26T00:00:00Z,ccre,4,21.054424097222224,temperature
2024-05-26T00:00:00Z,ccre,5,18.637951736111113,temperature
2024-05-26T00:00:00Z,ccre,6,15.634619444444445,temperature
2024-05-26T00:00:00Z,ccre,7,13.65263888888889,temperature
2024-05-26T00:00:00Z,ccre,8,12.432656388888889,temperature
2024-05-26T00:00:00Z,ccre,9,11.500442291666667,temperature
2024-05-26T00:00:00Z,ccre,10,10.542772847222222,temperature
2024-05-26T00:00:00Z,ccre,11,10.329361041666669,temperature
2024-05-26T00:00:00Z,ccre,12,9.950177604166669,temperature
2024-05-26T00:00:00Z,ccre,13,9.780097569444443,temperature
2024-05-27T00:00:00Z,ccre,1,24.639261666666663,temperature
2024-05-27T00:00:00Z,ccre,2,24.2299075,temperature
2024-05-27T00:00:00Z,ccre,3,22.63197597222222,temperature
2024-05-27T00:00:00Z,ccre,4,21.408006597222226,temperature
2024-05-27T00:00:00Z,ccre,5,19.004755347222225,temperature
2024-05-27T00:00:00Z,ccre,6,16.2322825,temperature
2024-05-27T00:00:00Z,ccre,7,13.938960277777776,temperature
2024-05-27T00:00:00Z,ccre,8,12.508454444444444,temperature
2024-05-27T00:00:00Z,ccre,9,11.444374375,temperature
2024-05-27T00:00:00Z,ccre,10,10.499112569444444,temperature
2024-05-27T00:00:00Z,ccre,11,10.322108541666667,temperature
2024-05-27T00:00:00Z,ccre,12,9.934973034722224,temperature
2024-05-27T00:00:00Z,ccre,13,9.778170027777778,temperature
2024-05-28T00:00:00Z,ccre,1,24.406132708333335,temperature
2024-05-28T00:00:00Z,ccre,2,24.381502986111112,temperature
2024-05-28T00:00:00Z,ccre,3,24.035505833333332,temperature
2024-05-28T00:00:00Z,ccre,4,22.485761666666665,temperature
2024-05-28T00:00:00Z,ccre,5,19.182368611111112,temperature
2024-05-28T00:00:00Z,ccre,6,15.937139791666668,temperature
2024-05-28T00:00:00Z,ccre,7,13.841367638888888,temperature
2024-05-28T00:00:00Z,ccre,8,12.43366965277778,temperature
2024-05-28T00:00:00Z,ccre,9,11.453235069444444,temperature
2024-05-28T00:00:00Z,ccre,10,10.559337777777776,temperature
2024-05-28T00:00:00Z,ccre,11,10.358976041666669,temperature
2024-05-28T00:00:00Z,ccre,12,9.961148166666666,temperature
2024-05-28T00:00:00Z,ccre,13,9.803135305555555,temperature
2024-05-29T00:00:00Z,ccre,1,24.122889930555555,temperature
2024-05-29T00:00:00Z,ccre,2,24.117511458333333,temperature
2024-05-29T00:00:00Z,ccre,3,24.11423486111111,temperature
2024-05-29T00:00:00Z,ccre,4,23.077446666666667,temperature
2024-05-29T00:00:00Z,ccre,5,19.21323,temperature
2024-05-29T00:00:00Z,ccre,6,16.632650138888888,temperature
2024-05-29T00:00:00Z,ccre,7,14.123353333333334,temperature
2024-05-29T00:00:00Z,ccre,8,12.421495625,temperature
2024-05-29T00:00:00Z,ccre,9,11.448874444444444,temperature
2024-05-29T00:00:00Z,ccre,10,10.496694722222225,temperature
2024-05-29T00:00:00Z,ccre,11,10.314503333333333,temperature
2024-05-29T00:00:00Z,ccre,12,9.951276347222224,temperature
2024-05-29T00:00:00Z,ccre,13,9.826481548611111,temperature
2024-05-30T00:00:00Z,ccre,1,24.027473819444445,temperature
2024-05-30T00:00:00Z,ccre,2,24.00963298611111,temperature
2024-05-30T00:00:00Z,ccre,3,23.954645763888887,temperature
2024-05-30T00:00:00Z,ccre,4,23.533950555555556,temperature
2024-05-30T00:00:00Z,ccre,5,20.921543472222226,temperature
2024-05-30T00:00:00Z,ccre,6,16.219303541666665,temperature
2024-05-30T00:00:00Z,ccre,7,14.053181041666669,temperature
2024-05-30T00:00:00Z,ccre,8,12.620143194444443,temperature
2024-05-30T00:00:00Z,ccre,9,11.615089097222222,temperature
2024-05-30T00:00:00Z,ccre,10,10.597350694444444,temperature
2024-05-30T00:00:00Z,ccre,11,10.390230486111111,temperature
2024-05-30T00:00:00Z,ccre,12,10.011606902777778,temperature
2024-05-30T00:00:00Z,ccre,13,9.853512888888888,temperature
2024-05-31T00:00:00Z,ccre,1,23.848833055555556,temperature
2024-05-31T00:00:00Z,ccre,2,23.780552222222223,temperature
2024-05-31T00:00:00Z,ccre,3,23.744348333333335,temperature
2024-05-31T00:00:00Z,ccre,4,23.640661805555556,temperature
2024-05-31T00:00:00Z,ccre,5,20.321308125,temperature
2024-05-31T00:00:00Z,ccre,6,16.472699791666667,temperature
2024-05-31T00:00:00Z,ccre,7,14.133715763888889,temperature
2024-05-31T00:00:00Z,ccre,8,12.555609930555557,temperature
2024-05-31T00:00:00Z,ccre,9,11.509332013888889,temperature
2024-05-31T00:00:00Z,ccre,10,10.574730833333334,temperature
2024-05-31T00:00:00Z,ccre,11,10.371187083333334,temperature
2024-05-31T00:00:00Z,ccre,12,10.0152489375,temperature
2024-05-31T00:00:00Z,ccre,13,9.869168368055556,temperature
2024-06-01T00:00:00Z,ccre,1,23.64442534722222,temperature
2024-06-01T00:00:00Z,ccre,2,23.525015,temperature
2024-06-01T00:00:00Z,ccre,3,23.419626458333333,temperature
2024-06-01T00:00:00Z,ccre,4,22.908297222222224,temperature
2024-06-01T00:00:00Z,ccre,5,19.653608333333334,temperature
2024-06-01T00:00:00Z,ccre,6,17.01560604166667,temperature
2024-06-01T00:00:00Z,ccre,7,14.479416875,temperature
2024-06-01T00:00:00Z,ccre,8,12.77832534722222,temperature
2024-06-01T00:00:00Z,ccre,9,11.622815972222222,temperature
2024-06-01T00:00:00Z,ccre,10,10.628088194444445,temperature
2024-06-01T00:00:00Z,ccre,11,10.41129798611111,temperature
2024-06-01T00:00:00Z,ccre,12,10.041508069444443,temperature
2024-06-01T00:00:00Z,ccre,13,9.904051895833334,temperature
2024-06-02T00:00:00Z,ccre,1,23.261684097222226,temperature
2024-06-02T00:00:00Z,ccre,2,23.19280625,temperature
2024-06-02T00:00:00Z,ccre,3,23.144094583333334,temperature
2024-06-02T00:00:00Z,ccre,4,22.705074791666668,temperature
2024-06-02T00:00:00Z,ccre,5,20.87241013888889,temperature
2024-06-02T00:00:00Z,ccre,6,16.936745277777778,temperature
2024-06-02T00:00:00Z,ccre,7,14.270686736111111,temperature
2024-06-02T00:00:00Z,ccre,8,12.664783055555557,temperature
2024-06-02T00:00:00Z,ccre,9,11.58491034722222,temperature
2024-06-02T00:00:00Z,ccre,10,10.599431527777778,temperature
2024-06-02T00:00:00Z,ccre,11,10.415945,temperature
2024-06-02T00:00:00Z,ccre,12,10.03715686111111,temperature
2024-06-02T00:00:00Z,ccre,13,9.914390805555556,temperature
2024-06-03T00:00:00Z,ccre,1,23.43802284722222,temperature
2024-06-03T00:00:00Z,ccre,2,23.13905527777778,temperature
2024-06-03T00:00:00Z,ccre,3,23.05691736111111,temperature
2024-06-03T00:00:00Z,ccre,4,22.937398263888888,temperature
2024-06-03T00:00:00Z,ccre,5,21.00127875,temperature
2024-06-03T00:00:00Z,ccre,6,17.234841319444445,temperature
2024-06-03T00:00:00Z,ccre,7,14.566737291666668,temperature
2024-06-03T00:00:00Z,ccre,8,12.772283194444444,temperature
2024-06-03T00:00:00Z,ccre,9,11.610828333333334,temperature
2024-06-03T00:00:00Z,ccre,10,10.557863680555556,temperature
2024-06-03T00:00:00Z,ccre,11,10.37785125,temperature
2024-06-03T00:00:00Z,ccre,12,10.050353375,temperature
2024-06-03T00:00:00Z,ccre,13,9.926555638888887,temperature
2024-06-04T00:00:00Z,ccre,1,24.129122847222224,temperature
2024-06-04T00:00:00Z,ccre,2,23.548649375,temperature
2024-06-04T00:00:00Z,ccre,3,23.37360368055555,temperature
2024-06-04T00:00:00Z,ccre,4,23.202903541666668,temperature
2024-06-04T00:00:00Z,ccre,5,20.70417506944445,temperature
2024-06-04T00:00:00Z,ccre,6,17.116383194444445,temperature
2024-06-04T00:00:00Z,ccre,7,14.760556041666666,temperature
2024-06-04T00:00:00Z,ccre,8,12.969759513888889,temperature
2024-06-04T00:00:00Z,ccre,9,11.704821527777778,temperature
2024-06-04T00:00:00Z,ccre,10,10.649395347222224,temperature
2024-06-04T00:00:00Z,ccre,11,10.452568680555556,temperature
2024-06-04T00:00:00Z,ccre,12,10.096470069444443,temperature
2024-06-04T00:00:00Z,ccre,13,9.943036368055555,temperature
2024-06-05T00:00:00Z,ccre,1,24.187150833333337,temperature
2024-06-05T00:00:00Z,ccre,2,23.807157430555556,temperature
2024-06-05T00:00:00Z,ccre,3,23.575237916666666,temperature
2024-06-05T00:00:00Z,ccre,4,23.079670486111112,temperature
2024-06-05T00:00:00Z,ccre,5,21.151495416666663,temperature
2024-06-05T00:00:00Z,ccre,6,17.699911666666665,temperature
2024-06-05T00:00:00Z,ccre,7,14.687429444444444,temperature
2024-06-05T00:00:00Z,ccre,8,12.842927708333333,temperature
2024-06-05T00:00:00Z,ccre,9,11.718376458333331,temperature
2024-06-05T00:00:00Z,ccre,10,10.645520416666669,temperature
2024-06-05T00:00:00Z,ccre,11,10.441083263888888,temperature
2024-06-05T00:00:00Z,ccre,12,10.087435486111112,temperature
2024-06-05T00:00:00Z,ccre,13,9.951545722222225,temperature
2024-06-06T00:00:00Z,ccre,1,24.470131875,temperature
2024-06-06T00:00:00Z,ccre,2,24.313356319444445,temperature
2024-06-06T00:00:00Z,ccre,3,23.76554173611111,temperature
2024-06-06T00:00:00Z,ccre,4,23.026648333333338,temperature
2024-06-06T00:00:00Z,ccre,5,21.096841458333333,temperature
2024-06-06T00:00:00Z,ccre,6,17.56301263888889,temperature
2024-06-06T00:00:00Z,ccre,7,14.742105902777778,temperature
2024-06-06T00:00:00Z,ccre,8,12.983870625,temperature
2024-06-06T00:00:00Z,ccre,9,11.823840902777778,temperature
2024-06-06T00:00:00Z,ccre,10,10.678555555555556,temperature
2024-06-06T00:00:00Z,ccre,11,10.462987847222225,temperature
2024-06-06T00:00:00Z,ccre,12,10.116103958333332,temperature
2024-06-06T00:00:00Z,ccre,13,9.978195722222225,temperature
2024-06-07T00:00:00Z,ccre,1,24.446195694444445,temperature
2024-06-07T00:00:00Z,ccre,2,24.414424305555556,temperature
2024-06-07T00:00:00Z,ccre,3,24.362590347222223,temperature
2024-06-07T00:00:00Z,ccre,4,23.832344513888888,temperature
2024-06-07T00:00:00Z,ccre,5,22.263903194444445,temperature
2024-06-07T00:00:00Z,ccre,6,18.134218194444443,temperature
2024-06-07T00:00:00Z,ccre,7,15.089694097222225,temperature
2024-06-07T00:00:00Z,ccre,8,12.964527083333332,temperature
2024-06-07T00:00:00Z,ccre,9,11.682949305555557,temperature
2024-06-07T00:00:00Z,ccre,10,10.634016875,temperature
2024-06-07T00:00:00Z,ccre,11,10.448900416666667,temperature
2024-06-07T00:00:00Z,ccre,12,10.12586375,temperature
2024-06-07T00:00:00Z,ccre,13,9.976658694444444,temperature
2024-06-08T00:00:00Z,ccre,1,24.933015625,temperature
2024-06-08T00:00:00Z,ccre,2,24.819152430555555,temperature
2024-06-08T00:00:00Z,ccre,3,24.306932777777774,temperature
2024-06-08T00:00:00Z,ccre,4,24.08442611111111,temperature
2024-06-08T00:00:00Z,ccre,5,22.293751041666667,temperature
2024-06-08T00:00:00Z,ccre,6,17.844767569444443,temperature
2024-06-08T00:00:00Z,ccre,7,15.086169305555556,temperature
2024-06-08T00:00:00Z,ccre,8,13.054631458333333,temperature
2024-06-08T00:00:00Z,ccre,9,11.730467083333334,temperature
2024-06-08T00:00:00Z,ccre,10,10.688688541666666,temperature
2024-06-08T00:00:00Z,ccre,11,10.493348263888889,temperature
2024-06-08T00:00:00Z,ccre,12,10.13656298611111,temperature
2024-06-08T00:00:00Z,ccre,13,9.9993130625,temperature
2024-06-09T00:00:00Z,ccre,1,25.036253402777778,temperature
2024-06-09T00:00:00Z,ccre,2,25.02158138888889,temperature
2024-06-09T00:00:00Z,ccre,3,24.982143333333333,temperature
2024-06-09T00:00:00Z,ccre,4,24.18077736111111,temperature
2024-06-09T00:00:00Z,ccre,5,21.64036888888889,temperature
2024-06-09T00:00:00Z,ccre,6,19.08103263888889,temperature
2024-06-09T00:00:00Z,ccre,7,15.304404375,temperature
2024-06-09T00:00:00Z,ccre,8,13.110493055555557,temperature
2024-06-09T00:00:00Z,ccre,9,11.827624166666666,temperature
2024-06-09T00:00:00Z,ccre,10,10.727928819444443,temperature
2024-06-09T00:00:00Z,ccre,11,10.52738,temperature
2024-06-09T00:00:00Z,ccre,12,10.165057708333332,temperature
2024-06-09T00:00:00Z,ccre,13,10.030084444444444,temperature
2024-06-10T00:00:00Z,ccre,1,24.698988680555555,temperature
2024-06-10T00:00:00Z,ccre,2,24.70207041666667,temperature
2024-06-10T00:00:00Z,ccre,3,24.68547840277778,temperature
2024-06-10T00:00:00Z,ccre,4,24.167845486111112,temperature
2024-06-10T00:00:00Z,ccre,5,22.17451965277778,temperature
2024-06-10T00:00:00Z,ccre,6,18.22633430555555,temperature
2024-06-10T00:00:00Z,ccre,7,15.32488326388889,temperature
2024-06-10T00:00:00Z,ccre,8,13.254550555555555,temperature
2024-06-10T00:00:00Z,ccre,9,11.968657152777778,temperature
2024-06-10T00:00:00Z,ccre,10,10.721851041666667,temperature
2024-06-10T00:00:00Z,ccre,11,10.520362638888887,temperature
2024-06-10T00:00:00Z,ccre,12,10.184937847222225,temperature
2024-06-10T00:00:00Z,ccre,13,10.043627986111112,temperature
2024-06-11T00:00:00Z,ccre,1,24.52923,temperature
2024-06-11T00:00:00Z,ccre,2,24.51402826388889,temperature
2024-06-11T00:00:00Z,ccre,3,24.35715,temperature
2024-06-11T00:00:00Z,ccre,4,24.24800736111111,temperature
2024-06-11T00:00:00Z,ccre,5,23.70143611111111,temperature
2024-06-11T00:00:00Z,ccre,6,18.72938701388889,temperature
2024-06-11T00:00:00Z,ccre,7,15.263599444444443,temperature
2024-06-11T00:00:00Z,ccre,8,13.108638819444444,temperature
2024-06-11T00:00:00Z,ccre,9,11.789161041666668,temperature
2024-06-11T00:00:00Z,ccre,10,10.738183541666666,temperature
2024-06-11T00:00:00Z,ccre,11,10.537010486111113,temperature
2024-06-11T00:00:00Z,ccre,12,10.203911875,temperature
2024-06-11T00:00:00Z,ccre,13,10.060805972222225,temperature
2024-06-12T00:00:00Z,ccre,1,24.60796861111111,temperature
2024-06-12T00:00:00Z,ccre,2,24.532969583333333,temperature
2024-06-12T00:00:00Z,ccre,3,24.425719166666667,temperature
2024-06-12T00:00:00Z,ccre,4,24.24934138888889,temperature
2024-06-12T00:00:00Z,ccre,5,22.855172430555555,temperature
2024-06-12T00:00:00Z,ccre,6,18.613143472222223,temperature
2024-06-12T00:00:00Z,ccre,7,15.830540416666668,temperature
2024-06-12T00:00:00Z,ccre,8,13.486740625,temperature
2024-06-12T00:00:00Z,ccre,9,11.931852847222222,temperature
2024-06-12T00:00:00Z,ccre,10,10.745266180555555,temperature
2024-06-12T00:00:00Z,ccre,11,10.559155833333334,temperature
2024-06-12T00:00:00Z,ccre,12,10.219923402777775,temperature
2024-06-12T00:00:00Z,ccre,13,10.090715972222222,temperature
2024-06-13T00:00:00Z,ccre,1,24.890368958333333,temperature
2024-06-13T00:00:00Z,ccre,2,24.62491861111111,temperature
2024-06-13T00:00:00Z,ccre,3,24.39920652777778,temperature
2024-06-13T00:00:00Z,ccre,4,23.974782430555557,temperature
2024-06-13T00:00:00Z,ccre,5,22.916128333333333,temperature
2024-06-13T00:00:00Z,ccre,6,19.545415625,temperature
2024-06-13T00:00:00Z,ccre,7,15.564952291666666,temperature
2024-06-13T00:00:00Z,ccre,8,13.294759791666667,temperature
2024-06-13T00:00:00Z,ccre,9,11.944107291666668,temperature
2024-06-13T00:00:00Z,ccre,10,10.835837777777778,temperature
2024-06-13T00:00:00Z,ccre,11,10.619586875,temperature
2024-06-13T00:00:00Z,ccre,12,10.262760208333331,temperature
2024-06-13T00:00:00Z,ccre,13,10.128772291666667,temperature
2024-06-14T00:00:00Z,ccre,1,25.576060208333335,temperature
2024-06-14T00:00:00Z,ccre,2,25.27252111111111,temperature
2024-06-14T00:00:00Z,ccre,3,24.750414444444445,temperature
2024-06-14T00:00:00Z,ccre,4,24.544968611111113,temperature
2024-06-14T00:00:00Z,ccre,5,23.54571361111111,temperature
2024-06-14T00:00:00Z,ccre,6,19.137793680555557,temperature
2024-06-14T00:00:00Z,ccre,7,15.593336944444443,temperature
2024-06-14T00:00:00Z,ccre,8,13.426989236111112,temperature
2024-06-14T00:00:00Z,ccre,9,11.970906805555556,temperature
2024-06-14T00:00:00Z,ccre,10,10.769600208333332,temperature
2024-06-14T00:00:00Z,ccre,11,10.563120972222222,temperature
2024-06-14T00:00:00Z,ccre,12,10.270999583333332,temperature
2024-06-14T00:00:00Z,ccre,13,10.145735208333331,temperature
2024-06-15T00:00:00Z,ccre,1,26.174650486111112,temperature
2024-06-15T00:00:00Z,ccre,2,25.98214125,temperature
2024-06-15T00:00:00Z,ccre,3,25.745619861111113,temperature
2024-06-15T00:00:00Z,ccre,4,25.355574027777777,temperature
2024-06-15T00:00:00Z,ccre,5,23.198871875,temperature
2024-06-15T00:00:00Z,ccre,6,19.57144701388889,temperature
2024-06-15T00:00:00Z,ccre,7,16.225787222222223,temperature
2024-06-15T00:00:00Z,ccre,8,13.44480090277778,temperature
2024-06-15T00:00:00Z,ccre,9,11.865517638888887,temperature
2024-06-15T00:00:00Z,ccre,10,10.795833125,temperature
2024-06-15T00:00:00Z,ccre,11,10.612416458333334,temperature
2024-06-15T00:00:00Z,ccre,12,10.317275347222225,temperature
2024-06-15T00:00:00Z,ccre,13,10.170327847222222,temperature
2024-06-16T00:00:00Z,ccre,1,26.079589513888887,temperature
2024-06-16T00:00:00Z,ccre,2,25.868618680555556,temperature
2024-06-16T00:00:00Z,ccre,3,25.499092222222224,temperature
2024-06-16T00:00:00Z,ccre,4,24.543859444444443,temperature
2024-06-16T00:00:00Z,ccre,5,22.815912916666665,temperature
2024-06-16T00:00:00Z,ccre,6,19.743833680555557,temperature
2024-06-16T00:00:00Z,ccre,7,16.190298402777778,temperature
2024-06-16T00:00:00Z,ccre,8,13.785386944444443,temperature
2024-06-16T00:00:00Z,ccre,9,12.065581180555556,temperature
2024-06-16T00:00:00Z,ccre,10,10.864006944444444,temperature
2024-06-16T00:00:00Z,ccre,11,10.646784375,temperature
2024-06-16T00:00:00Z,ccre,12,10.324097152777778,temperature
2024-06-16T00:00:00Z,ccre,13,10.19363597222222,temperature
2024-06-17T00:00:00Z,ccre,1,26.324943125,temperature
2024-06-17T00:00:00Z,ccre,2,25.83081909722222,temperature
2024-06-17T00:00:00Z,ccre,3,25.541721388888888,temperature
2024-06-17T00:00:00Z,ccre,4,24.945782291666667,temperature
2024-06-17T00:00:00Z,ccre,5,23.846483958333337,temperature
2024-06-17T00:00:00Z,ccre,6,20.264046666666665,temperature
2024-06-17T00:00:00Z,ccre,7,16.18699951388889,temperature
2024-06-17T00:00:00Z,ccre,8,13.57784277777778,temperature
2024-06-17T00:00:00Z,ccre,9,12.006492847222225,temperature
2024-06-17T00:00:00Z,ccre,10,10.903654583333331,temperature
2024-06-17T00:00:00Z,ccre,11,10.701123958333334,temperature
2024-06-17T00:00:00Z,ccre,12,10.363824722222224,temperature
2024-06-17T00:00:00Z,ccre,13,10.223674305555557,temperature
2024-06-18T00:00:00Z,ccre,1,26.456474583333332,temperature
2024-06-18T00:00:00Z,ccre,2,26.17335451388889,temperature
2024-06-18T00:00:00Z,ccre,3,26.001589166666665,temperature
2024-06-18T00:00:00Z,ccre,4,25.524224375,temperature
2024-06-18T00:00:00Z,ccre,5,23.60675868055555,temperature
2024-06-18T00:00:00Z,ccre,6,20.334378402777777,temperature
2024-06-18T00:00:00Z,ccre,7,16.633742986111113,temperature
2024-06-18T00:00:00Z,ccre,8,13.903985486111113,temperature
2024-06-18T00:00:00Z,ccre,9,12.126145,temperature
2024-06-18T00:00:00Z,ccre,10,10.85718298611111,temperature
2024-06-18T00:00:00Z,ccre,11,10.670243541666666,temperature
2024-06-18T00:00:00Z,ccre,12,10.369003055555556,temperature
2024-06-18T00:00:00Z,ccre,13,10.254820694444444,temperature
2024-06-19T00:00:00Z,ccre,1,26.794262083333333,temperature
2024-06-19T00:00:00Z,ccre,2,26.596542638888888,temperature
2024-06-19T00:00:00Z,ccre,3,26.422528333333332,temperature
2024-06-19T00:00:00Z,ccre,4,25.946929444444443,temperature
2024-06-19T00:00:00Z,ccre,5,24.011163541666665,temperature
2024-06-19T00:00:00Z,ccre,6,20.519596875,temperature
2024-06-19T00:00:00Z,ccre,7,16.543528194444445,temperature
2024-06-19T00:00:00Z,ccre,8,13.84745986111111,temperature
2024-06-19T00:00:00Z,ccre,9,12.195493055555556,temperature
2024-06-19T00:00:00Z,ccre,10,10.970983125,temperature
2024-06-19T00:00:00Z,ccre,11,10.76577576388889,temperature
2024-06-19T00:00:00Z,ccre,12,10.415506180555557,temperature
2024-06-19T00:00:00Z,ccre,13,10.287082569444443,temperature
2024-06-20T00:00:00Z,ccre,1,27.233201597222223,temperature
2024-06-20T00:00:00Z,ccre,2,27.036482638888888,temperature
2024-06-20T00:00:00Z,ccre,3,26.772171041666667,temperature
2024-06-20T00:00:00Z,ccre,4,26.172376180555556,temperature
2024-06-20T00:00:00Z,ccre,5,23.99456027777778,temperature
2024-06-20T00:00:00Z,ccre,6,20.837417847222223,temperature
2024-06-20T00:00:00Z,ccre,7,16.848026597222223,temperature
2024-06-20T00:00:00Z,ccre,8,13.904174166666667,temperature
2024-06-20T00:00:00Z,ccre,9,12.116305347222225,temperature
2024-06-20T00:00:00Z,ccre,10,10.911604305555556,temperature
2024-06-20T00:00:00Z,ccre,11,10.723507222222224,temperature
2024-06-20T00:00:00Z,ccre,12,10.413834930555556,temperature
2024-06-20T00:00:00Z,ccre,13,10.301409930555556,temperature
2024-06-21T00:00:00Z,ccre,1,27.509810555555557,temperature
2024-06-21T00:00:00Z,ccre,2,27.230741666666667,temperature
2024-06-21T00:00:00Z,ccre,3,26.957352152777776,temperature
2024-06-21T00:00:00Z,ccre,4,26.519523125,temperature
2024-06-21T00:00:00Z,ccre,5,24.343756875,temperature
2024-06-21T00:00:00Z,ccre,6,20.917360208333335,temperature
2024-06-21T00:00:00Z,ccre,7,16.94640548611111,temperature
2024-06-21T00:00:00Z,ccre,8,13.979156388888889,temperature
2024-06-21T00:00:00Z,ccre,9,12.218013611111113,temperature
2024-06-21T00:00:00Z,ccre,10,10.960340277777778,temperature
2024-06-21T00:00:00Z,ccre,11,10.766830486111113,temperature
2024-06-21T00:00:00Z,ccre,12,10.454342291666666,temperature
2024-06-21T00:00:00Z,ccre,13,10.329315416666669,temperature
2024-06-22T00:00:00Z,ccre,1,27.975277083333335,temperature
2024-06-22T00:00:00Z,ccre,2,27.586074583333332,temperature
2024-06-22T00:00:00Z,ccre,3,27.31645805555555,temperature
2024-06-22T00:00:00Z,ccre,4,26.550234652777775,temperature
2024-06-22T00:00:00Z,ccre,5,24.503696597222223,temperature
2024-06-22T00:00:00Z,ccre,6,21.135222708333337,temperature
2024-06-22T00:00:00Z,ccre,7,17.278830902777777,temperature
2024-06-22T00:00:00Z,ccre,8,14.204991319444444,temperature
2024-06-22T00:00:00Z,ccre,9,12.315787430555556,temperature
2024-06-22T00:00:00Z,ccre,10,10.970935486111111,temperature
2024-06-22T00:00:00Z,ccre,11,10.77072201388889,temperature
2024-06-22T00:00:00Z,ccre,12,10.464378958333333,temperature
2024-06-22T00:00:00Z,ccre,13,10.348667083333334,temperature
2024-06-23T00:00:00Z,ccre,1,27.662376666666667,temperature
2024-06-23T00:00:00Z,ccre,2,27.623021666666663,temperature
2024-06-23T00:00:00Z,ccre,3,27.447556319444445,temperature
2024-06-23T00:00:00Z,ccre,4,26.27986715277778,temperature
2024-06-23T00:00:00Z,ccre,5,24.664578055555555,temperature
2024-06-23T00:00:00Z,ccre,6,21.493720833333334,temperature
2024-06-23T00:00:00Z,ccre,7,17.820703125,temperature
2024-06-23T00:00:00Z,ccre,8,14.386970069444445,temperature
2024-06-23T00:00:00Z,ccre,9,12.311055625,temperature
2024-06-23T00:00:00Z,ccre,10,11.010395277777778,temperature
2024-06-23T00:00:00Z,ccre,11,10.812715,temperature
2024-06-23T00:00:00Z,ccre,12,10.506683819444444,temperature
2024-06-23T00:00:00Z,ccre,13,10.374411319444445,temperature
2024-06-24T00:00:00Z,ccre,1,27.849709166666667,temperature
2024-06-24T00:00:00Z,ccre,2,27.859245625,temperature
2024-06-24T00:00:00Z,ccre,3,27.904722638888888,temperature
2024-06-24T00:00:00Z,ccre,4,27.660506597222223,temperature
2024-06-24T00:00:00Z,ccre,5,27.04456298611111,temperature
2024-06-24T00:00:00Z,ccre,6,22.276133263888887,temperature
2024-06-24T00:00:00Z,ccre,7,17.444040833333332,temperature
2024-06-24T00:00:00Z,ccre,8,14.091878125,temperature
2024-06-24T00:00:00Z,ccre,9,12.228676805555557,temperature
2024-06-24T00:00:00Z,ccre,10,11.027329166666666,temperature
2024-06-24T00:00:00Z,ccre,11,10.836991041666666,temperature
2024-06-24T00:00:00Z,ccre,12,10.5318475,temperature
2024-06-24T00:00:00Z,ccre,13,10.387638611111113,temperature
2024-06-25T00:00:00Z,ccre,1,28.027270694444443,temperature
2024-06-25T00:00:00Z,ccre,2,27.766580138888887,temperature
2024-06-25T00:00:00Z,ccre,3,27.68869777777778,temperature
2024-06-25T00:00:00Z,ccre,4,27.43689625,temperature
2024-06-25T00:00:00Z,ccre,5,25.712360347222223,temperature
2024-06-25T00:00:00Z,ccre,6,21.62872826388889,temperature
2024-06-25T00:00:00Z,ccre,7,18.13700652777778,temperature
2024-06-25T00:00:00Z,ccre,8,14.684801527777775,temperature
2024-06-25T00:00:00Z,ccre,9,12.365671597222224,temperature
2024-06-25T00:00:00Z,ccre,10,11.03015923611111,temperature
2024-06-25T00:00:00Z,ccre,11,10.838981180555557,temperature
2024-06-25T00:00:00Z,ccre,12,10.550738819444444,temperature
2024-06-25T00:00:00Z,ccre,13,10.42504826388889,temperature
2024-06-26T00:00:00Z,ccre,1,28.064095138888888,temperature
2024-06-26T00:00:00Z,ccre,2,27.936986666666662,temperature
2024-06-26T00:00:00Z,ccre,3,27.72434527777778,temperature
2024-06-26T00:00:00Z,ccre,4,27.402169791666665,temperature
2024-06-26T00:00:00Z,ccre,5,26.323854375,temperature
2024-06-26T00:00:00Z,ccre,6,22.518487430555556,temperature
2024-06-26T00:00:00Z,ccre,7,17.900196736111113,temperature
2024-06-26T00:00:00Z,ccre,8,14.717643888888889,temperature
2024-06-26T00:00:00Z,ccre,9,12.58951326388889,temperature
2024-06-26T00:00:00Z,ccre,10,11.126850416666668,temperature
2024-06-26T00:00:00Z,ccre,11,10.910137361111111,temperature
2024-06-26T00:00:00Z,ccre,12,10.593020486111111,temperature
2024-06-26T00:00:00Z,ccre,13,10.460682847222222,temperature
2024-06-27T00:00:00Z,ccre,1,28.314591666666665,temperature
2024-06-27T00:00:00Z,ccre,2,28.215379375,temperature
2024-06-27T00:00:00Z,ccre,3,28.158005694444444,temperature
2024-06-27T00:00:00Z,ccre,4,27.917157708333335,temperature
2024-06-27T00:00:00Z,ccre,5,27.08770138888889,temperature
2024-06-27T00:00:00Z,ccre,6,22.080114444444444,temperature
2024-06-27T00:00:00Z,ccre,7,18.093048680555555,temperature
2024-06-27T00:00:00Z,ccre,8,14.555538888888888,temperature
2024-06-27T00:00:00Z,ccre,9,12.386025833333331,temperature
2024-06-27T00:00:00Z,ccre,10,11.047959583333334,temperature
2024-06-27T00:00:00Z,ccre,11,10.880073263888889,temperature
2024-06-27T00:00:00Z,ccre,12,10.613331458333333,temperature
2024-06-27T00:00:00Z,ccre,13,10.50140375,temperature
2024-06-28T00:00:00Z,ccre,1,28.09367930555555,temperature
2024-06-28T00:00:00Z,ccre,2,28.048593958333335,temperature
2024-06-28T00:00:00Z,ccre,3,28.06524888888889,temperature
2024-06-28T00:00:00Z,ccre,4,27.923373541666667,temperature
2024-06-28T00:00:00Z,ccre,5,26.27152625,temperature
2024-06-28T00:00:00Z,ccre,6,22.454702013888888,temperature
2024-06-28T00:00:00Z,ccre,7,18.280674861111113,temperature
2024-06-28T00:00:00Z,ccre,8,14.628472430555556,temperature
2024-06-28T00:00:00Z,ccre,9,12.430615208333334,temperature
2024-06-28T00:00:00Z,ccre,10,11.148737013888889,temperature
2024-06-28T00:00:00Z,ccre,11,10.96705388888889,temperature
2024-06-28T00:00:00Z,ccre,12,10.686572013888888,temperature
2024-06-28T00:00:00Z,ccre,13,10.553892916666667,temperature
2024-06-29T00:00:00Z,ccre,1,28.029778472222223,temperature
2024-06-29T00:00:00Z,ccre,2,27.783138958333332,temperature
2024-06-29T00:00:00Z,ccre,3,27.68094013888889,temperature
2024-06-29T00:00:00Z,ccre,4,27.220892361111112,temperature
2024-06-29T00:00:00Z,ccre,5,25.865394652777777,temperature
2024-06-29T00:00:00Z,ccre,6,22.89873701388889,temperature
2024-06-29T00:00:00Z,ccre,7,18.450026875,temperature
2024-06-29T00:00:00Z,ccre,8,14.759208541666666,temperature
2024-06-29T00:00:00Z,ccre,9,12.423766111111112,temperature
2024-06-29T00:00:00Z,ccre,10,11.151035555555556,temperature
2024-06-29T00:00:00Z,ccre,11,10.989828958333334,temperature
2024-06-29T00:00:00Z,ccre,12,10.725412291666666,temperature
2024-06-29T00:00:00Z,ccre,13,10.603527916666666,temperature
2024-06-30T00:00:00Z,ccre,1,28.477517569444444,temperature
2024-06-30T00:00:00Z,ccre,2,28.398937083333333,temperature
2024-06-30T00:00:00Z,ccre,3,28.098887847222223,temperature
2024-06-30T00:00:00Z,ccre,4,27.766239791666667,temperature
2024-06-30T00:00:00Z,ccre,5,27.340760555555555,temperature
2024-06-30T00:00:00Z,ccre,6,23.16119388888889,temperature
2024-06-30T00:00:00Z,ccre,7,18.23397625,temperature
2024-06-30T00:00:00Z,ccre,8,14.644379652777776,temperature
2024-06-30T00:00:00Z,ccre,9,12.441775972222224,temperature
2024-06-30T00:00:00Z,ccre,10,11.218714375,temperature
2024-06-30T00:00:00Z,ccre,11,11.057016944444443,temperature
2024-06-30T00:00:00Z,ccre,12,10.791021666666667,temperature
2024-06-30T00:00:00Z,ccre,13,10.676565694444443,temperature
2024-07-01T00:00:00Z,ccre,1,28.375606875,temperature
2024-07-01T00:00:00Z,ccre,2,28.374207152777775,temperature
2024-07-01T00:00:00Z,ccre,3,28.403974027777775,temperature
2024-07-01T00:00:00Z,ccre,4,28.31753486111111,temperature
2024-07-01T00:00:00Z,ccre,5,28.15370555555555,temperature
2024-07-01T00:00:00Z,ccre,6,23.546465694444443,temperature
2024-07-01T00:00:00Z,ccre,7,18.70815909722222,temperature
2024-07-01T00:00:00Z,ccre,8,14.748090208333334,temperature
2024-07-01T00:00:00Z,ccre,9,12.514640277777778,temperature
2024-07-01T00:00:00Z,ccre,10,11.249804097222222,temperature
2024-07-01T00:00:00Z,ccre,11,11.099848680555557,temperature
2024-07-01T00:00:00Z,ccre,12,10.853008888888889,temperature
2024-07-01T00:00:00Z,ccre,13,10.737475416666667,temperature
2024-07-02T00:00:00Z,ccre,1,27.975118402777778,temperature
2024-07-02T00:00:00Z,ccre,2,27.872599444444443,temperature
2024-07-02T00:00:00Z,ccre,3,27.86694875,temperature
2024-07-02T00:00:00Z,ccre,4,27.716753611111113,temperature
2024-07-02T00:00:00Z,ccre,5,27.161305625,temperature
2024-07-02T00:00:00Z,ccre,6,22.943628333333333,temperature
2024-07-02T00:00:00Z,ccre,7,18.91398152777778,temperature
2024-07-02T00:00:00Z,ccre,8,15.105871805555555,temperature
2024-07-02T00:00:00Z,ccre,9,12.600804444444444,temperature
2024-07-02T00:00:00Z,ccre,10,11.343794652777778,temperature
2024-07-02T00:00:00Z,ccre,11,11.177152083333333,temperature
2024-07-02T00:00:00Z,ccre,12,10.913107430555556,temperature
2024-07-02T00:00:00Z,ccre,13,10.819165277777778,temperature
2024-07-03T00:00:00Z,ccre,1,27.680473958333337,temperature
2024-07-03T00:00:00Z,ccre,2,27.568416944444444,temperature
2024-07-03T00:00:00Z,ccre,3,27.533359791666665,temperature
2024-07-03T00:00:00Z,ccre,4,27.361719444444443,temperature
2024-07-03T00:00:00Z,ccre,5,27.005319166666663,temperature
2024-07-03T00:00:00Z,ccre,6,23.79257090277778,temperature
2024-07-03T00:00:00Z,ccre,7,18.903513125,temperature
2024-07-03T00:00:00Z,ccre,8,14.956810416666666,temperature
2024-07-03T00:00:00Z,ccre,9,12.54328375,temperature
2024-07-03T00:00:00Z,ccre,10,11.367985833333334,temperature
2024-07-03T00:00:00Z,ccre,11,11.225719375,temperature
2024-07-03T00:00:00Z,ccre,12,10.97847513888889,temperature
2024-07-03T00:00:00Z,ccre,13,10.866724097222225,temperature
2024-07-04T00:00:00Z,ccre,1,27.95262798611111,temperature
2024-07-04T00:00:00Z,ccre,2,27.926708402777777,temperature
2024-07-04T00:00:00Z,ccre,3,27.850970625,temperature
2024-07-04T00:00:00Z,ccre,4,27.573161458333335,temperature
2024-07-04T00:00:00Z,ccre,5,27.207739027777777,temperature
2024-07-04T00:00:00Z,ccre,6,24.568560138888888,temperature
2024-07-04T00:00:00Z,ccre,7,19.127106597222223,temperature
2024-07-04T00:00:00Z,ccre,8,14.920584791666666,temperature
2024-07-04T00:00:00Z,ccre,9,12.416483541666668,temperature
2024-07-04T00:00:00Z,ccre,10,11.386800208333334,temperature
2024-07-04T00:00:00Z,ccre,11,11.25598986111111,temperature
2024-07-04T00:00:00Z,ccre,12,11.036829791666667,temperature
2024-07-04T00:00:00Z,ccre,13,10.909821597222225,temperature
2024-07-05T00:00:00Z,ccre,1,28.255574791666668,temperature
2024-07-05T00:00:00Z,ccre,2,28.07194527777778,temperature
2024-07-05T00:00:00Z,ccre,3,27.93312173611111,temperature
2024-07-05T00:00:00Z,ccre,4,27.759054513888888,temperature
2024-07-05T00:00:00Z,ccre,5,27.48278861111111,temperature
2024-07-05T00:00:00Z,ccre,6,23.79500361111111,temperature
2024-07-05T00:00:00Z,ccre,7,19.54415138888889,temperature
2024-07-05T00:00:00Z,ccre,8,15.264685625,temperature
2024-07-05T00:00:00Z,ccre,9,12.486528402777775,temperature
2024-07-05T00:00:00Z,ccre,10,11.457817430555556,temperature
2024-07-05T00:00:00Z,ccre,11,11.330797708333334,temperature
2024-07-05T00:00:00Z,ccre,12,11.091601180555555,temperature
2024-07-05T00:00:00Z,ccre,13,10.962508819444444,temperature
2024-07-06T00:00:00Z,ccre,1,28.767100555555555,temperature
2024-07-06T00:00:00Z,ccre,2,28.473828472222223,temperature
2024-07-06T00:00:00Z,ccre,3,28.229962222222223,temperature
2024-07-06T00:00:00Z,ccre,4,27.883965902777778,temperature
2024-07-06T00:00:00Z,ccre,5,27.31605534722222,temperature
2024-07-06T00:00:00Z,ccre,6,24.55620236111111,temperature
2024-07-06T00:00:00Z,ccre,7,19.2877225,temperature
2024-07-06T00:00:00Z,ccre,8,14.906003958333333,temperature
2024-07-06T00:00:00Z,ccre,9,12.460285208333334,temperature
2024-07-06T00:00:00Z,ccre,10,11.466883263888889,temperature
2024-07-06T00:00:00Z,ccre,11,11.360729722222224,temperature
2024-07-06T00:00:00Z,ccre,12,11.144897569444444,temperature
2024-07-06T00:00:00Z,ccre,13,11.014240972222222,temperature
2024-07-07T00:00:00Z,ccre,1,28.730579722222224,temperature
2024-07-07T00:00:00Z,ccre,2,28.657032847222226,temperature
2024-07-07T00:00:00Z,ccre,3,28.594019513888888,temperature
2024-07-07T00:00:00Z,ccre,4,28.442876458333338,temperature
2024-07-07T00:00:00Z,ccre,5,27.52513,temperature
2024-07-07T00:00:00Z,ccre,6,24.042325208333335,temperature
2024-07-07T00:00:00Z,ccre,7,19.64459284722222,temperature
2024-07-07T00:00:00Z,ccre,8,15.36064784722222,temperature
2024-07-07T00:00:00Z,ccre,9,12.472260277777778,temperature
2024-07-07T00:00:00Z,ccre,10,11.502005763888889,temperature
2024-07-07T00:00:00Z,ccre,11,11.397657708333334,temperature
2024-07-07T00:00:00Z,ccre,12,11.18985875,temperature
2024-07-07T00:00:00Z,ccre,13,11.055858680555556,temperature
2024-07-08T00:00:00Z,ccre,1,29.462469375,temperature
2024-07-08T00:00:00Z,ccre,2,28.929929166666668,temperature
2024-07-08T00:00:00Z,ccre,3,28.697023958333332,temperature
2024-07-08T00:00:00Z,ccre,4,28.441340208333333,temperature
2024-07-08T00:00:00Z,ccre,5,27.415158333333338,temperature
2024-07-08T00:00:00Z,ccre,6,24.870693125,temperature
2024-07-08T00:00:00Z,ccre,7,19.635033541666665,temperature
2024-07-08T00:00:00Z,ccre,8,15.056888888888889,temperature
2024-07-08T00:00:00Z,ccre,9,12.448256458333333,temperature
2024-07-08T00:00:00Z,ccre,10,11.555654583333334,temperature
2024-07-08T00:00:00Z,ccre,11,11.45423361111111,temperature
2024-07-08T00:00:00Z,ccre,12,11.253675555555557,temperature
2024-07-08T00:00:00Z,ccre,13,11.089975347222222,temperature
2024-07-09T00:00:00Z,ccre,1,29.68272111111111,temperature
2024-07-09T00:00:00Z,ccre,2,29.194925,temperature
2024-07-09T00:00:00Z,ccre,3,28.899924305555555,temperature
2024-07-09T00:00:00Z,ccre,4,28.55489298611111,temperature
2024-07-09T00:00:00Z,ccre,5,27.610216597222223,temperature
2024-07-09T00:00:00Z,ccre,6,24.533177152777775,temperature
2024-07-09T00:00:00Z,ccre,7,19.99282847222222,temperature
2024-07-09T00:00:00Z,ccre,8,15.467320555555556,temperature
2024-07-09T00:00:00Z,ccre,9,12.477923333333331,temperature
2024-07-09T00:00:00Z,ccre,10,11.58330298611111,temperature
2024-07-09T00:00:00Z,ccre,11,11.482430486111111,temperature
2024-07-09T00:00:00Z,ccre,12,11.287679444444445,temperature
2024-07-09T00:00:00Z,ccre,13,11.116918541666667,temperature
2024-07-10T00:00:00Z,ccre,1,29.247232083333333,temperature
2024-07-10T00:00:00Z,ccre,2,29.127770625,temperature
2024-07-10T00:00:00Z,ccre,3,29.050988194444443,temperature
2024-07-10T00:00:00Z,ccre,4,28.700428541666668,temperature
2024-07-10T00:00:00Z,ccre,5,27.518742708333335,temperature
2024-07-10T00:00:00Z,ccre,6,25.09717145833333,temperature
2024-07-10T00:00:00Z,ccre,7,20.314539027777776,temperature
2024-07-10T00:00:00Z,ccre,8,15.567712222222225,temperature
2024-07-10T00:00:00Z,ccre,9,12.66719138888889,temperature
2024-07-10T00:00:00Z,ccre,10,11.649328125,temperature
2024-07-10T00:00:00Z,ccre,11,11.531079722222222,temperature
2024-07-10T00:00:00Z,ccre,12,11.347096319444445,temperature
2024-07-10T00:00:00Z,ccre,13,11.167427013888888,temperature
2024-07-11T00:00:00Z,ccre,1,28.989563819444445,temperature
2024-07-11T00:00:00Z,ccre,2,28.944703819444445,temperature
2024-07-11T00:00:00Z,ccre,3,28.771696111111112,temperature
2024-07-11T00:00:00Z,ccre,4,28.613042361111113,temperature
2024-07-11T00:00:00Z,ccre,5,28.46338340277778,temperature
2024-07-11T00:00:00Z,ccre,6,27.231790277777776,temperature
2024-07-11T00:00:00Z,ccre,7,20.06288875,temperature
2024-07-11T00:00:00Z,ccre,8,15.138650763888888,temperature
2024-07-11T00:00:00Z,ccre,9,12.588235555555556,temperature
2024-07-11T00:00:00Z,ccre,10,11.66047125,temperature
2024-07-11T00:00:00Z,ccre,11,11.56151111111111,temperature
2024-07-11T00:00:00Z,ccre,12,11.385068888888888,temperature
2024-07-11T00:00:00Z,ccre,13,11.196475486111112,temperature
2024-07-12T00:00:00Z,ccre,1,29.077125763888887,temperature
2024-07-12T00:00:00Z,ccre,2,29.000661875,temperature
2024-07-12T00:00:00Z,ccre,3,29.01758909722222,temperature
2024-07-12T00:00:00Z,ccre,4,28.935500555555556,temperature
2024-07-12T00:00:00Z,ccre,5,28.650655,temperature
2024-07-12T00:00:00Z,ccre,6,24.818678055555555,temperature
2024-07-12T00:00:00Z,ccre,7,20.728888402777777,temperature
2024-07-12T00:00:00Z,ccre,8,15.688494375,temperature
2024-07-12T00:00:00Z,ccre,9,12.487160694444444,temperature
2024-07-12T00:00:00Z,ccre,10,11.701958333333334,temperature
2024-07-12T00:00:00Z,ccre,11,11.601257430555556,temperature
2024-07-12T00:00:00Z,ccre,12,11.426874930555556,temperature
2024-07-12T00:00:00Z,ccre,13,11.263516388888888,temperature
2024-07-13T00:00:00Z,ccre,1,29.311166666666665,temperature
2024-07-13T00:00:00Z,ccre,2,29.154044305555555,temperature
2024-07-13T00:00:00Z,ccre,3,29.044719583333332,temperature
2024-07-13T00:00:00Z,ccre,4,28.750545416666668,temperature
2024-07-13T00:00:00Z,ccre,5,28.34960736111111,temperature
2024-07-13T00:00:00Z,ccre,6,25.89109201388889,temperature
2024-07-13T00:00:00Z,ccre,7,20.33528986111111,temperature
2024-07-13T00:00:00Z,ccre,8,15.737394861111111,temperature
2024-07-13T00:00:00Z,ccre,9,12.591945833333334,temperature
2024-07-13T00:00:00Z,ccre,10,11.752473958333333,temperature
2024-07-13T00:00:00Z,ccre,11,11.653604375,temperature
2024-07-13T00:00:00Z,ccre,12,11.473538333333334,temperature
2024-07-13T00:00:00Z,ccre,13,11.306901736111111,temperature
2024-07-14T00:00:00Z,ccre,1,29.651870694444444,temperature
2024-07-14T00:00:00Z,ccre,2,29.57596486111111,temperature
2024-07-14T00:00:00Z,ccre,3,29.373875833333333,temperature
2024-07-14T00:00:00Z,ccre,4,28.94660375,temperature
2024-07-14T00:00:00Z,ccre,5,28.465569930555557,temperature
2024-07-14T00:00:00Z,ccre,6,25.448468541666667,temperature
2024-07-14T00:00:00Z,ccre,7,21.010519097222225,temperature
2024-07-14T00:00:00Z,ccre,8,15.869262847222222,temperature
2024-07-14T00:00:00Z,ccre,9,12.591996180555556,temperature
2024-07-14T00:00:00Z,ccre,10,11.753027152777776,temperature
2024-07-14T00:00:00Z,ccre,11,11.674574444444444,temperature
2024-07-14T00:00:00Z,ccre,12,11.51436736111111,temperature
2024-07-14T00:00:00Z,ccre,13,11.348906319444444,temperature
2024-07-15T00:00:00Z,ccre,1,29.55763,temperature
2024-07-15T00:00:00Z,ccre,2,29.489640555555557,temperature
2024-07-15T00:00:00Z,ccre,3,29.255873402777777,temperature
2024-07-15T00:00:00Z,ccre,4,28.959900833333332,temperature
2024-07-15T00:00:00Z,ccre,5,28.727154375,temperature
2024-07-15T00:00:00Z,ccre,6,25.851277291666666,temperature
2024-07-15T00:00:00Z,ccre,7,20.793012013888887,temperature
2024-07-15T00:00:00Z,ccre,8,15.859803125,temperature
2024-07-15T00:00:00Z,ccre,9,12.643248958333333,temperature
2024-07-15T00:00:00Z,ccre,10,11.8215925,temperature
2024-07-15T00:00:00Z,ccre,11,11.726166319444443,temperature
2024-07-15T00:00:00Z,ccre,12,11.558416388888888,temperature
2024-07-15T00:00:00Z,ccre,13,11.393563472222224,temperature
2024-07-16T00:00:00Z,ccre,1,29.399407361111113,temperature
2024-07-16T00:00:00Z,ccre,2,29.360404097222226,temperature
2024-07-16T00:00:00Z,ccre,3,29.286069375,temperature
2024-07-16T00:00:00Z,ccre,4,29.043628125,temperature
2024-07-16T00:00:00Z,ccre,5,28.459221111111113,temperature
2024-07-16T00:00:00Z,ccre,6,25.787624861111112,temperature
2024-07-16T00:00:00Z,ccre,7,21.254226666666668,temperature
2024-07-16T00:00:00Z,ccre,8,16.296672916666665,temperature
2024-07-16T00:00:00Z,ccre,9,12.775862152777778,temperature
2024-07-16T00:00:00Z,ccre,10,11.846565833333331,temperature
2024-07-16T00:00:00Z,ccre,11,11.756273402777778,temperature
2024-07-16T00:00:00Z,ccre,12,11.59653375,temperature
2024-07-16T00:00:00Z,ccre,13,11.421709444444444,temperature
2024-07-17T00:00:00Z,ccre,1,29.27249652777778,temperature
2024-07-17T00:00:00Z,ccre,2,29.217568611111112,temperature
2024-07-17T00:00:00Z,ccre,3,29.156593958333332,temperature
2024-07-17T00:00:00Z,ccre,4,28.999590416666667,temperature
2024-07-17T00:00:00Z,ccre,5,28.809202569444444,temperature
2024-07-17T00:00:00Z,ccre,6,27.24245402777778,temperature
2024-07-17T00:00:00Z,ccre,7,20.993390694444443,temperature
2024-07-17T00:00:00Z,ccre,8,15.896502430555556,temperature
2024-07-17T00:00:00Z,ccre,9,12.969766597222222,temperature
2024-07-17T00:00:00Z,ccre,10,11.89931638888889,temperature
2024-07-17T00:00:00Z,ccre,11,11.809761944444444,temperature
2024-07-17T00:00:00Z,ccre,12,11.642469305555556,temperature
2024-07-17T00:00:00Z,ccre,13,11.459624861111111,temperature
2024-07-18T00:00:00Z,ccre,1,29.36409451388889,temperature
2024-07-18T00:00:00Z,ccre,2,29.383288958333335,temperature
2024-07-18T00:00:00Z,ccre,3,29.336783472222223,temperature
2024-07-18T00:00:00Z,ccre,4,29.17405201388889,temperature
2024-07-18T00:00:00Z,ccre,5,29.00341020833333,temperature
2024-07-18T00:00:00Z,ccre,6,27.491328333333332,temperature
2024-07-18T00:00:00Z,ccre,7,21.62009215277778,temperature
2024-07-18T00:00:00Z,ccre,8,16.225623680555554,temperature
2024-07-18T00:00:00Z,ccre,9,12.770634305555555,temperature
2024-07-18T00:00:00Z,ccre,10,11.951430625,temperature
2024-07-18T00:00:00Z,ccre,11,11.846922986111112,temperature
2024-07-18T00:00:00Z,ccre,12,11.683838194444444,temperature
2024-07-18T00:00:00Z,ccre,13,11.524587083333332,temperature
2024-07-19T00:00:00Z,ccre,1,29.01916162790698,temperature
2024-07-19T00:00:00Z,ccre,2,29.13343118055555,temperature
2024-07-19T00:00:00Z,ccre,3,29.087521180555555,temperature
2024-07-19T00:00:00Z,ccre,4,29.00132986111111,temperature
2024-07-19T00:00:00Z,ccre,5,28.92120166666667,temperature
2024-07-19T00:00:00Z,ccre,6,27.761327222222224,temperature
2024-07-19T00:00:00Z,ccre,7,21.44558625,temperature
2024-07-19T00:00:00Z,ccre,8,16.187024166666667,temperature
2024-07-19T00:00:00Z,ccre,9,12.833530069444445,temperature
2024-07-19T00:00:00Z,ccre,10,11.965587708333333,temperature
2024-07-19T00:00:00Z,ccre,11,11.88004826388889,temperature
2024-07-19T00:00:00Z,ccre,12,11.718248888888889,temperature
2024-07-19T00:00:00Z,ccre,13,11.57480013888889,temperature
2024-07-20T00:00:00Z,ccre,2,28.895987708333333,temperature
2024-07-20T00:00:00Z,ccre,3,28.896618541666665,temperature
2024-07-20T00:00:00Z,ccre,4,28.838512916666662,temperature
2024-07-20T00:00:00Z,ccre,5,28.762104166666667,temperature
2024-07-20T00:00:00Z,ccre,6,26.550770416666666,temperature
2024-07-20T00:00:00Z,ccre,7,22.099992083333333,temperature
2024-07-20T00:00:00Z,ccre,8,16.340950347222222,temperature
2024-07-20T00:00:00Z,ccre,9,12.87159798611111,temperature
2024-07-20T00:00:00Z,ccre,10,11.993061944444444,temperature
2024-07-20T00:00:00Z,ccre,11,11.908715347222222,temperature
2024-07-20T00:00:00Z,ccre,12,11.749727777777778,temperature
2024-07-20T00:00:00Z,ccre,13,11.609311805555556,temperature
2024-07-21T00:00:00Z,ccre,2,28.86597861111111,temperature
2024-07-21T00:00:00Z,ccre,3,28.755024166666665,temperature
2024-07-21T00:00:00Z,ccre,4,28.559752430555555,temperature
2024-07-21T00:00:00Z,ccre,5,28.402005833333337,temperature
2024-07-21T00:00:00Z,ccre,6,27.542692847222224,temperature
2024-07-21T00:00:00Z,ccre,7,21.46187555555555,temperature
2024-07-21T00:00:00Z,ccre,8,16.710181666666667,temperature
2024-07-21T00:00:00Z,ccre,9,12.908146111111112,temperature
2024-07-21T00:00:00Z,ccre,10,12.027589166666669,temperature
2024-07-21T00:00:00Z,ccre,11,11.956504027777775,temperature
2024-07-21T00:00:00Z,ccre,12,11.799547569444444,temperature
2024-07-21T00:00:00Z,ccre,13,11.640511041666668,temperature
2024-07-22T00:00:00Z,ccre,2,28.624595833333338,temperature
2024-07-22T00:00:00Z,ccre,3,28.617231041666667,temperature
2024-07-22T00:00:00Z,ccre,4,28.467578472222225,temperature
2024-07-22T00:00:00Z,ccre,5,28.301683958333335,temperature
2024-07-22T00:00:00Z,ccre,6,26.996214791666667,temperature
2024-07-22T00:00:00Z,ccre,7,22.221896041666668,temperature
2024-07-22T00:00:00Z,ccre,8,16.60952451388889,temperature
2024-07-22T00:00:00Z,ccre,9,12.927526597222222,temperature
2024-07-22T00:00:00Z,ccre,10,12.062747291666666,temperature
2024-07-22T00:00:00Z,ccre,11,11.980055347222224,temperature
2024-07-22T00:00:00Z,ccre,12,11.834041944444444,temperature
2024-07-22T00:00:00Z,ccre,13,11.660325069444443,temperature
2024-07-23T00:00:00Z,ccre,2,28.323134236111112,temperature
2024-07-23T00:00:00Z,ccre,3,28.312763611111112,temperature
2024-07-23T00:00:00Z,ccre,4,28.23277256944445,temperature
2024-07-23T00:00:00Z,ccre,5,28.131031875,temperature
2024-07-23T00:00:00Z,ccre,6,27.5652775,temperature
2024-07-23T00:00:00Z,ccre,7,22.28832597222222,temperature
2024-07-23T00:00:00Z,ccre,8,16.670252986111112,temperature
2024-07-23T00:00:00Z,ccre,9,12.961125486111111,temperature
2024-07-23T00:00:00Z,ccre,10,12.107576875,temperature
2024-07-23T00:00:00Z,ccre,11,12.024170694444445,temperature
2024-07-23T00:00:00Z,ccre,12,11.871206041666667,temperature
2024-07-23T00:00:00Z,ccre,13,11.715872916666669,temperature
2024-07-24T00:00:00Z,ccre,2,28.394368541666665,temperature
2024-07-24T00:00:00Z,ccre,3,28.38188486111111,temperature
2024-07-24T00:00:00Z,ccre,4,28.271155625,temperature
2024-07-24T00:00:00Z,ccre,5,28.151769722222223,temperature
2024-07-24T00:00:00Z,ccre,6,27.665641458333333,temperature
2024-07-24T00:00:00Z,ccre,7,22.119117777777777,temperature
2024-07-24T00:00:00Z,ccre,8,17.000940625000002,temperature
2024-07-24T00:00:00Z,ccre,9,13.020999375,temperature
2024-07-24T00:00:00Z,ccre,10,12.13284625,temperature
2024-07-24T00:00:00Z,ccre,11,12.04278451388889,temperature
2024-07-24T00:00:00Z,ccre,12,11.908734652777778,temperature
2024-07-24T00:00:00Z,ccre,13,11.76460125,temperature
2024-07-25T00:00:00Z,ccre,2,28.35451958333333,temperature
2024-07-25T00:00:00Z,ccre,3,28.23958208333333,temperature
2024-07-25T00:00:00Z,ccre,4,28.148851805555555,temperature
2024-07-25T00:00:00Z,ccre,5,28.05532048611111,temperature
2024-07-25T00:00:00Z,ccre,6,27.283191597222224,temperature
2024-07-25T00:00:00Z,ccre,7,22.56816951388889,temperature
2024-07-25T00:00:00Z,ccre,8,16.945571597222223,temperature
2024-07-25T00:00:00Z,ccre,9,12.971218194444443,temperature
2024-07-25T00:00:00Z,ccre,10,12.171982291666668,temperature
2024-07-25T00:00:00Z,ccre,11,12.094261944444444,temperature
2024-07-25T00:00:00Z,ccre,12,11.944880625,temperature
2024-07-25T00:00:00Z,ccre,13,11.81449923611111,temperature
2024-07-26T00:00:00Z,ccre,2,27.96831451388889,temperature
2024-07-26T00:00:00Z,ccre,3,27.971730625,temperature
2024-07-26T00:00:00Z,ccre,4,27.9249625,temperature
2024-07-26T00:00:00Z,ccre,5,27.872210902777777,temperature
2024-07-26T00:00:00Z,ccre,6,27.78509791666667,temperature
2024-07-26T00:00:00Z,ccre,7,22.879635694444445,temperature
2024-07-26T00:00:00Z,ccre,8,16.769787916666665,temperature
2024-07-26T00:00:00Z,ccre,9,13.141457569444444,temperature
2024-07-26T00:00:00Z,ccre,10,12.203780069444443,temperature
2024-07-26T00:00:00Z,ccre,11,12.123736805555556,temperature
2024-07-26T00:00:00Z,ccre,12,11.979900069444444,temperature
2024-07-26T00:00:00Z,ccre,13,11.825239791666666,temperature
2024-07-27T00:00:00Z,ccre,2,27.915776666666662,temperature
2024-07-27T00:00:00Z,ccre,3,27.846038958333335,temperature
2024-07-27T00:00:00Z,ccre,4,27.738172291666668,temperature
2024-07-27T00:00:00Z,ccre,5,27.67920986111111,temperature
2024-07-27T00:00:00Z,ccre,6,27.55069909722222,temperature
2024-07-27T00:00:00Z,ccre,7,22.62353694444445,temperature
2024-07-27T00:00:00Z,ccre,8,17.298514375,temperature
2024-07-27T00:00:00Z,ccre,9,13.116133611111112,temperature
2024-07-27T00:00:00Z,ccre,10,12.225975277777778,temperature
2024-07-27T00:00:00Z,ccre,11,12.146035625,temperature
2024-07-27T00:00:00Z,ccre,12,12.01410375,temperature
2024-07-27T00:00:00Z,ccre,13,11.853060902777775,temperature
2024-07-28T00:00:00Z,ccre,2,28.024297708333332,temperature
2024-07-28T00:00:00Z,ccre,3,27.977019722222224,temperature
2024-07-28T00:00:00Z,ccre,4,27.818161944444444,temperature
2024-07-28T00:00:00Z,ccre,5,27.67958375,temperature
2024-07-28T00:00:00Z,ccre,6,27.45761923611111,temperature
2024-07-28T00:00:00Z,ccre,7,22.78627722222222,temperature
2024-07-28T00:00:00Z,ccre,8,17.433932569444444,temperature
2024-07-28T00:00:00Z,ccre,9,13.209915902777778,temperature
2024-07-28T00:00:00Z,ccre,10,12.28299173611111,temperature
2024-07-28T00:00:00Z,ccre,11,12.18842090277778,temperature
2024-07-28T00:00:00Z,ccre,12,12.048321180555556,temperature
2024-07-28T00:00:00Z,ccre,13,11.890400625,temperature
2024-07-29T00:00:00Z,ccre,2,27.78687326388889,temperature
2024-07-29T00:00:00Z,ccre,3,27.784582152777777,temperature
2024-07-29T00:00:00Z,ccre,4,27.72523888888889,temperature
2024-07-29T00:00:00Z,ccre,5,27.626103194444443,temperature
2024-07-29T00:00:00Z,ccre,6,27.206241666666667,temperature
2024-07-29T00:00:00Z,ccre,7,23.261445902777776,temperature
2024-07-29T00:00:00Z,ccre,8,17.41682409722222,temperature
2024-07-29T00:00:00Z,ccre,9,13.223449861111112,temperature
2024-07-29T00:00:00Z,ccre,10,12.316179236111113,temperature
2024-07-29T00:00:00Z,ccre,11,12.231464652777778,temperature
2024-07-29T00:00:00Z,ccre,12,12.079863958333334,temperature
2024-07-29T00:00:00Z,ccre,13,11.943911527777775,temperature
2024-07-30T00:00:00Z,ccre,2,27.756479791666667,temperature
2024-07-30T00:00:00Z,ccre,3,27.74893388888889,temperature
2024-07-30T00:00:00Z,ccre,4,27.64301645833333,temperature
2024-07-30T00:00:00Z,ccre,5,27.452111388888888,temperature
2024-07-30T00:00:00Z,ccre,6,27.122317777777777,temperature
2024-07-30T00:00:00Z,ccre,7,23.27616173611111,temperature
2024-07-30T00:00:00Z,ccre,8,17.76552375,temperature
2024-07-30T00:00:00Z,ccre,9,13.236271458333333,temperature
2024-07-30T00:00:00Z,ccre,10,12.341983819444444,temperature
2024-07-30T00:00:00Z,ccre,11,12.251448680555557,temperature
2024-07-30T00:00:00Z,ccre,12,12.117499583333334,temperature
2024-07-30T00:00:00Z,ccre,13,11.970880694444444,temperature
2024-07-31T00:00:00Z,ccre,2,28.194029583333332,temperature
2024-07-31T00:00:00Z,ccre,3,28.187570833333332,temperature
2024-07-31T00:00:00Z,ccre,4,27.93281236111111,temperature
2024-07-31T00:00:00Z,ccre,5,27.554230555555556,temperature
2024-07-31T00:00:00Z,ccre,6,27.398165833333337,temperature
2024-07-31T00:00:00Z,ccre,7,24.314776041666665,temperature
2024-07-31T00:00:00Z,ccre,8,17.28098361111111,temperature
2024-07-31T00:00:00Z,ccre,9,13.258914375,temperature
2024-07-31T00:00:00Z,ccre,10,12.364658958333331,temperature
2024-07-31T00:00:00Z,ccre,11,12.291682777777778,temperature
2024-07-31T00:00:00Z,ccre,12,12.14646923611111,temperature
2024-07-31T00:00:00Z,ccre,13,11.983976875,temperature
2024-08-01T00:00:00Z,ccre,2,28.942459166666666,temperature
2024-08-01T00:00:00Z,ccre,3,28.885925277777776,temperature
2024-08-01T00:00:00Z,ccre,4,28.475440694444444,temperature
2024-08-01T00:00:00Z,ccre,5,27.962509930555555,temperature
2024-08-01T00:00:00Z,ccre,6,27.28144354166667,temperature
2024-08-01T00:00:00Z,ccre,7,23.289577708333333,temperature
2024-08-01T00:00:00Z,ccre,8,18.344447777777777,temperature
2024-08-01T00:00:00Z,ccre,9,13.426321736111111,temperature
2024-08-01T00:00:00Z,ccre,10,12.41085875,temperature
2024-08-01T00:00:00Z,ccre,11,12.32313201388889,temperature
2024-08-01T00:00:00Z,ccre,12,12.181340763888889,temperature
2024-08-01T00:00:00Z,ccre,13,12.01544125,temperature
2024-08-02T00:00:00Z,ccre,2,28.563808194444444,temperature
2024-08-02T00:00:00Z,ccre,3,28.508019583333333,temperature
2024-08-02T00:00:00Z,ccre,4,28.20833340277778,temperature
2024-08-02T00:00:00Z,ccre,5,27.79614534722222,temperature
2024-08-02T00:00:00Z,ccre,6,27.115284305555555,temperature
2024-08-02T00:00:00Z,ccre,7,23.969500347222223,temperature
2024-08-02T00:00:00Z,ccre,8,18.112148125,temperature
2024-08-02T00:00:00Z,ccre,9,13.439930694444444,temperature
2024-08-02T00:00:00Z,ccre,10,12.463127638888889,temperature
2024-08-02T00:00:00Z,ccre,11,12.37460125,temperature
2024-08-02T00:00:00Z,ccre,12,12.219828333333334,temperature
2024-08-02T00:00:00Z,ccre,13,12.058657361111113,temperature
2024-08-03T00:00:00Z,ccre,2,28.360070277777776,temperature
2024-08-03T00:00:00Z,ccre,3,28.256750833333335,temperature
2024-08-03T00:00:00Z,ccre,4,28.02881298611111,temperature
2024-08-03T00:00:00Z,ccre,5,27.82485159722222,temperature
2024-08-03T00:00:00Z,ccre,6,27.297824513888887,temperature
2024-08-03T00:00:00Z,ccre,7,24.41370743055555,temperature
2024-08-03T00:00:00Z,ccre,8,18.21553861111111,temperature
2024-08-03T00:00:00Z,ccre,9,13.757686458333334,temperature
2024-08-03T00:00:00Z,ccre,10,12.500270069444444,temperature
2024-08-03T00:00:00Z,ccre,11,12.398986458333331,temperature
2024-08-03T00:00:00Z,ccre,12,12.254381597222222,temperature
2024-08-03T00:00:00Z,ccre,13,12.085142222222222,temperature
2024-08-04T00:00:00Z,ccre,2,28.541961180555557,temperature
2024-08-04T00:00:00Z,ccre,3,28.536868125,temperature
2024-08-04T00:00:00Z,ccre,4,28.34743715277778,temperature
2024-08-04T00:00:00Z,ccre,5,28.08739604166667,temperature
2024-08-04T00:00:00Z,ccre,6,27.925484583333333,temperature
2024-08-04T00:00:00Z,ccre,7,24.892241180555555,temperature
2024-08-04T00:00:00Z,ccre,8,18.19425083333333,temperature
2024-08-04T00:00:00Z,ccre,9,13.438772569444444,temperature
2024-08-04T00:00:00Z,ccre,10,12.51058263888889,temperature
2024-08-04T00:00:00Z,ccre,11,12.429003333333334,temperature
2024-08-04T00:00:00Z,ccre,12,12.290128680555556,temperature
2024-08-04T00:00:00Z,ccre,13,12.127341736111113,temperature
2024-08-05T00:00:00Z,ccre,2,28.966946458333332,temperature
2024-08-05T00:00:00Z,ccre,3,28.81637034722222,temperature
2024-08-05T00:00:00Z,ccre,4,28.61834930555555,temperature
2024-08-05T00:00:00Z,ccre,5,28.402558333333335,temperature
2024-08-05T00:00:00Z,ccre,6,27.912713194444443,temperature
2024-08-05T00:00:00Z,ccre,7,23.750579652777777,temperature
2024-08-05T00:00:00Z,ccre,8,18.826763055555556,temperature
2024-08-05T00:00:00Z,ccre,9,13.693999097222225,temperature
2024-08-05T00:00:00Z,ccre,10,12.559131388888888,temperature
2024-08-05T00:00:00Z,ccre,11,12.471148888888887,temperature
2024-08-05T00:00:00Z,ccre,12,12.319578402777775,temperature
2024-08-05T00:00:00Z,ccre,13,12.177326666666668,temperature
2024-08-06T00:00:00Z,ccre,2,28.674038958333337,temperature
2024-08-06T00:00:00Z,ccre,3,28.63522118055555,temperature
2024-08-06T00:00:00Z,ccre,4,28.46718729166667,temperature
2024-08-06T00:00:00Z,ccre,5,28.11411826388889,temperature
2024-08-06T00:00:00Z,ccre,6,27.493626041666666,temperature
2024-08-06T00:00:00Z,ccre,7,24.621256666666667,temperature
2024-08-06T00:00:00Z,ccre,8,18.655068125,temperature
2024-08-06T00:00:00Z,ccre,9,13.660128333333333,temperature
2024-08-06T00:00:00Z,ccre,10,12.595341805555556,temperature
2024-08-06T00:00:00Z,ccre,11,12.500682777777778,temperature
2024-08-06T00:00:00Z,ccre,12,12.356943541666666,temperature
2024-08-06T00:00:00Z,ccre,13,12.216488055555557,temperature
2024-08-07T00:00:00Z,ccre,2,28.734291944444443,temperature
2024-08-07T00:00:00Z,ccre,3,28.640009166666665,temperature
2024-08-07T00:00:00Z,ccre,4,28.50070861111111,temperature
2024-08-07T00:00:00Z,ccre,5,28.207592986111113,temperature
2024-08-07T00:00:00Z,ccre,6,27.784698125,temperature
2024-08-07T00:00:00Z,ccre,7,25.078683263888887,temperature
2024-08-07T00:00:00Z,ccre,8,18.733083472222223,temperature
2024-08-07T00:00:00Z,ccre,9,13.739319374999999,temperature
2024-08-07T00:00:00Z,ccre,10,12.618607986111112,temperature
2024-08-07T00:00:00Z,ccre,11,12.536399027777778,temperature
2024-08-07T00:00:00Z,ccre,12,12.387321736111112,temperature
2024-08-07T00:00:00Z,ccre,13,12.253123333333331,temperature
2024-08-08T00:00:00Z,ccre,2,28.01389888888889,temperature
2024-08-08T00:00:00Z,ccre,3,28.03713861111111,temperature
2024-08-08T00:00:00Z,ccre,4,28.02452736111111,temperature
2024-08-08T00:00:00Z,ccre,5,27.992253194444444,temperature
2024-08-08T00:00:00Z,ccre,6,27.86267076388889,temperature
2024-08-08T00:00:00Z,ccre,7,25.955062430555557,temperature
2024-08-08T00:00:00Z,ccre,8,21.530843958333335,temperature
2024-08-08T00:00:00Z,ccre,9,14.461396666666667,temperature
2024-08-08T00:00:00Z,ccre,10,12.677109791666666,temperature
2024-08-08T00:00:00Z,ccre,11,12.581500416666668,temperature
2024-08-08T00:00:00Z,ccre,12,12.424441180555556,temperature
2024-08-08T00:00:00Z,ccre,13,12.266057986111113,temperature
2024-08-09T00:00:00Z,ccre,2,27.773537222222224,temperature
2024-08-09T00:00:00Z,ccre,3,27.626921666666668,temperature
2024-08-09T00:00:00Z,ccre,4,27.326729375,temperature
2024-08-09T00:00:00Z,ccre,5,27.19705173611111,temperature
2024-08-09T00:00:00Z,ccre,6,26.96015159722222,temperature
2024-08-09T00:00:00Z,ccre,7,25.332198194444445,temperature
2024-08-09T00:00:00Z,ccre,8,18.781204166666665,temperature
2024-08-09T00:00:00Z,ccre,9,14.172195972222225,temperature
2024-08-09T00:00:00Z,ccre,10,12.718363680555557,temperature
2024-08-09T00:00:00Z,ccre,11,12.616108819444444,temperature
2024-08-09T00:00:00Z,ccre,12,12.460020069444443,temperature
2024-08-09T00:00:00Z,ccre,13,12.294157708333334,temperature
2024-08-10T00:00:00Z,ccre,2,27.93375236111111,temperature
2024-08-10T00:00:00Z,ccre,3,27.86882590277778,temperature
2024-08-10T00:00:00Z,ccre,4,27.435901875,temperature
2024-08-10T00:00:00Z,ccre,5,27.250026597222224,temperature
2024-08-10T00:00:00Z,ccre,6,27.052041527777774,temperature
2024-08-10T00:00:00Z,ccre,7,25.20501326388889,temperature
2024-08-10T00:00:00Z,ccre,8,19.660331319444445,temperature
2024-08-10T00:00:00Z,ccre,9,13.9083875,temperature
2024-08-10T00:00:00Z,ccre,10,12.729166666666666,temperature
2024-08-10T00:00:00Z,ccre,11,12.636446388888888,temperature
2024-08-10T00:00:00Z,ccre,12,12.49207513888889,temperature
2024-08-10T00:00:00Z,ccre,13,12.347580694444444,temperature
2024-08-11T00:00:00Z,ccre,2,27.948836944444444,temperature
2024-08-11T00:00:00Z,ccre,3,27.891368125,temperature
2024-08-11T00:00:00Z,ccre,4,27.789867013888887,temperature
2024-08-11T00:00:00Z,ccre,5,27.666159375,temperature
2024-08-11T00:00:00Z,ccre,6,27.293230972222226,temperature
2024-08-11T00:00:00Z,ccre,7,25.502378680555555,temperature
2024-08-11T00:00:00Z,ccre,8,19.51803263888889,temperature
2024-08-11T00:00:00Z,ccre,9,14.071094305555556,temperature
2024-08-11T00:00:00Z,ccre,10,12.754901041666669,temperature
2024-08-11T00:00:00Z,ccre,11,12.675616319444444,temperature
2024-08-11T00:00:00Z,ccre,12,12.525520555555556,temperature
2024-08-11T00:00:00Z,ccre,13,12.396632916666666,temperature
2024-08-12T00:00:00Z,ccre,2,27.703334791666663,temperature
2024-08-12T00:00:00Z,ccre,3,27.699459166666667,temperature
2024-08-12T00:00:00Z,ccre,4,27.637463472222223,temperature
2024-08-12T00:00:00Z,ccre,5,27.53758708333333,temperature
2024-08-12T00:00:00Z,ccre,6,27.392305555555556,temperature
2024-08-12T00:00:00Z,ccre,7,24.914575694444444,temperature
2024-08-12T00:00:00Z,ccre,8,19.93340513888889,temperature
2024-08-12T00:00:00Z,ccre,9,14.164683125,temperature
2024-08-12T00:00:00Z,ccre,10,12.79101611111111,temperature
2024-08-12T00:00:00Z,ccre,11,12.697413541666666,temperature
2024-08-12T00:00:00Z,ccre,12,12.560300694444445,temperature
2024-08-12T00:00:00Z,ccre,13,12.426746666666666,temperature
2024-08-13T00:00:00Z,ccre,2,27.49321375,temperature
2024-08-13T00:00:00Z,ccre,3,27.375815347222225,temperature
2024-08-13T00:00:00Z,ccre,4,27.279797916666663,temperature
2024-08-13T00:00:00Z,ccre,5,27.151927847222225,temperature
2024-08-13T00:00:00Z,ccre,6,27.0781075,temperature
2024-08-13T00:00:00Z,ccre,7,25.213941805555557,temperature
2024-08-13T00:00:00Z,ccre,8,19.994315347222223,temperature
2024-08-13T00:00:00Z,ccre,9,14.06064076388889,temperature
2024-08-13T00:00:00Z,ccre,10,12.817671527777778,temperature
2024-08-13T00:00:00Z,ccre,11,12.725050277777775,temperature
2024-08-13T00:00:00Z,ccre,12,12.591762569444445,temperature
2024-08-13T00:00:00Z,ccre,13,12.454101597222222,temperature
2024-08-14T00:00:00Z,ccre,2,27.230391666666662,temperature
2024-08-14T00:00:00Z,ccre,3,27.237950208333334,temperature
2024-08-14T00:00:00Z,ccre,4,27.156811458333333,temperature
2024-08-14T00:00:00Z,ccre,5,27.101103680555557,temperature
2024-08-14T00:00:00Z,ccre,6,27.026351944444443,temperature
2024-08-14T00:00:00Z,ccre,7,26.07191034722222,temperature
2024-08-14T00:00:00Z,ccre,8,20.11914736111111,temperature
2024-08-14T00:00:00Z,ccre,9,14.128831041666666,temperature
2024-08-14T00:00:00Z,ccre,10,12.841167638888887,temperature
2024-08-14T00:00:00Z,ccre,11,12.758979722222222,temperature
2024-08-14T00:00:00Z,ccre,12,12.621417222222222,temperature
2024-08-14T00:00:00Z,ccre,13,12.500905208333334,temperature
2024-08-15T00:00:00Z,ccre,2,27.31677277777778,temperature
2024-08-15T00:00:00Z,ccre,3,27.245813125,temperature
2024-08-15T00:00:00Z,ccre,4,27.120223541666668,temperature
2024-08-15T00:00:00Z,ccre,5,26.99732597222222,temperature
2024-08-15T00:00:00Z,ccre,6,26.891517361111113,temperature
2024-08-15T00:00:00Z,ccre,7,24.755647222222223,temperature
2024-08-15T00:00:00Z,ccre,8,20.598122152777776,temperature
2024-08-15T00:00:00Z,ccre,9,14.552661875,temperature
2024-08-15T00:00:00Z,ccre,10,12.912400833333333,temperature
2024-08-15T00:00:00Z,ccre,11,12.799455972222225,temperature
2024-08-15T00:00:00Z,ccre,12,12.657320138888888,temperature
2024-08-15T00:00:00Z,ccre,13,12.520986805555555,temperature
2024-08-16T00:00:00Z,ccre,2,26.93952826388889,temperature
2024-08-16T00:00:00Z,ccre,3,26.92040069444445,temperature
2024-08-16T00:00:00Z,ccre,4,26.85766048611111,temperature
2024-08-16T00:00:00Z,ccre,5,26.757229513888888,temperature
2024-08-16T00:00:00Z,ccre,6,26.560778819444444,temperature
2024-08-16T00:00:00Z,ccre,7,25.5302975,temperature
2024-08-16T00:00:00Z,ccre,8,20.57217340277778,temperature
2024-08-16T00:00:00Z,ccre,9,14.298446805555557,temperature
2024-08-16T00:00:00Z,ccre,10,12.91178451388889,temperature
2024-08-16T00:00:00Z,ccre,11,12.822125972222224,temperature
2024-08-16T00:00:00Z,ccre,12,12.696236597222224,temperature
2024-08-16T00:00:00Z,ccre,13,12.547088125,temperature
2024-08-17T00:00:00Z,ccre,2,26.954642291666666,temperature
2024-08-17T00:00:00Z,ccre,3,26.86464298611111,temperature
2024-08-17T00:00:00Z,ccre,4,26.79350923611111,temperature
2024-08-17T00:00:00Z,ccre,5,26.69730034722222,temperature
2024-08-17T00:00:00Z,ccre,6,26.613847222222223,temperature
2024-08-17T00:00:00Z,ccre,7,25.607324583333337,temperature
2024-08-17T00:00:00Z,ccre,8,20.831272569444444,temperature
2024-08-17T00:00:00Z,ccre,9,14.364902986111112,temperature
2024-08-17T00:00:00Z,ccre,10,12.954267847222225,temperature
2024-08-17T00:00:00Z,ccre,11,12.861433125,temperature
2024-08-17T00:00:00Z,ccre,12,12.730985277777778,temperature
2024-08-17T00:00:00Z,ccre,13,12.57478548611111,temperature
2024-08-18T00:00:00Z,ccre,2,27.07201347222222,temperature
2024-08-18T00:00:00Z,ccre,3,27.039351597222225,temperature
2024-08-18T00:00:00Z,ccre,4,26.88040743055555,temperature
2024-08-18T00:00:00Z,ccre,5,26.74319951388889,temperature
2024-08-18T00:00:00Z,ccre,6,26.63828826388889,temperature
2024-08-18T00:00:00Z,ccre,7,26.14927409722222,temperature
2024-08-18T00:00:00Z,ccre,8,20.83566875,temperature
2024-08-18T00:00:00Z,ccre,9,14.69803826388889,temperature
2024-08-18T00:00:00Z,ccre,10,12.984679027777778,temperature
2024-08-18T00:00:00Z,ccre,11,12.8916375,temperature
2024-08-18T00:00:00Z,ccre,12,12.755638263888889,temperature
2024-08-18T00:00:00Z,ccre,13,12.608411944444445,temperature
2024-08-19T00:00:00Z,ccre,2,27.05180340277778,temperature
2024-08-19T00:00:00Z,ccre,3,27.089088125,temperature
2024-08-19T00:00:00Z,ccre,4,27.05183625,temperature
2024-08-19T00:00:00Z,ccre,5,26.99423597222222,temperature
2024-08-19T00:00:00Z,ccre,6,26.782798680555555,temperature
2024-08-19T00:00:00Z,ccre,7,26.587036319444444,temperature
2024-08-19T00:00:00Z,ccre,8,21.216073680555557,temperature
2024-08-19T00:00:00Z,ccre,9,14.598078055555556,temperature
2024-08-19T00:00:00Z,ccre,10,13.010872083333334,temperature
2024-08-19T00:00:00Z,ccre,11,12.919541458333333,temperature
2024-08-19T00:00:00Z,ccre,12,12.788561319444444,temperature
2024-08-19T00:00:00Z,ccre,13,12.652442847222222,temperature
2024-08-20T00:00:00Z,ccre,2,26.78297236111111,temperature
2024-08-20T00:00:00Z,ccre,3,26.814705625,temperature
2024-08-20T00:00:00Z,ccre,4,26.78876243055555,temperature
2024-08-20T00:00:00Z,ccre,5,26.760485902777777,temperature
2024-08-20T00:00:00Z,ccre,6,26.758453819444444,temperature
2024-08-20T00:00:00Z,ccre,7,26.634799722222223,temperature
2024-08-20T00:00:00Z,ccre,8,21.073311736111112,temperature
2024-08-20T00:00:00Z,ccre,9,14.934644444444444,temperature
2024-08-20T00:00:00Z,ccre,10,13.048927569444444,temperature
2024-08-20T00:00:00Z,ccre,11,12.966322013888888,temperature
2024-08-20T00:00:00Z,ccre,12,12.829027986111113,temperature
2024-08-20T00:00:00Z,ccre,13,12.661285972222222,temperature
2024-08-21T00:00:00Z,ccre,2,26.257540416666668,temperature
2024-08-21T00:00:00Z,ccre,3,26.272836875,temperature
2024-08-21T00:00:00Z,ccre,4,26.226699583333332,temperature
2024-08-21T00:00:00Z,ccre,5,26.173065069444444,temperature
2024-08-21T00:00:00Z,ccre,6,26.142320694444443,temperature
2024-08-21T00:00:00Z,ccre,7,26.097965694444444,temperature
2024-08-21T00:00:00Z,ccre,8,21.55239152777778,temperature
2024-08-21T00:00:00Z,ccre,9,14.797223888888889,temperature
2024-08-21T00:00:00Z,ccre,10,13.086251388888888,temperature
2024-08-21T00:00:00Z,ccre,11,12.989133263888888,temperature
2024-08-21T00:00:00Z,ccre,12,12.855617222222222,temperature
2024-08-21T00:00:00Z,ccre,13,12.711110208333332,temperature
2024-08-22T00:00:00Z,ccre,2,26.040064791666666,temperature
2024-08-22T00:00:00Z,ccre,3,25.98560284722222,temperature
2024-08-22T00:00:00Z,ccre,4,25.884341458333335,temperature
2024-08-22T00:00:00Z,ccre,5,25.826152222222223,temperature
2024-08-22T00:00:00Z,ccre,6,25.752210555555557,temperature
2024-08-22T00:00:00Z,ccre,7,25.66180784722222,temperature
2024-08-22T00:00:00Z,ccre,8,21.629466666666666,temperature
2024-08-22T00:00:00Z,ccre,9,14.969354583333333,temperature
2024-08-22T00:00:00Z,ccre,10,13.122338333333332,temperature
2024-08-22T00:00:00Z,ccre,11,13.019790138888888,temperature
2024-08-22T00:00:00Z,ccre,12,12.883879444444444,temperature
2024-08-22T00:00:00Z,ccre,13,12.753403888888888,temperature
2024-08-23T00:00:00Z,ccre,2,25.77781034722222,temperature
2024-08-23T00:00:00Z,ccre,3,25.765318402777776,temperature
2024-08-23T00:00:00Z,ccre,4,25.65729368055555,temperature
2024-08-23T00:00:00Z,ccre,5,25.57344625,temperature
2024-08-23T00:00:00Z,ccre,6,25.485140069444444,temperature
2024-08-23T00:00:00Z,ccre,7,25.064134583333335,temperature
2024-08-23T00:00:00Z,ccre,8,22.007852569444445,temperature
2024-08-23T00:00:00Z,ccre,9,15.229781041666667,temperature
2024-08-23T00:00:00Z,ccre,10,13.150822013888888,temperature
2024-08-23T00:00:00Z,ccre,11,13.060816875,temperature
2024-08-23T00:00:00Z,ccre,12,12.918973541666666,temperature
2024-08-23T00:00:00Z,ccre,13,12.793738125,temperature
2024-08-24T00:00:00Z,ccre,2,25.911672083333332,temperature
2024-08-24T00:00:00Z,ccre,3,25.673368472222226,temperature
2024-08-24T00:00:00Z,ccre,4,25.488811458333338,temperature
2024-08-24T00:00:00Z,ccre,5,25.307481944444444,temperature
2024-08-24T00:00:00Z,ccre,6,25.162038055555556,temperature
2024-08-24T00:00:00Z,ccre,7,24.896126944444443,temperature
2024-08-24T00:00:00Z,ccre,8,22.94163909722222,temperature
2024-08-24T00:00:00Z,ccre,9,15.007097291666668,temperature
2024-08-24T00:00:00Z,ccre,10,13.185958819444444,temperature
2024-08-24T00:00:00Z,ccre,11,13.076620138888888,temperature
2024-08-24T00:00:00Z,ccre,12,12.945545763888887,temperature
2024-08-24T00:00:00Z,ccre,13,12.811098125,temperature
2024-08-25T00:00:00Z,ccre,2,26.18708034722222,temperature
2024-08-25T00:00:00Z,ccre,3,25.958894722222222,temperature
2024-08-25T00:00:00Z,ccre,4,25.753208611111113,temperature
2024-08-25T00:00:00Z,ccre,5,25.45400194444445,temperature
2024-08-25T00:00:00Z,ccre,6,25.290674791666667,temperature
2024-08-25T00:00:00Z,ccre,7,25.143473888888888,temperature
2024-08-25T00:00:00Z,ccre,8,22.30542965277778,temperature
2024-08-25T00:00:00Z,ccre,9,15.503611805555556,temperature
2024-08-25T00:00:00Z,ccre,10,13.237178055555557,temperature
2024-08-25T00:00:00Z,ccre,11,13.142301111111111,temperature
2024-08-25T00:00:00Z,ccre,12,12.983278333333333,temperature
2024-08-25T00:00:00Z,ccre,13,12.835828680555556,temperature
2024-08-26T00:00:00Z,ccre,2,26.530203888888888,temperature
2024-08-26T00:00:00Z,ccre,3,26.16667590277778,temperature
2024-08-26T00:00:00Z,ccre,4,25.839207847222223,temperature
2024-08-26T00:00:00Z,ccre,5,25.62286263888889,temperature
2024-08-26T00:00:00Z,ccre,6,25.471269305555555,temperature
2024-08-26T00:00:00Z,ccre,7,25.14535972222222,temperature
2024-08-26T00:00:00Z,ccre,8,22.417133055555556,temperature
2024-08-26T00:00:00Z,ccre,9,15.592989027777778,temperature
2024-08-26T00:00:00Z,ccre,10,13.258627083333334,temperature
2024-08-26T00:00:00Z,ccre,11,13.15775548611111,temperature
2024-08-26T00:00:00Z,ccre,12,13.012212291666666,temperature
2024-08-26T00:00:00Z,ccre,13,12.875376597222225,temperature
2024-08-27T00:00:00Z,ccre,2,26.688494930555557,temperature
2024-08-27T00:00:00Z,ccre,3,26.5059425,temperature
2024-08-27T00:00:00Z,ccre,4,26.263629027777775,temperature
2024-08-27T00:00:00Z,ccre,5,25.994908194444445,temperature
2024-08-27T00:00:00Z,ccre,6,25.73836625,temperature
2024-08-27T00:00:00Z,ccre,7,25.129308472222224,temperature
2024-08-27T00:00:00Z,ccre,8,22.45540388888889,temperature
2024-08-27T00:00:00Z,ccre,9,15.661407847222222,temperature
2024-08-27T00:00:00Z,ccre,10,13.303732291666666,temperature
2024-08-27T00:00:00Z,ccre,11,13.198281388888889,temperature
2024-08-27T00:00:00Z,ccre,12,13.051312916666667,temperature
2024-08-27T00:00:00Z,ccre,13,12.920841944444444,temperature
2024-08-28T00:00:00Z,ccre,2,27.247938333333337,temperature
2024-08-28T00:00:00Z,ccre,3,26.977081180555555,temperature
2024-08-28T00:00:00Z,ccre,4,26.682254930555555,temperature
2024-08-28T00:00:00Z,ccre,5,26.10331645833333,temperature
2024-08-28T00:00:00Z,ccre,6,25.78425534722222,temperature
2024-08-28T00:00:00Z,ccre,7,25.07589534722222,temperature
2024-08-28T00:00:00Z,ccre,8,22.720623125,temperature
2024-08-28T00:00:00Z,ccre,9,16.02784513888889,temperature
2024-08-28T00:00:00Z,ccre,10,13.346337638888889,temperature
2024-08-28T00:00:00Z,ccre,11,13.246075416666669,temperature
2024-08-28T00:00:00Z,ccre,12,13.081562013888888,temperature
2024-08-28T00:00:00Z,ccre,13,12.939874166666666,temperature
2024-08-29T00:00:00Z,ccre,2,27.655469236111113,temperature
2024-08-29T00:00:00Z,ccre,3,27.408710208333332,temperature
2024-08-29T00:00:00Z,ccre,4,26.936189583333334,temperature
2024-08-29T00:00:00Z,ccre,5,26.55997486111111,temperature
2024-08-29T00:00:00Z,ccre,6,26.15110013888889,temperature
2024-08-29T00:00:00Z,ccre,7,25.41387027777778,temperature
2024-08-29T00:00:00Z,ccre,8,22.68877840277778,temperature
2024-08-29T00:00:00Z,ccre,9,16.192441388888888,temperature
2024-08-29T00:00:00Z,ccre,10,13.390652430555557,temperature
2024-08-29T00:00:00Z,ccre,11,13.26999875,temperature
2024-08-29T00:00:00Z,ccre,12,13.111360416666669,temperature
2024-08-29T00:00:00Z,ccre,13,12.983124444444444,temperature
2024-08-30T00:00:00Z,ccre,2,27.675133402777774,temperature
2024-08-30T00:00:00Z,ccre,3,27.507317152777777,temperature
2024-08-30T00:00:00Z,ccre,4,27.272748055555557,temperature
2024-08-30T00:00:00Z,ccre,5,26.73874236111111,temperature
2024-08-30T00:00:00Z,ccre,6,26.063555208333337,temperature
2024-08-30T00:00:00Z,ccre,7,24.936616875,temperature
2024-08-30T00:00:00Z,ccre,8,22.401159027777776,temperature
2024-08-30T00:00:00Z,ccre,9,16.671557361111113,temperature
2024-08-30T00:00:00Z,ccre,10,13.420633055555555,temperature
2024-08-30T00:00:00Z,ccre,11,13.30180951388889,temperature
2024-08-30T00:00:00Z,ccre,12,13.147069513888887,temperature
2024-08-30T00:00:00Z,ccre,13,13.019053263888887,temperature
2024-08-31T00:00:00Z,ccre,2,27.11174972222222,temperature
2024-08-31T00:00:00Z,ccre,3,26.989380069444444,temperature
2024-08-31T00:00:00Z,ccre,4,26.8022325,temperature
2024-08-31T00:00:00Z,ccre,5,26.49592833333333,temperature
2024-08-31T00:00:00Z,ccre,6,26.216255208333333,temperature
2024-08-31T00:00:00Z,ccre,7,25.616773125,temperature
2024-08-31T00:00:00Z,ccre,8,22.99246284722222,temperature
2024-08-31T00:00:00Z,ccre,9,16.381393055555556,temperature
2024-08-31T00:00:00Z,ccre,10,13.448563125,temperature
2024-08-31T00:00:00Z,ccre,11,13.336615069444443,temperature
2024-08-31T00:00:00Z,ccre,12,13.181213958333334,temperature
2024-08-31T00:00:00Z,ccre,13,13.047341319444444,temperature
2024-09-01T00:00:00Z,ccre,2,26.87555090277778,temperature
2024-09-01T00:00:00Z,ccre,3,26.847000555555557,temperature
2024-09-01T00:00:00Z,ccre,4,26.712941041666667,temperature
2024-09-01T00:00:00Z,ccre,5,26.613515694444445,temperature
2024-09-01T00:00:00Z,ccre,6,26.566517847222222,temperature
2024-09-01T00:00:00Z,ccre,7,25.648912569444445,temperature
2024-09-01T00:00:00Z,ccre,8,22.335264652777777,temperature
2024-09-01T00:00:00Z,ccre,9,16.681435208333333,temperature
2024-09-01T00:00:00Z,ccre,10,13.524487291666668,temperature
2024-09-01T00:00:00Z,ccre,11,13.380194305555555,temperature
2024-09-01T00:00:00Z,ccre,12,13.216786180555555,temperature
2024-09-01T00:00:00Z,ccre,13,13.06545486111111,temperature
2024-09-02T00:00:00Z,ccre,2,26.76587902777778,temperature
2024-09-02T00:00:00Z,ccre,3,26.785709097222224,temperature
2024-09-02T00:00:00Z,ccre,4,26.741094027777777,temperature
2024-09-02T00:00:00Z,ccre,5,26.646710902777777,temperature
2024-09-02T00:00:00Z,ccre,6,26.609122569444445,temperature
2024-09-02T00:00:00Z,ccre,7,26.31254611111111,temperature
2024-09-02T00:00:00Z,ccre,8,23.959610972222222,temperature
2024-09-02T00:00:00Z,ccre,9,16.256200763888888,temperature
2024-09-02T00:00:00Z,ccre,10,13.484965972222222,temperature
2024-09-02T00:00:00Z,ccre,11,13.392922430555556,temperature
2024-09-02T00:00:00Z,ccre,12,13.2486325,temperature
2024-09-02T00:00:00Z,ccre,13,13.125690833333334,temperature
2024-09-03T00:00:00Z,ccre,2,26.39311375,temperature
2024-09-03T00:00:00Z,ccre,3,26.424529652777775,temperature
2024-09-03T00:00:00Z,ccre,4,26.38947263888889,temperature
2024-09-03T00:00:00Z,ccre,5,26.335522291666667,temperature
2024-09-03T00:00:00Z,ccre,6,26.29915972222222,temperature
2024-09-03T00:00:00Z,ccre,7,26.222767986111112,temperature
2024-09-03T00:00:00Z,ccre,8,22.304848958333334,temperature
2024-09-03T00:00:00Z,ccre,9,17.06530875,temperature
2024-09-03T00:00:00Z,ccre,10,13.590960763888887,temperature
2024-09-03T00:00:00Z,ccre,11,13.455025763888887,temperature
2024-09-03T00:00:00Z,ccre,12,13.288271736111112,temperature
2024-09-03T00:00:00Z,ccre,13,13.145853055555555,temperature
2024-09-04T00:00:00Z,ccre,2,25.88700409722222,temperature
2024-09-04T00:00:00Z,ccre,3,25.894453194444445,temperature
2024-09-04T00:00:00Z,ccre,4,25.80923361111111,temperature
2024-09-04T00:00:00Z,ccre,5,25.748038194444444,temperature
2024-09-04T00:00:00Z,ccre,6,25.706460555555555,temperature
2024-09-04T00:00:00Z,ccre,7,25.6604875,temperature
2024-09-04T00:00:00Z,ccre,8,22.865977430555557,temperature
2024-09-04T00:00:00Z,ccre,9,17.001349861111112,temperature
2024-09-04T00:00:00Z,ccre,10,13.605662361111111,temperature
2024-09-04T00:00:00Z,ccre,11,13.484096388888888,temperature
2024-09-04T00:00:00Z,ccre,12,13.317241875,temperature
2024-09-04T00:00:00Z,ccre,13,13.198783472222225,temperature
2024-09-05T00:00:00Z,ccre,2,25.517778819444445,temperature
2024-09-05T00:00:00Z,ccre,3,25.525691944444446,temperature
2024-09-05T00:00:00Z,ccre,4,25.39304263888889,temperature
2024-09-05T00:00:00Z,ccre,5,25.35608034722222,temperature
2024-09-05T00:00:00Z,ccre,6,25.32362826388889,temperature
2024-09-05T00:00:00Z,ccre,7,25.277124583333332,temperature
2024-09-05T00:00:00Z,ccre,8,23.248381805555557,temperature
2024-09-05T00:00:00Z,ccre,9,17.126426666666667,temperature
2024-09-05T00:00:00Z,ccre,10,13.63906597222222,temperature
2024-09-05T00:00:00Z,ccre,11,13.511759027777778,temperature
2024-09-05T00:00:00Z,ccre,12,13.346877430555557,temperature
2024-09-05T00:00:00Z,ccre,13,13.227348125,temperature
2024-09-06T00:00:00Z,ccre,2,25.31428243055555,temperature
2024-09-06T00:00:00Z,ccre,3,25.263092708333332,temperature
2024-09-06T00:00:00Z,ccre,4,25.136794444444444,temperature
2024-09-06T00:00:00Z,ccre,5,25.062347847222224,temperature
2024-09-06T00:00:00Z,ccre,6,24.91676861111111,temperature
2024-09-06T00:00:00Z,ccre,7,24.828014652777775,temperature
2024-09-06T00:00:00Z,ccre,8,23.424738541666667,temperature
2024-09-06T00:00:00Z,ccre,9,17.201083958333335,temperature
2024-09-06T00:00:00Z,ccre,10,13.696342222222222,temperature
2024-09-06T00:00:00Z,ccre,11,13.545146388888888,temperature
2024-09-06T00:00:00Z,ccre,12,13.38517125,temperature
2024-09-06T00:00:00Z,ccre,13,13.264030833333331,temperature
2024-09-07T00:00:00Z,ccre,2,24.9154825,temperature
2024-09-07T00:00:00Z,ccre,3,24.95279972222222,temperature
2024-09-07T00:00:00Z,ccre,4,24.931552361111113,temperature
2024-09-07T00:00:00Z,ccre,5,24.900381875,temperature
2024-09-07T00:00:00Z,ccre,6,24.854879375,temperature
2024-09-07T00:00:00Z,ccre,7,24.81111923611111,temperature
2024-09-07T00:00:00Z,ccre,8,24.316809236111112,temperature
2024-09-07T00:00:00Z,ccre,9,17.825470555555555,temperature
2024-09-07T00:00:00Z,ccre,10,13.695250416666669,temperature
2024-09-07T00:00:00Z,ccre,11,13.572757361111112,temperature
2024-09-07T00:00:00Z,ccre,12,13.413979027777778,temperature
2024-09-07T00:00:00Z,ccre,13,13.286697222222225,temperature
2024-09-08T00:00:00Z,ccre,2,24.58118673611111,temperature
2024-09-08T00:00:00Z,ccre,3,24.623958819444443,temperature
2024-09-08T00:00:00Z,ccre,4,24.519649722222223,temperature
2024-09-08T00:00:00Z,ccre,5,24.427943819444444,temperature
2024-09-08T00:00:00Z,ccre,6,24.34947201388889,temperature
2024-09-08T00:00:00Z,ccre,7,24.278141666666667,temperature
2024-09-08T00:00:00Z,ccre,8,24.079110625,temperature
2024-09-08T00:00:00Z,ccre,9,17.127291666666668,temperature
2024-09-08T00:00:00Z,ccre,10,13.777231527777776,temperature
2024-09-08T00:00:00Z,ccre,11,13.623266597222225,temperature
2024-09-08T00:00:00Z,ccre,12,13.451482291666666,temperature
2024-09-08T00:00:00Z,ccre,13,13.32246076388889,temperature
2024-09-09T00:00:00Z,ccre,2,24.27354215277778,temperature
2024-09-09T00:00:00Z,ccre,3,24.236938125000002,temperature
2024-09-09T00:00:00Z,ccre,4,24.103384375,temperature
2024-09-09T00:00:00Z,ccre,5,24.05435479166667,temperature
2024-09-09T00:00:00Z,ccre,6,23.995607291666666,temperature
2024-09-09T00:00:00Z,ccre,7,23.922474305555557,temperature
2024-09-09T00:00:00Z,ccre,8,23.57099263888889,temperature
2024-09-09T00:00:00Z,ccre,9,17.60409125,temperature
2024-09-09T00:00:00Z,ccre,10,13.775146388888889,temperature
2024-09-09T00:00:00Z,ccre,11,13.647957986111113,temperature
2024-09-09T00:00:00Z,ccre,12,13.481897638888888,temperature
2024-09-09T00:00:00Z,ccre,13,13.350196111111112,temperature
2024-09-10T00:00:00Z,ccre,2,24.120524652777775,temperature
2024-09-10T00:00:00Z,ccre,3,24.006860902777778,temperature
2024-09-10T00:00:00Z,ccre,4,23.810832708333333,temperature
2024-09-10T00:00:00Z,ccre,5,23.739196875,temperature
2024-09-10T00:00:00Z,ccre,6,23.605304375,temperature
2024-09-10T00:00:00Z,ccre,7,23.520158958333333,temperature
2024-09-10T00:00:00Z,ccre,8,23.243133888888888,temperature
2024-09-10T00:00:00Z,ccre,9,17.809089027777777,temperature
2024-09-10T00:00:00Z,ccre,10,13.815018194444445,temperature
2024-09-10T00:00:00Z,ccre,11,13.68111451388889,temperature
2024-09-10T00:00:00Z,ccre,12,13.524070972222225,temperature
2024-09-10T00:00:00Z,ccre,13,13.390004791666666,temperature
2024-09-11T00:00:00Z,ccre,2,24.05372486111111,temperature
2024-09-11T00:00:00Z,ccre,3,23.8515175,temperature
2024-09-11T00:00:00Z,ccre,4,23.713862638888887,temperature
2024-09-11T00:00:00Z,ccre,5,23.624663402777777,temperature
2024-09-11T00:00:00Z,ccre,6,23.473326597222226,temperature
2024-09-11T00:00:00Z,ccre,7,23.336864722222224,temperature
2024-09-11T00:00:00Z,ccre,8,22.906095208333333,temperature
2024-09-11T00:00:00Z,ccre,9,18.032371597222223,temperature
2024-09-11T00:00:00Z,ccre,10,13.867230694444444,temperature
2024-09-11T00:00:00Z,ccre,11,13.732594444444445,temperature
2024-09-11T00:00:00Z,ccre,12,13.559195486111111,temperature
2024-09-11T00:00:00Z,ccre,13,13.414162430555557,temperature
2024-09-12T00:00:00Z,ccre,2,23.791245833333335,temperature
2024-09-12T00:00:00Z,ccre,3,23.68475298611111,temperature
2024-09-12T00:00:00Z,ccre,4,23.548421597222223,temperature
2024-09-12T00:00:00Z,ccre,5,23.46536763888889,temperature
2024-09-12T00:00:00Z,ccre,6,23.36918097222222,temperature
2024-09-12T00:00:00Z,ccre,7,23.25119951388889,temperature
2024-09-12T00:00:00Z,ccre,8,22.878143125,temperature
2024-09-12T00:00:00Z,ccre,9,18.25160125,temperature
2024-09-12T00:00:00Z,ccre,10,13.872904166666666,temperature
2024-09-12T00:00:00Z,ccre,11,13.75761402777778,temperature
2024-09-12T00:00:00Z,ccre,12,13.588407013888888,temperature
2024-09-12T00:00:00Z,ccre,13,13.446986597222224,temperature
2024-09-13T00:00:00Z,ccre,2,23.47182506944445,temperature
2024-09-13T00:00:00Z,ccre,3,23.54965201388889,temperature
2024-09-13T00:00:00Z,ccre,4,23.539160694444444,temperature
2024-09-13T00:00:00Z,ccre,5,23.503658055555555,temperature
2024-09-13T00:00:00Z,ccre,6,23.43538951388889,temperature
2024-09-13T00:00:00Z,ccre,7,23.334361805555556,temperature
2024-09-13T00:00:00Z,ccre,8,22.989285069444445,temperature
2024-09-13T00:00:00Z,ccre,9,18.324641180555556,temperature
2024-09-13T00:00:00Z,ccre,10,13.940686388888889,temperature
2024-09-13T00:00:00Z,ccre,11,13.79887625,temperature
2024-09-13T00:00:00Z,ccre,12,13.631191527777778,temperature
2024-09-13T00:00:00Z,ccre,13,13.486133055555555,temperature
2024-09-14T00:00:00Z,ccre,2,23.473066180555556,temperature
2024-09-14T00:00:00Z,ccre,3,23.550243194444445,temperature
2024-09-14T00:00:00Z,ccre,4,23.480187013888887,temperature
2024-09-14T00:00:00Z,ccre,5,23.42670986111111,temperature
2024-09-14T00:00:00Z,ccre,6,23.400458958333335,temperature
2024-09-14T00:00:00Z,ccre,7,23.375546041666663,temperature
2024-09-14T00:00:00Z,ccre,8,23.274230972222224,temperature
2024-09-14T00:00:00Z,ccre,9,18.318448333333333,temperature
2024-09-14T00:00:00Z,ccre,10,13.976514583333334,temperature
2024-09-14T00:00:00Z,ccre,11,13.829603333333331,temperature
2024-09-14T00:00:00Z,ccre,12,13.656505069444444,temperature
2024-09-14T00:00:00Z,ccre,13,13.535454375,temperature
2024-09-15T00:00:00Z,ccre,2,23.111825365853655,temperature
2024-09-15T00:00:00Z,ccre,3,23.549548819444446,temperature
2024-09-15T00:00:00Z,ccre,4,23.490867847222223,temperature
2024-09-15T00:00:00Z,ccre,5,23.426224305555557,temperature
2024-09-15T00:00:00Z,ccre,6,23.3997175,temperature
2024-09-15T00:00:00Z,ccre,7,23.382505138888888,temperature
2024-09-15T00:00:00Z,ccre,8,23.091064791666668,temperature
2024-09-15T00:00:00Z,ccre,9,18.585964375,temperature
2024-09-15T00:00:00Z,ccre,10,14.026433611111113,temperature
2024-09-15T00:00:00Z,ccre,11,13.863804513888889,temperature
2024-09-15T00:00:00Z,ccre,12,13.685883333333331,temperature
2024-09-15T00:00:00Z,ccre,13,13.571427708333331,temperature
2024-09-16T00:00:00Z,ccre,3,23.196471527777778,temperature
2024-09-16T00:00:00Z,ccre,4,23.181602777777776,temperature
2024-09-16T00:00:00Z,ccre,5,23.15370340277778,temperature
2024-09-16T00:00:00Z,ccre,6,23.150928125,temperature
2024-09-16T00:00:00Z,ccre,7,23.157089930555557,temperature
2024-09-16T00:00:00Z,ccre,8,23.12101284722222,temperature
2024-09-16T00:00:00Z,ccre,9,20.503967777777778,temperature
2024-09-16T00:00:00Z,ccre,10,14.112707013888889,temperature
2024-09-16T00:00:00Z,ccre,11,13.922158472222222,temperature
2024-09-16T00:00:00Z,ccre,12,13.727538958333334,temperature
2024-09-16T00:00:00Z,ccre,13,13.615849722222222,temperature
2024-09-17T00:00:00Z,ccre,3,22.579989583333333,temperature
2024-09-17T00:00:00Z,ccre,4,22.572913472222226,temperature
2024-09-17T00:00:00Z,ccre,5,22.550080416666667,temperature
2024-09-17T00:00:00Z,ccre,6,22.553267986111113,temperature
2024-09-17T00:00:00Z,ccre,7,22.565910416666668,temperature
2024-09-17T00:00:00Z,ccre,8,22.565782708333337,temperature
2024-09-17T00:00:00Z,ccre,9,22.478303888888888,temperature
2024-09-17T00:00:00Z,ccre,10,14.052474236111111,temperature
2024-09-17T00:00:00Z,ccre,11,13.909142222222222,temperature
2024-09-17T00:00:00Z,ccre,12,13.749862777777778,temperature
2024-09-17T00:00:00Z,ccre,13,13.62309625,temperature
2024-09-18T00:00:00Z,ccre,3,22.579185833333337,temperature
2024-09-18T00:00:00Z,ccre,4,22.53414173611111,temperature
2024-09-18T00:00:00Z,ccre,5,22.46350826388889,temperature
2024-09-18T00:00:00Z,ccre,6,22.397046944444444,temperature
2024-09-18T00:00:00Z,ccre,7,22.36292173611111,temperature
2024-09-18T00:00:00Z,ccre,8,22.317869722222223,temperature
2024-09-18T00:00:00Z,ccre,9,20.690292569444445,temperature
2024-09-18T00:00:00Z,ccre,10,14.145197291666667,temperature
2024-09-18T00:00:00Z,ccre,11,14.003282291666666,temperature
2024-09-18T00:00:00Z,ccre,12,13.801923958333331,temperature
2024-09-18T00:00:00Z,ccre,13,13.675156597222225,temperature
2024-09-19T00:00:00Z,ccre,3,22.9485975,temperature
2024-09-19T00:00:00Z,ccre,4,22.815990347222225,temperature
2024-09-19T00:00:00Z,ccre,5,22.69556902777778,temperature
2024-09-19T00:00:00Z,ccre,6,22.58243180555555,temperature
2024-09-19T00:00:00Z,ccre,7,22.45835611111111,temperature
2024-09-19T00:00:00Z,ccre,8,22.137979166666668,temperature
2024-09-19T00:00:00Z,ccre,9,19.398842569444444,temperature
2024-09-19T00:00:00Z,ccre,10,14.254915,temperature
2024-09-19T00:00:00Z,ccre,11,14.033500069444443,temperature
2024-09-19T00:00:00Z,ccre,12,13.829893055555557,temperature
2024-09-19T00:00:00Z,ccre,13,13.695842152777775,temperature
2024-09-20T00:00:00Z,ccre,3,23.36305326388889,temperature
2024-09-20T00:00:00Z,ccre,4,23.22388972222222,temperature
2024-09-20T00:00:00Z,ccre,5,22.9894625,temperature
2024-09-20T00:00:00Z,ccre,6,22.851471319444443,temperature
2024-09-20T00:00:00Z,ccre,7,22.596127847222224,temperature
2024-09-20T00:00:00Z,ccre,8,21.968491180555556,temperature
2024-09-20T00:00:00Z,ccre,9,19.18800111111111,temperature
2024-09-20T00:00:00Z,ccre,10,14.208503472222224,temperature
2024-09-20T00:00:00Z,ccre,11,14.019997638888889,temperature
2024-09-20T00:00:00Z,ccre,12,13.842331041666666,temperature
2024-09-20T00:00:00Z,ccre,13,13.645877361111111,temperature
2024-09-21T00:00:00Z,ccre,3,23.699497152777777,temperature
2024-09-21T00:00:00Z,ccre,4,23.172709583333333,temperature
2024-09-21T00:00:00Z,ccre,5,22.82939451388889,temperature
2024-09-21T00:00:00Z,ccre,6,22.526701180555555,temperature
2024-09-21T00:00:00Z,ccre,7,22.266876875,temperature
2024-09-21T00:00:00Z,ccre,8,21.850394722222223,temperature
2024-09-21T00:00:00Z,ccre,9,19.9440725,temperature
2024-09-21T00:00:00Z,ccre,10,14.308053819444444,temperature
2024-09-21T00:00:00Z,ccre,11,14.10553875,temperature
2024-09-21T00:00:00Z,ccre,12,13.864709652777778,temperature
2024-09-21T00:00:00Z,ccre,13,13.682855763888888,temperature
2024-09-22T00:00:00Z,ccre,3,23.73498138888889,temperature
2024-09-22T00:00:00Z,ccre,4,23.384203333333332,temperature
2024-09-22T00:00:00Z,ccre,5,23.039288541666668,temperature
2024-09-22T00:00:00Z,ccre,6,22.792495833333337,temperature
2024-09-22T00:00:00Z,ccre,7,22.529774444444445,temperature
2024-09-22T00:00:00Z,ccre,8,22.090443680555556,temperature
2024-09-22T00:00:00Z,ccre,9,19.380438333333338,temperature
2024-09-22T00:00:00Z,ccre,10,14.29102909722222,temperature
2024-09-22T00:00:00Z,ccre,11,14.116826527777778,temperature
2024-09-22T00:00:00Z,ccre,12,13.901162291666669,temperature
2024-09-22T00:00:00Z,ccre,13,13.755987152777776,temperature
2024-09-23T00:00:00Z,ccre,3,23.351595486111112,temperature
2024-09-23T00:00:00Z,ccre,4,23.074205694444444,temperature
2024-09-23T00:00:00Z,ccre,5,22.838605416666667,temperature
2024-09-23T00:00:00Z,ccre,6,22.602057291666668,temperature
2024-09-23T00:00:00Z,ccre,7,22.33198375,temperature
2024-09-23T00:00:00Z,ccre,8,21.823534652777777,temperature
2024-09-23T00:00:00Z,ccre,9,20.081368333333337,temperature
2024-09-23T00:00:00Z,ccre,10,14.381528194444444,temperature
2024-09-23T00:00:00Z,ccre,11,14.164136875,temperature
2024-09-23T00:00:00Z,ccre,12,13.93334625,temperature
2024-09-23T00:00:00Z,ccre,13,13.756181319444444,temperature
2024-09-24T00:00:00Z,ccre,3,23.18284819444445,temperature
2024-09-24T00:00:00Z,ccre,4,23.16662256944445,temperature
2024-09-24T00:00:00Z,ccre,5,23.075943333333335,temperature
2024-09-24T00:00:00Z,ccre,6,22.97605,temperature
2024-09-24T00:00:00Z,ccre,7,22.737611527777776,temperature
2024-09-24T00:00:00Z,ccre,8,22.058054930555556,temperature
2024-09-24T00:00:00Z,ccre,9,19.212666666666667,temperature
2024-09-24T00:00:00Z,ccre,10,14.460823472222222,temperature
2024-09-24T00:00:00Z,ccre,11,14.21650576388889,temperature
2024-09-24T00:00:00Z,ccre,12,13.979286458333334,temperature
2024-09-24T00:00:00Z,ccre,13,13.799199791666666,temperature
2024-09-25T00:00:00Z,ccre,2,22.70765846153846,temperature
2024-09-25T00:00:00Z,ccre,3,22.91033743055555,temperature
2024-09-25T00:00:00Z,ccre,4,22.886174722222226,temperature
2024-09-25T00:00:00Z,ccre,5,22.843939166666665,temperature
2024-09-25T00:00:00Z,ccre,6,22.83506840277778,temperature
2024-09-25T00:00:00Z,ccre,7,22.731167708333334,temperature
2024-09-25T00:00:00Z,ccre,8,21.757306944444444,temperature
2024-09-25T00:00:00Z,ccre,9,19.52183402777778,temperature
2024-09-25T00:00:00Z,ccre,10,14.391031041666666,temperature
2024-09-25T00:00:00Z,ccre,11,14.21930659722222,temperature
2024-09-25T00:00:00Z,ccre,12,14.001752638888888,temperature
2024-09-25T00:00:00Z,ccre,13,13.833213125,temperature
2024-09-26T00:00:00Z,ccre,2,22.937378125,temperature
2024-09-26T00:00:00Z,ccre,3,22.90017625,temperature
2024-09-26T00:00:00Z,ccre,4,22.868506666666665,temperature
2024-09-26T00:00:00Z,ccre,5,22.798110138888887,temperature
2024-09-26T00:00:00Z,ccre,6,22.685912569444444,temperature
2024-09-26T00:00:00Z,ccre,7,22.31253798611111,temperature
2024-09-26T00:00:00Z,ccre,8,21.713434236111112,temperature
2024-09-26T00:00:00Z,ccre,9,19.499211111111112,temperature
2024-09-26T00:00:00Z,ccre,10,14.489063541666669,temperature
2024-09-26T00:00:00Z,ccre,11,14.296329236111111,temperature
2024-09-26T00:00:00Z,ccre,12,14.042623680555556,temperature
2024-09-26T00:00:00Z,ccre,13,13.851839444444444,temperature
2024-09-27T00:00:00Z,ccre,2,22.799204791666668,temperature
2024-09-27T00:00:00Z,ccre,3,22.80991625,temperature
2024-09-27T00:00:00Z,ccre,4,22.780546319444444,temperature
2024-09-27T00:00:00Z,ccre,5,22.727282083333332,temperature
2024-09-27T00:00:00Z,ccre,6,22.639105347222223,temperature
2024-09-27T00:00:00Z,ccre,7,22.499209166666667,temperature
2024-09-27T00:00:00Z,ccre,8,21.62592972222222,temperature
2024-09-27T00:00:00Z,ccre,9,18.92189763888889,temperature
2024-09-27T00:00:00Z,ccre,10,14.593637777777776,temperature
2024-09-27T00:00:00Z,ccre,11,14.336582569444444,temperature
2024-09-27T00:00:00Z,ccre,12,14.070095555555556,temperature
2024-09-27T00:00:00Z,ccre,13,13.84760048611111,temperature
2024-09-28T00:00:00Z,ccre,2,22.554373125,temperature
2024-09-28T00:00:00Z,ccre,3,22.539004722222224,temperature
2024-09-28T00:00:00Z,ccre,4,22.462109027777775,temperature
2024-09-28T00:00:00Z,ccre,5,22.3571075,temperature
2024-09-28T00:00:00Z,ccre,6,22.174790208333334,temperature
2024-09-28T00:00:00Z,ccre,7,21.820129444444444,temperature
2024-09-28T00:00:00Z,ccre,8,20.986803819444443,temperature
2024-09-28T00:00:00Z,ccre,9,19.37373,temperature
2024-09-28T00:00:00Z,ccre,10,14.683692430555556,temperature
2024-09-28T00:00:00Z,ccre,11,14.414545902777778,temperature
2024-09-28T00:00:00Z,ccre,12,14.129702916666666,temperature
2024-09-28T00:00:00Z,ccre,13,13.918291527777775,temperature
2024-09-29T00:00:00Z,ccre,2,22.507537222222226,temperature
2024-09-29T00:00:00Z,ccre,3,22.49054125,temperature
2024-09-29T00:00:00Z,ccre,4,22.43083013888889,temperature
2024-09-29T00:00:00Z,ccre,5,22.324184236111112,temperature
2024-09-29T00:00:00Z,ccre,6,22.200520833333332,temperature
2024-09-29T00:00:00Z,ccre,7,21.750070972222225,temperature
2024-09-29T00:00:00Z,ccre,8,20.858730208333338,temperature
2024-09-29T00:00:00Z,ccre,9,19.020322916666668,temperature
2024-09-29T00:00:00Z,ccre,10,14.661710208333334,temperature
2024-09-29T00:00:00Z,ccre,11,14.424426944444445,temperature
2024-09-29T00:00:00Z,ccre,12,14.16776875,temperature
2024-09-29T00:00:00Z,ccre,13,14.023210694444444,temperature
2024-09-30T00:00:00Z,ccre,2,22.45465777777778,temperature
2024-09-30T00:00:00Z,ccre,3,22.444957291666668,temperature
2024-09-30T00:00:00Z,ccre,4,22.41622013888889,temperature
2024-09-30T00:00:00Z,ccre,5,22.35894375,temperature
2024-09-30T00:00:00Z,ccre,6,22.248210416666662,temperature
2024-09-30T00:00:00Z,ccre,7,21.301551180555556,temperature
2024-09-30T00:00:00Z,ccre,8,20.385027569444443,temperature
2024-09-30T00:00:00Z,ccre,9,19.20738638888889,temperature
2024-09-30T00:00:00Z,ccre,10,14.700199791666666,temperature
2024-09-30T00:00:00Z,ccre,11,14.46098625,temperature
2024-09-30T00:00:00Z,ccre,12,14.217076458333333,temperature
2024-09-30T00:00:00Z,ccre,13,14.058272847222222,temperature
2024-10-01T00:00:00Z,ccre,1,22.92884935483871,temperature
2024-10-01T00:00:00Z,ccre,2,22.641096875,temperature
2024-10-01T00:00:00Z,ccre,3,22.597777291666667,temperature
2024-10-01T00:00:00Z,ccre,4,22.394431805555556,temperature
2024-10-01T00:00:00Z,ccre,5,22.30196875,temperature
2024-10-01T00:00:00Z,ccre,6,22.267470972222224,temperature
2024-10-01T00:00:00Z,ccre,7,21.96675847222222,temperature
2024-10-01T00:00:00Z,ccre,8,20.94093868055555,temperature
2024-10-01T00:00:00Z,ccre,9,18.62988625,temperature
2024-10-01T00:00:00Z,ccre,10,14.757866875,temperature
2024-10-01T00:00:00Z,ccre,11,14.532722222222224,temperature
2024-10-01T00:00:00Z,ccre,12,14.267352916666669,temperature
2024-10-01T00:00:00Z,ccre,13,14.110680208333331,temperature
2024-10-02T00:00:00Z,ccre,1,23.17287,temperature
2024-10-02T00:00:00Z,ccre,2,23.057293333333337,temperature
2024-10-02T00:00:00Z,ccre,3,22.729879930555555,temperature
2024-10-02T00:00:00Z,ccre,4,22.4404725,temperature
2024-10-02T00:00:00Z,ccre,5,22.28798631944445,temperature
2024-10-02T00:00:00Z,ccre,6,21.75409868055555,temperature
2024-10-02T00:00:00Z,ccre,7,21.023509027777777,temperature
2024-10-02T00:00:00Z,ccre,8,20.33198986111111,temperature
2024-10-02T00:00:00Z,ccre,9,18.944844166666662,temperature
2024-10-02T00:00:00Z,ccre,10,14.842973125,temperature
2024-10-02T00:00:00Z,ccre,11,14.576260069444444,temperature
2024-10-02T00:00:00Z,ccre,12,14.299590138888888,temperature
2024-10-02T00:00:00Z,ccre,13,14.149331736111112,temperature
2024-10-03T00:00:00Z,ccre,1,23.063528958333332,temperature
2024-10-03T00:00:00Z,ccre,2,22.932020277777777,temperature
2024-10-03T00:00:00Z,ccre,3,22.779416458333333,temperature
2024-10-03T00:00:00Z,ccre,4,22.48407173611111,temperature
2024-10-03T00:00:00Z,ccre,5,22.159669861111112,temperature
2024-10-03T00:00:00Z,ccre,6,21.71029298611111,temperature
2024-10-03T00:00:00Z,ccre,7,21.082584027777777,temperature
2024-10-03T00:00:00Z,ccre,8,20.087855625,temperature
2024-10-03T00:00:00Z,ccre,9,18.367544791666667,temperature
2024-10-03T00:00:00Z,ccre,10,14.956028958333333,temperature
2024-10-03T00:00:00Z,ccre,11,14.653956180555555,temperature
2024-10-03T00:00:00Z,ccre,12,14.359917569444445,temperature
2024-10-03T00:00:00Z,ccre,13,14.198123263888888,temperature
2024-10-04T00:00:00Z,ccre,1,22.800590208333332,temperature
2024-10-04T00:00:00Z,ccre,2,22.77313763888889,temperature
2024-10-04T00:00:00Z,ccre,3,22.611145277777776,temperature
2024-10-04T00:00:00Z,ccre,4,22.376867708333332,temperature
2024-10-04T00:00:00Z,ccre,5,22.142681180555556,temperature
2024-10-04T00:00:00Z,ccre,6,21.91633201388889,temperature
2024-10-04T00:00:00Z,ccre,7,21.379666041666667,temperature
2024-10-04T00:00:00Z,ccre,8,20.219345277777776,temperature
2024-10-04T00:00:00Z,ccre,9,18.4934975,temperature
2024-10-04T00:00:00Z,ccre,10,14.850742638888889,temperature
2024-10-04T00:00:00Z,ccre,11,14.632230833333333,temperature
2024-10-04T00:00:00Z,ccre,12,14.393512708333333,temperature
2024-10-04T00:00:00Z,ccre,13,14.254702430555556,temperature
2024-10-05T00:00:00Z,ccre,1,22.840359375,temperature
2024-10-05T00:00:00Z,ccre,2,22.82432638888889,temperature
2024-10-05T00:00:00Z,ccre,3,22.73893111111111,temperature
2024-10-05T00:00:00Z,ccre,4,22.64458090277778,temperature
2024-10-05T00:00:00Z,ccre,5,22.57013152777778,temperature
2024-10-05T00:00:00Z,ccre,6,22.27395263888889,temperature
2024-10-05T00:00:00Z,ccre,7,21.289472708333335,temperature
2024-10-05T00:00:00Z,ccre,8,20.161542916666665,temperature
2024-10-05T00:00:00Z,ccre,9,18.356639722222223,temperature
2024-10-05T00:00:00Z,ccre,10,14.908059444444444,temperature
2024-10-05T00:00:00Z,ccre,11,14.697373888888889,temperature
2024-10-05T00:00:00Z,ccre,12,14.445588680555556,temperature
2024-10-05T00:00:00Z,ccre,13,14.284484375,temperature
2024-10-06T00:00:00Z,ccre,1,23.09195298611111,temperature
2024-10-06T00:00:00Z,ccre,2,22.913196944444444,temperature
2024-10-06T00:00:00Z,ccre,3,22.79081777777778,temperature
2024-10-06T00:00:00Z,ccre,4,22.60070701388889,temperature
2024-10-06T00:00:00Z,ccre,5,22.313256666666668,temperature
2024-10-06T00:00:00Z,ccre,6,21.542011319444445,temperature
2024-10-06T00:00:00Z,ccre,7,20.80799076388889,temperature
2024-10-06T00:00:00Z,ccre,8,20.177652291666668,temperature
2024-10-06T00:00:00Z,ccre,9,18.762729375,temperature
2024-10-06T00:00:00Z,ccre,10,15.02439777777778,temperature
2024-10-06T00:00:00Z,ccre,11,14.749584583333334,temperature
2024-10-06T00:00:00Z,ccre,12,14.485031041666666,temperature
2024-10-06T00:00:00Z,ccre,13,14.349020486111112,temperature
2024-10-07T00:00:00Z,ccre,1,22.66594125,temperature
2024-10-07T00:00:00Z,ccre,2,22.689727430555557,temperature
2024-10-07T00:00:00Z,ccre,3,22.69173097222222,temperature
2024-10-07T00:00:00Z,ccre,4,22.621363055555555,temperature
2024-10-07T00:00:00Z,ccre,5,22.329792569444443,temperature
2024-10-07T00:00:00Z,ccre,6,22.027889930555556,temperature
2024-10-07T00:00:00Z,ccre,7,21.70404152777778,temperature
2024-10-07T00:00:00Z,ccre,8,20.757742430555556,temperature
2024-10-07T00:00:00Z,ccre,9,18.079463541666662,temperature
2024-10-07T00:00:00Z,ccre,10,14.960625972222225,temperature
2024-10-07T00:00:00Z,ccre,11,14.764776944444444,temperature
2024-10-07T00:00:00Z,ccre,12,14.525566527777778,temperature
2024-10-07T00:00:00Z,ccre,13,14.364437083333334,temperature
2024-10-08T00:00:00Z,ccre,1,22.36951736111111,temperature
2024-10-08T00:00:00Z,ccre,2,22.359271875,temperature
2024-10-08T00:00:00Z,ccre,3,22.33907875,temperature
2024-10-08T00:00:00Z,ccre,4,22.286734097222222,temperature
2024-10-08T00:00:00Z,ccre,5,22.233475972222223,temperature
2024-10-08T00:00:00Z,ccre,6,22.05560145833333,temperature
2024-10-08T00:00:00Z,ccre,7,21.089488819444444,temperature
2024-10-08T00:00:00Z,ccre,8,19.87799673611111,temperature
2024-10-08T00:00:00Z,ccre,9,18.354148958333333,temperature
2024-10-08T00:00:00Z,ccre,10,15.094442013888887,temperature
2024-10-08T00:00:00Z,ccre,11,14.816644375,temperature
2024-10-08T00:00:00Z,ccre,12,14.563524444444443,temperature
2024-10-08T00:00:00Z,ccre,13,14.421044305555556,temperature
2024-10-09T00:00:00Z,ccre,1,21.93875034722222,temperature
2024-10-09T00:00:00Z,ccre,2,21.939504166666666,temperature
2024-10-09T00:00:00Z,ccre,3,21.94749173611111,temperature
2024-10-09T00:00:00Z,ccre,4,21.878433194444444,temperature
2024-10-09T00:00:00Z,ccre,5,21.707321041666667,temperature
2024-10-09T00:00:00Z,ccre,6,21.616060069444444,temperature
2024-10-09T00:00:00Z,ccre,7,21.063442777777777,temperature
2024-10-09T00:00:00Z,ccre,8,20.397065625,temperature
2024-10-09T00:00:00Z,ccre,9,18.267123819444443,temperature
2024-10-09T00:00:00Z,ccre,10,15.06008826388889,temperature
2024-10-09T00:00:00Z,ccre,11,14.852205069444445,temperature
2024-10-09T00:00:00Z,ccre,12,14.613431180555557,temperature
2024-10-09T00:00:00Z,ccre,13,14.47180451388889,temperature
2024-10-10T00:00:00Z,ccre,1,21.343733055555557,temperature
2024-10-10T00:00:00Z,ccre,2,21.38135506944445,temperature
2024-10-10T00:00:00Z,ccre,3,21.369518958333337,temperature
2024-10-10T00:00:00Z,ccre,4,21.316022152777776,temperature
2024-10-10T00:00:00Z,ccre,5,21.273169791666668,temperature
2024-10-10T00:00:00Z,ccre,6,21.257811805555555,temperature
2024-10-10T00:00:00Z,ccre,7,21.221822916666667,temperature
2024-10-10T00:00:00Z,ccre,8,20.583223472222222,temperature
2024-10-10T00:00:00Z,ccre,9,18.146111875,temperature
2024-10-10T00:00:00Z,ccre,10,15.068984236111111,temperature
2024-10-10T00:00:00Z,ccre,11,14.87370701388889,temperature
2024-10-10T00:00:00Z,ccre,12,14.64744111111111,temperature
2024-10-10T00:00:00Z,ccre,13,14.494211944444444,temperature
2024-10-11T00:00:00Z,ccre,1,21.152472083333333,temperature
2024-10-11T00:00:00Z,ccre,2,21.08328701388889,temperature
2024-10-11T00:00:00Z,ccre,3,21.055963055555555,temperature
2024-10-11T00:00:00Z,ccre,4,20.99987861111111,temperature
2024-10-11T00:00:00Z,ccre,5,20.927223958333332,temperature
2024-10-11T00:00:00Z,ccre,6,20.839218055555556,temperature
2024-10-11T00:00:00Z,ccre,7,20.783190208333338,temperature
2024-10-11T00:00:00Z,ccre,8,20.07831722222222,temperature
2024-10-11T00:00:00Z,ccre,9,18.128364444444443,temperature
2024-10-11T00:00:00Z,ccre,10,15.153425416666666,temperature
2024-10-11T00:00:00Z,ccre,11,14.934537013888889,temperature
2024-10-11T00:00:00Z,ccre,12,14.69048090277778,temperature
2024-10-11T00:00:00Z,ccre,13,14.541107430555556,temperature
2024-10-12T00:00:00Z,ccre,1,20.933692222222223,temperature
2024-10-12T00:00:00Z,ccre,2,20.74700805555555,temperature
2024-10-12T00:00:00Z,ccre,3,20.68623388888889,temperature
2024-10-12T00:00:00Z,ccre,4,20.513552708333332,temperature
2024-10-12T00:00:00Z,ccre,5,20.425227361111112,temperature
2024-10-12T00:00:00Z,ccre,6,20.384007708333332,temperature
2024-10-12T00:00:00Z,ccre,7,20.322868125,temperature
2024-10-12T00:00:00Z,ccre,8,20.114019930555557,temperature
2024-10-12T00:00:00Z,ccre,9,18.443417222222223,temperature
2024-10-12T00:00:00Z,ccre,10,15.158110625,temperature
2024-10-12T00:00:00Z,ccre,11,14.962760555555557,temperature
2024-10-12T00:00:00Z,ccre,12,14.737323472222222,temperature
2024-10-12T00:00:00Z,ccre,13,14.590366944444444,temperature
2024-10-13T00:00:00Z,ccre,1,20.728616180555555,temperature
2024-10-13T00:00:00Z,ccre,2,20.600996458333334,temperature
2024-10-13T00:00:00Z,ccre,3,20.40758013888889,temperature
2024-10-13T00:00:00Z,ccre,4,20.332536597222223,temperature
2024-10-13T00:00:00Z,ccre,5,20.25849854166667,temperature
2024-10-13T00:00:00Z,ccre,6,20.196341875,temperature
2024-10-13T00:00:00Z,ccre,7,20.120691458333333,temperature
2024-10-13T00:00:00Z,ccre,8,19.773911319444444,temperature
2024-10-13T00:00:00Z,ccre,9,17.816683055555554,temperature
2024-10-13T00:00:00Z,ccre,10,15.230318194444443,temperature
2024-10-13T00:00:00Z,ccre,11,15.009125972222222,temperature
2024-10-13T00:00:00Z,ccre,12,14.778351597222224,temperature
2024-10-13T00:00:00Z,ccre,13,14.635455138888888,temperature
2024-10-14T00:00:00Z,ccre,1,19.952530833333338,temperature
2024-10-14T00:00:00Z,ccre,2,20.009481736111113,temperature
2024-10-14T00:00:00Z,ccre,3,20.039652222222223,temperature
2024-10-14T00:00:00Z,ccre,4,20.022547291666665,temperature
2024-10-14T00:00:00Z,ccre,5,19.997534652777777,temperature
2024-10-14T00:00:00Z,ccre,6,19.981747569444444,temperature
2024-10-14T00:00:00Z,ccre,7,19.955633055555555,temperature
2024-10-14T00:00:00Z,ccre,8,19.797085625,temperature
2024-10-14T00:00:00Z,ccre,9,19.275547083333333,temperature
2024-10-14T00:00:00Z,ccre,10,15.358427361111112,temperature
2024-10-14T00:00:00Z,ccre,11,15.073870555555557,temperature
2024-10-14T00:00:00Z,ccre,12,14.81127486111111,temperature
2024-10-14T00:00:00Z,ccre,13,14.637872777777778,temperature
2024-10-15T00:00:00Z,ccre,1,19.217791458333338,temperature
2024-10-15T00:00:00Z,ccre,2,19.29559125,temperature
2024-10-15T00:00:00Z,ccre,3,19.31062222222222,temperature
2024-10-15T00:00:00Z,ccre,4,19.300421805555555,temperature
2024-10-15T00:00:00Z,ccre,5,19.277473958333335,temperature
2024-10-15T00:00:00Z,ccre,6,19.27726402777778,temperature
2024-10-15T00:00:00Z,ccre,7,19.28555638888889,temperature
2024-10-15T00:00:00Z,ccre,8,19.277485069444445,temperature
2024-10-15T00:00:00Z,ccre,9,19.136160833333335,temperature
2024-10-15T00:00:00Z,ccre,10,15.260309027777778,temperature
2024-10-15T00:00:00Z,ccre,11,15.079805763888888,temperature
2024-10-15T00:00:00Z,ccre,12,14.849535902777776,temperature
2024-10-15T00:00:00Z,ccre,13,14.704787222222222,temperature
2024-10-16T00:00:00Z,ccre,1,18.59776173611111,temperature
2024-10-16T00:00:00Z,ccre,2,18.694799236111113,temperature
2024-10-16T00:00:00Z,ccre,3,18.722763402777776,temperature
2024-10-16T00:00:00Z,ccre,4,18.711690069444444,temperature
2024-10-16T00:00:00Z,ccre,5,18.69004881944445,temperature
2024-10-16T00:00:00Z,ccre,6,18.689207708333335,temperature
2024-10-16T00:00:00Z,ccre,7,18.695662083333332,temperature
2024-10-16T00:00:00Z,ccre,8,18.681773333333332,temperature
2024-10-16T00:00:00Z,ccre,9,18.65063590277778,temperature
2024-10-16T00:00:00Z,ccre,10,15.767939166666666,temperature
2024-10-16T00:00:00Z,ccre,11,15.177195208333334,temperature
2024-10-16T00:00:00Z,ccre,12,14.896222083333331,temperature
2024-10-16T00:00:00Z,ccre,13,14.716249930555556,temperature
2024-10-17T00:00:00Z,ccre,1,18.19944802197802,temperature
2024-10-17T00:00:00Z,ccre,2,18.38739701388889,temperature
2024-10-17T00:00:00Z,ccre,3,18.41147215277778,temperature
2024-10-17T00:00:00Z,ccre,4,18.392288402777776,temperature
2024-10-17T00:00:00Z,ccre,5,18.340851736111112,temperature
2024-10-17T00:00:00Z,ccre,6,18.258868680555555,temperature
2024-10-17T00:00:00Z,ccre,7,18.248266527777776,temperature
2024-10-17T00:00:00Z,ccre,8,18.217612083333332,temperature
2024-10-17T00:00:00Z,ccre,9,18.178267569444444,temperature
2024-10-17T00:00:00Z,ccre,10,15.394928958333333,temperature
2024-10-17T00:00:00Z,ccre,11,15.182492777777778,temperature
2024-10-17T00:00:00Z,ccre,12,14.941212222222225,temperature
2024-10-17T00:00:00Z,ccre,13,14.81058375,temperature
2024-10-18T00:00:00Z,ccre,1,17.933578472222223,temperature
2024-10-18T00:00:00Z,ccre,2,18.111799722222223,temperature
2024-10-18T00:00:00Z,ccre,3,18.12937986111111,temperature
2024-10-18T00:00:00Z,ccre,4,18.087313263888888,temperature
2024-10-18T00:00:00Z,ccre,5,18.037293194444445,temperature
2024-10-18T00:00:00Z,ccre,6,18.018646805555555,temperature
2024-10-18T00:00:00Z,ccre,7,18.012919583333332,temperature
2024-10-18T00:00:00Z,ccre,8,17.993257291666666,temperature
2024-10-18T00:00:00Z,ccre,9,17.868206666666666,temperature
2024-10-18T00:00:00Z,ccre,10,15.525190138888888,temperature
2024-10-18T00:00:00Z,ccre,11,15.261140555555556,temperature
2024-10-18T00:00:00Z,ccre,12,14.995011111111111,temperature
2024-10-18T00:00:00Z,ccre,13,14.840749097222222,temperature
2024-10-19T00:00:00Z,ccre,1,17.902514019607842,temperature
2024-10-19T00:00:00Z,ccre,2,17.981855625,temperature
2024-10-19T00:00:00Z,ccre,3,17.952355208333334,temperature
2024-10-19T00:00:00Z,ccre,4,17.875366805555554,temperature
2024-10-19T00:00:00Z,ccre,5,17.756587916666668,temperature
2024-10-19T00:00:00Z,ccre,6,17.704607916666667,temperature
2024-10-19T00:00:00Z,ccre,7,17.681114791666666,temperature
2024-10-19T00:00:00Z,ccre,8,17.627849375,temperature
2024-10-19T00:00:00Z,ccre,9,17.359410208333333,temperature
2024-10-19T00:00:00Z,ccre,10,15.549177569444444,temperature
2024-10-19T00:00:00Z,ccre,11,15.296416944444443,temperature
2024-10-19T00:00:00Z,ccre,12,15.021313402777778,temperature
2024-10-19T00:00:00Z,ccre,13,14.895053402777778,temperature
2024-10-20T00:00:00Z,ccre,2,17.831583680555557,temperature
2024-10-20T00:00:00Z,ccre,3,17.773261319444444,temperature
2024-10-20T00:00:00Z,ccre,4,17.633601180555555,temperature
2024-10-20T00:00:00Z,ccre,5,17.492746041666667,temperature
2024-10-20T00:00:00Z,ccre,6,17.424808402777778,temperature
2024-10-20T00:00:00Z,ccre,7,17.391152916666666,temperature
2024-10-20T00:00:00Z,ccre,8,17.294132569444443,temperature
2024-10-20T00:00:00Z,ccre,9,16.998283333333333,temperature
2024-10-20T00:00:00Z,ccre,10,15.721740763888889,temperature
2024-10-20T00:00:00Z,ccre,11,15.377021597222225,temperature
2024-10-20T00:00:00Z,ccre,12,15.069698263888888,temperature
2024-10-20T00:00:00Z,ccre,13,14.923409027777778,temperature
2024-10-21T00:00:00Z,ccre,2,17.87691722222222,temperature
2024-10-21T00:00:00Z,ccre,3,17.801973958333335,temperature
2024-10-21T00:00:00Z,ccre,4,17.649852291666665,temperature
2024-10-21T00:00:00Z,ccre,5,17.476361319444443,temperature
2024-10-21T00:00:00Z,ccre,6,17.36266597222222,temperature
2024-10-21T00:00:00Z,ccre,7,17.297914722222224,temperature
2024-10-21T00:00:00Z,ccre,8,17.167199375,temperature
2024-10-21T00:00:00Z,ccre,9,16.902287986111112,temperature
2024-10-21T00:00:00Z,ccre,10,15.616828125,temperature
2024-10-21T00:00:00Z,ccre,11,15.374677083333331,temperature
2024-10-21T00:00:00Z,ccre,12,15.118893472222222,temperature
2024-10-21T00:00:00Z,ccre,13,14.994026666666668,temperature
2024-10-22T00:00:00Z,ccre,2,17.522913958333334,temperature
2024-10-22T00:00:00Z,ccre,3,17.506313541666668,temperature
2024-10-22T00:00:00Z,ccre,4,17.404879861111112,temperature
2024-10-22T00:00:00Z,ccre,5,17.263008194444446,temperature
2024-10-22T00:00:00Z,ccre,6,17.180980972222223,temperature
2024-10-22T00:00:00Z,ccre,7,17.148743541666665,temperature
2024-10-22T00:00:00Z,ccre,8,17.052908263888888,temperature
2024-10-22T00:00:00Z,ccre,9,16.889171597222223,temperature
2024-10-22T00:00:00Z,ccre,10,15.660025972222222,temperature
2024-10-22T00:00:00Z,ccre,11,15.421305208333331,temperature
2024-10-22T00:00:00Z,ccre,12,15.161329375,temperature
2024-10-22T00:00:00Z,ccre,13,15.013887430555556,temperature
2024-10-23T00:00:00Z,ccre,2,17.433446458333332,temperature
2024-10-23T00:00:00Z,ccre,3,17.329125138888887,temperature
2024-10-23T00:00:00Z,ccre,4,17.121454236111113,temperature
2024-10-23T00:00:00Z,ccre,5,17.071664791666667,temperature
2024-10-23T00:00:00Z,ccre,6,17.042548819444445,temperature
2024-10-23T00:00:00Z,ccre,7,17.016997916666668,temperature
2024-10-23T00:00:00Z,ccre,8,16.950724444444443,temperature
2024-10-23T00:00:00Z,ccre,9,16.845950138888888,temperature
2024-10-23T00:00:00Z,ccre,10,15.656963125,temperature
2024-10-23T00:00:00Z,ccre,11,15.442747986111112,temperature
2024-10-23T00:00:00Z,ccre,12,15.19916923611111,temperature
2024-10-23T00:00:00Z,ccre,13,15.082354236111112,temperature
2024-10-24T00:00:00Z,ccre,2,17.423397291666667,temperature
2024-10-24T00:00:00Z,ccre,3,17.431561388888888,temperature
2024-10-24T00:00:00Z,ccre,4,17.327312083333332,temperature
2024-10-24T00:00:00Z,ccre,5,17.178947569444443,temperature
2024-10-24T00:00:00Z,ccre,6,17.088799791666666,temperature
2024-10-24T00:00:00Z,ccre,7,17.039315555555554,temperature
2024-10-24T00:00:00Z,ccre,8,16.99864701388889,temperature
2024-10-24T00:00:00Z,ccre,9,16.956118055555557,temperature
2024-10-24T00:00:00Z,ccre,10,16.065530555555554,temperature
2024-10-24T00:00:00Z,ccre,11,15.68099625,temperature
2024-10-24T00:00:00Z,ccre,12,15.250537569444443,temperature
2024-10-24T00:00:00Z,ccre,13,15.076502222222222,temperature
2024-10-25T00:00:00Z,ccre,2,17.513473541666666,temperature
2024-10-25T00:00:00Z,ccre,3,17.401093125,temperature
2024-10-25T00:00:00Z,ccre,4,17.213315138888888,temperature
2024-10-25T00:00:00Z,ccre,5,17.162982638888888,temperature
2024-10-25T00:00:00Z,ccre,6,17.104360069444443,temperature
2024-10-25T00:00:00Z,ccre,7,17.055965208333333,temperature
2024-10-25T00:00:00Z,ccre,8,16.987429305555555,temperature
2024-10-25T00:00:00Z,ccre,9,16.69749638888889,temperature
2024-10-25T00:00:00Z,ccre,10,15.626093194444444,temperature
2024-10-25T00:00:00Z,ccre,11,15.500931875,temperature
2024-10-25T00:00:00Z,ccre,12,15.292574305555556,temperature
2024-10-25T00:00:00Z,ccre,13,15.190376597222222,temperature
2024-10-26T00:00:00Z,ccre,2,17.331507777777777,temperature
2024-10-26T00:00:00Z,ccre,3,17.335277013888888,temperature
2024-10-26T00:00:00Z,ccre,4,17.288235069444443,temperature
2024-10-26T00:00:00Z,ccre,5,17.240009583333332,temperature
2024-10-26T00:00:00Z,ccre,6,17.16199465277778,temperature
2024-10-26T00:00:00Z,ccre,7,17.007070208333335,temperature
2024-10-26T00:00:00Z,ccre,8,16.843247847222223,temperature
2024-10-26T00:00:00Z,ccre,9,16.693059166666668,temperature
2024-10-26T00:00:00Z,ccre,10,16.16101076388889,temperature
2024-10-26T00:00:00Z,ccre,11,15.864488958333334,temperature
2024-10-26T00:00:00Z,ccre,12,15.345957013888889,temperature
2024-10-26T00:00:00Z,ccre,13,15.15153527777778,temperature
2024-10-27T00:00:00Z,ccre,2,17.001326319444445,temperature
2024-10-27T00:00:00Z,ccre,3,17.006864027777777,temperature
2024-10-27T00:00:00Z,ccre,4,16.990690694444446,temperature
2024-10-27T00:00:00Z,ccre,5,16.957670416666666,temperature
2024-10-27T00:00:00Z,ccre,6,16.941966736111112,temperature
2024-10-27T00:00:00Z,ccre,7,16.931544652777777,temperature
2024-10-27T00:00:00Z,ccre,8,16.883825972222223,temperature
2024-10-27T00:00:00Z,ccre,9,16.765503819444444,temperature
2024-10-27T00:00:00Z,ccre,10,15.669283472222222,temperature
2024-10-27T00:00:00Z,ccre,11,15.555377916666666,temperature
2024-10-27T00:00:00Z,ccre,12,15.357708819444444,temperature
2024-10-27T00:00:00Z,ccre,13,15.249839930555556,temperature
2024-10-28T00:00:00Z,ccre,2,16.577614722222222,temperature
2024-10-28T00:00:00Z,ccre,3,16.563048819444443,temperature
2024-10-28T00:00:00Z,ccre,4,16.523171944444446,temperature
2024-10-28T00:00:00Z,ccre,5,16.492512847222223,temperature
2024-10-28T00:00:00Z,ccre,6,16.47828388888889,temperature
2024-10-28T00:00:00Z,ccre,7,16.471876527777777,temperature
2024-10-28T00:00:00Z,ccre,8,16.442972013888888,temperature
2024-10-28T00:00:00Z,ccre,9,16.38931423611111,temperature
2024-10-28T00:00:00Z,ccre,10,15.853559097222222,temperature
2024-10-28T00:00:00Z,ccre,11,15.712751875,temperature
2024-10-28T00:00:00Z,ccre,12,15.447967708333334,temperature
2024-10-28T00:00:00Z,ccre,13,15.259906944444444,temperature
2024-10-29T00:00:00Z,ccre,2,16.64642277777778,temperature
2024-10-29T00:00:00Z,ccre,3,16.55644361111111,temperature
2024-10-29T00:00:00Z,ccre,4,16.47898875,temperature
2024-10-29T00:00:00Z,ccre,5,16.398285277777777,temperature
2024-10-29T00:00:00Z,ccre,6,16.36650138888889,temperature
2024-10-29T00:00:00Z,ccre,7,16.345040625,temperature
2024-10-29T00:00:00Z,ccre,8,16.295885138888888,temperature
2024-10-29T00:00:00Z,ccre,9,16.21284909722222,temperature
2024-10-29T00:00:00Z,ccre,10,15.836775555555556,temperature
2024-10-29T00:00:00Z,ccre,11,15.69973034722222,temperature
2024-10-29T00:00:00Z,ccre,12,15.45886125,temperature
2024-10-29T00:00:00Z,ccre,13,15.3047275,temperature
2024-10-30T00:00:00Z,ccre,2,16.497135069444443,temperature
2024-10-30T00:00:00Z,ccre,3,16.435216458333333,temperature
2024-10-30T00:00:00Z,ccre,4,16.33836763888889,temperature
2024-10-30T00:00:00Z,ccre,5,16.23593826388889,temperature
2024-10-30T00:00:00Z,ccre,6,16.198272638888888,temperature
2024-10-30T00:00:00Z,ccre,7,16.191679375,temperature
2024-10-30T00:00:00Z,ccre,8,16.177111319444446,temperature
2024-10-30T00:00:00Z,ccre,9,16.15282375,temperature
2024-10-30T00:00:00Z,ccre,10,15.988118402777776,temperature
2024-10-30T00:00:00Z,ccre,11,15.827684583333332,temperature
2024-10-30T00:00:00Z,ccre,12,15.501866111111111,temperature
2024-10-30T00:00:00Z,ccre,13,15.325448055555556,temperature
2024-10-31T00:00:00Z,ccre,2,16.86174111111111,temperature
2024-10-31T00:00:00Z,ccre,3,16.655022569444444,temperature
2024-10-31T00:00:00Z,ccre,4,16.41607611111111,temperature
2024-10-31T00:00:00Z,ccre,5,16.30615034722222,temperature
2024-10-31T00:00:00Z,ccre,6,16.27095486111111,temperature
2024-10-31T00:00:00Z,ccre,7,16.250029652777776,temperature
2024-10-31T00:00:00Z,ccre,8,16.211542013888888,temperature
2024-10-31T00:00:00Z,ccre,9,16.119582222222224,temperature
2024-10-31T00:00:00Z,ccre,10,15.9064925,temperature
2024-10-31T00:00:00Z,ccre,11,15.786070416666666,temperature
2024-10-31T00:00:00Z,ccre,12,15.519232361111111,temperature
2024-10-31T00:00:00Z,ccre,13,15.412388402777776,temperature
2024-11-01T00:00:00Z,ccre,2,16.840232708333332,temperature
2024-11-01T00:00:00Z,ccre,3,16.791312986111112,temperature
2024-11-01T00:00:00Z,ccre,4,16.71139034722222,temperature
2024-11-01T00:00:00Z,ccre,5,16.56484875,temperature
2024-11-01T00:00:00Z,ccre,6,16.426602083333332,temperature
2024-11-01T00:00:00Z,ccre,7,16.346346597222222,temperature
2024-11-01T00:00:00Z,ccre,8,16.257923819444443,temperature
2024-11-01T00:00:00Z,ccre,9,16.136373402777778,temperature
2024-11-01T00:00:00Z,ccre,10,15.918516041666669,temperature
2024-11-01T00:00:00Z,ccre,11,15.867542569444444,temperature
2024-11-01T00:00:00Z,ccre,12,15.614045208333334,temperature
2024-11-01T00:00:00Z,ccre,13,15.519780069444444,temperature
2024-11-02T00:00:00Z,ccre,2,16.97209125,temperature
2024-11-02T00:00:00Z,ccre,3,16.949766805555555,temperature
2024-11-02T00:00:00Z,ccre,4,16.896500416666665,temperature
2024-11-02T00:00:00Z,ccre,5,16.85583076388889,temperature
2024-11-02T00:00:00Z,ccre,6,16.789497569444446,temperature
2024-11-02T00:00:00Z,ccre,7,16.68968548611111,temperature
2024-11-02T00:00:00Z,ccre,8,16.52448111111111,temperature
2024-11-02T00:00:00Z,ccre,9,16.324089375,temperature
2024-11-02T00:00:00Z,ccre,10,15.931055208333332,temperature
2024-11-02T00:00:00Z,ccre,11,15.799240138888887,temperature
2024-11-02T00:00:00Z,ccre,12,15.58688326388889,temperature
2024-11-02T00:00:00Z,ccre,13,15.464777638888888,temperature
2024-11-03T00:00:00Z,ccre,2,16.510075416666666,temperature
2024-11-03T00:00:00Z,ccre,3,16.502587916666666,temperature
2024-11-03T00:00:00Z,ccre,4,16.466808125,temperature
2024-11-03T00:00:00Z,ccre,5,16.43035097222222,temperature
2024-11-03T00:00:00Z,ccre,6,16.414124027777778,temperature
2024-11-03T00:00:00Z,ccre,7,16.38396854166667,temperature
2024-11-03T00:00:00Z,ccre,8,16.25587652777778,temperature
2024-11-03T00:00:00Z,ccre,9,16.086881666666667,temperature
2024-11-03T00:00:00Z,ccre,10,15.851255763888888,temperature
2024-11-03T00:00:00Z,ccre,11,15.807198125,temperature
2024-11-03T00:00:00Z,ccre,12,15.682549166666666,temperature
2024-11-03T00:00:00Z,ccre,13,15.54690125,temperature
2024-11-04T00:00:00Z,ccre,2,16.13588777777778,temperature
2024-11-04T00:00:00Z,ccre,3,16.126870486111113,temperature
2024-11-04T00:00:00Z,ccre,4,16.108958541666667,temperature
2024-11-04T00:00:00Z,ccre,5,16.082423958333333,temperature
2024-11-04T00:00:00Z,ccre,6,16.076353333333333,temperature
2024-11-04T00:00:00Z,ccre,7,16.080377916666666,temperature
2024-11-04T00:00:00Z,ccre,8,16.06877638888889,temperature
2024-11-04T00:00:00Z,ccre,9,16.04810638888889,temperature
2024-11-04T00:00:00Z,ccre,10,15.96281875,temperature
2024-11-04T00:00:00Z,ccre,11,15.934191944444445,temperature
2024-11-04T00:00:00Z,ccre,12,15.725933055555556,temperature
2024-11-04T00:00:00Z,ccre,13,15.556377152777776,temperature
2024-11-05T00:00:00Z,ccre,2,16.217257430555556,temperature
2024-11-05T00:00:00Z,ccre,3,16.123456805555556,temperature
2024-11-05T00:00:00Z,ccre,4,16.053138333333333,temperature
2024-11-05T00:00:00Z,ccre,5,16.02165638888889,temperature
2024-11-05T00:00:00Z,ccre,6,16.005188472222223,temperature
2024-11-05T00:00:00Z,ccre,7,16.006784375,temperature
2024-11-05T00:00:00Z,ccre,8,16.003963194444445,temperature
2024-11-05T00:00:00Z,ccre,9,16.00191729166667,temperature
2024-11-05T00:00:00Z,ccre,10,15.96092513888889,temperature
2024-11-05T00:00:00Z,ccre,11,15.911637430555556,temperature
2024-11-05T00:00:00Z,ccre,12,15.733523541666669,temperature
2024-11-05T00:00:00Z,ccre,13,15.599624722222222,temperature
2024-11-06T00:00:00Z,ccre,2,16.798185555555555,temperature
2024-11-06T00:00:00Z,ccre,3,16.34303798611111,temperature
2024-11-06T00:00:00Z,ccre,4,16.171935972222222,temperature
2024-11-06T00:00:00Z,ccre,5,16.110326458333333,temperature
2024-11-06T00:00:00Z,ccre,6,16.057577847222223,temperature
2024-11-06T00:00:00Z,ccre,7,16.030900069444446,temperature
2024-11-06T00:00:00Z,ccre,8,16.012486527777778,temperature
2024-11-06T00:00:00Z,ccre,9,15.996272847222222,temperature
2024-11-06T00:00:00Z,ccre,10,15.935025833333333,temperature
2024-11-06T00:00:00Z,ccre,11,15.919352083333331,temperature
2024-11-06T00:00:00Z,ccre,12,15.746106388888888,temperature
2024-11-06T00:00:00Z,ccre,13,15.624626944444444,temperature
2024-11-07T00:00:00Z,ccre,2,17.18101,temperature
2024-11-07T00:00:00Z,ccre,3,16.805320138888888,temperature
2024-11-07T00:00:00Z,ccre,4,16.546912847222224,temperature
2024-11-07T00:00:00Z,ccre,5,16.363053819444445,temperature
2024-11-07T00:00:00Z,ccre,6,16.224902083333333,temperature
2024-11-07T00:00:00Z,ccre,7,16.16982284722222,temperature
2024-11-07T00:00:00Z,ccre,8,16.131622569444446,temperature
2024-11-07T00:00:00Z,ccre,9,16.092663402777777,temperature
2024-11-07T00:00:00Z,ccre,10,15.989627638888887,temperature
2024-11-07T00:00:00Z,ccre,11,15.925712569444444,temperature
2024-11-07T00:00:00Z,ccre,12,15.769245069444445,temperature
2024-11-07T00:00:00Z,ccre,13,15.68225111111111,temperature
2024-11-08T00:00:00Z,ccre,2,17.79787465277778,temperature
2024-11-08T00:00:00Z,ccre,3,17.713969375,temperature
2024-11-08T00:00:00Z,ccre,4,17.113483958333333,temperature
2024-11-08T00:00:00Z,ccre,5,16.572103402777778,temperature
2024-11-08T00:00:00Z,ccre,6,16.33033361111111,temperature
2024-11-08T00:00:00Z,ccre,7,16.197221875,temperature
2024-11-08T00:00:00Z,ccre,8,16.094970555555555,temperature
2024-11-08T00:00:00Z,ccre,9,15.99369263888889,temperature
2024-11-08T00:00:00Z,ccre,10,15.871471736111111,temperature
2024-11-08T00:00:00Z,ccre,11,15.858710902777778,temperature
2024-11-08T00:00:00Z,ccre,12,15.797251666666666,temperature
2024-11-08T00:00:00Z,ccre,13,15.690450833333331,temperature
2024-11-09T00:00:00Z,ccre,2,16.95544548611111,temperature
2024-11-09T00:00:00Z,ccre,3,16.96462923611111,temperature
2024-11-09T00:00:00Z,ccre,4,16.930156944444445,temperature
2024-11-09T00:00:00Z,ccre,5,16.85947388888889,temperature
2024-11-09T00:00:00Z,ccre,6,16.724847222222223,temperature
2024-11-09T00:00:00Z,ccre,7,16.566434166666667,temperature
2024-11-09T00:00:00Z,ccre,8,16.292982638888887,temperature
2024-11-09T00:00:00Z,ccre,9,16.11422111111111,temperature
2024-11-09T00:00:00Z,ccre,10,15.972473819444444,temperature
2024-11-09T00:00:00Z,ccre,11,15.936568888888887,temperature
2024-11-09T00:00:00Z,ccre,12,15.830984444444445,temperature
2024-11-09T00:00:00Z,ccre,13,15.68934513888889,temperature
2024-11-10T00:00:00Z,ccre,2,16.35618951388889,temperature
2024-11-10T00:00:00Z,ccre,3,16.362246319444445,temperature
2024-11-10T00:00:00Z,ccre,4,16.333007708333334,temperature
2024-11-10T00:00:00Z,ccre,5,16.27168236111111,temperature
2024-11-10T00:00:00Z,ccre,6,16.172927847222223,temperature
2024-11-10T00:00:00Z,ccre,7,16.0251025,temperature
2024-11-10T00:00:00Z,ccre,8,15.968423819444444,temperature
2024-11-10T00:00:00Z,ccre,9,15.939618333333334,temperature
2024-11-10T00:00:00Z,ccre,10,15.892762083333334,temperature
2024-11-10T00:00:00Z,ccre,11,15.885961111111111,temperature
2024-11-10T00:00:00Z,ccre,12,15.835738402777778,temperature
2024-11-10T00:00:00Z,ccre,13,15.745266875,temperature
2024-11-11T00:00:00Z,ccre,2,16.21199208333333,temperature
2024-11-11T00:00:00Z,ccre,3,16.18782048611111,temperature
2024-11-11T00:00:00Z,ccre,4,16.14246263888889,temperature
2024-11-11T00:00:00Z,ccre,5,16.100106180555557,temperature
2024-11-11T00:00:00Z,ccre,6,16.080246944444443,temperature
2024-11-11T00:00:00Z,ccre,7,16.07173013888889,temperature
2024-11-11T00:00:00Z,ccre,8,16.034329236111112,temperature
2024-11-11T00:00:00Z,ccre,9,15.985779375,temperature
2024-11-11T00:00:00Z,ccre,10,15.917895277777776,temperature
2024-11-11T00:00:00Z,ccre,11,15.912521875,temperature
2024-11-11T00:00:00Z,ccre,12,15.859592847222222,temperature
2024-11-11T00:00:00Z,ccre,13,15.740223680555555,temperature
2024-11-12T00:00:00Z,ccre,2,15.957788125,temperature
2024-11-12T00:00:00Z,ccre,3,15.984313888888888,temperature
2024-11-12T00:00:00Z,ccre,4,15.97165777777778,temperature
2024-11-12T00:00:00Z,ccre,5,15.951205347222222,temperature
2024-11-12T00:00:00Z,ccre,6,15.944537291666666,temperature
2024-11-12T00:00:00Z,ccre,7,15.948078680555556,temperature
2024-11-12T00:00:00Z,ccre,8,15.936147291666666,temperature
2024-11-12T00:00:00Z,ccre,9,15.90885923611111,temperature
2024-11-12T00:00:00Z,ccre,10,15.856015347222222,temperature
2024-11-12T00:00:00Z,ccre,11,15.864318819444444,temperature
2024-11-12T00:00:00Z,ccre,12,15.852295555555555,temperature
2024-11-12T00:00:00Z,ccre,13,15.766279305555557,temperature
2024-11-13T00:00:00Z,ccre,2,15.81321798611111,temperature
2024-11-13T00:00:00Z,ccre,3,15.814700902777778,temperature
2024-11-13T00:00:00Z,ccre,4,15.785381041666666,temperature
2024-11-13T00:00:00Z,ccre,5,15.760226041666666,temperature
2024-11-13T00:00:00Z,ccre,6,15.756185833333332,temperature
2024-11-13T00:00:00Z,ccre,7,15.76424590277778,temperature
2024-11-13T00:00:00Z,ccre,8,15.762397638888888,temperature
2024-11-13T00:00:00Z,ccre,9,15.761440069444443,temperature
2024-11-13T00:00:00Z,ccre,10,15.744004861111112,temperature
2024-11-13T00:00:00Z,ccre,11,15.7528875,temperature
2024-11-13T00:00:00Z,ccre,12,15.736252847222222,temperature
2024-11-13T00:00:00Z,ccre,13,15.623993680555555,temperature
2024-11-14T00:00:00Z,ccre,2,15.440271597222225,temperature
2024-11-14T00:00:00Z,ccre,3,15.4543875,temperature
2024-11-14T00:00:00Z,ccre,4,15.444644375,temperature
2024-11-14T00:00:00Z,ccre,5,15.42488013888889,temperature
2024-11-14T00:00:00Z,ccre,6,15.423357847222222,temperature
2024-11-14T00:00:00Z,ccre,7,15.433951597222222,temperature
2024-11-14T00:00:00Z,ccre,8,15.435117986111113,temperature
2024-11-14T00:00:00Z,ccre,9,15.435750763888889,temperature
2024-11-14T00:00:00Z,ccre,10,15.422659027777778,temperature
2024-11-14T00:00:00Z,ccre,11,15.435621388888888,temperature
2024-11-14T00:00:00Z,ccre,12,15.434659861111111,temperature
2024-11-14T00:00:00Z,ccre,13,15.387727222222225,temperature
2024-11-15T00:00:00Z,ccre,2,15.264334027777778,temperature
2024-11-15T00:00:00Z,ccre,3,15.288123958333331,temperature
2024-11-15T00:00:00Z,ccre,4,15.277359652777776,temperature
2024-11-15T00:00:00Z,ccre,5,15.255565416666666,temperature
2024-11-15T00:00:00Z,ccre,6,15.255772708333334,temperature
2024-11-15T00:00:00Z,ccre,7,15.26454722222222,temperature
2024-11-15T00:00:00Z,ccre,8,15.264244722222225,temperature
2024-11-15T00:00:00Z,ccre,9,15.260414375,temperature
2024-11-15T00:00:00Z,ccre,10,15.219078819444444,temperature
2024-11-15T00:00:00Z,ccre,11,15.18928784722222,temperature
2024-11-15T00:00:00Z,ccre,12,15.138008402777778,temperature
2024-11-15T00:00:00Z,ccre,13,14.972821944444444,temperature
2024-11-16T00:00:00Z,ccre,2,15.14068638888889,temperature
2024-11-16T00:00:00Z,ccre,3,15.157151041666667,temperature
2024-11-16T00:00:00Z,ccre,4,15.12776486111111,temperature
2024-11-16T00:00:00Z,ccre,5,15.091015277777778,temperature
2024-11-16T00:00:00Z,ccre,6,15.072954166666667,temperature
2024-11-16T00:00:00Z,ccre,7,15.068949097222225,temperature
2024-11-16T00:00:00Z,ccre,8,15.052199791666666,temperature
2024-11-16T00:00:00Z,ccre,9,15.043847430555555,temperature
2024-11-16T00:00:00Z,ccre,10,15.01930201388889,temperature
2024-11-16T00:00:00Z,ccre,11,15.025005416666666,temperature
2024-11-16T00:00:00Z,ccre,12,14.997172222222222,temperature
2024-11-16T00:00:00Z,ccre,13,14.970707847222222,temperature
2024-11-17T00:00:00Z,ccre,2,14.88458173611111,temperature
2024-11-17T00:00:00Z,ccre,3,14.863820555555556,temperature
2024-11-17T00:00:00Z,ccre,4,14.83256298611111,temperature
2024-11-17T00:00:00Z,ccre,5,14.80655798611111,temperature
2024-11-17T00:00:00Z,ccre,6,14.80122125,temperature
2024-11-17T00:00:00Z,ccre,7,14.808909375,temperature
2024-11-17T00:00:00Z,ccre,8,14.807310902777775,temperature
2024-11-17T00:00:00Z,ccre,9,14.80679972222222,temperature
2024-11-17T00:00:00Z,ccre,10,14.786674722222225,temperature
2024-11-17T00:00:00Z,ccre,11,14.793762708333333,temperature
2024-11-17T00:00:00Z,ccre,12,14.755076597222224,temperature
2024-11-17T00:00:00Z,ccre,13,14.718483194444444,temperature
2024-11-18T00:00:00Z,ccre,2,14.90285263888889,temperature
2024-11-18T00:00:00Z,ccre,3,14.915685208333333,temperature
2024-11-18T00:00:00Z,ccre,4,14.834738958333332,temperature
2024-11-18T00:00:00Z,ccre,5,14.724441527777778,temperature
2024-11-18T00:00:00Z,ccre,6,14.642951597222222,temperature
2024-11-18T00:00:00Z,ccre,7,14.612322569444444,temperature
2024-11-18T00:00:00Z,ccre,8,14.59818701388889,temperature
2024-11-18T00:00:00Z,ccre,9,14.589129444444444,temperature
2024-11-18T00:00:00Z,ccre,10,14.5481475,temperature
2024-11-18T00:00:00Z,ccre,11,14.540209375,temperature
2024-11-18T00:00:00Z,ccre,12,14.399866458333332,temperature
2024-11-18T00:00:00Z,ccre,13,14.321742986111111,temperature
2024-11-19T00:00:00Z,ccre,2,15.016361597222222,temperature
2024-11-19T00:00:00Z,ccre,3,14.940443472222222,temperature
2024-11-19T00:00:00Z,ccre,4,14.81941201388889,temperature
2024-11-19T00:00:00Z,ccre,5,14.740273888888888,temperature
2024-11-19T00:00:00Z,ccre,6,14.658944513888889,temperature
2024-11-19T00:00:00Z,ccre,7,14.613671736111112,temperature
2024-11-19T00:00:00Z,ccre,8,14.579433194444444,temperature
2024-11-19T00:00:00Z,ccre,9,14.551467291666668,temperature
2024-11-19T00:00:00Z,ccre,10,14.47411861111111,temperature
2024-11-19T00:00:00Z,ccre,11,14.428232361111112,temperature
2024-11-19T00:00:00Z,ccre,12,14.213610902777775,temperature
2024-11-19T00:00:00Z,ccre,13,14.032899791666669,temperature
2024-11-20T00:00:00Z,ccre,2,14.90301513888889,temperature
2024-11-20T00:00:00Z,ccre,3,14.867159444444445,temperature
2024-11-20T00:00:00Z,ccre,4,14.781266875,temperature
2024-11-20T00:00:00Z,ccre,5,14.702244722222222,temperature
2024-11-20T00:00:00Z,ccre,6,14.653854305555557,temperature
2024-11-20T00:00:00Z,ccre,7,14.620535208333331,temperature
2024-11-20T00:00:00Z,ccre,8,14.594544444444445,temperature
2024-11-20T00:00:00Z,ccre,9,14.568816736111112,temperature
2024-11-20T00:00:00Z,ccre,10,14.477325069444444,temperature
2024-11-20T00:00:00Z,ccre,11,14.451399513888887,temperature
2024-11-20T00:00:00Z,ccre,12,14.261914027777776,temperature
2024-11-20T00:00:00Z,ccre,13,14.023308472222222,temperature
2024-11-21T00:00:00Z,ccre,2,14.226412222222224,temperature
2024-11-21T00:00:00Z,ccre,3,14.243360555555556,temperature
2024-11-21T00:00:00Z,ccre,4,14.23394375,temperature
2024-11-21T00:00:00Z,ccre,5,14.214355416666669,temperature
2024-11-21T00:00:00Z,ccre,6,14.214636319444445,temperature
2024-11-21T00:00:00Z,ccre,7,14.22417263888889,temperature
2024-11-21T00:00:00Z,ccre,8,14.225082083333334,temperature
2024-11-21T00:00:00Z,ccre,9,14.226181527777776,temperature
2024-11-21T00:00:00Z,ccre,10,14.211199444444444,temperature
2024-11-21T00:00:00Z,ccre,11,14.222875972222225,temperature
2024-11-21T00:00:00Z,ccre,12,14.200032361111113,temperature
2024-11-21T00:00:00Z,ccre,13,14.168443055555556,temperature
2024-11-22T00:00:00Z,ccre,2,13.662648888888889,temperature
2024-11-22T00:00:00Z,ccre,3,13.684043541666666,temperature
2024-11-22T00:00:00Z,ccre,4,13.678028194444444,temperature
2024-11-22T00:00:00Z,ccre,5,13.659897152777775,temperature
2024-11-22T00:00:00Z,ccre,6,13.660371666666666,temperature
2024-11-22T00:00:00Z,ccre,7,13.671030069444445,temperature
2024-11-22T00:00:00Z,ccre,8,13.671472638888888,temperature
2024-11-22T00:00:00Z,ccre,9,13.673378194444444,temperature
2024-11-22T00:00:00Z,ccre,10,13.658132291666666,temperature
2024-11-22T00:00:00Z,ccre,11,13.670254583333334,temperature
2024-11-22T00:00:00Z,ccre,12,13.671072361111111,temperature
2024-11-22T00:00:00Z,ccre,13,13.702882083333334,temperature
2024-11-23T00:00:00Z,ccre,2,13.290160555555556,temperature
2024-11-23T00:00:00Z,ccre,3,13.311708958333334,temperature
2024-11-23T00:00:00Z,ccre,4,13.304425694444443,temperature
2024-11-23T00:00:00Z,ccre,5,13.285601458333334,temperature
2024-11-23T00:00:00Z,ccre,6,13.285614444444445,temperature
2024-11-23T00:00:00Z,ccre,7,13.295721805555557,temperature
2024-11-23T00:00:00Z,ccre,8,13.29592361111111,temperature
2024-11-23T00:00:00Z,ccre,9,13.297739930555556,temperature
2024-11-23T00:00:00Z,ccre,10,13.282625694444445,temperature
2024-11-23T00:00:00Z,ccre,11,13.294549097222225,temperature
2024-11-23T00:00:00Z,ccre,12,13.282704791666667,temperature
2024-11-23T00:00:00Z,ccre,13,13.129343333333331,temperature
2024-11-24T00:00:00Z,ccre,2,13.158926041666668,temperature
2024-11-24T00:00:00Z,ccre,3,13.163384930555557,temperature
2024-11-24T00:00:00Z,ccre,4,13.11610173611111,temperature
2024-11-24T00:00:00Z,ccre,5,13.07681013888889,temperature
2024-11-24T00:00:00Z,ccre,6,13.062635138888888,temperature
2024-11-24T00:00:00Z,ccre,7,13.057606666666668,temperature
2024-11-24T00:00:00Z,ccre,8,13.048921805555556,temperature
2024-11-24T00:00:00Z,ccre,9,13.040575555555556,temperature
2024-11-24T00:00:00Z,ccre,10,13.014431875,temperature
2024-11-24T00:00:00Z,ccre,11,13.018043125,temperature
2024-11-24T00:00:00Z,ccre,12,12.97196125,temperature
2024-11-24T00:00:00Z,ccre,13,12.906266597222222,temperature
2024-11-25T00:00:00Z,ccre,2,12.898089930555557,temperature
2024-11-25T00:00:00Z,ccre,3,12.921669444444444,temperature
2024-11-25T00:00:00Z,ccre,4,12.85968875,temperature
2024-11-25T00:00:00Z,ccre,5,12.795470625,temperature
2024-11-25T00:00:00Z,ccre,6,12.773798541666666,temperature
2024-11-25T00:00:00Z,ccre,7,12.76622263888889,temperature
2024-11-25T00:00:00Z,ccre,8,12.746682708333331,temperature
2024-11-25T00:00:00Z,ccre,9,12.731333819444444,temperature
2024-11-25T00:00:00Z,ccre,10,12.687651875,temperature
2024-11-25T00:00:00Z,ccre,11,12.681006458333334,temperature
2024-11-25T00:00:00Z,ccre,12,12.540593680555556,temperature
2024-11-25T00:00:00Z,ccre,13,12.479483680555555,temperature
2024-11-26T00:00:00Z,ccre,2,12.721353819444444,temperature
2024-11-26T00:00:00Z,ccre,3,12.746333125,temperature
2024-11-26T00:00:00Z,ccre,4,12.732583611111112,temperature
2024-11-26T00:00:00Z,ccre,5,12.707449861111112,temperature
2024-11-26T00:00:00Z,ccre,6,12.701657569444444,temperature
2024-11-26T00:00:00Z,ccre,7,12.7057575,temperature
2024-11-26T00:00:00Z,ccre,8,12.698644583333332,temperature
2024-11-26T00:00:00Z,ccre,9,12.695322083333334,temperature
2024-11-26T00:00:00Z,ccre,10,12.663015972222222,temperature
2024-11-26T00:00:00Z,ccre,11,12.662848819444443,temperature
2024-11-26T00:00:00Z,ccre,12,12.493083888888888,temperature
2024-11-26T00:00:00Z,ccre,13,12.274019236111112,temperature
2024-11-27T00:00:00Z,ccre,2,12.47031298611111,temperature
2024-11-27T00:00:00Z,ccre,3,12.48947263888889,temperature
2024-11-27T00:00:00Z,ccre,4,12.47626375,temperature
2024-11-27T00:00:00Z,ccre,5,12.452564652777776,temperature
2024-11-27T00:00:00Z,ccre,6,12.449532638888888,temperature
2024-11-27T00:00:00Z,ccre,7,12.456666527777775,temperature
2024-11-27T00:00:00Z,ccre,8,12.455482847222225,temperature
2024-11-27T00:00:00Z,ccre,9,12.457413958333332,temperature
2024-11-27T00:00:00Z,ccre,10,12.442046944444444,temperature
2024-11-27T00:00:00Z,ccre,11,12.45263472222222,temperature
2024-11-27T00:00:00Z,ccre,12,12.445055902777778,temperature
2024-11-27T00:00:00Z,ccre,13,12.276273958333334,temperature
2024-11-28T00:00:00Z,ccre,2,12.322547013888888,temperature
2024-11-28T00:00:00Z,ccre,3,12.343839027777776,temperature
2024-11-28T00:00:00Z,ccre,4,12.336214444444444,temperature
2024-11-28T00:00:00Z,ccre,5,12.318154791666666,temperature
2024-11-28T00:00:00Z,ccre,6,12.317553333333333,temperature
2024-11-28T00:00:00Z,ccre,7,12.326378402777776,temperature
2024-11-28T00:00:00Z,ccre,8,12.325886527777778,temperature
2024-11-28T00:00:00Z,ccre,9,12.32866861111111,temperature
2024-11-28T00:00:00Z,ccre,10,12.31368965277778,temperature
2024-11-28T00:00:00Z,ccre,11,12.324710902777776,temperature
2024-11-28T00:00:00Z,ccre,12,12.326275138888889,temperature
2024-11-28T00:00:00Z,ccre,13,12.314126736111112,temperature
2024-11-29T00:00:00Z,ccre,2,12.056384444444443,temperature
2024-11-29T00:00:00Z,ccre,3,12.080135763888888,temperature
2024-11-29T00:00:00Z,ccre,4,12.073270763888887,temperature
2024-11-29T00:00:00Z,ccre,5,12.05426701388889,temperature
2024-11-29T00:00:00Z,ccre,6,12.053260833333333,temperature
2024-11-29T00:00:00Z,ccre,7,12.062227013888888,temperature
2024-11-29T00:00:00Z,ccre,8,12.062236319444445,temperature
2024-11-29T00:00:00Z,ccre,9,12.06558,temperature
2024-11-29T00:00:00Z,ccre,10,12.051871527777775,temperature
2024-11-29T00:00:00Z,ccre,11,12.06294472222222,temperature
2024-11-29T00:00:00Z,ccre,12,12.065709236111111,temperature
2024-11-29T00:00:00Z,ccre,13,12.139687361111111,temperature
2024-11-30T00:00:00Z,ccre,2,11.589101458333332,temperature
2024-11-30T00:00:00Z,ccre,3,11.616337638888888,temperature
2024-11-30T00:00:00Z,ccre,4,11.607358541666668,temperature
2024-11-30T00:00:00Z,ccre,5,11.587147847222225,temperature
2024-11-30T00:00:00Z,ccre,6,11.585077152777778,temperature
2024-11-30T00:00:00Z,ccre,7,11.592379652777778,temperature
2024-11-30T00:00:00Z,ccre,8,11.589251666666666,temperature
2024-11-30T00:00:00Z,ccre,9,11.58950027777778,temperature
2024-11-30T00:00:00Z,ccre,10,11.573402916666666,temperature
2024-11-30T00:00:00Z,ccre,11,11.584230902777778,temperature
2024-11-30T00:00:00Z,ccre,12,11.546207569444444,temperature
2024-11-30T00:00:00Z,ccre,13,11.539574722222222,temperature
2024-12-01T00:00:00Z,ccre,2,11.183819861111113,temperature
2024-12-01T00:00:00Z,ccre,3,11.209334791666668,temperature
2024-12-01T00:00:00Z,ccre,4,11.20130076388889,temperature
2024-12-01T00:00:00Z,ccre,5,11.181523958333331,temperature
2024-12-01T00:00:00Z,ccre,6,11.179670208333333,temperature
2024-12-01T00:00:00Z,ccre,7,11.187019791666666,temperature
2024-12-01T00:00:00Z,ccre,8,11.184286597222222,temperature
2024-12-01T00:00:00Z,ccre,9,11.187567430555555,temperature
2024-12-01T00:00:00Z,ccre,10,11.172384930555555,temperature
2024-12-01T00:00:00Z,ccre,11,11.182618125,temperature
2024-12-01T00:00:00Z,ccre,12,11.177453333333334,temperature
2024-12-01T00:00:00Z,ccre,13,11.077952430555555,temperature
2024-12-02T00:00:00Z,ccre,2,10.79827152777778,temperature
2024-12-02T00:00:00Z,ccre,3,10.823788125,temperature
2024-12-02T00:00:00Z,ccre,4,10.818412083333332,temperature
2024-12-02T00:00:00Z,ccre,5,10.801559305555555,temperature
2024-12-02T00:00:00Z,ccre,6,10.801622638888889,temperature
2024-12-02T00:00:00Z,ccre,7,10.809632986111112,temperature
2024-12-02T00:00:00Z,ccre,8,10.80800125,temperature
2024-12-02T00:00:00Z,ccre,9,10.81163027777778,temperature
2024-12-02T00:00:00Z,ccre,10,10.795413194444444,temperature
2024-12-02T00:00:00Z,ccre,11,10.804558125,temperature
2024-12-02T00:00:00Z,ccre,12,10.785920555555556,temperature
2024-12-02T00:00:00Z,ccre,13,10.789718472222225,temperature
2024-12-03T00:00:00Z,ccre,2,10.421844861111111,temperature
2024-12-03T00:00:00Z,ccre,3,10.447966388888888,temperature
2024-12-03T00:00:00Z,ccre,4,10.440897430555555,temperature
2024-12-03T00:00:00Z,ccre,5,10.424146041666669,temperature
2024-12-03T00:00:00Z,ccre,6,10.423299305555556,temperature
2024-12-03T00:00:00Z,ccre,7,10.43197736111111,temperature
2024-12-03T00:00:00Z,ccre,8,10.428374027777778,temperature
2024-12-03T00:00:00Z,ccre,9,10.430857847222224,temperature
2024-12-03T00:00:00Z,ccre,10,10.411980625,temperature
2024-12-03T00:00:00Z,ccre,11,10.421277708333331,temperature
2024-12-03T00:00:00Z,ccre,12,10.410155833333333,temperature
2024-12-03T00:00:00Z,ccre,13,10.411810833333334,temperature
2024-12-04T00:00:00Z,ccre,2,10.047528576388888,temperature
2024-12-04T00:00:00Z,ccre,3,10.078239909722225,temperature
2024-12-04T00:00:00Z,ccre,4,10.073103611111112,temperature
2024-12-04T00:00:00Z,ccre,5,10.051958479166666,temperature
2024-12-04T00:00:00Z,ccre,6,10.04504536111111,temperature
2024-12-04T00:00:00Z,ccre,7,10.049031972222222,temperature
2024-12-04T00:00:00Z,ccre,8,10.04257023611111,temperature
2024-12-04T00:00:00Z,ccre,9,10.045000180555556,temperature
2024-12-04T00:00:00Z,ccre,10,10.028158770833333,temperature
2024-12-04T00:00:00Z,ccre,11,10.03756848611111,temperature
2024-12-04T00:00:00Z,ccre,12,10.028128125,temperature
2024-12-04T00:00:00Z,ccre,13,10.013384229166666,temperature
2024-12-05T00:00:00Z,ccre,2,9.59080288111888,temperature
2024-12-05T00:00:00Z,ccre,3,9.61725706993007,temperature
2024-12-05T00:00:00Z,ccre,4,9.613601594405594,temperature
2024-12-05T00:00:00Z,ccre,5,9.597954391608392,temperature
2024-12-05T00:00:00Z,ccre,6,9.597572615384616,temperature
2024-12-05T00:00:00Z,ccre,7,9.605174265734266,temperature
2024-12-05T00:00:00Z,ccre,8,9.60275613986014,temperature
2024-12-05T00:00:00Z,ccre,9,9.6077543986014,temperature
2024-12-05T00:00:00Z,ccre,10,9.58991572027972,temperature
2024-12-05T00:00:00Z,ccre,11,9.598437405594405,temperature
2024-12-05T00:00:00Z,ccre,12,9.58082020979021,temperature
2024-12-05T00:00:00Z,ccre,13,9.602445384615384,temperature
2024-12-06T00:00:00Z,ccre,2,9.032677930555556,temperature
2024-12-06T00:00:00Z,ccre,3,9.062176388888888,temperature
2024-12-06T00:00:00Z,ccre,4,9.060614465277778,temperature
2024-12-06T00:00:00Z,ccre,5,9.045429875,temperature
2024-12-06T00:00:00Z,ccre,6,9.045787777777775,temperature
2024-12-06T00:00:00Z,ccre,7,9.053117541666667,temperature
2024-12-06T00:00:00Z,ccre,8,9.050340881944445,temperature
2024-12-06T00:00:00Z,ccre,9,9.054964465277775,temperature
2024-12-06T00:00:00Z,ccre,10,9.03890778472222,temperature
2024-12-06T00:00:00Z,ccre,11,9.048159694444443,temperature
2024-12-06T00:00:00Z,ccre,12,9.036699111111112,temperature
2024-12-06T00:00:00Z,ccre,13,9.0308945625,temperature
2024-12-07T00:00:00Z,ccre,2,8.679696180555556,temperature
2024-12-07T00:00:00Z,ccre,3,8.7160290625,temperature
2024-12-07T00:00:00Z,ccre,4,8.706262118055555,temperature
2024-12-07T00:00:00Z,ccre,5,8.685265993055555,temperature
2024-12-07T00:00:00Z,ccre,6,8.68079013888889,temperature
2024-12-07T00:00:00Z,ccre,7,8.686765333333334,temperature
2024-12-07T00:00:00Z,ccre,8,8.683204166666666,temperature
2024-12-07T00:00:00Z,ccre,9,8.688644013888888,temperature
2024-12-07T00:00:00Z,ccre,10,8.670875763888889,temperature
2024-12-07T00:00:00Z,ccre,11,8.678134479166667,temperature
2024-12-07T00:00:00Z,ccre,12,8.6691553125,temperature
2024-12-07T00:00:00Z,ccre,13,8.704462833333332,temperature
2024-12-08T00:00:00Z,ccre,2,8.449918743055555,temperature
2024-12-08T00:00:00Z,ccre,3,8.50674882638889,temperature
2024-12-08T00:00:00Z,ccre,4,8.4917566875,temperature
2024-12-08T00:00:00Z,ccre,5,8.464051284722222,temperature
2024-12-08T00:00:00Z,ccre,6,8.448155270833333,temperature
2024-12-08T00:00:00Z,ccre,7,8.440337694444445,temperature
2024-12-08T00:00:00Z,ccre,8,8.422027993055556,temperature
2024-12-08T00:00:00Z,ccre,9,8.419168902777777,temperature
2024-12-08T00:00:00Z,ccre,10,8.391233215277778,temperature
2024-12-08T00:00:00Z,ccre,11,8.3943381875,temperature
2024-12-08T00:00:00Z,ccre,12,8.187973326388889,temperature
2024-12-08T00:00:00Z,ccre,13,8.20315770138889,temperature
2024-12-09T00:00:00Z,ccre,2,8.344884909722222,temperature
2024-12-09T00:00:00Z,ccre,3,8.377682597222222,temperature
2024-12-09T00:00:00Z,ccre,4,8.357477145833334,temperature
2024-12-09T00:00:00Z,ccre,5,8.334027409722221,temperature
2024-12-09T00:00:00Z,ccre,6,8.325402798611112,temperature
2024-12-09T00:00:00Z,ccre,7,8.323184715277778,temperature
2024-12-09T00:00:00Z,ccre,8,8.305907951388889,temperature
2024-12-09T00:00:00Z,ccre,9,8.297490048611111,temperature
2024-12-09T00:00:00Z,ccre,10,8.267348833333333,temperature
2024-12-09T00:00:00Z,ccre,11,8.27057586111111,temperature
2024-12-09T00:00:00Z,ccre,12,8.043177652777779,temperature
2024-12-09T00:00:00Z,ccre,13,7.942950611111111,temperature
2024-12-10T00:00:00Z,ccre,2,8.439489791666666,temperature
2024-12-10T00:00:00Z,ccre,3,8.490760194444444,temperature
2024-12-10T00:00:00Z,ccre,4,8.452418048611111,temperature
2024-12-10T00:00:00Z,ccre,5,8.377622888888888,temperature
2024-12-10T00:00:00Z,ccre,6,8.315617069444444,temperature
2024-12-10T00:00:00Z,ccre,7,8.292264930555556,temperature
2024-12-10T00:00:00Z,ccre,8,8.26965375,temperature
2024-12-10T00:00:00Z,ccre,9,8.261807743055556,temperature
2024-12-10T00:00:00Z,ccre,10,8.231846520833333,temperature
2024-12-10T00:00:00Z,ccre,11,8.219482027777778,temperature
2024-12-10T00:00:00Z,ccre,12,7.919792388888889,temperature
2024-12-10T00:00:00Z,ccre,13,8.018108590277778,temperature
2024-12-11T00:00:00Z,ccre,2,8.3791221875,temperature
2024-12-11T00:00:00Z,ccre,3,8.418861319444444,temperature
2024-12-11T00:00:00Z,ccre,4,8.350488923611112,temperature
2024-12-11T00:00:00Z,ccre,5,8.292007006944445,temperature
2024-12-11T00:00:00Z,ccre,6,8.271179604166667,temperature
2024-12-11T00:00:00Z,ccre,7,8.270192444444444,temperature
2024-12-11T00:00:00Z,ccre,8,8.257817194444444,temperature
2024-12-11T00:00:00Z,ccre,9,8.259859083333334,temperature
2024-12-11T00:00:00Z,ccre,10,8.23307632638889,temperature
2024-12-11T00:00:00Z,ccre,11,8.229457659722222,temperature
2024-12-11T00:00:00Z,ccre,12,8.127605659722223,temperature
2024-12-11T00:00:00Z,ccre,13,8.150426916666667,temperature
2024-12-12T00:00:00Z,ccre,2,7.943606909722222,temperature
2024-12-12T00:00:00Z,ccre,3,7.971127277777778,temperature
2024-12-12T00:00:00Z,ccre,4,7.967041291666667,temperature
2024-12-12T00:00:00Z,ccre,5,7.947844229166667,temperature
2024-12-12T00:00:00Z,ccre,6,7.944765486111111,temperature
2024-12-12T00:00:00Z,ccre,7,7.950912888888888,temperature
2024-12-12T00:00:00Z,ccre,8,7.947734673611111,temperature
2024-12-12T00:00:00Z,ccre,9,7.953291770833333,temperature
2024-12-12T00:00:00Z,ccre,10,7.935092451388889,temperature
2024-12-12T00:00:00Z,ccre,11,7.942453597222222,temperature
2024-12-12T00:00:00Z,ccre,12,7.940837868055556,temperature
2024-12-12T00:00:00Z,ccre,13,8.042069618055555,temperature
2024-12-13T00:00:00Z,ccre,2,7.8079965,temperature
2024-12-13T00:00:00Z,ccre,3,7.837776354166667,temperature
2024-12-13T00:00:00Z,ccre,4,7.830561506944444,temperature
2024-12-13T00:00:00Z,ccre,5,7.806237111111111,temperature
2024-12-13T00:00:00Z,ccre,6,7.797532090277778,temperature
2024-12-13T00:00:00Z,ccre,7,7.796584597222222,temperature
2024-12-13T00:00:00Z,ccre,8,7.787472604166666,temperature
2024-12-13T00:00:00Z,ccre,9,7.789552472222222,temperature
2024-12-13T00:00:00Z,ccre,10,7.763218506944445,temperature
2024-12-13T00:00:00Z,ccre,11,7.7695803819444444,temperature
2024-12-13T00:00:00Z,ccre,12,7.734170020833333,temperature
2024-12-13T00:00:00Z,ccre,13,7.731312597222222,temperature
2024-12-14T00:00:00Z,ccre,2,7.750469972222223,temperature
2024-12-14T00:00:00Z,ccre,3,7.7849095,temperature
2024-12-14T00:00:00Z,ccre,4,7.771852673611111,temperature
2024-12-14T00:00:00Z,ccre,5,7.7502101875,temperature
2024-12-14T00:00:00Z,ccre,6,7.742180638888889,temperature
2024-12-14T00:00:00Z,ccre,7,7.744025548611111,temperature
2024-12-14T00:00:00Z,ccre,8,7.737502555555555,temperature
2024-12-14T00:00:00Z,ccre,9,7.743017520833333,temperature
2024-12-14T00:00:00Z,ccre,10,7.721987131944444,temperature
2024-12-14T00:00:00Z,ccre,11,7.728949513888889,temperature
2024-12-14T00:00:00Z,ccre,12,7.718422513888889,temperature
2024-12-14T00:00:00Z,ccre,13,7.7292142777777775,temperature
2024-12-15T00:00:00Z,ccre,2,7.614140347222222,temperature
2024-12-15T00:00:00Z,ccre,3,7.636696645833333,temperature
2024-12-15T00:00:00Z,ccre,4,7.634136569444444,temperature
2024-12-15T00:00:00Z,ccre,5,7.617768347222222,temperature
2024-12-15T00:00:00Z,ccre,6,7.616144569444445,temperature
2024-12-15T00:00:00Z,ccre,7,7.622447680555555,temperature
2024-12-15T00:00:00Z,ccre,8,7.620157597222223,temperature
2024-12-15T00:00:00Z,ccre,9,7.626999520833333,temperature
2024-12-15T00:00:00Z,ccre,10,7.6111625625,temperature
2024-12-15T00:00:00Z,ccre,11,7.619472680555556,temperature
2024-12-15T00:00:00Z,ccre,12,7.617445166666666,temperature
2024-12-15T00:00:00Z,ccre,13,7.711178666666667,temperature
2024-12-16T00:00:00Z,ccre,2,7.546866923611111,temperature
2024-12-16T00:00:00Z,ccre,3,7.567917034722222,temperature
2024-12-16T00:00:00Z,ccre,4,7.563701805555556,temperature
2024-12-16T00:00:00Z,ccre,5,7.545468,temperature
2024-12-16T00:00:00Z,ccre,6,7.542747638888889,temperature
2024-12-16T00:00:00Z,ccre,7,7.547334652777778,temperature
2024-12-16T00:00:00Z,ccre,8,7.542413861111111,temperature
2024-12-16T00:00:00Z,ccre,9,7.546943194444444,temperature
2024-12-16T00:00:00Z,ccre,10,7.527980763888888,temperature
2024-12-16T00:00:00Z,ccre,11,7.537303243055556,temperature
2024-12-16T00:00:00Z,ccre,12,7.536076368055555,temperature
2024-12-16T00:00:00Z,ccre,13,7.629862423611111,temperature
2024-12-17T00:00:00Z,ccre,2,7.706518604166667,temperature
2024-12-17T00:00:00Z,ccre,3,7.7476274375,temperature
2024-12-17T00:00:00Z,ccre,4,7.738725493055555,temperature
2024-12-17T00:00:00Z,ccre,5,7.6757305902777775,temperature
2024-12-17T00:00:00Z,ccre,6,7.635046597222222,temperature
2024-12-17T00:00:00Z,ccre,7,7.628720541666667,temperature
2024-12-17T00:00:00Z,ccre,8,7.610236208333333,temperature
2024-12-17T00:00:00Z,ccre,9,7.601102583333334,temperature
2024-12-17T00:00:00Z,ccre,10,7.582764277777778,temperature
2024-12-17T00:00:00Z,ccre,11,7.596226944444444,temperature
2024-12-17T00:00:00Z,ccre,12,7.514014888888889,temperature
2024-12-17T00:00:00Z,ccre,13,7.628393770833333,temperature
2024-12-18T00:00:00Z,ccre,2,7.645537680555556,temperature
2024-12-18T00:00:00Z,ccre,3,7.674390791666666,temperature
2024-12-18T00:00:00Z,ccre,4,7.648909881944444,temperature
2024-12-18T00:00:00Z,ccre,5,7.597140583333333,temperature
2024-12-18T00:00:00Z,ccre,6,7.568707548611111,temperature
2024-12-18T00:00:00Z,ccre,7,7.568017916666666,temperature
2024-12-18T00:00:00Z,ccre,8,7.558379444444444,temperature
2024-12-18T00:00:00Z,ccre,9,7.564133534722222,temperature
2024-12-18T00:00:00Z,ccre,10,7.554262118055555,temperature
2024-12-18T00:00:00Z,ccre,11,7.560523944444444,temperature
2024-12-18T00:00:00Z,ccre,12,7.518444840277778,temperature
2024-12-18T00:00:00Z,ccre,13,7.637182611111111,temperature
2024-12-19T00:00:00Z,ccre,2,7.702974694444444,temperature
2024-12-19T00:00:00Z,ccre,3,7.739082673611111,temperature
2024-12-19T00:00:00Z,ccre,4,7.72250225,temperature
2024-12-19T00:00:00Z,ccre,5,7.695232555555555,temperature
2024-12-19T00:00:00Z,ccre,6,7.6812809444444445,temperature
2024-12-19T00:00:00Z,ccre,7,7.679867361111112,temperature
2024-12-19T00:00:00Z,ccre,8,7.667756555555555,temperature
2024-12-19T00:00:00Z,ccre,9,7.665444826388889,temperature
2024-12-19T00:00:00Z,ccre,10,7.630521097222222,temperature
2024-12-19T00:00:00Z,ccre,11,7.636262986111111,temperature
2024-12-19T00:00:00Z,ccre,12,7.588813298611111,temperature
2024-12-19T00:00:00Z,ccre,13,7.669892770833333,temperature
2024-12-20T00:00:00Z,ccre,2,7.701213368055556,temperature
2024-12-20T00:00:00Z,ccre,3,7.7388053125,temperature
2024-12-20T00:00:00Z,ccre,4,7.724570715277777,temperature
2024-12-20T00:00:00Z,ccre,5,7.684810631944444,temperature
2024-12-20T00:00:00Z,ccre,6,7.648671868055556,temperature
2024-12-20T00:00:00Z,ccre,7,7.635939861111111,temperature
2024-12-20T00:00:00Z,ccre,8,7.622327756944444,temperature
2024-12-20T00:00:00Z,ccre,9,7.625532555555556,temperature
2024-12-20T00:00:00Z,ccre,10,7.613809527777778,temperature
2024-12-20T00:00:00Z,ccre,11,7.624647694444445,temperature
2024-12-20T00:00:00Z,ccre,12,7.607807319444444,temperature
2024-12-20T00:00:00Z,ccre,13,7.732588597222223,temperature
2024-12-21T00:00:00Z,ccre,2,7.474714472222222,temperature
2024-12-21T00:00:00Z,ccre,3,7.496724402777778,temperature
2024-12-21T00:00:00Z,ccre,4,7.494351680555556,temperature
2024-12-21T00:00:00Z,ccre,5,7.479375145833333,temperature
2024-12-21T00:00:00Z,ccre,6,7.47996775,temperature
2024-12-21T00:00:00Z,ccre,7,7.487469041666667,temperature
2024-12-21T00:00:00Z,ccre,8,7.484817854166667,temperature
2024-12-21T00:00:00Z,ccre,9,7.491526902777777,temperature
2024-12-21T00:00:00Z,ccre,10,7.474648298611111,temperature
2024-12-21T00:00:00Z,ccre,11,7.4823273680555555,temperature
2024-12-21T00:00:00Z,ccre,12,7.479847166666667,temperature
2024-12-21T00:00:00Z,ccre,13,7.58013675,temperature
2024-12-22T00:00:00Z,ccre,2,7.179636590277778,temperature
2024-12-22T00:00:00Z,ccre,3,7.207263708333333,temperature
2024-12-22T00:00:00Z,ccre,4,7.1956017291666665,temperature
2024-12-22T00:00:00Z,ccre,5,7.178231277777778,temperature
2024-12-22T00:00:00Z,ccre,6,7.174975,temperature
2024-12-22T00:00:00Z,ccre,7,7.180422604166667,temperature
2024-12-22T00:00:00Z,ccre,8,7.1769739305555555,temperature
2024-12-22T00:00:00Z,ccre,9,7.182729895833333,temperature
2024-12-22T00:00:00Z,ccre,10,7.164843972222222,temperature
2024-12-22T00:00:00Z,ccre,11,7.171375180555556,temperature
2024-12-22T00:00:00Z,ccre,12,7.165371125,temperature
2024-12-22T00:00:00Z,ccre,13,7.285194777777778,temperature
2024-12-23T00:00:00Z,ccre,2,6.879878347222222,temperature
2024-12-23T00:00:00Z,ccre,3,6.906304048611111,temperature
2024-12-23T00:00:00Z,ccre,4,6.894919798611111,temperature
2024-12-23T00:00:00Z,ccre,5,6.879047777777778,temperature
2024-12-23T00:00:00Z,ccre,6,6.877263993055555,temperature
2024-12-23T00:00:00Z,ccre,7,6.883349027777777,temperature
2024-12-23T00:00:00Z,ccre,8,6.8813009930555555,temperature
2024-12-23T00:00:00Z,ccre,9,6.888887965277778,temperature
2024-12-23T00:00:00Z,ccre,10,6.871996715277778,temperature
2024-12-23T00:00:00Z,ccre,11,6.879325013888889,temperature
2024-12-23T00:00:00Z,ccre,12,6.871887347222223,temperature
2024-12-23T00:00:00Z,ccre,13,7.016157298611111,temperature
2024-12-24T00:00:00Z,ccre,2,6.701805263888889,temperature
2024-12-24T00:00:00Z,ccre,3,6.721958743055556,temperature
2024-12-24T00:00:00Z,ccre,4,6.715835506944445,temperature
2024-12-24T00:00:00Z,ccre,5,6.698304048611111,temperature
2024-12-24T00:00:00Z,ccre,6,6.693984298611111,temperature
2024-12-24T00:00:00Z,ccre,7,6.699108916666667,temperature
2024-12-24T00:00:00Z,ccre,8,6.695064319444445,temperature
2024-12-24T00:00:00Z,ccre,9,6.7000032222222226,temperature
2024-12-24T00:00:00Z,ccre,10,6.6811791666666664,temperature
2024-12-24T00:00:00Z,ccre,11,6.686852090277778,temperature
2024-12-24T00:00:00Z,ccre,12,6.662159131944445,temperature
2024-12-24T00:00:00Z,ccre,13,6.866239979166667,temperature
2024-12-25T00:00:00Z,ccre,2,6.7017130625,temperature
2024-12-25T00:00:00Z,ccre,3,6.724662048611111,temperature
2024-12-25T00:00:00Z,ccre,4,6.703223493055556,temperature
2024-12-25T00:00:00Z,ccre,5,6.685994805555556,temperature
2024-12-25T00:00:00Z,ccre,6,6.682716298611111,temperature
2024-12-25T00:00:00Z,ccre,7,6.688442625,temperature
2024-12-25T00:00:00Z,ccre,8,6.686965076388889,temperature
2024-12-25T00:00:00Z,ccre,9,6.692735631944444,temperature
2024-12-25T00:00:00Z,ccre,10,6.676067291666667,temperature
2024-12-25T00:00:00Z,ccre,11,6.683383881944445,temperature
2024-12-25T00:00:00Z,ccre,12,6.676091055555555,temperature
2024-12-25T00:00:00Z,ccre,13,6.809947493055556,temperature
2024-12-26T00:00:00Z,ccre,2,6.673399722222222,temperature
2024-12-26T00:00:00Z,ccre,3,6.695095881944445,temperature
2024-12-26T00:00:00Z,ccre,4,6.674845555555556,temperature
2024-12-26T00:00:00Z,ccre,5,6.656335986111111,temperature
2024-12-26T00:00:00Z,ccre,6,6.650752986111111,temperature
2024-12-26T00:00:00Z,ccre,7,6.6527353611111115,temperature
2024-12-26T00:00:00Z,ccre,8,6.649653527777778,temperature
2024-12-26T00:00:00Z,ccre,9,6.654834083333333,temperature
2024-12-26T00:00:00Z,ccre,10,6.635699958333333,temperature
2024-12-26T00:00:00Z,ccre,11,6.640651854166666,temperature
2024-12-26T00:00:00Z,ccre,12,6.615344777777778,temperature
2024-12-26T00:00:00Z,ccre,13,6.827115805555556,temperature
2024-12-27T00:00:00Z,ccre,2,6.570815777777778,temperature
2024-12-27T00:00:00Z,ccre,3,6.594397881944444,temperature
2024-12-27T00:00:00Z,ccre,4,6.581055083333333,temperature
2024-12-27T00:00:00Z,ccre,5,6.56446075,temperature
2024-12-27T00:00:00Z,ccre,6,6.560391881944445,temperature
2024-12-27T00:00:00Z,ccre,7,6.5657648958333334,temperature
2024-12-27T00:00:00Z,ccre,8,6.564069708333333,temperature
2024-12-27T00:00:00Z,ccre,9,6.5723782986111114,temperature
2024-12-27T00:00:00Z,ccre,10,6.557612673611112,temperature
2024-12-27T00:00:00Z,ccre,11,6.564433347222222,temperature
2024-12-27T00:00:00Z,ccre,12,6.566882173611111,temperature
2024-12-27T00:00:00Z,ccre,13,6.834867451388889,temperature
2024-12-28T00:00:00Z,ccre,2,6.6166745972222225,temperature
2024-12-28T00:00:00Z,ccre,3,6.6069583680555555,temperature
2024-12-28T00:00:00Z,ccre,4,6.5613381875,temperature
2024-12-28T00:00:00Z,ccre,5,6.538210520833333,temperature
2024-12-28T00:00:00Z,ccre,6,6.531188520833333,temperature
2024-12-28T00:00:00Z,ccre,7,6.534657291666667,temperature
2024-12-28T00:00:00Z,ccre,8,6.532624756944444,temperature
2024-12-28T00:00:00Z,ccre,9,6.5387786875,temperature
2024-12-28T00:00:00Z,ccre,10,6.522746333333333,temperature
2024-12-28T00:00:00Z,ccre,11,6.5293410625,temperature
2024-12-28T00:00:00Z,ccre,12,6.518933111111111,temperature
2024-12-28T00:00:00Z,ccre,13,6.838596923611111,temperature
2024-12-29T00:00:00Z,ccre,2,7.0504959375,temperature
2024-12-29T00:00:00Z,ccre,3,6.944317229166667,temperature
2024-12-29T00:00:00Z,ccre,4,6.773691381944444,temperature
2024-12-29T00:00:00Z,ccre,5,6.6669715555555555,temperature
2024-12-29T00:00:00Z,ccre,6,6.5896196875,temperature
2024-12-29T00:00:00Z,ccre,7,6.550742638888889,temperature
2024-12-29T00:00:00Z,ccre,8,6.528563763888889,temperature
2024-12-29T00:00:00Z,ccre,9,6.5298084375,temperature
2024-12-29T00:00:00Z,ccre,10,6.5138905,temperature
2024-12-29T00:00:00Z,ccre,11,6.521511409722223,temperature
2024-12-29T00:00:00Z,ccre,12,6.5174641875,temperature
2024-12-29T00:00:00Z,ccre,13,6.906778291666667,temperature
2024-12-30T00:00:00Z,ccre,2,6.732359305555556,temperature
2024-12-30T00:00:00Z,ccre,3,6.737354020833333,temperature
2024-12-30T00:00:00Z,ccre,4,6.724204791666667,temperature
2024-12-30T00:00:00Z,ccre,5,6.699263458333333,temperature
2024-12-30T00:00:00Z,ccre,6,6.683219208333333,temperature
2024-12-30T00:00:00Z,ccre,7,6.679236638888889,temperature
2024-12-30T00:00:00Z,ccre,8,6.666883180555556,temperature
2024-12-30T00:00:00Z,ccre,9,6.663012319444444,temperature
2024-12-30T00:00:00Z,ccre,10,6.611569888888889,temperature
2024-12-30T00:00:00Z,ccre,11,6.604287798611111,temperature
2024-12-30T00:00:00Z,ccre,12,6.575422618055556,temperature
2024-12-30T00:00:00Z,ccre,13,6.8653926527777775,temperature
2024-12-31T00:00:00Z,ccre,2,6.585590083333333,temperature
2024-12-31T00:00:00Z,ccre,3,6.6022995625,temperature
2024-12-31T00:00:00Z,ccre,4,6.591889006944444,temperature
2024-12-31T00:00:00Z,ccre,5,6.576360458333333,temperature
2024-12-31T00:00:00Z,ccre,6,6.573520375,temperature
2024-12-31T00:00:00Z,ccre,7,6.579189854166667,temperature
2024-12-31T00:00:00Z,ccre,8,6.576869715277778,temperature
2024-12-31T00:00:00Z,ccre,9,6.583338791666667,temperature
2024-12-31T00:00:00Z,ccre,10,6.560402048611111,temperature
2024-12-31T00:00:00Z,ccre,11,6.555753229166666,temperature
2024-12-31T00:00:00Z,ccre,12,6.5444611041666665,temperature
2024-12-31T00:00:00Z,ccre,13,6.809909986111111,temperature
