datetime,site_id,depth,observation,variable
2018-05-30T00:00:00Z,PRPO,0,22.920625,temperature
2018-05-30T00:00:00Z,PRPO,0.25,22.7878125,temperature
2018-05-30T00:00:00Z,PRPO,0.5,22.594375,temperature
2018-05-30T00:00:00Z,PRPO,0.75,22.2190625,temperature
2018-05-30T00:00:00Z,PRPO,1,21.92625,temperature
2018-05-31T00:00:00Z,PRPO,0,23.109574468085107,temperature
2018-05-31T00:00:00Z,PRPO,0.25,22.385,temperature
2018-05-31T00:00:00Z,PRPO,0.5,22.07875,temperature
2018-05-31T00:00:00Z,PRPO,0.75,21.838541666666668,temperature
2018-05-31T00:00:00Z,PRPO,1,21.56875,temperature
2018-06-01T00:00:00Z,PRPO,0,22.611458333333335,temperature
2018-06-01T00:00:00Z,PRPO,0.25,22.566666666666663,temperature
2018-06-01T00:00:00Z,PRPO,0.5,22.533958333333334,temperature
2018-06-01T00:00:00Z,PRPO,0.75,22.500416666666663,temperature
2018-06-01T00:00:00Z,PRPO,1,22.454583333333332,temperature
2018-06-02T00:00:00Z,PRPO,0,19.026875,temperature
2018-06-02T00:00:00Z,PRPO,0.25,19.028333333333332,temperature
2018-06-02T00:00:00Z,PRPO,0.5,19.029375,temperature
2018-06-02T00:00:00Z,PRPO,0.75,19.03,temperature
2018-06-02T00:00:00Z,PRPO,1,19.031041666666667,temperature
2018-06-03T00:00:00Z,PRPO,0,16.69729166666667,temperature
2018-06-03T00:00:00Z,PRPO,0.25,16.685208333333332,temperature
2018-06-03T00:00:00Z,PRPO,0.5,16.674166666666668,temperature
2018-06-03T00:00:00Z,PRPO,0.75,16.657708333333332,temperature
2018-06-03T00:00:00Z,PRPO,1,16.641666666666666,temperature
2018-06-04T00:00:00Z,PRPO,0,18.606666666666666,temperature
2018-06-04T00:00:00Z,PRPO,0.25,18.182340425531915,temperature
2018-06-04T00:00:00Z,PRPO,0.5,17.883958333333332,temperature
2018-06-04T00:00:00Z,PRPO,0.75,17.585208333333334,temperature
2018-06-04T00:00:00Z,PRPO,1,17.456041666666668,temperature
2018-06-05T00:00:00Z,PRPO,0,19.793958333333332,temperature
2018-06-05T00:00:00Z,PRPO,0.25,19.601875,temperature
2018-06-05T00:00:00Z,PRPO,0.5,19.37875,temperature
2018-06-05T00:00:00Z,PRPO,0.75,19.019166666666667,temperature
2018-06-05T00:00:00Z,PRPO,1,18.795416666666668,temperature
2018-06-06T00:00:00Z,PRPO,0,20.560285714285715,temperature
2018-06-06T00:00:00Z,PRPO,0.25,20.46257142857143,temperature
2018-06-06T00:00:00Z,PRPO,0.5,20.365714285714287,temperature
2018-06-06T00:00:00Z,PRPO,0.75,20.16857142857143,temperature
2018-06-06T00:00:00Z,PRPO,1,19.824571428571428,temperature
2018-06-07T00:00:00Z,PRPO,0,20.728125,temperature
2018-06-07T00:00:00Z,PRPO,0.25,20.7175,temperature
2018-06-07T00:00:00Z,PRPO,0.5,20.69708333333333,temperature
2018-06-07T00:00:00Z,PRPO,0.75,20.648541666666667,temperature
2018-06-07T00:00:00Z,PRPO,1,20.369791666666668,temperature
2018-06-08T00:00:00Z,PRPO,0,19.982708333333335,temperature
2018-06-08T00:00:00Z,PRPO,0.25,19.969583333333333,temperature
2018-06-08T00:00:00Z,PRPO,0.5,19.950833333333332,temperature
2018-06-08T00:00:00Z,PRPO,0.75,19.923541666666665,temperature
2018-06-08T00:00:00Z,PRPO,1,19.893958333333337,temperature
2018-06-09T00:00:00Z,PRPO,0,21.797083333333333,temperature
2018-06-09T00:00:00Z,PRPO,0.25,21.705,temperature
2018-06-09T00:00:00Z,PRPO,0.5,21.578333333333333,temperature
2018-06-09T00:00:00Z,PRPO,0.75,21.292916666666667,temperature
2018-06-09T00:00:00Z,PRPO,1,20.889791666666667,temperature
2018-06-10T00:00:00Z,PRPO,0,23.372291666666666,temperature
2018-06-10T00:00:00Z,PRPO,0.25,23.288333333333338,temperature
2018-06-10T00:00:00Z,PRPO,0.5,23.12375,temperature
2018-06-10T00:00:00Z,PRPO,0.75,22.857708333333335,temperature
2018-06-10T00:00:00Z,PRPO,1,22.395625,temperature
2018-06-11T00:00:00Z,PRPO,0,22.295,temperature
2018-06-11T00:00:00Z,PRPO,0.25,22.283541666666668,temperature
2018-06-11T00:00:00Z,PRPO,0.5,22.25375,temperature
2018-06-11T00:00:00Z,PRPO,0.75,22.214583333333337,temperature
2018-06-11T00:00:00Z,PRPO,1,22.1975,temperature
2018-06-12T00:00:00Z,PRPO,0,20.722708333333333,temperature
2018-06-12T00:00:00Z,PRPO,0.25,20.71125,temperature
2018-06-12T00:00:00Z,PRPO,0.5,20.694791666666667,temperature
2018-06-12T00:00:00Z,PRPO,0.75,20.677083333333332,temperature
2018-06-12T00:00:00Z,PRPO,1,20.649375,temperature
2018-06-13T00:00:00Z,PRPO,0,20.039166666666667,temperature
2018-06-13T00:00:00Z,PRPO,0.25,20.028125,temperature
2018-06-13T00:00:00Z,PRPO,0.5,20.017291666666665,temperature
2018-06-13T00:00:00Z,PRPO,0.75,20.005208333333332,temperature
2018-06-13T00:00:00Z,PRPO,1,19.992916666666662,temperature
2018-06-14T00:00:00Z,PRPO,0,20.572916666666668,temperature
2018-06-14T00:00:00Z,PRPO,0.25,20.55875,temperature
2018-06-14T00:00:00Z,PRPO,0.5,20.533333333333335,temperature
2018-06-14T00:00:00Z,PRPO,0.75,20.492916666666662,temperature
2018-06-14T00:00:00Z,PRPO,1,20.457708333333333,temperature
2018-06-15T00:00:00Z,PRPO,0,22.257083333333338,temperature
2018-06-15T00:00:00Z,PRPO,0.25,22.250416666666663,temperature
2018-06-15T00:00:00Z,PRPO,0.5,22.241666666666667,temperature
2018-06-15T00:00:00Z,PRPO,0.75,22.229791666666667,temperature
2018-06-15T00:00:00Z,PRPO,1,22.206041666666668,temperature
2018-06-16T00:00:00Z,PRPO,0,21.977708333333332,temperature
2018-06-16T00:00:00Z,PRPO,0.25,21.976666666666667,temperature
2018-06-16T00:00:00Z,PRPO,0.5,21.97479166666667,temperature
2018-06-16T00:00:00Z,PRPO,0.75,21.970416666666665,temperature
2018-06-16T00:00:00Z,PRPO,1,21.964791666666667,temperature
2018-06-17T00:00:00Z,PRPO,0,20.192291666666662,temperature
2018-06-17T00:00:00Z,PRPO,0.25,20.191875,temperature
2018-06-17T00:00:00Z,PRPO,0.5,20.19125,temperature
2018-06-17T00:00:00Z,PRPO,0.75,20.19,temperature
2018-06-17T00:00:00Z,PRPO,1,20.19,temperature
2018-06-18T00:00:00Z,PRPO,0,19.48276595744681,temperature
2018-06-18T00:00:00Z,PRPO,0.25,19.479361702127655,temperature
2018-06-18T00:00:00Z,PRPO,0.5,19.47531914893617,temperature
2018-06-18T00:00:00Z,PRPO,0.75,19.46872340425532,temperature
2018-06-18T00:00:00Z,PRPO,1,19.45936170212766,temperature
2018-06-19T00:00:00Z,PRPO,0,20.404166666666665,temperature
2018-06-19T00:00:00Z,PRPO,0.25,20.295,temperature
2018-06-19T00:00:00Z,PRPO,0.5,20.075625,temperature
2018-06-19T00:00:00Z,PRPO,0.75,19.934583333333332,temperature
2018-06-19T00:00:00Z,PRPO,1,19.858333333333334,temperature
2018-06-20T00:00:00Z,PRPO,0,21.402291666666667,temperature
2018-06-20T00:00:00Z,PRPO,0.25,21.244583333333335,temperature
2018-06-20T00:00:00Z,PRPO,0.5,20.8375,temperature
2018-06-20T00:00:00Z,PRPO,0.75,20.403125,temperature
2018-06-20T00:00:00Z,PRPO,1,19.929583333333333,temperature
2018-06-21T00:00:00Z,PRPO,0,21.970208333333332,temperature
2018-06-21T00:00:00Z,PRPO,0.25,21.67875,temperature
2018-06-21T00:00:00Z,PRPO,0.5,21.280208333333334,temperature
2018-06-21T00:00:00Z,PRPO,0.75,20.780625,temperature
2018-06-21T00:00:00Z,PRPO,1,20.234166666666667,temperature
2018-06-22T00:00:00Z,PRPO,0,23.671875,temperature
2018-06-22T00:00:00Z,PRPO,0.25,22.465,temperature
2018-06-22T00:00:00Z,PRPO,0.5,21.606875,temperature
2018-06-22T00:00:00Z,PRPO,0.75,21.027708333333333,temperature
2018-06-22T00:00:00Z,PRPO,1,20.495,temperature
2018-06-23T00:00:00Z,PRPO,0,24.344375,temperature
2018-06-23T00:00:00Z,PRPO,0.25,23.918125,temperature
2018-06-23T00:00:00Z,PRPO,0.5,23.38,temperature
2018-06-23T00:00:00Z,PRPO,0.75,22.616875,temperature
2018-06-23T00:00:00Z,PRPO,1,21.971875,temperature
2018-06-24T00:00:00Z,PRPO,0,23.706041666666668,temperature
2018-06-24T00:00:00Z,PRPO,0.25,23.685,temperature
2018-06-24T00:00:00Z,PRPO,0.5,23.553958333333338,temperature
2018-06-24T00:00:00Z,PRPO,0.75,23.15875,temperature
2018-06-24T00:00:00Z,PRPO,1,22.475833333333338,temperature
2018-06-25T00:00:00Z,PRPO,0,22.5075,temperature
2018-06-25T00:00:00Z,PRPO,0.25,22.502291666666668,temperature
2018-06-25T00:00:00Z,PRPO,0.5,22.496458333333333,temperature
2018-06-25T00:00:00Z,PRPO,0.75,22.487083333333334,temperature
2018-06-25T00:00:00Z,PRPO,1,22.46270833333333,temperature
2018-06-26T00:00:00Z,PRPO,0,22.8525,temperature
2018-06-26T00:00:00Z,PRPO,0.25,22.805833333333332,temperature
2018-06-26T00:00:00Z,PRPO,0.5,22.762708333333332,temperature
2018-06-26T00:00:00Z,PRPO,0.75,22.616666666666667,temperature
2018-06-26T00:00:00Z,PRPO,1,22.46125,temperature
2018-06-27T00:00:00Z,PRPO,0,24.245833333333337,temperature
2018-06-27T00:00:00Z,PRPO,0.25,24.0725,temperature
2018-06-27T00:00:00Z,PRPO,0.5,23.701875,temperature
2018-06-27T00:00:00Z,PRPO,0.75,23.24375,temperature
2018-06-27T00:00:00Z,PRPO,1,22.8625,temperature
2018-06-28T00:00:00Z,PRPO,0,25.285833333333333,temperature
2018-06-28T00:00:00Z,PRPO,0.25,24.904166666666665,temperature
2018-06-28T00:00:00Z,PRPO,0.5,24.472083333333337,temperature
2018-06-28T00:00:00Z,PRPO,0.75,23.790625,temperature
2018-06-28T00:00:00Z,PRPO,1,23.02875,temperature
2018-06-29T00:00:00Z,PRPO,0,25.158333333333335,temperature
2018-06-29T00:00:00Z,PRPO,0.25,24.818125,temperature
2018-06-29T00:00:00Z,PRPO,0.5,24.686875,temperature
2018-06-29T00:00:00Z,PRPO,0.75,24.54375,temperature
2018-06-29T00:00:00Z,PRPO,1,24.353541666666665,temperature
2018-06-30T00:00:00Z,PRPO,0,24.402291666666667,temperature
2018-06-30T00:00:00Z,PRPO,0.25,24.394375,temperature
2018-06-30T00:00:00Z,PRPO,0.5,24.370416666666667,temperature
2018-06-30T00:00:00Z,PRPO,0.75,24.300416666666667,temperature
2018-06-30T00:00:00Z,PRPO,1,24.133541666666662,temperature
2018-07-01T00:00:00Z,PRPO,0,23.763125,temperature
2018-07-01T00:00:00Z,PRPO,0.25,23.753333333333337,temperature
2018-07-01T00:00:00Z,PRPO,0.5,23.738333333333333,temperature
2018-07-01T00:00:00Z,PRPO,0.75,23.714583333333337,temperature
2018-07-01T00:00:00Z,PRPO,1,23.687083333333337,temperature
2018-07-02T00:00:00Z,PRPO,0,23.316875,temperature
2018-07-02T00:00:00Z,PRPO,0.25,23.126041666666666,temperature
2018-07-02T00:00:00Z,PRPO,0.5,22.874791666666667,temperature
2018-07-02T00:00:00Z,PRPO,0.75,22.725833333333338,temperature
2018-07-02T00:00:00Z,PRPO,1,22.660833333333333,temperature
2018-07-03T00:00:00Z,PRPO,0,23.995208333333338,temperature
2018-07-03T00:00:00Z,PRPO,0.25,23.572916666666668,temperature
2018-07-03T00:00:00Z,PRPO,0.5,23.225,temperature
2018-07-03T00:00:00Z,PRPO,0.75,22.85875,temperature
2018-07-03T00:00:00Z,PRPO,1,22.657708333333332,temperature
2018-07-04T00:00:00Z,PRPO,0,24.27125,temperature
2018-07-04T00:00:00Z,PRPO,0.25,24.22625,temperature
2018-07-04T00:00:00Z,PRPO,0.5,24.047916666666666,temperature
2018-07-04T00:00:00Z,PRPO,0.75,23.831666666666667,temperature
2018-07-04T00:00:00Z,PRPO,1,23.659375,temperature
2018-07-05T00:00:00Z,PRPO,0,23.465833333333332,temperature
2018-07-05T00:00:00Z,PRPO,0.25,23.317291666666662,temperature
2018-07-05T00:00:00Z,PRPO,0.5,23.234375,temperature
2018-07-05T00:00:00Z,PRPO,0.75,23.1825,temperature
2018-07-05T00:00:00Z,PRPO,1,23.1575,temperature
2018-07-06T00:00:00Z,PRPO,0,23.952083333333334,temperature
2018-07-06T00:00:00Z,PRPO,0.25,23.585625,temperature
2018-07-06T00:00:00Z,PRPO,0.5,23.402083333333337,temperature
2018-07-06T00:00:00Z,PRPO,0.75,23.282708333333332,temperature
2018-07-06T00:00:00Z,PRPO,1,23.097916666666663,temperature
2018-07-07T00:00:00Z,PRPO,0,24.413541666666667,temperature
2018-07-07T00:00:00Z,PRPO,0.25,24.402708333333333,temperature
2018-07-07T00:00:00Z,PRPO,0.5,24.392708333333335,temperature
2018-07-07T00:00:00Z,PRPO,0.75,24.379166666666663,temperature
2018-07-07T00:00:00Z,PRPO,1,24.326458333333335,temperature
2018-07-08T00:00:00Z,PRPO,0,25.670833333333334,temperature
2018-07-08T00:00:00Z,PRPO,0.25,25.604375,temperature
2018-07-08T00:00:00Z,PRPO,0.5,25.55375,temperature
2018-07-08T00:00:00Z,PRPO,0.75,25.447916666666668,temperature
2018-07-08T00:00:00Z,PRPO,1,25.295833333333334,temperature
2018-07-09T00:00:00Z,PRPO,0,25.093125,temperature
2018-07-09T00:00:00Z,PRPO,0.25,25.01625,temperature
2018-07-09T00:00:00Z,PRPO,0.5,24.931041666666665,temperature
2018-07-09T00:00:00Z,PRPO,0.75,24.854375,temperature
2018-07-09T00:00:00Z,PRPO,1,24.717083333333335,temperature
2018-07-10T00:00:00Z,PRPO,0,25.446666666666665,temperature
2018-07-10T00:00:00Z,PRPO,0.25,25.418125,temperature
2018-07-10T00:00:00Z,PRPO,0.5,25.359375,temperature
2018-07-10T00:00:00Z,PRPO,0.75,25.234375,temperature
2018-07-10T00:00:00Z,PRPO,1,25.1025,temperature
2018-07-11T00:00:00Z,PRPO,0,25.726875,temperature
2018-07-11T00:00:00Z,PRPO,0.25,25.713333333333335,temperature
2018-07-11T00:00:00Z,PRPO,0.5,25.689166666666665,temperature
2018-07-11T00:00:00Z,PRPO,0.75,25.64666666666667,temperature
2018-07-11T00:00:00Z,PRPO,1,25.597708333333333,temperature
2018-07-12T00:00:00Z,PRPO,0,25.531458333333333,temperature
2018-07-12T00:00:00Z,PRPO,0.25,25.5225,temperature
2018-07-12T00:00:00Z,PRPO,0.5,25.502708333333334,temperature
2018-07-12T00:00:00Z,PRPO,0.75,25.406666666666663,temperature
2018-07-12T00:00:00Z,PRPO,1,25.212291666666665,temperature
2018-07-13T00:00:00Z,PRPO,0,24.814375,temperature
2018-07-13T00:00:00Z,PRPO,0.25,24.727916666666665,temperature
2018-07-13T00:00:00Z,PRPO,0.5,24.665416666666665,temperature
2018-07-13T00:00:00Z,PRPO,0.75,24.61625,temperature
2018-07-13T00:00:00Z,PRPO,1,24.595625,temperature
2018-07-14T00:00:00Z,PRPO,0,25.353541666666665,temperature
2018-07-14T00:00:00Z,PRPO,0.25,25.029375,temperature
2018-07-14T00:00:00Z,PRPO,0.5,24.841041666666666,temperature
2018-07-14T00:00:00Z,PRPO,0.75,24.707708333333333,temperature
2018-07-14T00:00:00Z,PRPO,1,24.511041666666667,temperature
2018-07-15T00:00:00Z,PRPO,0,24.733958333333337,temperature
2018-07-15T00:00:00Z,PRPO,0.25,24.726666666666667,temperature
2018-07-15T00:00:00Z,PRPO,0.5,24.715833333333332,temperature
2018-07-15T00:00:00Z,PRPO,0.75,24.699791666666663,temperature
2018-07-15T00:00:00Z,PRPO,1,24.669791666666665,temperature
2018-07-16T00:00:00Z,PRPO,0,23.252083333333335,temperature
2018-07-16T00:00:00Z,PRPO,0.25,23.138125,temperature
2018-07-16T00:00:00Z,PRPO,0.5,23.092291666666668,temperature
2018-07-16T00:00:00Z,PRPO,0.75,23.059583333333332,temperature
2018-07-16T00:00:00Z,PRPO,1,23.061875,temperature
2018-07-17T00:00:00Z,PRPO,0,23.758297872340425,temperature
2018-07-17T00:00:00Z,PRPO,0.25,23.25617021276596,temperature
2018-07-17T00:00:00Z,PRPO,0.5,22.96191489361702,temperature
2018-07-17T00:00:00Z,PRPO,0.75,22.81255319148936,temperature
2018-07-17T00:00:00Z,PRPO,1,22.72978723404255,temperature
2018-07-18T00:00:00Z,PRPO,0,24.464791666666667,temperature
2018-07-18T00:00:00Z,PRPO,0.25,24.043541666666663,temperature
2018-07-18T00:00:00Z,PRPO,0.5,23.689583333333335,temperature
2018-07-18T00:00:00Z,PRPO,0.75,23.435,temperature
2018-07-18T00:00:00Z,PRPO,1,23.187291666666667,temperature
2018-07-19T00:00:00Z,PRPO,0,24.187083333333337,temperature
2018-07-19T00:00:00Z,PRPO,0.25,24.017291666666665,temperature
2018-07-19T00:00:00Z,PRPO,0.5,23.877708333333334,temperature
2018-07-19T00:00:00Z,PRPO,0.75,23.771041666666665,temperature
2018-07-19T00:00:00Z,PRPO,1,23.71125,temperature
2018-07-20T00:00:00Z,PRPO,0,23.697916666666668,temperature
2018-07-20T00:00:00Z,PRPO,0.25,23.58875,temperature
2018-07-20T00:00:00Z,PRPO,0.5,23.423958333333335,temperature
2018-07-20T00:00:00Z,PRPO,0.75,23.279583333333335,temperature
2018-07-20T00:00:00Z,PRPO,1,23.210625,temperature
2018-07-21T00:00:00Z,PRPO,0,23.200625,temperature
2018-07-21T00:00:00Z,PRPO,0.25,23.192291666666662,temperature
2018-07-21T00:00:00Z,PRPO,0.5,23.178541666666668,temperature
2018-07-21T00:00:00Z,PRPO,0.75,23.129791666666662,temperature
2018-07-21T00:00:00Z,PRPO,1,23.086666666666662,temperature
2018-07-22T00:00:00Z,PRPO,0,22.865833333333335,temperature
2018-07-22T00:00:00Z,PRPO,0.25,22.86,temperature
2018-07-22T00:00:00Z,PRPO,0.5,22.851458333333333,temperature
2018-07-22T00:00:00Z,PRPO,0.75,22.838541666666668,temperature
2018-07-22T00:00:00Z,PRPO,1,22.830833333333334,temperature
2018-07-23T00:00:00Z,PRPO,0,22.475,temperature
2018-07-23T00:00:00Z,PRPO,0.25,22.464583333333337,temperature
2018-07-23T00:00:00Z,PRPO,0.5,22.445416666666667,temperature
2018-07-23T00:00:00Z,PRPO,0.75,22.42395833333333,temperature
2018-07-23T00:00:00Z,PRPO,1,22.412708333333335,temperature
2018-07-24T00:00:00Z,PRPO,0,22.212916666666665,temperature
2018-07-24T00:00:00Z,PRPO,0.25,22.094583333333333,temperature
2018-07-24T00:00:00Z,PRPO,0.5,21.992708333333333,temperature
2018-07-24T00:00:00Z,PRPO,0.75,21.890416666666667,temperature
2018-07-24T00:00:00Z,PRPO,1,21.83875,temperature
2018-07-25T00:00:00Z,PRPO,0,22.615625,temperature
2018-07-25T00:00:00Z,PRPO,0.25,22.492083333333333,temperature
2018-07-25T00:00:00Z,PRPO,0.5,22.389166666666668,temperature
2018-07-25T00:00:00Z,PRPO,0.75,22.238958333333333,temperature
2018-07-25T00:00:00Z,PRPO,1,22.162083333333335,temperature
2018-07-26T00:00:00Z,PRPO,0,21.48645833333333,temperature
2018-07-26T00:00:00Z,PRPO,0.25,21.479375,temperature
2018-07-26T00:00:00Z,PRPO,0.5,21.469375,temperature
2018-07-26T00:00:00Z,PRPO,0.75,21.456666666666667,temperature
2018-07-26T00:00:00Z,PRPO,1,21.468333333333337,temperature
2018-07-27T00:00:00Z,PRPO,0,20.707708333333333,temperature
2018-07-27T00:00:00Z,PRPO,0.25,20.464583333333337,temperature
2018-07-27T00:00:00Z,PRPO,0.5,20.350833333333338,temperature
2018-07-27T00:00:00Z,PRPO,0.75,20.32,temperature
2018-07-27T00:00:00Z,PRPO,1,20.335,temperature
2018-07-28T00:00:00Z,PRPO,0,21.511041666666667,temperature
2018-07-28T00:00:00Z,PRPO,0.25,20.955208333333335,temperature
2018-07-28T00:00:00Z,PRPO,0.5,20.446875,temperature
2018-07-28T00:00:00Z,PRPO,0.75,20.181041666666665,temperature
2018-07-28T00:00:00Z,PRPO,1,20.09,temperature
2018-07-29T00:00:00Z,PRPO,0,21.702083333333334,temperature
2018-07-29T00:00:00Z,PRPO,0.25,21.329166666666666,temperature
2018-07-29T00:00:00Z,PRPO,0.5,20.961458333333333,temperature
2018-07-29T00:00:00Z,PRPO,0.75,20.523541666666667,temperature
2018-07-29T00:00:00Z,PRPO,1,20.341458333333332,temperature
2018-07-30T00:00:00Z,PRPO,0,22.02,temperature
2018-07-30T00:00:00Z,PRPO,0.25,21.652916666666663,temperature
2018-07-30T00:00:00Z,PRPO,0.5,21.355833333333333,temperature
2018-07-30T00:00:00Z,PRPO,0.75,21.136458333333337,temperature
2018-07-30T00:00:00Z,PRPO,1,20.916875,temperature
2018-07-31T00:00:00Z,PRPO,0,22.550208333333337,temperature
2018-07-31T00:00:00Z,PRPO,0.25,22.254375,temperature
2018-07-31T00:00:00Z,PRPO,0.5,21.922916666666666,temperature
2018-07-31T00:00:00Z,PRPO,0.75,21.67395833333333,temperature
2018-07-31T00:00:00Z,PRPO,1,21.440416666666668,temperature
2018-08-01T00:00:00Z,PRPO,0,21.63625,temperature
2018-08-01T00:00:00Z,PRPO,0.25,21.604166666666668,temperature
2018-08-01T00:00:00Z,PRPO,0.5,21.562083333333337,temperature
2018-08-01T00:00:00Z,PRPO,0.75,21.52375,temperature
2018-08-01T00:00:00Z,PRPO,1,21.519791666666663,temperature
2018-08-02T00:00:00Z,PRPO,0,20.776666666666667,temperature
2018-08-02T00:00:00Z,PRPO,0.25,20.736666666666668,temperature
2018-08-02T00:00:00Z,PRPO,0.5,20.682083333333335,temperature
2018-08-02T00:00:00Z,PRPO,0.75,20.630833333333335,temperature
2018-08-02T00:00:00Z,PRPO,1,20.595833333333335,temperature
2018-08-03T00:00:00Z,PRPO,0,20.893541666666668,temperature
2018-08-03T00:00:00Z,PRPO,0.25,20.875625,temperature
2018-08-03T00:00:00Z,PRPO,0.5,20.850208333333335,temperature
2018-08-03T00:00:00Z,PRPO,0.75,20.826041666666665,temperature
2018-08-03T00:00:00Z,PRPO,1,20.825416666666666,temperature
2018-08-04T00:00:00Z,PRPO,0,21.70916666666667,temperature
2018-08-04T00:00:00Z,PRPO,0.25,21.684375,temperature
2018-08-04T00:00:00Z,PRPO,0.5,21.652083333333337,temperature
2018-08-04T00:00:00Z,PRPO,0.75,21.622916666666665,temperature
2018-08-04T00:00:00Z,PRPO,1,21.554583333333333,temperature
2018-08-05T00:00:00Z,PRPO,0,22.280208333333334,temperature
2018-08-05T00:00:00Z,PRPO,0.25,22.252083333333335,temperature
2018-08-05T00:00:00Z,PRPO,0.5,22.199166666666667,temperature
2018-08-05T00:00:00Z,PRPO,0.75,22.13854166666667,temperature
2018-08-05T00:00:00Z,PRPO,1,22.047708333333333,temperature
2018-08-06T00:00:00Z,PRPO,0,22.678510638297873,temperature
2018-08-06T00:00:00Z,PRPO,0.25,22.429791666666667,temperature
2018-08-06T00:00:00Z,PRPO,0.5,22.29083333333333,temperature
2018-08-06T00:00:00Z,PRPO,0.75,22.186041666666668,temperature
2018-08-06T00:00:00Z,PRPO,1,21.977083333333333,temperature
2018-08-07T00:00:00Z,PRPO,0,23.270625,temperature
2018-08-07T00:00:00Z,PRPO,0.25,22.745,temperature
2018-08-07T00:00:00Z,PRPO,0.5,22.419166666666666,temperature
2018-08-07T00:00:00Z,PRPO,0.75,22.209166666666665,temperature
2018-08-07T00:00:00Z,PRPO,1,21.950833333333332,temperature
2018-08-08T00:00:00Z,PRPO,0,23.810833333333335,temperature
2018-08-08T00:00:00Z,PRPO,0.25,23.366666666666667,temperature
2018-08-08T00:00:00Z,PRPO,0.5,22.894375,temperature
2018-08-08T00:00:00Z,PRPO,0.75,22.622708333333332,temperature
2018-08-08T00:00:00Z,PRPO,1,22.37375,temperature
2018-08-09T00:00:00Z,PRPO,0,23.927708333333335,temperature
2018-08-09T00:00:00Z,PRPO,0.25,23.75625,temperature
2018-08-09T00:00:00Z,PRPO,0.5,23.397083333333335,temperature
2018-08-09T00:00:00Z,PRPO,0.75,22.94875,temperature
2018-08-09T00:00:00Z,PRPO,1,22.515416666666667,temperature
2018-08-10T00:00:00Z,PRPO,0,24.832708333333333,temperature
2018-08-10T00:00:00Z,PRPO,0.25,24.2225,temperature
2018-08-10T00:00:00Z,PRPO,0.5,23.685,temperature
2018-08-10T00:00:00Z,PRPO,0.75,23.260625,temperature
2018-08-10T00:00:00Z,PRPO,1,22.74,temperature
2018-08-11T00:00:00Z,PRPO,0,25.329375,temperature
2018-08-11T00:00:00Z,PRPO,0.25,24.918541666666663,temperature
2018-08-11T00:00:00Z,PRPO,0.5,24.459166666666665,temperature
2018-08-11T00:00:00Z,PRPO,0.75,23.96375,temperature
2018-08-11T00:00:00Z,PRPO,1,23.269166666666667,temperature
2018-08-12T00:00:00Z,PRPO,0,25.560416666666665,temperature
2018-08-12T00:00:00Z,PRPO,0.25,25.541666666666668,temperature
2018-08-12T00:00:00Z,PRPO,0.5,25.50604166666667,temperature
2018-08-12T00:00:00Z,PRPO,0.75,25.352291666666662,temperature
2018-08-12T00:00:00Z,PRPO,1,25.09375,temperature
2018-08-13T00:00:00Z,PRPO,0,24.731041666666663,temperature
2018-08-13T00:00:00Z,PRPO,0.25,24.72,temperature
2018-08-13T00:00:00Z,PRPO,0.5,24.692291666666662,temperature
2018-08-13T00:00:00Z,PRPO,0.75,24.6775,temperature
2018-08-13T00:00:00Z,PRPO,1,24.630208333333332,temperature
2018-08-14T00:00:00Z,PRPO,0,22.926875,temperature
2018-08-14T00:00:00Z,PRPO,0.25,22.9025,temperature
2018-08-14T00:00:00Z,PRPO,0.5,22.831458333333337,temperature
2018-08-14T00:00:00Z,PRPO,0.75,22.800208333333337,temperature
2018-08-14T00:00:00Z,PRPO,1,22.83375,temperature
2018-08-15T00:00:00Z,PRPO,0,21.914166666666667,temperature
2018-08-15T00:00:00Z,PRPO,0.25,21.706666666666667,temperature
2018-08-15T00:00:00Z,PRPO,0.5,21.463958333333338,temperature
2018-08-15T00:00:00Z,PRPO,0.75,21.324375,temperature
2018-08-15T00:00:00Z,PRPO,1,21.373333333333335,temperature
2018-08-16T00:00:00Z,PRPO,0,22.426666666666662,temperature
2018-08-16T00:00:00Z,PRPO,0.25,21.855208333333337,temperature
2018-08-16T00:00:00Z,PRPO,0.5,21.428958333333338,temperature
2018-08-16T00:00:00Z,PRPO,0.75,21.311458333333334,temperature
2018-08-16T00:00:00Z,PRPO,1,21.257291666666667,temperature
2018-08-17T00:00:00Z,PRPO,0,23.057916666666667,temperature
2018-08-17T00:00:00Z,PRPO,0.25,22.877083333333335,temperature
2018-08-17T00:00:00Z,PRPO,0.5,22.328333333333333,temperature
2018-08-17T00:00:00Z,PRPO,0.75,21.791875,temperature
2018-08-17T00:00:00Z,PRPO,1,21.571041666666662,temperature
2018-08-18T00:00:00Z,PRPO,0,22.7675,temperature
2018-08-18T00:00:00Z,PRPO,0.25,22.632083333333338,temperature
2018-08-18T00:00:00Z,PRPO,0.5,22.448958333333337,temperature
2018-08-18T00:00:00Z,PRPO,0.75,22.28625,temperature
2018-08-18T00:00:00Z,PRPO,1,22.054791666666667,temperature
2018-08-19T00:00:00Z,PRPO,0,22.409375,temperature
2018-08-19T00:00:00Z,PRPO,0.25,22.383333333333333,temperature
2018-08-19T00:00:00Z,PRPO,0.5,22.358125,temperature
2018-08-19T00:00:00Z,PRPO,0.75,22.347708333333333,temperature
2018-08-19T00:00:00Z,PRPO,1,22.314583333333335,temperature
2018-08-20T00:00:00Z,PRPO,0,20.115625,temperature
2018-08-20T00:00:00Z,PRPO,0.25,20.111666666666668,temperature
2018-08-20T00:00:00Z,PRPO,0.5,20.106666666666666,temperature
2018-08-20T00:00:00Z,PRPO,0.75,20.10395833333333,temperature
2018-08-20T00:00:00Z,PRPO,1,20.183958333333333,temperature
2018-08-21T00:00:00Z,PRPO,0,19.640833333333333,temperature
2018-08-21T00:00:00Z,PRPO,0.25,19.57625,temperature
2018-08-21T00:00:00Z,PRPO,0.5,19.443191489361705,temperature
2018-08-21T00:00:00Z,PRPO,0.75,19.348541666666662,temperature
2018-08-21T00:00:00Z,PRPO,1,19.378125,temperature
2018-08-22T00:00:00Z,PRPO,0,19.664791666666662,temperature
2018-08-22T00:00:00Z,PRPO,0.25,19.645,temperature
2018-08-22T00:00:00Z,PRPO,0.5,19.605208333333337,temperature
2018-08-22T00:00:00Z,PRPO,0.75,19.461041666666667,temperature
2018-08-22T00:00:00Z,PRPO,1,19.406041666666667,temperature
2018-08-23T00:00:00Z,PRPO,0,19.8,temperature
2018-08-23T00:00:00Z,PRPO,0.25,19.789375,temperature
2018-08-23T00:00:00Z,PRPO,0.5,19.777083333333337,temperature
2018-08-23T00:00:00Z,PRPO,0.75,19.768333333333334,temperature
2018-08-23T00:00:00Z,PRPO,1,19.753125,temperature
2018-08-24T00:00:00Z,PRPO,0,20.500625,temperature
2018-08-24T00:00:00Z,PRPO,0.25,20.42791666666667,temperature
2018-08-24T00:00:00Z,PRPO,0.5,20.367291666666667,temperature
2018-08-24T00:00:00Z,PRPO,0.75,20.3325,temperature
2018-08-24T00:00:00Z,PRPO,1,20.288333333333338,temperature
2018-08-25T00:00:00Z,PRPO,0,21.332291666666663,temperature
2018-08-25T00:00:00Z,PRPO,0.25,21.141458333333333,temperature
2018-08-25T00:00:00Z,PRPO,0.5,20.9425,temperature
2018-08-25T00:00:00Z,PRPO,0.75,20.760625,temperature
2018-08-25T00:00:00Z,PRPO,1,20.589791666666667,temperature
2018-08-26T00:00:00Z,PRPO,0,20.47083333333333,temperature
2018-08-26T00:00:00Z,PRPO,0.25,20.468541666666667,temperature
2018-08-26T00:00:00Z,PRPO,0.5,20.461458333333333,temperature
2018-08-26T00:00:00Z,PRPO,0.75,20.455625,temperature
2018-08-26T00:00:00Z,PRPO,1,20.442291666666662,temperature
2018-08-27T00:00:00Z,PRPO,0,18.911041666666662,temperature
2018-08-27T00:00:00Z,PRPO,0.25,18.908958333333334,temperature
2018-08-27T00:00:00Z,PRPO,0.5,18.905625,temperature
2018-08-27T00:00:00Z,PRPO,0.75,18.904583333333335,temperature
2018-08-27T00:00:00Z,PRPO,1,18.97375,temperature
2018-08-28T00:00:00Z,PRPO,0,16.612708333333334,temperature
2018-08-28T00:00:00Z,PRPO,0.25,16.575,temperature
2018-08-28T00:00:00Z,PRPO,0.5,16.542708333333334,temperature
2018-08-28T00:00:00Z,PRPO,0.75,16.53875,temperature
2018-08-28T00:00:00Z,PRPO,1,16.598125,temperature
2018-08-29T00:00:00Z,PRPO,0,16.635,temperature
2018-08-29T00:00:00Z,PRPO,0.25,16.577083333333334,temperature
2018-08-29T00:00:00Z,PRPO,0.5,16.490625,temperature
2018-08-29T00:00:00Z,PRPO,0.75,16.324375,temperature
2018-08-29T00:00:00Z,PRPO,1,16.391875,temperature
2018-08-30T00:00:00Z,PRPO,0,17.947916666666668,temperature
2018-08-30T00:00:00Z,PRPO,0.25,17.937291666666667,temperature
2018-08-30T00:00:00Z,PRPO,0.5,17.917083333333334,temperature
2018-08-30T00:00:00Z,PRPO,0.75,17.889583333333334,temperature
2018-08-30T00:00:00Z,PRPO,1,17.80645833333333,temperature
2018-08-31T00:00:00Z,PRPO,0,19.51625,temperature
2018-08-31T00:00:00Z,PRPO,0.25,19.480833333333333,temperature
2018-08-31T00:00:00Z,PRPO,0.5,19.34875,temperature
2018-08-31T00:00:00Z,PRPO,0.75,19.298125,temperature
2018-08-31T00:00:00Z,PRPO,1,19.215625,temperature
2018-09-01T00:00:00Z,PRPO,0,19.378333333333337,temperature
2018-09-01T00:00:00Z,PRPO,0.25,19.356458333333332,temperature
2018-09-01T00:00:00Z,PRPO,0.5,19.269375,temperature
2018-09-01T00:00:00Z,PRPO,0.75,19.172916666666666,temperature
2018-09-01T00:00:00Z,PRPO,1,19.115625,temperature
2018-09-02T00:00:00Z,PRPO,0,19.185833333333335,temperature
2018-09-02T00:00:00Z,PRPO,0.25,19.140208333333337,temperature
2018-09-02T00:00:00Z,PRPO,0.5,19.092291666666668,temperature
2018-09-02T00:00:00Z,PRPO,0.75,19.06854166666667,temperature
2018-09-02T00:00:00Z,PRPO,1,19.061666666666667,temperature
2018-09-03T00:00:00Z,PRPO,0,19.0125,temperature
2018-09-03T00:00:00Z,PRPO,0.25,18.968958333333333,temperature
2018-09-03T00:00:00Z,PRPO,0.5,18.891666666666666,temperature
2018-09-03T00:00:00Z,PRPO,0.75,18.813125,temperature
2018-09-03T00:00:00Z,PRPO,1,18.796875,temperature
2018-09-04T00:00:00Z,PRPO,0,19.859375,temperature
2018-09-04T00:00:00Z,PRPO,0.25,19.855625,temperature
2018-09-04T00:00:00Z,PRPO,0.5,19.84958333333333,temperature
2018-09-04T00:00:00Z,PRPO,0.75,19.845625,temperature
2018-09-04T00:00:00Z,PRPO,1,19.79375,temperature
2018-09-05T00:00:00Z,PRPO,0,18.635833333333338,temperature
2018-09-05T00:00:00Z,PRPO,0.25,18.540208333333332,temperature
2018-09-05T00:00:00Z,PRPO,0.5,18.46125,temperature
2018-09-05T00:00:00Z,PRPO,0.75,18.414583333333333,temperature
2018-09-05T00:00:00Z,PRPO,1,18.47125,temperature
2018-09-06T00:00:00Z,PRPO,0,18.46,temperature
2018-09-06T00:00:00Z,PRPO,0.25,18.36541666666667,temperature
2018-09-06T00:00:00Z,PRPO,0.5,18.218333333333337,temperature
2018-09-06T00:00:00Z,PRPO,0.75,18.097291666666667,temperature
2018-09-06T00:00:00Z,PRPO,1,18.10875,temperature
2018-09-07T00:00:00Z,PRPO,0,18.0375,temperature
2018-09-07T00:00:00Z,PRPO,0.25,18.022291666666668,temperature
2018-09-07T00:00:00Z,PRPO,0.5,17.997708333333332,temperature
2018-09-07T00:00:00Z,PRPO,0.75,17.981875,temperature
2018-09-07T00:00:00Z,PRPO,1,18.029791666666668,temperature
2018-09-08T00:00:00Z,PRPO,0,17.87625,temperature
2018-09-08T00:00:00Z,PRPO,0.25,17.875833333333333,temperature
2018-09-08T00:00:00Z,PRPO,0.5,17.871666666666666,temperature
2018-09-08T00:00:00Z,PRPO,0.75,17.868541666666665,temperature
2018-09-08T00:00:00Z,PRPO,1,17.863333333333333,temperature
2018-09-09T00:00:00Z,PRPO,0,17.254791666666666,temperature
2018-09-09T00:00:00Z,PRPO,0.25,17.250625,temperature
2018-09-09T00:00:00Z,PRPO,0.5,17.24375,temperature
2018-09-09T00:00:00Z,PRPO,0.75,17.238333333333333,temperature
2018-09-09T00:00:00Z,PRPO,1,17.230833333333333,temperature
2018-09-10T00:00:00Z,PRPO,0,18.122083333333332,temperature
2018-09-10T00:00:00Z,PRPO,0.25,18.013333333333332,temperature
2018-09-10T00:00:00Z,PRPO,0.5,17.7425,temperature
2018-09-10T00:00:00Z,PRPO,0.75,17.6875,temperature
2018-09-10T00:00:00Z,PRPO,1,17.675208333333334,temperature
2018-09-11T00:00:00Z,PRPO,0,19.205,temperature
2018-09-11T00:00:00Z,PRPO,0.25,18.99416666666667,temperature
2018-09-11T00:00:00Z,PRPO,0.5,18.78,temperature
2018-09-11T00:00:00Z,PRPO,0.75,18.563541666666666,temperature
2018-09-11T00:00:00Z,PRPO,1,18.34958333333333,temperature
2018-09-12T00:00:00Z,PRPO,0,18.545833333333334,temperature
2018-09-12T00:00:00Z,PRPO,0.25,18.545833333333334,temperature
2018-09-12T00:00:00Z,PRPO,0.5,18.542916666666667,temperature
2018-09-12T00:00:00Z,PRPO,0.75,18.541666666666668,temperature
2018-09-12T00:00:00Z,PRPO,1,18.546875,temperature
2018-09-13T00:00:00Z,PRPO,0,17.796458333333334,temperature
2018-09-13T00:00:00Z,PRPO,0.25,17.791666666666668,temperature
2018-09-13T00:00:00Z,PRPO,0.5,17.786666666666665,temperature
2018-09-13T00:00:00Z,PRPO,0.75,17.780416666666667,temperature
2018-09-13T00:00:00Z,PRPO,1,17.775625,temperature
2018-09-14T00:00:00Z,PRPO,0,17.505833333333335,temperature
2018-09-14T00:00:00Z,PRPO,0.25,17.503958333333333,temperature
2018-09-14T00:00:00Z,PRPO,0.5,17.49875,temperature
2018-09-14T00:00:00Z,PRPO,0.75,17.495208333333334,temperature
2018-09-14T00:00:00Z,PRPO,1,17.527083333333334,temperature
2018-09-15T00:00:00Z,PRPO,0,16.937291666666667,temperature
2018-09-15T00:00:00Z,PRPO,0.25,16.937708333333333,temperature
2018-09-15T00:00:00Z,PRPO,0.5,16.936666666666667,temperature
2018-09-15T00:00:00Z,PRPO,0.75,16.936666666666667,temperature
2018-09-15T00:00:00Z,PRPO,1,16.955000000000002,temperature
2018-09-16T00:00:00Z,PRPO,0,18.1575,temperature
2018-09-16T00:00:00Z,PRPO,0.25,18.156458333333333,temperature
2018-09-16T00:00:00Z,PRPO,0.5,18.153333333333332,temperature
2018-09-16T00:00:00Z,PRPO,0.75,18.149375,temperature
2018-09-16T00:00:00Z,PRPO,1,18.063958333333332,temperature
2018-09-17T00:00:00Z,PRPO,0,17.768958333333334,temperature
2018-09-17T00:00:00Z,PRPO,0.25,17.764583333333334,temperature
2018-09-17T00:00:00Z,PRPO,0.5,17.757916666666667,temperature
2018-09-17T00:00:00Z,PRPO,0.75,17.754166666666666,temperature
2018-09-17T00:00:00Z,PRPO,1,17.801458333333333,temperature
2018-09-18T00:00:00Z,PRPO,0,16.495625,temperature
2018-09-18T00:00:00Z,PRPO,0.25,16.475208333333335,temperature
2018-09-18T00:00:00Z,PRPO,0.5,16.449583333333333,temperature
2018-09-18T00:00:00Z,PRPO,0.75,16.437708333333333,temperature
2018-09-18T00:00:00Z,PRPO,1,16.469791666666666,temperature
2018-09-19T00:00:00Z,PRPO,0,15.925208333333334,temperature
2018-09-19T00:00:00Z,PRPO,0.25,15.916041666666668,temperature
2018-09-19T00:00:00Z,PRPO,0.5,15.905625,temperature
2018-09-19T00:00:00Z,PRPO,0.75,15.90125,temperature
2018-09-19T00:00:00Z,PRPO,1,15.99375,temperature
2018-09-20T00:00:00Z,PRPO,0,14.42,temperature
2018-09-20T00:00:00Z,PRPO,0.25,14.416666666666666,temperature
2018-09-20T00:00:00Z,PRPO,0.5,14.415,temperature
2018-09-20T00:00:00Z,PRPO,0.75,14.425416666666669,temperature
2018-09-20T00:00:00Z,PRPO,1,14.6025,temperature
2018-09-21T00:00:00Z,PRPO,0,11.613333333333332,temperature
2018-09-21T00:00:00Z,PRPO,0.25,11.610208333333333,temperature
2018-09-21T00:00:00Z,PRPO,0.5,11.608333333333333,temperature
2018-09-21T00:00:00Z,PRPO,0.75,11.611458333333331,temperature
2018-09-21T00:00:00Z,PRPO,1,11.746041666666668,temperature
2018-09-22T00:00:00Z,PRPO,0,11.832708333333333,temperature
2018-09-22T00:00:00Z,PRPO,0.25,11.809791666666667,temperature
2018-09-22T00:00:00Z,PRPO,0.5,11.782916666666669,temperature
2018-09-22T00:00:00Z,PRPO,0.75,11.771041666666669,temperature
2018-09-22T00:00:00Z,PRPO,1,11.93125,temperature
2018-09-23T00:00:00Z,PRPO,0,11.488333333333332,temperature
2018-09-23T00:00:00Z,PRPO,0.25,11.486458333333331,temperature
2018-09-23T00:00:00Z,PRPO,0.5,11.484791666666666,temperature
2018-09-23T00:00:00Z,PRPO,0.75,11.485,temperature
2018-09-23T00:00:00Z,PRPO,1,11.580833333333333,temperature
2018-09-24T00:00:00Z,PRPO,0,10.337083333333334,temperature
2018-09-24T00:00:00Z,PRPO,0.25,10.335833333333332,temperature
2018-09-24T00:00:00Z,PRPO,0.5,10.338125,temperature
2018-09-24T00:00:00Z,PRPO,0.75,10.341458333333334,temperature
2018-09-24T00:00:00Z,PRPO,1,10.519583333333332,temperature
2018-09-25T00:00:00Z,PRPO,0,10.16,temperature
2018-09-25T00:00:00Z,PRPO,0.25,10.155,temperature
2018-09-25T00:00:00Z,PRPO,0.5,10.15125,temperature
2018-09-25T00:00:00Z,PRPO,0.75,10.157083333333333,temperature
2018-09-25T00:00:00Z,PRPO,1,10.383333333333333,temperature
2018-09-26T00:00:00Z,PRPO,0,9.801458333333333,temperature
2018-09-26T00:00:00Z,PRPO,0.25,9.797291666666666,temperature
2018-09-26T00:00:00Z,PRPO,0.5,9.790208333333334,temperature
2018-09-26T00:00:00Z,PRPO,0.75,9.79375,temperature
2018-09-26T00:00:00Z,PRPO,1,10.075,temperature
2018-09-27T00:00:00Z,PRPO,0,9.849375,temperature
2018-09-27T00:00:00Z,PRPO,0.25,9.846666666666668,temperature
2018-09-27T00:00:00Z,PRPO,0.5,9.846041666666666,temperature
2018-09-27T00:00:00Z,PRPO,0.75,9.854375,temperature
2018-09-27T00:00:00Z,PRPO,1,10.035,temperature
2018-09-28T00:00:00Z,PRPO,0,9.064375,temperature
2018-09-28T00:00:00Z,PRPO,0.25,9.063541666666667,temperature
2018-09-28T00:00:00Z,PRPO,0.5,9.064166666666669,temperature
2018-09-28T00:00:00Z,PRPO,0.75,9.077916666666669,temperature
2018-09-28T00:00:00Z,PRPO,1,9.419375,temperature
2018-09-29T00:00:00Z,PRPO,0,8.143958333333334,temperature
2018-09-29T00:00:00Z,PRPO,0.25,8.142291666666667,temperature
2018-09-29T00:00:00Z,PRPO,0.5,8.142916666666666,temperature
2018-09-29T00:00:00Z,PRPO,0.75,8.177291666666667,temperature
2018-09-29T00:00:00Z,PRPO,1,8.519166666666667,temperature
2018-09-30T00:00:00Z,PRPO,0,7.551458333333334,temperature
2018-09-30T00:00:00Z,PRPO,0.25,7.550833333333333,temperature
2018-09-30T00:00:00Z,PRPO,0.5,7.552291666666667,temperature
2018-09-30T00:00:00Z,PRPO,0.75,7.5725,temperature
2018-09-30T00:00:00Z,PRPO,1,7.853333333333333,temperature
2018-10-01T00:00:00Z,PRPO,0,7.066458333333333,temperature
2018-10-01T00:00:00Z,PRPO,0.25,7.064583333333333,temperature
2018-10-01T00:00:00Z,PRPO,0.5,7.066666666666666,temperature
2018-10-01T00:00:00Z,PRPO,0.75,7.0754166666666665,temperature
2018-10-01T00:00:00Z,PRPO,1,7.27,temperature
2018-10-02T00:00:00Z,PRPO,0,7.798125,temperature
2018-10-02T00:00:00Z,PRPO,0.25,7.785833333333334,temperature
2018-10-02T00:00:00Z,PRPO,0.5,7.773125,temperature
2018-10-02T00:00:00Z,PRPO,0.75,7.766875,temperature
2018-10-02T00:00:00Z,PRPO,1,7.834166666666667,temperature
2018-10-03T00:00:00Z,PRPO,0,8.778541666666667,temperature
2018-10-03T00:00:00Z,PRPO,0.25,8.778125,temperature
2018-10-03T00:00:00Z,PRPO,0.5,8.778333333333332,temperature
2018-10-03T00:00:00Z,PRPO,0.75,8.779791666666666,temperature
2018-10-03T00:00:00Z,PRPO,1,8.815833333333334,temperature
2018-10-04T00:00:00Z,PRPO,0,6.727916666666666,temperature
2018-10-04T00:00:00Z,PRPO,0.25,6.72625,temperature
2018-10-04T00:00:00Z,PRPO,0.5,6.728125,temperature
2018-10-04T00:00:00Z,PRPO,0.75,6.74625,temperature
2018-10-04T00:00:00Z,PRPO,1,7.135625,temperature
2018-10-05T00:00:00Z,PRPO,0,4.932291666666667,temperature
2018-10-05T00:00:00Z,PRPO,0.25,4.933541666666667,temperature
2018-10-05T00:00:00Z,PRPO,0.5,4.937291666666667,temperature
2018-10-05T00:00:00Z,PRPO,0.75,4.949375,temperature
2018-10-05T00:00:00Z,PRPO,1,5.359583333333333,temperature
2018-10-06T00:00:00Z,PRPO,0,4.465416666666667,temperature
2018-10-06T00:00:00Z,PRPO,0.25,4.46625,temperature
2018-10-06T00:00:00Z,PRPO,0.5,4.468333333333334,temperature
2018-10-06T00:00:00Z,PRPO,0.75,4.476875,temperature
2018-10-06T00:00:00Z,PRPO,1,4.938125,temperature
2018-10-07T00:00:00Z,PRPO,0,4.204375,temperature
2018-10-07T00:00:00Z,PRPO,0.25,4.205625,temperature
2018-10-07T00:00:00Z,PRPO,0.5,4.209791666666667,temperature
2018-10-07T00:00:00Z,PRPO,0.75,4.218125,temperature
2018-10-07T00:00:00Z,PRPO,1,4.537708333333334,temperature
2019-05-30T00:00:00Z,PRPO,0,17.736153846153847,temperature
2019-05-30T00:00:00Z,PRPO,0.25,17.709230769230768,temperature
2019-05-30T00:00:00Z,PRPO,0.5,17.65692307692308,temperature
2019-05-30T00:00:00Z,PRPO,0.75,17.57,temperature
2019-05-30T00:00:00Z,PRPO,1,17.40153846153846,temperature
2019-05-31T00:00:00Z,PRPO,0,18.253541666666667,temperature
2019-05-31T00:00:00Z,PRPO,0.25,18.234166666666667,temperature
2019-05-31T00:00:00Z,PRPO,0.5,18.205208333333335,temperature
2019-05-31T00:00:00Z,PRPO,0.75,18.174791666666668,temperature
2019-05-31T00:00:00Z,PRPO,1,18.149166666666662,temperature
2019-06-01T00:00:00Z,PRPO,0,18.11125,temperature
2019-06-01T00:00:00Z,PRPO,0.25,18.058541666666667,temperature
2019-06-01T00:00:00Z,PRPO,0.5,17.998541666666668,temperature
2019-06-01T00:00:00Z,PRPO,0.75,17.937916666666666,temperature
2019-06-01T00:00:00Z,PRPO,1,17.845833333333335,temperature
2019-06-02T00:00:00Z,PRPO,0,18.310208333333332,temperature
2019-06-02T00:00:00Z,PRPO,0.25,18.28625,temperature
2019-06-02T00:00:00Z,PRPO,0.5,18.25958333333333,temperature
2019-06-02T00:00:00Z,PRPO,0.75,18.198333333333338,temperature
2019-06-02T00:00:00Z,PRPO,1,18.104375,temperature
2019-06-03T00:00:00Z,PRPO,0,18.548541666666665,temperature
2019-06-03T00:00:00Z,PRPO,0.25,18.540208333333332,temperature
2019-06-03T00:00:00Z,PRPO,0.5,18.527916666666663,temperature
2019-06-03T00:00:00Z,PRPO,0.75,18.515208333333337,temperature
2019-06-03T00:00:00Z,PRPO,1,18.502083333333335,temperature
2019-06-04T00:00:00Z,PRPO,0,20.566458333333333,temperature
2019-06-04T00:00:00Z,PRPO,0.25,20.558333333333337,temperature
2019-06-04T00:00:00Z,PRPO,0.5,20.545416666666668,temperature
2019-06-04T00:00:00Z,PRPO,0.75,20.526875,temperature
2019-06-04T00:00:00Z,PRPO,1,20.51,temperature
2019-06-05T00:00:00Z,PRPO,0,22.022708333333338,temperature
2019-06-05T00:00:00Z,PRPO,0.25,21.89,temperature
2019-06-05T00:00:00Z,PRPO,0.5,21.70375,temperature
2019-06-05T00:00:00Z,PRPO,0.75,21.46270833333333,temperature
2019-06-05T00:00:00Z,PRPO,1,21.241875,temperature
2019-06-06T00:00:00Z,PRPO,0,22.796875,temperature
2019-06-06T00:00:00Z,PRPO,0.25,22.604791666666667,temperature
2019-06-06T00:00:00Z,PRPO,0.5,22.204166666666666,temperature
2019-06-06T00:00:00Z,PRPO,0.75,21.695833333333333,temperature
2019-06-06T00:00:00Z,PRPO,1,21.315208333333334,temperature
2019-06-07T00:00:00Z,PRPO,0,23.190416666666668,temperature
2019-06-07T00:00:00Z,PRPO,0.25,23.086041666666667,temperature
2019-06-07T00:00:00Z,PRPO,0.5,22.822291666666665,temperature
2019-06-07T00:00:00Z,PRPO,0.75,22.55291666666667,temperature
2019-06-07T00:00:00Z,PRPO,1,22.262916666666666,temperature
2019-06-08T00:00:00Z,PRPO,0,22.374583333333337,temperature
2019-06-08T00:00:00Z,PRPO,0.25,22.377083333333335,temperature
2019-06-08T00:00:00Z,PRPO,0.5,22.378958333333333,temperature
2019-06-08T00:00:00Z,PRPO,0.75,22.378125,temperature
2019-06-08T00:00:00Z,PRPO,1,22.375416666666663,temperature
2019-06-09T00:00:00Z,PRPO,0,18.913541666666667,temperature
2019-06-09T00:00:00Z,PRPO,0.25,18.912708333333335,temperature
2019-06-09T00:00:00Z,PRPO,0.5,18.91125,temperature
2019-06-09T00:00:00Z,PRPO,0.75,18.906875,temperature
2019-06-09T00:00:00Z,PRPO,1,18.903541666666666,temperature
2019-06-10T00:00:00Z,PRPO,0,17.774375,temperature
2019-06-10T00:00:00Z,PRPO,0.25,17.762916666666666,temperature
2019-06-10T00:00:00Z,PRPO,0.5,17.752291666666668,temperature
2019-06-10T00:00:00Z,PRPO,0.75,17.738958333333333,temperature
2019-06-10T00:00:00Z,PRPO,1,17.73,temperature
2019-06-11T00:00:00Z,PRPO,0,18.351041666666667,temperature
2019-06-11T00:00:00Z,PRPO,0.25,18.339791666666667,temperature
2019-06-11T00:00:00Z,PRPO,0.5,18.32125,temperature
2019-06-11T00:00:00Z,PRPO,0.75,18.291875,temperature
2019-06-11T00:00:00Z,PRPO,1,18.270833333333332,temperature
2019-06-12T00:00:00Z,PRPO,0,18.50272727272727,temperature
2019-06-12T00:00:00Z,PRPO,0.25,18.363863636363636,temperature
2019-06-12T00:00:00Z,PRPO,0.5,18.277272727272727,temperature
2019-06-12T00:00:00Z,PRPO,0.75,18.19022727272727,temperature
2019-06-12T00:00:00Z,PRPO,1,18.117954545454545,temperature
2019-06-13T00:00:00Z,PRPO,0,19.265625,temperature
2019-06-13T00:00:00Z,PRPO,0.25,19.2,temperature
2019-06-13T00:00:00Z,PRPO,0.5,19.060625,temperature
2019-06-13T00:00:00Z,PRPO,0.75,18.8675,temperature
2019-06-13T00:00:00Z,PRPO,1,18.699166666666667,temperature
2019-06-14T00:00:00Z,PRPO,0,19.99,temperature
2019-06-14T00:00:00Z,PRPO,0.25,19.905416666666667,temperature
2019-06-14T00:00:00Z,PRPO,0.5,19.830416666666668,temperature
2019-06-14T00:00:00Z,PRPO,0.75,19.744166666666665,temperature
2019-06-14T00:00:00Z,PRPO,1,19.656041666666667,temperature
2019-06-15T00:00:00Z,PRPO,0,20.962708333333335,temperature
2019-06-15T00:00:00Z,PRPO,0.25,20.886458333333337,temperature
2019-06-15T00:00:00Z,PRPO,0.5,20.619791666666668,temperature
2019-06-15T00:00:00Z,PRPO,0.75,20.44729166666667,temperature
2019-06-15T00:00:00Z,PRPO,1,20.2675,temperature
2019-06-16T00:00:00Z,PRPO,0,19.902083333333337,temperature
2019-06-16T00:00:00Z,PRPO,0.25,19.90125,temperature
2019-06-16T00:00:00Z,PRPO,0.5,19.895833333333332,temperature
2019-06-16T00:00:00Z,PRPO,0.75,19.883541666666662,temperature
2019-06-16T00:00:00Z,PRPO,1,19.87125,temperature
2019-06-17T00:00:00Z,PRPO,0,18.483958333333337,temperature
2019-06-17T00:00:00Z,PRPO,0.25,18.48125,temperature
2019-06-17T00:00:00Z,PRPO,0.5,18.477083333333333,temperature
2019-06-17T00:00:00Z,PRPO,0.75,18.470416666666665,temperature
2019-06-17T00:00:00Z,PRPO,1,18.466458333333332,temperature
2019-06-18T00:00:00Z,PRPO,0,18.785625,temperature
2019-06-18T00:00:00Z,PRPO,0.25,18.766875,temperature
2019-06-18T00:00:00Z,PRPO,0.5,18.738958333333333,temperature
2019-06-18T00:00:00Z,PRPO,0.75,18.703125,temperature
2019-06-18T00:00:00Z,PRPO,1,18.655416666666667,temperature
2019-06-19T00:00:00Z,PRPO,0,19.533125,temperature
2019-06-19T00:00:00Z,PRPO,0.25,19.510625,temperature
2019-06-19T00:00:00Z,PRPO,0.5,19.460416666666667,temperature
2019-06-19T00:00:00Z,PRPO,0.75,19.366041666666668,temperature
2019-06-19T00:00:00Z,PRPO,1,19.254583333333333,temperature
2019-06-20T00:00:00Z,PRPO,0,18.086458333333333,temperature
2019-06-20T00:00:00Z,PRPO,0.25,18.078958333333333,temperature
2019-06-20T00:00:00Z,PRPO,0.5,18.067916666666665,temperature
2019-06-20T00:00:00Z,PRPO,0.75,18.058541666666667,temperature
2019-06-20T00:00:00Z,PRPO,1,18.050625,temperature
2019-06-21T00:00:00Z,PRPO,0,17.764791666666667,temperature
2019-06-21T00:00:00Z,PRPO,0.25,17.764166666666668,temperature
2019-06-21T00:00:00Z,PRPO,0.5,17.762291666666666,temperature
2019-06-21T00:00:00Z,PRPO,0.75,17.759583333333335,temperature
2019-06-21T00:00:00Z,PRPO,1,17.75625,temperature
2019-06-22T00:00:00Z,PRPO,0,17.039166666666667,temperature
2019-06-22T00:00:00Z,PRPO,0.25,17.03625,temperature
2019-06-22T00:00:00Z,PRPO,0.5,17.032916666666665,temperature
2019-06-22T00:00:00Z,PRPO,0.75,17.029166666666665,temperature
2019-06-22T00:00:00Z,PRPO,1,17.026041666666668,temperature
2019-06-23T00:00:00Z,PRPO,0,17.924166666666668,temperature
2019-06-23T00:00:00Z,PRPO,0.25,17.903958333333332,temperature
2019-06-23T00:00:00Z,PRPO,0.5,17.880625,temperature
2019-06-23T00:00:00Z,PRPO,0.75,17.846666666666668,temperature
2019-06-23T00:00:00Z,PRPO,1,17.784791666666667,temperature
2019-06-24T00:00:00Z,PRPO,0,19.436666666666667,temperature
2019-06-24T00:00:00Z,PRPO,0.25,19.365416666666665,temperature
2019-06-24T00:00:00Z,PRPO,0.5,19.284375,temperature
2019-06-24T00:00:00Z,PRPO,0.75,19.18875,temperature
2019-06-24T00:00:00Z,PRPO,1,19.025,temperature
2019-06-25T00:00:00Z,PRPO,0,19.747291666666666,temperature
2019-06-25T00:00:00Z,PRPO,0.25,19.735833333333332,temperature
2019-06-25T00:00:00Z,PRPO,0.5,19.723958333333332,temperature
2019-06-25T00:00:00Z,PRPO,0.75,19.703333333333333,temperature
2019-06-25T00:00:00Z,PRPO,1,19.6775,temperature
2019-06-26T00:00:00Z,PRPO,0,21.042291666666667,temperature
2019-06-26T00:00:00Z,PRPO,0.25,20.887708333333332,temperature
2019-06-26T00:00:00Z,PRPO,0.5,20.78875,temperature
2019-06-26T00:00:00Z,PRPO,0.75,20.68,temperature
2019-06-26T00:00:00Z,PRPO,1,20.594166666666663,temperature
2019-06-27T00:00:00Z,PRPO,0,22.793958333333332,temperature
2019-06-27T00:00:00Z,PRPO,0.25,22.489583333333332,temperature
2019-06-27T00:00:00Z,PRPO,0.5,22.162083333333335,temperature
2019-06-27T00:00:00Z,PRPO,0.75,21.806875,temperature
2019-06-27T00:00:00Z,PRPO,1,21.479791666666667,temperature
2019-06-28T00:00:00Z,PRPO,0,22.775416666666665,temperature
2019-06-28T00:00:00Z,PRPO,0.25,22.75625,temperature
2019-06-28T00:00:00Z,PRPO,0.5,22.688333333333333,temperature
2019-06-28T00:00:00Z,PRPO,0.75,22.608125,temperature
2019-06-28T00:00:00Z,PRPO,1,22.529375,temperature
2019-06-29T00:00:00Z,PRPO,0,22.763541666666665,temperature
2019-06-29T00:00:00Z,PRPO,0.25,22.75958333333333,temperature
2019-06-29T00:00:00Z,PRPO,0.5,22.753125,temperature
2019-06-29T00:00:00Z,PRPO,0.75,22.739166666666662,temperature
2019-06-29T00:00:00Z,PRPO,1,22.723333333333333,temperature
2019-06-30T00:00:00Z,PRPO,0,23.441875,temperature
2019-06-30T00:00:00Z,PRPO,0.25,23.407291666666666,temperature
2019-06-30T00:00:00Z,PRPO,0.5,23.362708333333337,temperature
2019-06-30T00:00:00Z,PRPO,0.75,23.292708333333337,temperature
2019-06-30T00:00:00Z,PRPO,1,23.237291666666668,temperature
2019-07-01T00:00:00Z,PRPO,0,23.668958333333332,temperature
2019-07-01T00:00:00Z,PRPO,0.25,23.518333333333334,temperature
2019-07-01T00:00:00Z,PRPO,0.5,23.300625,temperature
2019-07-01T00:00:00Z,PRPO,0.75,23.155,temperature
2019-07-01T00:00:00Z,PRPO,1,23.058125,temperature
2019-07-02T00:00:00Z,PRPO,0,24.716041666666666,temperature
2019-07-02T00:00:00Z,PRPO,0.25,24.5275,temperature
2019-07-02T00:00:00Z,PRPO,0.5,24.295208333333335,temperature
2019-07-02T00:00:00Z,PRPO,0.75,23.857916666666668,temperature
2019-07-02T00:00:00Z,PRPO,1,23.550625,temperature
2019-07-03T00:00:00Z,PRPO,0,24.897083333333335,temperature
2019-07-03T00:00:00Z,PRPO,0.25,24.8375,temperature
2019-07-03T00:00:00Z,PRPO,0.5,24.730208333333337,temperature
2019-07-03T00:00:00Z,PRPO,0.75,24.555833333333332,temperature
2019-07-03T00:00:00Z,PRPO,1,24.449791666666663,temperature
2019-07-04T00:00:00Z,PRPO,0,24.141875,temperature
2019-07-04T00:00:00Z,PRPO,0.25,24.132708333333333,temperature
2019-07-04T00:00:00Z,PRPO,0.5,24.114583333333332,temperature
2019-07-04T00:00:00Z,PRPO,0.75,24.06375,temperature
2019-07-04T00:00:00Z,PRPO,1,23.99041666666667,temperature
2019-07-05T00:00:00Z,PRPO,0,23.691458333333333,temperature
2019-07-05T00:00:00Z,PRPO,0.25,23.687083333333337,temperature
2019-07-05T00:00:00Z,PRPO,0.5,23.675208333333337,temperature
2019-07-05T00:00:00Z,PRPO,0.75,23.63854166666667,temperature
2019-07-05T00:00:00Z,PRPO,1,23.563333333333333,temperature
2019-07-06T00:00:00Z,PRPO,0,23.66,temperature
2019-07-06T00:00:00Z,PRPO,0.25,23.426382978723403,temperature
2019-07-06T00:00:00Z,PRPO,0.5,23.225208333333335,temperature
2019-07-06T00:00:00Z,PRPO,0.75,23.101875,temperature
2019-07-06T00:00:00Z,PRPO,1,23.028333333333332,temperature
2019-07-07T00:00:00Z,PRPO,0,24.496875,temperature
2019-07-07T00:00:00Z,PRPO,0.25,24.380208333333332,temperature
2019-07-07T00:00:00Z,PRPO,0.5,24.065,temperature
2019-07-07T00:00:00Z,PRPO,0.75,23.825208333333332,temperature
2019-07-07T00:00:00Z,PRPO,1,23.595625,temperature
2019-07-08T00:00:00Z,PRPO,0,24.830625,temperature
2019-07-08T00:00:00Z,PRPO,0.25,24.824583333333333,temperature
2019-07-08T00:00:00Z,PRPO,0.5,24.805625,temperature
2019-07-08T00:00:00Z,PRPO,0.75,24.776458333333338,temperature
2019-07-08T00:00:00Z,PRPO,1,24.74395833333333,temperature
2019-07-09T00:00:00Z,PRPO,0,24.079166666666666,temperature
2019-07-09T00:00:00Z,PRPO,0.25,24.076875,temperature
2019-07-09T00:00:00Z,PRPO,0.5,24.073541666666667,temperature
2019-07-09T00:00:00Z,PRPO,0.75,24.069583333333338,temperature
2019-07-09T00:00:00Z,PRPO,1,24.065208333333334,temperature
2019-07-10T00:00:00Z,PRPO,0,22.581041666666668,temperature
2019-07-10T00:00:00Z,PRPO,0.25,22.578958333333333,temperature
2019-07-10T00:00:00Z,PRPO,0.5,22.573958333333337,temperature
2019-07-10T00:00:00Z,PRPO,0.75,22.56875,temperature
2019-07-10T00:00:00Z,PRPO,1,22.564166666666665,temperature
2019-07-11T00:00:00Z,PRPO,0,23.122291666666666,temperature
2019-07-11T00:00:00Z,PRPO,0.25,23.119375,temperature
2019-07-11T00:00:00Z,PRPO,0.5,23.112708333333337,temperature
2019-07-11T00:00:00Z,PRPO,0.75,23.106458333333332,temperature
2019-07-11T00:00:00Z,PRPO,1,23.101458333333333,temperature
2019-07-12T00:00:00Z,PRPO,0,24.596875,temperature
2019-07-12T00:00:00Z,PRPO,0.25,24.54875,temperature
2019-07-12T00:00:00Z,PRPO,0.5,24.461666666666662,temperature
2019-07-12T00:00:00Z,PRPO,0.75,24.324791666666663,temperature
2019-07-12T00:00:00Z,PRPO,1,24.186875,temperature
2019-07-13T00:00:00Z,PRPO,0,25.770208333333333,temperature
2019-07-13T00:00:00Z,PRPO,0.25,25.747291666666666,temperature
2019-07-13T00:00:00Z,PRPO,0.5,25.673958333333335,temperature
2019-07-13T00:00:00Z,PRPO,0.75,25.485833333333332,temperature
2019-07-13T00:00:00Z,PRPO,1,25.293541666666663,temperature
2019-07-14T00:00:00Z,PRPO,0,26.738125,temperature
2019-07-14T00:00:00Z,PRPO,0.25,26.706875,temperature
2019-07-14T00:00:00Z,PRPO,0.5,26.664166666666667,temperature
2019-07-14T00:00:00Z,PRPO,0.75,26.6125,temperature
2019-07-14T00:00:00Z,PRPO,1,26.47375,temperature
2019-07-15T00:00:00Z,PRPO,0,27.417916666666667,temperature
2019-07-15T00:00:00Z,PRPO,0.25,27.396041666666665,temperature
2019-07-15T00:00:00Z,PRPO,0.5,27.367916666666662,temperature
2019-07-15T00:00:00Z,PRPO,0.75,27.328958333333333,temperature
2019-07-15T00:00:00Z,PRPO,1,27.19,temperature
2019-07-16T00:00:00Z,PRPO,0,27.110625,temperature
2019-07-16T00:00:00Z,PRPO,0.25,26.947291666666665,temperature
2019-07-16T00:00:00Z,PRPO,0.5,26.795,temperature
2019-07-16T00:00:00Z,PRPO,0.75,26.69125,temperature
2019-07-16T00:00:00Z,PRPO,1,26.633541666666662,temperature
2019-07-17T00:00:00Z,PRPO,0,25.851458333333333,temperature
2019-07-17T00:00:00Z,PRPO,0.25,25.844791666666666,temperature
2019-07-17T00:00:00Z,PRPO,0.5,25.823541666666667,temperature
2019-07-17T00:00:00Z,PRPO,0.75,25.780208333333334,temperature
2019-07-17T00:00:00Z,PRPO,1,25.734166666666667,temperature
2019-07-18T00:00:00Z,PRPO,0,25.514375,temperature
2019-07-18T00:00:00Z,PRPO,0.25,25.50625,temperature
2019-07-18T00:00:00Z,PRPO,0.5,25.49375,temperature
2019-07-18T00:00:00Z,PRPO,0.75,25.477708333333332,temperature
2019-07-18T00:00:00Z,PRPO,1,25.465625,temperature
2019-07-19T00:00:00Z,PRPO,0,25.242291666666667,temperature
2019-07-19T00:00:00Z,PRPO,0.25,25.23229166666667,temperature
2019-07-19T00:00:00Z,PRPO,0.5,25.219583333333333,temperature
2019-07-19T00:00:00Z,PRPO,0.75,25.20625,temperature
2019-07-19T00:00:00Z,PRPO,1,25.186041666666668,temperature
2019-07-20T00:00:00Z,PRPO,0,24.98625,temperature
2019-07-20T00:00:00Z,PRPO,0.25,24.983333333333334,temperature
2019-07-20T00:00:00Z,PRPO,0.5,24.977083333333333,temperature
2019-07-20T00:00:00Z,PRPO,0.75,24.968958333333333,temperature
2019-07-20T00:00:00Z,PRPO,1,24.957291666666663,temperature
2019-07-21T00:00:00Z,PRPO,0,24.424375,temperature
2019-07-21T00:00:00Z,PRPO,0.25,24.409583333333337,temperature
2019-07-21T00:00:00Z,PRPO,0.5,24.39,temperature
2019-07-21T00:00:00Z,PRPO,0.75,24.351875,temperature
2019-07-21T00:00:00Z,PRPO,1,24.327708333333337,temperature
2019-07-22T00:00:00Z,PRPO,0,23.733541666666667,temperature
2019-07-22T00:00:00Z,PRPO,0.25,23.560625,temperature
2019-07-22T00:00:00Z,PRPO,0.5,23.40875,temperature
2019-07-22T00:00:00Z,PRPO,0.75,23.344583333333333,temperature
2019-07-22T00:00:00Z,PRPO,1,23.301666666666662,temperature
2019-07-23T00:00:00Z,PRPO,0,24.594166666666663,temperature
2019-07-23T00:00:00Z,PRPO,0.25,24.520416666666662,temperature
2019-07-23T00:00:00Z,PRPO,0.5,24.324583333333333,temperature
2019-07-23T00:00:00Z,PRPO,0.75,24.080833333333334,temperature
2019-07-23T00:00:00Z,PRPO,1,23.897083333333335,temperature
2019-07-24T00:00:00Z,PRPO,0,24.39,temperature
2019-07-24T00:00:00Z,PRPO,0.25,24.386041666666667,temperature
2019-07-24T00:00:00Z,PRPO,0.5,24.374791666666667,temperature
2019-07-24T00:00:00Z,PRPO,0.75,24.350833333333338,temperature
2019-07-24T00:00:00Z,PRPO,1,24.298958333333335,temperature
2019-07-25T00:00:00Z,PRPO,0,24.095208333333332,temperature
2019-07-25T00:00:00Z,PRPO,0.25,24.089791666666667,temperature
2019-07-25T00:00:00Z,PRPO,0.5,24.080625,temperature
2019-07-25T00:00:00Z,PRPO,0.75,24.069791666666667,temperature
2019-07-25T00:00:00Z,PRPO,1,24.057291666666668,temperature
2019-07-26T00:00:00Z,PRPO,0,24.341875,temperature
2019-07-26T00:00:00Z,PRPO,0.25,24.331458333333337,temperature
2019-07-26T00:00:00Z,PRPO,0.5,24.31854166666667,temperature
2019-07-26T00:00:00Z,PRPO,0.75,24.307916666666667,temperature
2019-07-26T00:00:00Z,PRPO,1,24.299583333333334,temperature
2019-07-27T00:00:00Z,PRPO,0,24.178125,temperature
2019-07-27T00:00:00Z,PRPO,0.25,24.117291666666667,temperature
2019-07-27T00:00:00Z,PRPO,0.5,23.959375,temperature
2019-07-27T00:00:00Z,PRPO,0.75,23.834791666666668,temperature
2019-07-27T00:00:00Z,PRPO,1,23.75125,temperature
2019-07-28T00:00:00Z,PRPO,0,24.795416666666668,temperature
2019-07-28T00:00:00Z,PRPO,0.25,24.757708333333333,temperature
2019-07-28T00:00:00Z,PRPO,0.5,24.515833333333333,temperature
2019-07-28T00:00:00Z,PRPO,0.75,24.250625,temperature
2019-07-28T00:00:00Z,PRPO,1,24.136041666666667,temperature
2019-07-29T00:00:00Z,PRPO,0,23.091875,temperature
2019-07-29T00:00:00Z,PRPO,0.25,23.085416666666667,temperature
2019-07-29T00:00:00Z,PRPO,0.5,23.07375,temperature
2019-07-29T00:00:00Z,PRPO,0.75,23.059166666666663,temperature
2019-07-29T00:00:00Z,PRPO,1,23.044583333333332,temperature
2019-07-30T00:00:00Z,PRPO,0,22.73875,temperature
2019-07-30T00:00:00Z,PRPO,0.25,22.725416666666668,temperature
2019-07-30T00:00:00Z,PRPO,0.5,22.702291666666667,temperature
2019-07-30T00:00:00Z,PRPO,0.75,22.67625,temperature
2019-07-30T00:00:00Z,PRPO,1,22.648125,temperature
2019-07-31T00:00:00Z,PRPO,0,22.943958333333335,temperature
2019-07-31T00:00:00Z,PRPO,0.25,22.936458333333334,temperature
2019-07-31T00:00:00Z,PRPO,0.5,22.915833333333335,temperature
2019-07-31T00:00:00Z,PRPO,0.75,22.89625,temperature
2019-07-31T00:00:00Z,PRPO,1,22.877916666666668,temperature
2019-08-01T00:00:00Z,PRPO,0,24.20916666666667,temperature
2019-08-01T00:00:00Z,PRPO,0.25,24.189791666666668,temperature
2019-08-01T00:00:00Z,PRPO,0.5,24.16,temperature
2019-08-01T00:00:00Z,PRPO,0.75,24.109583333333333,temperature
2019-08-01T00:00:00Z,PRPO,1,24.0675,temperature
2019-08-02T00:00:00Z,PRPO,0,24.797916666666666,temperature
2019-08-02T00:00:00Z,PRPO,0.25,24.774166666666662,temperature
2019-08-02T00:00:00Z,PRPO,0.5,24.737083333333334,temperature
2019-08-02T00:00:00Z,PRPO,0.75,24.677083333333332,temperature
2019-08-02T00:00:00Z,PRPO,1,24.594166666666663,temperature
2019-08-03T00:00:00Z,PRPO,0,25.509791666666665,temperature
2019-08-03T00:00:00Z,PRPO,0.25,25.484583333333333,temperature
2019-08-03T00:00:00Z,PRPO,0.5,25.452083333333334,temperature
2019-08-03T00:00:00Z,PRPO,0.75,25.37625,temperature
2019-08-03T00:00:00Z,PRPO,1,25.239583333333332,temperature
2019-08-04T00:00:00Z,PRPO,0,25.066875,temperature
2019-08-04T00:00:00Z,PRPO,0.25,25.044166666666666,temperature
2019-08-04T00:00:00Z,PRPO,0.5,25.024375,temperature
2019-08-04T00:00:00Z,PRPO,0.75,24.995625,temperature
2019-08-04T00:00:00Z,PRPO,1,24.950625,temperature
2019-08-05T00:00:00Z,PRPO,0,25.0025,temperature
2019-08-05T00:00:00Z,PRPO,0.25,24.9975,temperature
2019-08-05T00:00:00Z,PRPO,0.5,24.985416666666666,temperature
2019-08-05T00:00:00Z,PRPO,0.75,24.960416666666667,temperature
2019-08-05T00:00:00Z,PRPO,1,24.904166666666665,temperature
2019-08-06T00:00:00Z,PRPO,0,24.690625,temperature
2019-08-06T00:00:00Z,PRPO,0.25,24.647916666666667,temperature
2019-08-06T00:00:00Z,PRPO,0.5,24.60875,temperature
2019-08-06T00:00:00Z,PRPO,0.75,24.560208333333332,temperature
2019-08-06T00:00:00Z,PRPO,1,24.524166666666662,temperature
2019-08-07T00:00:00Z,PRPO,0,23.95125,temperature
2019-08-07T00:00:00Z,PRPO,0.25,23.948333333333338,temperature
2019-08-07T00:00:00Z,PRPO,0.5,23.938125,temperature
2019-08-07T00:00:00Z,PRPO,0.75,23.924583333333334,temperature
2019-08-07T00:00:00Z,PRPO,1,23.916458333333335,temperature
2019-08-08T00:00:00Z,PRPO,0,22.391875,temperature
2019-08-08T00:00:00Z,PRPO,0.25,22.38083333333333,temperature
2019-08-08T00:00:00Z,PRPO,0.5,22.367708333333333,temperature
2019-08-08T00:00:00Z,PRPO,0.75,22.341875,temperature
2019-08-08T00:00:00Z,PRPO,1,22.279583333333335,temperature
2019-08-09T00:00:00Z,PRPO,0,22.250208333333333,temperature
2019-08-09T00:00:00Z,PRPO,0.25,22.237083333333334,temperature
2019-08-09T00:00:00Z,PRPO,0.5,22.227083333333333,temperature
2019-08-09T00:00:00Z,PRPO,0.75,22.202291666666667,temperature
2019-08-09T00:00:00Z,PRPO,1,22.130208333333332,temperature
2019-08-10T00:00:00Z,PRPO,0,22.153958333333332,temperature
2019-08-10T00:00:00Z,PRPO,0.25,22.138125,temperature
2019-08-10T00:00:00Z,PRPO,0.5,22.12125,temperature
2019-08-10T00:00:00Z,PRPO,0.75,22.097916666666663,temperature
2019-08-10T00:00:00Z,PRPO,1,22.062916666666663,temperature
2019-08-11T00:00:00Z,PRPO,0,22.151041666666668,temperature
2019-08-11T00:00:00Z,PRPO,0.25,22.142291666666665,temperature
2019-08-11T00:00:00Z,PRPO,0.5,22.113125,temperature
2019-08-11T00:00:00Z,PRPO,0.75,22.034375,temperature
2019-08-11T00:00:00Z,PRPO,1,21.93375,temperature
2019-08-12T00:00:00Z,PRPO,0,21.02,temperature
2019-08-12T00:00:00Z,PRPO,0.25,20.994791666666668,temperature
2019-08-12T00:00:00Z,PRPO,0.5,20.976041666666667,temperature
2019-08-12T00:00:00Z,PRPO,0.75,20.965208333333333,temperature
2019-08-12T00:00:00Z,PRPO,1,20.957291666666663,temperature
2019-08-13T00:00:00Z,PRPO,0,19.920833333333334,temperature
2019-08-13T00:00:00Z,PRPO,0.25,19.922083333333333,temperature
2019-08-13T00:00:00Z,PRPO,0.5,19.920833333333334,temperature
2019-08-13T00:00:00Z,PRPO,0.75,19.9175,temperature
2019-08-13T00:00:00Z,PRPO,1,19.913125,temperature
2019-08-14T00:00:00Z,PRPO,0,19.27,temperature
2019-08-14T00:00:00Z,PRPO,0.25,19.226875,temperature
2019-08-14T00:00:00Z,PRPO,0.5,19.194583333333338,temperature
2019-08-14T00:00:00Z,PRPO,0.75,19.145625,temperature
2019-08-14T00:00:00Z,PRPO,1,19.009375,temperature
2019-08-15T00:00:00Z,PRPO,0,19.63083333333333,temperature
2019-08-15T00:00:00Z,PRPO,0.25,19.571875,temperature
2019-08-15T00:00:00Z,PRPO,0.5,19.49625,temperature
2019-08-15T00:00:00Z,PRPO,0.75,19.38458333333333,temperature
2019-08-15T00:00:00Z,PRPO,1,19.248541666666668,temperature
2019-08-16T00:00:00Z,PRPO,0,19.448125,temperature
2019-08-16T00:00:00Z,PRPO,0.25,19.434583333333332,temperature
2019-08-16T00:00:00Z,PRPO,0.5,19.405,temperature
2019-08-16T00:00:00Z,PRPO,0.75,19.372083333333332,temperature
2019-08-16T00:00:00Z,PRPO,1,19.319583333333338,temperature
2019-08-17T00:00:00Z,PRPO,0,20.480833333333333,temperature
2019-08-17T00:00:00Z,PRPO,0.25,20.474375,temperature
2019-08-17T00:00:00Z,PRPO,0.5,20.457291666666663,temperature
2019-08-17T00:00:00Z,PRPO,0.75,20.430833333333332,temperature
2019-08-17T00:00:00Z,PRPO,1,20.397916666666667,temperature
2019-08-18T00:00:00Z,PRPO,0,19.486875,temperature
2019-08-18T00:00:00Z,PRPO,0.25,19.481875,temperature
2019-08-18T00:00:00Z,PRPO,0.5,19.471875,temperature
2019-08-18T00:00:00Z,PRPO,0.75,19.456666666666667,temperature
2019-08-18T00:00:00Z,PRPO,1,19.44354166666667,temperature
2019-08-19T00:00:00Z,PRPO,0,19.778541666666666,temperature
2019-08-19T00:00:00Z,PRPO,0.25,19.708125,temperature
2019-08-19T00:00:00Z,PRPO,0.5,19.652083333333337,temperature
2019-08-19T00:00:00Z,PRPO,0.75,19.591041666666666,temperature
2019-08-19T00:00:00Z,PRPO,1,19.382708333333333,temperature
2019-08-20T00:00:00Z,PRPO,0,21.499791666666667,temperature
2019-08-20T00:00:00Z,PRPO,0.25,21.428333333333335,temperature
2019-08-20T00:00:00Z,PRPO,0.5,21.179375,temperature
2019-08-20T00:00:00Z,PRPO,0.75,20.929583333333333,temperature
2019-08-20T00:00:00Z,PRPO,1,20.719166666666663,temperature
2019-08-21T00:00:00Z,PRPO,0,21.143333333333334,temperature
2019-08-21T00:00:00Z,PRPO,0.25,21.086458333333333,temperature
2019-08-21T00:00:00Z,PRPO,0.5,21.016458333333333,temperature
2019-08-21T00:00:00Z,PRPO,0.75,20.94875,temperature
2019-08-21T00:00:00Z,PRPO,1,20.901041666666668,temperature
2019-08-22T00:00:00Z,PRPO,0,21.365,temperature
2019-08-22T00:00:00Z,PRPO,0.25,21.343541666666667,temperature
2019-08-22T00:00:00Z,PRPO,0.5,21.300416666666667,temperature
2019-08-22T00:00:00Z,PRPO,0.75,21.255,temperature
2019-08-22T00:00:00Z,PRPO,1,21.200833333333332,temperature
2019-08-23T00:00:00Z,PRPO,0,21.008125,temperature
2019-08-23T00:00:00Z,PRPO,0.25,21.00375,temperature
2019-08-23T00:00:00Z,PRPO,0.5,20.995208333333338,temperature
2019-08-23T00:00:00Z,PRPO,0.75,20.98375,temperature
2019-08-23T00:00:00Z,PRPO,1,20.968541666666667,temperature
2019-08-24T00:00:00Z,PRPO,0,20.783958333333334,temperature
2019-08-24T00:00:00Z,PRPO,0.25,20.7825,temperature
2019-08-24T00:00:00Z,PRPO,0.5,20.780625,temperature
2019-08-24T00:00:00Z,PRPO,0.75,20.777291666666667,temperature
2019-08-24T00:00:00Z,PRPO,1,20.772708333333338,temperature
2019-08-25T00:00:00Z,PRPO,0,20.462083333333332,temperature
2019-08-25T00:00:00Z,PRPO,0.25,20.462291666666665,temperature
2019-08-25T00:00:00Z,PRPO,0.5,20.4625,temperature
2019-08-25T00:00:00Z,PRPO,0.75,20.463958333333338,temperature
2019-08-25T00:00:00Z,PRPO,1,20.463541666666668,temperature
2019-08-26T00:00:00Z,PRPO,0,19.752291666666668,temperature
2019-08-26T00:00:00Z,PRPO,0.25,19.75125,temperature
2019-08-26T00:00:00Z,PRPO,0.5,19.748541666666668,temperature
2019-08-26T00:00:00Z,PRPO,0.75,19.74625,temperature
2019-08-26T00:00:00Z,PRPO,1,19.743541666666665,temperature
2019-08-27T00:00:00Z,PRPO,0,18.261458333333337,temperature
2019-08-27T00:00:00Z,PRPO,0.25,18.26354166666667,temperature
2019-08-27T00:00:00Z,PRPO,0.5,18.265208333333337,temperature
2019-08-27T00:00:00Z,PRPO,0.75,18.26625,temperature
2019-08-27T00:00:00Z,PRPO,1,18.266041666666663,temperature
2019-08-28T00:00:00Z,PRPO,0,16.615416666666665,temperature
2019-08-28T00:00:00Z,PRPO,0.25,16.605416666666667,temperature
2019-08-28T00:00:00Z,PRPO,0.5,16.591458333333332,temperature
2019-08-28T00:00:00Z,PRPO,0.75,16.572916666666668,temperature
2019-08-28T00:00:00Z,PRPO,1,16.55625,temperature
2019-08-29T00:00:00Z,PRPO,0,17.10625,temperature
2019-08-29T00:00:00Z,PRPO,0.25,17.095,temperature
2019-08-29T00:00:00Z,PRPO,0.5,17.081666666666667,temperature
2019-08-29T00:00:00Z,PRPO,0.75,17.07208333333333,temperature
2019-08-29T00:00:00Z,PRPO,1,17.062708333333333,temperature
2019-08-30T00:00:00Z,PRPO,0,17.294166666666666,temperature
2019-08-30T00:00:00Z,PRPO,0.25,16.98229166666667,temperature
2019-08-30T00:00:00Z,PRPO,0.5,16.72479166666667,temperature
2019-08-30T00:00:00Z,PRPO,0.75,16.59,temperature
2019-08-30T00:00:00Z,PRPO,1,16.55375,temperature
2019-08-31T00:00:00Z,PRPO,0,18.515416666666667,temperature
2019-08-31T00:00:00Z,PRPO,0.25,18.217291666666668,temperature
2019-08-31T00:00:00Z,PRPO,0.5,17.858958333333334,temperature
2019-08-31T00:00:00Z,PRPO,0.75,17.434583333333332,temperature
2019-08-31T00:00:00Z,PRPO,1,17.164166666666667,temperature
2019-09-01T00:00:00Z,PRPO,0,18.272083333333335,temperature
2019-09-01T00:00:00Z,PRPO,0.25,18.174583333333334,temperature
2019-09-01T00:00:00Z,PRPO,0.5,18.043541666666663,temperature
2019-09-01T00:00:00Z,PRPO,0.75,17.9075,temperature
2019-09-01T00:00:00Z,PRPO,1,17.868333333333332,temperature
2019-09-02T00:00:00Z,PRPO,0,18.675833333333333,temperature
2019-09-02T00:00:00Z,PRPO,0.25,18.644583333333333,temperature
2019-09-02T00:00:00Z,PRPO,0.5,18.56854166666667,temperature
2019-09-02T00:00:00Z,PRPO,0.75,18.39645833333333,temperature
2019-09-02T00:00:00Z,PRPO,1,18.260833333333338,temperature
2019-09-03T00:00:00Z,PRPO,0,17.365833333333335,temperature
2019-09-03T00:00:00Z,PRPO,0.25,17.366458333333334,temperature
2019-09-03T00:00:00Z,PRPO,0.5,17.364375,temperature
2019-09-03T00:00:00Z,PRPO,0.75,17.363958333333333,temperature
2019-09-03T00:00:00Z,PRPO,1,17.363333333333333,temperature
2019-09-04T00:00:00Z,PRPO,0,17.331458333333334,temperature
2019-09-04T00:00:00Z,PRPO,0.25,17.32375,temperature
2019-09-04T00:00:00Z,PRPO,0.5,17.30875,temperature
2019-09-04T00:00:00Z,PRPO,0.75,17.285625,temperature
2019-09-04T00:00:00Z,PRPO,1,17.25125,temperature
2019-09-05T00:00:00Z,PRPO,0,18.25375,temperature
2019-09-05T00:00:00Z,PRPO,0.25,18.250208333333333,temperature
2019-09-05T00:00:00Z,PRPO,0.5,18.245625,temperature
2019-09-05T00:00:00Z,PRPO,0.75,18.238541666666663,temperature
2019-09-05T00:00:00Z,PRPO,1,18.22625,temperature
2019-09-06T00:00:00Z,PRPO,0,18.784166666666668,temperature
2019-09-06T00:00:00Z,PRPO,0.25,18.776041666666668,temperature
2019-09-06T00:00:00Z,PRPO,0.5,18.762291666666663,temperature
2019-09-06T00:00:00Z,PRPO,0.75,18.738541666666663,temperature
2019-09-06T00:00:00Z,PRPO,1,18.682291666666668,temperature
2019-09-07T00:00:00Z,PRPO,0,18.577083333333334,temperature
2019-09-07T00:00:00Z,PRPO,0.25,18.576875,temperature
2019-09-07T00:00:00Z,PRPO,0.5,18.572916666666668,temperature
2019-09-07T00:00:00Z,PRPO,0.75,18.561458333333334,temperature
2019-09-07T00:00:00Z,PRPO,1,18.530208333333334,temperature
2019-09-08T00:00:00Z,PRPO,0,16.33375,temperature
2019-09-08T00:00:00Z,PRPO,0.25,16.332916666666666,temperature
2019-09-08T00:00:00Z,PRPO,0.5,16.330416666666668,temperature
2019-09-08T00:00:00Z,PRPO,0.75,16.327083333333334,temperature
2019-09-08T00:00:00Z,PRPO,1,16.324791666666666,temperature
2019-09-09T00:00:00Z,PRPO,0,15.780416666666667,temperature
2019-09-09T00:00:00Z,PRPO,0.25,15.782291666666667,temperature
2019-09-09T00:00:00Z,PRPO,0.5,15.7825,temperature
2019-09-09T00:00:00Z,PRPO,0.75,15.783125,temperature
2019-09-09T00:00:00Z,PRPO,1,15.783333333333331,temperature
2019-09-10T00:00:00Z,PRPO,0,15.666875,temperature
2019-09-10T00:00:00Z,PRPO,0.25,15.610416666666666,temperature
2019-09-10T00:00:00Z,PRPO,0.5,15.57875,temperature
2019-09-10T00:00:00Z,PRPO,0.75,15.5475,temperature
2019-09-10T00:00:00Z,PRPO,1,15.518125,temperature
2019-09-11T00:00:00Z,PRPO,0,16.08416666666667,temperature
2019-09-11T00:00:00Z,PRPO,0.25,16.078333333333333,temperature
2019-09-11T00:00:00Z,PRPO,0.5,16.066041666666667,temperature
2019-09-11T00:00:00Z,PRPO,0.75,16.047708333333333,temperature
2019-09-11T00:00:00Z,PRPO,1,16.028958333333332,temperature
2019-09-12T00:00:00Z,PRPO,0,15.195208333333332,temperature
2019-09-12T00:00:00Z,PRPO,0.25,15.198125,temperature
2019-09-12T00:00:00Z,PRPO,0.5,15.199375,temperature
2019-09-12T00:00:00Z,PRPO,0.75,15.2,temperature
2019-09-12T00:00:00Z,PRPO,1,15.199791666666666,temperature
2019-09-13T00:00:00Z,PRPO,0,13.649375,temperature
2019-09-13T00:00:00Z,PRPO,0.25,13.650833333333331,temperature
2019-09-13T00:00:00Z,PRPO,0.5,13.649791666666667,temperature
2019-09-13T00:00:00Z,PRPO,0.75,13.648125,temperature
2019-09-13T00:00:00Z,PRPO,1,13.647083333333333,temperature
2019-09-14T00:00:00Z,PRPO,0,14.207083333333332,temperature
2019-09-14T00:00:00Z,PRPO,0.25,14.198541666666667,temperature
2019-09-14T00:00:00Z,PRPO,0.5,14.183333333333334,temperature
2019-09-14T00:00:00Z,PRPO,0.75,14.145,temperature
2019-09-14T00:00:00Z,PRPO,1,14.113125,temperature
2019-09-15T00:00:00Z,PRPO,0,15.813541666666667,temperature
2019-09-15T00:00:00Z,PRPO,0.25,15.763958333333331,temperature
2019-09-15T00:00:00Z,PRPO,0.5,15.703333333333331,temperature
2019-09-15T00:00:00Z,PRPO,0.75,15.666041666666668,temperature
2019-09-15T00:00:00Z,PRPO,1,15.63125,temperature
2019-09-16T00:00:00Z,PRPO,0,18.165208333333332,temperature
2019-09-16T00:00:00Z,PRPO,0.25,18.014375,temperature
2019-09-16T00:00:00Z,PRPO,0.5,17.847708333333333,temperature
2019-09-16T00:00:00Z,PRPO,0.75,17.55291666666667,temperature
2019-09-16T00:00:00Z,PRPO,1,17.31375,temperature
2019-09-17T00:00:00Z,PRPO,0,19.516875,temperature
2019-09-17T00:00:00Z,PRPO,0.25,19.492083333333333,temperature
2019-09-17T00:00:00Z,PRPO,0.5,19.43375,temperature
2019-09-17T00:00:00Z,PRPO,0.75,19.315625,temperature
2019-09-17T00:00:00Z,PRPO,1,19.229791666666667,temperature
2019-09-18T00:00:00Z,PRPO,0,19.735625,temperature
2019-09-18T00:00:00Z,PRPO,0.25,19.733125,temperature
2019-09-18T00:00:00Z,PRPO,0.5,19.724166666666665,temperature
2019-09-18T00:00:00Z,PRPO,0.75,19.71125,temperature
2019-09-18T00:00:00Z,PRPO,1,19.701666666666668,temperature
2019-09-19T00:00:00Z,PRPO,0,19.565625,temperature
2019-09-19T00:00:00Z,PRPO,0.25,19.558333333333337,temperature
2019-09-19T00:00:00Z,PRPO,0.5,19.547083333333333,temperature
2019-09-19T00:00:00Z,PRPO,0.75,19.531666666666663,temperature
2019-09-19T00:00:00Z,PRPO,1,19.51625,temperature
2019-09-20T00:00:00Z,PRPO,0,20.203125,temperature
2019-09-20T00:00:00Z,PRPO,0.25,20.195625,temperature
2019-09-20T00:00:00Z,PRPO,0.5,20.18541666666667,temperature
2019-09-20T00:00:00Z,PRPO,0.75,20.172708333333333,temperature
2019-09-20T00:00:00Z,PRPO,1,20.161458333333332,temperature
2019-09-21T00:00:00Z,PRPO,0,20.521458333333335,temperature
2019-09-21T00:00:00Z,PRPO,0.25,20.522083333333335,temperature
2019-09-21T00:00:00Z,PRPO,0.5,20.52145833333333,temperature
2019-09-21T00:00:00Z,PRPO,0.75,20.520208333333333,temperature
2019-09-21T00:00:00Z,PRPO,1,20.51770833333333,temperature
2019-09-22T00:00:00Z,PRPO,0,18.99395833333333,temperature
2019-09-22T00:00:00Z,PRPO,0.25,18.99,temperature
2019-09-22T00:00:00Z,PRPO,0.5,18.983541666666667,temperature
2019-09-22T00:00:00Z,PRPO,0.75,18.973958333333332,temperature
2019-09-22T00:00:00Z,PRPO,1,18.962083333333332,temperature
2019-09-23T00:00:00Z,PRPO,0,17.952916666666667,temperature
2019-09-23T00:00:00Z,PRPO,0.25,17.95,temperature
2019-09-23T00:00:00Z,PRPO,0.5,17.945,temperature
2019-09-23T00:00:00Z,PRPO,0.75,17.939583333333335,temperature
2019-09-23T00:00:00Z,PRPO,1,17.932708333333334,temperature
2019-09-24T00:00:00Z,PRPO,0,17.602083333333333,temperature
2019-09-24T00:00:00Z,PRPO,0.25,17.604375,temperature
2019-09-24T00:00:00Z,PRPO,0.5,17.603958333333335,temperature
2019-09-24T00:00:00Z,PRPO,0.75,17.604375,temperature
2019-09-24T00:00:00Z,PRPO,1,17.60354166666667,temperature
2019-09-25T00:00:00Z,PRPO,0,16.27875,temperature
2019-09-25T00:00:00Z,PRPO,0.25,16.28125,temperature
2019-09-25T00:00:00Z,PRPO,0.5,16.281458333333333,temperature
2019-09-25T00:00:00Z,PRPO,0.75,16.28125,temperature
2019-09-25T00:00:00Z,PRPO,1,16.280833333333334,temperature
2019-09-26T00:00:00Z,PRPO,0,14.330208333333331,temperature
2019-09-26T00:00:00Z,PRPO,0.25,14.333958333333332,temperature
2019-09-26T00:00:00Z,PRPO,0.5,14.335208333333334,temperature
2019-09-26T00:00:00Z,PRPO,0.75,14.335833333333332,temperature
2019-09-26T00:00:00Z,PRPO,1,14.335625,temperature
2019-09-27T00:00:00Z,PRPO,0,13.265625,temperature
2019-09-27T00:00:00Z,PRPO,0.25,13.265625,temperature
2019-09-27T00:00:00Z,PRPO,0.5,13.263125,temperature
2019-09-27T00:00:00Z,PRPO,0.75,13.26,temperature
2019-09-27T00:00:00Z,PRPO,1,13.254583333333333,temperature
2019-09-28T00:00:00Z,PRPO,0,12.602916666666667,temperature
2019-09-28T00:00:00Z,PRPO,0.25,12.601666666666668,temperature
2019-09-28T00:00:00Z,PRPO,0.5,12.596666666666668,temperature
2019-09-28T00:00:00Z,PRPO,0.75,12.592708333333333,temperature
2019-09-28T00:00:00Z,PRPO,1,12.586458333333333,temperature
2019-09-29T00:00:00Z,PRPO,0,11.528333333333332,temperature
2019-09-29T00:00:00Z,PRPO,0.25,11.531041666666669,temperature
2019-09-29T00:00:00Z,PRPO,0.5,11.532291666666666,temperature
2019-09-29T00:00:00Z,PRPO,0.75,11.534166666666666,temperature
2019-09-29T00:00:00Z,PRPO,1,11.535208333333332,temperature
2019-09-30T00:00:00Z,PRPO,0,10.623958333333333,temperature
2019-09-30T00:00:00Z,PRPO,0.25,10.624791666666669,temperature
2019-09-30T00:00:00Z,PRPO,0.5,10.625,temperature
2019-09-30T00:00:00Z,PRPO,0.75,10.625625,temperature
2019-09-30T00:00:00Z,PRPO,1,10.625208333333331,temperature
2019-10-01T00:00:00Z,PRPO,0,9.91375,temperature
2019-10-01T00:00:00Z,PRPO,0.25,9.916875,temperature
2019-10-01T00:00:00Z,PRPO,0.5,9.918958333333334,temperature
2019-10-01T00:00:00Z,PRPO,0.75,9.920833333333333,temperature
2019-10-01T00:00:00Z,PRPO,1,9.921875,temperature
2019-10-02T00:00:00Z,PRPO,0,8.885208333333333,temperature
2019-10-02T00:00:00Z,PRPO,0.25,8.888125,temperature
2019-10-02T00:00:00Z,PRPO,0.5,8.890208333333334,temperature
2019-10-02T00:00:00Z,PRPO,0.75,8.891458333333333,temperature
2019-10-02T00:00:00Z,PRPO,1,8.891875,temperature
2019-10-03T00:00:00Z,PRPO,0,7.573541666666666,temperature
2019-10-03T00:00:00Z,PRPO,0.25,7.571041666666667,temperature
2019-10-03T00:00:00Z,PRPO,0.5,7.566875,temperature
2019-10-03T00:00:00Z,PRPO,0.75,7.562083333333334,temperature
2019-10-03T00:00:00Z,PRPO,1,7.555833333333333,temperature
2019-10-04T00:00:00Z,PRPO,0,7.395208333333334,temperature
2019-10-04T00:00:00Z,PRPO,0.25,7.395625,temperature
2019-10-04T00:00:00Z,PRPO,0.5,7.3975,temperature
2019-10-04T00:00:00Z,PRPO,0.75,7.398958333333334,temperature
2019-10-04T00:00:00Z,PRPO,1,7.399166666666667,temperature
2019-10-05T00:00:00Z,PRPO,0,7.342083333333333,temperature
2019-10-05T00:00:00Z,PRPO,0.25,7.344166666666666,temperature
2019-10-05T00:00:00Z,PRPO,0.5,7.345416666666667,temperature
2019-10-05T00:00:00Z,PRPO,0.75,7.347291666666667,temperature
2019-10-05T00:00:00Z,PRPO,1,7.3475,temperature
2019-10-06T00:00:00Z,PRPO,0,7.462291666666666,temperature
2019-10-06T00:00:00Z,PRPO,0.25,7.462916666666667,temperature
2019-10-06T00:00:00Z,PRPO,0.5,7.4625,temperature
2019-10-06T00:00:00Z,PRPO,0.75,7.46375,temperature
2019-10-06T00:00:00Z,PRPO,1,7.464583333333334,temperature
2019-10-07T00:00:00Z,PRPO,0,8.131666666666666,temperature
2019-10-07T00:00:00Z,PRPO,0.25,8.132916666666667,temperature
2019-10-07T00:00:00Z,PRPO,0.5,8.131458333333333,temperature
2019-10-07T00:00:00Z,PRPO,0.75,8.128958333333333,temperature
2019-10-07T00:00:00Z,PRPO,1,8.12625,temperature
2019-10-08T00:00:00Z,PRPO,0,8.943958333333333,temperature
2019-10-08T00:00:00Z,PRPO,0.25,8.937083333333334,temperature
2019-10-08T00:00:00Z,PRPO,0.5,8.930416666666666,temperature
2019-10-08T00:00:00Z,PRPO,0.75,8.925,temperature
2019-10-08T00:00:00Z,PRPO,1,8.917291666666667,temperature
2019-10-09T00:00:00Z,PRPO,0,9.729375,temperature
2019-10-09T00:00:00Z,PRPO,0.25,9.716666666666669,temperature
2019-10-09T00:00:00Z,PRPO,0.5,9.698541666666667,temperature
2019-10-09T00:00:00Z,PRPO,0.75,9.684583333333332,temperature
2019-10-09T00:00:00Z,PRPO,1,9.678333333333333,temperature
2019-10-10T00:00:00Z,PRPO,0,7.0252083333333335,temperature
2019-10-10T00:00:00Z,PRPO,0.25,7.030625000000001,temperature
2019-10-10T00:00:00Z,PRPO,0.5,7.033541666666666,temperature
2019-10-10T00:00:00Z,PRPO,0.75,7.036875,temperature
2019-10-10T00:00:00Z,PRPO,1,7.039166666666667,temperature
2019-10-11T00:00:00Z,PRPO,0,2.7802083333333334,temperature
2019-10-11T00:00:00Z,PRPO,0.25,2.783125,temperature
2019-10-11T00:00:00Z,PRPO,0.5,2.7854166666666664,temperature
2019-10-11T00:00:00Z,PRPO,0.75,2.7885416666666667,temperature
2019-10-11T00:00:00Z,PRPO,1,2.790833333333333,temperature
2019-10-12T00:00:00Z,PRPO,0,-0.05354166666666668,temperature
2019-10-12T00:00:00Z,PRPO,0.25,-0.05083333333333333,temperature
2019-10-12T00:00:00Z,PRPO,0.5,-0.05062500000000001,temperature
2019-10-12T00:00:00Z,PRPO,0.75,-0.04625,temperature
2019-10-12T00:00:00Z,PRPO,1,-0.04479166666666666,temperature
2019-10-13T00:00:00Z,PRPO,0,-0.099,temperature
2019-10-13T00:00:00Z,PRPO,0.25,-0.0985,temperature
2019-10-13T00:00:00Z,PRPO,0.5,-0.0935,temperature
2019-10-13T00:00:00Z,PRPO,0.75,-0.09058823529411764,temperature
2019-10-13T00:00:00Z,PRPO,1,-0.092,temperature
2019-10-14T00:00:00Z,PRPO,0,1.382,temperature
2019-10-14T00:00:00Z,PRPO,0.25,1.378,temperature
2019-10-14T00:00:00Z,PRPO,0.5,1.368,temperature
2019-10-14T00:00:00Z,PRPO,0.75,1.362,temperature
2019-10-14T00:00:00Z,PRPO,1,1.358,temperature
2019-10-15T00:00:00Z,PRPO,0,1.325,temperature
2019-10-15T00:00:00Z,PRPO,0.25,1.3775,temperature
2019-10-15T00:00:00Z,PRPO,0.5,1.425,temperature
2019-10-15T00:00:00Z,PRPO,0.75,1.46,temperature
2019-10-15T00:00:00Z,PRPO,1,1.4675,temperature
2019-10-17T00:00:00Z,PRPO,0,2.7223076923076923,temperature
2019-10-17T00:00:00Z,PRPO,0.25,2.7146153846153847,temperature
2019-10-17T00:00:00Z,PRPO,0.5,2.7084615384615383,temperature
2019-10-17T00:00:00Z,PRPO,0.75,2.706153846153846,temperature
2019-10-17T00:00:00Z,PRPO,1,2.706923076923077,temperature
2019-10-18T00:00:00Z,PRPO,0,3.1135416666666664,temperature
2019-10-18T00:00:00Z,PRPO,0.25,3.131666666666667,temperature
2019-10-18T00:00:00Z,PRPO,0.5,3.1527083333333334,temperature
2019-10-18T00:00:00Z,PRPO,0.75,3.1858333333333335,temperature
2019-10-18T00:00:00Z,PRPO,1,3.1983333333333333,temperature
2019-10-19T00:00:00Z,PRPO,0,3.9683333333333337,temperature
2019-10-19T00:00:00Z,PRPO,0.25,3.968541666666667,temperature
2019-10-19T00:00:00Z,PRPO,0.5,3.966041666666667,temperature
2019-10-19T00:00:00Z,PRPO,0.75,3.965,temperature
2019-10-19T00:00:00Z,PRPO,1,3.962916666666666,temperature
2019-10-20T00:00:00Z,PRPO,0,4.4070833333333335,temperature
2019-10-20T00:00:00Z,PRPO,0.25,4.419583333333334,temperature
2019-10-20T00:00:00Z,PRPO,0.5,4.427083333333333,temperature
2019-10-20T00:00:00Z,PRPO,0.75,4.431041666666666,temperature
2019-10-20T00:00:00Z,PRPO,1,4.4279166666666665,temperature
2019-10-21T00:00:00Z,PRPO,0,4.419791666666667,temperature
2019-10-21T00:00:00Z,PRPO,0.25,4.4210416666666665,temperature
2019-10-21T00:00:00Z,PRPO,0.5,4.421458333333334,temperature
2019-10-21T00:00:00Z,PRPO,0.75,4.4227083333333335,temperature
2019-10-21T00:00:00Z,PRPO,1,4.424375,temperature
2019-10-22T00:00:00Z,PRPO,0,3.918181818181818,temperature
2019-10-22T00:00:00Z,PRPO,0.25,3.92,temperature
2019-10-22T00:00:00Z,PRPO,0.5,3.923636363636364,temperature
2019-10-22T00:00:00Z,PRPO,0.75,3.9254545454545458,temperature
2019-10-22T00:00:00Z,PRPO,1,3.9272727272727272,temperature
2019-10-23T00:00:00Z,PRPO,0,3.0525,temperature
2019-10-23T00:00:00Z,PRPO,0.25,3.0664583333333333,temperature
2019-10-23T00:00:00Z,PRPO,0.5,3.0772916666666665,temperature
2019-10-23T00:00:00Z,PRPO,0.75,3.0872916666666668,temperature
2019-10-23T00:00:00Z,PRPO,1,3.0966666666666667,temperature
2019-10-24T00:00:00Z,PRPO,0,3.026666666666667,temperature
2019-10-24T00:00:00Z,PRPO,0.25,3.033333333333333,temperature
2019-10-24T00:00:00Z,PRPO,0.5,3.04,temperature
2019-10-24T00:00:00Z,PRPO,0.75,3.05,temperature
2019-10-24T00:00:00Z,PRPO,1,3.056666666666666,temperature
2020-06-01T00:00:00Z,PRPO,0,19.786666666666665,temperature
2020-06-01T00:00:00Z,PRPO,0.25,19.76222222222222,temperature
2020-06-01T00:00:00Z,PRPO,0.5,19.74222222222222,temperature
2020-06-01T00:00:00Z,PRPO,0.75,19.724444444444444,temperature
2020-06-01T00:00:00Z,PRPO,1,19.71,temperature
2020-06-02T00:00:00Z,PRPO,0,19.780652173913044,temperature
2020-06-02T00:00:00Z,PRPO,0.25,19.748260869565215,temperature
2020-06-02T00:00:00Z,PRPO,0.5,19.722173913043477,temperature
2020-06-02T00:00:00Z,PRPO,0.75,19.693478260869565,temperature
2020-06-02T00:00:00Z,PRPO,1,19.67326086956522,temperature
2020-06-03T00:00:00Z,PRPO,0,20.31,temperature
2020-06-03T00:00:00Z,PRPO,0.25,20.304583333333333,temperature
2020-06-03T00:00:00Z,PRPO,0.5,20.288333333333338,temperature
2020-06-03T00:00:00Z,PRPO,0.75,20.24625,temperature
2020-06-03T00:00:00Z,PRPO,1,20.219166666666663,temperature
2020-06-04T00:00:00Z,PRPO,0,20.64645833333333,temperature
2020-06-04T00:00:00Z,PRPO,0.25,20.630208333333332,temperature
2020-06-04T00:00:00Z,PRPO,0.5,20.601666666666667,temperature
2020-06-04T00:00:00Z,PRPO,0.75,20.559166666666663,temperature
2020-06-04T00:00:00Z,PRPO,1,20.530625,temperature
2020-06-05T00:00:00Z,PRPO,0,20.782708333333332,temperature
2020-06-05T00:00:00Z,PRPO,0.25,20.765625,temperature
2020-06-05T00:00:00Z,PRPO,0.5,20.738541666666663,temperature
2020-06-05T00:00:00Z,PRPO,0.75,20.673541666666665,temperature
2020-06-05T00:00:00Z,PRPO,1,20.5975,temperature
2020-06-06T00:00:00Z,PRPO,0,20.244166666666665,temperature
2020-06-06T00:00:00Z,PRPO,0.25,20.244791666666668,temperature
2020-06-06T00:00:00Z,PRPO,0.5,20.245,temperature
2020-06-06T00:00:00Z,PRPO,0.75,20.244583333333335,temperature
2020-06-06T00:00:00Z,PRPO,1,20.24375,temperature
2020-06-07T00:00:00Z,PRPO,0,19.053958333333338,temperature
2020-06-07T00:00:00Z,PRPO,0.25,19.012083333333333,temperature
2020-06-07T00:00:00Z,PRPO,0.5,18.978125,temperature
2020-06-07T00:00:00Z,PRPO,0.75,18.939791666666668,temperature
2020-06-07T00:00:00Z,PRPO,1,18.902291666666667,temperature
2020-06-08T00:00:00Z,PRPO,0,20.825416666666666,temperature
2020-06-08T00:00:00Z,PRPO,0.25,20.787083333333335,temperature
2020-06-08T00:00:00Z,PRPO,0.5,20.754375,temperature
2020-06-08T00:00:00Z,PRPO,0.75,20.719166666666663,temperature
2020-06-08T00:00:00Z,PRPO,1,20.686875,temperature
2020-06-09T00:00:00Z,PRPO,0,20.631875,temperature
2020-06-09T00:00:00Z,PRPO,0.25,20.630833333333335,temperature
2020-06-09T00:00:00Z,PRPO,0.5,20.6275,temperature
2020-06-09T00:00:00Z,PRPO,0.75,20.617916666666662,temperature
2020-06-09T00:00:00Z,PRPO,1,20.611041666666665,temperature
2020-06-10T00:00:00Z,PRPO,0,18.91875,temperature
2020-06-10T00:00:00Z,PRPO,0.25,18.918125,temperature
2020-06-10T00:00:00Z,PRPO,0.5,18.917708333333337,temperature
2020-06-10T00:00:00Z,PRPO,0.75,18.916458333333335,temperature
2020-06-10T00:00:00Z,PRPO,1,18.914583333333333,temperature
2020-06-11T00:00:00Z,PRPO,0,18.74791666666667,temperature
2020-06-11T00:00:00Z,PRPO,0.25,18.745416666666667,temperature
2020-06-11T00:00:00Z,PRPO,0.5,18.742708333333333,temperature
2020-06-11T00:00:00Z,PRPO,0.75,18.737083333333334,temperature
2020-06-11T00:00:00Z,PRPO,1,18.734375,temperature
2020-06-12T00:00:00Z,PRPO,0,19.130833333333335,temperature
2020-06-12T00:00:00Z,PRPO,0.25,19.127291666666668,temperature
2020-06-12T00:00:00Z,PRPO,0.5,19.124583333333337,temperature
2020-06-12T00:00:00Z,PRPO,0.75,19.12125,temperature
2020-06-12T00:00:00Z,PRPO,1,19.1175,temperature
2020-06-13T00:00:00Z,PRPO,0,19.178333333333335,temperature
2020-06-13T00:00:00Z,PRPO,0.25,19.178333333333335,temperature
2020-06-13T00:00:00Z,PRPO,0.5,19.178541666666668,temperature
2020-06-13T00:00:00Z,PRPO,0.75,19.178125,temperature
2020-06-13T00:00:00Z,PRPO,1,19.176458333333333,temperature
2020-06-14T00:00:00Z,PRPO,0,19.024375,temperature
2020-06-14T00:00:00Z,PRPO,0.25,19.024166666666662,temperature
2020-06-14T00:00:00Z,PRPO,0.5,19.023541666666667,temperature
2020-06-14T00:00:00Z,PRPO,0.75,19.022916666666667,temperature
2020-06-14T00:00:00Z,PRPO,1,19.022916666666667,temperature
2020-06-15T00:00:00Z,PRPO,0,19.774375,temperature
2020-06-15T00:00:00Z,PRPO,0.25,19.76875,temperature
2020-06-15T00:00:00Z,PRPO,0.5,19.761458333333337,temperature
2020-06-15T00:00:00Z,PRPO,0.75,19.75125,temperature
2020-06-15T00:00:00Z,PRPO,1,19.743125,temperature
2020-06-16T00:00:00Z,PRPO,0,20.732291666666665,temperature
2020-06-16T00:00:00Z,PRPO,0.25,20.727916666666665,temperature
2020-06-16T00:00:00Z,PRPO,0.5,20.723541666666662,temperature
2020-06-16T00:00:00Z,PRPO,0.75,20.712083333333332,temperature
2020-06-16T00:00:00Z,PRPO,1,20.695,temperature
2020-06-17T00:00:00Z,PRPO,0,21.322291666666665,temperature
2020-06-17T00:00:00Z,PRPO,0.25,21.317291666666662,temperature
2020-06-17T00:00:00Z,PRPO,0.5,21.313333333333333,temperature
2020-06-17T00:00:00Z,PRPO,0.75,21.309166666666663,temperature
2020-06-17T00:00:00Z,PRPO,1,21.304583333333333,temperature
2020-06-18T00:00:00Z,PRPO,0,21.546458333333337,temperature
2020-06-18T00:00:00Z,PRPO,0.25,21.545,temperature
2020-06-18T00:00:00Z,PRPO,0.5,21.5425,temperature
2020-06-18T00:00:00Z,PRPO,0.75,21.538333333333338,temperature
2020-06-18T00:00:00Z,PRPO,1,21.53375,temperature
2020-06-19T00:00:00Z,PRPO,0,20.46375,temperature
2020-06-19T00:00:00Z,PRPO,0.25,20.46125,temperature
2020-06-19T00:00:00Z,PRPO,0.5,20.45916666666667,temperature
2020-06-19T00:00:00Z,PRPO,0.75,20.454583333333332,temperature
2020-06-19T00:00:00Z,PRPO,1,20.45125,temperature
2020-06-20T00:00:00Z,PRPO,0,20.645,temperature
2020-06-20T00:00:00Z,PRPO,0.25,20.640833333333333,temperature
2020-06-20T00:00:00Z,PRPO,0.5,20.636875,temperature
2020-06-20T00:00:00Z,PRPO,0.75,20.631875,temperature
2020-06-20T00:00:00Z,PRPO,1,20.626666666666665,temperature
2020-06-21T00:00:00Z,PRPO,0,20.750625,temperature
2020-06-21T00:00:00Z,PRPO,0.25,20.741041666666668,temperature
2020-06-21T00:00:00Z,PRPO,0.5,20.727708333333332,temperature
2020-06-21T00:00:00Z,PRPO,0.75,20.707708333333333,temperature
2020-06-21T00:00:00Z,PRPO,1,20.682291666666668,temperature
2020-06-22T00:00:00Z,PRPO,0,20.558958333333333,temperature
2020-06-22T00:00:00Z,PRPO,0.25,20.557291666666668,temperature
2020-06-22T00:00:00Z,PRPO,0.5,20.554791666666667,temperature
2020-06-22T00:00:00Z,PRPO,0.75,20.549166666666668,temperature
2020-06-22T00:00:00Z,PRPO,1,20.54125,temperature
2020-06-23T00:00:00Z,PRPO,0,20.152083333333337,temperature
2020-06-23T00:00:00Z,PRPO,0.25,20.13104166666667,temperature
2020-06-23T00:00:00Z,PRPO,0.5,20.09125,temperature
2020-06-23T00:00:00Z,PRPO,0.75,20.026041666666668,temperature
2020-06-23T00:00:00Z,PRPO,1,19.9575,temperature
2020-06-24T00:00:00Z,PRPO,0,21.712291666666665,temperature
2020-06-24T00:00:00Z,PRPO,0.25,21.585833333333333,temperature
2020-06-24T00:00:00Z,PRPO,0.5,21.304166666666667,temperature
2020-06-24T00:00:00Z,PRPO,0.75,20.877083333333335,temperature
2020-06-24T00:00:00Z,PRPO,1,20.663958333333333,temperature
2020-06-25T00:00:00Z,PRPO,0,22.995625,temperature
2020-06-25T00:00:00Z,PRPO,0.25,22.880416666666665,temperature
2020-06-25T00:00:00Z,PRPO,0.5,22.567708333333332,temperature
2020-06-25T00:00:00Z,PRPO,0.75,21.994583333333335,temperature
2020-06-25T00:00:00Z,PRPO,1,21.588541666666668,temperature
2020-06-26T00:00:00Z,PRPO,0,22.470208333333332,temperature
2020-06-26T00:00:00Z,PRPO,0.25,22.437708333333333,temperature
2020-06-26T00:00:00Z,PRPO,0.5,22.389583333333334,temperature
2020-06-26T00:00:00Z,PRPO,0.75,22.28875,temperature
2020-06-26T00:00:00Z,PRPO,1,22.18625,temperature
2020-06-27T00:00:00Z,PRPO,0,23.546875,temperature
2020-06-27T00:00:00Z,PRPO,0.25,23.523333333333333,temperature
2020-06-27T00:00:00Z,PRPO,0.5,23.465416666666663,temperature
2020-06-27T00:00:00Z,PRPO,0.75,23.341666666666665,temperature
2020-06-27T00:00:00Z,PRPO,1,23.241458333333338,temperature
2020-06-28T00:00:00Z,PRPO,0,23.956458333333337,temperature
2020-06-28T00:00:00Z,PRPO,0.25,23.955208333333335,temperature
2020-06-28T00:00:00Z,PRPO,0.5,23.954583333333332,temperature
2020-06-28T00:00:00Z,PRPO,0.75,23.95125,temperature
2020-06-28T00:00:00Z,PRPO,1,23.948958333333337,temperature
2020-06-29T00:00:00Z,PRPO,0,24.500833333333333,temperature
2020-06-29T00:00:00Z,PRPO,0.25,24.496041666666667,temperature
2020-06-29T00:00:00Z,PRPO,0.5,24.491041666666668,temperature
2020-06-29T00:00:00Z,PRPO,0.75,24.484583333333333,temperature
2020-06-29T00:00:00Z,PRPO,1,24.47875,temperature
2020-06-30T00:00:00Z,PRPO,0,25.106458333333332,temperature
2020-06-30T00:00:00Z,PRPO,0.25,25.10354166666667,temperature
2020-06-30T00:00:00Z,PRPO,0.5,25.100416666666668,temperature
2020-06-30T00:00:00Z,PRPO,0.75,25.094583333333333,temperature
2020-06-30T00:00:00Z,PRPO,1,25.091041666666666,temperature
2020-07-01T00:00:00Z,PRPO,0,24.523333333333333,temperature
2020-07-01T00:00:00Z,PRPO,0.25,24.50375,temperature
2020-07-01T00:00:00Z,PRPO,0.5,24.465,temperature
2020-07-01T00:00:00Z,PRPO,0.75,24.432916666666667,temperature
2020-07-01T00:00:00Z,PRPO,1,24.411458333333332,temperature
2020-07-02T00:00:00Z,PRPO,0,24.711041666666667,temperature
2020-07-02T00:00:00Z,PRPO,0.25,24.700208333333332,temperature
2020-07-02T00:00:00Z,PRPO,0.5,24.689791666666668,temperature
2020-07-02T00:00:00Z,PRPO,0.75,24.677083333333332,temperature
2020-07-02T00:00:00Z,PRPO,1,24.66375,temperature
2020-07-03T00:00:00Z,PRPO,0,25.435,temperature
2020-07-03T00:00:00Z,PRPO,0.25,25.345208333333332,temperature
2020-07-03T00:00:00Z,PRPO,0.5,25.098125,temperature
2020-07-03T00:00:00Z,PRPO,0.75,24.786875,temperature
2020-07-03T00:00:00Z,PRPO,1,24.601458333333333,temperature
2020-07-04T00:00:00Z,PRPO,0,26.458958333333335,temperature
2020-07-04T00:00:00Z,PRPO,0.25,26.178958333333338,temperature
2020-07-04T00:00:00Z,PRPO,0.5,25.6575,temperature
2020-07-04T00:00:00Z,PRPO,0.75,25.24395833333333,temperature
2020-07-04T00:00:00Z,PRPO,1,24.959791666666668,temperature
2020-07-05T00:00:00Z,PRPO,0,25.864583333333332,temperature
2020-07-05T00:00:00Z,PRPO,0.25,25.79104166666667,temperature
2020-07-05T00:00:00Z,PRPO,0.5,25.675,temperature
2020-07-05T00:00:00Z,PRPO,0.75,25.523958333333333,temperature
2020-07-05T00:00:00Z,PRPO,1,25.407083333333333,temperature
2020-07-06T00:00:00Z,PRPO,0,25.51770833333333,temperature
2020-07-06T00:00:00Z,PRPO,0.25,25.452083333333334,temperature
2020-07-06T00:00:00Z,PRPO,0.5,25.356875,temperature
2020-07-06T00:00:00Z,PRPO,0.75,25.257083333333338,temperature
2020-07-06T00:00:00Z,PRPO,1,25.195416666666667,temperature
2020-07-07T00:00:00Z,PRPO,0,25.917083333333338,temperature
2020-07-07T00:00:00Z,PRPO,0.25,25.883958333333332,temperature
2020-07-07T00:00:00Z,PRPO,0.5,25.820625,temperature
2020-07-07T00:00:00Z,PRPO,0.75,25.65041666666667,temperature
2020-07-07T00:00:00Z,PRPO,1,25.513333333333332,temperature
2020-07-08T00:00:00Z,PRPO,0,25.144791666666663,temperature
2020-07-08T00:00:00Z,PRPO,0.25,25.135416666666668,temperature
2020-07-08T00:00:00Z,PRPO,0.5,25.122916666666665,temperature
2020-07-08T00:00:00Z,PRPO,0.75,25.105416666666667,temperature
2020-07-08T00:00:00Z,PRPO,1,25.08875,temperature
2020-07-09T00:00:00Z,PRPO,0,24.593541666666667,temperature
2020-07-09T00:00:00Z,PRPO,0.25,24.591458333333332,temperature
2020-07-09T00:00:00Z,PRPO,0.5,24.590416666666663,temperature
2020-07-09T00:00:00Z,PRPO,0.75,24.585833333333333,temperature
2020-07-09T00:00:00Z,PRPO,1,24.579791666666665,temperature
2020-07-10T00:00:00Z,PRPO,0,23.794166666666666,temperature
2020-07-10T00:00:00Z,PRPO,0.25,23.637083333333333,temperature
2020-07-10T00:00:00Z,PRPO,0.5,23.584375,temperature
2020-07-10T00:00:00Z,PRPO,0.75,23.526666666666667,temperature
2020-07-10T00:00:00Z,PRPO,1,23.484583333333333,temperature
2020-07-11T00:00:00Z,PRPO,0,23.96375,temperature
2020-07-11T00:00:00Z,PRPO,0.25,23.632083333333338,temperature
2020-07-11T00:00:00Z,PRPO,0.5,23.465,temperature
2020-07-11T00:00:00Z,PRPO,0.75,23.355833333333333,temperature
2020-07-11T00:00:00Z,PRPO,1,23.276458333333338,temperature
2020-07-12T00:00:00Z,PRPO,0,23.657916666666665,temperature
2020-07-12T00:00:00Z,PRPO,0.25,23.644375,temperature
2020-07-12T00:00:00Z,PRPO,0.5,23.610625,temperature
2020-07-12T00:00:00Z,PRPO,0.75,23.559166666666663,temperature
2020-07-12T00:00:00Z,PRPO,1,23.514166666666668,temperature
2020-07-13T00:00:00Z,PRPO,0,23.797083333333333,temperature
2020-07-13T00:00:00Z,PRPO,0.25,23.787916666666668,temperature
2020-07-13T00:00:00Z,PRPO,0.5,23.779791666666668,temperature
2020-07-13T00:00:00Z,PRPO,0.75,23.771458333333335,temperature
2020-07-13T00:00:00Z,PRPO,1,23.766041666666663,temperature
2020-07-14T00:00:00Z,PRPO,0,22.972291666666667,temperature
2020-07-14T00:00:00Z,PRPO,0.25,22.970208333333332,temperature
2020-07-14T00:00:00Z,PRPO,0.5,22.967916666666667,temperature
2020-07-14T00:00:00Z,PRPO,0.75,22.965,temperature
2020-07-14T00:00:00Z,PRPO,1,22.96270833333333,temperature
2020-07-15T00:00:00Z,PRPO,0,22.5775,temperature
2020-07-15T00:00:00Z,PRPO,0.25,22.559166666666663,temperature
2020-07-15T00:00:00Z,PRPO,0.5,22.541458333333335,temperature
2020-07-15T00:00:00Z,PRPO,0.75,22.519583333333333,temperature
2020-07-15T00:00:00Z,PRPO,1,22.495625,temperature
2020-07-16T00:00:00Z,PRPO,0,22.890625,temperature
2020-07-16T00:00:00Z,PRPO,0.25,22.88458333333333,temperature
2020-07-16T00:00:00Z,PRPO,0.5,22.875833333333333,temperature
2020-07-16T00:00:00Z,PRPO,0.75,22.862708333333337,temperature
2020-07-16T00:00:00Z,PRPO,1,22.848333333333333,temperature
2020-07-17T00:00:00Z,PRPO,0,23.447916666666668,temperature
2020-07-17T00:00:00Z,PRPO,0.25,23.445416666666667,temperature
2020-07-17T00:00:00Z,PRPO,0.5,23.442708333333332,temperature
2020-07-17T00:00:00Z,PRPO,0.75,23.437708333333333,temperature
2020-07-17T00:00:00Z,PRPO,1,23.433541666666667,temperature
2020-07-18T00:00:00Z,PRPO,0,23.91375,temperature
2020-07-18T00:00:00Z,PRPO,0.25,23.913541666666667,temperature
2020-07-18T00:00:00Z,PRPO,0.5,23.910625,temperature
2020-07-18T00:00:00Z,PRPO,0.75,23.905208333333334,temperature
2020-07-18T00:00:00Z,PRPO,1,23.9025,temperature
2020-07-19T00:00:00Z,PRPO,0,23.130208333333332,temperature
2020-07-19T00:00:00Z,PRPO,0.25,23.129583333333333,temperature
2020-07-19T00:00:00Z,PRPO,0.5,23.125625,temperature
2020-07-19T00:00:00Z,PRPO,0.75,23.1225,temperature
2020-07-19T00:00:00Z,PRPO,1,23.1175,temperature
2020-07-20T00:00:00Z,PRPO,0,23.009791666666665,temperature
2020-07-20T00:00:00Z,PRPO,0.25,22.968958333333333,temperature
2020-07-20T00:00:00Z,PRPO,0.5,22.918541666666663,temperature
2020-07-20T00:00:00Z,PRPO,0.75,22.865625,temperature
2020-07-20T00:00:00Z,PRPO,1,22.8375,temperature
2020-07-21T00:00:00Z,PRPO,0,22.56375,temperature
2020-07-21T00:00:00Z,PRPO,0.25,22.527083333333337,temperature
2020-07-21T00:00:00Z,PRPO,0.5,22.47875,temperature
2020-07-21T00:00:00Z,PRPO,0.75,22.394791666666663,temperature
2020-07-21T00:00:00Z,PRPO,1,22.315625,temperature
2020-07-22T00:00:00Z,PRPO,0,22.792083333333338,temperature
2020-07-22T00:00:00Z,PRPO,0.25,22.789166666666667,temperature
2020-07-22T00:00:00Z,PRPO,0.5,22.780416666666667,temperature
2020-07-22T00:00:00Z,PRPO,0.75,22.749791666666667,temperature
2020-07-22T00:00:00Z,PRPO,1,22.684166666666663,temperature
2020-07-23T00:00:00Z,PRPO,0,22.70916666666667,temperature
2020-07-23T00:00:00Z,PRPO,0.25,22.706875,temperature
2020-07-23T00:00:00Z,PRPO,0.5,22.704791666666665,temperature
2020-07-23T00:00:00Z,PRPO,0.75,22.700416666666666,temperature
2020-07-23T00:00:00Z,PRPO,1,22.696666666666665,temperature
2020-07-24T00:00:00Z,PRPO,0,24.130416666666665,temperature
2020-07-24T00:00:00Z,PRPO,0.25,24.02166666666667,temperature
2020-07-24T00:00:00Z,PRPO,0.5,23.965,temperature
2020-07-24T00:00:00Z,PRPO,0.75,23.922083333333333,temperature
2020-07-24T00:00:00Z,PRPO,1,23.882083333333338,temperature
2020-07-25T00:00:00Z,PRPO,0,24.867916666666662,temperature
2020-07-25T00:00:00Z,PRPO,0.25,24.486875,temperature
2020-07-25T00:00:00Z,PRPO,0.5,24.324791666666663,temperature
2020-07-25T00:00:00Z,PRPO,0.75,24.247291666666666,temperature
2020-07-25T00:00:00Z,PRPO,1,24.203541666666663,temperature
2020-07-26T00:00:00Z,PRPO,0,25.193125,temperature
2020-07-26T00:00:00Z,PRPO,0.25,24.98,temperature
2020-07-26T00:00:00Z,PRPO,0.5,24.74416666666667,temperature
2020-07-26T00:00:00Z,PRPO,0.75,24.566041666666667,temperature
2020-07-26T00:00:00Z,PRPO,1,24.449583333333333,temperature
2020-07-27T00:00:00Z,PRPO,0,24.3675,temperature
2020-07-27T00:00:00Z,PRPO,0.25,24.350208333333335,temperature
2020-07-27T00:00:00Z,PRPO,0.5,24.327916666666667,temperature
2020-07-27T00:00:00Z,PRPO,0.75,24.289791666666662,temperature
2020-07-27T00:00:00Z,PRPO,1,24.228958333333335,temperature
2020-07-28T00:00:00Z,PRPO,0,24.539791666666662,temperature
2020-07-28T00:00:00Z,PRPO,0.25,24.500625,temperature
2020-07-28T00:00:00Z,PRPO,0.5,24.427083333333332,temperature
2020-07-28T00:00:00Z,PRPO,0.75,24.31875,temperature
2020-07-28T00:00:00Z,PRPO,1,24.195416666666667,temperature
2020-07-29T00:00:00Z,PRPO,0,25.493333333333332,temperature
2020-07-29T00:00:00Z,PRPO,0.25,25.452291666666667,temperature
2020-07-29T00:00:00Z,PRPO,0.5,25.319791666666667,temperature
2020-07-29T00:00:00Z,PRPO,0.75,24.887916666666666,temperature
2020-07-29T00:00:00Z,PRPO,1,24.679375,temperature
2020-07-30T00:00:00Z,PRPO,0,26.620416666666667,temperature
2020-07-30T00:00:00Z,PRPO,0.25,26.347708333333333,temperature
2020-07-30T00:00:00Z,PRPO,0.5,25.6275,temperature
2020-07-30T00:00:00Z,PRPO,0.75,25.197708333333335,temperature
2020-07-30T00:00:00Z,PRPO,1,24.808958333333333,temperature
2020-07-31T00:00:00Z,PRPO,0,26.42,temperature
2020-07-31T00:00:00Z,PRPO,0.25,26.395208333333333,temperature
2020-07-31T00:00:00Z,PRPO,0.5,26.063541666666666,temperature
2020-07-31T00:00:00Z,PRPO,0.75,25.672083333333333,temperature
2020-07-31T00:00:00Z,PRPO,1,25.451458333333335,temperature
2020-08-01T00:00:00Z,PRPO,0,24.830833333333334,temperature
2020-08-01T00:00:00Z,PRPO,0.25,24.824583333333333,temperature
2020-08-01T00:00:00Z,PRPO,0.5,24.825416666666666,temperature
2020-08-01T00:00:00Z,PRPO,0.75,24.824791666666663,temperature
2020-08-01T00:00:00Z,PRPO,1,24.825833333333332,temperature
2020-08-02T00:00:00Z,PRPO,0,23.866666666666667,temperature
2020-08-02T00:00:00Z,PRPO,0.25,23.8525,temperature
2020-08-02T00:00:00Z,PRPO,0.5,23.845208333333332,temperature
2020-08-02T00:00:00Z,PRPO,0.75,23.839166666666667,temperature
2020-08-02T00:00:00Z,PRPO,1,23.832083333333333,temperature
2020-08-03T00:00:00Z,PRPO,0,23.902708333333333,temperature
2020-08-03T00:00:00Z,PRPO,0.25,23.833333333333332,temperature
2020-08-03T00:00:00Z,PRPO,0.5,23.729375,temperature
2020-08-03T00:00:00Z,PRPO,0.75,23.427021276595745,temperature
2020-08-03T00:00:00Z,PRPO,1,23.147291666666668,temperature
2020-08-04T00:00:00Z,PRPO,0,23.664583333333333,temperature
2020-08-04T00:00:00Z,PRPO,0.25,23.62375,temperature
2020-08-04T00:00:00Z,PRPO,0.5,23.538333333333338,temperature
2020-08-04T00:00:00Z,PRPO,0.75,23.420625,temperature
2020-08-04T00:00:00Z,PRPO,1,23.308333333333337,temperature
2020-08-05T00:00:00Z,PRPO,0,23.370208333333338,temperature
2020-08-05T00:00:00Z,PRPO,0.25,23.161041666666662,temperature
2020-08-05T00:00:00Z,PRPO,0.5,23.078125,temperature
2020-08-05T00:00:00Z,PRPO,0.75,23.017083333333332,temperature
2020-08-05T00:00:00Z,PRPO,1,22.989583333333332,temperature
2020-08-06T00:00:00Z,PRPO,0,24.019583333333333,temperature
2020-08-06T00:00:00Z,PRPO,0.25,23.825416666666666,temperature
2020-08-06T00:00:00Z,PRPO,0.5,23.541666666666668,temperature
2020-08-06T00:00:00Z,PRPO,0.75,23.2675,temperature
2020-08-06T00:00:00Z,PRPO,1,23.159166666666668,temperature
2020-08-07T00:00:00Z,PRPO,0,23.890833333333333,temperature
2020-08-07T00:00:00Z,PRPO,0.25,23.885,temperature
2020-08-07T00:00:00Z,PRPO,0.5,23.875,temperature
2020-08-07T00:00:00Z,PRPO,0.75,23.862916666666667,temperature
2020-08-07T00:00:00Z,PRPO,1,23.845,temperature
2020-08-08T00:00:00Z,PRPO,0,24.080416666666668,temperature
2020-08-08T00:00:00Z,PRPO,0.25,24.057291666666668,temperature
2020-08-08T00:00:00Z,PRPO,0.5,24.029375,temperature
2020-08-08T00:00:00Z,PRPO,0.75,23.991875,temperature
2020-08-08T00:00:00Z,PRPO,1,23.955416666666668,temperature
2020-08-09T00:00:00Z,PRPO,0,23.828541666666663,temperature
2020-08-09T00:00:00Z,PRPO,0.25,23.822708333333335,temperature
2020-08-09T00:00:00Z,PRPO,0.5,23.812083333333337,temperature
2020-08-09T00:00:00Z,PRPO,0.75,23.78,temperature
2020-08-09T00:00:00Z,PRPO,1,23.721041666666668,temperature
2020-08-10T00:00:00Z,PRPO,0,22.873958333333334,temperature
2020-08-10T00:00:00Z,PRPO,0.25,22.871666666666663,temperature
2020-08-10T00:00:00Z,PRPO,0.5,22.868541666666665,temperature
2020-08-10T00:00:00Z,PRPO,0.75,22.864583333333332,temperature
2020-08-10T00:00:00Z,PRPO,1,22.861666666666668,temperature
2020-08-11T00:00:00Z,PRPO,0,22.413958333333333,temperature
2020-08-11T00:00:00Z,PRPO,0.25,22.398125,temperature
2020-08-11T00:00:00Z,PRPO,0.5,22.382708333333333,temperature
2020-08-11T00:00:00Z,PRPO,0.75,22.348958333333332,temperature
2020-08-11T00:00:00Z,PRPO,1,22.312083333333337,temperature
2020-08-12T00:00:00Z,PRPO,0,23.126875,temperature
2020-08-12T00:00:00Z,PRPO,0.25,23.11541666666667,temperature
2020-08-12T00:00:00Z,PRPO,0.5,23.102291666666662,temperature
2020-08-12T00:00:00Z,PRPO,0.75,23.086041666666667,temperature
2020-08-12T00:00:00Z,PRPO,1,23.056875,temperature
2020-08-13T00:00:00Z,PRPO,0,23.732291666666665,temperature
2020-08-13T00:00:00Z,PRPO,0.25,23.686666666666667,temperature
2020-08-13T00:00:00Z,PRPO,0.5,23.656458333333333,temperature
2020-08-13T00:00:00Z,PRPO,0.75,23.589583333333337,temperature
2020-08-13T00:00:00Z,PRPO,1,23.553958333333338,temperature
2020-08-14T00:00:00Z,PRPO,0,23.541875,temperature
2020-08-14T00:00:00Z,PRPO,0.25,23.541458333333335,temperature
2020-08-14T00:00:00Z,PRPO,0.5,23.5375,temperature
2020-08-14T00:00:00Z,PRPO,0.75,23.528125,temperature
2020-08-14T00:00:00Z,PRPO,1,23.516666666666666,temperature
2020-08-15T00:00:00Z,PRPO,0,22.011666666666667,temperature
2020-08-15T00:00:00Z,PRPO,0.25,22.005208333333332,temperature
2020-08-15T00:00:00Z,PRPO,0.5,22.004375,temperature
2020-08-15T00:00:00Z,PRPO,0.75,22.003541666666667,temperature
2020-08-15T00:00:00Z,PRPO,1,22.002291666666668,temperature
2020-08-16T00:00:00Z,PRPO,0,21.892083333333332,temperature
2020-08-16T00:00:00Z,PRPO,0.25,21.889583333333334,temperature
2020-08-16T00:00:00Z,PRPO,0.5,21.888333333333332,temperature
2020-08-16T00:00:00Z,PRPO,0.75,21.888125,temperature
2020-08-16T00:00:00Z,PRPO,1,21.886041666666667,temperature
2020-08-17T00:00:00Z,PRPO,0,22.361875,temperature
2020-08-17T00:00:00Z,PRPO,0.25,22.19875,temperature
2020-08-17T00:00:00Z,PRPO,0.5,22.073541666666667,temperature
2020-08-17T00:00:00Z,PRPO,0.75,21.97833333333333,temperature
2020-08-17T00:00:00Z,PRPO,1,21.9,temperature
2020-08-18T00:00:00Z,PRPO,0,23.57625,temperature
2020-08-18T00:00:00Z,PRPO,0.25,23.457291666666663,temperature
2020-08-18T00:00:00Z,PRPO,0.5,23.304791666666667,temperature
2020-08-18T00:00:00Z,PRPO,0.75,23.063541666666666,temperature
2020-08-18T00:00:00Z,PRPO,1,22.77625,temperature
2020-08-19T00:00:00Z,PRPO,0,23.862391304347828,temperature
2020-08-19T00:00:00Z,PRPO,0.25,23.78195652173913,temperature
2020-08-19T00:00:00Z,PRPO,0.5,23.721304347826088,temperature
2020-08-19T00:00:00Z,PRPO,0.75,23.61652173913043,temperature
2020-08-19T00:00:00Z,PRPO,1,23.52695652173913,temperature
2020-08-20T00:00:00Z,PRPO,0,24.73125,temperature
2020-08-20T00:00:00Z,PRPO,0.25,24.624583333333337,temperature
2020-08-20T00:00:00Z,PRPO,0.5,24.4575,temperature
2020-08-20T00:00:00Z,PRPO,0.75,24.285833333333333,temperature
2020-08-20T00:00:00Z,PRPO,1,24.144166666666667,temperature
2020-08-21T00:00:00Z,PRPO,0,24.6325,temperature
2020-08-21T00:00:00Z,PRPO,0.25,24.613333333333333,temperature
2020-08-21T00:00:00Z,PRPO,0.5,24.596666666666668,temperature
2020-08-21T00:00:00Z,PRPO,0.75,24.57875,temperature
2020-08-21T00:00:00Z,PRPO,1,24.53875,temperature
2020-08-22T00:00:00Z,PRPO,0,24.97375,temperature
2020-08-22T00:00:00Z,PRPO,0.25,24.929166666666667,temperature
2020-08-22T00:00:00Z,PRPO,0.5,24.85354166666667,temperature
2020-08-22T00:00:00Z,PRPO,0.75,24.75604166666667,temperature
2020-08-22T00:00:00Z,PRPO,1,24.640625,temperature
2020-08-23T00:00:00Z,PRPO,0,24.985833333333332,temperature
2020-08-23T00:00:00Z,PRPO,0.25,24.969791666666666,temperature
2020-08-23T00:00:00Z,PRPO,0.5,24.888333333333332,temperature
2020-08-23T00:00:00Z,PRPO,0.75,24.73125,temperature
2020-08-23T00:00:00Z,PRPO,1,24.615625,temperature
2020-08-24T00:00:00Z,PRPO,0,23.477708333333332,temperature
2020-08-24T00:00:00Z,PRPO,0.25,23.475625,temperature
2020-08-24T00:00:00Z,PRPO,0.5,23.474375,temperature
2020-08-24T00:00:00Z,PRPO,0.75,23.471875,temperature
2020-08-24T00:00:00Z,PRPO,1,23.470625,temperature
2020-08-25T00:00:00Z,PRPO,0,23.25604166666667,temperature
2020-08-25T00:00:00Z,PRPO,0.25,23.2475,temperature
2020-08-25T00:00:00Z,PRPO,0.5,23.242291666666667,temperature
2020-08-25T00:00:00Z,PRPO,0.75,23.237708333333337,temperature
2020-08-25T00:00:00Z,PRPO,1,23.232708333333335,temperature
2020-08-26T00:00:00Z,PRPO,0,23.866041666666668,temperature
2020-08-26T00:00:00Z,PRPO,0.25,23.825416666666666,temperature
2020-08-26T00:00:00Z,PRPO,0.5,23.781875,temperature
2020-08-26T00:00:00Z,PRPO,0.75,23.73625,temperature
2020-08-26T00:00:00Z,PRPO,1,23.679375,temperature
2020-08-27T00:00:00Z,PRPO,0,23.562916666666663,temperature
2020-08-27T00:00:00Z,PRPO,0.25,23.549791666666668,temperature
2020-08-27T00:00:00Z,PRPO,0.5,23.531666666666663,temperature
2020-08-27T00:00:00Z,PRPO,0.75,23.4825,temperature
2020-08-27T00:00:00Z,PRPO,1,23.432083333333335,temperature
2020-08-28T00:00:00Z,PRPO,0,22.315625,temperature
2020-08-28T00:00:00Z,PRPO,0.25,22.31625,temperature
2020-08-28T00:00:00Z,PRPO,0.5,22.316875,temperature
2020-08-28T00:00:00Z,PRPO,0.75,22.318958333333335,temperature
2020-08-28T00:00:00Z,PRPO,1,22.31875,temperature
2020-08-29T00:00:00Z,PRPO,0,21.87875,temperature
2020-08-29T00:00:00Z,PRPO,0.25,21.84125,temperature
2020-08-29T00:00:00Z,PRPO,0.5,21.814375,temperature
2020-08-29T00:00:00Z,PRPO,0.75,21.790208333333332,temperature
2020-08-29T00:00:00Z,PRPO,1,21.76625,temperature
2020-08-30T00:00:00Z,PRPO,0,21.41583333333333,temperature
2020-08-30T00:00:00Z,PRPO,0.25,21.413958333333333,temperature
2020-08-30T00:00:00Z,PRPO,0.5,21.411875,temperature
2020-08-30T00:00:00Z,PRPO,0.75,21.409166666666668,temperature
2020-08-30T00:00:00Z,PRPO,1,21.408125,temperature
2020-08-31T00:00:00Z,PRPO,0,19.261875,temperature
2020-08-31T00:00:00Z,PRPO,0.25,19.25604166666667,temperature
2020-08-31T00:00:00Z,PRPO,0.5,19.256666666666668,temperature
2020-08-31T00:00:00Z,PRPO,0.75,19.257291666666667,temperature
2020-08-31T00:00:00Z,PRPO,1,19.25604166666667,temperature
2020-09-01T00:00:00Z,PRPO,0,18.182291666666668,temperature
2020-09-01T00:00:00Z,PRPO,0.25,18.175208333333337,temperature
2020-09-01T00:00:00Z,PRPO,0.5,18.175833333333333,temperature
2020-09-01T00:00:00Z,PRPO,0.75,18.177291666666665,temperature
2020-09-01T00:00:00Z,PRPO,1,18.176458333333333,temperature
2020-09-02T00:00:00Z,PRPO,0,17.49875,temperature
2020-09-02T00:00:00Z,PRPO,0.25,17.491041666666668,temperature
2020-09-02T00:00:00Z,PRPO,0.5,17.488333333333333,temperature
2020-09-02T00:00:00Z,PRPO,0.75,17.483958333333334,temperature
2020-09-02T00:00:00Z,PRPO,1,17.479791666666667,temperature
2020-09-03T00:00:00Z,PRPO,0,16.905208333333334,temperature
2020-09-03T00:00:00Z,PRPO,0.25,16.899791666666665,temperature
2020-09-03T00:00:00Z,PRPO,0.5,16.90125,temperature
2020-09-03T00:00:00Z,PRPO,0.75,16.902291666666667,temperature
2020-09-03T00:00:00Z,PRPO,1,16.8975,temperature
2020-09-04T00:00:00Z,PRPO,0,16.310208333333332,temperature
2020-09-04T00:00:00Z,PRPO,0.25,16.304375,temperature
2020-09-04T00:00:00Z,PRPO,0.5,16.301458333333333,temperature
2020-09-04T00:00:00Z,PRPO,0.75,16.301458333333333,temperature
2020-09-04T00:00:00Z,PRPO,1,16.296666666666667,temperature
2020-09-05T00:00:00Z,PRPO,0,16.905,temperature
2020-09-05T00:00:00Z,PRPO,0.25,16.889166666666668,temperature
2020-09-05T00:00:00Z,PRPO,0.5,16.883333333333333,temperature
2020-09-05T00:00:00Z,PRPO,0.75,16.87708333333333,temperature
2020-09-05T00:00:00Z,PRPO,1,16.870416666666667,temperature
2020-09-06T00:00:00Z,PRPO,0,17.41125,temperature
2020-09-06T00:00:00Z,PRPO,0.25,17.410208333333333,temperature
2020-09-06T00:00:00Z,PRPO,0.5,17.409375,temperature
2020-09-06T00:00:00Z,PRPO,0.75,17.409375,temperature
2020-09-06T00:00:00Z,PRPO,1,17.401666666666667,temperature
2020-09-07T00:00:00Z,PRPO,0,16.293958333333332,temperature
2020-09-07T00:00:00Z,PRPO,0.25,16.29625,temperature
2020-09-07T00:00:00Z,PRPO,0.5,16.298125,temperature
2020-09-07T00:00:00Z,PRPO,0.75,16.300416666666667,temperature
2020-09-07T00:00:00Z,PRPO,1,16.298958333333335,temperature
2020-09-08T00:00:00Z,PRPO,0,14.336666666666666,temperature
2020-09-08T00:00:00Z,PRPO,0.25,14.337291666666667,temperature
2020-09-08T00:00:00Z,PRPO,0.5,14.338333333333331,temperature
2020-09-08T00:00:00Z,PRPO,0.75,14.34,temperature
2020-09-08T00:00:00Z,PRPO,1,14.337916666666668,temperature
2020-09-09T00:00:00Z,PRPO,0,13.555833333333334,temperature
2020-09-09T00:00:00Z,PRPO,0.25,13.547708333333333,temperature
2020-09-09T00:00:00Z,PRPO,0.5,13.544791666666669,temperature
2020-09-09T00:00:00Z,PRPO,0.75,13.542708333333334,temperature
2020-09-09T00:00:00Z,PRPO,1,13.5375,temperature
2020-09-10T00:00:00Z,PRPO,0,13.211875,temperature
2020-09-10T00:00:00Z,PRPO,0.25,13.195208333333332,temperature
2020-09-10T00:00:00Z,PRPO,0.5,13.183958333333331,temperature
2020-09-10T00:00:00Z,PRPO,0.75,13.169791666666669,temperature
2020-09-10T00:00:00Z,PRPO,1,13.15375,temperature
2020-09-11T00:00:00Z,PRPO,0,13.513541666666669,temperature
2020-09-11T00:00:00Z,PRPO,0.25,13.5075,temperature
2020-09-11T00:00:00Z,PRPO,0.5,13.502291666666666,temperature
2020-09-11T00:00:00Z,PRPO,0.75,13.491458333333334,temperature
2020-09-11T00:00:00Z,PRPO,1,13.480625,temperature
2020-09-12T00:00:00Z,PRPO,0,13.833541666666669,temperature
2020-09-12T00:00:00Z,PRPO,0.25,13.775833333333331,temperature
2020-09-12T00:00:00Z,PRPO,0.5,13.709375,temperature
2020-09-12T00:00:00Z,PRPO,0.75,13.587916666666668,temperature
2020-09-12T00:00:00Z,PRPO,1,13.516666666666667,temperature
2020-09-13T00:00:00Z,PRPO,0,14.967916666666667,temperature
2020-09-13T00:00:00Z,PRPO,0.25,14.876666666666669,temperature
2020-09-13T00:00:00Z,PRPO,0.5,14.674375,temperature
2020-09-13T00:00:00Z,PRPO,0.75,14.480416666666668,temperature
2020-09-13T00:00:00Z,PRPO,1,14.353125,temperature
2020-09-14T00:00:00Z,PRPO,0,14.342708333333333,temperature
2020-09-14T00:00:00Z,PRPO,0.25,14.338333333333331,temperature
2020-09-14T00:00:00Z,PRPO,0.5,14.336041666666668,temperature
2020-09-14T00:00:00Z,PRPO,0.75,14.332291666666666,temperature
2020-09-14T00:00:00Z,PRPO,1,14.328333333333331,temperature
2020-09-15T00:00:00Z,PRPO,0,14.773541666666668,temperature
2020-09-15T00:00:00Z,PRPO,0.25,14.762916666666667,temperature
2020-09-15T00:00:00Z,PRPO,0.5,14.750625,temperature
2020-09-15T00:00:00Z,PRPO,0.75,14.74,temperature
2020-09-15T00:00:00Z,PRPO,1,14.724791666666668,temperature
2020-09-16T00:00:00Z,PRPO,0,14.770208333333333,temperature
2020-09-16T00:00:00Z,PRPO,0.25,14.762708333333332,temperature
2020-09-16T00:00:00Z,PRPO,0.5,14.75625,temperature
2020-09-16T00:00:00Z,PRPO,0.75,14.751041666666666,temperature
2020-09-16T00:00:00Z,PRPO,1,14.740416666666668,temperature
2020-09-17T00:00:00Z,PRPO,0,14.93125,temperature
2020-09-17T00:00:00Z,PRPO,0.25,14.827291666666667,temperature
2020-09-17T00:00:00Z,PRPO,0.5,14.726041666666667,temperature
2020-09-17T00:00:00Z,PRPO,0.75,14.6775,temperature
2020-09-17T00:00:00Z,PRPO,1,14.642708333333331,temperature
2020-09-18T00:00:00Z,PRPO,0,14.584375,temperature
2020-09-18T00:00:00Z,PRPO,0.25,14.544166666666667,temperature
2020-09-18T00:00:00Z,PRPO,0.5,14.510625,temperature
2020-09-18T00:00:00Z,PRPO,0.75,14.494375,temperature
2020-09-18T00:00:00Z,PRPO,1,14.482291666666669,temperature
2020-09-19T00:00:00Z,PRPO,0,14.703541666666666,temperature
2020-09-19T00:00:00Z,PRPO,0.25,14.701875,temperature
2020-09-19T00:00:00Z,PRPO,0.5,14.699791666666666,temperature
2020-09-19T00:00:00Z,PRPO,0.75,14.69625,temperature
2020-09-19T00:00:00Z,PRPO,1,14.694166666666666,temperature
2020-09-20T00:00:00Z,PRPO,0,15.131875,temperature
2020-09-20T00:00:00Z,PRPO,0.25,15.124375,temperature
2020-09-20T00:00:00Z,PRPO,0.5,15.1225,temperature
2020-09-20T00:00:00Z,PRPO,0.75,15.119583333333331,temperature
2020-09-20T00:00:00Z,PRPO,1,15.117708333333333,temperature
2020-09-21T00:00:00Z,PRPO,0,15.402083333333334,temperature
2020-09-21T00:00:00Z,PRPO,0.25,15.3975,temperature
2020-09-21T00:00:00Z,PRPO,0.5,15.395833333333334,temperature
2020-09-21T00:00:00Z,PRPO,0.75,15.393125,temperature
2020-09-21T00:00:00Z,PRPO,1,15.39125,temperature
2020-09-22T00:00:00Z,PRPO,0,15.969583333333333,temperature
2020-09-22T00:00:00Z,PRPO,0.25,15.947708333333331,temperature
2020-09-22T00:00:00Z,PRPO,0.5,15.918333333333331,temperature
2020-09-22T00:00:00Z,PRPO,0.75,15.903541666666667,temperature
2020-09-22T00:00:00Z,PRPO,1,15.895416666666666,temperature
2020-09-23T00:00:00Z,PRPO,0,16.49875,temperature
2020-09-23T00:00:00Z,PRPO,0.25,16.47458333333333,temperature
2020-09-23T00:00:00Z,PRPO,0.5,16.461875,temperature
2020-09-23T00:00:00Z,PRPO,0.75,16.454375,temperature
2020-09-23T00:00:00Z,PRPO,1,16.44625,temperature
2020-09-24T00:00:00Z,PRPO,0,16.135116279069766,temperature
2020-09-24T00:00:00Z,PRPO,0.25,16.128837209302326,temperature
2020-09-24T00:00:00Z,PRPO,0.5,16.127674418604652,temperature
2020-09-24T00:00:00Z,PRPO,0.75,16.12418604651163,temperature
2020-09-24T00:00:00Z,PRPO,1,16.119767441860464,temperature
2020-10-07T00:00:00Z,PRPO,0,11.282631578947369,temperature
2020-10-07T00:00:00Z,PRPO,0.25,11.269473684210526,temperature
2020-10-07T00:00:00Z,PRPO,0.5,11.268947368421053,temperature
2020-10-07T00:00:00Z,PRPO,0.75,11.265263157894736,temperature
2020-10-07T00:00:00Z,PRPO,1,11.263157894736842,temperature
2020-10-08T00:00:00Z,PRPO,0,11.186458333333333,temperature
2020-10-08T00:00:00Z,PRPO,0.25,11.18,temperature
2020-10-08T00:00:00Z,PRPO,0.5,11.179583333333332,temperature
2020-10-08T00:00:00Z,PRPO,0.75,11.177916666666668,temperature
2020-10-08T00:00:00Z,PRPO,1,11.176666666666666,temperature
2020-10-09T00:00:00Z,PRPO,0,11.186875,temperature
2020-10-09T00:00:00Z,PRPO,0.25,11.1825,temperature
2020-10-09T00:00:00Z,PRPO,0.5,11.182291666666666,temperature
2020-10-09T00:00:00Z,PRPO,0.75,11.181666666666668,temperature
2020-10-09T00:00:00Z,PRPO,1,11.179791666666668,temperature
2020-10-10T00:00:00Z,PRPO,0,11.315833333333334,temperature
2020-10-10T00:00:00Z,PRPO,0.25,11.308333333333334,temperature
2020-10-10T00:00:00Z,PRPO,0.5,11.308541666666668,temperature
2020-10-10T00:00:00Z,PRPO,0.75,11.306666666666668,temperature
2020-10-10T00:00:00Z,PRPO,1,11.305208333333333,temperature
2020-10-11T00:00:00Z,PRPO,0,10.9725,temperature
2020-10-11T00:00:00Z,PRPO,0.25,10.971458333333333,temperature
2020-10-11T00:00:00Z,PRPO,0.5,10.971666666666668,temperature
2020-10-11T00:00:00Z,PRPO,0.75,10.971666666666668,temperature
2020-10-11T00:00:00Z,PRPO,1,10.970833333333331,temperature
2020-10-12T00:00:00Z,PRPO,0,10.13125,temperature
2020-10-12T00:00:00Z,PRPO,0.25,10.128125,temperature
2020-10-12T00:00:00Z,PRPO,0.5,10.128958333333332,temperature
2020-10-12T00:00:00Z,PRPO,0.75,10.127708333333333,temperature
2020-10-12T00:00:00Z,PRPO,1,10.127291666666666,temperature
2020-10-13T00:00:00Z,PRPO,0,9.522708333333334,temperature
2020-10-13T00:00:00Z,PRPO,0.25,9.519166666666669,temperature
2020-10-13T00:00:00Z,PRPO,0.5,9.520625,temperature
2020-10-13T00:00:00Z,PRPO,0.75,9.520208333333333,temperature
2020-10-13T00:00:00Z,PRPO,1,9.520833333333334,temperature
2020-10-14T00:00:00Z,PRPO,0,9.03,temperature
2020-10-14T00:00:00Z,PRPO,0.25,9.03125,temperature
2020-10-14T00:00:00Z,PRPO,0.5,9.032708333333334,temperature
2020-10-14T00:00:00Z,PRPO,0.75,9.033125,temperature
2020-10-14T00:00:00Z,PRPO,1,9.033125,temperature
2020-10-15T00:00:00Z,PRPO,0,7.0529166666666665,temperature
2020-10-15T00:00:00Z,PRPO,0.25,7.052708333333333,temperature
2020-10-15T00:00:00Z,PRPO,0.5,7.057291666666667,temperature
2020-10-15T00:00:00Z,PRPO,0.75,7.05875,temperature
2020-10-15T00:00:00Z,PRPO,1,7.060416666666667,temperature
2020-10-16T00:00:00Z,PRPO,0,5.451875,temperature
2020-10-16T00:00:00Z,PRPO,0.25,5.454583333333334,temperature
2020-10-16T00:00:00Z,PRPO,0.5,5.457291666666666,temperature
2020-10-16T00:00:00Z,PRPO,0.75,5.45875,temperature
2020-10-16T00:00:00Z,PRPO,1,5.4591666666666665,temperature
2020-10-17T00:00:00Z,PRPO,0,4.815416666666667,temperature
2020-10-17T00:00:00Z,PRPO,0.25,4.815625,temperature
2020-10-17T00:00:00Z,PRPO,0.5,4.818333333333333,temperature
2020-10-17T00:00:00Z,PRPO,0.75,4.819166666666667,temperature
2020-10-17T00:00:00Z,PRPO,1,4.819375,temperature
2020-10-18T00:00:00Z,PRPO,0,3.5035416666666666,temperature
2020-10-18T00:00:00Z,PRPO,0.25,3.5064583333333332,temperature
2020-10-18T00:00:00Z,PRPO,0.5,3.511041666666667,temperature
2020-10-18T00:00:00Z,PRPO,0.75,3.513541666666667,temperature
2020-10-18T00:00:00Z,PRPO,1,3.5147916666666665,temperature
2020-10-19T00:00:00Z,PRPO,0,2.4145833333333333,temperature
2020-10-19T00:00:00Z,PRPO,0.25,2.4214583333333333,temperature
2020-10-19T00:00:00Z,PRPO,0.5,2.431875,temperature
2020-10-19T00:00:00Z,PRPO,0.75,2.4422916666666667,temperature
2020-10-19T00:00:00Z,PRPO,1,2.4614583333333333,temperature
2020-10-20T00:00:00Z,PRPO,0,2.185208333333333,temperature
2020-10-20T00:00:00Z,PRPO,0.25,2.1879166666666667,temperature
2020-10-20T00:00:00Z,PRPO,0.5,2.1910416666666666,temperature
2020-10-20T00:00:00Z,PRPO,0.75,2.1935416666666665,temperature
2020-10-20T00:00:00Z,PRPO,1,2.1966666666666668,temperature
2020-10-21T00:00:00Z,PRPO,0,1.5089583333333334,temperature
2020-10-21T00:00:00Z,PRPO,0.25,1.509375,temperature
2020-10-21T00:00:00Z,PRPO,0.5,1.5114583333333331,temperature
2020-10-21T00:00:00Z,PRPO,0.75,1.5120833333333332,temperature
2020-10-21T00:00:00Z,PRPO,1,1.513125,temperature
2020-10-22T00:00:00Z,PRPO,0,1.10125,temperature
2020-10-22T00:00:00Z,PRPO,0.25,1.1225,temperature
2020-10-22T00:00:00Z,PRPO,0.5,1.1391666666666669,temperature
2020-10-22T00:00:00Z,PRPO,0.75,1.1504166666666666,temperature
2020-10-22T00:00:00Z,PRPO,1,1.158125,temperature
2020-10-23T00:00:00Z,PRPO,0,0.9003125000000001,temperature
2020-10-23T00:00:00Z,PRPO,0.25,0.9059375,temperature
2020-10-23T00:00:00Z,PRPO,0.5,0.911875,temperature
2020-10-23T00:00:00Z,PRPO,0.75,0.91625,temperature
2020-10-23T00:00:00Z,PRPO,1,0.9196875,temperature
2021-05-25T00:00:00Z,PRPO,0,16.215,temperature
2021-05-25T00:00:00Z,PRPO,0.25,16.21,temperature
2021-05-25T00:00:00Z,PRPO,0.5,16.22,temperature
2021-05-25T00:00:00Z,PRPO,0.75,16.21,temperature
2021-05-25T00:00:00Z,PRPO,1,16.211666666666666,temperature
2021-05-26T00:00:00Z,PRPO,0,14.93375,temperature
2021-05-26T00:00:00Z,PRPO,0.25,14.92875,temperature
2021-05-26T00:00:00Z,PRPO,0.5,14.930416666666666,temperature
2021-05-26T00:00:00Z,PRPO,0.75,14.932291666666666,temperature
2021-05-26T00:00:00Z,PRPO,1,14.93125,temperature
2021-05-27T00:00:00Z,PRPO,0,13.31875,temperature
2021-05-27T00:00:00Z,PRPO,0.25,13.317708333333334,temperature
2021-05-27T00:00:00Z,PRPO,0.5,13.316875,temperature
2021-05-27T00:00:00Z,PRPO,0.75,13.315,temperature
2021-05-27T00:00:00Z,PRPO,1,13.31625,temperature
2021-05-28T00:00:00Z,PRPO,0,12.25875,temperature
2021-05-28T00:00:00Z,PRPO,0.25,12.257708333333332,temperature
2021-05-28T00:00:00Z,PRPO,0.5,12.252916666666668,temperature
2021-05-28T00:00:00Z,PRPO,0.75,12.246041666666668,temperature
2021-05-28T00:00:00Z,PRPO,1,12.243125,temperature
2021-05-29T00:00:00Z,PRPO,0,12.78,temperature
2021-05-29T00:00:00Z,PRPO,0.25,12.779166666666669,temperature
2021-05-29T00:00:00Z,PRPO,0.5,12.7775,temperature
2021-05-29T00:00:00Z,PRPO,0.75,12.775625,temperature
2021-05-29T00:00:00Z,PRPO,1,12.774166666666666,temperature
2021-05-30T00:00:00Z,PRPO,0,13.0775,temperature
2021-05-30T00:00:00Z,PRPO,0.25,13.07125,temperature
2021-05-30T00:00:00Z,PRPO,0.5,13.065208333333333,temperature
2021-05-30T00:00:00Z,PRPO,0.75,13.058541666666668,temperature
2021-05-30T00:00:00Z,PRPO,1,13.051875,temperature
2021-05-31T00:00:00Z,PRPO,0,14.0652,temperature
2021-05-31T00:00:00Z,PRPO,0.25,14.0636,temperature
2021-05-31T00:00:00Z,PRPO,0.5,14.0628,temperature
2021-05-31T00:00:00Z,PRPO,0.75,14.0604,temperature
2021-05-31T00:00:00Z,PRPO,1,14.058,temperature
2021-06-01T00:00:00Z,PRPO,0,16.227894736842106,temperature
2021-06-01T00:00:00Z,PRPO,0.25,16.08736842105263,temperature
2021-06-01T00:00:00Z,PRPO,0.5,15.843157894736844,temperature
2021-06-01T00:00:00Z,PRPO,0.75,15.158947368421051,temperature
2021-06-01T00:00:00Z,PRPO,1,14.75578947368421,temperature
2021-06-02T00:00:00Z,PRPO,0,15.945,temperature
2021-06-02T00:00:00Z,PRPO,0.25,15.655,temperature
2021-06-02T00:00:00Z,PRPO,0.5,15.34,temperature
2021-06-02T00:00:00Z,PRPO,0.75,14.65,temperature
2021-06-02T00:00:00Z,PRPO,1,14.325,temperature
2021-06-07T00:00:00Z,PRPO,0,22.462,temperature
2021-06-07T00:00:00Z,PRPO,0.25,22.452,temperature
2021-06-07T00:00:00Z,PRPO,0.5,22.436,temperature
2021-06-07T00:00:00Z,PRPO,0.75,22.416,temperature
2021-06-07T00:00:00Z,PRPO,1,22.37,temperature
2021-06-08T00:00:00Z,PRPO,0,21.76625,temperature
2021-06-08T00:00:00Z,PRPO,0.25,21.763333333333332,temperature
2021-06-08T00:00:00Z,PRPO,0.5,21.75875,temperature
2021-06-08T00:00:00Z,PRPO,0.75,21.751458333333332,temperature
2021-06-08T00:00:00Z,PRPO,1,21.735625,temperature
2021-06-09T00:00:00Z,PRPO,0,21.401041666666668,temperature
2021-06-09T00:00:00Z,PRPO,0.25,21.377916666666668,temperature
2021-06-09T00:00:00Z,PRPO,0.5,21.335,temperature
2021-06-09T00:00:00Z,PRPO,0.75,21.220416666666665,temperature
2021-06-09T00:00:00Z,PRPO,1,21.043333333333333,temperature
2021-06-10T00:00:00Z,PRPO,0,23.090833333333332,temperature
2021-06-10T00:00:00Z,PRPO,0.25,23.022916666666667,temperature
2021-06-10T00:00:00Z,PRPO,0.5,22.91979166666667,temperature
2021-06-10T00:00:00Z,PRPO,0.75,22.760833333333338,temperature
2021-06-10T00:00:00Z,PRPO,1,22.562291666666667,temperature
2021-06-11T00:00:00Z,PRPO,0,23.30666666666667,temperature
2021-06-11T00:00:00Z,PRPO,0.25,23.306875,temperature
2021-06-11T00:00:00Z,PRPO,0.5,23.305833333333332,temperature
2021-06-11T00:00:00Z,PRPO,0.75,23.305208333333333,temperature
2021-06-11T00:00:00Z,PRPO,1,23.305416666666662,temperature
2021-06-12T00:00:00Z,PRPO,0,20.898333333333333,temperature
2021-06-12T00:00:00Z,PRPO,0.25,20.887708333333332,temperature
2021-06-12T00:00:00Z,PRPO,0.5,20.875208333333333,temperature
2021-06-12T00:00:00Z,PRPO,0.75,20.859375,temperature
2021-06-12T00:00:00Z,PRPO,1,20.825208333333332,temperature
2021-06-13T00:00:00Z,PRPO,0,21.546041666666667,temperature
2021-06-13T00:00:00Z,PRPO,0.25,21.529166666666665,temperature
2021-06-13T00:00:00Z,PRPO,0.5,21.5,temperature
2021-06-13T00:00:00Z,PRPO,0.75,21.406875,temperature
2021-06-13T00:00:00Z,PRPO,1,21.301041666666663,temperature
2021-06-14T00:00:00Z,PRPO,0,22.179583333333333,temperature
2021-06-14T00:00:00Z,PRPO,0.25,21.967291666666668,temperature
2021-06-14T00:00:00Z,PRPO,0.5,21.783958333333334,temperature
2021-06-14T00:00:00Z,PRPO,0.75,21.639375,temperature
2021-06-14T00:00:00Z,PRPO,1,21.517291666666665,temperature
2021-06-15T00:00:00Z,PRPO,0,23.284791666666667,temperature
2021-06-15T00:00:00Z,PRPO,0.25,23.152708333333333,temperature
2021-06-15T00:00:00Z,PRPO,0.5,22.814375,temperature
2021-06-15T00:00:00Z,PRPO,0.75,22.567083333333333,temperature
2021-06-15T00:00:00Z,PRPO,1,22.265625,temperature
2021-06-16T00:00:00Z,PRPO,0,22.888333333333332,temperature
2021-06-16T00:00:00Z,PRPO,0.25,22.878125,temperature
2021-06-16T00:00:00Z,PRPO,0.5,22.862916666666667,temperature
2021-06-16T00:00:00Z,PRPO,0.75,22.832916666666662,temperature
2021-06-16T00:00:00Z,PRPO,1,22.809791666666666,temperature
2021-06-17T00:00:00Z,PRPO,0,22.799166666666668,temperature
2021-06-17T00:00:00Z,PRPO,0.25,22.758541666666662,temperature
2021-06-17T00:00:00Z,PRPO,0.5,22.71125,temperature
2021-06-17T00:00:00Z,PRPO,0.75,22.587083333333332,temperature
2021-06-17T00:00:00Z,PRPO,1,22.496875,temperature
2021-06-18T00:00:00Z,PRPO,0,22.546875,temperature
2021-06-18T00:00:00Z,PRPO,0.25,22.536041666666662,temperature
2021-06-18T00:00:00Z,PRPO,0.5,22.518125,temperature
2021-06-18T00:00:00Z,PRPO,0.75,22.475,temperature
2021-06-18T00:00:00Z,PRPO,1,22.353958333333335,temperature
2021-06-19T00:00:00Z,PRPO,0,21.811875,temperature
2021-06-19T00:00:00Z,PRPO,0.25,21.78625,temperature
2021-06-19T00:00:00Z,PRPO,0.5,21.72458333333333,temperature
2021-06-19T00:00:00Z,PRPO,0.75,21.620416666666667,temperature
2021-06-19T00:00:00Z,PRPO,1,21.519583333333333,temperature
2021-06-20T00:00:00Z,PRPO,0,21.89875,temperature
2021-06-20T00:00:00Z,PRPO,0.25,21.882916666666667,temperature
2021-06-20T00:00:00Z,PRPO,0.5,21.843958333333333,temperature
2021-06-20T00:00:00Z,PRPO,0.75,21.7,temperature
2021-06-20T00:00:00Z,PRPO,1,21.515,temperature
2021-06-21T00:00:00Z,PRPO,0,19.89375,temperature
2021-06-21T00:00:00Z,PRPO,0.25,19.890833333333333,temperature
2021-06-21T00:00:00Z,PRPO,0.5,19.883958333333332,temperature
2021-06-21T00:00:00Z,PRPO,0.75,19.874791666666667,temperature
2021-06-21T00:00:00Z,PRPO,1,19.863333333333333,temperature
2021-06-22T00:00:00Z,PRPO,0,19.446666666666665,temperature
2021-06-22T00:00:00Z,PRPO,0.25,19.419583333333332,temperature
2021-06-22T00:00:00Z,PRPO,0.5,19.389791666666667,temperature
2021-06-22T00:00:00Z,PRPO,0.75,19.305208333333333,temperature
2021-06-22T00:00:00Z,PRPO,1,19.159583333333337,temperature
2021-06-23T00:00:00Z,PRPO,0,20.531666666666663,temperature
2021-06-23T00:00:00Z,PRPO,0.25,20.498541666666668,temperature
2021-06-23T00:00:00Z,PRPO,0.5,20.433333333333337,temperature
2021-06-23T00:00:00Z,PRPO,0.75,20.260833333333338,temperature
2021-06-23T00:00:00Z,PRPO,1,20.09979166666667,temperature
2021-06-24T00:00:00Z,PRPO,0,21.357083333333332,temperature
2021-06-24T00:00:00Z,PRPO,0.25,21.184791666666666,temperature
2021-06-24T00:00:00Z,PRPO,0.5,21.013125,temperature
2021-06-24T00:00:00Z,PRPO,0.75,20.907916666666665,temperature
2021-06-24T00:00:00Z,PRPO,1,20.825833333333332,temperature
2021-06-25T00:00:00Z,PRPO,0,21.910416666666663,temperature
2021-06-25T00:00:00Z,PRPO,0.25,21.770416666666662,temperature
2021-06-25T00:00:00Z,PRPO,0.5,21.357916666666668,temperature
2021-06-25T00:00:00Z,PRPO,0.75,20.969791666666666,temperature
2021-06-25T00:00:00Z,PRPO,1,20.54625,temperature
2021-06-26T00:00:00Z,PRPO,0,21.110833333333332,temperature
2021-06-26T00:00:00Z,PRPO,0.25,21.095625,temperature
2021-06-26T00:00:00Z,PRPO,0.5,21.064375,temperature
2021-06-26T00:00:00Z,PRPO,0.75,20.954375,temperature
2021-06-26T00:00:00Z,PRPO,1,20.812916666666663,temperature
2021-06-27T00:00:00Z,PRPO,0,21.66208333333333,temperature
2021-06-27T00:00:00Z,PRPO,0.25,21.608958333333337,temperature
2021-06-27T00:00:00Z,PRPO,0.5,21.543541666666663,temperature
2021-06-27T00:00:00Z,PRPO,0.75,21.395,temperature
2021-06-27T00:00:00Z,PRPO,1,21.10333333333333,temperature
2021-06-28T00:00:00Z,PRPO,0,21.538541666666667,temperature
2021-06-28T00:00:00Z,PRPO,0.25,21.488541666666663,temperature
2021-06-28T00:00:00Z,PRPO,0.5,21.433958333333333,temperature
2021-06-28T00:00:00Z,PRPO,0.75,21.35125,temperature
2021-06-28T00:00:00Z,PRPO,1,21.21875,temperature
2021-06-29T00:00:00Z,PRPO,0,21.5875,temperature
2021-06-29T00:00:00Z,PRPO,0.25,21.409375,temperature
2021-06-29T00:00:00Z,PRPO,0.5,21.27875,temperature
2021-06-29T00:00:00Z,PRPO,0.75,21.153125,temperature
2021-06-29T00:00:00Z,PRPO,1,20.96125,temperature
2021-06-30T00:00:00Z,PRPO,0,22.79255319148936,temperature
2021-06-30T00:00:00Z,PRPO,0.25,21.974375,temperature
2021-06-30T00:00:00Z,PRPO,0.5,21.409583333333337,temperature
2021-06-30T00:00:00Z,PRPO,0.75,21.035833333333333,temperature
2021-06-30T00:00:00Z,PRPO,1,20.800416666666667,temperature
2021-07-01T00:00:00Z,PRPO,0,24.786595744680852,temperature
2021-07-01T00:00:00Z,PRPO,0.25,23.506458333333335,temperature
2021-07-01T00:00:00Z,PRPO,0.5,22.081875,temperature
2021-07-01T00:00:00Z,PRPO,0.75,21.306875,temperature
2021-07-01T00:00:00Z,PRPO,1,20.855,temperature
2021-07-02T00:00:00Z,PRPO,0,25.946458333333332,temperature
2021-07-02T00:00:00Z,PRPO,0.25,24.77541666666667,temperature
2021-07-02T00:00:00Z,PRPO,0.5,23.894375,temperature
2021-07-02T00:00:00Z,PRPO,0.75,23.17833333333333,temperature
2021-07-02T00:00:00Z,PRPO,1,22.185744680851062,temperature
2021-07-03T00:00:00Z,PRPO,0,24.945833333333333,temperature
2021-07-03T00:00:00Z,PRPO,0.25,24.927291666666665,temperature
2021-07-03T00:00:00Z,PRPO,0.5,24.897708333333338,temperature
2021-07-03T00:00:00Z,PRPO,0.75,24.846458333333334,temperature
2021-07-03T00:00:00Z,PRPO,1,24.28531914893617,temperature
2021-07-04T00:00:00Z,PRPO,0,24.916041666666665,temperature
2021-07-04T00:00:00Z,PRPO,0.25,24.9125,temperature
2021-07-04T00:00:00Z,PRPO,0.5,24.9075,temperature
2021-07-04T00:00:00Z,PRPO,0.75,24.901875,temperature
2021-07-04T00:00:00Z,PRPO,1,24.88,temperature
2021-07-05T00:00:00Z,PRPO,0,25.194375,temperature
2021-07-05T00:00:00Z,PRPO,0.25,25.09583333333333,temperature
2021-07-05T00:00:00Z,PRPO,0.5,24.909791666666667,temperature
2021-07-05T00:00:00Z,PRPO,0.75,24.691041666666667,temperature
2021-07-05T00:00:00Z,PRPO,1,24.533125,temperature
2021-07-06T00:00:00Z,PRPO,0,24.183333333333337,temperature
2021-07-06T00:00:00Z,PRPO,0.25,24.082708333333333,temperature
2021-07-06T00:00:00Z,PRPO,0.5,23.933333333333337,temperature
2021-07-06T00:00:00Z,PRPO,0.75,23.779375,temperature
2021-07-06T00:00:00Z,PRPO,1,23.603125,temperature
2021-07-07T00:00:00Z,PRPO,0,22.00979166666667,temperature
2021-07-07T00:00:00Z,PRPO,0.25,21.936875,temperature
2021-07-07T00:00:00Z,PRPO,0.5,21.741875,temperature
2021-07-07T00:00:00Z,PRPO,0.75,21.517291666666665,temperature
2021-07-07T00:00:00Z,PRPO,1,21.492291666666667,temperature
2021-07-08T00:00:00Z,PRPO,0,22.316041666666667,temperature
2021-07-08T00:00:00Z,PRPO,0.25,22.152708333333333,temperature
2021-07-08T00:00:00Z,PRPO,0.5,21.886458333333337,temperature
2021-07-08T00:00:00Z,PRPO,0.75,21.731458333333332,temperature
2021-07-08T00:00:00Z,PRPO,1,21.630208333333332,temperature
2021-07-09T00:00:00Z,PRPO,0,22.144375,temperature
2021-07-09T00:00:00Z,PRPO,0.25,22.12,temperature
2021-07-09T00:00:00Z,PRPO,0.5,22.096875,temperature
2021-07-09T00:00:00Z,PRPO,0.75,22.073541666666667,temperature
2021-07-09T00:00:00Z,PRPO,1,22.033541666666668,temperature
2021-07-10T00:00:00Z,PRPO,0,22.539583333333333,temperature
2021-07-10T00:00:00Z,PRPO,0.25,22.499375,temperature
2021-07-10T00:00:00Z,PRPO,0.5,22.270833333333332,temperature
2021-07-10T00:00:00Z,PRPO,0.75,22.044166666666666,temperature
2021-07-10T00:00:00Z,PRPO,1,21.707083333333333,temperature
2021-07-11T00:00:00Z,PRPO,0,23.68145833333333,temperature
2021-07-11T00:00:00Z,PRPO,0.25,23.559791666666666,temperature
2021-07-11T00:00:00Z,PRPO,0.5,23.28729166666667,temperature
2021-07-11T00:00:00Z,PRPO,0.75,22.820208333333333,temperature
2021-07-11T00:00:00Z,PRPO,1,22.350208333333335,temperature
2021-07-12T00:00:00Z,PRPO,0,23.37708333333333,temperature
2021-07-12T00:00:00Z,PRPO,0.25,23.3125,temperature
2021-07-12T00:00:00Z,PRPO,0.5,23.214583333333337,temperature
2021-07-12T00:00:00Z,PRPO,0.75,23.082708333333333,temperature
2021-07-12T00:00:00Z,PRPO,1,22.994791666666668,temperature
2021-07-13T00:00:00Z,PRPO,0,23.195625,temperature
2021-07-13T00:00:00Z,PRPO,0.25,22.975416666666668,temperature
2021-07-13T00:00:00Z,PRPO,0.5,22.803333333333335,temperature
2021-07-13T00:00:00Z,PRPO,0.75,22.587291666666665,temperature
2021-07-13T00:00:00Z,PRPO,1,22.216041666666666,temperature
2021-07-14T00:00:00Z,PRPO,0,23.972708333333333,temperature
2021-07-14T00:00:00Z,PRPO,0.25,23.507083333333338,temperature
2021-07-14T00:00:00Z,PRPO,0.5,22.920625,temperature
2021-07-14T00:00:00Z,PRPO,0.75,22.500416666666663,temperature
2021-07-14T00:00:00Z,PRPO,1,22.075625,temperature
2021-07-15T00:00:00Z,PRPO,0,23.812083333333337,temperature
2021-07-15T00:00:00Z,PRPO,0.25,23.711458333333333,temperature
2021-07-15T00:00:00Z,PRPO,0.5,23.542083333333338,temperature
2021-07-15T00:00:00Z,PRPO,0.75,23.282916666666665,temperature
2021-07-15T00:00:00Z,PRPO,1,22.881666666666668,temperature
2021-07-16T00:00:00Z,PRPO,0,23.215,temperature
2021-07-16T00:00:00Z,PRPO,0.25,23.201875,temperature
2021-07-16T00:00:00Z,PRPO,0.5,23.174166666666668,temperature
2021-07-16T00:00:00Z,PRPO,0.75,23.137291666666663,temperature
2021-07-16T00:00:00Z,PRPO,1,23.103958333333335,temperature
2021-07-17T00:00:00Z,PRPO,0,22.891041666666663,temperature
2021-07-17T00:00:00Z,PRPO,0.25,22.880416666666665,temperature
2021-07-17T00:00:00Z,PRPO,0.5,22.869791666666668,temperature
2021-07-17T00:00:00Z,PRPO,0.75,22.855208333333337,temperature
2021-07-17T00:00:00Z,PRPO,1,22.8375,temperature
2021-07-18T00:00:00Z,PRPO,0,23.9525,temperature
2021-07-18T00:00:00Z,PRPO,0.25,23.911458333333332,temperature
2021-07-18T00:00:00Z,PRPO,0.5,23.875625,temperature
2021-07-18T00:00:00Z,PRPO,0.75,23.820625,temperature
2021-07-18T00:00:00Z,PRPO,1,23.76125,temperature
2021-07-19T00:00:00Z,PRPO,0,25.187708333333333,temperature
2021-07-19T00:00:00Z,PRPO,0.25,25.16583333333333,temperature
2021-07-19T00:00:00Z,PRPO,0.5,25.11875,temperature
2021-07-19T00:00:00Z,PRPO,0.75,25.054791666666667,temperature
2021-07-19T00:00:00Z,PRPO,1,24.841666666666665,temperature
2021-07-20T00:00:00Z,PRPO,0,24.920625,temperature
2021-07-20T00:00:00Z,PRPO,0.25,24.917916666666667,temperature
2021-07-20T00:00:00Z,PRPO,0.5,24.913333333333338,temperature
2021-07-20T00:00:00Z,PRPO,0.75,24.905625,temperature
2021-07-20T00:00:00Z,PRPO,1,24.889166666666668,temperature
2021-07-21T00:00:00Z,PRPO,0,24.084583333333335,temperature
2021-07-21T00:00:00Z,PRPO,0.25,24.083958333333335,temperature
2021-07-21T00:00:00Z,PRPO,0.5,24.085208333333338,temperature
2021-07-21T00:00:00Z,PRPO,0.75,24.0825,temperature
2021-07-21T00:00:00Z,PRPO,1,24.078958333333333,temperature
2021-07-22T00:00:00Z,PRPO,0,24.352708333333332,temperature
2021-07-22T00:00:00Z,PRPO,0.25,24.261458333333337,temperature
2021-07-22T00:00:00Z,PRPO,0.5,24.095208333333332,temperature
2021-07-22T00:00:00Z,PRPO,0.75,23.957291666666663,temperature
2021-07-22T00:00:00Z,PRPO,1,23.88104166666667,temperature
2021-07-23T00:00:00Z,PRPO,0,26.83,temperature
2021-07-23T00:00:00Z,PRPO,0.25,26.639166666666668,temperature
2021-07-23T00:00:00Z,PRPO,0.5,26.143333333333334,temperature
2021-07-23T00:00:00Z,PRPO,0.75,25.428125,temperature
2021-07-23T00:00:00Z,PRPO,1,24.733125,temperature
2021-07-24T00:00:00Z,PRPO,0,26.298333333333332,temperature
2021-07-24T00:00:00Z,PRPO,0.25,26.282291666666666,temperature
2021-07-24T00:00:00Z,PRPO,0.5,26.198958333333337,temperature
2021-07-24T00:00:00Z,PRPO,0.75,25.675625,temperature
2021-07-24T00:00:00Z,PRPO,1,25.138541666666665,temperature
2021-07-25T00:00:00Z,PRPO,0,25.09625,temperature
2021-07-25T00:00:00Z,PRPO,0.25,25.067916666666665,temperature
2021-07-25T00:00:00Z,PRPO,0.5,25.040416666666665,temperature
2021-07-25T00:00:00Z,PRPO,0.75,25.01,temperature
2021-07-25T00:00:00Z,PRPO,1,24.973125,temperature
2021-07-26T00:00:00Z,PRPO,0,25.726458333333333,temperature
2021-07-26T00:00:00Z,PRPO,0.25,25.70875,temperature
2021-07-26T00:00:00Z,PRPO,0.5,25.683958333333333,temperature
2021-07-26T00:00:00Z,PRPO,0.75,25.640416666666667,temperature
2021-07-26T00:00:00Z,PRPO,1,25.565208333333334,temperature
2021-07-27T00:00:00Z,PRPO,0,25.440625,temperature
2021-07-27T00:00:00Z,PRPO,0.25,25.441458333333333,temperature
2021-07-27T00:00:00Z,PRPO,0.5,25.440416666666668,temperature
2021-07-27T00:00:00Z,PRPO,0.75,25.43875,temperature
2021-07-27T00:00:00Z,PRPO,1,25.43145833333333,temperature
2021-07-28T00:00:00Z,PRPO,0,25.346875,temperature
2021-07-28T00:00:00Z,PRPO,0.25,25.390416666666667,temperature
2021-07-28T00:00:00Z,PRPO,0.5,25.389375,temperature
2021-07-28T00:00:00Z,PRPO,0.75,25.386458333333337,temperature
2021-07-28T00:00:00Z,PRPO,1,25.3825,temperature
2021-07-29T00:00:00Z,PRPO,0,24.5675,temperature
2021-07-29T00:00:00Z,PRPO,0.25,24.567291666666662,temperature
2021-07-29T00:00:00Z,PRPO,0.5,24.557291666666668,temperature
2021-07-29T00:00:00Z,PRPO,0.75,24.545416666666668,temperature
2021-07-29T00:00:00Z,PRPO,1,24.518333333333334,temperature
2021-07-30T00:00:00Z,PRPO,0,23.986666666666668,temperature
2021-07-30T00:00:00Z,PRPO,0.25,23.98875,temperature
2021-07-30T00:00:00Z,PRPO,0.5,23.9825,temperature
2021-07-30T00:00:00Z,PRPO,0.75,23.968333333333337,temperature
2021-07-30T00:00:00Z,PRPO,1,23.9325,temperature
2021-07-31T00:00:00Z,PRPO,0,23.184166666666663,temperature
2021-07-31T00:00:00Z,PRPO,0.25,23.193125,temperature
2021-07-31T00:00:00Z,PRPO,0.5,23.193541666666665,temperature
2021-07-31T00:00:00Z,PRPO,0.75,23.192916666666665,temperature
2021-07-31T00:00:00Z,PRPO,1,23.19,temperature
2021-08-01T00:00:00Z,PRPO,0,23.022916666666667,temperature
2021-08-01T00:00:00Z,PRPO,0.25,22.98,temperature
2021-08-01T00:00:00Z,PRPO,0.5,22.907708333333332,temperature
2021-08-01T00:00:00Z,PRPO,0.75,22.7825,temperature
2021-08-01T00:00:00Z,PRPO,1,22.5225,temperature
2021-08-02T00:00:00Z,PRPO,0,23.895416666666662,temperature
2021-08-02T00:00:00Z,PRPO,0.25,23.565833333333337,temperature
2021-08-02T00:00:00Z,PRPO,0.5,23.177083333333332,temperature
2021-08-02T00:00:00Z,PRPO,0.75,22.953125,temperature
2021-08-02T00:00:00Z,PRPO,1,22.618125,temperature
2021-08-03T00:00:00Z,PRPO,0,24.538125,temperature
2021-08-03T00:00:00Z,PRPO,0.25,24.214583333333337,temperature
2021-08-03T00:00:00Z,PRPO,0.5,23.88125,temperature
2021-08-03T00:00:00Z,PRPO,0.75,23.570625,temperature
2021-08-03T00:00:00Z,PRPO,1,23.121666666666663,temperature
2021-08-04T00:00:00Z,PRPO,0,23.327083333333334,temperature
2021-08-04T00:00:00Z,PRPO,0.25,23.319375,temperature
2021-08-04T00:00:00Z,PRPO,0.5,23.301458333333333,temperature
2021-08-04T00:00:00Z,PRPO,0.75,23.24375,temperature
2021-08-04T00:00:00Z,PRPO,1,23.082708333333333,temperature
2021-08-05T00:00:00Z,PRPO,0,22.50625,temperature
2021-08-05T00:00:00Z,PRPO,0.25,22.506458333333335,temperature
2021-08-05T00:00:00Z,PRPO,0.5,22.50375,temperature
2021-08-05T00:00:00Z,PRPO,0.75,22.49875,temperature
2021-08-05T00:00:00Z,PRPO,1,22.491666666666667,temperature
2021-08-06T00:00:00Z,PRPO,0,22.605833333333333,temperature
2021-08-06T00:00:00Z,PRPO,0.25,22.598333333333333,temperature
2021-08-06T00:00:00Z,PRPO,0.5,22.584375,temperature
2021-08-06T00:00:00Z,PRPO,0.75,22.560625,temperature
2021-08-06T00:00:00Z,PRPO,1,22.536666666666665,temperature
2021-08-07T00:00:00Z,PRPO,0,22.6475,temperature
2021-08-07T00:00:00Z,PRPO,0.25,22.643125,temperature
2021-08-07T00:00:00Z,PRPO,0.5,22.633958333333332,temperature
2021-08-07T00:00:00Z,PRPO,0.75,22.615625,temperature
2021-08-07T00:00:00Z,PRPO,1,22.59625,temperature
2021-08-08T00:00:00Z,PRPO,0,23.54875,temperature
2021-08-08T00:00:00Z,PRPO,0.25,23.444791666666667,temperature
2021-08-08T00:00:00Z,PRPO,0.5,23.392916666666668,temperature
2021-08-08T00:00:00Z,PRPO,0.75,23.319791666666667,temperature
2021-08-08T00:00:00Z,PRPO,1,23.243333333333332,temperature
2021-08-09T00:00:00Z,PRPO,0,24.313541666666666,temperature
2021-08-09T00:00:00Z,PRPO,0.25,24.300208333333337,temperature
2021-08-09T00:00:00Z,PRPO,0.5,24.269166666666667,temperature
2021-08-09T00:00:00Z,PRPO,0.75,24.152708333333333,temperature
2021-08-09T00:00:00Z,PRPO,1,24.02125,temperature
2021-08-10T00:00:00Z,PRPO,0,22.88875,temperature
2021-08-10T00:00:00Z,PRPO,0.25,22.891041666666663,temperature
2021-08-10T00:00:00Z,PRPO,0.5,22.891666666666666,temperature
2021-08-10T00:00:00Z,PRPO,0.75,22.890625,temperature
2021-08-10T00:00:00Z,PRPO,1,22.888333333333332,temperature
2021-08-11T00:00:00Z,PRPO,0,21.54125,temperature
2021-08-11T00:00:00Z,PRPO,0.25,21.541041666666665,temperature
2021-08-11T00:00:00Z,PRPO,0.5,21.541458333333335,temperature
2021-08-11T00:00:00Z,PRPO,0.75,21.540416666666665,temperature
2021-08-11T00:00:00Z,PRPO,1,21.536666666666665,temperature
2021-08-12T00:00:00Z,PRPO,0,20.203541666666663,temperature
2021-08-12T00:00:00Z,PRPO,0.25,20.208125,temperature
2021-08-12T00:00:00Z,PRPO,0.5,20.209583333333335,temperature
2021-08-12T00:00:00Z,PRPO,0.75,20.20916666666667,temperature
2021-08-12T00:00:00Z,PRPO,1,20.208333333333332,temperature
2021-08-13T00:00:00Z,PRPO,0,19.17875,temperature
2021-08-13T00:00:00Z,PRPO,0.25,19.1725,temperature
2021-08-13T00:00:00Z,PRPO,0.5,19.167083333333338,temperature
2021-08-13T00:00:00Z,PRPO,0.75,19.16,temperature
2021-08-13T00:00:00Z,PRPO,1,19.14875,temperature
2021-08-14T00:00:00Z,PRPO,0,19.608125,temperature
2021-08-14T00:00:00Z,PRPO,0.25,19.576875,temperature
2021-08-14T00:00:00Z,PRPO,0.5,19.533541666666668,temperature
2021-08-14T00:00:00Z,PRPO,0.75,19.473333333333333,temperature
2021-08-14T00:00:00Z,PRPO,1,19.378541666666667,temperature
2021-08-15T00:00:00Z,PRPO,0,21.612708333333337,temperature
2021-08-15T00:00:00Z,PRPO,0.25,21.598125,temperature
2021-08-15T00:00:00Z,PRPO,0.5,21.569583333333338,temperature
2021-08-15T00:00:00Z,PRPO,0.75,21.506666666666668,temperature
2021-08-15T00:00:00Z,PRPO,1,21.361041666666665,temperature
2021-08-16T00:00:00Z,PRPO,0,22.655416666666667,temperature
2021-08-16T00:00:00Z,PRPO,0.25,22.652916666666663,temperature
2021-08-16T00:00:00Z,PRPO,0.5,22.65020833333333,temperature
2021-08-16T00:00:00Z,PRPO,0.75,22.64666666666667,temperature
2021-08-16T00:00:00Z,PRPO,1,22.642083333333332,temperature
2021-08-17T00:00:00Z,PRPO,0,23.241041666666668,temperature
2021-08-17T00:00:00Z,PRPO,0.25,23.22875,temperature
2021-08-17T00:00:00Z,PRPO,0.5,23.217291666666668,temperature
2021-08-17T00:00:00Z,PRPO,0.75,23.198333333333338,temperature
2021-08-17T00:00:00Z,PRPO,1,23.161666666666665,temperature
2021-08-18T00:00:00Z,PRPO,0,23.278333333333332,temperature
2021-08-18T00:00:00Z,PRPO,0.25,23.276875,temperature
2021-08-18T00:00:00Z,PRPO,0.5,23.273541666666667,temperature
2021-08-18T00:00:00Z,PRPO,0.75,23.269583333333333,temperature
2021-08-18T00:00:00Z,PRPO,1,23.264375,temperature
2021-08-19T00:00:00Z,PRPO,0,23.961666666666662,temperature
2021-08-19T00:00:00Z,PRPO,0.25,23.827083333333334,temperature
2021-08-19T00:00:00Z,PRPO,0.5,23.608125,temperature
2021-08-19T00:00:00Z,PRPO,0.75,23.38,temperature
2021-08-19T00:00:00Z,PRPO,1,23.246666666666663,temperature
2021-08-20T00:00:00Z,PRPO,0,23.382083333333338,temperature
2021-08-20T00:00:00Z,PRPO,0.25,23.3725,temperature
2021-08-20T00:00:00Z,PRPO,0.5,23.284583333333337,temperature
2021-08-20T00:00:00Z,PRPO,0.75,23.169375,temperature
2021-08-20T00:00:00Z,PRPO,1,22.977708333333332,temperature
2021-08-21T00:00:00Z,PRPO,0,20.34958333333333,temperature
2021-08-21T00:00:00Z,PRPO,0.25,20.35,temperature
2021-08-21T00:00:00Z,PRPO,0.5,20.348958333333332,temperature
2021-08-21T00:00:00Z,PRPO,0.75,20.34625,temperature
2021-08-21T00:00:00Z,PRPO,1,20.344791666666666,temperature
2021-08-22T00:00:00Z,PRPO,0,19.315208333333334,temperature
2021-08-22T00:00:00Z,PRPO,0.25,19.316458333333333,temperature
2021-08-22T00:00:00Z,PRPO,0.5,19.315833333333337,temperature
2021-08-22T00:00:00Z,PRPO,0.75,19.31,temperature
2021-08-22T00:00:00Z,PRPO,1,19.304583333333333,temperature
2021-08-23T00:00:00Z,PRPO,0,18.781041666666667,temperature
2021-08-23T00:00:00Z,PRPO,0.25,18.756875,temperature
2021-08-23T00:00:00Z,PRPO,0.5,18.727291666666662,temperature
2021-08-23T00:00:00Z,PRPO,0.75,18.704375,temperature
2021-08-23T00:00:00Z,PRPO,1,18.659583333333337,temperature
2021-08-24T00:00:00Z,PRPO,0,19.709583333333335,temperature
2021-08-24T00:00:00Z,PRPO,0.25,19.64,temperature
2021-08-24T00:00:00Z,PRPO,0.5,19.571458333333332,temperature
2021-08-24T00:00:00Z,PRPO,0.75,19.51875,temperature
2021-08-24T00:00:00Z,PRPO,1,19.436666666666667,temperature
2021-08-25T00:00:00Z,PRPO,0,19.832916666666662,temperature
2021-08-25T00:00:00Z,PRPO,0.25,19.786666666666665,temperature
2021-08-25T00:00:00Z,PRPO,0.5,19.704583333333332,temperature
2021-08-25T00:00:00Z,PRPO,0.75,19.587083333333332,temperature
2021-08-25T00:00:00Z,PRPO,1,19.496458333333333,temperature
2021-08-26T00:00:00Z,PRPO,0,18.995833333333337,temperature
2021-08-26T00:00:00Z,PRPO,0.25,19.002291666666668,temperature
2021-08-26T00:00:00Z,PRPO,0.5,18.999791666666667,temperature
2021-08-26T00:00:00Z,PRPO,0.75,18.963958333333338,temperature
2021-08-26T00:00:00Z,PRPO,1,18.880833333333335,temperature
2021-08-27T00:00:00Z,PRPO,0,17.976666666666667,temperature
2021-08-27T00:00:00Z,PRPO,0.25,17.973541666666666,temperature
2021-08-27T00:00:00Z,PRPO,0.5,17.964791666666667,temperature
2021-08-27T00:00:00Z,PRPO,0.75,17.949791666666666,temperature
2021-08-27T00:00:00Z,PRPO,1,17.936041666666668,temperature
2021-08-28T00:00:00Z,PRPO,0,18.99,temperature
2021-08-28T00:00:00Z,PRPO,0.25,18.945833333333333,temperature
2021-08-28T00:00:00Z,PRPO,0.5,18.8875,temperature
2021-08-28T00:00:00Z,PRPO,0.75,18.835416666666667,temperature
2021-08-28T00:00:00Z,PRPO,1,18.758541666666662,temperature
2021-08-29T00:00:00Z,PRPO,0,19.001041666666666,temperature
2021-08-29T00:00:00Z,PRPO,0.25,18.995625,temperature
2021-08-29T00:00:00Z,PRPO,0.5,18.984375,temperature
2021-08-29T00:00:00Z,PRPO,0.75,18.964166666666667,temperature
2021-08-29T00:00:00Z,PRPO,1,18.934375,temperature
2021-08-30T00:00:00Z,PRPO,0,19.845416666666665,temperature
2021-08-30T00:00:00Z,PRPO,0.25,19.829166666666666,temperature
2021-08-30T00:00:00Z,PRPO,0.5,19.8,temperature
2021-08-30T00:00:00Z,PRPO,0.75,19.764375,temperature
2021-08-30T00:00:00Z,PRPO,1,19.73375,temperature
2021-08-31T00:00:00Z,PRPO,0,19.851458333333333,temperature
2021-08-31T00:00:00Z,PRPO,0.25,19.845625,temperature
2021-08-31T00:00:00Z,PRPO,0.5,19.831875,temperature
2021-08-31T00:00:00Z,PRPO,0.75,19.800208333333337,temperature
2021-08-31T00:00:00Z,PRPO,1,19.728958333333335,temperature
2021-09-01T00:00:00Z,PRPO,0,19.747708333333332,temperature
2021-09-01T00:00:00Z,PRPO,0.25,19.75,temperature
2021-09-01T00:00:00Z,PRPO,0.5,19.748541666666668,temperature
2021-09-01T00:00:00Z,PRPO,0.75,19.74125,temperature
2021-09-01T00:00:00Z,PRPO,1,19.732083333333332,temperature
2021-09-02T00:00:00Z,PRPO,0,19.089791666666667,temperature
2021-09-02T00:00:00Z,PRPO,0.25,19.088958333333338,temperature
2021-09-02T00:00:00Z,PRPO,0.5,19.087083333333332,temperature
2021-09-02T00:00:00Z,PRPO,0.75,19.083541666666665,temperature
2021-09-02T00:00:00Z,PRPO,1,19.082083333333333,temperature
2021-09-03T00:00:00Z,PRPO,0,19.17125,temperature
2021-09-03T00:00:00Z,PRPO,0.25,19.139791666666667,temperature
2021-09-03T00:00:00Z,PRPO,0.5,19.096875,temperature
2021-09-03T00:00:00Z,PRPO,0.75,19.047916666666666,temperature
2021-09-03T00:00:00Z,PRPO,1,18.960416666666667,temperature
2021-09-04T00:00:00Z,PRPO,0,18.854791666666667,temperature
2021-09-04T00:00:00Z,PRPO,0.25,18.84875,temperature
2021-09-04T00:00:00Z,PRPO,0.5,18.829375,temperature
2021-09-04T00:00:00Z,PRPO,0.75,18.812291666666667,temperature
2021-09-04T00:00:00Z,PRPO,1,18.790208333333332,temperature
2021-09-05T00:00:00Z,PRPO,0,19.028333333333332,temperature
2021-09-05T00:00:00Z,PRPO,0.25,19.006041666666665,temperature
2021-09-05T00:00:00Z,PRPO,0.5,18.97125,temperature
2021-09-05T00:00:00Z,PRPO,0.75,18.931041666666665,temperature
2021-09-05T00:00:00Z,PRPO,1,18.86125,temperature
2021-09-06T00:00:00Z,PRPO,0,19.63875,temperature
2021-09-06T00:00:00Z,PRPO,0.25,19.607916666666668,temperature
2021-09-06T00:00:00Z,PRPO,0.5,19.562291666666667,temperature
2021-09-06T00:00:00Z,PRPO,0.75,19.505625,temperature
2021-09-06T00:00:00Z,PRPO,1,19.446666666666665,temperature
2021-09-07T00:00:00Z,PRPO,0,19.329375,temperature
2021-09-07T00:00:00Z,PRPO,0.25,19.328958333333333,temperature
2021-09-07T00:00:00Z,PRPO,0.5,19.326875,temperature
2021-09-07T00:00:00Z,PRPO,0.75,19.321666666666665,temperature
2021-09-07T00:00:00Z,PRPO,1,19.309791666666666,temperature
2021-09-08T00:00:00Z,PRPO,0,18.016458333333333,temperature
2021-09-08T00:00:00Z,PRPO,0.25,18.01354166666667,temperature
2021-09-08T00:00:00Z,PRPO,0.5,18.01,temperature
2021-09-08T00:00:00Z,PRPO,0.75,18.004791666666666,temperature
2021-09-08T00:00:00Z,PRPO,1,18.000208333333333,temperature
2021-09-09T00:00:00Z,PRPO,0,18.1725,temperature
2021-09-09T00:00:00Z,PRPO,0.25,18.164791666666662,temperature
2021-09-09T00:00:00Z,PRPO,0.5,18.156041666666667,temperature
2021-09-09T00:00:00Z,PRPO,0.75,18.140208333333337,temperature
2021-09-09T00:00:00Z,PRPO,1,18.115,temperature
2021-09-10T00:00:00Z,PRPO,0,18.669583333333332,temperature
2021-09-10T00:00:00Z,PRPO,0.25,18.585,temperature
2021-09-10T00:00:00Z,PRPO,0.5,18.50958333333333,temperature
2021-09-10T00:00:00Z,PRPO,0.75,18.421458333333337,temperature
2021-09-10T00:00:00Z,PRPO,1,18.322708333333335,temperature
2021-09-11T00:00:00Z,PRPO,0,18.631666666666668,temperature
2021-09-11T00:00:00Z,PRPO,0.25,18.622708333333332,temperature
2021-09-11T00:00:00Z,PRPO,0.5,18.607083333333332,temperature
2021-09-11T00:00:00Z,PRPO,0.75,18.590416666666663,temperature
2021-09-11T00:00:00Z,PRPO,1,18.537083333333335,temperature
2021-09-12T00:00:00Z,PRPO,0,17.950416666666666,temperature
2021-09-12T00:00:00Z,PRPO,0.25,17.877916666666668,temperature
2021-09-12T00:00:00Z,PRPO,0.5,17.797708333333333,temperature
2021-09-12T00:00:00Z,PRPO,0.75,17.717708333333334,temperature
2021-09-12T00:00:00Z,PRPO,1,17.625416666666666,temperature
2021-09-13T00:00:00Z,PRPO,0,17.598958333333332,temperature
2021-09-13T00:00:00Z,PRPO,0.25,17.590416666666666,temperature
2021-09-13T00:00:00Z,PRPO,0.5,17.535,temperature
2021-09-13T00:00:00Z,PRPO,0.75,17.457083333333333,temperature
2021-09-13T00:00:00Z,PRPO,1,17.298541666666665,temperature
2021-09-14T00:00:00Z,PRPO,0,16.269791666666666,temperature
2021-09-14T00:00:00Z,PRPO,0.25,16.267291666666665,temperature
2021-09-14T00:00:00Z,PRPO,0.5,16.262291666666666,temperature
2021-09-14T00:00:00Z,PRPO,0.75,16.256666666666668,temperature
2021-09-14T00:00:00Z,PRPO,1,16.249375,temperature
2021-09-15T00:00:00Z,PRPO,0,16.465416666666666,temperature
2021-09-15T00:00:00Z,PRPO,0.25,16.461875,temperature
2021-09-15T00:00:00Z,PRPO,0.5,16.45875,temperature
2021-09-15T00:00:00Z,PRPO,0.75,16.451666666666668,temperature
2021-09-15T00:00:00Z,PRPO,1,16.444375,temperature
2021-09-16T00:00:00Z,PRPO,0,17.316041666666667,temperature
2021-09-16T00:00:00Z,PRPO,0.25,17.312916666666666,temperature
2021-09-16T00:00:00Z,PRPO,0.5,17.309166666666666,temperature
2021-09-16T00:00:00Z,PRPO,0.75,17.301458333333333,temperature
2021-09-16T00:00:00Z,PRPO,1,17.292083333333334,temperature
2021-09-17T00:00:00Z,PRPO,0,16.005208333333332,temperature
2021-09-17T00:00:00Z,PRPO,0.25,16.003541666666667,temperature
2021-09-17T00:00:00Z,PRPO,0.5,16.000416666666666,temperature
2021-09-17T00:00:00Z,PRPO,0.75,15.997708333333334,temperature
2021-09-17T00:00:00Z,PRPO,1,15.99375,temperature
2021-09-18T00:00:00Z,PRPO,0,15.401875,temperature
2021-09-18T00:00:00Z,PRPO,0.25,15.401458333333334,temperature
2021-09-18T00:00:00Z,PRPO,0.5,15.398541666666668,temperature
2021-09-18T00:00:00Z,PRPO,0.75,15.398125,temperature
2021-09-18T00:00:00Z,PRPO,1,15.396041666666669,temperature
2021-09-19T00:00:00Z,PRPO,0,16.913541666666667,temperature
2021-09-19T00:00:00Z,PRPO,0.25,16.886875,temperature
2021-09-19T00:00:00Z,PRPO,0.5,16.860416666666666,temperature
2021-09-19T00:00:00Z,PRPO,0.75,16.830208333333335,temperature
2021-09-19T00:00:00Z,PRPO,1,16.798958333333335,temperature
2021-09-20T00:00:00Z,PRPO,0,16.5025,temperature
2021-09-20T00:00:00Z,PRPO,0.25,16.496875,temperature
2021-09-20T00:00:00Z,PRPO,0.5,16.485416666666666,temperature
2021-09-20T00:00:00Z,PRPO,0.75,16.474583333333335,temperature
2021-09-20T00:00:00Z,PRPO,1,16.449166666666667,temperature
2021-09-21T00:00:00Z,PRPO,0,15.103958333333331,temperature
2021-09-21T00:00:00Z,PRPO,0.25,15.099166666666669,temperature
2021-09-21T00:00:00Z,PRPO,0.5,15.090833333333334,temperature
2021-09-21T00:00:00Z,PRPO,0.75,15.079166666666667,temperature
2021-09-21T00:00:00Z,PRPO,1,15.061875,temperature
2021-09-22T00:00:00Z,PRPO,0,14.8675,temperature
2021-09-22T00:00:00Z,PRPO,0.25,14.866666666666667,temperature
2021-09-22T00:00:00Z,PRPO,0.5,14.860416666666667,temperature
2021-09-22T00:00:00Z,PRPO,0.75,14.849375,temperature
2021-09-22T00:00:00Z,PRPO,1,14.841875,temperature
2021-09-23T00:00:00Z,PRPO,0,14.899166666666666,temperature
2021-09-23T00:00:00Z,PRPO,0.25,14.891041666666666,temperature
2021-09-23T00:00:00Z,PRPO,0.5,14.880625,temperature
2021-09-23T00:00:00Z,PRPO,0.75,14.866458333333334,temperature
2021-09-23T00:00:00Z,PRPO,1,14.85,temperature
2021-09-24T00:00:00Z,PRPO,0,14.915208333333334,temperature
2021-09-24T00:00:00Z,PRPO,0.25,14.914583333333333,temperature
2021-09-24T00:00:00Z,PRPO,0.5,14.910416666666666,temperature
2021-09-24T00:00:00Z,PRPO,0.75,14.90125,temperature
2021-09-24T00:00:00Z,PRPO,1,14.891458333333333,temperature
2021-09-25T00:00:00Z,PRPO,0,13.317916666666669,temperature
2021-09-25T00:00:00Z,PRPO,0.25,13.318958333333333,temperature
2021-09-25T00:00:00Z,PRPO,0.5,13.314791666666666,temperature
2021-09-25T00:00:00Z,PRPO,0.75,13.308125,temperature
2021-09-25T00:00:00Z,PRPO,1,13.298333333333334,temperature
2021-09-26T00:00:00Z,PRPO,0,13.967291666666666,temperature
2021-09-26T00:00:00Z,PRPO,0.25,13.955833333333333,temperature
2021-09-26T00:00:00Z,PRPO,0.5,13.945,temperature
2021-09-26T00:00:00Z,PRPO,0.75,13.939166666666669,temperature
2021-09-26T00:00:00Z,PRPO,1,13.931041666666667,temperature
2021-09-27T00:00:00Z,PRPO,0,15.174375,temperature
2021-09-27T00:00:00Z,PRPO,0.25,15.166041666666668,temperature
2021-09-27T00:00:00Z,PRPO,0.5,15.15,temperature
2021-09-27T00:00:00Z,PRPO,0.75,15.132708333333332,temperature
2021-09-27T00:00:00Z,PRPO,1,15.120416666666667,temperature
2021-09-28T00:00:00Z,PRPO,0,16.464375,temperature
2021-09-28T00:00:00Z,PRPO,0.25,16.460416666666667,temperature
2021-09-28T00:00:00Z,PRPO,0.5,16.4525,temperature
2021-09-28T00:00:00Z,PRPO,0.75,16.441875,temperature
2021-09-28T00:00:00Z,PRPO,1,16.434166666666666,temperature
2021-09-29T00:00:00Z,PRPO,0,17.852291666666666,temperature
2021-09-29T00:00:00Z,PRPO,0.25,17.822291666666665,temperature
2021-09-29T00:00:00Z,PRPO,0.5,17.793541666666666,temperature
2021-09-29T00:00:00Z,PRPO,0.75,17.757708333333333,temperature
2021-09-29T00:00:00Z,PRPO,1,17.718541666666667,temperature
2021-09-30T00:00:00Z,PRPO,0,17.759166666666665,temperature
2021-09-30T00:00:00Z,PRPO,0.25,17.756666666666668,temperature
2021-09-30T00:00:00Z,PRPO,0.5,17.746458333333333,temperature
2021-09-30T00:00:00Z,PRPO,0.75,17.732083333333332,temperature
2021-09-30T00:00:00Z,PRPO,1,17.718541666666667,temperature
2021-10-01T00:00:00Z,PRPO,0,17.231041666666666,temperature
2021-10-01T00:00:00Z,PRPO,0.25,17.229375,temperature
2021-10-01T00:00:00Z,PRPO,0.5,17.226041666666667,temperature
2021-10-01T00:00:00Z,PRPO,0.75,17.221666666666668,temperature
2021-10-01T00:00:00Z,PRPO,1,17.218958333333333,temperature
2021-10-02T00:00:00Z,PRPO,0,16.73375,temperature
2021-10-02T00:00:00Z,PRPO,0.25,16.711041666666667,temperature
2021-10-02T00:00:00Z,PRPO,0.5,16.676041666666666,temperature
2021-10-02T00:00:00Z,PRPO,0.75,16.56375,temperature
2021-10-02T00:00:00Z,PRPO,1,16.45125,temperature
2021-10-03T00:00:00Z,PRPO,0,16.605416666666667,temperature
2021-10-03T00:00:00Z,PRPO,0.25,16.604375,temperature
2021-10-03T00:00:00Z,PRPO,0.5,16.597916666666666,temperature
2021-10-03T00:00:00Z,PRPO,0.75,16.56625,temperature
2021-10-03T00:00:00Z,PRPO,1,16.486666666666668,temperature
2021-10-04T00:00:00Z,PRPO,0,16.767291666666665,temperature
2021-10-04T00:00:00Z,PRPO,0.25,16.694375,temperature
2021-10-04T00:00:00Z,PRPO,0.5,16.598958333333332,temperature
2021-10-04T00:00:00Z,PRPO,0.75,16.526041666666668,temperature
2021-10-04T00:00:00Z,PRPO,1,16.450625,temperature
2021-10-05T00:00:00Z,PRPO,0,17.092708333333334,temperature
2021-10-05T00:00:00Z,PRPO,0.25,17.032083333333333,temperature
2021-10-05T00:00:00Z,PRPO,0.5,16.949791666666666,temperature
2021-10-05T00:00:00Z,PRPO,0.75,16.855625,temperature
2021-10-05T00:00:00Z,PRPO,1,16.654791666666668,temperature
2021-10-06T00:00:00Z,PRPO,0,16.5975,temperature
2021-10-06T00:00:00Z,PRPO,0.25,16.60125,temperature
2021-10-06T00:00:00Z,PRPO,0.5,16.59979166666667,temperature
2021-10-06T00:00:00Z,PRPO,0.75,16.596458333333334,temperature
2021-10-06T00:00:00Z,PRPO,1,16.594166666666666,temperature
2021-10-07T00:00:00Z,PRPO,0,16.441041666666667,temperature
2021-10-07T00:00:00Z,PRPO,0.25,16.437708333333333,temperature
2021-10-07T00:00:00Z,PRPO,0.5,16.429166666666667,temperature
2021-10-07T00:00:00Z,PRPO,0.75,16.41979166666667,temperature
2021-10-07T00:00:00Z,PRPO,1,16.408333333333335,temperature
2021-10-08T00:00:00Z,PRPO,0,16.773541666666667,temperature
2021-10-08T00:00:00Z,PRPO,0.25,16.763958333333335,temperature
2021-10-08T00:00:00Z,PRPO,0.5,16.751458333333332,temperature
2021-10-08T00:00:00Z,PRPO,0.75,16.7375,temperature
2021-10-08T00:00:00Z,PRPO,1,16.715416666666666,temperature
2021-10-09T00:00:00Z,PRPO,0,16.138125,temperature
2021-10-09T00:00:00Z,PRPO,0.25,16.144583333333333,temperature
2021-10-09T00:00:00Z,PRPO,0.5,16.145416666666666,temperature
2021-10-09T00:00:00Z,PRPO,0.75,16.14625,temperature
2021-10-09T00:00:00Z,PRPO,1,16.145625,temperature
2021-10-10T00:00:00Z,PRPO,0,13.777083333333334,temperature
2021-10-10T00:00:00Z,PRPO,0.25,13.781875,temperature
2021-10-10T00:00:00Z,PRPO,0.5,13.783333333333331,temperature
2021-10-10T00:00:00Z,PRPO,0.75,13.785208333333332,temperature
2021-10-10T00:00:00Z,PRPO,1,13.787291666666668,temperature
2021-10-11T00:00:00Z,PRPO,0,11.445,temperature
2021-10-11T00:00:00Z,PRPO,0.25,11.447291666666668,temperature
2021-10-11T00:00:00Z,PRPO,0.5,11.445625,temperature
2021-10-11T00:00:00Z,PRPO,0.75,11.443958333333333,temperature
2021-10-11T00:00:00Z,PRPO,1,11.444166666666666,temperature
2021-10-12T00:00:00Z,PRPO,0,10.595625,temperature
2021-10-12T00:00:00Z,PRPO,0.25,10.598541666666666,temperature
2021-10-12T00:00:00Z,PRPO,0.5,10.596875,temperature
2021-10-12T00:00:00Z,PRPO,0.75,10.594791666666667,temperature
2021-10-12T00:00:00Z,PRPO,1,10.595208333333334,temperature
2021-10-13T00:00:00Z,PRPO,0,9.642083333333334,temperature
2021-10-13T00:00:00Z,PRPO,0.25,9.643958333333334,temperature
2021-10-13T00:00:00Z,PRPO,0.5,9.643958333333334,temperature
2021-10-13T00:00:00Z,PRPO,0.75,9.643958333333334,temperature
2021-10-13T00:00:00Z,PRPO,1,9.64375,temperature
2021-10-14T00:00:00Z,PRPO,0,8.773333333333333,temperature
2021-10-14T00:00:00Z,PRPO,0.25,8.775416666666667,temperature
2021-10-14T00:00:00Z,PRPO,0.5,8.776250000000001,temperature
2021-10-14T00:00:00Z,PRPO,0.75,8.776666666666667,temperature
2021-10-14T00:00:00Z,PRPO,1,8.777708333333333,temperature
2021-10-15T00:00:00Z,PRPO,0,7.395833333333333,temperature
2021-10-15T00:00:00Z,PRPO,0.25,7.395416666666667,temperature
2021-10-15T00:00:00Z,PRPO,0.5,7.394791666666666,temperature
2021-10-15T00:00:00Z,PRPO,0.75,7.395625,temperature
2021-10-15T00:00:00Z,PRPO,1,7.397291666666667,temperature
2021-10-16T00:00:00Z,PRPO,0,6.945208333333333,temperature
2021-10-16T00:00:00Z,PRPO,0.25,6.9418750000000005,temperature
2021-10-16T00:00:00Z,PRPO,0.5,6.935625,temperature
2021-10-16T00:00:00Z,PRPO,0.75,6.931041666666666,temperature
2021-10-16T00:00:00Z,PRPO,1,6.925208333333333,temperature
2021-10-17T00:00:00Z,PRPO,0,7.74625,temperature
2021-10-17T00:00:00Z,PRPO,0.25,7.74375,temperature
2021-10-17T00:00:00Z,PRPO,0.5,7.739375,temperature
2021-10-17T00:00:00Z,PRPO,0.75,7.733125,temperature
2021-10-17T00:00:00Z,PRPO,1,7.728333333333333,temperature
2021-10-18T00:00:00Z,PRPO,0,8.904375,temperature
2021-10-18T00:00:00Z,PRPO,0.25,8.901875,temperature
2021-10-18T00:00:00Z,PRPO,0.5,8.894791666666666,temperature
2021-10-18T00:00:00Z,PRPO,0.75,8.886666666666667,temperature
2021-10-18T00:00:00Z,PRPO,1,8.878958333333333,temperature
2021-10-19T00:00:00Z,PRPO,0,9.435416666666669,temperature
2021-10-19T00:00:00Z,PRPO,0.25,9.439791666666666,temperature
2021-10-19T00:00:00Z,PRPO,0.5,9.441041666666669,temperature
2021-10-19T00:00:00Z,PRPO,0.75,9.441666666666666,temperature
2021-10-19T00:00:00Z,PRPO,1,9.443333333333332,temperature
2021-10-20T00:00:00Z,PRPO,0,7.200208333333333,temperature
2021-10-20T00:00:00Z,PRPO,0.25,7.206458333333333,temperature
2021-10-20T00:00:00Z,PRPO,0.5,7.212916666666667,temperature
2021-10-20T00:00:00Z,PRPO,0.75,7.213958333333333,temperature
2021-10-20T00:00:00Z,PRPO,1,7.217708333333333,temperature
2021-10-21T00:00:00Z,PRPO,0,5.314375,temperature
2021-10-21T00:00:00Z,PRPO,0.25,5.2975,temperature
2021-10-21T00:00:00Z,PRPO,0.5,5.271875,temperature
2021-10-21T00:00:00Z,PRPO,0.75,5.238541666666666,temperature
2021-10-21T00:00:00Z,PRPO,1,5.210416666666666,temperature
2021-10-22T00:00:00Z,PRPO,0,5.19125,temperature
2021-10-22T00:00:00Z,PRPO,0.25,5.192916666666667,temperature
2021-10-22T00:00:00Z,PRPO,0.5,5.189791666666666,temperature
2021-10-22T00:00:00Z,PRPO,0.75,5.18625,temperature
2021-10-22T00:00:00Z,PRPO,1,5.180833333333333,temperature
2021-10-23T00:00:00Z,PRPO,0,5.269375,temperature
2021-10-23T00:00:00Z,PRPO,0.25,5.273541666666667,temperature
2021-10-23T00:00:00Z,PRPO,0.5,5.274583333333333,temperature
2021-10-23T00:00:00Z,PRPO,0.75,5.272291666666667,temperature
2021-10-23T00:00:00Z,PRPO,1,5.271041666666666,temperature
2021-10-24T00:00:00Z,PRPO,0,5.17625,temperature
2021-10-24T00:00:00Z,PRPO,0.25,5.17875,temperature
2021-10-24T00:00:00Z,PRPO,0.5,5.179583333333333,temperature
2021-10-24T00:00:00Z,PRPO,0.75,5.179791666666667,temperature
2021-10-24T00:00:00Z,PRPO,1,5.18125,temperature
2021-10-25T00:00:00Z,PRPO,0,4.957916666666667,temperature
2021-10-25T00:00:00Z,PRPO,0.25,4.962083333333333,temperature
2021-10-25T00:00:00Z,PRPO,0.5,4.961875,temperature
2021-10-25T00:00:00Z,PRPO,0.75,4.961041666666667,temperature
2021-10-25T00:00:00Z,PRPO,1,4.962916666666667,temperature
2021-10-26T00:00:00Z,PRPO,0,5.015833333333333,temperature
2021-10-26T00:00:00Z,PRPO,0.25,5.017291666666667,temperature
2021-10-26T00:00:00Z,PRPO,0.5,5.016875,temperature
2021-10-26T00:00:00Z,PRPO,0.75,5.01625,temperature
2021-10-26T00:00:00Z,PRPO,1,5.016666666666667,temperature
2021-10-27T00:00:00Z,PRPO,0,5.523333333333333,temperature
2021-10-27T00:00:00Z,PRPO,0.25,5.5183333333333335,temperature
2021-10-27T00:00:00Z,PRPO,0.5,5.512708333333333,temperature
2021-10-27T00:00:00Z,PRPO,0.75,5.509375,temperature
2021-10-27T00:00:00Z,PRPO,1,5.50625,temperature
2021-10-28T00:00:00Z,PRPO,0,5.595833333333333,temperature
2021-10-28T00:00:00Z,PRPO,0.25,5.599375,temperature
2021-10-28T00:00:00Z,PRPO,0.5,5.599375,temperature
2021-10-28T00:00:00Z,PRPO,0.75,5.598125,temperature
2021-10-28T00:00:00Z,PRPO,1,5.599583333333333,temperature
2021-10-29T00:00:00Z,PRPO,0,5.743548387096774,temperature
2021-10-29T00:00:00Z,PRPO,0.25,5.7541935483870965,temperature
2021-10-29T00:00:00Z,PRPO,0.5,5.756129032258064,temperature
2021-10-29T00:00:00Z,PRPO,0.75,5.754838709677419,temperature
2021-10-29T00:00:00Z,PRPO,1,5.7535483870967745,temperature
2022-05-02T00:00:00Z,PRPO,0,3.72,temperature
2022-05-02T00:00:00Z,PRPO,0.25,3.71,temperature
2022-05-02T00:00:00Z,PRPO,0.5,3.705,temperature
2022-05-02T00:00:00Z,PRPO,0.75,3.705,temperature
2022-05-02T00:00:00Z,PRPO,1,3.705,temperature
2022-05-03T00:00:00Z,PRPO,0,4.135106382978724,temperature
2022-05-03T00:00:00Z,PRPO,0.25,4.132978723404255,temperature
2022-05-03T00:00:00Z,PRPO,0.5,4.126170212765958,temperature
2022-05-03T00:00:00Z,PRPO,0.75,4.122978723404255,temperature
2022-05-03T00:00:00Z,PRPO,1,4.121063829787234,temperature
2022-05-04T00:00:00Z,PRPO,0,6.330217391304348,temperature
2022-05-04T00:00:00Z,PRPO,0.25,6.3734782608695655,temperature
2022-05-04T00:00:00Z,PRPO,0.5,6.373695652173913,temperature
2022-05-04T00:00:00Z,PRPO,0.75,6.354565217391304,temperature
2022-05-04T00:00:00Z,PRPO,1,6.335217391304348,temperature
2022-05-05T00:00:00Z,PRPO,0,7.744166666666667,temperature
2022-05-05T00:00:00Z,PRPO,0.25,7.803055555555556,temperature
2022-05-05T00:00:00Z,PRPO,0.5,7.800277777777778,temperature
2022-05-05T00:00:00Z,PRPO,0.75,7.796111111111111,temperature
2022-05-05T00:00:00Z,PRPO,1,7.790555555555556,temperature
2022-05-06T00:00:00Z,PRPO,0,10.291590909090909,temperature
2022-05-06T00:00:00Z,PRPO,0.25,10.29181818181818,temperature
2022-05-06T00:00:00Z,PRPO,0.5,10.286818181818182,temperature
2022-05-06T00:00:00Z,PRPO,0.75,10.283863636363636,temperature
2022-05-06T00:00:00Z,PRPO,1,10.280454545454546,temperature
2022-05-07T00:00:00Z,PRPO,0,11.760833333333334,temperature
2022-05-07T00:00:00Z,PRPO,0.25,11.757291666666667,temperature
2022-05-07T00:00:00Z,PRPO,0.5,11.752916666666668,temperature
2022-05-07T00:00:00Z,PRPO,0.75,11.751875,temperature
2022-05-07T00:00:00Z,PRPO,1,11.751041666666667,temperature
2022-05-08T00:00:00Z,PRPO,0,13.588958333333334,temperature
2022-05-08T00:00:00Z,PRPO,0.25,13.547291666666666,temperature
2022-05-08T00:00:00Z,PRPO,0.5,13.485833333333334,temperature
2022-05-08T00:00:00Z,PRPO,0.75,13.433333333333334,temperature
2022-05-08T00:00:00Z,PRPO,1,13.398541666666668,temperature
2022-05-09T00:00:00Z,PRPO,0,14.450625,temperature
2022-05-09T00:00:00Z,PRPO,0.25,14.453541666666666,temperature
2022-05-09T00:00:00Z,PRPO,0.5,14.444166666666666,temperature
2022-05-09T00:00:00Z,PRPO,0.75,14.397083333333333,temperature
2022-05-09T00:00:00Z,PRPO,1,14.296458333333334,temperature
2022-05-10T00:00:00Z,PRPO,0,13.235208333333333,temperature
2022-05-10T00:00:00Z,PRPO,0.25,13.244375,temperature
2022-05-10T00:00:00Z,PRPO,0.5,13.24375,temperature
2022-05-10T00:00:00Z,PRPO,0.75,13.242083333333332,temperature
2022-05-10T00:00:00Z,PRPO,1,13.240208333333332,temperature
2022-05-11T00:00:00Z,PRPO,0,14.1525,temperature
2022-05-11T00:00:00Z,PRPO,0.25,14.165833333333332,temperature
2022-05-11T00:00:00Z,PRPO,0.5,14.164375,temperature
2022-05-11T00:00:00Z,PRPO,0.75,14.16125,temperature
2022-05-11T00:00:00Z,PRPO,1,14.15875,temperature
2022-05-12T00:00:00Z,PRPO,0,14.458125,temperature
2022-05-12T00:00:00Z,PRPO,0.25,14.463125,temperature
2022-05-12T00:00:00Z,PRPO,0.5,14.463958333333334,temperature
2022-05-12T00:00:00Z,PRPO,0.75,14.465625,temperature
2022-05-12T00:00:00Z,PRPO,1,14.464583333333334,temperature
2022-05-13T00:00:00Z,PRPO,0,14.066041666666669,temperature
2022-05-13T00:00:00Z,PRPO,0.25,14.073125,temperature
2022-05-13T00:00:00Z,PRPO,0.5,14.073958333333334,temperature
2022-05-13T00:00:00Z,PRPO,0.75,14.075208333333334,temperature
2022-05-13T00:00:00Z,PRPO,1,14.075208333333334,temperature
2022-05-14T00:00:00Z,PRPO,0,12.548125,temperature
2022-05-14T00:00:00Z,PRPO,0.25,12.555208333333333,temperature
2022-05-14T00:00:00Z,PRPO,0.5,12.555416666666666,temperature
2022-05-14T00:00:00Z,PRPO,0.75,12.556666666666668,temperature
2022-05-14T00:00:00Z,PRPO,1,12.55625,temperature
2022-05-15T00:00:00Z,PRPO,0,12.939791666666666,temperature
2022-05-15T00:00:00Z,PRPO,0.25,12.948125,temperature
2022-05-15T00:00:00Z,PRPO,0.5,12.945833333333333,temperature
2022-05-15T00:00:00Z,PRPO,0.75,12.945833333333333,temperature
2022-05-15T00:00:00Z,PRPO,1,12.943333333333332,temperature
2022-05-16T00:00:00Z,PRPO,0,14.467708333333334,temperature
2022-05-16T00:00:00Z,PRPO,0.25,14.303958333333334,temperature
2022-05-16T00:00:00Z,PRPO,0.5,14.117916666666666,temperature
2022-05-16T00:00:00Z,PRPO,0.75,13.916458333333331,temperature
2022-05-16T00:00:00Z,PRPO,1,13.823541666666667,temperature
2022-05-17T00:00:00Z,PRPO,0,14.620416666666667,temperature
2022-05-17T00:00:00Z,PRPO,0.25,14.624583333333334,temperature
2022-05-17T00:00:00Z,PRPO,0.5,14.589583333333334,temperature
2022-05-17T00:00:00Z,PRPO,0.75,14.51875,temperature
2022-05-17T00:00:00Z,PRPO,1,14.448125,temperature
2022-05-18T00:00:00Z,PRPO,0,14.255,temperature
2022-05-18T00:00:00Z,PRPO,0.25,14.258541666666666,temperature
2022-05-18T00:00:00Z,PRPO,0.5,14.257708333333332,temperature
2022-05-18T00:00:00Z,PRPO,0.75,14.257916666666668,temperature
2022-05-18T00:00:00Z,PRPO,1,14.257291666666667,temperature
2022-05-19T00:00:00Z,PRPO,0,14.514791666666667,temperature
2022-05-19T00:00:00Z,PRPO,0.25,14.529166666666669,temperature
2022-05-19T00:00:00Z,PRPO,0.5,14.530625,temperature
2022-05-19T00:00:00Z,PRPO,0.75,14.532291666666667,temperature
2022-05-19T00:00:00Z,PRPO,1,14.532291666666666,temperature
2022-05-20T00:00:00Z,PRPO,0,12.605416666666668,temperature
2022-05-20T00:00:00Z,PRPO,0.25,12.625625,temperature
2022-05-20T00:00:00Z,PRPO,0.5,12.627708333333333,temperature
2022-05-20T00:00:00Z,PRPO,0.75,12.631875,temperature
2022-05-20T00:00:00Z,PRPO,1,12.631666666666666,temperature
2022-05-21T00:00:00Z,PRPO,0,10.886666666666668,temperature
2022-05-21T00:00:00Z,PRPO,0.25,10.906666666666666,temperature
2022-05-21T00:00:00Z,PRPO,0.5,10.907916666666669,temperature
2022-05-21T00:00:00Z,PRPO,0.75,10.909166666666668,temperature
2022-05-21T00:00:00Z,PRPO,1,10.907708333333334,temperature
2022-05-22T00:00:00Z,PRPO,0,10.609166666666669,temperature
2022-05-22T00:00:00Z,PRPO,0.25,10.612083333333333,temperature
2022-05-22T00:00:00Z,PRPO,0.5,10.599583333333332,temperature
2022-05-22T00:00:00Z,PRPO,0.75,10.588125,temperature
2022-05-22T00:00:00Z,PRPO,1,10.576458333333331,temperature
2022-05-23T00:00:00Z,PRPO,0,11.706875,temperature
2022-05-23T00:00:00Z,PRPO,0.25,11.708958333333332,temperature
2022-05-23T00:00:00Z,PRPO,0.5,11.6825,temperature
2022-05-23T00:00:00Z,PRPO,0.75,11.66,temperature
2022-05-23T00:00:00Z,PRPO,1,11.6425,temperature
2022-05-24T00:00:00Z,PRPO,0,12.49625,temperature
2022-05-24T00:00:00Z,PRPO,0.25,12.506666666666666,temperature
2022-05-24T00:00:00Z,PRPO,0.5,12.506041666666668,temperature
2022-05-24T00:00:00Z,PRPO,0.75,12.504791666666666,temperature
2022-05-24T00:00:00Z,PRPO,1,12.502708333333333,temperature
2022-05-25T00:00:00Z,PRPO,0,14.000208333333331,temperature
2022-05-25T00:00:00Z,PRPO,0.25,14.000208333333331,temperature
2022-05-25T00:00:00Z,PRPO,0.5,13.987291666666666,temperature
2022-05-25T00:00:00Z,PRPO,0.75,13.964375,temperature
2022-05-25T00:00:00Z,PRPO,1,13.940625,temperature
2022-05-26T00:00:00Z,PRPO,0,15.725833333333334,temperature
2022-05-26T00:00:00Z,PRPO,0.25,15.708333333333334,temperature
2022-05-26T00:00:00Z,PRPO,0.5,15.668958333333334,temperature
2022-05-26T00:00:00Z,PRPO,0.75,15.631875,temperature
2022-05-26T00:00:00Z,PRPO,1,15.599791666666668,temperature
2022-05-27T00:00:00Z,PRPO,0,17.455833333333334,temperature
2022-05-27T00:00:00Z,PRPO,0.25,17.372916666666665,temperature
2022-05-27T00:00:00Z,PRPO,0.5,17.293541666666666,temperature
2022-05-27T00:00:00Z,PRPO,0.75,17.22,temperature
2022-05-27T00:00:00Z,PRPO,1,17.156041666666667,temperature
2022-05-28T00:00:00Z,PRPO,0,18.164791666666662,temperature
2022-05-28T00:00:00Z,PRPO,0.25,18.159583333333337,temperature
2022-05-28T00:00:00Z,PRPO,0.5,18.139166666666668,temperature
2022-05-28T00:00:00Z,PRPO,0.75,18.099166666666665,temperature
2022-05-28T00:00:00Z,PRPO,1,18.053541666666668,temperature
2022-05-29T00:00:00Z,PRPO,0,19.272083333333335,temperature
2022-05-29T00:00:00Z,PRPO,0.25,19.26875,temperature
2022-05-29T00:00:00Z,PRPO,0.5,19.250833333333333,temperature
2022-05-29T00:00:00Z,PRPO,0.75,19.201041666666665,temperature
2022-05-29T00:00:00Z,PRPO,1,19.129166666666663,temperature
2022-05-30T00:00:00Z,PRPO,0,19.30625,temperature
2022-05-30T00:00:00Z,PRPO,0.25,19.321458333333332,temperature
2022-05-30T00:00:00Z,PRPO,0.5,19.323958333333337,temperature
2022-05-30T00:00:00Z,PRPO,0.75,19.324583333333333,temperature
2022-05-30T00:00:00Z,PRPO,1,19.322291666666665,temperature
2022-05-31T00:00:00Z,PRPO,0,16.133333333333333,temperature
2022-05-31T00:00:00Z,PRPO,0.25,16.145208333333333,temperature
2022-05-31T00:00:00Z,PRPO,0.5,16.147708333333334,temperature
2022-05-31T00:00:00Z,PRPO,0.75,16.149791666666665,temperature
2022-05-31T00:00:00Z,PRPO,1,16.15041666666667,temperature
2022-06-01T00:00:00Z,PRPO,0,14.848541666666666,temperature
2022-06-01T00:00:00Z,PRPO,0.25,14.86,temperature
2022-06-01T00:00:00Z,PRPO,0.5,14.859791666666666,temperature
2022-06-01T00:00:00Z,PRPO,0.75,14.859583333333331,temperature
2022-06-01T00:00:00Z,PRPO,1,14.857708333333331,temperature
2022-06-02T00:00:00Z,PRPO,0,15.148125,temperature
2022-06-02T00:00:00Z,PRPO,0.25,15.156666666666666,temperature
2022-06-02T00:00:00Z,PRPO,0.5,15.156875,temperature
2022-06-02T00:00:00Z,PRPO,0.75,15.156458333333331,temperature
2022-06-02T00:00:00Z,PRPO,1,15.154791666666666,temperature
2022-06-03T00:00:00Z,PRPO,0,15.321458333333334,temperature
2022-06-03T00:00:00Z,PRPO,0.25,15.325625,temperature
2022-06-03T00:00:00Z,PRPO,0.5,15.317291666666666,temperature
2022-06-03T00:00:00Z,PRPO,0.75,15.309791666666667,temperature
2022-06-03T00:00:00Z,PRPO,1,15.301666666666666,temperature
2022-06-04T00:00:00Z,PRPO,0,16.90020833333333,temperature
2022-06-04T00:00:00Z,PRPO,0.25,16.871041666666667,temperature
2022-06-04T00:00:00Z,PRPO,0.5,16.805416666666666,temperature
2022-06-04T00:00:00Z,PRPO,0.75,16.676666666666666,temperature
2022-06-04T00:00:00Z,PRPO,1,16.57875,temperature
2022-06-05T00:00:00Z,PRPO,0,18.531458333333333,temperature
2022-06-05T00:00:00Z,PRPO,0.25,18.536875,temperature
2022-06-05T00:00:00Z,PRPO,0.5,18.519791666666663,temperature
2022-06-05T00:00:00Z,PRPO,0.75,18.416666666666668,temperature
2022-06-05T00:00:00Z,PRPO,1,18.184583333333332,temperature
2022-06-06T00:00:00Z,PRPO,0,17.419791666666665,temperature
2022-06-06T00:00:00Z,PRPO,0.25,17.436875,temperature
2022-06-06T00:00:00Z,PRPO,0.5,17.438333333333333,temperature
2022-06-06T00:00:00Z,PRPO,0.75,17.434166666666666,temperature
2022-06-06T00:00:00Z,PRPO,1,17.428125,temperature
2022-06-07T00:00:00Z,PRPO,0,17.740625,temperature
2022-06-07T00:00:00Z,PRPO,0.25,17.727291666666666,temperature
2022-06-07T00:00:00Z,PRPO,0.5,17.662708333333335,temperature
2022-06-07T00:00:00Z,PRPO,0.75,17.587083333333332,temperature
2022-06-07T00:00:00Z,PRPO,1,17.535208333333333,temperature
2022-06-08T00:00:00Z,PRPO,0,18.422708333333333,temperature
2022-06-08T00:00:00Z,PRPO,0.25,18.351458333333333,temperature
2022-06-08T00:00:00Z,PRPO,0.5,18.14875,temperature
2022-06-08T00:00:00Z,PRPO,0.75,17.926041666666666,temperature
2022-06-08T00:00:00Z,PRPO,1,17.781875,temperature
2022-06-09T00:00:00Z,PRPO,0,20.031875,temperature
2022-06-09T00:00:00Z,PRPO,0.25,20.028541666666666,temperature
2022-06-09T00:00:00Z,PRPO,0.5,19.95875,temperature
2022-06-09T00:00:00Z,PRPO,0.75,19.745416666666667,temperature
2022-06-09T00:00:00Z,PRPO,1,19.427083333333332,temperature
2022-06-10T00:00:00Z,PRPO,0,20.287083333333335,temperature
2022-06-10T00:00:00Z,PRPO,0.25,20.293541666666663,temperature
2022-06-10T00:00:00Z,PRPO,0.5,20.280208333333334,temperature
2022-06-10T00:00:00Z,PRPO,0.75,20.246875,temperature
2022-06-10T00:00:00Z,PRPO,1,20.147083333333335,temperature
2022-06-11T00:00:00Z,PRPO,0,20.615625,temperature
2022-06-11T00:00:00Z,PRPO,0.25,20.608125,temperature
2022-06-11T00:00:00Z,PRPO,0.5,20.585416666666667,temperature
2022-06-11T00:00:00Z,PRPO,0.75,20.55125,temperature
2022-06-11T00:00:00Z,PRPO,1,20.497708333333332,temperature
2022-06-12T00:00:00Z,PRPO,0,21.938958333333332,temperature
2022-06-12T00:00:00Z,PRPO,0.25,21.936666666666667,temperature
2022-06-12T00:00:00Z,PRPO,0.5,21.908958333333334,temperature
2022-06-12T00:00:00Z,PRPO,0.75,21.866875,temperature
2022-06-12T00:00:00Z,PRPO,1,21.8175,temperature
2022-06-13T00:00:00Z,PRPO,0,22.355416666666667,temperature
2022-06-13T00:00:00Z,PRPO,0.25,22.341041666666666,temperature
2022-06-13T00:00:00Z,PRPO,0.5,22.314166666666665,temperature
2022-06-13T00:00:00Z,PRPO,0.75,22.280208333333334,temperature
2022-06-13T00:00:00Z,PRPO,1,22.249791666666667,temperature
2022-06-14T00:00:00Z,PRPO,0,22.727708333333332,temperature
2022-06-14T00:00:00Z,PRPO,0.25,22.733125,temperature
2022-06-14T00:00:00Z,PRPO,0.5,22.728125,temperature
2022-06-14T00:00:00Z,PRPO,0.75,22.716666666666665,temperature
2022-06-14T00:00:00Z,PRPO,1,22.702916666666667,temperature
2022-06-15T00:00:00Z,PRPO,0,21.547708333333333,temperature
2022-06-15T00:00:00Z,PRPO,0.25,21.56875,temperature
2022-06-15T00:00:00Z,PRPO,0.5,21.571875,temperature
2022-06-15T00:00:00Z,PRPO,0.75,21.572708333333335,temperature
2022-06-15T00:00:00Z,PRPO,1,21.572083333333335,temperature
2022-06-16T00:00:00Z,PRPO,0,19.147083333333335,temperature
2022-06-16T00:00:00Z,PRPO,0.25,19.15375,temperature
2022-06-16T00:00:00Z,PRPO,0.5,19.153125,temperature
2022-06-16T00:00:00Z,PRPO,0.75,19.154791666666668,temperature
2022-06-16T00:00:00Z,PRPO,1,19.153333333333332,temperature
2022-06-17T00:00:00Z,PRPO,0,19.803125,temperature
2022-06-17T00:00:00Z,PRPO,0.25,19.80291666666667,temperature
2022-06-17T00:00:00Z,PRPO,0.5,19.79375,temperature
2022-06-17T00:00:00Z,PRPO,0.75,19.779166666666665,temperature
2022-06-17T00:00:00Z,PRPO,1,19.763541666666665,temperature
2022-06-18T00:00:00Z,PRPO,0,20.962083333333332,temperature
2022-06-18T00:00:00Z,PRPO,0.25,20.96125,temperature
2022-06-18T00:00:00Z,PRPO,0.5,20.958541666666665,temperature
2022-06-18T00:00:00Z,PRPO,0.75,20.957291666666663,temperature
2022-06-18T00:00:00Z,PRPO,1,20.955,temperature
2022-06-19T00:00:00Z,PRPO,0,22.763125,temperature
2022-06-19T00:00:00Z,PRPO,0.25,22.761666666666667,temperature
2022-06-19T00:00:00Z,PRPO,0.5,22.757291666666667,temperature
2022-06-19T00:00:00Z,PRPO,0.75,22.75375,temperature
2022-06-19T00:00:00Z,PRPO,1,22.75125,temperature
2022-06-20T00:00:00Z,PRPO,0,24.14,temperature
2022-06-20T00:00:00Z,PRPO,0.25,24.145208333333333,temperature
2022-06-20T00:00:00Z,PRPO,0.5,24.142083333333332,temperature
2022-06-20T00:00:00Z,PRPO,0.75,24.13875,temperature
2022-06-20T00:00:00Z,PRPO,1,24.132291666666667,temperature
2022-06-21T00:00:00Z,PRPO,0,22.437916666666663,temperature
2022-06-21T00:00:00Z,PRPO,0.25,22.448333333333338,temperature
2022-06-21T00:00:00Z,PRPO,0.5,22.45,temperature
2022-06-21T00:00:00Z,PRPO,0.75,22.449791666666663,temperature
2022-06-21T00:00:00Z,PRPO,1,22.448541666666667,temperature
2022-06-22T00:00:00Z,PRPO,0,21.766875,temperature
2022-06-22T00:00:00Z,PRPO,0.25,21.764791666666667,temperature
2022-06-22T00:00:00Z,PRPO,0.5,21.751041666666666,temperature
2022-06-22T00:00:00Z,PRPO,0.75,21.729583333333338,temperature
2022-06-22T00:00:00Z,PRPO,1,21.70875,temperature
2022-06-23T00:00:00Z,PRPO,0,23.730625,temperature
2022-06-23T00:00:00Z,PRPO,0.25,23.644166666666667,temperature
2022-06-23T00:00:00Z,PRPO,0.5,23.473333333333333,temperature
2022-06-23T00:00:00Z,PRPO,0.75,23.301041666666663,temperature
2022-06-23T00:00:00Z,PRPO,1,23.14625,temperature
2022-06-24T00:00:00Z,PRPO,0,25.7525,temperature
2022-06-24T00:00:00Z,PRPO,0.25,25.741041666666668,temperature
2022-06-24T00:00:00Z,PRPO,0.5,25.578541666666663,temperature
2022-06-24T00:00:00Z,PRPO,0.75,25.087916666666665,temperature
2022-06-24T00:00:00Z,PRPO,1,24.5325,temperature
2022-06-25T00:00:00Z,PRPO,0,22.577291666666667,temperature
2022-06-25T00:00:00Z,PRPO,0.25,22.598333333333333,temperature
2022-06-25T00:00:00Z,PRPO,0.5,22.603125,temperature
2022-06-25T00:00:00Z,PRPO,0.75,22.604375,temperature
2022-06-25T00:00:00Z,PRPO,1,22.604375,temperature
2022-06-26T00:00:00Z,PRPO,0,19.144791666666663,temperature
2022-06-26T00:00:00Z,PRPO,0.25,19.15625,temperature
2022-06-26T00:00:00Z,PRPO,0.5,19.155833333333337,temperature
2022-06-26T00:00:00Z,PRPO,0.75,19.154375,temperature
2022-06-26T00:00:00Z,PRPO,1,19.151666666666667,temperature
2022-06-27T00:00:00Z,PRPO,0,19.610833333333332,temperature
2022-06-27T00:00:00Z,PRPO,0.25,19.611041666666665,temperature
2022-06-27T00:00:00Z,PRPO,0.5,19.5925,temperature
2022-06-27T00:00:00Z,PRPO,0.75,19.550208333333337,temperature
2022-06-27T00:00:00Z,PRPO,1,19.523541666666667,temperature
2022-06-28T00:00:00Z,PRPO,0,21.058958333333333,temperature
2022-06-28T00:00:00Z,PRPO,0.25,21.027916666666663,temperature
2022-06-28T00:00:00Z,PRPO,0.5,20.952291666666667,temperature
2022-06-28T00:00:00Z,PRPO,0.75,20.820208333333333,temperature
2022-06-28T00:00:00Z,PRPO,1,20.740833333333335,temperature
2022-06-29T00:00:00Z,PRPO,0,20.732083333333332,temperature
2022-06-29T00:00:00Z,PRPO,0.25,20.718958333333333,temperature
2022-06-29T00:00:00Z,PRPO,0.5,20.699375,temperature
2022-06-29T00:00:00Z,PRPO,0.75,20.67875,temperature
2022-06-29T00:00:00Z,PRPO,1,20.65020833333333,temperature
2022-06-30T00:00:00Z,PRPO,0,21.551875,temperature
2022-06-30T00:00:00Z,PRPO,0.25,21.485,temperature
2022-06-30T00:00:00Z,PRPO,0.5,21.439166666666665,temperature
2022-06-30T00:00:00Z,PRPO,0.75,21.367083333333333,temperature
2022-06-30T00:00:00Z,PRPO,1,21.304375,temperature
2022-07-01T00:00:00Z,PRPO,0,21.475625,temperature
2022-07-01T00:00:00Z,PRPO,0.25,21.481041666666663,temperature
2022-07-01T00:00:00Z,PRPO,0.5,21.473125,temperature
2022-07-01T00:00:00Z,PRPO,0.75,21.4625,temperature
2022-07-01T00:00:00Z,PRPO,1,21.449375,temperature
2022-07-02T00:00:00Z,PRPO,0,22.301041666666663,temperature
2022-07-02T00:00:00Z,PRPO,0.25,22.306875,temperature
2022-07-02T00:00:00Z,PRPO,0.5,22.30125,temperature
2022-07-02T00:00:00Z,PRPO,0.75,22.285,temperature
2022-07-02T00:00:00Z,PRPO,1,22.269583333333333,temperature
2022-07-03T00:00:00Z,PRPO,0,23.349375,temperature
2022-07-03T00:00:00Z,PRPO,0.25,23.353125,temperature
2022-07-03T00:00:00Z,PRPO,0.5,23.339583333333337,temperature
2022-07-03T00:00:00Z,PRPO,0.75,23.310416666666665,temperature
2022-07-03T00:00:00Z,PRPO,1,23.268333333333334,temperature
2022-07-04T00:00:00Z,PRPO,0,24.86145833333333,temperature
2022-07-04T00:00:00Z,PRPO,0.25,24.835625,temperature
2022-07-04T00:00:00Z,PRPO,0.5,24.7375,temperature
2022-07-04T00:00:00Z,PRPO,0.75,24.58416666666667,temperature
2022-07-04T00:00:00Z,PRPO,1,24.400833333333335,temperature
2022-07-05T00:00:00Z,PRPO,0,25.277916666666663,temperature
2022-07-05T00:00:00Z,PRPO,0.25,25.263333333333332,temperature
2022-07-05T00:00:00Z,PRPO,0.5,25.20375,temperature
2022-07-05T00:00:00Z,PRPO,0.75,25.127708333333334,temperature
2022-07-05T00:00:00Z,PRPO,1,24.919166666666666,temperature
2022-07-06T00:00:00Z,PRPO,0,25.31375,temperature
2022-07-06T00:00:00Z,PRPO,0.25,25.2375,temperature
2022-07-06T00:00:00Z,PRPO,0.5,25.059583333333332,temperature
2022-07-06T00:00:00Z,PRPO,0.75,24.626875,temperature
2022-07-06T00:00:00Z,PRPO,1,24.339791666666667,temperature
2022-07-07T00:00:00Z,PRPO,0,26.0925,temperature
2022-07-07T00:00:00Z,PRPO,0.25,26.083333333333332,temperature
2022-07-07T00:00:00Z,PRPO,0.5,25.937916666666663,temperature
2022-07-07T00:00:00Z,PRPO,0.75,25.239583333333332,temperature
2022-07-07T00:00:00Z,PRPO,1,24.6775,temperature
2022-07-08T00:00:00Z,PRPO,0,24.226875,temperature
2022-07-08T00:00:00Z,PRPO,0.25,24.203333333333333,temperature
2022-07-08T00:00:00Z,PRPO,0.5,24.128958333333333,temperature
2022-07-08T00:00:00Z,PRPO,0.75,23.947021276595745,temperature
2022-07-08T00:00:00Z,PRPO,1,23.755208333333332,temperature
2022-07-09T00:00:00Z,PRPO,0,25.175416666666667,temperature
2022-07-09T00:00:00Z,PRPO,0.25,25.180416666666662,temperature
2022-07-09T00:00:00Z,PRPO,0.5,25.149166666666662,temperature
2022-07-09T00:00:00Z,PRPO,0.75,24.951458333333335,temperature
2022-07-09T00:00:00Z,PRPO,1,24.61625,temperature
2022-07-10T00:00:00Z,PRPO,0,25.034375,temperature
2022-07-10T00:00:00Z,PRPO,0.25,25.038958333333333,temperature
2022-07-10T00:00:00Z,PRPO,0.5,25.032708333333332,temperature
2022-07-10T00:00:00Z,PRPO,0.75,25.02166666666667,temperature
2022-07-10T00:00:00Z,PRPO,1,25.00875,temperature
2022-07-11T00:00:00Z,PRPO,0,24.978965517241377,temperature
2022-07-11T00:00:00Z,PRPO,0.25,24.998275862068965,temperature
2022-07-11T00:00:00Z,PRPO,0.5,25.001724137931035,temperature
2022-07-11T00:00:00Z,PRPO,0.75,25.003103448275866,temperature
2022-07-11T00:00:00Z,PRPO,1,25.003103448275866,temperature
2022-07-13T00:00:00Z,PRPO,0,25.35375,temperature
2022-07-13T00:00:00Z,PRPO,0.25,25.335,temperature
2022-07-13T00:00:00Z,PRPO,0.5,25.30125,temperature
2022-07-13T00:00:00Z,PRPO,0.75,25.251875,temperature
2022-07-13T00:00:00Z,PRPO,1,25.194375,temperature
2022-07-14T00:00:00Z,PRPO,0,24.322708333333335,temperature
2022-07-14T00:00:00Z,PRPO,0.25,24.33770833333333,temperature
2022-07-14T00:00:00Z,PRPO,0.5,24.336458333333333,temperature
2022-07-14T00:00:00Z,PRPO,0.75,24.33125,temperature
2022-07-14T00:00:00Z,PRPO,1,24.320833333333333,temperature
2022-07-15T00:00:00Z,PRPO,0,24.257083333333338,temperature
2022-07-15T00:00:00Z,PRPO,0.25,24.232708333333335,temperature
2022-07-15T00:00:00Z,PRPO,0.5,24.159791666666667,temperature
2022-07-15T00:00:00Z,PRPO,0.75,23.96270833333333,temperature
2022-07-15T00:00:00Z,PRPO,1,23.636875,temperature
2022-07-16T00:00:00Z,PRPO,0,26.321875,temperature
2022-07-16T00:00:00Z,PRPO,0.25,26.293333333333333,temperature
2022-07-16T00:00:00Z,PRPO,0.5,26.202916666666667,temperature
2022-07-16T00:00:00Z,PRPO,0.75,25.846666666666668,temperature
2022-07-16T00:00:00Z,PRPO,1,25.21625,temperature
2022-07-17T00:00:00Z,PRPO,0,27.174375,temperature
2022-07-17T00:00:00Z,PRPO,0.25,27.148125,temperature
2022-07-17T00:00:00Z,PRPO,0.5,27.056041666666665,temperature
2022-07-17T00:00:00Z,PRPO,0.75,26.901458333333338,temperature
2022-07-17T00:00:00Z,PRPO,1,26.575416666666666,temperature
2022-07-18T00:00:00Z,PRPO,0,27.55125,temperature
2022-07-18T00:00:00Z,PRPO,0.25,27.55125,temperature
2022-07-18T00:00:00Z,PRPO,0.5,27.528958333333332,temperature
2022-07-18T00:00:00Z,PRPO,0.75,27.439791666666665,temperature
2022-07-18T00:00:00Z,PRPO,1,27.25604166666667,temperature
2022-07-19T00:00:00Z,PRPO,0,26.269375,temperature
2022-07-19T00:00:00Z,PRPO,0.25,26.264166666666668,temperature
2022-07-19T00:00:00Z,PRPO,0.5,26.250416666666663,temperature
2022-07-19T00:00:00Z,PRPO,0.75,26.23875,temperature
2022-07-19T00:00:00Z,PRPO,1,26.219166666666663,temperature
2022-07-20T00:00:00Z,PRPO,0,23.718541666666667,temperature
2022-07-20T00:00:00Z,PRPO,0.25,23.721875,temperature
2022-07-20T00:00:00Z,PRPO,0.5,23.7125,temperature
2022-07-20T00:00:00Z,PRPO,0.75,23.702083333333334,temperature
2022-07-20T00:00:00Z,PRPO,1,23.688333333333333,temperature
2022-07-21T00:00:00Z,PRPO,0,23.634375,temperature
2022-07-21T00:00:00Z,PRPO,0.25,23.630833333333335,temperature
2022-07-21T00:00:00Z,PRPO,0.5,23.588958333333338,temperature
2022-07-21T00:00:00Z,PRPO,0.75,23.561458333333334,temperature
2022-07-21T00:00:00Z,PRPO,1,23.523541666666667,temperature
2022-07-22T00:00:00Z,PRPO,0,24.003125,temperature
2022-07-22T00:00:00Z,PRPO,0.25,23.995208333333338,temperature
2022-07-22T00:00:00Z,PRPO,0.5,23.961041666666667,temperature
2022-07-22T00:00:00Z,PRPO,0.75,23.902708333333333,temperature
2022-07-22T00:00:00Z,PRPO,1,23.844375,temperature
2022-07-23T00:00:00Z,PRPO,0,24.575833333333332,temperature
2022-07-23T00:00:00Z,PRPO,0.25,24.56833333333333,temperature
2022-07-23T00:00:00Z,PRPO,0.5,24.539791666666662,temperature
2022-07-23T00:00:00Z,PRPO,0.75,24.43541666666667,temperature
2022-07-23T00:00:00Z,PRPO,1,24.335,temperature
2022-07-24T00:00:00Z,PRPO,0,23.579166666666666,temperature
2022-07-24T00:00:00Z,PRPO,0.25,23.576458333333335,temperature
2022-07-24T00:00:00Z,PRPO,0.5,23.5675,temperature
2022-07-24T00:00:00Z,PRPO,0.75,23.557083333333335,temperature
2022-07-24T00:00:00Z,PRPO,1,23.548541666666665,temperature
2022-07-25T00:00:00Z,PRPO,0,23.232291666666665,temperature
2022-07-25T00:00:00Z,PRPO,0.25,23.239583333333332,temperature
2022-07-25T00:00:00Z,PRPO,0.5,23.236875,temperature
2022-07-25T00:00:00Z,PRPO,0.75,23.233125,temperature
2022-07-25T00:00:00Z,PRPO,1,23.227083333333333,temperature
2022-07-26T00:00:00Z,PRPO,0,23.309583333333332,temperature
2022-07-26T00:00:00Z,PRPO,0.25,23.313125,temperature
2022-07-26T00:00:00Z,PRPO,0.5,23.309583333333332,temperature
2022-07-26T00:00:00Z,PRPO,0.75,23.305833333333332,temperature
2022-07-26T00:00:00Z,PRPO,1,23.301041666666663,temperature
2022-07-27T00:00:00Z,PRPO,0,22.66,temperature
2022-07-27T00:00:00Z,PRPO,0.25,22.674791666666668,temperature
2022-07-27T00:00:00Z,PRPO,0.5,22.674791666666668,temperature
2022-07-27T00:00:00Z,PRPO,0.75,22.675625,temperature
2022-07-27T00:00:00Z,PRPO,1,22.675,temperature
2022-07-28T00:00:00Z,PRPO,0,21.507708333333333,temperature
2022-07-28T00:00:00Z,PRPO,0.25,21.515625,temperature
2022-07-28T00:00:00Z,PRPO,0.5,21.512708333333332,temperature
2022-07-28T00:00:00Z,PRPO,0.75,21.51,temperature
2022-07-28T00:00:00Z,PRPO,1,21.507083333333338,temperature
2022-07-29T00:00:00Z,PRPO,0,21.589166666666667,temperature
2022-07-29T00:00:00Z,PRPO,0.25,21.582083333333333,temperature
2022-07-29T00:00:00Z,PRPO,0.5,21.553958333333338,temperature
2022-07-29T00:00:00Z,PRPO,0.75,21.525,temperature
2022-07-29T00:00:00Z,PRPO,1,21.499166666666667,temperature
2022-07-30T00:00:00Z,PRPO,0,22.936458333333334,temperature
2022-07-30T00:00:00Z,PRPO,0.25,22.910833333333333,temperature
2022-07-30T00:00:00Z,PRPO,0.5,22.872916666666665,temperature
2022-07-30T00:00:00Z,PRPO,0.75,22.838541666666668,temperature
2022-07-30T00:00:00Z,PRPO,1,22.763958333333335,temperature
2022-07-31T00:00:00Z,PRPO,0,23.449791666666663,temperature
2022-07-31T00:00:00Z,PRPO,0.25,23.454583333333332,temperature
2022-07-31T00:00:00Z,PRPO,0.5,23.439791666666668,temperature
2022-07-31T00:00:00Z,PRPO,0.75,23.414375,temperature
2022-07-31T00:00:00Z,PRPO,1,23.3975,temperature
2022-08-01T00:00:00Z,PRPO,0,22.643958333333337,temperature
2022-08-01T00:00:00Z,PRPO,0.25,22.644583333333333,temperature
2022-08-01T00:00:00Z,PRPO,0.5,22.635416666666668,temperature
2022-08-01T00:00:00Z,PRPO,0.75,22.621458333333333,temperature
2022-08-01T00:00:00Z,PRPO,1,22.611041666666665,temperature
2022-08-02T00:00:00Z,PRPO,0,23.528958333333332,temperature
2022-08-02T00:00:00Z,PRPO,0.25,23.479791666666667,temperature
2022-08-02T00:00:00Z,PRPO,0.5,23.44,temperature
2022-08-02T00:00:00Z,PRPO,0.75,23.395208333333333,temperature
2022-08-02T00:00:00Z,PRPO,1,23.32625,temperature
2022-08-03T00:00:00Z,PRPO,0,22.589791666666667,temperature
2022-08-03T00:00:00Z,PRPO,0.25,22.587291666666665,temperature
2022-08-03T00:00:00Z,PRPO,0.5,22.574791666666663,temperature
2022-08-03T00:00:00Z,PRPO,0.75,22.54479166666667,temperature
2022-08-03T00:00:00Z,PRPO,1,22.505,temperature
2022-08-04T00:00:00Z,PRPO,0,22.485208333333333,temperature
2022-08-04T00:00:00Z,PRPO,0.25,22.49020833333333,temperature
2022-08-04T00:00:00Z,PRPO,0.5,22.488333333333333,temperature
2022-08-04T00:00:00Z,PRPO,0.75,22.4875,temperature
2022-08-04T00:00:00Z,PRPO,1,22.483333333333334,temperature
2022-08-05T00:00:00Z,PRPO,0,23.37375,temperature
2022-08-05T00:00:00Z,PRPO,0.25,23.357083333333332,temperature
2022-08-05T00:00:00Z,PRPO,0.5,23.333333333333332,temperature
2022-08-05T00:00:00Z,PRPO,0.75,23.29479166666667,temperature
2022-08-05T00:00:00Z,PRPO,1,23.245833333333337,temperature
2022-08-06T00:00:00Z,PRPO,0,23.080625,temperature
2022-08-06T00:00:00Z,PRPO,0.25,23.093541666666667,temperature
2022-08-06T00:00:00Z,PRPO,0.5,23.085833333333333,temperature
2022-08-06T00:00:00Z,PRPO,0.75,23.05291666666667,temperature
2022-08-06T00:00:00Z,PRPO,1,23.026458333333338,temperature
2022-08-07T00:00:00Z,PRPO,0,21.403958333333332,temperature
2022-08-07T00:00:00Z,PRPO,0.25,21.4125,temperature
2022-08-07T00:00:00Z,PRPO,0.5,21.402916666666663,temperature
2022-08-07T00:00:00Z,PRPO,0.75,21.388125,temperature
2022-08-07T00:00:00Z,PRPO,1,21.376458333333332,temperature
2022-08-08T00:00:00Z,PRPO,0,20.55,temperature
2022-08-08T00:00:00Z,PRPO,0.25,20.553125,temperature
2022-08-08T00:00:00Z,PRPO,0.5,20.541875,temperature
2022-08-08T00:00:00Z,PRPO,0.75,20.5175,temperature
2022-08-08T00:00:00Z,PRPO,1,20.4875,temperature
2022-08-09T00:00:00Z,PRPO,0,21.571666666666665,temperature
2022-08-09T00:00:00Z,PRPO,0.25,21.568125,temperature
2022-08-09T00:00:00Z,PRPO,0.5,21.542083333333338,temperature
2022-08-09T00:00:00Z,PRPO,0.75,21.511666666666667,temperature
2022-08-09T00:00:00Z,PRPO,1,21.49041666666667,temperature
2022-08-10T00:00:00Z,PRPO,0,22.339375,temperature
2022-08-10T00:00:00Z,PRPO,0.25,22.338958333333338,temperature
2022-08-10T00:00:00Z,PRPO,0.5,22.319791666666667,temperature
2022-08-10T00:00:00Z,PRPO,0.75,22.268125,temperature
2022-08-10T00:00:00Z,PRPO,1,22.226875,temperature
2022-08-11T00:00:00Z,PRPO,0,22.053541666666668,temperature
2022-08-11T00:00:00Z,PRPO,0.25,22.065625,temperature
2022-08-11T00:00:00Z,PRPO,0.5,22.064166666666665,temperature
2022-08-11T00:00:00Z,PRPO,0.75,22.046666666666667,temperature
2022-08-11T00:00:00Z,PRPO,1,22.03125,temperature
2022-08-12T00:00:00Z,PRPO,0,20.703125,temperature
2022-08-12T00:00:00Z,PRPO,0.25,20.709791666666668,temperature
2022-08-12T00:00:00Z,PRPO,0.5,20.71125,temperature
2022-08-12T00:00:00Z,PRPO,0.75,20.71125,temperature
2022-08-12T00:00:00Z,PRPO,1,20.709791666666668,temperature
2022-08-13T00:00:00Z,PRPO,0,20.81,temperature
2022-08-13T00:00:00Z,PRPO,0.25,20.806041666666665,temperature
2022-08-13T00:00:00Z,PRPO,0.5,20.788333333333338,temperature
2022-08-13T00:00:00Z,PRPO,0.75,20.765208333333337,temperature
2022-08-13T00:00:00Z,PRPO,1,20.7425,temperature
2022-08-14T00:00:00Z,PRPO,0,22.075208333333332,temperature
2022-08-14T00:00:00Z,PRPO,0.25,22.071666666666665,temperature
2022-08-14T00:00:00Z,PRPO,0.5,22.055416666666662,temperature
2022-08-14T00:00:00Z,PRPO,0.75,22.018125,temperature
2022-08-14T00:00:00Z,PRPO,1,21.969791666666666,temperature
2022-08-15T00:00:00Z,PRPO,0,22.966875,temperature
2022-08-15T00:00:00Z,PRPO,0.25,22.943333333333335,temperature
2022-08-15T00:00:00Z,PRPO,0.5,22.909166666666668,temperature
2022-08-15T00:00:00Z,PRPO,0.75,22.881458333333335,temperature
2022-08-15T00:00:00Z,PRPO,1,22.864791666666665,temperature
2022-08-16T00:00:00Z,PRPO,0,23.063541666666666,temperature
2022-08-16T00:00:00Z,PRPO,0.25,22.984583333333333,temperature
2022-08-16T00:00:00Z,PRPO,0.5,22.937916666666663,temperature
2022-08-16T00:00:00Z,PRPO,0.75,22.86541666666667,temperature
2022-08-16T00:00:00Z,PRPO,1,22.825416666666666,temperature
2022-08-17T00:00:00Z,PRPO,0,23.961875,temperature
2022-08-17T00:00:00Z,PRPO,0.25,23.764583333333334,temperature
2022-08-17T00:00:00Z,PRPO,0.5,23.4125,temperature
2022-08-17T00:00:00Z,PRPO,0.75,23.12875,temperature
2022-08-17T00:00:00Z,PRPO,1,22.909375,temperature
2022-08-18T00:00:00Z,PRPO,0,23.610416666666666,temperature
2022-08-18T00:00:00Z,PRPO,0.25,23.611041666666665,temperature
2022-08-18T00:00:00Z,PRPO,0.5,23.522708333333338,temperature
2022-08-18T00:00:00Z,PRPO,0.75,23.283125,temperature
2022-08-18T00:00:00Z,PRPO,1,23.111041666666665,temperature
2022-08-19T00:00:00Z,PRPO,0,22.135625,temperature
2022-08-19T00:00:00Z,PRPO,0.25,22.145208333333333,temperature
2022-08-19T00:00:00Z,PRPO,0.5,22.145833333333332,temperature
2022-08-19T00:00:00Z,PRPO,0.75,22.144791666666663,temperature
2022-08-19T00:00:00Z,PRPO,1,22.144375,temperature
2022-08-20T00:00:00Z,PRPO,0,22.230416666666667,temperature
2022-08-20T00:00:00Z,PRPO,0.25,22.21625,temperature
2022-08-20T00:00:00Z,PRPO,0.5,22.163958333333333,temperature
2022-08-20T00:00:00Z,PRPO,0.75,22.090416666666663,temperature
2022-08-20T00:00:00Z,PRPO,1,22.016666666666666,temperature
2022-08-21T00:00:00Z,PRPO,0,23.149166666666662,temperature
2022-08-21T00:00:00Z,PRPO,0.25,23.152291666666667,temperature
2022-08-21T00:00:00Z,PRPO,0.5,23.115833333333335,temperature
2022-08-21T00:00:00Z,PRPO,0.75,22.96625,temperature
2022-08-21T00:00:00Z,PRPO,1,22.721666666666668,temperature
2022-08-22T00:00:00Z,PRPO,0,23.144791666666663,temperature
2022-08-22T00:00:00Z,PRPO,0.25,23.149166666666662,temperature
2022-08-22T00:00:00Z,PRPO,0.5,23.1425,temperature
2022-08-22T00:00:00Z,PRPO,0.75,23.13104166666667,temperature
2022-08-22T00:00:00Z,PRPO,1,23.113958333333333,temperature
2022-08-23T00:00:00Z,PRPO,0,23.452916666666667,temperature
2022-08-23T00:00:00Z,PRPO,0.25,23.457708333333333,temperature
2022-08-23T00:00:00Z,PRPO,0.5,23.450833333333332,temperature
2022-08-23T00:00:00Z,PRPO,0.75,23.438125,temperature
2022-08-23T00:00:00Z,PRPO,1,23.424166666666668,temperature
2022-08-24T00:00:00Z,PRPO,0,23.472291666666667,temperature
2022-08-24T00:00:00Z,PRPO,0.25,23.480208333333337,temperature
2022-08-24T00:00:00Z,PRPO,0.5,23.478541666666665,temperature
2022-08-24T00:00:00Z,PRPO,0.75,23.47479166666667,temperature
2022-08-24T00:00:00Z,PRPO,1,23.469166666666663,temperature
2022-08-25T00:00:00Z,PRPO,0,22.60375,temperature
2022-08-25T00:00:00Z,PRPO,0.25,22.604375,temperature
2022-08-25T00:00:00Z,PRPO,0.5,22.594375,temperature
2022-08-25T00:00:00Z,PRPO,0.75,22.575625,temperature
2022-08-25T00:00:00Z,PRPO,1,22.542916666666667,temperature
2022-08-26T00:00:00Z,PRPO,0,22.091875,temperature
2022-08-26T00:00:00Z,PRPO,0.25,22.109791666666663,temperature
2022-08-26T00:00:00Z,PRPO,0.5,22.110833333333332,temperature
2022-08-26T00:00:00Z,PRPO,0.75,22.109166666666667,temperature
2022-08-26T00:00:00Z,PRPO,1,22.088541666666668,temperature
2022-08-27T00:00:00Z,PRPO,0,20.952083333333334,temperature
2022-08-27T00:00:00Z,PRPO,0.25,20.955625,temperature
2022-08-27T00:00:00Z,PRPO,0.5,20.952291666666667,temperature
2022-08-27T00:00:00Z,PRPO,0.75,20.94625,temperature
2022-08-27T00:00:00Z,PRPO,1,20.937708333333333,temperature
2022-08-28T00:00:00Z,PRPO,0,21.678125,temperature
2022-08-28T00:00:00Z,PRPO,0.25,21.681875,temperature
2022-08-28T00:00:00Z,PRPO,0.5,21.673125,temperature
2022-08-28T00:00:00Z,PRPO,0.75,21.662708333333335,temperature
2022-08-28T00:00:00Z,PRPO,1,21.655416666666667,temperature
2022-08-29T00:00:00Z,PRPO,0,20.066041666666667,temperature
2022-08-29T00:00:00Z,PRPO,0.25,20.073125,temperature
2022-08-29T00:00:00Z,PRPO,0.5,20.074583333333333,temperature
2022-08-29T00:00:00Z,PRPO,0.75,20.075208333333332,temperature
2022-08-29T00:00:00Z,PRPO,1,20.075625,temperature
2022-08-30T00:00:00Z,PRPO,0,19.298125,temperature
2022-08-30T00:00:00Z,PRPO,0.25,19.29895833333333,temperature
2022-08-30T00:00:00Z,PRPO,0.5,19.292916666666667,temperature
2022-08-30T00:00:00Z,PRPO,0.75,19.284583333333337,temperature
2022-08-30T00:00:00Z,PRPO,1,19.27166666666667,temperature
2022-08-31T00:00:00Z,PRPO,0,20.312916666666663,temperature
2022-08-31T00:00:00Z,PRPO,0.25,20.288125,temperature
2022-08-31T00:00:00Z,PRPO,0.5,20.238125,temperature
2022-08-31T00:00:00Z,PRPO,0.75,20.154375,temperature
2022-08-31T00:00:00Z,PRPO,1,20.02625,temperature
2022-09-01T00:00:00Z,PRPO,0,21.461458333333333,temperature
2022-09-01T00:00:00Z,PRPO,0.25,21.455208333333335,temperature
2022-09-01T00:00:00Z,PRPO,0.5,21.434791666666666,temperature
2022-09-01T00:00:00Z,PRPO,0.75,21.407916666666665,temperature
2022-09-01T00:00:00Z,PRPO,1,21.332291666666663,temperature
2022-09-02T00:00:00Z,PRPO,0,21.515,temperature
2022-09-02T00:00:00Z,PRPO,0.25,21.51770833333333,temperature
2022-09-02T00:00:00Z,PRPO,0.5,21.505,temperature
2022-09-02T00:00:00Z,PRPO,0.75,21.500833333333333,temperature
2022-09-02T00:00:00Z,PRPO,1,21.496666666666663,temperature
2022-09-03T00:00:00Z,PRPO,0,20.699375,temperature
2022-09-03T00:00:00Z,PRPO,0.25,20.703958333333333,temperature
2022-09-03T00:00:00Z,PRPO,0.5,20.700416666666666,temperature
2022-09-03T00:00:00Z,PRPO,0.75,20.692708333333332,temperature
2022-09-03T00:00:00Z,PRPO,1,20.683541666666667,temperature
2022-09-04T00:00:00Z,PRPO,0,20.39375,temperature
2022-09-04T00:00:00Z,PRPO,0.25,20.405416666666667,temperature
2022-09-04T00:00:00Z,PRPO,0.5,20.406458333333333,temperature
2022-09-04T00:00:00Z,PRPO,0.75,20.406041666666667,temperature
2022-09-04T00:00:00Z,PRPO,1,20.403333333333332,temperature
2022-09-05T00:00:00Z,PRPO,0,19.775625,temperature
2022-09-05T00:00:00Z,PRPO,0.25,19.783541666666668,temperature
2022-09-05T00:00:00Z,PRPO,0.5,19.782083333333333,temperature
2022-09-05T00:00:00Z,PRPO,0.75,19.778333333333332,temperature
2022-09-05T00:00:00Z,PRPO,1,19.7725,temperature
2022-09-06T00:00:00Z,PRPO,0,20.393125,temperature
2022-09-06T00:00:00Z,PRPO,0.25,20.390416666666667,temperature
2022-09-06T00:00:00Z,PRPO,0.5,20.367291666666667,temperature
2022-09-06T00:00:00Z,PRPO,0.75,20.352708333333332,temperature
2022-09-06T00:00:00Z,PRPO,1,20.343125,temperature
2022-09-07T00:00:00Z,PRPO,0,20.633958333333332,temperature
2022-09-07T00:00:00Z,PRPO,0.25,20.635208333333335,temperature
2022-09-07T00:00:00Z,PRPO,0.5,20.628333333333337,temperature
2022-09-07T00:00:00Z,PRPO,0.75,20.621458333333333,temperature
2022-09-07T00:00:00Z,PRPO,1,20.614166666666662,temperature
2022-09-08T00:00:00Z,PRPO,0,21.180882352941175,temperature
2022-09-08T00:00:00Z,PRPO,0.25,21.188235294117646,temperature
2022-09-08T00:00:00Z,PRPO,0.5,21.19,temperature
2022-09-08T00:00:00Z,PRPO,0.75,21.19235294117647,temperature
2022-09-08T00:00:00Z,PRPO,1,21.191764705882353,temperature
2022-09-09T00:00:00Z,PRPO,0,19.437708333333333,temperature
2022-09-09T00:00:00Z,PRPO,0.25,19.45125,temperature
2022-09-09T00:00:00Z,PRPO,0.5,19.45375,temperature
2022-09-09T00:00:00Z,PRPO,0.75,19.455,temperature
2022-09-09T00:00:00Z,PRPO,1,19.454375,temperature
2022-09-10T00:00:00Z,PRPO,0,18.05666666666667,temperature
2022-09-10T00:00:00Z,PRPO,0.25,18.068125,temperature
2022-09-10T00:00:00Z,PRPO,0.5,18.068125,temperature
2022-09-10T00:00:00Z,PRPO,0.75,18.065208333333334,temperature
2022-09-10T00:00:00Z,PRPO,1,18.060208333333332,temperature
2022-09-11T00:00:00Z,PRPO,0,17.550625,temperature
2022-09-11T00:00:00Z,PRPO,0.25,17.548333333333332,temperature
2022-09-11T00:00:00Z,PRPO,0.5,17.533541666666668,temperature
2022-09-11T00:00:00Z,PRPO,0.75,17.514583333333334,temperature
2022-09-11T00:00:00Z,PRPO,1,17.496458333333333,temperature
2022-09-12T00:00:00Z,PRPO,0,17.713333333333335,temperature
2022-09-12T00:00:00Z,PRPO,0.25,17.719166666666666,temperature
2022-09-12T00:00:00Z,PRPO,0.5,17.70895833333333,temperature
2022-09-12T00:00:00Z,PRPO,0.75,17.698125,temperature
2022-09-12T00:00:00Z,PRPO,1,17.684583333333332,temperature
2022-09-13T00:00:00Z,PRPO,0,17.669166666666666,temperature
2022-09-13T00:00:00Z,PRPO,0.25,17.685625,temperature
2022-09-13T00:00:00Z,PRPO,0.5,17.685208333333332,temperature
2022-09-13T00:00:00Z,PRPO,0.75,17.683958333333333,temperature
2022-09-13T00:00:00Z,PRPO,1,17.678333333333335,temperature
2022-09-14T00:00:00Z,PRPO,0,16.547291666666666,temperature
2022-09-14T00:00:00Z,PRPO,0.25,16.554375,temperature
2022-09-14T00:00:00Z,PRPO,0.5,16.55625,temperature
2022-09-14T00:00:00Z,PRPO,0.75,16.5575,temperature
2022-09-14T00:00:00Z,PRPO,1,16.55666666666667,temperature
2022-09-15T00:00:00Z,PRPO,0,16.604375,temperature
2022-09-15T00:00:00Z,PRPO,0.25,16.60729166666667,temperature
2022-09-15T00:00:00Z,PRPO,0.5,16.607916666666668,temperature
2022-09-15T00:00:00Z,PRPO,0.75,16.608541666666667,temperature
2022-09-15T00:00:00Z,PRPO,1,16.60875,temperature
2022-09-16T00:00:00Z,PRPO,0,15.818541666666668,temperature
2022-09-16T00:00:00Z,PRPO,0.25,15.825833333333334,temperature
2022-09-16T00:00:00Z,PRPO,0.5,15.826458333333331,temperature
2022-09-16T00:00:00Z,PRPO,0.75,15.826458333333331,temperature
2022-09-16T00:00:00Z,PRPO,1,15.825416666666667,temperature
2022-09-17T00:00:00Z,PRPO,0,15.473958333333334,temperature
2022-09-17T00:00:00Z,PRPO,0.25,15.478958333333331,temperature
2022-09-17T00:00:00Z,PRPO,0.5,15.47375,temperature
2022-09-17T00:00:00Z,PRPO,0.75,15.467083333333331,temperature
2022-09-17T00:00:00Z,PRPO,1,15.459166666666668,temperature
2022-09-18T00:00:00Z,PRPO,0,15.575208333333334,temperature
2022-09-18T00:00:00Z,PRPO,0.25,15.565625,temperature
2022-09-18T00:00:00Z,PRPO,0.5,15.552916666666668,temperature
2022-09-18T00:00:00Z,PRPO,0.75,15.537708333333333,temperature
2022-09-18T00:00:00Z,PRPO,1,15.509583333333332,temperature
2022-09-19T00:00:00Z,PRPO,0,16.987916666666667,temperature
2022-09-19T00:00:00Z,PRPO,0.25,16.985208333333333,temperature
2022-09-19T00:00:00Z,PRPO,0.5,16.97625,temperature
2022-09-19T00:00:00Z,PRPO,0.75,16.956666666666667,temperature
2022-09-19T00:00:00Z,PRPO,1,16.941041666666667,temperature
2022-09-20T00:00:00Z,PRPO,0,17.9375,temperature
2022-09-20T00:00:00Z,PRPO,0.25,17.940833333333334,temperature
2022-09-20T00:00:00Z,PRPO,0.5,17.932708333333334,temperature
2022-09-20T00:00:00Z,PRPO,0.75,17.92375,temperature
2022-09-20T00:00:00Z,PRPO,1,17.917083333333334,temperature
2022-09-21T00:00:00Z,PRPO,0,16.175208333333334,temperature
2022-09-21T00:00:00Z,PRPO,0.25,16.187708333333333,temperature
2022-09-21T00:00:00Z,PRPO,0.5,16.192916666666665,temperature
2022-09-21T00:00:00Z,PRPO,0.75,16.196666666666665,temperature
2022-09-21T00:00:00Z,PRPO,1,16.19729166666667,temperature
2022-09-22T00:00:00Z,PRPO,0,14.758541666666666,temperature
2022-09-22T00:00:00Z,PRPO,0.25,14.76875,temperature
2022-09-22T00:00:00Z,PRPO,0.5,14.769375,temperature
2022-09-22T00:00:00Z,PRPO,0.75,14.768333333333333,temperature
2022-09-22T00:00:00Z,PRPO,1,14.765208333333334,temperature
2022-09-23T00:00:00Z,PRPO,0,14.159375,temperature
2022-09-23T00:00:00Z,PRPO,0.25,14.164583333333333,temperature
2022-09-23T00:00:00Z,PRPO,0.5,14.163333333333334,temperature
2022-09-23T00:00:00Z,PRPO,0.75,14.159583333333334,temperature
2022-09-23T00:00:00Z,PRPO,1,14.15625,temperature
2022-09-24T00:00:00Z,PRPO,0,14.153958333333334,temperature
2022-09-24T00:00:00Z,PRPO,0.25,14.1575,temperature
2022-09-24T00:00:00Z,PRPO,0.5,14.155208333333333,temperature
2022-09-24T00:00:00Z,PRPO,0.75,14.154791666666666,temperature
2022-09-24T00:00:00Z,PRPO,1,14.153125,temperature
2022-09-25T00:00:00Z,PRPO,0,13.960208333333334,temperature
2022-09-25T00:00:00Z,PRPO,0.25,13.971041666666666,temperature
2022-09-25T00:00:00Z,PRPO,0.5,13.971875,temperature
2022-09-25T00:00:00Z,PRPO,0.75,13.974166666666669,temperature
2022-09-25T00:00:00Z,PRPO,1,13.973541666666666,temperature
2022-09-26T00:00:00Z,PRPO,0,13.530833333333334,temperature
2022-09-26T00:00:00Z,PRPO,0.25,13.51,temperature
2022-09-26T00:00:00Z,PRPO,0.5,13.471041666666666,temperature
2022-09-26T00:00:00Z,PRPO,0.75,13.43,temperature
2022-09-26T00:00:00Z,PRPO,1,13.374375,temperature
2022-09-27T00:00:00Z,PRPO,0,13.535208333333332,temperature
2022-09-27T00:00:00Z,PRPO,0.25,13.539791666666666,temperature
2022-09-27T00:00:00Z,PRPO,0.5,13.530625,temperature
2022-09-27T00:00:00Z,PRPO,0.75,13.496458333333331,temperature
2022-09-27T00:00:00Z,PRPO,1,13.467708333333334,temperature
2022-09-28T00:00:00Z,PRPO,0,12.988541666666666,temperature
2022-09-28T00:00:00Z,PRPO,0.25,13,temperature
2022-09-28T00:00:00Z,PRPO,0.5,13.001875,temperature
2022-09-28T00:00:00Z,PRPO,0.75,13.003125,temperature
2022-09-28T00:00:00Z,PRPO,1,13.001666666666669,temperature
2022-09-29T00:00:00Z,PRPO,0,13.033333333333331,temperature
2022-09-29T00:00:00Z,PRPO,0.25,13.031458333333331,temperature
2022-09-29T00:00:00Z,PRPO,0.5,13.029375,temperature
2022-09-29T00:00:00Z,PRPO,0.75,13.026458333333334,temperature
2022-09-29T00:00:00Z,PRPO,1,13.0225,temperature
2022-09-30T00:00:00Z,PRPO,0,13.789375,temperature
2022-09-30T00:00:00Z,PRPO,0.25,13.792708333333334,temperature
2022-09-30T00:00:00Z,PRPO,0.5,13.788125,temperature
2022-09-30T00:00:00Z,PRPO,0.75,13.779375,temperature
2022-09-30T00:00:00Z,PRPO,1,13.769791666666666,temperature
2022-10-01T00:00:00Z,PRPO,0,13.9825,temperature
2022-10-01T00:00:00Z,PRPO,0.25,13.988333333333332,temperature
2022-10-01T00:00:00Z,PRPO,0.5,13.98875,temperature
2022-10-01T00:00:00Z,PRPO,0.75,13.98875,temperature
2022-10-01T00:00:00Z,PRPO,1,13.9875,temperature
2022-10-02T00:00:00Z,PRPO,0,13.760208333333331,temperature
2022-10-02T00:00:00Z,PRPO,0.25,13.752708333333333,temperature
2022-10-02T00:00:00Z,PRPO,0.5,13.745833333333334,temperature
2022-10-02T00:00:00Z,PRPO,0.75,13.738125,temperature
2022-10-02T00:00:00Z,PRPO,1,13.7325,temperature
2022-10-03T00:00:00Z,PRPO,0,14.582916666666666,temperature
2022-10-03T00:00:00Z,PRPO,0.25,14.533333333333331,temperature
2022-10-03T00:00:00Z,PRPO,0.5,14.484583333333331,temperature
2022-10-03T00:00:00Z,PRPO,0.75,14.440416666666666,temperature
2022-10-03T00:00:00Z,PRPO,1,14.408958333333333,temperature
2022-10-04T00:00:00Z,PRPO,0,14.980416666666668,temperature
2022-10-04T00:00:00Z,PRPO,0.25,14.968958333333331,temperature
2022-10-04T00:00:00Z,PRPO,0.5,14.919375,temperature
2022-10-04T00:00:00Z,PRPO,0.75,14.87625,temperature
2022-10-04T00:00:00Z,PRPO,1,14.847708333333332,temperature
2022-10-05T00:00:00Z,PRPO,0,15.284375,temperature
2022-10-05T00:00:00Z,PRPO,0.25,15.27875,temperature
2022-10-05T00:00:00Z,PRPO,0.5,15.263333333333334,temperature
2022-10-05T00:00:00Z,PRPO,0.75,15.248541666666666,temperature
2022-10-05T00:00:00Z,PRPO,1,15.236458333333331,temperature
2022-10-06T00:00:00Z,PRPO,0,13.51375,temperature
2022-10-06T00:00:00Z,PRPO,0.25,13.52375,temperature
2022-10-06T00:00:00Z,PRPO,0.5,13.526458333333334,temperature
2022-10-06T00:00:00Z,PRPO,0.75,13.528958333333334,temperature
2022-10-06T00:00:00Z,PRPO,1,13.530208333333334,temperature
2022-10-07T00:00:00Z,PRPO,0,11.119375,temperature
2022-10-07T00:00:00Z,PRPO,0.25,11.129166666666666,temperature
2022-10-07T00:00:00Z,PRPO,0.5,11.13,temperature
2022-10-07T00:00:00Z,PRPO,0.75,11.129583333333333,temperature
2022-10-07T00:00:00Z,PRPO,1,11.125625,temperature
2022-10-08T00:00:00Z,PRPO,0,9.822291666666668,temperature
2022-10-08T00:00:00Z,PRPO,0.25,9.829166666666666,temperature
2022-10-08T00:00:00Z,PRPO,0.5,9.829791666666669,temperature
2022-10-08T00:00:00Z,PRPO,0.75,9.829583333333334,temperature
2022-10-08T00:00:00Z,PRPO,1,9.828333333333331,temperature
2022-10-09T00:00:00Z,PRPO,0,9.994375,temperature
2022-10-09T00:00:00Z,PRPO,0.25,9.9925,temperature
2022-10-09T00:00:00Z,PRPO,0.5,9.991458333333334,temperature
2022-10-09T00:00:00Z,PRPO,0.75,9.989166666666666,temperature
2022-10-09T00:00:00Z,PRPO,1,9.986041666666669,temperature
2022-10-10T00:00:00Z,PRPO,0,10.242291666666668,temperature
2022-10-10T00:00:00Z,PRPO,0.25,10.248125,temperature
2022-10-10T00:00:00Z,PRPO,0.5,10.245833333333334,temperature
2022-10-10T00:00:00Z,PRPO,0.75,10.241458333333334,temperature
2022-10-10T00:00:00Z,PRPO,1,10.236875,temperature
2022-10-11T00:00:00Z,PRPO,0,10.975208333333333,temperature
2022-10-11T00:00:00Z,PRPO,0.25,10.982083333333334,temperature
2022-10-11T00:00:00Z,PRPO,0.5,10.973541666666666,temperature
2022-10-11T00:00:00Z,PRPO,0.75,10.962916666666668,temperature
2022-10-11T00:00:00Z,PRPO,1,10.955833333333333,temperature
2022-10-12T00:00:00Z,PRPO,0,9.984791666666666,temperature
2022-10-12T00:00:00Z,PRPO,0.25,9.996875,temperature
2022-10-12T00:00:00Z,PRPO,0.5,10.000833333333333,temperature
2022-10-12T00:00:00Z,PRPO,0.75,10.002291666666666,temperature
2022-10-12T00:00:00Z,PRPO,1,10.002916666666668,temperature
2022-10-13T00:00:00Z,PRPO,0,8.486470588235294,temperature
2022-10-13T00:00:00Z,PRPO,0.25,8.513529411764706,temperature
2022-10-13T00:00:00Z,PRPO,0.5,8.520588235294118,temperature
2022-10-13T00:00:00Z,PRPO,0.75,8.521176470588236,temperature
2022-10-13T00:00:00Z,PRPO,1,8.520588235294118,temperature
2022-10-17T00:00:00Z,PRPO,0,4.281333333333333,temperature
2022-10-17T00:00:00Z,PRPO,0.25,4.282,temperature
2022-10-17T00:00:00Z,PRPO,0.5,4.272,temperature
2022-10-17T00:00:00Z,PRPO,0.75,4.267333333333333,temperature
2022-10-17T00:00:00Z,PRPO,1,4.259333333333333,temperature
2022-10-18T00:00:00Z,PRPO,0,4.018125,temperature
2022-10-18T00:00:00Z,PRPO,0.25,4.048958333333333,temperature
2022-10-18T00:00:00Z,PRPO,0.5,4.039791666666667,temperature
2022-10-18T00:00:00Z,PRPO,0.75,4.0275,temperature
2022-10-18T00:00:00Z,PRPO,1,4.015625,temperature
2022-10-19T00:00:00Z,PRPO,0,4.244375,temperature
2022-10-19T00:00:00Z,PRPO,0.25,4.2683333333333335,temperature
2022-10-19T00:00:00Z,PRPO,0.5,4.267916666666666,temperature
2022-10-19T00:00:00Z,PRPO,0.75,4.267291666666667,temperature
2022-10-19T00:00:00Z,PRPO,1,4.265,temperature
2022-10-20T00:00:00Z,PRPO,0,5.188125,temperature
2022-10-20T00:00:00Z,PRPO,0.25,5.18875,temperature
2022-10-20T00:00:00Z,PRPO,0.5,5.1866666666666665,temperature
2022-10-20T00:00:00Z,PRPO,0.75,5.18625,temperature
2022-10-20T00:00:00Z,PRPO,1,5.183541666666667,temperature
2022-10-21T00:00:00Z,PRPO,0,6.166041666666667,temperature
2022-10-21T00:00:00Z,PRPO,0.25,6.16625,temperature
2022-10-21T00:00:00Z,PRPO,0.5,6.163541666666666,temperature
2022-10-21T00:00:00Z,PRPO,0.75,6.162916666666667,temperature
2022-10-21T00:00:00Z,PRPO,1,6.159791666666667,temperature
2022-10-22T00:00:00Z,PRPO,0,6.461041666666667,temperature
2022-10-22T00:00:00Z,PRPO,0.25,6.463958333333333,temperature
2022-10-22T00:00:00Z,PRPO,0.5,6.462291666666666,temperature
2022-10-22T00:00:00Z,PRPO,0.75,6.461458333333334,temperature
2022-10-22T00:00:00Z,PRPO,1,6.460833333333333,temperature
2022-10-23T00:00:00Z,PRPO,0,6.780833333333334,temperature
2022-10-23T00:00:00Z,PRPO,0.25,6.782916666666667,temperature
2022-10-23T00:00:00Z,PRPO,0.5,6.7825,temperature
2022-10-23T00:00:00Z,PRPO,0.75,6.78125,temperature
2022-10-23T00:00:00Z,PRPO,1,6.781458333333333,temperature
2022-10-24T00:00:00Z,PRPO,0,7.883333333333333,temperature
2022-10-24T00:00:00Z,PRPO,0.25,7.881041666666667,temperature
2022-10-24T00:00:00Z,PRPO,0.5,7.878541666666667,temperature
2022-10-24T00:00:00Z,PRPO,0.75,7.877916666666667,temperature
2022-10-24T00:00:00Z,PRPO,1,7.876875,temperature
2022-10-25T00:00:00Z,PRPO,0,6.024375,temperature
2022-10-25T00:00:00Z,PRPO,0.25,6.0375,temperature
2022-10-25T00:00:00Z,PRPO,0.5,6.039583333333334,temperature
2022-10-25T00:00:00Z,PRPO,0.75,6.041458333333333,temperature
2022-10-25T00:00:00Z,PRPO,1,6.042083333333333,temperature
2022-10-26T00:00:00Z,PRPO,0,5.605416666666667,temperature
2022-10-26T00:00:00Z,PRPO,0.25,5.624375,temperature
2022-10-26T00:00:00Z,PRPO,0.5,5.622708333333334,temperature
2022-10-26T00:00:00Z,PRPO,0.75,5.62125,temperature
2022-10-26T00:00:00Z,PRPO,1,5.612916666666667,temperature
2022-10-27T00:00:00Z,PRPO,0,5.851666666666667,temperature
2022-10-27T00:00:00Z,PRPO,0.25,5.863125,temperature
2022-10-27T00:00:00Z,PRPO,0.5,5.862291666666667,temperature
2022-10-27T00:00:00Z,PRPO,0.75,5.862291666666667,temperature
2022-10-27T00:00:00Z,PRPO,1,5.859583333333333,temperature
2022-10-28T00:00:00Z,PRPO,0,6.198541666666666,temperature
2022-10-28T00:00:00Z,PRPO,0.25,6.196875,temperature
2022-10-28T00:00:00Z,PRPO,0.5,6.1902083333333335,temperature
2022-10-28T00:00:00Z,PRPO,0.75,6.184166666666667,temperature
2022-10-28T00:00:00Z,PRPO,1,6.1775,temperature
2022-10-29T00:00:00Z,PRPO,0,6.33625,temperature
2022-10-29T00:00:00Z,PRPO,0.25,6.341666666666667,temperature
2022-10-29T00:00:00Z,PRPO,0.5,6.341666666666667,temperature
2022-10-29T00:00:00Z,PRPO,0.75,6.343958333333333,temperature
2022-10-29T00:00:00Z,PRPO,1,6.3425,temperature
2022-10-30T00:00:00Z,PRPO,0,6.375625,temperature
2022-10-30T00:00:00Z,PRPO,0.25,6.375,temperature
2022-10-30T00:00:00Z,PRPO,0.5,6.362291666666667,temperature
2022-10-30T00:00:00Z,PRPO,0.75,6.348333333333334,temperature
2022-10-30T00:00:00Z,PRPO,1,6.337291666666666,temperature
2022-10-31T00:00:00Z,PRPO,0,6.272083333333334,temperature
2022-10-31T00:00:00Z,PRPO,0.25,6.276458333333333,temperature
2022-10-31T00:00:00Z,PRPO,0.5,6.274791666666666,temperature
2022-10-31T00:00:00Z,PRPO,0.75,6.27125,temperature
2022-10-31T00:00:00Z,PRPO,1,6.266041666666666,temperature
2022-11-01T00:00:00Z,PRPO,0,6.390833333333333,temperature
2022-11-01T00:00:00Z,PRPO,0.25,6.4002083333333335,temperature
2022-11-01T00:00:00Z,PRPO,0.5,6.398541666666667,temperature
2022-11-01T00:00:00Z,PRPO,0.75,6.397708333333333,temperature
2022-11-01T00:00:00Z,PRPO,1,6.3950000000000005,temperature
2022-11-02T00:00:00Z,PRPO,0,7.103541666666667,temperature
2022-11-02T00:00:00Z,PRPO,0.25,7.1049999999999995,temperature
2022-11-02T00:00:00Z,PRPO,0.5,7.10375,temperature
2022-11-02T00:00:00Z,PRPO,0.75,7.102291666666667,temperature
2022-11-02T00:00:00Z,PRPO,1,7.0997916666666665,temperature
2022-11-03T00:00:00Z,PRPO,0,6.811041666666666,temperature
2022-11-03T00:00:00Z,PRPO,0.25,6.822291666666667,temperature
2022-11-03T00:00:00Z,PRPO,0.5,6.825833333333334,temperature
2022-11-03T00:00:00Z,PRPO,0.75,6.830625,temperature
2022-11-03T00:00:00Z,PRPO,1,6.832083333333333,temperature
2022-11-04T00:00:00Z,PRPO,0,5.6284374999999995,temperature
2022-11-04T00:00:00Z,PRPO,0.25,6.5606060606060606,temperature
2022-11-04T00:00:00Z,PRPO,0.5,5.72,temperature
2022-11-04T00:00:00Z,PRPO,0.75,5.6656249999999995,temperature
2022-11-04T00:00:00Z,PRPO,1,6.590909090909091,temperature
2023-05-10T00:00:00Z,PRPO,0,13.0825,temperature
2023-05-10T00:00:00Z,PRPO,0.25,13.077272727272728,temperature
2023-05-10T00:00:00Z,PRPO,0.5,13.072272727272727,temperature
2023-05-10T00:00:00Z,PRPO,0.75,13.049090909090909,temperature
2023-05-10T00:00:00Z,PRPO,1,12.884318181818182,temperature
2023-05-11T00:00:00Z,PRPO,0,16.006458333333335,temperature
2023-05-11T00:00:00Z,PRPO,0.25,15.994583333333331,temperature
2023-05-11T00:00:00Z,PRPO,0.5,15.98375,temperature
2023-05-11T00:00:00Z,PRPO,0.75,15.677916666666668,temperature
2023-05-11T00:00:00Z,PRPO,1,13.339787234042554,temperature
2023-05-12T00:00:00Z,PRPO,0,17.562291666666667,temperature
2023-05-12T00:00:00Z,PRPO,0.25,17.554375,temperature
2023-05-12T00:00:00Z,PRPO,0.5,17.532083333333333,temperature
2023-05-12T00:00:00Z,PRPO,0.75,17.212291666666665,temperature
2023-05-12T00:00:00Z,PRPO,1,14.658125,temperature
2023-05-13T00:00:00Z,PRPO,0,17.664166666666667,temperature
2023-05-13T00:00:00Z,PRPO,0.25,17.664375,temperature
2023-05-13T00:00:00Z,PRPO,0.5,17.662708333333335,temperature
2023-05-13T00:00:00Z,PRPO,0.75,17.551041666666666,temperature
2023-05-13T00:00:00Z,PRPO,1,16.24,temperature
2023-05-14T00:00:00Z,PRPO,0,17.446041666666666,temperature
2023-05-14T00:00:00Z,PRPO,0.25,17.444791666666667,temperature
2023-05-14T00:00:00Z,PRPO,0.5,17.442083333333333,temperature
2023-05-14T00:00:00Z,PRPO,0.75,17.438541666666666,temperature
2023-05-14T00:00:00Z,PRPO,1,17.223958333333332,temperature
2023-05-15T00:00:00Z,PRPO,0,18.45916666666667,temperature
2023-05-15T00:00:00Z,PRPO,0.25,18.445625,temperature
2023-05-15T00:00:00Z,PRPO,0.5,18.429791666666667,temperature
2023-05-15T00:00:00Z,PRPO,0.75,18.395,temperature
2023-05-15T00:00:00Z,PRPO,1,18.120833333333337,temperature
2023-05-16T00:00:00Z,PRPO,0,18.5875,temperature
2023-05-16T00:00:00Z,PRPO,0.25,18.570625,temperature
2023-05-16T00:00:00Z,PRPO,0.5,18.551875,temperature
2023-05-16T00:00:00Z,PRPO,0.75,18.527916666666663,temperature
2023-05-16T00:00:00Z,PRPO,1,18.321875,temperature
2023-05-17T00:00:00Z,PRPO,0,18.52375,temperature
2023-05-17T00:00:00Z,PRPO,0.25,18.519791666666663,temperature
2023-05-17T00:00:00Z,PRPO,0.5,18.516041666666663,temperature
2023-05-17T00:00:00Z,PRPO,0.75,18.505,temperature
2023-05-17T00:00:00Z,PRPO,1,18.448125,temperature
2023-05-18T00:00:00Z,PRPO,0,17.059166666666666,temperature
2023-05-18T00:00:00Z,PRPO,0.25,17.063333333333333,temperature
2023-05-18T00:00:00Z,PRPO,0.5,17.065833333333334,temperature
2023-05-18T00:00:00Z,PRPO,0.75,17.070833333333333,temperature
2023-05-18T00:00:00Z,PRPO,1,17.076458333333335,temperature
2023-05-19T00:00:00Z,PRPO,0,14.215,temperature
2023-05-19T00:00:00Z,PRPO,0.25,14.212083333333334,temperature
2023-05-19T00:00:00Z,PRPO,0.5,14.208958333333332,temperature
2023-05-19T00:00:00Z,PRPO,0.75,14.206875,temperature
2023-05-19T00:00:00Z,PRPO,1,14.200416666666667,temperature
2023-05-20T00:00:00Z,PRPO,0,14.98375,temperature
2023-05-20T00:00:00Z,PRPO,0.25,14.968958333333331,temperature
2023-05-20T00:00:00Z,PRPO,0.5,14.964375,temperature
2023-05-20T00:00:00Z,PRPO,0.75,14.963541666666666,temperature
2023-05-20T00:00:00Z,PRPO,1,14.960625,temperature
2023-05-21T00:00:00Z,PRPO,0,16.602291666666666,temperature
2023-05-21T00:00:00Z,PRPO,0.25,16.562083333333334,temperature
2023-05-21T00:00:00Z,PRPO,0.5,16.515208333333334,temperature
2023-05-21T00:00:00Z,PRPO,0.75,16.473333333333333,temperature
2023-05-21T00:00:00Z,PRPO,1,16.446875,temperature
2023-05-22T00:00:00Z,PRPO,0,17.941458333333333,temperature
2023-05-22T00:00:00Z,PRPO,0.25,17.886041666666667,temperature
2023-05-22T00:00:00Z,PRPO,0.5,17.835208333333334,temperature
2023-05-22T00:00:00Z,PRPO,0.75,17.766666666666666,temperature
2023-05-22T00:00:00Z,PRPO,1,17.644166666666667,temperature
2023-05-23T00:00:00Z,PRPO,0,19.795416666666668,temperature
2023-05-23T00:00:00Z,PRPO,0.25,19.640833333333333,temperature
2023-05-23T00:00:00Z,PRPO,0.5,19.507708333333333,temperature
2023-05-23T00:00:00Z,PRPO,0.75,19.309791666666666,temperature
2023-05-23T00:00:00Z,PRPO,1,19.074375,temperature
2023-05-24T00:00:00Z,PRPO,0,20.667291666666667,temperature
2023-05-24T00:00:00Z,PRPO,0.25,20.637083333333333,temperature
2023-05-24T00:00:00Z,PRPO,0.5,20.58625,temperature
2023-05-24T00:00:00Z,PRPO,0.75,20.543333333333333,temperature
2023-05-24T00:00:00Z,PRPO,1,20.503333333333337,temperature
2023-05-25T00:00:00Z,PRPO,0,20.43145833333333,temperature
2023-05-25T00:00:00Z,PRPO,0.25,20.429375,temperature
2023-05-25T00:00:00Z,PRPO,0.5,20.426458333333333,temperature
2023-05-25T00:00:00Z,PRPO,0.75,20.424166666666668,temperature
2023-05-25T00:00:00Z,PRPO,1,20.420833333333334,temperature
2023-05-26T00:00:00Z,PRPO,0,20.680625,temperature
2023-05-26T00:00:00Z,PRPO,0.25,20.680625,temperature
2023-05-26T00:00:00Z,PRPO,0.5,20.679791666666667,temperature
2023-05-26T00:00:00Z,PRPO,0.75,20.678125,temperature
2023-05-26T00:00:00Z,PRPO,1,20.674375,temperature
2023-05-27T00:00:00Z,PRPO,0,20.654166666666665,temperature
2023-05-27T00:00:00Z,PRPO,0.25,20.653958333333332,temperature
2023-05-27T00:00:00Z,PRPO,0.5,20.653125,temperature
2023-05-27T00:00:00Z,PRPO,0.75,20.652916666666663,temperature
2023-05-27T00:00:00Z,PRPO,1,20.652291666666667,temperature
2023-05-28T00:00:00Z,PRPO,0,20.521041666666665,temperature
2023-05-28T00:00:00Z,PRPO,0.25,20.519791666666663,temperature
2023-05-28T00:00:00Z,PRPO,0.5,20.518541666666668,temperature
2023-05-28T00:00:00Z,PRPO,0.75,20.51625,temperature
2023-05-28T00:00:00Z,PRPO,1,20.513333333333332,temperature
2023-05-29T00:00:00Z,PRPO,0,21.097916666666663,temperature
2023-05-29T00:00:00Z,PRPO,0.25,21.090833333333332,temperature
2023-05-29T00:00:00Z,PRPO,0.5,21.082708333333333,temperature
2023-05-29T00:00:00Z,PRPO,0.75,21.070208333333333,temperature
2023-05-29T00:00:00Z,PRPO,1,21.061666666666667,temperature
2023-05-30T00:00:00Z,PRPO,0,21.630625,temperature
2023-05-30T00:00:00Z,PRPO,0.25,21.62625,temperature
2023-05-30T00:00:00Z,PRPO,0.5,21.61625,temperature
2023-05-30T00:00:00Z,PRPO,0.75,21.59958333333333,temperature
2023-05-30T00:00:00Z,PRPO,1,21.58125,temperature
2023-05-31T00:00:00Z,PRPO,0,22.339791666666667,temperature
2023-05-31T00:00:00Z,PRPO,0.25,22.329583333333332,temperature
2023-05-31T00:00:00Z,PRPO,0.5,22.312916666666663,temperature
2023-05-31T00:00:00Z,PRPO,0.75,22.294583333333332,temperature
2023-05-31T00:00:00Z,PRPO,1,22.259791666666665,temperature
2023-06-01T00:00:00Z,PRPO,0,22.31875,temperature
2023-06-01T00:00:00Z,PRPO,0.25,22.293125,temperature
2023-06-01T00:00:00Z,PRPO,0.5,22.265208333333337,temperature
2023-06-01T00:00:00Z,PRPO,0.75,22.239166666666662,temperature
2023-06-01T00:00:00Z,PRPO,1,22.218958333333333,temperature
2023-06-02T00:00:00Z,PRPO,0,23.585833333333333,temperature
2023-06-02T00:00:00Z,PRPO,0.25,23.567083333333333,temperature
2023-06-02T00:00:00Z,PRPO,0.5,23.546458333333337,temperature
2023-06-02T00:00:00Z,PRPO,0.75,23.517916666666668,temperature
2023-06-02T00:00:00Z,PRPO,1,23.482916666666668,temperature
2023-06-03T00:00:00Z,PRPO,0,24.46875,temperature
2023-06-03T00:00:00Z,PRPO,0.25,24.461458333333333,temperature
2023-06-03T00:00:00Z,PRPO,0.5,24.44333333333333,temperature
2023-06-03T00:00:00Z,PRPO,0.75,24.421875,temperature
2023-06-03T00:00:00Z,PRPO,1,24.397083333333335,temperature
2023-06-04T00:00:00Z,PRPO,0,25.806041666666665,temperature
2023-06-04T00:00:00Z,PRPO,0.25,25.752083333333335,temperature
2023-06-04T00:00:00Z,PRPO,0.5,25.623125,temperature
2023-06-04T00:00:00Z,PRPO,0.75,25.348541666666662,temperature
2023-06-04T00:00:00Z,PRPO,1,25.19125,temperature
2023-06-05T00:00:00Z,PRPO,0,26.316041666666667,temperature
2023-06-05T00:00:00Z,PRPO,0.25,26.154166666666665,temperature
2023-06-05T00:00:00Z,PRPO,0.5,25.972083333333337,temperature
2023-06-05T00:00:00Z,PRPO,0.75,25.61520833333333,temperature
2023-06-05T00:00:00Z,PRPO,1,25.318125,temperature
2023-06-06T00:00:00Z,PRPO,0,28.798333333333332,temperature
2023-06-06T00:00:00Z,PRPO,0.25,28.63,temperature
2023-06-06T00:00:00Z,PRPO,0.5,27.915,temperature
2023-06-06T00:00:00Z,PRPO,0.75,26.625,temperature
2023-06-06T00:00:00Z,PRPO,1,25.798333333333332,temperature
2023-06-07T00:00:00Z,PRPO,0,27.92625,temperature
2023-06-07T00:00:00Z,PRPO,0.25,27.651458333333338,temperature
2023-06-07T00:00:00Z,PRPO,0.5,27.180625,temperature
2023-06-07T00:00:00Z,PRPO,0.75,26.643333333333334,temperature
2023-06-07T00:00:00Z,PRPO,1,25.995833333333337,temperature
2023-06-08T00:00:00Z,PRPO,0,27.480416666666667,temperature
2023-06-08T00:00:00Z,PRPO,0.25,27.458125,temperature
2023-06-08T00:00:00Z,PRPO,0.5,27.39,temperature
2023-06-08T00:00:00Z,PRPO,0.75,27.25625,temperature
2023-06-08T00:00:00Z,PRPO,1,26.954166666666666,temperature
2023-06-09T00:00:00Z,PRPO,0,26.526875,temperature
2023-06-09T00:00:00Z,PRPO,0.25,26.382291666666667,temperature
2023-06-09T00:00:00Z,PRPO,0.5,26.211666666666662,temperature
2023-06-09T00:00:00Z,PRPO,0.75,26.095833333333335,temperature
2023-06-09T00:00:00Z,PRPO,1,26.030416666666667,temperature
2023-06-10T00:00:00Z,PRPO,0,24.932708333333338,temperature
2023-06-10T00:00:00Z,PRPO,0.25,24.93375,temperature
2023-06-10T00:00:00Z,PRPO,0.5,24.930208333333333,temperature
2023-06-10T00:00:00Z,PRPO,0.75,24.92375,temperature
2023-06-10T00:00:00Z,PRPO,1,24.917708333333337,temperature
2023-06-11T00:00:00Z,PRPO,0,23.210208333333338,temperature
2023-06-11T00:00:00Z,PRPO,0.25,23.20625,temperature
2023-06-11T00:00:00Z,PRPO,0.5,23.19708333333333,temperature
2023-06-11T00:00:00Z,PRPO,0.75,23.186875,temperature
2023-06-11T00:00:00Z,PRPO,1,23.170833333333334,temperature
2023-06-12T00:00:00Z,PRPO,0,23.099583333333335,temperature
2023-06-12T00:00:00Z,PRPO,0.25,23.09,temperature
2023-06-12T00:00:00Z,PRPO,0.5,23.06625,temperature
2023-06-12T00:00:00Z,PRPO,0.75,23.026041666666668,temperature
2023-06-12T00:00:00Z,PRPO,1,22.967708333333334,temperature
2023-06-13T00:00:00Z,PRPO,0,22.973125,temperature
2023-06-13T00:00:00Z,PRPO,0.25,22.924375,temperature
2023-06-13T00:00:00Z,PRPO,0.5,22.871666666666663,temperature
2023-06-13T00:00:00Z,PRPO,0.75,22.789791666666662,temperature
2023-06-13T00:00:00Z,PRPO,1,22.699375,temperature
2023-06-14T00:00:00Z,PRPO,0,23.625416666666663,temperature
2023-06-14T00:00:00Z,PRPO,0.25,23.589583333333337,temperature
2023-06-14T00:00:00Z,PRPO,0.5,23.480833333333333,temperature
2023-06-14T00:00:00Z,PRPO,0.75,23.155625,temperature
2023-06-14T00:00:00Z,PRPO,1,22.936666666666667,temperature
2023-06-15T00:00:00Z,PRPO,0,23.53,temperature
2023-06-15T00:00:00Z,PRPO,0.25,23.516875,temperature
2023-06-15T00:00:00Z,PRPO,0.5,23.459375,temperature
2023-06-15T00:00:00Z,PRPO,0.75,23.254166666666663,temperature
2023-06-15T00:00:00Z,PRPO,1,23.091041666666666,temperature
2023-06-16T00:00:00Z,PRPO,0,22.706666666666667,temperature
2023-06-16T00:00:00Z,PRPO,0.25,22.707708333333333,temperature
2023-06-16T00:00:00Z,PRPO,0.5,22.708958333333335,temperature
2023-06-16T00:00:00Z,PRPO,0.75,22.708333333333332,temperature
2023-06-16T00:00:00Z,PRPO,1,22.705833333333334,temperature
2023-06-17T00:00:00Z,PRPO,0,22.073333333333338,temperature
2023-06-17T00:00:00Z,PRPO,0.25,22.045833333333334,temperature
2023-06-17T00:00:00Z,PRPO,0.5,22.01125,temperature
2023-06-17T00:00:00Z,PRPO,0.75,21.976041666666667,temperature
2023-06-17T00:00:00Z,PRPO,1,21.936458333333334,temperature
2023-06-18T00:00:00Z,PRPO,0,22.660416666666663,temperature
2023-06-18T00:00:00Z,PRPO,0.25,22.655833333333337,temperature
2023-06-18T00:00:00Z,PRPO,0.5,22.64375,temperature
2023-06-18T00:00:00Z,PRPO,0.75,22.591041666666666,temperature
2023-06-18T00:00:00Z,PRPO,1,22.500833333333333,temperature
2023-06-19T00:00:00Z,PRPO,0,22.935,temperature
2023-06-19T00:00:00Z,PRPO,0.25,22.932916666666667,temperature
2023-06-19T00:00:00Z,PRPO,0.5,22.926041666666663,temperature
2023-06-19T00:00:00Z,PRPO,0.75,22.918125,temperature
2023-06-19T00:00:00Z,PRPO,1,22.9075,temperature
2023-06-20T00:00:00Z,PRPO,0,24.055416666666662,temperature
2023-06-20T00:00:00Z,PRPO,0.25,24.0475,temperature
2023-06-20T00:00:00Z,PRPO,0.5,24.038541666666667,temperature
2023-06-20T00:00:00Z,PRPO,0.75,24.027916666666663,temperature
2023-06-20T00:00:00Z,PRPO,1,24.016458333333333,temperature
2023-06-21T00:00:00Z,PRPO,0,24.09,temperature
2023-06-21T00:00:00Z,PRPO,0.25,24.089791666666667,temperature
2023-06-21T00:00:00Z,PRPO,0.5,24.08625,temperature
2023-06-21T00:00:00Z,PRPO,0.75,24.084375,temperature
2023-06-21T00:00:00Z,PRPO,1,24.078125,temperature
2023-06-22T00:00:00Z,PRPO,0,23.326875,temperature
2023-06-22T00:00:00Z,PRPO,0.25,23.325416666666666,temperature
2023-06-22T00:00:00Z,PRPO,0.5,23.322291666666665,temperature
2023-06-22T00:00:00Z,PRPO,0.75,23.317708333333332,temperature
2023-06-22T00:00:00Z,PRPO,1,23.309583333333332,temperature
2023-06-23T00:00:00Z,PRPO,0,22.299375,temperature
2023-06-23T00:00:00Z,PRPO,0.25,22.300625,temperature
2023-06-23T00:00:00Z,PRPO,0.5,22.300208333333337,temperature
2023-06-23T00:00:00Z,PRPO,0.75,22.302083333333332,temperature
2023-06-23T00:00:00Z,PRPO,1,22.298958333333335,temperature
2023-06-24T00:00:00Z,PRPO,0,20.150625,temperature
2023-06-24T00:00:00Z,PRPO,0.25,20.15375,temperature
2023-06-24T00:00:00Z,PRPO,0.5,20.15416666666667,temperature
2023-06-24T00:00:00Z,PRPO,0.75,20.155,temperature
2023-06-24T00:00:00Z,PRPO,1,20.153541666666666,temperature
2023-06-25T00:00:00Z,PRPO,0,17.935208333333332,temperature
2023-06-25T00:00:00Z,PRPO,0.25,17.932916666666667,temperature
2023-06-25T00:00:00Z,PRPO,0.5,17.930625,temperature
2023-06-25T00:00:00Z,PRPO,0.75,17.92791666666667,temperature
2023-06-25T00:00:00Z,PRPO,1,17.92625,temperature
2023-06-26T00:00:00Z,PRPO,0,19.45875,temperature
2023-06-26T00:00:00Z,PRPO,0.25,19.369791666666668,temperature
2023-06-26T00:00:00Z,PRPO,0.5,19.174375,temperature
2023-06-26T00:00:00Z,PRPO,0.75,19.088541666666668,temperature
2023-06-26T00:00:00Z,PRPO,1,19.054166666666667,temperature
2023-06-27T00:00:00Z,PRPO,0,21.509375,temperature
2023-06-27T00:00:00Z,PRPO,0.25,21.148541666666667,temperature
2023-06-27T00:00:00Z,PRPO,0.5,20.759375,temperature
2023-06-27T00:00:00Z,PRPO,0.75,20.485833333333332,temperature
2023-06-27T00:00:00Z,PRPO,1,20.291666666666668,temperature
2023-06-28T00:00:00Z,PRPO,0,21.830625,temperature
2023-06-28T00:00:00Z,PRPO,0.25,21.662916666666668,temperature
2023-06-28T00:00:00Z,PRPO,0.5,21.487291666666668,temperature
2023-06-28T00:00:00Z,PRPO,0.75,21.300208333333337,temperature
2023-06-28T00:00:00Z,PRPO,1,21.191666666666663,temperature
2023-06-29T00:00:00Z,PRPO,0,22.792916666666667,temperature
2023-06-29T00:00:00Z,PRPO,0.25,22.674583333333334,temperature
2023-06-29T00:00:00Z,PRPO,0.5,22.362916666666667,temperature
2023-06-29T00:00:00Z,PRPO,0.75,21.889166666666668,temperature
2023-06-29T00:00:00Z,PRPO,1,21.534375,temperature
2023-06-30T00:00:00Z,PRPO,0,23.177083333333332,temperature
2023-06-30T00:00:00Z,PRPO,0.25,22.9425,temperature
2023-06-30T00:00:00Z,PRPO,0.5,22.797083333333333,temperature
2023-06-30T00:00:00Z,PRPO,0.75,22.667708333333337,temperature
2023-06-30T00:00:00Z,PRPO,1,22.604375,temperature
2023-07-01T00:00:00Z,PRPO,0,25.676458333333333,temperature
2023-07-01T00:00:00Z,PRPO,0.25,25.070416666666667,temperature
2023-07-01T00:00:00Z,PRPO,0.5,24.200416666666666,temperature
2023-07-01T00:00:00Z,PRPO,0.75,23.427083333333332,temperature
2023-07-01T00:00:00Z,PRPO,1,22.821041666666662,temperature
2023-07-02T00:00:00Z,PRPO,0,26.62,temperature
2023-07-02T00:00:00Z,PRPO,0.25,26.227916666666665,temperature
2023-07-02T00:00:00Z,PRPO,0.5,25.654375,temperature
2023-07-02T00:00:00Z,PRPO,0.75,25.130208333333332,temperature
2023-07-02T00:00:00Z,PRPO,1,24.572708333333335,temperature
2023-07-03T00:00:00Z,PRPO,0,25.32208333333333,temperature
2023-07-03T00:00:00Z,PRPO,0.25,25.296458333333337,temperature
2023-07-03T00:00:00Z,PRPO,0.5,25.248958333333334,temperature
2023-07-03T00:00:00Z,PRPO,0.75,25.148958333333333,temperature
2023-07-03T00:00:00Z,PRPO,1,24.920208333333335,temperature
2023-07-04T00:00:00Z,PRPO,0,24.254583333333333,temperature
2023-07-04T00:00:00Z,PRPO,0.25,24.248958333333334,temperature
2023-07-04T00:00:00Z,PRPO,0.5,24.242083333333333,temperature
2023-07-04T00:00:00Z,PRPO,0.75,24.229583333333338,temperature
2023-07-04T00:00:00Z,PRPO,1,24.206041666666668,temperature
2023-07-05T00:00:00Z,PRPO,0,22.495416666666667,temperature
2023-07-05T00:00:00Z,PRPO,0.25,22.492708333333333,temperature
2023-07-05T00:00:00Z,PRPO,0.5,22.487708333333337,temperature
2023-07-05T00:00:00Z,PRPO,0.75,22.481666666666666,temperature
2023-07-05T00:00:00Z,PRPO,1,22.471666666666668,temperature
2023-07-06T00:00:00Z,PRPO,0,21.613541666666663,temperature
2023-07-06T00:00:00Z,PRPO,0.25,21.609583333333333,temperature
2023-07-06T00:00:00Z,PRPO,0.5,21.602708333333332,temperature
2023-07-06T00:00:00Z,PRPO,0.75,21.598125,temperature
2023-07-06T00:00:00Z,PRPO,1,21.592708333333334,temperature
2023-07-07T00:00:00Z,PRPO,0,21.4975,temperature
2023-07-07T00:00:00Z,PRPO,0.25,21.496875,temperature
2023-07-07T00:00:00Z,PRPO,0.5,21.4925,temperature
2023-07-07T00:00:00Z,PRPO,0.75,21.490833333333335,temperature
2023-07-07T00:00:00Z,PRPO,1,21.486666666666668,temperature
2023-07-08T00:00:00Z,PRPO,0,21.608125,temperature
2023-07-08T00:00:00Z,PRPO,0.25,21.600833333333338,temperature
2023-07-08T00:00:00Z,PRPO,0.5,21.58770833333333,temperature
2023-07-08T00:00:00Z,PRPO,0.75,21.579583333333332,temperature
2023-07-08T00:00:00Z,PRPO,1,21.571458333333332,temperature
2023-07-09T00:00:00Z,PRPO,0,21.613333333333333,temperature
2023-07-09T00:00:00Z,PRPO,0.25,21.60875,temperature
2023-07-09T00:00:00Z,PRPO,0.5,21.597708333333333,temperature
2023-07-09T00:00:00Z,PRPO,0.75,21.586875,temperature
2023-07-09T00:00:00Z,PRPO,1,21.573125,temperature
2023-07-10T00:00:00Z,PRPO,0,22.31375,temperature
2023-07-10T00:00:00Z,PRPO,0.25,22.30270833333333,temperature
2023-07-10T00:00:00Z,PRPO,0.5,22.286666666666665,temperature
2023-07-10T00:00:00Z,PRPO,0.75,22.268125,temperature
2023-07-10T00:00:00Z,PRPO,1,22.23875,temperature
2023-07-11T00:00:00Z,PRPO,0,21.5425,temperature
2023-07-11T00:00:00Z,PRPO,0.25,21.543541666666663,temperature
2023-07-11T00:00:00Z,PRPO,0.5,21.541458333333335,temperature
2023-07-11T00:00:00Z,PRPO,0.75,21.5375,temperature
2023-07-11T00:00:00Z,PRPO,1,21.525625,temperature
2023-07-12T00:00:00Z,PRPO,0,19.903541666666666,temperature
2023-07-12T00:00:00Z,PRPO,0.25,19.885,temperature
2023-07-12T00:00:00Z,PRPO,0.5,19.869375,temperature
2023-07-12T00:00:00Z,PRPO,0.75,19.859166666666667,temperature
2023-07-12T00:00:00Z,PRPO,1,19.844166666666663,temperature
2023-07-13T00:00:00Z,PRPO,0,19.965208333333333,temperature
2023-07-13T00:00:00Z,PRPO,0.25,19.965416666666663,temperature
2023-07-13T00:00:00Z,PRPO,0.5,19.95625,temperature
2023-07-13T00:00:00Z,PRPO,0.75,19.948125,temperature
2023-07-13T00:00:00Z,PRPO,1,19.933958333333333,temperature
2023-07-14T00:00:00Z,PRPO,0,20.840833333333332,temperature
2023-07-14T00:00:00Z,PRPO,0.25,20.840833333333332,temperature
2023-07-14T00:00:00Z,PRPO,0.5,20.835416666666667,temperature
2023-07-14T00:00:00Z,PRPO,0.75,20.829166666666666,temperature
2023-07-14T00:00:00Z,PRPO,1,20.825,temperature
2023-07-15T00:00:00Z,PRPO,0,20.697708333333335,temperature
2023-07-15T00:00:00Z,PRPO,0.25,20.70125,temperature
2023-07-15T00:00:00Z,PRPO,0.5,20.6975,temperature
2023-07-15T00:00:00Z,PRPO,0.75,20.696458333333332,temperature
2023-07-15T00:00:00Z,PRPO,1,20.69354166666667,temperature
2023-07-16T00:00:00Z,PRPO,0,20.425,temperature
2023-07-16T00:00:00Z,PRPO,0.25,20.430208333333333,temperature
2023-07-16T00:00:00Z,PRPO,0.5,20.426458333333333,temperature
2023-07-16T00:00:00Z,PRPO,0.75,20.426666666666662,temperature
2023-07-16T00:00:00Z,PRPO,1,20.424375,temperature
2023-07-17T00:00:00Z,PRPO,0,20.347291666666667,temperature
2023-07-17T00:00:00Z,PRPO,0.25,20.2775,temperature
2023-07-17T00:00:00Z,PRPO,0.5,20.207083333333333,temperature
2023-07-17T00:00:00Z,PRPO,0.75,20.106041666666663,temperature
2023-07-17T00:00:00Z,PRPO,1,20.02625,temperature
2023-07-18T00:00:00Z,PRPO,0,21.332291666666663,temperature
2023-07-18T00:00:00Z,PRPO,0.25,21.278125,temperature
2023-07-18T00:00:00Z,PRPO,0.5,21.163125,temperature
2023-07-18T00:00:00Z,PRPO,0.75,20.986458333333335,temperature
2023-07-18T00:00:00Z,PRPO,1,20.715833333333332,temperature
2023-07-19T00:00:00Z,PRPO,0,21.273125,temperature
2023-07-19T00:00:00Z,PRPO,0.25,21.27375,temperature
2023-07-19T00:00:00Z,PRPO,0.5,21.270208333333333,temperature
2023-07-19T00:00:00Z,PRPO,0.75,21.269583333333333,temperature
2023-07-19T00:00:00Z,PRPO,1,21.267083333333332,temperature
2023-07-20T00:00:00Z,PRPO,0,21.027916666666663,temperature
2023-07-20T00:00:00Z,PRPO,0.25,21.018958333333337,temperature
2023-07-20T00:00:00Z,PRPO,0.5,20.9825,temperature
2023-07-20T00:00:00Z,PRPO,0.75,20.908125,temperature
2023-07-20T00:00:00Z,PRPO,1,20.85333333333333,temperature
2023-07-21T00:00:00Z,PRPO,0,21.896041666666665,temperature
2023-07-21T00:00:00Z,PRPO,0.25,21.881666666666668,temperature
2023-07-21T00:00:00Z,PRPO,0.5,21.847083333333337,temperature
2023-07-21T00:00:00Z,PRPO,0.75,21.774375,temperature
2023-07-21T00:00:00Z,PRPO,1,21.647083333333335,temperature
2023-07-22T00:00:00Z,PRPO,0,22.560625,temperature
2023-07-22T00:00:00Z,PRPO,0.25,22.539583333333333,temperature
2023-07-22T00:00:00Z,PRPO,0.5,22.503333333333337,temperature
2023-07-22T00:00:00Z,PRPO,0.75,22.438958333333332,temperature
2023-07-22T00:00:00Z,PRPO,1,22.36916666666667,temperature
2023-07-23T00:00:00Z,PRPO,0,23.357708333333335,temperature
2023-07-23T00:00:00Z,PRPO,0.25,23.135416666666668,temperature
2023-07-23T00:00:00Z,PRPO,0.5,22.989375,temperature
2023-07-23T00:00:00Z,PRPO,0.75,22.8625,temperature
2023-07-23T00:00:00Z,PRPO,1,22.788125,temperature
2023-07-24T00:00:00Z,PRPO,0,25.045,temperature
2023-07-24T00:00:00Z,PRPO,0.25,24.642083333333332,temperature
2023-07-24T00:00:00Z,PRPO,0.5,24.1775,temperature
2023-07-24T00:00:00Z,PRPO,0.75,23.822708333333335,temperature
2023-07-24T00:00:00Z,PRPO,1,23.00659574468085,temperature
2023-07-25T00:00:00Z,PRPO,0,25.473958333333332,temperature
2023-07-25T00:00:00Z,PRPO,0.25,25.467708333333334,temperature
2023-07-25T00:00:00Z,PRPO,0.5,25.441666666666663,temperature
2023-07-25T00:00:00Z,PRPO,0.75,24.778958333333332,temperature
2023-07-25T00:00:00Z,PRPO,1,24.11895833333333,temperature
2023-07-26T00:00:00Z,PRPO,0,25.267916666666668,temperature
2023-07-26T00:00:00Z,PRPO,0.25,24.96,temperature
2023-07-26T00:00:00Z,PRPO,0.5,24.54104166666667,temperature
2023-07-26T00:00:00Z,PRPO,0.75,24.424583333333334,temperature
2023-07-26T00:00:00Z,PRPO,1,24.331875,temperature
2023-07-27T00:00:00Z,PRPO,0,26.303958333333338,temperature
2023-07-27T00:00:00Z,PRPO,0.25,25.96270833333333,temperature
2023-07-27T00:00:00Z,PRPO,0.5,25.14,temperature
2023-07-27T00:00:00Z,PRPO,0.75,24.575833333333332,temperature
2023-07-27T00:00:00Z,PRPO,1,24.192083333333333,temperature
2023-07-28T00:00:00Z,PRPO,0,25.605625,temperature
2023-07-28T00:00:00Z,PRPO,0.25,25.549791666666668,temperature
2023-07-28T00:00:00Z,PRPO,0.5,25.424166666666668,temperature
2023-07-28T00:00:00Z,PRPO,0.75,25.125208333333333,temperature
2023-07-28T00:00:00Z,PRPO,1,24.698333333333338,temperature
2023-07-29T00:00:00Z,PRPO,0,24.401041666666668,temperature
2023-07-29T00:00:00Z,PRPO,0.25,24.336041666666667,temperature
2023-07-29T00:00:00Z,PRPO,0.5,24.286666666666665,temperature
2023-07-29T00:00:00Z,PRPO,0.75,24.222083333333337,temperature
2023-07-29T00:00:00Z,PRPO,1,24.164375,temperature
2023-07-30T00:00:00Z,PRPO,0,23.986666666666668,temperature
2023-07-30T00:00:00Z,PRPO,0.25,23.96875,temperature
2023-07-30T00:00:00Z,PRPO,0.5,23.930208333333333,temperature
2023-07-30T00:00:00Z,PRPO,0.75,23.82125,temperature
2023-07-30T00:00:00Z,PRPO,1,23.750625,temperature
2023-07-31T00:00:00Z,PRPO,0,23.79625,temperature
2023-07-31T00:00:00Z,PRPO,0.25,23.788958333333333,temperature
2023-07-31T00:00:00Z,PRPO,0.5,23.772291666666668,temperature
2023-07-31T00:00:00Z,PRPO,0.75,23.74,temperature
2023-07-31T00:00:00Z,PRPO,1,23.700625,temperature
2023-08-01T00:00:00Z,PRPO,0,24.8175,temperature
2023-08-01T00:00:00Z,PRPO,0.25,24.606458333333332,temperature
2023-08-01T00:00:00Z,PRPO,0.5,24.407708333333332,temperature
2023-08-01T00:00:00Z,PRPO,0.75,24.160625,temperature
2023-08-01T00:00:00Z,PRPO,1,24.01125,temperature
2023-08-02T00:00:00Z,PRPO,0,25.187916666666663,temperature
2023-08-02T00:00:00Z,PRPO,0.25,24.75875,temperature
2023-08-02T00:00:00Z,PRPO,0.5,24.417291666666667,temperature
2023-08-02T00:00:00Z,PRPO,0.75,24.168958333333332,temperature
2023-08-02T00:00:00Z,PRPO,1,24.064375,temperature
2023-08-03T00:00:00Z,PRPO,0,26.513958333333335,temperature
2023-08-03T00:00:00Z,PRPO,0.25,25.946041666666662,temperature
2023-08-03T00:00:00Z,PRPO,0.5,25.262916666666666,temperature
2023-08-03T00:00:00Z,PRPO,0.75,24.456666666666667,temperature
2023-08-03T00:00:00Z,PRPO,1,24.024166666666662,temperature
2023-08-04T00:00:00Z,PRPO,0,25.855833333333333,temperature
2023-08-04T00:00:00Z,PRPO,0.25,25.83,temperature
2023-08-04T00:00:00Z,PRPO,0.5,25.773958333333333,temperature
2023-08-04T00:00:00Z,PRPO,0.75,25.578541666666663,temperature
2023-08-04T00:00:00Z,PRPO,1,24.97787234042553,temperature
2023-08-05T00:00:00Z,PRPO,0,23.971458333333334,temperature
2023-08-05T00:00:00Z,PRPO,0.25,23.972083333333337,temperature
2023-08-05T00:00:00Z,PRPO,0.5,23.971458333333334,temperature
2023-08-05T00:00:00Z,PRPO,0.75,23.968125,temperature
2023-08-05T00:00:00Z,PRPO,1,23.958958333333335,temperature
2023-08-06T00:00:00Z,PRPO,0,22.987708333333337,temperature
2023-08-06T00:00:00Z,PRPO,0.25,22.9825,temperature
2023-08-06T00:00:00Z,PRPO,0.5,22.97625,temperature
2023-08-06T00:00:00Z,PRPO,0.75,22.968333333333337,temperature
2023-08-06T00:00:00Z,PRPO,1,22.958333333333332,temperature
2023-08-07T00:00:00Z,PRPO,0,23.166875,temperature
2023-08-07T00:00:00Z,PRPO,0.25,23.085833333333333,temperature
2023-08-07T00:00:00Z,PRPO,0.5,22.963958333333338,temperature
2023-08-07T00:00:00Z,PRPO,0.75,22.880625,temperature
2023-08-07T00:00:00Z,PRPO,1,22.82625,temperature
2023-08-08T00:00:00Z,PRPO,0,23.1925,temperature
2023-08-08T00:00:00Z,PRPO,0.25,23.175416666666667,temperature
2023-08-08T00:00:00Z,PRPO,0.5,23.13479166666667,temperature
2023-08-08T00:00:00Z,PRPO,0.75,23.007291666666667,temperature
2023-08-08T00:00:00Z,PRPO,1,22.906458333333333,temperature
2023-08-09T00:00:00Z,PRPO,0,22.873541666666668,temperature
2023-08-09T00:00:00Z,PRPO,0.25,22.840833333333332,temperature
2023-08-09T00:00:00Z,PRPO,0.5,22.769791666666663,temperature
2023-08-09T00:00:00Z,PRPO,0.75,22.6125,temperature
2023-08-09T00:00:00Z,PRPO,1,22.535208333333333,temperature
2023-08-10T00:00:00Z,PRPO,0,21.740625,temperature
2023-08-10T00:00:00Z,PRPO,0.25,21.737083333333334,temperature
2023-08-10T00:00:00Z,PRPO,0.5,21.728958333333335,temperature
2023-08-10T00:00:00Z,PRPO,0.75,21.7125,temperature
2023-08-10T00:00:00Z,PRPO,1,21.691875,temperature
2023-08-11T00:00:00Z,PRPO,0,21.179583333333333,temperature
2023-08-11T00:00:00Z,PRPO,0.25,21.17625,temperature
2023-08-11T00:00:00Z,PRPO,0.5,21.168541666666663,temperature
2023-08-11T00:00:00Z,PRPO,0.75,21.158333333333335,temperature
2023-08-11T00:00:00Z,PRPO,1,21.151875,temperature
2023-08-12T00:00:00Z,PRPO,0,21.056875,temperature
2023-08-12T00:00:00Z,PRPO,0.25,21.053125,temperature
2023-08-12T00:00:00Z,PRPO,0.5,21.046666666666667,temperature
2023-08-12T00:00:00Z,PRPO,0.75,21.039583333333333,temperature
2023-08-12T00:00:00Z,PRPO,1,21.033541666666668,temperature
2023-08-13T00:00:00Z,PRPO,0,21.047083333333333,temperature
2023-08-13T00:00:00Z,PRPO,0.25,21.04625,temperature
2023-08-13T00:00:00Z,PRPO,0.5,21.045833333333334,temperature
2023-08-13T00:00:00Z,PRPO,0.75,21.044166666666666,temperature
2023-08-13T00:00:00Z,PRPO,1,21.041875,temperature
2023-08-14T00:00:00Z,PRPO,0,20.22,temperature
2023-08-14T00:00:00Z,PRPO,0.25,20.13104166666667,temperature
2023-08-14T00:00:00Z,PRPO,0.5,20.03625,temperature
2023-08-14T00:00:00Z,PRPO,0.75,19.914166666666667,temperature
2023-08-14T00:00:00Z,PRPO,1,19.843333333333337,temperature
2023-08-15T00:00:00Z,PRPO,0,21.160416666666663,temperature
2023-08-15T00:00:00Z,PRPO,0.25,21.128125,temperature
2023-08-15T00:00:00Z,PRPO,0.5,21.052083333333332,temperature
2023-08-15T00:00:00Z,PRPO,0.75,20.890833333333333,temperature
2023-08-15T00:00:00Z,PRPO,1,20.677291666666665,temperature
2023-08-16T00:00:00Z,PRPO,0,21.435833333333335,temperature
2023-08-16T00:00:00Z,PRPO,0.25,21.432708333333338,temperature
2023-08-16T00:00:00Z,PRPO,0.5,21.425,temperature
2023-08-16T00:00:00Z,PRPO,0.75,21.4,temperature
2023-08-16T00:00:00Z,PRPO,1,21.373125,temperature
2023-08-17T00:00:00Z,PRPO,0,20.107083333333332,temperature
2023-08-17T00:00:00Z,PRPO,0.25,20.02125,temperature
2023-08-17T00:00:00Z,PRPO,0.5,19.972916666666663,temperature
2023-08-17T00:00:00Z,PRPO,0.75,19.939166666666665,temperature
2023-08-17T00:00:00Z,PRPO,1,19.903958333333332,temperature
2023-08-18T00:00:00Z,PRPO,0,20.3275,temperature
2023-08-18T00:00:00Z,PRPO,0.25,20.322291666666665,temperature
2023-08-18T00:00:00Z,PRPO,0.5,20.308541666666667,temperature
2023-08-18T00:00:00Z,PRPO,0.75,20.238125,temperature
2023-08-18T00:00:00Z,PRPO,1,20.1525,temperature
2023-08-19T00:00:00Z,PRPO,0,21.598125,temperature
2023-08-19T00:00:00Z,PRPO,0.25,21.574166666666667,temperature
2023-08-19T00:00:00Z,PRPO,0.5,21.55625,temperature
2023-08-19T00:00:00Z,PRPO,0.75,21.539583333333333,temperature
2023-08-19T00:00:00Z,PRPO,1,21.524166666666662,temperature
2023-08-20T00:00:00Z,PRPO,0,20.846875,temperature
2023-08-20T00:00:00Z,PRPO,0.25,20.847291666666667,temperature
2023-08-20T00:00:00Z,PRPO,0.5,20.8475,temperature
2023-08-20T00:00:00Z,PRPO,0.75,20.8475,temperature
2023-08-20T00:00:00Z,PRPO,1,20.847083333333337,temperature
2023-08-21T00:00:00Z,PRPO,0,19.238125,temperature
2023-08-21T00:00:00Z,PRPO,0.25,19.24,temperature
2023-08-21T00:00:00Z,PRPO,0.5,19.23875,temperature
2023-08-21T00:00:00Z,PRPO,0.75,19.238333333333333,temperature
2023-08-21T00:00:00Z,PRPO,1,19.237708333333337,temperature
2023-08-22T00:00:00Z,PRPO,0,18.72875,temperature
2023-08-22T00:00:00Z,PRPO,0.25,18.695208333333333,temperature
2023-08-22T00:00:00Z,PRPO,0.5,18.660416666666663,temperature
2023-08-22T00:00:00Z,PRPO,0.75,18.640833333333333,temperature
2023-08-22T00:00:00Z,PRPO,1,18.623958333333334,temperature
2023-08-23T00:00:00Z,PRPO,0,19.48625,temperature
2023-08-23T00:00:00Z,PRPO,0.25,19.420625,temperature
2023-08-23T00:00:00Z,PRPO,0.5,19.307916666666667,temperature
2023-08-23T00:00:00Z,PRPO,0.75,19.211041666666667,temperature
2023-08-23T00:00:00Z,PRPO,1,19.133541666666662,temperature
2023-08-24T00:00:00Z,PRPO,0,21.129166666666663,temperature
2023-08-24T00:00:00Z,PRPO,0.25,20.767708333333335,temperature
2023-08-24T00:00:00Z,PRPO,0.5,20.309791666666666,temperature
2023-08-24T00:00:00Z,PRPO,0.75,19.996041666666667,temperature
2023-08-24T00:00:00Z,PRPO,1,19.684583333333332,temperature
2023-08-25T00:00:00Z,PRPO,0,21.750208333333333,temperature
2023-08-25T00:00:00Z,PRPO,0.25,21.39875,temperature
2023-08-25T00:00:00Z,PRPO,0.5,21.320625,temperature
2023-08-25T00:00:00Z,PRPO,0.75,21.209583333333335,temperature
2023-08-25T00:00:00Z,PRPO,1,21.070416666666667,temperature
2023-08-26T00:00:00Z,PRPO,0,21.295,temperature
2023-08-26T00:00:00Z,PRPO,0.25,21.253541666666667,temperature
2023-08-26T00:00:00Z,PRPO,0.5,21.221875,temperature
2023-08-26T00:00:00Z,PRPO,0.75,21.1825,temperature
2023-08-26T00:00:00Z,PRPO,1,21.041458333333335,temperature
2023-08-27T00:00:00Z,PRPO,0,21.398958333333333,temperature
2023-08-27T00:00:00Z,PRPO,0.25,21.38875,temperature
2023-08-27T00:00:00Z,PRPO,0.5,21.37,temperature
2023-08-27T00:00:00Z,PRPO,0.75,21.267291666666665,temperature
2023-08-27T00:00:00Z,PRPO,1,21.105416666666667,temperature
2023-08-28T00:00:00Z,PRPO,0,21.85125,temperature
2023-08-28T00:00:00Z,PRPO,0.25,21.825625,temperature
2023-08-28T00:00:00Z,PRPO,0.5,21.783125,temperature
2023-08-28T00:00:00Z,PRPO,0.75,21.721666666666668,temperature
2023-08-28T00:00:00Z,PRPO,1,21.617916666666662,temperature
2023-08-29T00:00:00Z,PRPO,0,21.955,temperature
2023-08-29T00:00:00Z,PRPO,0.25,21.944375,temperature
2023-08-29T00:00:00Z,PRPO,0.5,21.925208333333337,temperature
2023-08-29T00:00:00Z,PRPO,0.75,21.839583333333337,temperature
2023-08-29T00:00:00Z,PRPO,1,21.742083333333333,temperature
2023-08-30T00:00:00Z,PRPO,0,21.998958333333334,temperature
2023-08-30T00:00:00Z,PRPO,0.25,21.993333333333332,temperature
2023-08-30T00:00:00Z,PRPO,0.5,21.984375,temperature
2023-08-30T00:00:00Z,PRPO,0.75,21.960625,temperature
2023-08-30T00:00:00Z,PRPO,1,21.887916666666666,temperature
2023-08-31T00:00:00Z,PRPO,0,21.52125,temperature
2023-08-31T00:00:00Z,PRPO,0.25,21.517708333333335,temperature
2023-08-31T00:00:00Z,PRPO,0.5,21.513333333333332,temperature
2023-08-31T00:00:00Z,PRPO,0.75,21.508541666666662,temperature
2023-08-31T00:00:00Z,PRPO,1,21.502708333333334,temperature
2023-09-01T00:00:00Z,PRPO,0,21.544375,temperature
2023-09-01T00:00:00Z,PRPO,0.25,21.524166666666662,temperature
2023-09-01T00:00:00Z,PRPO,0.5,21.503333333333337,temperature
2023-09-01T00:00:00Z,PRPO,0.75,21.489791666666665,temperature
2023-09-01T00:00:00Z,PRPO,1,21.472291666666667,temperature
2023-09-02T00:00:00Z,PRPO,0,22.386458333333337,temperature
2023-09-02T00:00:00Z,PRPO,0.25,22.370833333333337,temperature
2023-09-02T00:00:00Z,PRPO,0.5,22.346041666666665,temperature
2023-09-02T00:00:00Z,PRPO,0.75,22.285833333333333,temperature
2023-09-02T00:00:00Z,PRPO,1,22.190833333333337,temperature
2023-09-03T00:00:00Z,PRPO,0,23.268125,temperature
2023-09-03T00:00:00Z,PRPO,0.25,23.246666666666663,temperature
2023-09-03T00:00:00Z,PRPO,0.5,23.219166666666663,temperature
2023-09-03T00:00:00Z,PRPO,0.75,23.153541666666666,temperature
2023-09-03T00:00:00Z,PRPO,1,23.046041666666667,temperature
2023-09-04T00:00:00Z,PRPO,0,23.83,temperature
2023-09-04T00:00:00Z,PRPO,0.25,23.708333333333332,temperature
2023-09-04T00:00:00Z,PRPO,0.5,23.585208333333338,temperature
2023-09-04T00:00:00Z,PRPO,0.75,23.401666666666667,temperature
2023-09-04T00:00:00Z,PRPO,1,23.186041666666668,temperature
2023-09-05T00:00:00Z,PRPO,0,22.949375,temperature
2023-09-05T00:00:00Z,PRPO,0.25,22.894375,temperature
2023-09-05T00:00:00Z,PRPO,0.5,22.846458333333334,temperature
2023-09-05T00:00:00Z,PRPO,0.75,22.819791666666667,temperature
2023-09-05T00:00:00Z,PRPO,1,22.78875,temperature
2023-09-06T00:00:00Z,PRPO,0,20.215,temperature
2023-09-06T00:00:00Z,PRPO,0.25,20.123333333333335,temperature
2023-09-06T00:00:00Z,PRPO,0.5,19.982916666666668,temperature
2023-09-06T00:00:00Z,PRPO,0.75,19.887916666666666,temperature
2023-09-06T00:00:00Z,PRPO,1,19.811041666666668,temperature
2023-09-07T00:00:00Z,PRPO,0,19.836458333333333,temperature
2023-09-07T00:00:00Z,PRPO,0.25,19.831666666666667,temperature
2023-09-07T00:00:00Z,PRPO,0.5,19.71625,temperature
2023-09-07T00:00:00Z,PRPO,0.75,19.62,temperature
2023-09-07T00:00:00Z,PRPO,1,19.548333333333332,temperature
2023-09-08T00:00:00Z,PRPO,0,19.387916666666666,temperature
2023-09-08T00:00:00Z,PRPO,0.25,19.386666666666667,temperature
2023-09-08T00:00:00Z,PRPO,0.5,19.383541666666662,temperature
2023-09-08T00:00:00Z,PRPO,0.75,19.379583333333333,temperature
2023-09-08T00:00:00Z,PRPO,1,19.374166666666667,temperature
2023-09-09T00:00:00Z,PRPO,0,19.170416666666668,temperature
2023-09-09T00:00:00Z,PRPO,0.25,19.169166666666666,temperature
2023-09-09T00:00:00Z,PRPO,0.5,19.16625,temperature
2023-09-09T00:00:00Z,PRPO,0.75,19.16125,temperature
2023-09-09T00:00:00Z,PRPO,1,19.153958333333332,temperature
2023-09-10T00:00:00Z,PRPO,0,18.987916666666667,temperature
2023-09-10T00:00:00Z,PRPO,0.25,18.782083333333333,temperature
2023-09-10T00:00:00Z,PRPO,0.5,18.488958333333333,temperature
2023-09-10T00:00:00Z,PRPO,0.75,18.376041666666666,temperature
2023-09-10T00:00:00Z,PRPO,1,18.315208333333334,temperature
2023-09-11T00:00:00Z,PRPO,0,18.910833333333333,temperature
2023-09-11T00:00:00Z,PRPO,0.25,18.686458333333334,temperature
2023-09-11T00:00:00Z,PRPO,0.5,18.486666666666668,temperature
2023-09-11T00:00:00Z,PRPO,0.75,18.36625,temperature
2023-09-11T00:00:00Z,PRPO,1,18.29083333333333,temperature
2023-09-12T00:00:00Z,PRPO,0,17.756666666666668,temperature
2023-09-12T00:00:00Z,PRPO,0.25,17.746458333333333,temperature
2023-09-12T00:00:00Z,PRPO,0.5,17.725833333333334,temperature
2023-09-12T00:00:00Z,PRPO,0.75,17.703125,temperature
2023-09-12T00:00:00Z,PRPO,1,17.690833333333334,temperature
2023-09-13T00:00:00Z,PRPO,0,17.25604166666667,temperature
2023-09-13T00:00:00Z,PRPO,0.25,17.251875,temperature
2023-09-13T00:00:00Z,PRPO,0.5,17.241875,temperature
2023-09-13T00:00:00Z,PRPO,0.75,17.229375,temperature
2023-09-13T00:00:00Z,PRPO,1,17.212291666666665,temperature
2023-09-14T00:00:00Z,PRPO,0,17.44125,temperature
2023-09-14T00:00:00Z,PRPO,0.25,17.437916666666666,temperature
2023-09-14T00:00:00Z,PRPO,0.5,17.43125,temperature
2023-09-14T00:00:00Z,PRPO,0.75,17.42395833333333,temperature
2023-09-14T00:00:00Z,PRPO,1,17.416041666666665,temperature
2023-09-15T00:00:00Z,PRPO,0,17.543333333333333,temperature
2023-09-15T00:00:00Z,PRPO,0.25,17.541666666666668,temperature
2023-09-15T00:00:00Z,PRPO,0.5,17.535833333333333,temperature
2023-09-15T00:00:00Z,PRPO,0.75,17.530208333333334,temperature
2023-09-15T00:00:00Z,PRPO,1,17.526458333333334,temperature
2023-09-16T00:00:00Z,PRPO,0,17.02,temperature
2023-09-16T00:00:00Z,PRPO,0.25,17.013125,temperature
2023-09-16T00:00:00Z,PRPO,0.5,17.001458333333332,temperature
2023-09-16T00:00:00Z,PRPO,0.75,16.99125,temperature
2023-09-16T00:00:00Z,PRPO,1,16.970208333333332,temperature
2023-09-17T00:00:00Z,PRPO,0,16.794166666666666,temperature
2023-09-17T00:00:00Z,PRPO,0.25,16.789166666666667,temperature
2023-09-17T00:00:00Z,PRPO,0.5,16.777291666666667,temperature
2023-09-17T00:00:00Z,PRPO,0.75,16.766875,temperature
2023-09-17T00:00:00Z,PRPO,1,16.756666666666668,temperature
2023-09-18T00:00:00Z,PRPO,0,17.124583333333334,temperature
2023-09-18T00:00:00Z,PRPO,0.25,17.117708333333333,temperature
2023-09-18T00:00:00Z,PRPO,0.5,17.101875,temperature
2023-09-18T00:00:00Z,PRPO,0.75,17.087291666666665,temperature
2023-09-18T00:00:00Z,PRPO,1,17.07625,temperature
2023-09-19T00:00:00Z,PRPO,0,17.815833333333334,temperature
2023-09-19T00:00:00Z,PRPO,0.25,17.769166666666667,temperature
2023-09-19T00:00:00Z,PRPO,0.5,17.713333333333335,temperature
2023-09-19T00:00:00Z,PRPO,0.75,17.598958333333332,temperature
2023-09-19T00:00:00Z,PRPO,1,17.502708333333334,temperature
2023-09-20T00:00:00Z,PRPO,0,17.757708333333333,temperature
2023-09-20T00:00:00Z,PRPO,0.25,17.729791666666667,temperature
2023-09-20T00:00:00Z,PRPO,0.5,17.660416666666666,temperature
2023-09-20T00:00:00Z,PRPO,0.75,17.564583333333335,temperature
2023-09-20T00:00:00Z,PRPO,1,17.477083333333333,temperature
2023-09-21T00:00:00Z,PRPO,0,17.42,temperature
2023-09-21T00:00:00Z,PRPO,0.25,17.421041666666667,temperature
2023-09-21T00:00:00Z,PRPO,0.5,17.41979166666667,temperature
2023-09-21T00:00:00Z,PRPO,0.75,17.41979166666667,temperature
2023-09-21T00:00:00Z,PRPO,1,17.416458333333335,temperature
2023-09-22T00:00:00Z,PRPO,0,16.933125,temperature
2023-09-22T00:00:00Z,PRPO,0.25,16.93375,temperature
2023-09-22T00:00:00Z,PRPO,0.5,16.932916666666667,temperature
2023-09-22T00:00:00Z,PRPO,0.75,16.932291666666668,temperature
2023-09-22T00:00:00Z,PRPO,1,16.93125,temperature
2023-09-23T00:00:00Z,PRPO,0,16.817291666666666,temperature
2023-09-23T00:00:00Z,PRPO,0.25,16.817291666666666,temperature
2023-09-23T00:00:00Z,PRPO,0.5,16.814166666666665,temperature
2023-09-23T00:00:00Z,PRPO,0.75,16.812708333333333,temperature
2023-09-23T00:00:00Z,PRPO,1,16.81,temperature
2023-09-24T00:00:00Z,PRPO,0,16.875208333333333,temperature
2023-09-24T00:00:00Z,PRPO,0.25,16.865,temperature
2023-09-24T00:00:00Z,PRPO,0.5,16.852083333333333,temperature
2023-09-24T00:00:00Z,PRPO,0.75,16.840416666666666,temperature
2023-09-24T00:00:00Z,PRPO,1,16.822916666666668,temperature
2023-09-25T00:00:00Z,PRPO,0,17.203125,temperature
2023-09-25T00:00:00Z,PRPO,0.25,17.178333333333335,temperature
2023-09-25T00:00:00Z,PRPO,0.5,17.138958333333335,temperature
2023-09-25T00:00:00Z,PRPO,0.75,17.091875,temperature
2023-09-25T00:00:00Z,PRPO,1,17.0375,temperature
2023-09-26T00:00:00Z,PRPO,0,17.2175,temperature
2023-09-26T00:00:00Z,PRPO,0.25,17.210208333333334,temperature
2023-09-26T00:00:00Z,PRPO,0.5,17.199791666666666,temperature
2023-09-26T00:00:00Z,PRPO,0.75,17.184791666666666,temperature
2023-09-26T00:00:00Z,PRPO,1,17.1575,temperature
2023-09-27T00:00:00Z,PRPO,0,17.001458333333332,temperature
2023-09-27T00:00:00Z,PRPO,0.25,17.000833333333333,temperature
2023-09-27T00:00:00Z,PRPO,0.5,16.998958333333334,temperature
2023-09-27T00:00:00Z,PRPO,0.75,16.997291666666666,temperature
2023-09-27T00:00:00Z,PRPO,1,16.994374999999998,temperature
2023-09-28T00:00:00Z,PRPO,0,16.763333333333332,temperature
2023-09-28T00:00:00Z,PRPO,0.25,16.76125,temperature
2023-09-28T00:00:00Z,PRPO,0.5,16.757083333333334,temperature
2023-09-28T00:00:00Z,PRPO,0.75,16.753541666666667,temperature
2023-09-28T00:00:00Z,PRPO,1,16.749166666666667,temperature
2023-09-29T00:00:00Z,PRPO,0,16.847916666666666,temperature
2023-09-29T00:00:00Z,PRPO,0.25,16.822708333333335,temperature
2023-09-29T00:00:00Z,PRPO,0.5,16.768958333333334,temperature
2023-09-29T00:00:00Z,PRPO,0.75,16.703125,temperature
2023-09-29T00:00:00Z,PRPO,1,16.647708333333334,temperature
2023-09-30T00:00:00Z,PRPO,0,16.928541666666668,temperature
2023-09-30T00:00:00Z,PRPO,0.25,16.916458333333335,temperature
2023-09-30T00:00:00Z,PRPO,0.5,16.881875,temperature
2023-09-30T00:00:00Z,PRPO,0.75,16.8325,temperature
2023-09-30T00:00:00Z,PRPO,1,16.788541666666667,temperature
2023-10-01T00:00:00Z,PRPO,0,17.771458333333335,temperature
2023-10-01T00:00:00Z,PRPO,0.25,17.76625,temperature
2023-10-01T00:00:00Z,PRPO,0.5,17.761041666666667,temperature
2023-10-01T00:00:00Z,PRPO,0.75,17.75625,temperature
2023-10-01T00:00:00Z,PRPO,1,17.751666666666665,temperature
2023-10-02T00:00:00Z,PRPO,0,18.525833333333335,temperature
2023-10-02T00:00:00Z,PRPO,0.25,18.515625,temperature
2023-10-02T00:00:00Z,PRPO,0.5,18.502708333333334,temperature
2023-10-02T00:00:00Z,PRPO,0.75,18.492916666666662,temperature
2023-10-02T00:00:00Z,PRPO,1,18.480625,temperature
2023-10-03T00:00:00Z,PRPO,0,18.226041666666667,temperature
2023-10-03T00:00:00Z,PRPO,0.25,18.222708333333333,temperature
2023-10-03T00:00:00Z,PRPO,0.5,18.219375,temperature
2023-10-03T00:00:00Z,PRPO,0.75,18.217916666666667,temperature
2023-10-03T00:00:00Z,PRPO,1,18.214375,temperature
2023-10-04T00:00:00Z,PRPO,0,17.321458333333332,temperature
2023-10-04T00:00:00Z,PRPO,0.25,17.322916666666668,temperature
2023-10-04T00:00:00Z,PRPO,0.5,17.3225,temperature
2023-10-04T00:00:00Z,PRPO,0.75,17.323333333333334,temperature
2023-10-04T00:00:00Z,PRPO,1,17.321666666666665,temperature
2023-10-05T00:00:00Z,PRPO,0,15.182916666666667,temperature
2023-10-05T00:00:00Z,PRPO,0.25,15.186458333333333,temperature
2023-10-05T00:00:00Z,PRPO,0.5,15.188125,temperature
2023-10-05T00:00:00Z,PRPO,0.75,15.190833333333334,temperature
2023-10-05T00:00:00Z,PRPO,1,15.191041666666669,temperature
2023-10-06T00:00:00Z,PRPO,0,11.751041666666667,temperature
2023-10-06T00:00:00Z,PRPO,0.25,11.754791666666666,temperature
2023-10-06T00:00:00Z,PRPO,0.5,11.758125,temperature
2023-10-06T00:00:00Z,PRPO,0.75,11.759583333333332,temperature
2023-10-06T00:00:00Z,PRPO,1,11.761458333333334,temperature
2023-10-07T00:00:00Z,PRPO,0,9.823958333333334,temperature
2023-10-07T00:00:00Z,PRPO,0.25,9.823541666666667,temperature
2023-10-07T00:00:00Z,PRPO,0.5,9.8175,temperature
2023-10-07T00:00:00Z,PRPO,0.75,9.812083333333334,temperature
2023-10-07T00:00:00Z,PRPO,1,9.807083333333331,temperature
2023-10-08T00:00:00Z,PRPO,0,10.001666666666669,temperature
2023-10-08T00:00:00Z,PRPO,0.25,10.000416666666666,temperature
2023-10-08T00:00:00Z,PRPO,0.5,9.997083333333332,temperature
2023-10-08T00:00:00Z,PRPO,0.75,9.99375,temperature
2023-10-08T00:00:00Z,PRPO,1,9.98875,temperature
2023-10-09T00:00:00Z,PRPO,0,10.441458333333332,temperature
2023-10-09T00:00:00Z,PRPO,0.25,10.41,temperature
2023-10-09T00:00:00Z,PRPO,0.5,10.38125,temperature
2023-10-09T00:00:00Z,PRPO,0.75,10.350833333333332,temperature
2023-10-09T00:00:00Z,PRPO,1,10.313958333333334,temperature
2023-10-10T00:00:00Z,PRPO,0,10.629791666666666,temperature
2023-10-10T00:00:00Z,PRPO,0.25,10.61125,temperature
2023-10-10T00:00:00Z,PRPO,0.5,10.574791666666666,temperature
2023-10-10T00:00:00Z,PRPO,0.75,10.52375,temperature
2023-10-10T00:00:00Z,PRPO,1,10.477083333333333,temperature
2023-10-11T00:00:00Z,PRPO,0,10.497708333333334,temperature
2023-10-11T00:00:00Z,PRPO,0.25,10.491041666666666,temperature
2023-10-11T00:00:00Z,PRPO,0.5,10.468125,temperature
2023-10-11T00:00:00Z,PRPO,0.75,10.397083333333333,temperature
2023-10-11T00:00:00Z,PRPO,1,10.345208333333334,temperature
2023-10-12T00:00:00Z,PRPO,0,10.124583333333334,temperature
2023-10-12T00:00:00Z,PRPO,0.25,10.126458333333334,temperature
2023-10-12T00:00:00Z,PRPO,0.5,10.126458333333334,temperature
2023-10-12T00:00:00Z,PRPO,0.75,10.126458333333334,temperature
2023-10-12T00:00:00Z,PRPO,1,10.125833333333333,temperature
2023-10-13T00:00:00Z,PRPO,0,9.270833333333334,temperature
2023-10-13T00:00:00Z,PRPO,0.25,9.273333333333332,temperature
2023-10-13T00:00:00Z,PRPO,0.5,9.274583333333334,temperature
2023-10-13T00:00:00Z,PRPO,0.75,9.275625,temperature
2023-10-13T00:00:00Z,PRPO,1,9.275416666666668,temperature
2023-10-14T00:00:00Z,PRPO,0,8.679791666666667,temperature
2023-10-14T00:00:00Z,PRPO,0.25,8.679583333333333,temperature
2023-10-14T00:00:00Z,PRPO,0.5,8.6779166666666665,temperature
2023-10-14T00:00:00Z,PRPO,0.75,8.677291666666667,temperature
2023-10-14T00:00:00Z,PRPO,1,8.675625,temperature
2023-10-15T00:00:00Z,PRPO,0,8.68,temperature
2023-10-15T00:00:00Z,PRPO,0.25,8.676458333333333,temperature
2023-10-15T00:00:00Z,PRPO,0.5,8.670208333333333,temperature
2023-10-15T00:00:00Z,PRPO,0.75,8.661875,temperature
2023-10-15T00:00:00Z,PRPO,1,8.653333333333332,temperature
2023-10-16T00:00:00Z,PRPO,0,8.720833333333333,temperature
2023-10-16T00:00:00Z,PRPO,0.25,8.717291666666666,temperature
2023-10-16T00:00:00Z,PRPO,0.5,8.710625,temperature
2023-10-16T00:00:00Z,PRPO,0.75,8.707083333333333,temperature
2023-10-16T00:00:00Z,PRPO,1,8.701458333333333,temperature
2023-10-17T00:00:00Z,PRPO,0,9.4275,temperature
2023-10-17T00:00:00Z,PRPO,0.25,9.422083333333331,temperature
2023-10-17T00:00:00Z,PRPO,0.5,9.413333333333334,temperature
2023-10-17T00:00:00Z,PRPO,0.75,9.406041666666669,temperature
2023-10-17T00:00:00Z,PRPO,1,9.399583333333334,temperature
2023-10-18T00:00:00Z,PRPO,0,9.800625,temperature
2023-10-18T00:00:00Z,PRPO,0.25,9.800833333333332,temperature
2023-10-18T00:00:00Z,PRPO,0.5,9.80125,temperature
2023-10-18T00:00:00Z,PRPO,0.75,9.801666666666666,temperature
2023-10-18T00:00:00Z,PRPO,1,9.801041666666666,temperature
2023-10-19T00:00:00Z,PRPO,0,9.853958333333331,temperature
2023-10-19T00:00:00Z,PRPO,0.25,9.852291666666666,temperature
2023-10-19T00:00:00Z,PRPO,0.5,9.8497916666666665,temperature
2023-10-19T00:00:00Z,PRPO,0.75,9.847916666666666,temperature
2023-10-19T00:00:00Z,PRPO,1,9.845,temperature
2023-10-20T00:00:00Z,PRPO,0,10.422083333333331,temperature
2023-10-20T00:00:00Z,PRPO,0.25,10.421666666666669,temperature
2023-10-20T00:00:00Z,PRPO,0.5,10.419791666666669,temperature
2023-10-20T00:00:00Z,PRPO,0.75,10.419583333333334,temperature
2023-10-20T00:00:00Z,PRPO,1,10.416666666666666,temperature
2023-10-21T00:00:00Z,PRPO,0,10.349791666666668,temperature
2023-10-21T00:00:00Z,PRPO,0.25,10.353125,temperature
2023-10-21T00:00:00Z,PRPO,0.5,10.3525,temperature
2023-10-21T00:00:00Z,PRPO,0.75,10.353958333333331,temperature
2023-10-21T00:00:00Z,PRPO,1,10.353541666666668,temperature
2023-10-22T00:00:00Z,PRPO,0,10.164375,temperature
2023-10-22T00:00:00Z,PRPO,0.25,10.165625,temperature
2023-10-22T00:00:00Z,PRPO,0.5,10.164791666666666,temperature
2023-10-22T00:00:00Z,PRPO,0.75,10.167916666666668,temperature
2023-10-22T00:00:00Z,PRPO,1,10.165416666666667,temperature
2023-10-23T00:00:00Z,PRPO,0,10.076666666666666,temperature
2023-10-23T00:00:00Z,PRPO,0.25,10.075833333333334,temperature
2023-10-23T00:00:00Z,PRPO,0.5,10.07625,temperature
2023-10-23T00:00:00Z,PRPO,0.75,10.078125,temperature
2023-10-23T00:00:00Z,PRPO,1,10.077083333333333,temperature
2023-10-24T00:00:00Z,PRPO,0,9.348333333333333,temperature
2023-10-24T00:00:00Z,PRPO,0.25,9.35,temperature
2023-10-24T00:00:00Z,PRPO,0.5,9.350625,temperature
2023-10-24T00:00:00Z,PRPO,0.75,9.352291666666666,temperature
2023-10-24T00:00:00Z,PRPO,1,9.35125,temperature
2023-10-25T00:00:00Z,PRPO,0,8.469583333333333,temperature
2023-10-25T00:00:00Z,PRPO,0.25,8.471041666666666,temperature
2023-10-25T00:00:00Z,PRPO,0.5,8.471666666666668,temperature
2023-10-25T00:00:00Z,PRPO,0.75,8.471875,temperature
2023-10-25T00:00:00Z,PRPO,1,8.471041666666666,temperature
2023-10-26T00:00:00Z,PRPO,0,6.588333333333334,temperature
2023-10-26T00:00:00Z,PRPO,0.25,6.592083333333333,temperature
2023-10-26T00:00:00Z,PRPO,0.5,6.5945833333333335,temperature
2023-10-26T00:00:00Z,PRPO,0.75,6.597916666666666,temperature
2023-10-26T00:00:00Z,PRPO,1,6.599375,temperature
2023-10-27T00:00:00Z,PRPO,0,3.692285714285714,temperature
2023-10-27T00:00:00Z,PRPO,0.25,3.6957142857142857,temperature
2023-10-27T00:00:00Z,PRPO,0.5,3.699428571428572,temperature
2023-10-27T00:00:00Z,PRPO,0.75,3.702857142857143,temperature
2023-10-27T00:00:00Z,PRPO,1,3.706,temperature
2024-04-24T00:00:00Z,PRPO,0,9.731428571428571,temperature
2024-04-24T00:00:00Z,PRPO,0.25,9.727142857142857,temperature
2024-04-24T00:00:00Z,PRPO,0.5,9.721428571428572,temperature
2024-04-24T00:00:00Z,PRPO,0.75,9.715714285714286,temperature
2024-04-24T00:00:00Z,PRPO,1,9.704285714285714,temperature
2024-04-25T00:00:00Z,PRPO,0,9.790625,temperature
2024-04-25T00:00:00Z,PRPO,0.25,9.790625,temperature
2024-04-25T00:00:00Z,PRPO,0.5,9.789166666666668,temperature
2024-04-25T00:00:00Z,PRPO,0.75,9.7872916666666665,temperature
2024-04-25T00:00:00Z,PRPO,1,9.784583333333334,temperature
2024-04-26T00:00:00Z,PRPO,0,10.965208333333331,temperature
2024-04-26T00:00:00Z,PRPO,0.25,10.969583333333333,temperature
2024-04-26T00:00:00Z,PRPO,0.5,10.970416666666669,temperature
2024-04-26T00:00:00Z,PRPO,0.75,10.97125,temperature
2024-04-26T00:00:00Z,PRPO,1,10.971458333333333,temperature
2024-04-27T00:00:00Z,PRPO,0,10.011666666666668,temperature
2024-04-27T00:00:00Z,PRPO,0.25,10.021458333333332,temperature
2024-04-27T00:00:00Z,PRPO,0.5,10.022916666666667,temperature
2024-04-27T00:00:00Z,PRPO,0.75,10.025625,temperature
2024-04-27T00:00:00Z,PRPO,1,10.026458333333334,temperature
2024-04-28T00:00:00Z,PRPO,0,9.014166666666666,temperature
2024-04-28T00:00:00Z,PRPO,0.25,9.029583333333331,temperature
2024-04-28T00:00:00Z,PRPO,0.5,9.032291666666666,temperature
2024-04-28T00:00:00Z,PRPO,0.75,9.03375,temperature
2024-04-28T00:00:00Z,PRPO,1,9.034791666666669,temperature
2024-04-29T00:00:00Z,PRPO,0,7.918125,temperature
2024-04-29T00:00:00Z,PRPO,0.25,7.927083333333333,temperature
2024-04-29T00:00:00Z,PRPO,0.5,7.9275,temperature
2024-04-29T00:00:00Z,PRPO,0.75,7.9275,temperature
2024-04-29T00:00:00Z,PRPO,1,7.927291666666666,temperature
2024-04-30T00:00:00Z,PRPO,0,7.775625,temperature
2024-04-30T00:00:00Z,PRPO,0.25,7.782083333333333,temperature
2024-04-30T00:00:00Z,PRPO,0.5,7.78375,temperature
2024-04-30T00:00:00Z,PRPO,0.75,7.785625,temperature
2024-04-30T00:00:00Z,PRPO,1,7.785833333333334,temperature
2024-05-01T00:00:00Z,PRPO,0,8.01625,temperature
2024-05-01T00:00:00Z,PRPO,0.25,8.014583333333333,temperature
2024-05-01T00:00:00Z,PRPO,0.5,8.011041666666667,temperature
2024-05-01T00:00:00Z,PRPO,0.75,8.004999999999999,temperature
2024-05-01T00:00:00Z,PRPO,1,8.000208333333333,temperature
2024-05-02T00:00:00Z,PRPO,0,9.167083333333334,temperature
2024-05-02T00:00:00Z,PRPO,0.25,9.171458333333334,temperature
2024-05-02T00:00:00Z,PRPO,0.5,9.168958333333332,temperature
2024-05-02T00:00:00Z,PRPO,0.75,9.164166666666668,temperature
2024-05-02T00:00:00Z,PRPO,1,9.159791666666669,temperature
2024-05-03T00:00:00Z,PRPO,0,8.55875,temperature
2024-05-03T00:00:00Z,PRPO,0.25,8.565416666666668,temperature
2024-05-03T00:00:00Z,PRPO,0.5,8.566875,temperature
2024-05-03T00:00:00Z,PRPO,0.75,8.566666666666666,temperature
2024-05-03T00:00:00Z,PRPO,1,8.566875,temperature
2024-05-04T00:00:00Z,PRPO,0,8.857291666666667,temperature
2024-05-04T00:00:00Z,PRPO,0.25,8.860416666666667,temperature
2024-05-04T00:00:00Z,PRPO,0.5,8.861041666666667,temperature
2024-05-04T00:00:00Z,PRPO,0.75,8.859166666666667,temperature
2024-05-04T00:00:00Z,PRPO,1,8.858333333333333,temperature
2024-05-05T00:00:00Z,PRPO,0,9.780416666666667,temperature
2024-05-05T00:00:00Z,PRPO,0.25,9.783125,temperature
2024-05-05T00:00:00Z,PRPO,0.5,9.780625,temperature
2024-05-05T00:00:00Z,PRPO,0.75,9.777708333333331,temperature
2024-05-05T00:00:00Z,PRPO,1,9.774791666666667,temperature
2024-05-06T00:00:00Z,PRPO,0,11.026875,temperature
2024-05-06T00:00:00Z,PRPO,0.25,11.028125,temperature
2024-05-06T00:00:00Z,PRPO,0.5,11.027083333333334,temperature
2024-05-06T00:00:00Z,PRPO,0.75,11.027083333333334,temperature
2024-05-06T00:00:00Z,PRPO,1,11.026458333333334,temperature
2024-05-07T00:00:00Z,PRPO,0,11.636041666666667,temperature
2024-05-07T00:00:00Z,PRPO,0.25,11.635416666666666,temperature
2024-05-07T00:00:00Z,PRPO,0.5,11.634791666666668,temperature
2024-05-07T00:00:00Z,PRPO,0.75,11.634583333333332,temperature
2024-05-07T00:00:00Z,PRPO,1,11.634166666666667,temperature
2024-05-08T00:00:00Z,PRPO,0,12.055625,temperature
2024-05-08T00:00:00Z,PRPO,0.25,12.056666666666668,temperature
2024-05-08T00:00:00Z,PRPO,0.5,12.054166666666667,temperature
2024-05-08T00:00:00Z,PRPO,0.75,12.048541666666669,temperature
2024-05-08T00:00:00Z,PRPO,1,12.042916666666668,temperature
2024-05-09T00:00:00Z,PRPO,0,13.316875,temperature
2024-05-09T00:00:00Z,PRPO,0.25,13.318541666666668,temperature
2024-05-09T00:00:00Z,PRPO,0.5,13.313333333333333,temperature
2024-05-09T00:00:00Z,PRPO,0.75,13.301875,temperature
2024-05-09T00:00:00Z,PRPO,1,13.29375,temperature
2024-05-10T00:00:00Z,PRPO,0,14.216666666666669,temperature
2024-05-10T00:00:00Z,PRPO,0.25,14.223125,temperature
2024-05-10T00:00:00Z,PRPO,0.5,14.221458333333333,temperature
2024-05-10T00:00:00Z,PRPO,0.75,14.220208333333334,temperature
2024-05-10T00:00:00Z,PRPO,1,14.217291666666666,temperature
2024-05-11T00:00:00Z,PRPO,0,14.760208333333331,temperature
2024-05-11T00:00:00Z,PRPO,0.25,14.764583333333333,temperature
2024-05-11T00:00:00Z,PRPO,0.5,14.761875,temperature
2024-05-11T00:00:00Z,PRPO,0.75,14.759375,temperature
2024-05-11T00:00:00Z,PRPO,1,14.755625,temperature
2024-05-12T00:00:00Z,PRPO,0,15.7125,temperature
2024-05-12T00:00:00Z,PRPO,0.25,15.718958333333331,temperature
2024-05-12T00:00:00Z,PRPO,0.5,15.718958333333331,temperature
2024-05-12T00:00:00Z,PRPO,0.75,15.719166666666666,temperature
2024-05-12T00:00:00Z,PRPO,1,15.718333333333334,temperature
2024-05-13T00:00:00Z,PRPO,0,15.930833333333334,temperature
2024-05-13T00:00:00Z,PRPO,0.25,15.935833333333331,temperature
2024-05-13T00:00:00Z,PRPO,0.5,15.929375,temperature
2024-05-13T00:00:00Z,PRPO,0.75,15.912083333333332,temperature
2024-05-13T00:00:00Z,PRPO,1,15.895833333333334,temperature
2024-05-14T00:00:00Z,PRPO,0,16.410689655172416,temperature
2024-05-14T00:00:00Z,PRPO,0.25,16.42896551724138,temperature
2024-05-14T00:00:00Z,PRPO,0.5,16.427241379310345,temperature
2024-05-14T00:00:00Z,PRPO,0.75,16.419999999999998,temperature
2024-05-14T00:00:00Z,PRPO,1,16.400344827586206,temperature
2024-05-16T00:00:00Z,PRPO,0,16.75,temperature
2024-05-16T00:00:00Z,PRPO,0.25,16.74,temperature
2024-05-16T00:00:00Z,PRPO,0.5,16.73125,temperature
2024-05-16T00:00:00Z,PRPO,0.75,16.715,temperature
2024-05-16T00:00:00Z,PRPO,1,16.69625,temperature
2024-05-17T00:00:00Z,PRPO,0,17.223958333333332,temperature
2024-05-17T00:00:00Z,PRPO,0.25,17.196875,temperature
2024-05-17T00:00:00Z,PRPO,0.5,17.132291666666667,temperature
2024-05-17T00:00:00Z,PRPO,0.75,17.036666666666665,temperature
2024-05-17T00:00:00Z,PRPO,1,16.929166666666667,temperature
2024-05-18T00:00:00Z,PRPO,0,16.991666666666667,temperature
2024-05-18T00:00:00Z,PRPO,0.25,17.000625,temperature
2024-05-18T00:00:00Z,PRPO,0.5,17.000208333333333,temperature
2024-05-18T00:00:00Z,PRPO,0.75,16.99625,temperature
2024-05-18T00:00:00Z,PRPO,1,16.989791666666665,temperature
2024-05-19T00:00:00Z,PRPO,0,15.5275,temperature
2024-05-19T00:00:00Z,PRPO,0.25,15.54125,temperature
2024-05-19T00:00:00Z,PRPO,0.5,15.543958333333332,temperature
2024-05-19T00:00:00Z,PRPO,0.75,15.545208333333331,temperature
2024-05-19T00:00:00Z,PRPO,1,15.544375,temperature
2024-05-20T00:00:00Z,PRPO,0,14.935625,temperature
2024-05-20T00:00:00Z,PRPO,0.25,14.940833333333334,temperature
2024-05-20T00:00:00Z,PRPO,0.5,14.9375,temperature
2024-05-20T00:00:00Z,PRPO,0.75,14.9325,temperature
2024-05-20T00:00:00Z,PRPO,1,14.927291666666669,temperature
2024-05-21T00:00:00Z,PRPO,0,15.33625,temperature
2024-05-21T00:00:00Z,PRPO,0.25,15.344375,temperature
2024-05-21T00:00:00Z,PRPO,0.5,15.344166666666666,temperature
2024-05-21T00:00:00Z,PRPO,0.75,15.343541666666669,temperature
2024-05-21T00:00:00Z,PRPO,1,15.341041666666667,temperature
2024-05-22T00:00:00Z,PRPO,0,15.406875,temperature
2024-05-22T00:00:00Z,PRPO,0.25,15.412708333333333,temperature
2024-05-22T00:00:00Z,PRPO,0.5,15.408958333333333,temperature
2024-05-22T00:00:00Z,PRPO,0.75,15.40625,temperature
2024-05-22T00:00:00Z,PRPO,1,15.401875,temperature
2024-05-23T00:00:00Z,PRPO,0,15.851875,temperature
2024-05-23T00:00:00Z,PRPO,0.25,15.863125,temperature
2024-05-23T00:00:00Z,PRPO,0.5,15.865833333333333,temperature
2024-05-23T00:00:00Z,PRPO,0.75,15.862916666666669,temperature
2024-05-23T00:00:00Z,PRPO,1,15.858541666666667,temperature
2024-05-24T00:00:00Z,PRPO,0,14.442708333333334,temperature
2024-05-24T00:00:00Z,PRPO,0.25,14.477083333333333,temperature
2024-05-24T00:00:00Z,PRPO,0.5,14.48,temperature
2024-05-24T00:00:00Z,PRPO,0.75,14.483125,temperature
2024-05-24T00:00:00Z,PRPO,1,14.485416666666667,temperature
2024-05-25T00:00:00Z,PRPO,0,12.009791666666668,temperature
2024-05-25T00:00:00Z,PRPO,0.25,12.00875,temperature
2024-05-25T00:00:00Z,PRPO,0.5,12.003125,temperature
2024-05-25T00:00:00Z,PRPO,0.75,11.99625,temperature
2024-05-25T00:00:00Z,PRPO,1,11.98875,temperature
2024-05-26T00:00:00Z,PRPO,0,13.908541666666666,temperature
2024-05-26T00:00:00Z,PRPO,0.25,13.871666666666666,temperature
2024-05-26T00:00:00Z,PRPO,0.5,13.804166666666667,temperature
2024-05-26T00:00:00Z,PRPO,0.75,13.709583333333333,temperature
2024-05-26T00:00:00Z,PRPO,1,13.625625,temperature
2024-05-27T00:00:00Z,PRPO,0,14.290625,temperature
2024-05-27T00:00:00Z,PRPO,0.25,14.289166666666668,temperature
2024-05-27T00:00:00Z,PRPO,0.5,14.283541666666666,temperature
2024-05-27T00:00:00Z,PRPO,0.75,14.273125,temperature
2024-05-27T00:00:00Z,PRPO,1,14.264791666666667,temperature
2024-05-28T00:00:00Z,PRPO,0,14.933541666666668,temperature
2024-05-28T00:00:00Z,PRPO,0.25,14.933958333333331,temperature
2024-05-28T00:00:00Z,PRPO,0.5,14.933958333333331,temperature
2024-05-28T00:00:00Z,PRPO,0.75,14.930416666666666,temperature
2024-05-28T00:00:00Z,PRPO,1,14.924166666666666,temperature
2024-05-29T00:00:00Z,PRPO,0,15.39,temperature
2024-05-29T00:00:00Z,PRPO,0.25,15.406458333333331,temperature
2024-05-29T00:00:00Z,PRPO,0.5,15.397708333333334,temperature
2024-05-29T00:00:00Z,PRPO,0.75,15.395833333333334,temperature
2024-05-29T00:00:00Z,PRPO,1,15.394375,temperature
2024-05-30T00:00:00Z,PRPO,0,16.120625,temperature
2024-05-30T00:00:00Z,PRPO,0.25,16.12125,temperature
2024-05-30T00:00:00Z,PRPO,0.5,16.12,temperature
2024-05-30T00:00:00Z,PRPO,0.75,16.11895833333333,temperature
2024-05-30T00:00:00Z,PRPO,1,16.118333333333332,temperature
2024-05-31T00:00:00Z,PRPO,0,16.243125,temperature
2024-05-31T00:00:00Z,PRPO,0.25,16.250833333333333,temperature
2024-05-31T00:00:00Z,PRPO,0.5,16.247708333333332,temperature
2024-05-31T00:00:00Z,PRPO,0.75,16.246458333333333,temperature
2024-05-31T00:00:00Z,PRPO,1,16.245,temperature
2024-06-01T00:00:00Z,PRPO,0,16.565625,temperature
2024-06-01T00:00:00Z,PRPO,0.25,16.569791666666667,temperature
2024-06-01T00:00:00Z,PRPO,0.5,16.56375,temperature
2024-06-01T00:00:00Z,PRPO,0.75,16.560208333333332,temperature
2024-06-01T00:00:00Z,PRPO,1,16.555833333333332,temperature
2024-06-02T00:00:00Z,PRPO,0,17.023541666666667,temperature
2024-06-02T00:00:00Z,PRPO,0.25,17.032083333333333,temperature
2024-06-02T00:00:00Z,PRPO,0.5,17.03375,temperature
2024-06-02T00:00:00Z,PRPO,0.75,17.03729166666667,temperature
2024-06-02T00:00:00Z,PRPO,1,17.038333333333334,temperature
2024-06-03T00:00:00Z,PRPO,0,16.339791666666667,temperature
2024-06-03T00:00:00Z,PRPO,0.25,16.410833333333333,temperature
2024-06-03T00:00:00Z,PRPO,0.5,16.456041666666668,temperature
2024-06-03T00:00:00Z,PRPO,0.75,16.47458333333333,temperature
2024-06-03T00:00:00Z,PRPO,1,16.516458333333333,temperature
2024-06-04T00:00:00Z,PRPO,0,17.91375,temperature
2024-06-04T00:00:00Z,PRPO,0.25,17.902291666666667,temperature
2024-06-04T00:00:00Z,PRPO,0.5,17.838125,temperature
2024-06-04T00:00:00Z,PRPO,0.75,17.727708333333332,temperature
2024-06-04T00:00:00Z,PRPO,1,17.639375,temperature
2024-06-05T00:00:00Z,PRPO,0,16.821875,temperature
2024-06-05T00:00:00Z,PRPO,0.25,16.827708333333334,temperature
2024-06-05T00:00:00Z,PRPO,0.5,16.828125,temperature
2024-06-05T00:00:00Z,PRPO,0.75,16.83,temperature
2024-06-05T00:00:00Z,PRPO,1,16.83,temperature
2024-06-06T00:00:00Z,PRPO,0,16.166458333333335,temperature
2024-06-06T00:00:00Z,PRPO,0.25,16.170416666666668,temperature
2024-06-06T00:00:00Z,PRPO,0.5,16.171875,temperature
2024-06-06T00:00:00Z,PRPO,0.75,16.172708333333333,temperature
2024-06-06T00:00:00Z,PRPO,1,16.173541666666665,temperature
2024-06-07T00:00:00Z,PRPO,0,16.0425,temperature
2024-06-07T00:00:00Z,PRPO,0.25,16.039166666666667,temperature
2024-06-07T00:00:00Z,PRPO,0.5,16.027708333333333,temperature
2024-06-07T00:00:00Z,PRPO,0.75,16.015625,temperature
2024-06-07T00:00:00Z,PRPO,1,16.004375,temperature
2024-06-08T00:00:00Z,PRPO,0,16.479375,temperature
2024-06-08T00:00:00Z,PRPO,0.25,16.480625,temperature
2024-06-08T00:00:00Z,PRPO,0.5,16.475416666666668,temperature
2024-06-08T00:00:00Z,PRPO,0.75,16.470625000000002,temperature
2024-06-08T00:00:00Z,PRPO,1,16.465833333333332,temperature
2024-06-09T00:00:00Z,PRPO,0,17.509999999999998,temperature
2024-06-09T00:00:00Z,PRPO,0.25,17.504583333333333,temperature
2024-06-09T00:00:00Z,PRPO,0.5,17.490625,temperature
2024-06-09T00:00:00Z,PRPO,0.75,17.470416666666665,temperature
2024-06-09T00:00:00Z,PRPO,1,17.450416666666666,temperature
2024-06-10T00:00:00Z,PRPO,0,18.070416666666667,temperature
2024-06-10T00:00:00Z,PRPO,0.25,18.079166666666666,temperature
2024-06-10T00:00:00Z,PRPO,0.5,18.078333333333333,temperature
2024-06-10T00:00:00Z,PRPO,0.75,18.074791666666663,temperature
2024-06-10T00:00:00Z,PRPO,1,18.067291666666662,temperature
2024-06-11T00:00:00Z,PRPO,0,17.884166666666665,temperature
2024-06-11T00:00:00Z,PRPO,0.25,17.88625,temperature
2024-06-11T00:00:00Z,PRPO,0.5,17.883125,temperature
2024-06-11T00:00:00Z,PRPO,0.75,17.8825,temperature
2024-06-11T00:00:00Z,PRPO,1,17.88,temperature
2024-06-12T00:00:00Z,PRPO,0,19.13,temperature
2024-06-12T00:00:00Z,PRPO,0.25,19.114166666666662,temperature
2024-06-12T00:00:00Z,PRPO,0.5,19.09375,temperature
2024-06-12T00:00:00Z,PRPO,0.75,19.077291666666667,temperature
2024-06-12T00:00:00Z,PRPO,1,19.0675,temperature
2024-06-13T00:00:00Z,PRPO,0,19.873333333333335,temperature
2024-06-13T00:00:00Z,PRPO,0.25,19.880833333333335,temperature
2024-06-13T00:00:00Z,PRPO,0.5,19.877916666666668,temperature
2024-06-13T00:00:00Z,PRPO,0.75,19.87625,temperature
2024-06-13T00:00:00Z,PRPO,1,19.875,temperature
2024-06-14T00:00:00Z,PRPO,0,20.434166666666663,temperature
2024-06-14T00:00:00Z,PRPO,0.25,20.429791666666667,temperature
2024-06-14T00:00:00Z,PRPO,0.5,20.40625,temperature
2024-06-14T00:00:00Z,PRPO,0.75,20.378125,temperature
2024-06-14T00:00:00Z,PRPO,1,20.35625,temperature
2024-06-15T00:00:00Z,PRPO,0,20.717916666666667,temperature
2024-06-15T00:00:00Z,PRPO,0.25,20.717291666666668,temperature
2024-06-15T00:00:00Z,PRPO,0.5,20.711666666666662,temperature
2024-06-15T00:00:00Z,PRPO,0.75,20.705416666666668,temperature
2024-06-15T00:00:00Z,PRPO,1,20.6975,temperature
2024-06-16T00:00:00Z,PRPO,0,21.186041666666668,temperature
2024-06-16T00:00:00Z,PRPO,0.25,21.190416666666668,temperature
2024-06-16T00:00:00Z,PRPO,0.5,21.18875,temperature
2024-06-16T00:00:00Z,PRPO,0.75,21.188333333333333,temperature
2024-06-16T00:00:00Z,PRPO,1,21.187083333333337,temperature
2024-06-17T00:00:00Z,PRPO,0,20.429166666666667,temperature
2024-06-17T00:00:00Z,PRPO,0.25,20.439375,temperature
2024-06-17T00:00:00Z,PRPO,0.5,20.43875,temperature
2024-06-17T00:00:00Z,PRPO,0.75,20.439166666666665,temperature
2024-06-17T00:00:00Z,PRPO,1,20.438958333333332,temperature
2024-06-18T00:00:00Z,PRPO,0,18.813958333333332,temperature
2024-06-18T00:00:00Z,PRPO,0.25,18.827291666666667,temperature
2024-06-18T00:00:00Z,PRPO,0.5,18.83125,temperature
2024-06-18T00:00:00Z,PRPO,0.75,18.833125,temperature
2024-06-18T00:00:00Z,PRPO,1,18.834791666666668,temperature
2024-06-19T00:00:00Z,PRPO,0,18.01875,temperature
2024-06-19T00:00:00Z,PRPO,0.25,17.966458333333335,temperature
2024-06-19T00:00:00Z,PRPO,0.5,17.847916666666666,temperature
2024-06-19T00:00:00Z,PRPO,0.75,17.729583333333334,temperature
2024-06-19T00:00:00Z,PRPO,1,17.639791666666667,temperature
2024-06-20T00:00:00Z,PRPO,0,19.144375,temperature
2024-06-20T00:00:00Z,PRPO,0.25,19.145625,temperature
2024-06-20T00:00:00Z,PRPO,0.5,19.114791666666665,temperature
2024-06-20T00:00:00Z,PRPO,0.75,19.023958333333333,temperature
2024-06-20T00:00:00Z,PRPO,1,18.846041666666668,temperature
2024-06-21T00:00:00Z,PRPO,0,19.122083333333332,temperature
2024-06-21T00:00:00Z,PRPO,0.25,19.125416666666663,temperature
2024-06-21T00:00:00Z,PRPO,0.5,19.1175,temperature
2024-06-21T00:00:00Z,PRPO,0.75,19.1025,temperature
2024-06-21T00:00:00Z,PRPO,1,19.0775,temperature
2024-06-22T00:00:00Z,PRPO,0,19.170833333333334,temperature
2024-06-22T00:00:00Z,PRPO,0.25,19.046041666666667,temperature
2024-06-22T00:00:00Z,PRPO,0.5,18.979583333333338,temperature
2024-06-22T00:00:00Z,PRPO,0.75,18.945833333333333,temperature
2024-06-22T00:00:00Z,PRPO,1,18.925,temperature
2024-06-23T00:00:00Z,PRPO,0,21.08791666666667,temperature
2024-06-23T00:00:00Z,PRPO,0.25,20.875416666666663,temperature
2024-06-23T00:00:00Z,PRPO,0.5,20.367083333333333,temperature
2024-06-23T00:00:00Z,PRPO,0.75,19.936041666666668,temperature
2024-06-23T00:00:00Z,PRPO,1,19.66229166666667,temperature
2024-06-24T00:00:00Z,PRPO,0,23.003958333333333,temperature
2024-06-24T00:00:00Z,PRPO,0.25,22.977291666666662,temperature
2024-06-24T00:00:00Z,PRPO,0.5,22.862708333333337,temperature
2024-06-24T00:00:00Z,PRPO,0.75,21.991666666666667,temperature
2024-06-24T00:00:00Z,PRPO,1,21.517291666666665,temperature
2024-06-25T00:00:00Z,PRPO,0,22.659583333333337,temperature
2024-06-25T00:00:00Z,PRPO,0.25,22.658541666666668,temperature
2024-06-25T00:00:00Z,PRPO,0.5,22.633125,temperature
2024-06-25T00:00:00Z,PRPO,0.75,22.555833333333332,temperature
2024-06-25T00:00:00Z,PRPO,1,22.494583333333335,temperature
2024-06-26T00:00:00Z,PRPO,0,21.760625,temperature
2024-06-26T00:00:00Z,PRPO,0.25,21.764583333333334,temperature
2024-06-26T00:00:00Z,PRPO,0.5,21.75979166666667,temperature
2024-06-26T00:00:00Z,PRPO,0.75,21.749583333333337,temperature
2024-06-26T00:00:00Z,PRPO,1,21.735416666666666,temperature
2024-06-27T00:00:00Z,PRPO,0,20.875625,temperature
2024-06-27T00:00:00Z,PRPO,0.25,20.886458333333337,temperature
2024-06-27T00:00:00Z,PRPO,0.5,20.889583333333334,temperature
2024-06-27T00:00:00Z,PRPO,0.75,20.891041666666663,temperature
2024-06-27T00:00:00Z,PRPO,1,20.890625,temperature
2024-06-28T00:00:00Z,PRPO,0,19.927291666666665,temperature
2024-06-28T00:00:00Z,PRPO,0.25,19.929375,temperature
2024-06-28T00:00:00Z,PRPO,0.5,19.927291666666665,temperature
2024-06-28T00:00:00Z,PRPO,0.75,19.925208333333337,temperature
2024-06-28T00:00:00Z,PRPO,1,19.923541666666665,temperature
2024-06-29T00:00:00Z,PRPO,0,19.627083333333335,temperature
2024-06-29T00:00:00Z,PRPO,0.25,19.630833333333335,temperature
2024-06-29T00:00:00Z,PRPO,0.5,19.628541666666667,temperature
2024-06-29T00:00:00Z,PRPO,0.75,19.626458333333332,temperature
2024-06-29T00:00:00Z,PRPO,1,19.624166666666667,temperature
2024-06-30T00:00:00Z,PRPO,0,19.381666666666668,temperature
2024-06-30T00:00:00Z,PRPO,0.25,19.390416666666667,temperature
2024-06-30T00:00:00Z,PRPO,0.5,19.389375,temperature
2024-06-30T00:00:00Z,PRPO,0.75,19.386875,temperature
2024-06-30T00:00:00Z,PRPO,1,19.383125,temperature
2024-07-01T00:00:00Z,PRPO,0,19.112708333333337,temperature
2024-07-01T00:00:00Z,PRPO,0.25,19.120833333333337,temperature
2024-07-01T00:00:00Z,PRPO,0.5,19.122916666666665,temperature
2024-07-01T00:00:00Z,PRPO,0.75,19.122708333333332,temperature
2024-07-01T00:00:00Z,PRPO,1,19.123333333333335,temperature
2024-07-02T00:00:00Z,PRPO,0,19.156875,temperature
2024-07-02T00:00:00Z,PRPO,0.25,19.158958333333334,temperature
2024-07-02T00:00:00Z,PRPO,0.5,19.156458333333333,temperature
2024-07-02T00:00:00Z,PRPO,0.75,19.153958333333332,temperature
2024-07-02T00:00:00Z,PRPO,1,19.152708333333333,temperature
2024-07-03T00:00:00Z,PRPO,0,19.724583333333335,temperature
2024-07-03T00:00:00Z,PRPO,0.25,19.726458333333333,temperature
2024-07-03T00:00:00Z,PRPO,0.5,19.721666666666668,temperature
2024-07-03T00:00:00Z,PRPO,0.75,19.716875,temperature
2024-07-03T00:00:00Z,PRPO,1,19.711458333333333,temperature
2024-07-04T00:00:00Z,PRPO,0,20.381666666666668,temperature
2024-07-04T00:00:00Z,PRPO,0.25,20.37875,temperature
2024-07-04T00:00:00Z,PRPO,0.5,20.367708333333333,temperature
2024-07-04T00:00:00Z,PRPO,0.75,20.352291666666662,temperature
2024-07-04T00:00:00Z,PRPO,1,20.342708333333334,temperature
2024-07-05T00:00:00Z,PRPO,0,20.020208333333333,temperature
2024-07-05T00:00:00Z,PRPO,0.25,20.011458333333337,temperature
2024-07-05T00:00:00Z,PRPO,0.5,19.992291666666667,temperature
2024-07-05T00:00:00Z,PRPO,0.75,19.968958333333333,temperature
2024-07-05T00:00:00Z,PRPO,1,19.932291666666668,temperature
2024-07-06T00:00:00Z,PRPO,0,21.055208333333333,temperature
2024-07-06T00:00:00Z,PRPO,0.25,21.04875,temperature
2024-07-06T00:00:00Z,PRPO,0.5,21.0175,temperature
2024-07-06T00:00:00Z,PRPO,0.75,20.992916666666662,temperature
2024-07-06T00:00:00Z,PRPO,1,20.970208333333332,temperature
2024-07-07T00:00:00Z,PRPO,0,21.146875,temperature
2024-07-07T00:00:00Z,PRPO,0.25,21.13875,temperature
2024-07-07T00:00:00Z,PRPO,0.5,21.102708333333332,temperature
2024-07-07T00:00:00Z,PRPO,0.75,21.03875,temperature
2024-07-07T00:00:00Z,PRPO,1,20.941666666666663,temperature
2024-07-08T00:00:00Z,PRPO,0,21.881458333333335,temperature
2024-07-08T00:00:00Z,PRPO,0.25,21.73625,temperature
2024-07-08T00:00:00Z,PRPO,0.5,21.577083333333334,temperature
2024-07-08T00:00:00Z,PRPO,0.75,21.37,temperature
2024-07-08T00:00:00Z,PRPO,1,21.241875,temperature
2024-07-09T00:00:00Z,PRPO,0,23.400416666666665,temperature
2024-07-09T00:00:00Z,PRPO,0.25,23.2675,temperature
2024-07-09T00:00:00Z,PRPO,0.5,23.015,temperature
2024-07-09T00:00:00Z,PRPO,0.75,22.606875,temperature
2024-07-09T00:00:00Z,PRPO,1,22.148125,temperature
2024-07-10T00:00:00Z,PRPO,0,24.729583333333338,temperature
2024-07-10T00:00:00Z,PRPO,0.25,24.545,temperature
2024-07-10T00:00:00Z,PRPO,0.5,23.750833333333333,temperature
2024-07-10T00:00:00Z,PRPO,0.75,23.344375,temperature
2024-07-10T00:00:00Z,PRPO,1,23.057083333333335,temperature
2024-07-11T00:00:00Z,PRPO,0,25.16979166666667,temperature
2024-07-11T00:00:00Z,PRPO,0.25,25.15833333333333,temperature
2024-07-11T00:00:00Z,PRPO,0.5,24.966041666666666,temperature
2024-07-11T00:00:00Z,PRPO,0.75,24.281666666666663,temperature
2024-07-11T00:00:00Z,PRPO,1,24.004791666666662,temperature
2024-07-12T00:00:00Z,PRPO,0,24.69333333333333,temperature
2024-07-12T00:00:00Z,PRPO,0.25,24.694791666666667,temperature
2024-07-12T00:00:00Z,PRPO,0.5,24.68145833333333,temperature
2024-07-12T00:00:00Z,PRPO,0.75,24.66625,temperature
2024-07-12T00:00:00Z,PRPO,1,24.652708333333333,temperature
2024-07-13T00:00:00Z,PRPO,0,25.074583333333333,temperature
2024-07-13T00:00:00Z,PRPO,0.25,25.021041666666665,temperature
2024-07-13T00:00:00Z,PRPO,0.5,24.89666666666667,temperature
2024-07-13T00:00:00Z,PRPO,0.75,24.812708333333333,temperature
2024-07-13T00:00:00Z,PRPO,1,24.738958333333333,temperature
2024-07-14T00:00:00Z,PRPO,0,25.904375,temperature
2024-07-14T00:00:00Z,PRPO,0.25,25.808541666666667,temperature
2024-07-14T00:00:00Z,PRPO,0.5,25.623541666666668,temperature
2024-07-14T00:00:00Z,PRPO,0.75,25.269583333333333,temperature
2024-07-14T00:00:00Z,PRPO,1,25.151041666666668,temperature
2024-07-15T00:00:00Z,PRPO,0,25.559375,temperature
2024-07-15T00:00:00Z,PRPO,0.25,25.562291666666667,temperature
2024-07-15T00:00:00Z,PRPO,0.5,25.546458333333337,temperature
2024-07-15T00:00:00Z,PRPO,0.75,25.474375,temperature
2024-07-15T00:00:00Z,PRPO,1,25.331666666666667,temperature
2024-07-16T00:00:00Z,PRPO,0,24.71,temperature
2024-07-16T00:00:00Z,PRPO,0.25,24.702708333333337,temperature
2024-07-16T00:00:00Z,PRPO,0.5,24.661458333333332,temperature
2024-07-16T00:00:00Z,PRPO,0.75,24.613125,temperature
2024-07-16T00:00:00Z,PRPO,1,24.589166666666667,temperature
2024-07-17T00:00:00Z,PRPO,0,24.760625,temperature
2024-07-17T00:00:00Z,PRPO,0.25,24.714791666666667,temperature
2024-07-17T00:00:00Z,PRPO,0.5,24.588333333333335,temperature
2024-07-17T00:00:00Z,PRPO,0.75,24.398333333333333,temperature
2024-07-17T00:00:00Z,PRPO,1,24.315,temperature
2024-07-18T00:00:00Z,PRPO,0,24.788541666666667,temperature
2024-07-18T00:00:00Z,PRPO,0.25,24.791875,temperature
2024-07-18T00:00:00Z,PRPO,0.5,24.779375,temperature
2024-07-18T00:00:00Z,PRPO,0.75,24.694166666666668,temperature
2024-07-18T00:00:00Z,PRPO,1,24.544375,temperature
2024-07-19T00:00:00Z,PRPO,0,25.54083333333333,temperature
2024-07-19T00:00:00Z,PRPO,0.25,25.505625,temperature
2024-07-19T00:00:00Z,PRPO,0.5,25.34979166666667,temperature
2024-07-19T00:00:00Z,PRPO,0.75,25.217916666666667,temperature
2024-07-19T00:00:00Z,PRPO,1,25.098333333333333,temperature
2024-07-20T00:00:00Z,PRPO,0,26.61895833333333,temperature
2024-07-20T00:00:00Z,PRPO,0.25,26.585416666666667,temperature
2024-07-20T00:00:00Z,PRPO,0.5,26.35375,temperature
2024-07-20T00:00:00Z,PRPO,0.75,25.917708333333337,temperature
2024-07-20T00:00:00Z,PRPO,1,25.609375,temperature
2024-07-21T00:00:00Z,PRPO,0,26.714375,temperature
2024-07-21T00:00:00Z,PRPO,0.25,26.633333333333333,temperature
2024-07-21T00:00:00Z,PRPO,0.5,26.493333333333332,temperature
2024-07-21T00:00:00Z,PRPO,0.75,26.243333333333332,temperature
2024-07-21T00:00:00Z,PRPO,1,26.06875,temperature
2024-07-22T00:00:00Z,PRPO,0,26.867916666666662,temperature
2024-07-22T00:00:00Z,PRPO,0.25,26.854375,temperature
2024-07-22T00:00:00Z,PRPO,0.5,26.760833333333338,temperature
2024-07-22T00:00:00Z,PRPO,0.75,26.567291666666662,temperature
2024-07-22T00:00:00Z,PRPO,1,26.38625,temperature
2024-07-23T00:00:00Z,PRPO,0,26.468125,temperature
2024-07-23T00:00:00Z,PRPO,0.25,26.47625,temperature
2024-07-23T00:00:00Z,PRPO,0.5,26.465833333333332,temperature
2024-07-23T00:00:00Z,PRPO,0.75,26.411875,temperature
2024-07-23T00:00:00Z,PRPO,1,26.35875,temperature
2024-07-24T00:00:00Z,PRPO,0,25.69354166666667,temperature
2024-07-24T00:00:00Z,PRPO,0.25,25.706875,temperature
2024-07-24T00:00:00Z,PRPO,0.5,25.705625,temperature
2024-07-24T00:00:00Z,PRPO,0.75,25.702916666666667,temperature
2024-07-24T00:00:00Z,PRPO,1,25.69875,temperature
2024-07-25T00:00:00Z,PRPO,0,24.996875,temperature
2024-07-25T00:00:00Z,PRPO,0.25,25.005208333333332,temperature
2024-07-25T00:00:00Z,PRPO,0.5,25.004166666666663,temperature
2024-07-25T00:00:00Z,PRPO,0.75,25.0025,temperature
2024-07-25T00:00:00Z,PRPO,1,25.000625,temperature
2024-07-26T00:00:00Z,PRPO,0,25.352083333333333,temperature
2024-07-26T00:00:00Z,PRPO,0.25,25.357916666666668,temperature
2024-07-26T00:00:00Z,PRPO,0.5,25.357083333333332,temperature
2024-07-26T00:00:00Z,PRPO,0.75,25.35625,temperature
2024-07-26T00:00:00Z,PRPO,1,25.354166666666668,temperature
2024-07-27T00:00:00Z,PRPO,0,24.955416666666668,temperature
2024-07-27T00:00:00Z,PRPO,0.25,24.962291666666665,temperature
2024-07-27T00:00:00Z,PRPO,0.5,24.957916666666662,temperature
2024-07-27T00:00:00Z,PRPO,0.75,24.954791666666665,temperature
2024-07-27T00:00:00Z,PRPO,1,24.951458333333335,temperature
2024-07-28T00:00:00Z,PRPO,0,25.544791666666665,temperature
2024-07-28T00:00:00Z,PRPO,0.25,25.547291666666663,temperature
2024-07-28T00:00:00Z,PRPO,0.5,25.536875,temperature
2024-07-28T00:00:00Z,PRPO,0.75,25.526041666666668,temperature
2024-07-28T00:00:00Z,PRPO,1,25.512916666666666,temperature
2024-07-29T00:00:00Z,PRPO,0,25.777916666666663,temperature
2024-07-29T00:00:00Z,PRPO,0.25,25.783125,temperature
2024-07-29T00:00:00Z,PRPO,0.5,25.772708333333338,temperature
2024-07-29T00:00:00Z,PRPO,0.75,25.757708333333333,temperature
2024-07-29T00:00:00Z,PRPO,1,25.744791666666668,temperature
2024-07-30T00:00:00Z,PRPO,0,25.484166666666667,temperature
2024-07-30T00:00:00Z,PRPO,0.25,25.492708333333333,temperature
2024-07-30T00:00:00Z,PRPO,0.5,25.486458333333335,temperature
2024-07-30T00:00:00Z,PRPO,0.75,25.476666666666667,temperature
2024-07-30T00:00:00Z,PRPO,1,25.467916666666667,temperature
2024-07-31T00:00:00Z,PRPO,0,25.717083333333335,temperature
2024-07-31T00:00:00Z,PRPO,0.25,25.71666666666667,temperature
2024-07-31T00:00:00Z,PRPO,0.5,25.703541666666663,temperature
2024-07-31T00:00:00Z,PRPO,0.75,25.683125,temperature
2024-07-31T00:00:00Z,PRPO,1,25.668333333333333,temperature
2024-08-01T00:00:00Z,PRPO,0,25.763125,temperature
2024-08-01T00:00:00Z,PRPO,0.25,25.763125,temperature
2024-08-01T00:00:00Z,PRPO,0.5,25.74625,temperature
2024-08-01T00:00:00Z,PRPO,0.75,25.718125,temperature
2024-08-01T00:00:00Z,PRPO,1,25.686458333333334,temperature
2024-08-02T00:00:00Z,PRPO,0,26.674791666666668,temperature
2024-08-02T00:00:00Z,PRPO,0.25,26.674791666666668,temperature
2024-08-02T00:00:00Z,PRPO,0.5,26.64875,temperature
2024-08-02T00:00:00Z,PRPO,0.75,26.614583333333332,temperature
2024-08-02T00:00:00Z,PRPO,1,26.55645833333333,temperature
2024-08-03T00:00:00Z,PRPO,0,26.739791666666665,temperature
2024-08-03T00:00:00Z,PRPO,0.25,26.7475,temperature
2024-08-03T00:00:00Z,PRPO,0.5,26.74375,temperature
2024-08-03T00:00:00Z,PRPO,0.75,26.73625,temperature
2024-08-03T00:00:00Z,PRPO,1,26.719375,temperature
2024-08-04T00:00:00Z,PRPO,0,24.93625,temperature
2024-08-04T00:00:00Z,PRPO,0.25,24.953958333333333,temperature
2024-08-04T00:00:00Z,PRPO,0.5,24.956458333333337,temperature
2024-08-04T00:00:00Z,PRPO,0.75,24.957708333333333,temperature
2024-08-04T00:00:00Z,PRPO,1,24.957083333333333,temperature
2024-08-05T00:00:00Z,PRPO,0,22.813125,temperature
2024-08-05T00:00:00Z,PRPO,0.25,22.829583333333332,temperature
2024-08-05T00:00:00Z,PRPO,0.5,22.832916666666662,temperature
2024-08-05T00:00:00Z,PRPO,0.75,22.835208333333338,temperature
2024-08-05T00:00:00Z,PRPO,1,22.835,temperature
2024-08-06T00:00:00Z,PRPO,0,21.499166666666667,temperature
2024-08-06T00:00:00Z,PRPO,0.25,21.508333333333333,temperature
2024-08-06T00:00:00Z,PRPO,0.5,21.507291666666667,temperature
2024-08-06T00:00:00Z,PRPO,0.75,21.503958333333333,temperature
2024-08-06T00:00:00Z,PRPO,1,21.501458333333332,temperature
2024-08-07T00:00:00Z,PRPO,0,21.239583333333332,temperature
2024-08-07T00:00:00Z,PRPO,0.25,21.248958333333334,temperature
2024-08-07T00:00:00Z,PRPO,0.5,21.251875,temperature
2024-08-07T00:00:00Z,PRPO,0.75,21.252708333333334,temperature
2024-08-07T00:00:00Z,PRPO,1,21.252916666666668,temperature
2024-08-08T00:00:00Z,PRPO,0,19.488125,temperature
2024-08-08T00:00:00Z,PRPO,0.25,19.5,temperature
2024-08-08T00:00:00Z,PRPO,0.5,19.503958333333333,temperature
2024-08-08T00:00:00Z,PRPO,0.75,19.505416666666665,temperature
2024-08-08T00:00:00Z,PRPO,1,19.506458333333335,temperature
2024-08-09T00:00:00Z,PRPO,0,18.190625,temperature
2024-08-09T00:00:00Z,PRPO,0.25,18.198125,temperature
2024-08-09T00:00:00Z,PRPO,0.5,18.196458333333332,temperature
2024-08-09T00:00:00Z,PRPO,0.75,18.195625,temperature
2024-08-09T00:00:00Z,PRPO,1,18.194375,temperature
2024-08-10T00:00:00Z,PRPO,0,18.703958333333333,temperature
2024-08-10T00:00:00Z,PRPO,0.25,18.485625,temperature
2024-08-10T00:00:00Z,PRPO,0.5,18.3075,temperature
2024-08-10T00:00:00Z,PRPO,0.75,18.208125,temperature
2024-08-10T00:00:00Z,PRPO,1,18.128958333333333,temperature
2024-08-11T00:00:00Z,PRPO,0,20.03125,temperature
2024-08-11T00:00:00Z,PRPO,0.25,20.018333333333334,temperature
2024-08-11T00:00:00Z,PRPO,0.5,19.913333333333338,temperature
2024-08-11T00:00:00Z,PRPO,0.75,19.583333333333332,temperature
2024-08-11T00:00:00Z,PRPO,1,19.21875,temperature
2024-08-12T00:00:00Z,PRPO,0,21.098958333333332,temperature
2024-08-12T00:00:00Z,PRPO,0.25,21.09625,temperature
2024-08-12T00:00:00Z,PRPO,0.5,21.068333333333335,temperature
2024-08-12T00:00:00Z,PRPO,0.75,20.874166666666667,temperature
2024-08-12T00:00:00Z,PRPO,1,20.547083333333333,temperature
2024-08-13T00:00:00Z,PRPO,0,21.14645833333333,temperature
2024-08-13T00:00:00Z,PRPO,0.25,21.15125,temperature
2024-08-13T00:00:00Z,PRPO,0.5,21.143541666666668,temperature
2024-08-13T00:00:00Z,PRPO,0.75,21.133333333333333,temperature
2024-08-13T00:00:00Z,PRPO,1,21.123541666666668,temperature
2024-08-14T00:00:00Z,PRPO,0,20.481458333333332,temperature
2024-08-14T00:00:00Z,PRPO,0.25,20.48625,temperature
2024-08-14T00:00:00Z,PRPO,0.5,20.486666666666668,temperature
2024-08-14T00:00:00Z,PRPO,0.75,20.48625,temperature
2024-08-14T00:00:00Z,PRPO,1,20.485416666666666,temperature
2024-08-15T00:00:00Z,PRPO,0,20.150833333333335,temperature
2024-08-15T00:00:00Z,PRPO,0.25,20.154791666666668,temperature
2024-08-15T00:00:00Z,PRPO,0.5,20.154166666666665,temperature
2024-08-15T00:00:00Z,PRPO,0.75,20.154375,temperature
2024-08-15T00:00:00Z,PRPO,1,20.154583333333335,temperature
2024-08-16T00:00:00Z,PRPO,0,20.104791666666667,temperature
2024-08-16T00:00:00Z,PRPO,0.25,20.106041666666663,temperature
2024-08-16T00:00:00Z,PRPO,0.5,20.10375,temperature
2024-08-16T00:00:00Z,PRPO,0.75,20.101041666666667,temperature
2024-08-16T00:00:00Z,PRPO,1,20.1,temperature
2024-08-17T00:00:00Z,PRPO,0,20.906458333333333,temperature
2024-08-17T00:00:00Z,PRPO,0.25,20.8225,temperature
2024-08-17T00:00:00Z,PRPO,0.5,20.716458333333332,temperature
2024-08-17T00:00:00Z,PRPO,0.75,20.657708333333332,temperature
2024-08-17T00:00:00Z,PRPO,1,20.581458333333337,temperature
2024-08-18T00:00:00Z,PRPO,0,22.369166666666665,temperature
2024-08-18T00:00:00Z,PRPO,0.25,22.361458333333335,temperature
2024-08-18T00:00:00Z,PRPO,0.5,22.260833333333338,temperature
2024-08-18T00:00:00Z,PRPO,0.75,22.05645833333333,temperature
2024-08-18T00:00:00Z,PRPO,1,21.894791666666663,temperature
2024-08-19T00:00:00Z,PRPO,0,23.2875,temperature
2024-08-19T00:00:00Z,PRPO,0.25,23.290208333333332,temperature
2024-08-19T00:00:00Z,PRPO,0.5,23.280625,temperature
2024-08-19T00:00:00Z,PRPO,0.75,23.230833333333333,temperature
2024-08-19T00:00:00Z,PRPO,1,23.07375,temperature
2024-08-20T00:00:00Z,PRPO,0,23.113333333333333,temperature
2024-08-20T00:00:00Z,PRPO,0.25,23.119166666666665,temperature
2024-08-20T00:00:00Z,PRPO,0.5,23.116666666666667,temperature
2024-08-20T00:00:00Z,PRPO,0.75,23.104583333333338,temperature
2024-08-20T00:00:00Z,PRPO,1,23.094583333333333,temperature
2024-08-21T00:00:00Z,PRPO,0,21.742708333333333,temperature
2024-08-21T00:00:00Z,PRPO,0.25,21.751041666666666,temperature
2024-08-21T00:00:00Z,PRPO,0.5,21.752708333333334,temperature
2024-08-21T00:00:00Z,PRPO,0.75,21.755208333333332,temperature
2024-08-21T00:00:00Z,PRPO,1,21.75604166666667,temperature
2024-08-22T00:00:00Z,PRPO,0,21.388125,temperature
2024-08-22T00:00:00Z,PRPO,0.25,21.385,temperature
2024-08-22T00:00:00Z,PRPO,0.5,21.376666666666665,temperature
2024-08-22T00:00:00Z,PRPO,0.75,21.367916666666662,temperature
2024-08-22T00:00:00Z,PRPO,1,21.360625,temperature
2024-08-23T00:00:00Z,PRPO,0,22.432916666666667,temperature
2024-08-23T00:00:00Z,PRPO,0.25,22.433541666666667,temperature
2024-08-23T00:00:00Z,PRPO,0.5,22.420833333333334,temperature
2024-08-23T00:00:00Z,PRPO,0.75,22.404166666666665,temperature
2024-08-23T00:00:00Z,PRPO,1,22.386666666666667,temperature
2024-08-24T00:00:00Z,PRPO,0,23.18625,temperature
2024-08-24T00:00:00Z,PRPO,0.25,23.189791666666668,temperature
2024-08-24T00:00:00Z,PRPO,0.5,23.187916666666663,temperature
2024-08-24T00:00:00Z,PRPO,0.75,23.183541666666667,temperature
2024-08-24T00:00:00Z,PRPO,1,23.176458333333333,temperature
2024-08-25T00:00:00Z,PRPO,0,23.708125,temperature
2024-08-25T00:00:00Z,PRPO,0.25,23.703125,temperature
2024-08-25T00:00:00Z,PRPO,0.5,23.691875,temperature
2024-08-25T00:00:00Z,PRPO,0.75,23.680208333333333,temperature
2024-08-25T00:00:00Z,PRPO,1,23.666666666666668,temperature
2024-08-26T00:00:00Z,PRPO,0,23.521041666666665,temperature
2024-08-26T00:00:00Z,PRPO,0.25,23.53375,temperature
2024-08-26T00:00:00Z,PRPO,0.5,23.533333333333335,temperature
2024-08-26T00:00:00Z,PRPO,0.75,23.528333333333332,temperature
2024-08-26T00:00:00Z,PRPO,1,23.520625,temperature
2024-08-27T00:00:00Z,PRPO,0,22.246666666666663,temperature
2024-08-27T00:00:00Z,PRPO,0.25,22.254791666666662,temperature
2024-08-27T00:00:00Z,PRPO,0.5,22.24041666666667,temperature
2024-08-27T00:00:00Z,PRPO,0.75,22.22125,temperature
2024-08-27T00:00:00Z,PRPO,1,22.205,temperature
2024-08-28T00:00:00Z,PRPO,0,21.482083333333332,temperature
2024-08-28T00:00:00Z,PRPO,0.25,21.489583333333332,temperature
2024-08-28T00:00:00Z,PRPO,0.5,21.490833333333335,temperature
2024-08-28T00:00:00Z,PRPO,0.75,21.48875,temperature
2024-08-28T00:00:00Z,PRPO,1,21.4875,temperature
2024-08-29T00:00:00Z,PRPO,0,21.137291666666663,temperature
2024-08-29T00:00:00Z,PRPO,0.25,21.144166666666667,temperature
2024-08-29T00:00:00Z,PRPO,0.5,21.144166666666667,temperature
2024-08-29T00:00:00Z,PRPO,0.75,21.144375,temperature
2024-08-29T00:00:00Z,PRPO,1,21.144583333333333,temperature
2024-08-30T00:00:00Z,PRPO,0,20.055208333333333,temperature
2024-08-30T00:00:00Z,PRPO,0.25,20.061875,temperature
2024-08-30T00:00:00Z,PRPO,0.5,20.05875,temperature
2024-08-30T00:00:00Z,PRPO,0.75,20.055208333333333,temperature
2024-08-30T00:00:00Z,PRPO,1,20.051666666666662,temperature
2024-08-31T00:00:00Z,PRPO,0,20.077708333333337,temperature
2024-08-31T00:00:00Z,PRPO,0.25,20.083333333333332,temperature
2024-08-31T00:00:00Z,PRPO,0.5,20.077916666666667,temperature
2024-08-31T00:00:00Z,PRPO,0.75,20.071041666666662,temperature
2024-08-31T00:00:00Z,PRPO,1,20.0675,temperature
2024-09-01T00:00:00Z,PRPO,0,20.165416666666665,temperature
2024-09-01T00:00:00Z,PRPO,0.25,20.138333333333332,temperature
2024-09-01T00:00:00Z,PRPO,0.5,20.056666666666665,temperature
2024-09-01T00:00:00Z,PRPO,0.75,19.902916666666663,temperature
2024-09-01T00:00:00Z,PRPO,1,19.82625,temperature
2024-09-02T00:00:00Z,PRPO,0,20.298958333333335,temperature
2024-09-02T00:00:00Z,PRPO,0.25,20.305416666666662,temperature
2024-09-02T00:00:00Z,PRPO,0.5,20.301875,temperature
2024-09-02T00:00:00Z,PRPO,0.75,20.2875,temperature
2024-09-02T00:00:00Z,PRPO,1,20.158958333333334,temperature
2024-09-03T00:00:00Z,PRPO,0,20.121041666666667,temperature
2024-09-03T00:00:00Z,PRPO,0.25,20.123333333333335,temperature
2024-09-03T00:00:00Z,PRPO,0.5,20.120833333333337,temperature
2024-09-03T00:00:00Z,PRPO,0.75,20.118541666666665,temperature
2024-09-03T00:00:00Z,PRPO,1,20.1175,temperature
2024-09-04T00:00:00Z,PRPO,0,20.527708333333333,temperature
2024-09-04T00:00:00Z,PRPO,0.25,20.533333333333335,temperature
2024-09-04T00:00:00Z,PRPO,0.5,20.533333333333335,temperature
2024-09-04T00:00:00Z,PRPO,0.75,20.533125,temperature
2024-09-04T00:00:00Z,PRPO,1,20.532708333333332,temperature
2024-09-05T00:00:00Z,PRPO,0,19.93948717948718,temperature
2024-09-05T00:00:00Z,PRPO,0.25,19.952051282051283,temperature
2024-09-05T00:00:00Z,PRPO,0.5,19.95128205128205,temperature
2024-09-05T00:00:00Z,PRPO,0.75,19.950769230769232,temperature
2024-09-05T00:00:00Z,PRPO,1,19.94948717948718,temperature
2024-09-06T00:00:00Z,PRPO,0,19.016458333333333,temperature
2024-09-06T00:00:00Z,PRPO,0.25,19.02520833333333,temperature
2024-09-06T00:00:00Z,PRPO,0.5,19.018958333333337,temperature
2024-09-06T00:00:00Z,PRPO,0.75,19.005,temperature
2024-09-06T00:00:00Z,PRPO,1,18.99,temperature
2024-09-07T00:00:00Z,PRPO,0,18.839166666666667,temperature
2024-09-07T00:00:00Z,PRPO,0.25,18.839791666666667,temperature
2024-09-07T00:00:00Z,PRPO,0.5,18.828125,temperature
2024-09-07T00:00:00Z,PRPO,0.75,18.812916666666663,temperature
2024-09-07T00:00:00Z,PRPO,1,18.799166666666668,temperature
2024-09-08T00:00:00Z,PRPO,0,19.063541666666666,temperature
2024-09-08T00:00:00Z,PRPO,0.25,19.042291666666667,temperature
2024-09-08T00:00:00Z,PRPO,0.5,18.992083333333333,temperature
2024-09-08T00:00:00Z,PRPO,0.75,18.919583333333332,temperature
2024-09-08T00:00:00Z,PRPO,1,18.85625,temperature
2024-09-09T00:00:00Z,PRPO,0,19.92510638297872,temperature
2024-09-09T00:00:00Z,PRPO,0.25,19.89489361702128,temperature
2024-09-09T00:00:00Z,PRPO,0.5,19.847021276595743,temperature
2024-09-09T00:00:00Z,PRPO,0.75,19.67808510638298,temperature
2024-09-09T00:00:00Z,PRPO,1,19.581702127659575,temperature
2024-09-10T00:00:00Z,PRPO,0,20.182916666666667,temperature
2024-09-10T00:00:00Z,PRPO,0.25,20.184375,temperature
2024-09-10T00:00:00Z,PRPO,0.5,20.177083333333332,temperature
2024-09-10T00:00:00Z,PRPO,0.75,20.165625,temperature
2024-09-10T00:00:00Z,PRPO,1,20.149791666666665,temperature
2024-09-11T00:00:00Z,PRPO,0,20.082708333333333,temperature
2024-09-11T00:00:00Z,PRPO,0.25,20.090833333333332,temperature
2024-09-11T00:00:00Z,PRPO,0.5,20.091041666666666,temperature
2024-09-11T00:00:00Z,PRPO,0.75,20.088541666666668,temperature
2024-09-11T00:00:00Z,PRPO,1,20.086458333333333,temperature
2024-09-12T00:00:00Z,PRPO,0,19.811041666666668,temperature
2024-09-12T00:00:00Z,PRPO,0.25,19.81854166666667,temperature
2024-09-12T00:00:00Z,PRPO,0.5,19.819166666666668,temperature
2024-09-12T00:00:00Z,PRPO,0.75,19.819791666666667,temperature
2024-09-12T00:00:00Z,PRPO,1,19.820833333333333,temperature
2024-09-13T00:00:00Z,PRPO,0,19.314166666666665,temperature
2024-09-13T00:00:00Z,PRPO,0.25,19.32229166666667,temperature
2024-09-13T00:00:00Z,PRPO,0.5,19.324791666666663,temperature
2024-09-13T00:00:00Z,PRPO,0.75,19.327083333333334,temperature
2024-09-13T00:00:00Z,PRPO,1,19.328958333333333,temperature
2024-09-14T00:00:00Z,PRPO,0,18.82875,temperature
2024-09-14T00:00:00Z,PRPO,0.25,18.83,temperature
2024-09-14T00:00:00Z,PRPO,0.5,18.814791666666668,temperature
2024-09-14T00:00:00Z,PRPO,0.75,18.799166666666668,temperature
2024-09-14T00:00:00Z,PRPO,1,18.785625,temperature
2024-09-15T00:00:00Z,PRPO,0,19.872083333333332,temperature
2024-09-15T00:00:00Z,PRPO,0.25,19.695,temperature
2024-09-15T00:00:00Z,PRPO,0.5,19.604166666666668,temperature
2024-09-15T00:00:00Z,PRPO,0.75,19.542708333333337,temperature
2024-09-15T00:00:00Z,PRPO,1,19.487916666666667,temperature
2024-09-16T00:00:00Z,PRPO,0,20.628958333333333,temperature
2024-09-16T00:00:00Z,PRPO,0.25,20.619791666666668,temperature
2024-09-16T00:00:00Z,PRPO,0.5,20.5225,temperature
2024-09-16T00:00:00Z,PRPO,0.75,20.319166666666668,temperature
2024-09-16T00:00:00Z,PRPO,1,20.188333333333333,temperature
2024-09-17T00:00:00Z,PRPO,0,20.917291666666667,temperature
2024-09-17T00:00:00Z,PRPO,0.25,20.910208333333333,temperature
2024-09-17T00:00:00Z,PRPO,0.5,20.885833333333338,temperature
2024-09-17T00:00:00Z,PRPO,0.75,20.857083333333332,temperature
2024-09-17T00:00:00Z,PRPO,1,20.82125,temperature
2024-09-18T00:00:00Z,PRPO,0,21.692083333333333,temperature
2024-09-18T00:00:00Z,PRPO,0.25,21.694791666666667,temperature
2024-09-18T00:00:00Z,PRPO,0.5,21.68375,temperature
2024-09-18T00:00:00Z,PRPO,0.75,21.6575,temperature
2024-09-18T00:00:00Z,PRPO,1,21.612083333333334,temperature
2024-09-19T00:00:00Z,PRPO,0,20.711666666666662,temperature
2024-09-19T00:00:00Z,PRPO,0.25,20.720208333333332,temperature
2024-09-19T00:00:00Z,PRPO,0.5,20.7225,temperature
2024-09-19T00:00:00Z,PRPO,0.75,20.723333333333333,temperature
2024-09-19T00:00:00Z,PRPO,1,20.723333333333333,temperature
2024-09-20T00:00:00Z,PRPO,0,19.264375,temperature
2024-09-20T00:00:00Z,PRPO,0.25,19.27541666666667,temperature
2024-09-20T00:00:00Z,PRPO,0.5,19.27375,temperature
2024-09-20T00:00:00Z,PRPO,0.75,19.272083333333335,temperature
2024-09-20T00:00:00Z,PRPO,1,19.270625,temperature
2024-09-21T00:00:00Z,PRPO,0,18.600833333333338,temperature
2024-09-21T00:00:00Z,PRPO,0.25,18.610416666666666,temperature
2024-09-21T00:00:00Z,PRPO,0.5,18.61125,temperature
2024-09-21T00:00:00Z,PRPO,0.75,18.613125,temperature
2024-09-21T00:00:00Z,PRPO,1,18.614375,temperature
2024-09-22T00:00:00Z,PRPO,0,17.403333333333332,temperature
2024-09-22T00:00:00Z,PRPO,0.25,17.411875,temperature
2024-09-22T00:00:00Z,PRPO,0.5,17.405208333333334,temperature
2024-09-22T00:00:00Z,PRPO,0.75,17.399166666666666,temperature
2024-09-22T00:00:00Z,PRPO,1,17.395416666666666,temperature
2024-09-23T00:00:00Z,PRPO,0,16.890416666666667,temperature
2024-09-23T00:00:00Z,PRPO,0.25,16.899166666666666,temperature
2024-09-23T00:00:00Z,PRPO,0.5,16.899583333333332,temperature
2024-09-23T00:00:00Z,PRPO,0.75,16.899166666666666,temperature
2024-09-23T00:00:00Z,PRPO,1,16.899583333333332,temperature
2024-09-24T00:00:00Z,PRPO,0,16.365416666666665,temperature
2024-09-24T00:00:00Z,PRPO,0.25,16.370416666666667,temperature
2024-09-24T00:00:00Z,PRPO,0.5,16.369375,temperature
2024-09-24T00:00:00Z,PRPO,0.75,16.365208333333335,temperature
2024-09-24T00:00:00Z,PRPO,1,16.363125,temperature
2024-09-25T00:00:00Z,PRPO,0,16.688541666666666,temperature
2024-09-25T00:00:00Z,PRPO,0.25,16.695,temperature
2024-09-25T00:00:00Z,PRPO,0.5,16.6875,temperature
2024-09-25T00:00:00Z,PRPO,0.75,16.67791666666667,temperature
2024-09-25T00:00:00Z,PRPO,1,16.672083333333333,temperature
2024-09-26T00:00:00Z,PRPO,0,17.081875,temperature
2024-09-26T00:00:00Z,PRPO,0.25,17.086041666666667,temperature
2024-09-26T00:00:00Z,PRPO,0.5,17.082916666666666,temperature
2024-09-26T00:00:00Z,PRPO,0.75,17.080833333333334,temperature
2024-09-26T00:00:00Z,PRPO,1,17.078958333333333,temperature
2024-09-27T00:00:00Z,PRPO,0,17.968333333333334,temperature
2024-09-27T00:00:00Z,PRPO,0.25,17.878958333333333,temperature
2024-09-27T00:00:00Z,PRPO,0.5,17.767916666666668,temperature
2024-09-27T00:00:00Z,PRPO,0.75,17.5925,temperature
2024-09-27T00:00:00Z,PRPO,1,17.472708333333333,temperature
2024-09-28T00:00:00Z,PRPO,0,17.855833333333333,temperature
2024-09-28T00:00:00Z,PRPO,0.25,17.827083333333334,temperature
2024-09-28T00:00:00Z,PRPO,0.5,17.721458333333334,temperature
2024-09-28T00:00:00Z,PRPO,0.75,17.640625,temperature
2024-09-28T00:00:00Z,PRPO,1,17.5575,temperature
2024-09-29T00:00:00Z,PRPO,0,17.847708333333333,temperature
2024-09-29T00:00:00Z,PRPO,0.25,17.8525,temperature
2024-09-29T00:00:00Z,PRPO,0.5,17.845625,temperature
2024-09-29T00:00:00Z,PRPO,0.75,17.84125,temperature
2024-09-29T00:00:00Z,PRPO,1,17.8375,temperature
2024-09-30T00:00:00Z,PRPO,0,17.232916666666668,temperature
2024-09-30T00:00:00Z,PRPO,0.25,17.240208333333335,temperature
2024-09-30T00:00:00Z,PRPO,0.5,17.241458333333334,temperature
2024-09-30T00:00:00Z,PRPO,0.75,17.243333333333332,temperature
2024-09-30T00:00:00Z,PRPO,1,17.244583333333335,temperature
2024-10-01T00:00:00Z,PRPO,0,14.610625,temperature
2024-10-01T00:00:00Z,PRPO,0.25,14.626875,temperature
2024-10-01T00:00:00Z,PRPO,0.5,14.629375,temperature
2024-10-01T00:00:00Z,PRPO,0.75,14.630208333333334,temperature
2024-10-01T00:00:00Z,PRPO,1,14.63,temperature
2024-10-02T00:00:00Z,PRPO,0,13.52,temperature
2024-10-02T00:00:00Z,PRPO,0.25,13.527083333333334,temperature
2024-10-02T00:00:00Z,PRPO,0.5,13.524791666666667,temperature
2024-10-02T00:00:00Z,PRPO,0.75,13.521666666666668,temperature
2024-10-02T00:00:00Z,PRPO,1,13.52125,temperature
2024-10-03T00:00:00Z,PRPO,0,13.36875,temperature
2024-10-03T00:00:00Z,PRPO,0.25,13.379166666666666,temperature
2024-10-03T00:00:00Z,PRPO,0.5,13.381041666666668,temperature
2024-10-03T00:00:00Z,PRPO,0.75,13.380625,temperature
2024-10-03T00:00:00Z,PRPO,1,13.381041666666668,temperature
2024-10-04T00:00:00Z,PRPO,0,12.787708333333333,temperature
2024-10-04T00:00:00Z,PRPO,0.25,12.8,temperature
2024-10-04T00:00:00Z,PRPO,0.5,12.80125,temperature
2024-10-04T00:00:00Z,PRPO,0.75,12.800833333333332,temperature
2024-10-04T00:00:00Z,PRPO,1,12.799791666666668,temperature
2024-10-05T00:00:00Z,PRPO,0,12.305,temperature
2024-10-05T00:00:00Z,PRPO,0.25,12.310416666666669,temperature
2024-10-05T00:00:00Z,PRPO,0.5,12.311458333333334,temperature
2024-10-05T00:00:00Z,PRPO,0.75,12.311458333333334,temperature
2024-10-05T00:00:00Z,PRPO,1,12.312083333333334,temperature
2024-10-06T00:00:00Z,PRPO,0,11.087708333333332,temperature
2024-10-06T00:00:00Z,PRPO,0.25,11.09125,temperature
2024-10-06T00:00:00Z,PRPO,0.5,11.091041666666667,temperature
2024-10-06T00:00:00Z,PRPO,0.75,11.09125,temperature
2024-10-06T00:00:00Z,PRPO,1,11.090625,temperature
2024-10-07T00:00:00Z,PRPO,0,11.417291666666667,temperature
2024-10-07T00:00:00Z,PRPO,0.25,11.1675,temperature
2024-10-07T00:00:00Z,PRPO,0.5,11.051875,temperature
2024-10-07T00:00:00Z,PRPO,0.75,10.95375,temperature
2024-10-07T00:00:00Z,PRPO,1,10.898333333333332,temperature
2024-10-08T00:00:00Z,PRPO,0,12.078958333333333,temperature
2024-10-08T00:00:00Z,PRPO,0.25,12.018541666666668,temperature
2024-10-08T00:00:00Z,PRPO,0.5,11.784583333333334,temperature
2024-10-08T00:00:00Z,PRPO,0.75,11.641666666666667,temperature
2024-10-08T00:00:00Z,PRPO,1,11.56125,temperature
2024-10-09T00:00:00Z,PRPO,0,12.620416666666667,temperature
2024-10-09T00:00:00Z,PRPO,0.25,12.421041666666667,temperature
2024-10-09T00:00:00Z,PRPO,0.5,12.306666666666668,temperature
2024-10-09T00:00:00Z,PRPO,0.75,12.254791666666666,temperature
2024-10-09T00:00:00Z,PRPO,1,12.190833333333334,temperature
2024-10-10T00:00:00Z,PRPO,0,13.153333333333334,temperature
2024-10-10T00:00:00Z,PRPO,0.25,13.11125,temperature
2024-10-10T00:00:00Z,PRPO,0.5,13.02625,temperature
2024-10-10T00:00:00Z,PRPO,0.75,12.914166666666668,temperature
2024-10-10T00:00:00Z,PRPO,1,12.804166666666667,temperature
2024-10-11T00:00:00Z,PRPO,0,12.941666666666666,temperature
2024-10-11T00:00:00Z,PRPO,0.25,12.943333333333332,temperature
2024-10-11T00:00:00Z,PRPO,0.5,12.939583333333331,temperature
2024-10-11T00:00:00Z,PRPO,0.75,12.933541666666668,temperature
2024-10-11T00:00:00Z,PRPO,1,12.928958333333334,temperature
2024-10-12T00:00:00Z,PRPO,0,12.890625,temperature
2024-10-12T00:00:00Z,PRPO,0.25,12.898333333333332,temperature
2024-10-12T00:00:00Z,PRPO,0.5,12.895625,temperature
2024-10-12T00:00:00Z,PRPO,0.75,12.8925,temperature
2024-10-12T00:00:00Z,PRPO,1,12.88875,temperature
2024-10-13T00:00:00Z,PRPO,0,12.122916666666669,temperature
2024-10-13T00:00:00Z,PRPO,0.25,12.134166666666667,temperature
2024-10-13T00:00:00Z,PRPO,0.5,12.138541666666669,temperature
2024-10-13T00:00:00Z,PRPO,0.75,12.140625,temperature
2024-10-13T00:00:00Z,PRPO,1,12.141458333333333,temperature
2024-10-14T00:00:00Z,PRPO,0,11.217708333333333,temperature
2024-10-14T00:00:00Z,PRPO,0.25,11.2275,temperature
2024-10-14T00:00:00Z,PRPO,0.5,11.22375,temperature
2024-10-14T00:00:00Z,PRPO,0.75,11.217708333333333,temperature
2024-10-14T00:00:00Z,PRPO,1,11.212708333333332,temperature
2024-10-15T00:00:00Z,PRPO,0,10.475208333333333,temperature
2024-10-15T00:00:00Z,PRPO,0.25,10.487916666666669,temperature
2024-10-15T00:00:00Z,PRPO,0.5,10.490416666666668,temperature
2024-10-15T00:00:00Z,PRPO,0.75,10.492708333333333,temperature
2024-10-15T00:00:00Z,PRPO,1,10.492708333333333,temperature
2024-10-16T00:00:00Z,PRPO,0,9.166458333333331,temperature
2024-10-16T00:00:00Z,PRPO,0.25,9.171041666666667,temperature
2024-10-16T00:00:00Z,PRPO,0.5,9.172291666666666,temperature
2024-10-16T00:00:00Z,PRPO,0.75,9.173333333333334,temperature
2024-10-16T00:00:00Z,PRPO,1,9.174791666666666,temperature
2024-10-17T00:00:00Z,PRPO,0,8.987083333333333,temperature
2024-10-17T00:00:00Z,PRPO,0.25,8.992083333333333,temperature
2024-10-17T00:00:00Z,PRPO,0.5,8.9925,temperature
2024-10-17T00:00:00Z,PRPO,0.75,8.991666666666667,temperature
2024-10-17T00:00:00Z,PRPO,1,8.991249999999999,temperature
2024-10-18T00:00:00Z,PRPO,0,9.254791666666666,temperature
2024-10-18T00:00:00Z,PRPO,0.25,9.257916666666668,temperature
2024-10-18T00:00:00Z,PRPO,0.5,9.259375,temperature
2024-10-18T00:00:00Z,PRPO,0.75,9.26,temperature
2024-10-18T00:00:00Z,PRPO,1,9.260208333333331,temperature
2024-10-19T00:00:00Z,PRPO,0,9.052083333333334,temperature
2024-10-19T00:00:00Z,PRPO,0.25,9.056875,temperature
2024-10-19T00:00:00Z,PRPO,0.5,9.056041666666667,temperature
2024-10-19T00:00:00Z,PRPO,0.75,9.055833333333334,temperature
2024-10-19T00:00:00Z,PRPO,1,9.055208333333333,temperature
2024-10-20T00:00:00Z,PRPO,0,9.42125,temperature
2024-10-20T00:00:00Z,PRPO,0.25,9.423958333333331,temperature
2024-10-20T00:00:00Z,PRPO,0.5,9.418125,temperature
2024-10-20T00:00:00Z,PRPO,0.75,9.412916666666666,temperature
2024-10-20T00:00:00Z,PRPO,1,9.408958333333333,temperature
2024-10-21T00:00:00Z,PRPO,0,10.30875,temperature
2024-10-21T00:00:00Z,PRPO,0.25,10.2775,temperature
2024-10-21T00:00:00Z,PRPO,0.5,10.248333333333331,temperature
2024-10-21T00:00:00Z,PRPO,0.75,10.220833333333331,temperature
2024-10-21T00:00:00Z,PRPO,1,10.202083333333333,temperature
2024-10-22T00:00:00Z,PRPO,0,10.640833333333331,temperature
2024-10-22T00:00:00Z,PRPO,0.25,10.628333333333334,temperature
2024-10-22T00:00:00Z,PRPO,0.5,10.615625,temperature
2024-10-22T00:00:00Z,PRPO,0.75,10.607083333333334,temperature
2024-10-22T00:00:00Z,PRPO,1,10.595,temperature
2024-10-23T00:00:00Z,PRPO,0,9.2625,temperature
2024-10-23T00:00:00Z,PRPO,0.25,9.274166666666666,temperature
2024-10-23T00:00:00Z,PRPO,0.5,9.2725,temperature
2024-10-23T00:00:00Z,PRPO,0.75,9.273333333333332,temperature
2024-10-23T00:00:00Z,PRPO,1,9.273125,temperature
2024-10-24T00:00:00Z,PRPO,0,9.195208333333332,temperature
2024-10-24T00:00:00Z,PRPO,0.25,9.206666666666669,temperature
2024-10-24T00:00:00Z,PRPO,0.5,9.203333333333331,temperature
2024-10-24T00:00:00Z,PRPO,0.75,9.20125,temperature
2024-10-24T00:00:00Z,PRPO,1,9.199791666666666,temperature
2024-10-25T00:00:00Z,PRPO,0,8.606458333333332,temperature
2024-10-25T00:00:00Z,PRPO,0.25,8.619375,temperature
2024-10-25T00:00:00Z,PRPO,0.5,8.62,temperature
2024-10-25T00:00:00Z,PRPO,0.75,8.619166666666667,temperature
2024-10-25T00:00:00Z,PRPO,1,8.618541666666667,temperature
2024-10-26T00:00:00Z,PRPO,0,8.242083333333333,temperature
2024-10-26T00:00:00Z,PRPO,0.25,8.256875,temperature
2024-10-26T00:00:00Z,PRPO,0.5,8.257291666666667,temperature
2024-10-26T00:00:00Z,PRPO,0.75,8.257291666666667,temperature
2024-10-26T00:00:00Z,PRPO,1,8.25625,temperature
2024-10-27T00:00:00Z,PRPO,0,8.218043478260869,temperature
2024-10-27T00:00:00Z,PRPO,0.25,8.213478260869564,temperature
2024-10-27T00:00:00Z,PRPO,0.5,8.200217391304347,temperature
2024-10-27T00:00:00Z,PRPO,0.75,8.189130434782609,temperature
2024-10-27T00:00:00Z,PRPO,1,8.175869565217392,temperature
2024-10-28T00:00:00Z,PRPO,0,8.4725,temperature
2024-10-28T00:00:00Z,PRPO,0.25,8.476458333333333,temperature
2024-10-28T00:00:00Z,PRPO,0.5,8.474583333333333,temperature
2024-10-28T00:00:00Z,PRPO,0.75,8.474583333333333,temperature
2024-10-28T00:00:00Z,PRPO,1,8.471041666666666,temperature
2024-10-29T00:00:00Z,PRPO,0,8.40375,temperature
2024-10-29T00:00:00Z,PRPO,0.25,8.407916666666667,temperature
2024-10-29T00:00:00Z,PRPO,0.5,8.408541666666666,temperature
2024-10-29T00:00:00Z,PRPO,0.75,8.406875,temperature
2024-10-29T00:00:00Z,PRPO,1,8.40375,temperature
2024-10-30T00:00:00Z,PRPO,0,8.157083333333333,temperature
2024-10-30T00:00:00Z,PRPO,0.25,8.163333333333334,temperature
2024-10-30T00:00:00Z,PRPO,0.5,8.164583333333333,temperature
2024-10-30T00:00:00Z,PRPO,0.75,8.16625,temperature
2024-10-30T00:00:00Z,PRPO,1,8.1658333333333335,temperature
2024-10-31T00:00:00Z,PRPO,0,7.363541666666666,temperature
2024-10-31T00:00:00Z,PRPO,0.25,7.379791666666667,temperature
2024-10-31T00:00:00Z,PRPO,0.5,7.382916666666667,temperature
2024-10-31T00:00:00Z,PRPO,0.75,7.381875,temperature
2024-10-31T00:00:00Z,PRPO,1,7.381041666666667,temperature
2024-11-01T00:00:00Z,PRPO,0,6.389375,temperature
2024-11-01T00:00:00Z,PRPO,0.25,6.402916666666667,temperature
2024-11-01T00:00:00Z,PRPO,0.5,6.4070833333333335,temperature
2024-11-01T00:00:00Z,PRPO,0.75,6.409166666666667,temperature
2024-11-01T00:00:00Z,PRPO,1,6.408541666666666,temperature
2024-11-02T00:00:00Z,PRPO,0,5.580208333333333,temperature
2024-11-02T00:00:00Z,PRPO,0.25,5.591875,temperature
2024-11-02T00:00:00Z,PRPO,0.5,5.594375,temperature
2024-11-02T00:00:00Z,PRPO,0.75,5.597916666666666,temperature
2024-11-02T00:00:00Z,PRPO,1,5.597916666666666,temperature
2024-11-03T00:00:00Z,PRPO,0,5.7160416666666665,temperature
2024-11-03T00:00:00Z,PRPO,0.25,5.712083333333333,temperature
2024-11-03T00:00:00Z,PRPO,0.5,5.71,temperature
2024-11-03T00:00:00Z,PRPO,0.75,5.710625,temperature
2024-11-03T00:00:00Z,PRPO,1,5.71,temperature
2024-11-04T00:00:00Z,PRPO,0,6.02,temperature
2024-11-04T00:00:00Z,PRPO,0.25,6.020416666666667,temperature
2024-11-04T00:00:00Z,PRPO,0.5,6.020625,temperature
2024-11-04T00:00:00Z,PRPO,0.75,6.020625,temperature
2024-11-04T00:00:00Z,PRPO,1,6.020208333333334,temperature
2025-04-22T00:00:00Z,PRPO,0,9.665416666666667,temperature
2025-04-22T00:00:00Z,PRPO,0.25,9.635833333333334,temperature
2025-04-22T00:00:00Z,PRPO,0.5,9.612083333333333,temperature
2025-04-22T00:00:00Z,PRPO,0.75,9.596041666666666,temperature
2025-04-22T00:00:00Z,PRPO,1,9.586875,temperature
2025-04-23T00:00:00Z,PRPO,0,9.588958333333334,temperature
2025-04-23T00:00:00Z,PRPO,0.25,9.588958333333334,temperature
2025-04-23T00:00:00Z,PRPO,0.5,9.588541666666666,temperature
2025-04-23T00:00:00Z,PRPO,0.75,9.5875,temperature
2025-04-23T00:00:00Z,PRPO,1,9.586458333333333,temperature
2025-04-24T00:00:00Z,PRPO,0,9.825416666666667,temperature
2025-04-24T00:00:00Z,PRPO,0.25,9.825,temperature
2025-04-24T00:00:00Z,PRPO,0.5,9.820625,temperature
2025-04-24T00:00:00Z,PRPO,0.75,9.813333333333333,temperature
2025-04-24T00:00:00Z,PRPO,1,9.805833333333334,temperature
2025-04-25T00:00:00Z,PRPO,0,10.020208333333333,temperature
2025-04-25T00:00:00Z,PRPO,0.25,10.016875,temperature
2025-04-25T00:00:00Z,PRPO,0.5,10.013333333333334,temperature
2025-04-25T00:00:00Z,PRPO,0.75,10.008125,temperature
2025-04-25T00:00:00Z,PRPO,1,10.002916666666668,temperature
2025-04-26T00:00:00Z,PRPO,0,10.602083333333333,temperature
2025-04-26T00:00:00Z,PRPO,0.25,10.604791666666667,temperature
2025-04-26T00:00:00Z,PRPO,0.5,10.604166666666666,temperature
2025-04-26T00:00:00Z,PRPO,0.75,10.600208333333333,temperature
2025-04-26T00:00:00Z,PRPO,1,10.590208333333331,temperature
2025-04-27T00:00:00Z,PRPO,0,10.086875,temperature
2025-04-27T00:00:00Z,PRPO,0.25,10.087083333333334,temperature
2025-04-27T00:00:00Z,PRPO,0.5,10.085625,temperature
2025-04-27T00:00:00Z,PRPO,0.75,10.085208333333334,temperature
2025-04-27T00:00:00Z,PRPO,1,10.084166666666668,temperature
2025-04-28T00:00:00Z,PRPO,0,10.251666666666669,temperature
2025-04-28T00:00:00Z,PRPO,0.25,10.25125,temperature
2025-04-28T00:00:00Z,PRPO,0.5,10.250208333333331,temperature
2025-04-28T00:00:00Z,PRPO,0.75,10.250208333333331,temperature
2025-04-28T00:00:00Z,PRPO,1,10.250625,temperature
2025-04-29T00:00:00Z,PRPO,0,8.902083333333334,temperature
2025-04-29T00:00:00Z,PRPO,0.25,8.900625,temperature
2025-04-29T00:00:00Z,PRPO,0.5,8.897083333333333,temperature
2025-04-29T00:00:00Z,PRPO,0.75,8.891666666666667,temperature
2025-04-29T00:00:00Z,PRPO,1,8.88375,temperature
2025-04-30T00:00:00Z,PRPO,0,9.498333333333331,temperature
2025-04-30T00:00:00Z,PRPO,0.25,9.495625,temperature
2025-04-30T00:00:00Z,PRPO,0.5,9.491875,temperature
2025-04-30T00:00:00Z,PRPO,0.75,9.489583333333334,temperature
2025-04-30T00:00:00Z,PRPO,1,9.48875,temperature
2025-05-01T00:00:00Z,PRPO,0,9.955625,temperature
2025-05-01T00:00:00Z,PRPO,0.25,9.952291666666667,temperature
2025-05-01T00:00:00Z,PRPO,0.5,9.95,temperature
2025-05-01T00:00:00Z,PRPO,0.75,9.948541666666667,temperature
2025-05-01T00:00:00Z,PRPO,1,9.946875,temperature
2025-05-02T00:00:00Z,PRPO,0,10.81,temperature
2025-05-02T00:00:00Z,PRPO,0.25,10.801458333333333,temperature
2025-05-02T00:00:00Z,PRPO,0.5,10.794791666666669,temperature
2025-05-02T00:00:00Z,PRPO,0.75,10.790208333333334,temperature
2025-05-02T00:00:00Z,PRPO,1,10.784583333333334,temperature
2025-05-03T00:00:00Z,PRPO,0,11.790625,temperature
2025-05-03T00:00:00Z,PRPO,0.25,11.782083333333333,temperature
2025-05-03T00:00:00Z,PRPO,0.5,11.766666666666667,temperature
2025-05-03T00:00:00Z,PRPO,0.75,11.746041666666668,temperature
2025-05-03T00:00:00Z,PRPO,1,11.722083333333334,temperature
2025-05-04T00:00:00Z,PRPO,0,13.18625,temperature
2025-05-04T00:00:00Z,PRPO,0.25,13.161666666666669,temperature
2025-05-04T00:00:00Z,PRPO,0.5,13.145416666666666,temperature
2025-05-04T00:00:00Z,PRPO,0.75,13.1325,temperature
2025-05-04T00:00:00Z,PRPO,1,13.120833333333334,temperature
2025-05-05T00:00:00Z,PRPO,0,14.212916666666668,temperature
2025-05-05T00:00:00Z,PRPO,0.25,14.211666666666666,temperature
2025-05-05T00:00:00Z,PRPO,0.5,14.209375,temperature
2025-05-05T00:00:00Z,PRPO,0.75,14.207291666666666,temperature
2025-05-05T00:00:00Z,PRPO,1,14.205625,temperature
2025-05-06T00:00:00Z,PRPO,0,14.724791666666668,temperature
2025-05-06T00:00:00Z,PRPO,0.25,14.72625,temperature
2025-05-06T00:00:00Z,PRPO,0.5,14.72625,temperature
2025-05-06T00:00:00Z,PRPO,0.75,14.72375,temperature
2025-05-06T00:00:00Z,PRPO,1,14.720208333333334,temperature
2025-05-07T00:00:00Z,PRPO,0,14.521875,temperature
2025-05-07T00:00:00Z,PRPO,0.25,14.51375,temperature
2025-05-07T00:00:00Z,PRPO,0.5,14.502291666666666,temperature
2025-05-07T00:00:00Z,PRPO,0.75,14.486875,temperature
2025-05-07T00:00:00Z,PRPO,1,14.462916666666668,temperature
2025-05-08T00:00:00Z,PRPO,0,15.481875,temperature
2025-05-08T00:00:00Z,PRPO,0.25,15.47625,temperature
2025-05-08T00:00:00Z,PRPO,0.5,15.462083333333334,temperature
2025-05-08T00:00:00Z,PRPO,0.75,15.424791666666668,temperature
2025-05-08T00:00:00Z,PRPO,1,15.366041666666668,temperature
2025-05-09T00:00:00Z,PRPO,0,16.030208333333334,temperature
2025-05-09T00:00:00Z,PRPO,0.25,16.024583333333332,temperature
2025-05-09T00:00:00Z,PRPO,0.5,16.020833333333332,temperature
2025-05-09T00:00:00Z,PRPO,0.75,16.018125,temperature
2025-05-09T00:00:00Z,PRPO,1,16.014375,temperature
2025-05-10T00:00:00Z,PRPO,0,16.188125,temperature
2025-05-10T00:00:00Z,PRPO,0.25,16.189375,temperature
2025-05-10T00:00:00Z,PRPO,0.5,16.188541666666666,temperature
2025-05-10T00:00:00Z,PRPO,0.75,16.186666666666667,temperature
2025-05-10T00:00:00Z,PRPO,1,16.183958333333333,temperature
2025-05-11T00:00:00Z,PRPO,0,16.770625,temperature
2025-05-11T00:00:00Z,PRPO,0.25,16.768958333333334,temperature
2025-05-11T00:00:00Z,PRPO,0.5,16.767916666666668,temperature
2025-05-11T00:00:00Z,PRPO,0.75,16.766041666666666,temperature
2025-05-11T00:00:00Z,PRPO,1,16.764791666666667,temperature
2025-05-12T00:00:00Z,PRPO,0,17.732916666666668,temperature
2025-05-12T00:00:00Z,PRPO,0.25,17.730625,temperature
2025-05-12T00:00:00Z,PRPO,0.5,17.728125,temperature
2025-05-12T00:00:00Z,PRPO,0.75,17.726875,temperature
2025-05-12T00:00:00Z,PRPO,1,17.725,temperature
2025-05-13T00:00:00Z,PRPO,0,18.748333333333335,temperature
2025-05-13T00:00:00Z,PRPO,0.25,18.735208333333333,temperature
2025-05-13T00:00:00Z,PRPO,0.5,18.726041666666667,temperature
2025-05-13T00:00:00Z,PRPO,0.75,18.722916666666663,temperature
2025-05-13T00:00:00Z,PRPO,1,18.719166666666663,temperature
2025-05-14T00:00:00Z,PRPO,0,19.874375,temperature
2025-05-14T00:00:00Z,PRPO,0.25,19.869791666666668,temperature
2025-05-14T00:00:00Z,PRPO,0.5,19.864166666666662,temperature
2025-05-14T00:00:00Z,PRPO,0.75,19.858958333333337,temperature
2025-05-14T00:00:00Z,PRPO,1,19.855208333333337,temperature
2025-05-15T00:00:00Z,PRPO,0,19.130208333333332,temperature
2025-05-15T00:00:00Z,PRPO,0.25,19.13458333333333,temperature
2025-05-15T00:00:00Z,PRPO,0.5,19.134791666666665,temperature
2025-05-15T00:00:00Z,PRPO,0.75,19.134166666666665,temperature
2025-05-15T00:00:00Z,PRPO,1,19.133541666666662,temperature
2025-05-16T00:00:00Z,PRPO,0,16.367083333333333,temperature
2025-05-16T00:00:00Z,PRPO,0.25,16.373958333333334,temperature
2025-05-16T00:00:00Z,PRPO,0.5,16.378541666666667,temperature
2025-05-16T00:00:00Z,PRPO,0.75,16.382083333333334,temperature
2025-05-16T00:00:00Z,PRPO,1,16.38375,temperature
2025-05-17T00:00:00Z,PRPO,0,11.763541666666669,temperature
2025-05-17T00:00:00Z,PRPO,0.25,11.767083333333334,temperature
2025-05-17T00:00:00Z,PRPO,0.5,11.769166666666669,temperature
2025-05-17T00:00:00Z,PRPO,0.75,11.77125,temperature
2025-05-17T00:00:00Z,PRPO,1,11.773541666666668,temperature
2025-05-18T00:00:00Z,PRPO,0,10.352916666666667,temperature
2025-05-18T00:00:00Z,PRPO,0.25,10.358541666666667,temperature
2025-05-18T00:00:00Z,PRPO,0.5,10.360625,temperature
2025-05-18T00:00:00Z,PRPO,0.75,10.362291666666666,temperature
2025-05-18T00:00:00Z,PRPO,1,10.361875,temperature
2025-05-19T00:00:00Z,PRPO,0,9.34875,temperature
2025-05-19T00:00:00Z,PRPO,0.25,9.354166666666666,temperature
2025-05-19T00:00:00Z,PRPO,0.5,9.357083333333334,temperature
2025-05-19T00:00:00Z,PRPO,0.75,9.359583333333331,temperature
2025-05-19T00:00:00Z,PRPO,1,9.36,temperature
2025-05-20T00:00:00Z,PRPO,0,8.343333333333334,temperature
2025-05-20T00:00:00Z,PRPO,0.25,8.34875,temperature
2025-05-20T00:00:00Z,PRPO,0.5,8.349375,temperature
2025-05-20T00:00:00Z,PRPO,0.75,8.351875,temperature
2025-05-20T00:00:00Z,PRPO,1,8.353541666666667,temperature
2025-05-21T00:00:00Z,PRPO,0,7.799375,temperature
2025-05-21T00:00:00Z,PRPO,0.25,7.800208333333333,temperature
2025-05-21T00:00:00Z,PRPO,0.5,7.80125,temperature
2025-05-21T00:00:00Z,PRPO,0.75,7.800833333333333,temperature
2025-05-21T00:00:00Z,PRPO,1,7.801458333333334,temperature
2025-05-22T00:00:00Z,PRPO,0,8.40625,temperature
2025-05-22T00:00:00Z,PRPO,0.25,8.399166666666666,temperature
2025-05-22T00:00:00Z,PRPO,0.5,8.388958333333333,temperature
2025-05-22T00:00:00Z,PRPO,0.75,8.379583333333333,temperature
2025-05-22T00:00:00Z,PRPO,1,8.366875,temperature
2025-05-23T00:00:00Z,PRPO,0,10.629791666666668,temperature
2025-05-23T00:00:00Z,PRPO,0.25,10.593333333333334,temperature
2025-05-23T00:00:00Z,PRPO,0.5,10.558541666666668,temperature
2025-05-23T00:00:00Z,PRPO,0.75,10.513958333333331,temperature
2025-05-23T00:00:00Z,PRPO,1,10.471666666666668,temperature
2025-05-24T00:00:00Z,PRPO,0,12.761458333333334,temperature
2025-05-24T00:00:00Z,PRPO,0.25,12.683958333333331,temperature
2025-05-24T00:00:00Z,PRPO,0.5,12.595625,temperature
2025-05-24T00:00:00Z,PRPO,0.75,12.51625,temperature
2025-05-24T00:00:00Z,PRPO,1,12.383333333333333,temperature
2025-05-25T00:00:00Z,PRPO,0,14.83875,temperature
2025-05-25T00:00:00Z,PRPO,0.25,14.7125,temperature
2025-05-25T00:00:00Z,PRPO,0.5,14.5325,temperature
2025-05-25T00:00:00Z,PRPO,0.75,14.249583333333334,temperature
2025-05-25T00:00:00Z,PRPO,1,14.025625,temperature
2025-05-26T00:00:00Z,PRPO,0,16.8425,temperature
2025-05-26T00:00:00Z,PRPO,0.25,16.741041666666668,temperature
2025-05-26T00:00:00Z,PRPO,0.5,16.53708333333333,temperature
2025-05-26T00:00:00Z,PRPO,0.75,16.042083333333334,temperature
2025-05-26T00:00:00Z,PRPO,1,15.544375,temperature
2025-05-27T00:00:00Z,PRPO,0,17.17770833333333,temperature
2025-05-27T00:00:00Z,PRPO,0.25,17.163333333333334,temperature
2025-05-27T00:00:00Z,PRPO,0.5,17.130208333333332,temperature
2025-05-27T00:00:00Z,PRPO,0.75,17.043333333333333,temperature
2025-05-27T00:00:00Z,PRPO,1,16.887708333333332,temperature
2025-05-28T00:00:00Z,PRPO,0,16.887083333333333,temperature
2025-05-28T00:00:00Z,PRPO,0.25,16.878125,temperature
2025-05-28T00:00:00Z,PRPO,0.5,16.846458333333334,temperature
2025-05-28T00:00:00Z,PRPO,0.75,16.813125,temperature
2025-05-28T00:00:00Z,PRPO,1,16.753958333333333,temperature
2025-05-29T00:00:00Z,PRPO,0,17.6875,temperature
2025-05-29T00:00:00Z,PRPO,0.25,17.667708333333334,temperature
2025-05-29T00:00:00Z,PRPO,0.5,17.623125,temperature
2025-05-29T00:00:00Z,PRPO,0.75,17.56125,temperature
2025-05-29T00:00:00Z,PRPO,1,17.4975,temperature
2025-05-30T00:00:00Z,PRPO,0,18.588958333333338,temperature
2025-05-30T00:00:00Z,PRPO,0.25,18.561458333333334,temperature
2025-05-30T00:00:00Z,PRPO,0.5,18.531666666666663,temperature
2025-05-30T00:00:00Z,PRPO,0.75,18.483958333333337,temperature
2025-05-30T00:00:00Z,PRPO,1,18.318125,temperature
2025-05-31T00:00:00Z,PRPO,0,18.302083333333332,temperature
2025-05-31T00:00:00Z,PRPO,0.25,18.29375,temperature
2025-05-31T00:00:00Z,PRPO,0.5,18.275625,temperature
2025-05-31T00:00:00Z,PRPO,0.75,18.252708333333334,temperature
2025-05-31T00:00:00Z,PRPO,1,18.227291666666662,temperature
2025-06-01T00:00:00Z,PRPO,0,19.135625,temperature
2025-06-01T00:00:00Z,PRPO,0.25,19.10375,temperature
2025-06-01T00:00:00Z,PRPO,0.5,19.09,temperature
2025-06-01T00:00:00Z,PRPO,0.75,19.0675,temperature
2025-06-01T00:00:00Z,PRPO,1,19.043125,temperature
2025-06-02T00:00:00Z,PRPO,0,19.373404255319148,temperature
2025-06-02T00:00:00Z,PRPO,0.25,19.35404255319149,temperature
2025-06-02T00:00:00Z,PRPO,0.5,19.332127659574468,temperature
2025-06-02T00:00:00Z,PRPO,0.75,19.316382978723404,temperature
2025-06-02T00:00:00Z,PRPO,1,19.29212765957447,temperature
2025-06-03T00:00:00Z,PRPO,0,17.414583333333333,temperature
2025-06-03T00:00:00Z,PRPO,0.25,17.413125,temperature
2025-06-03T00:00:00Z,PRPO,0.5,17.410625,temperature
2025-06-03T00:00:00Z,PRPO,0.75,17.40833333333333,temperature
2025-06-03T00:00:00Z,PRPO,1,17.406041666666667,temperature
2025-06-04T00:00:00Z,PRPO,0,17.397291666666668,temperature
2025-06-04T00:00:00Z,PRPO,0.25,17.385416666666668,temperature
2025-06-04T00:00:00Z,PRPO,0.5,17.366041666666668,temperature
2025-06-04T00:00:00Z,PRPO,0.75,17.334791666666668,temperature
2025-06-04T00:00:00Z,PRPO,1,17.29875,temperature
2025-06-05T00:00:00Z,PRPO,0,17.852708333333332,temperature
2025-06-05T00:00:00Z,PRPO,0.25,17.835625,temperature
2025-06-05T00:00:00Z,PRPO,0.5,17.7725,temperature
2025-06-05T00:00:00Z,PRPO,0.75,17.667708333333334,temperature
2025-06-05T00:00:00Z,PRPO,1,17.607291666666665,temperature
2025-06-06T00:00:00Z,PRPO,0,18.504166666666663,temperature
2025-06-06T00:00:00Z,PRPO,0.25,18.470625,temperature
2025-06-06T00:00:00Z,PRPO,0.5,18.43875,temperature
2025-06-06T00:00:00Z,PRPO,0.75,18.40375,temperature
2025-06-06T00:00:00Z,PRPO,1,18.36895833333333,temperature
2025-06-07T00:00:00Z,PRPO,0,19.002708333333334,temperature
2025-06-07T00:00:00Z,PRPO,0.25,19.000416666666663,temperature
2025-06-07T00:00:00Z,PRPO,0.5,18.987916666666667,temperature
2025-06-07T00:00:00Z,PRPO,0.75,18.965416666666663,temperature
2025-06-07T00:00:00Z,PRPO,1,18.934166666666663,temperature
2025-06-08T00:00:00Z,PRPO,0,17.16625,temperature
2025-06-08T00:00:00Z,PRPO,0.25,17.169999999999998,temperature
2025-06-08T00:00:00Z,PRPO,0.5,17.172291666666666,temperature
2025-06-08T00:00:00Z,PRPO,0.75,17.174583333333334,temperature
2025-06-08T00:00:00Z,PRPO,1,17.175208333333334,temperature
2025-06-09T00:00:00Z,PRPO,0,14.481458333333332,temperature
2025-06-09T00:00:00Z,PRPO,0.25,14.47875,temperature
2025-06-09T00:00:00Z,PRPO,0.5,14.4775,temperature
2025-06-09T00:00:00Z,PRPO,0.75,14.477291666666666,temperature
2025-06-09T00:00:00Z,PRPO,1,14.476458333333332,temperature
2025-06-10T00:00:00Z,PRPO,0,14.838333333333331,temperature
2025-06-10T00:00:00Z,PRPO,0.25,15.58090909090909,temperature
2025-06-10T00:00:00Z,PRPO,0.5,15.57090909090909,temperature
2025-06-10T00:00:00Z,PRPO,0.75,15.566363636363636,temperature
2025-06-10T00:00:00Z,PRPO,1,15.557272727272728,temperature
2025-06-11T00:00:00Z,PRPO,0,16.252083333333335,temperature
2025-06-11T00:00:00Z,PRPO,0.25,16.237708333333334,temperature
2025-06-11T00:00:00Z,PRPO,0.5,16.216458333333332,temperature
2025-06-11T00:00:00Z,PRPO,0.75,16.199375,temperature
2025-06-11T00:00:00Z,PRPO,1,16.184583333333332,temperature
2025-06-12T00:00:00Z,PRPO,0,16.68625,temperature
2025-06-12T00:00:00Z,PRPO,0.25,16.683333333333334,temperature
2025-06-12T00:00:00Z,PRPO,0.5,16.674166666666668,temperature
2025-06-12T00:00:00Z,PRPO,0.75,16.661041666666666,temperature
2025-06-12T00:00:00Z,PRPO,1,16.645625,temperature
2025-06-13T00:00:00Z,PRPO,0,16.223958333333332,temperature
2025-06-13T00:00:00Z,PRPO,0.25,16.2275,temperature
2025-06-13T00:00:00Z,PRPO,0.5,16.227916666666665,temperature
2025-06-13T00:00:00Z,PRPO,0.75,16.22875,temperature
2025-06-13T00:00:00Z,PRPO,1,16.229166666666668,temperature
2025-06-14T00:00:00Z,PRPO,0,16.012708333333332,temperature
2025-06-14T00:00:00Z,PRPO,0.25,16.005416666666665,temperature
2025-06-14T00:00:00Z,PRPO,0.5,15.996875,temperature
2025-06-14T00:00:00Z,PRPO,0.75,15.984583333333331,temperature
2025-06-14T00:00:00Z,PRPO,1,15.97875,temperature
2025-06-15T00:00:00Z,PRPO,0,17.184583333333332,temperature
2025-06-15T00:00:00Z,PRPO,0.25,17.127916666666668,temperature
2025-06-15T00:00:00Z,PRPO,0.5,17.085625,temperature
2025-06-15T00:00:00Z,PRPO,0.75,17.02375,temperature
2025-06-15T00:00:00Z,PRPO,1,16.989791666666665,temperature
2025-06-16T00:00:00Z,PRPO,0,18.440416666666668,temperature
2025-06-16T00:00:00Z,PRPO,0.25,18.288958333333333,temperature
2025-06-16T00:00:00Z,PRPO,0.5,18.184166666666663,temperature
2025-06-16T00:00:00Z,PRPO,0.75,18.077708333333337,temperature
2025-06-16T00:00:00Z,PRPO,1,17.98125,temperature
2025-06-17T00:00:00Z,PRPO,0,19.41229166666667,temperature
2025-06-17T00:00:00Z,PRPO,0.25,19.356458333333332,temperature
2025-06-17T00:00:00Z,PRPO,0.5,19.286666666666665,temperature
2025-06-17T00:00:00Z,PRPO,0.75,19.211875,temperature
2025-06-17T00:00:00Z,PRPO,1,19.138958333333335,temperature
2025-06-18T00:00:00Z,PRPO,0,20.883333333333333,temperature
2025-06-18T00:00:00Z,PRPO,0.25,20.868333333333332,temperature
2025-06-18T00:00:00Z,PRPO,0.5,20.82604166666667,temperature
2025-06-18T00:00:00Z,PRPO,0.75,20.786458333333332,temperature
2025-06-18T00:00:00Z,PRPO,1,20.698541666666667,temperature
2025-06-19T00:00:00Z,PRPO,0,22.310208333333332,temperature
2025-06-19T00:00:00Z,PRPO,0.25,22.026666666666667,temperature
2025-06-19T00:00:00Z,PRPO,0.5,21.77166666666667,temperature
2025-06-19T00:00:00Z,PRPO,0.75,21.663958333333333,temperature
2025-06-19T00:00:00Z,PRPO,1,21.573125,temperature
2025-06-20T00:00:00Z,PRPO,0,22.681666666666665,temperature
2025-06-20T00:00:00Z,PRPO,0.25,22.601458333333333,temperature
2025-06-20T00:00:00Z,PRPO,0.5,22.42375,temperature
2025-06-20T00:00:00Z,PRPO,0.75,22.266041666666663,temperature
2025-06-20T00:00:00Z,PRPO,1,22.125833333333333,temperature
2025-06-21T00:00:00Z,PRPO,0,22.40347826086957,temperature
2025-06-21T00:00:00Z,PRPO,0.25,22.39108695652174,temperature
2025-06-21T00:00:00Z,PRPO,0.5,22.37695652173913,temperature
2025-06-21T00:00:00Z,PRPO,0.75,22.357608695652175,temperature
2025-06-21T00:00:00Z,PRPO,1,22.339565217391304,temperature
2025-06-22T00:00:00Z,PRPO,0,22.899791666666665,temperature
2025-06-22T00:00:00Z,PRPO,0.25,22.898333333333333,temperature
2025-06-22T00:00:00Z,PRPO,0.5,22.890625,temperature
2025-06-22T00:00:00Z,PRPO,0.75,22.876875,temperature
2025-06-22T00:00:00Z,PRPO,1,22.835625,temperature
2025-06-23T00:00:00Z,PRPO,0,20.716458333333332,temperature
2025-06-23T00:00:00Z,PRPO,0.25,20.716666666666665,temperature
2025-06-23T00:00:00Z,PRPO,0.5,20.715416666666663,temperature
2025-06-23T00:00:00Z,PRPO,0.75,20.714791666666667,temperature
2025-06-23T00:00:00Z,PRPO,1,20.712291666666665,temperature
2025-06-24T00:00:00Z,PRPO,0,20.13104166666667,temperature
2025-06-24T00:00:00Z,PRPO,0.25,20.119166666666665,temperature
2025-06-24T00:00:00Z,PRPO,0.5,20.105833333333333,temperature
2025-06-24T00:00:00Z,PRPO,0.75,20.086458333333333,temperature
2025-06-24T00:00:00Z,PRPO,1,20.072916666666668,temperature
2025-06-25T00:00:00Z,PRPO,0,20.946666666666665,temperature
2025-06-25T00:00:00Z,PRPO,0.25,20.916875,temperature
2025-06-25T00:00:00Z,PRPO,0.5,20.887916666666666,temperature
2025-06-25T00:00:00Z,PRPO,0.75,20.826041666666665,temperature
2025-06-25T00:00:00Z,PRPO,1,20.682291666666668,temperature
2025-06-26T00:00:00Z,PRPO,0,19.94125,temperature
2025-06-26T00:00:00Z,PRPO,0.25,19.941875,temperature
2025-06-26T00:00:00Z,PRPO,0.5,19.942083333333333,temperature
2025-06-26T00:00:00Z,PRPO,0.75,19.941458333333333,temperature
2025-06-26T00:00:00Z,PRPO,1,19.940208333333334,temperature
2025-06-27T00:00:00Z,PRPO,0,19.554166666666667,temperature
2025-06-27T00:00:00Z,PRPO,0.25,19.547916666666666,temperature
2025-06-27T00:00:00Z,PRPO,0.5,19.539583333333333,temperature
2025-06-27T00:00:00Z,PRPO,0.75,19.53,temperature
2025-06-27T00:00:00Z,PRPO,1,19.520625,temperature
2025-06-28T00:00:00Z,PRPO,0,21.046875,temperature
2025-06-28T00:00:00Z,PRPO,0.25,21.020416666666662,temperature
2025-06-28T00:00:00Z,PRPO,0.5,20.987291666666668,temperature
2025-06-28T00:00:00Z,PRPO,0.75,20.950625,temperature
2025-06-28T00:00:00Z,PRPO,1,20.921458333333337,temperature
2025-06-29T00:00:00Z,PRPO,0,21.791458333333335,temperature
2025-06-29T00:00:00Z,PRPO,0.25,21.77375,temperature
2025-06-29T00:00:00Z,PRPO,0.5,21.75604166666667,temperature
2025-06-29T00:00:00Z,PRPO,0.75,21.734375,temperature
2025-06-29T00:00:00Z,PRPO,1,21.711458333333333,temperature
2025-06-30T00:00:00Z,PRPO,0,22.035208333333333,temperature
2025-06-30T00:00:00Z,PRPO,0.25,22.031875,temperature
2025-06-30T00:00:00Z,PRPO,0.5,22.025833333333335,temperature
2025-06-30T00:00:00Z,PRPO,0.75,22.018541666666668,temperature
2025-06-30T00:00:00Z,PRPO,1,22.004375,temperature
2025-07-01T00:00:00Z,PRPO,0,22.431041666666665,temperature
2025-07-01T00:00:00Z,PRPO,0.25,22.24625,temperature
2025-07-01T00:00:00Z,PRPO,0.5,22.108333333333334,temperature
2025-07-01T00:00:00Z,PRPO,0.75,22.035,temperature
2025-07-01T00:00:00Z,PRPO,1,21.987291666666668,temperature
2025-07-02T00:00:00Z,PRPO,0,24.52541666666667,temperature
2025-07-02T00:00:00Z,PRPO,0.25,23.844583333333333,temperature
2025-07-02T00:00:00Z,PRPO,0.5,23.460416666666667,temperature
2025-07-02T00:00:00Z,PRPO,0.75,22.875833333333333,temperature
2025-07-02T00:00:00Z,PRPO,1,22.518333333333334,temperature
2025-07-03T00:00:00Z,PRPO,0,25.619791666666668,temperature
2025-07-03T00:00:00Z,PRPO,0.25,25.11125,temperature
2025-07-03T00:00:00Z,PRPO,0.5,24.670833333333334,temperature
2025-07-03T00:00:00Z,PRPO,0.75,24.160416666666663,temperature
2025-07-03T00:00:00Z,PRPO,1,23.74416666666667,temperature
2025-07-04T00:00:00Z,PRPO,0,25.213125,temperature
2025-07-04T00:00:00Z,PRPO,0.25,25.137708333333332,temperature
2025-07-04T00:00:00Z,PRPO,0.5,25.01375,temperature
2025-07-04T00:00:00Z,PRPO,0.75,24.917708333333337,temperature
2025-07-04T00:00:00Z,PRPO,1,24.821041666666662,temperature
2025-07-05T00:00:00Z,PRPO,0,24.260833333333338,temperature
2025-07-05T00:00:00Z,PRPO,0.25,24.250833333333333,temperature
2025-07-05T00:00:00Z,PRPO,0.5,24.233541666666667,temperature
2025-07-05T00:00:00Z,PRPO,0.75,24.185208333333332,temperature
2025-07-05T00:00:00Z,PRPO,1,24.055208333333333,temperature
2025-07-06T00:00:00Z,PRPO,0,24.137291666666663,temperature
2025-07-06T00:00:00Z,PRPO,0.25,24.026875,temperature
2025-07-06T00:00:00Z,PRPO,0.5,23.785833333333333,temperature
2025-07-06T00:00:00Z,PRPO,0.75,23.670625,temperature
2025-07-06T00:00:00Z,PRPO,1,23.633125,temperature
2025-07-07T00:00:00Z,PRPO,0,24.272916666666667,temperature
2025-07-07T00:00:00Z,PRPO,0.25,24.20375,temperature
2025-07-07T00:00:00Z,PRPO,0.5,24.023125,temperature
2025-07-07T00:00:00Z,PRPO,0.75,23.875208333333333,temperature
2025-07-07T00:00:00Z,PRPO,1,23.771458333333335,temperature
2025-07-08T00:00:00Z,PRPO,0,24.127916666666668,temperature
2025-07-08T00:00:00Z,PRPO,0.25,23.970625,temperature
2025-07-08T00:00:00Z,PRPO,0.5,23.794791666666665,temperature
2025-07-08T00:00:00Z,PRPO,0.75,23.656875,temperature
2025-07-08T00:00:00Z,PRPO,1,23.586666666666662,temperature
2025-07-09T00:00:00Z,PRPO,0,24.790208333333332,temperature
2025-07-09T00:00:00Z,PRPO,0.25,24.682291666666668,temperature
2025-07-09T00:00:00Z,PRPO,0.5,24.418958333333332,temperature
2025-07-09T00:00:00Z,PRPO,0.75,24.239583333333332,temperature
2025-07-09T00:00:00Z,PRPO,1,24.086875,temperature
2025-07-10T00:00:00Z,PRPO,0,24.47833333333333,temperature
2025-07-10T00:00:00Z,PRPO,0.25,24.475208333333335,temperature
2025-07-10T00:00:00Z,PRPO,0.5,24.472291666666667,temperature
2025-07-10T00:00:00Z,PRPO,0.75,24.469375,temperature
2025-07-10T00:00:00Z,PRPO,1,24.465625,temperature
2025-07-11T00:00:00Z,PRPO,0,24.30375,temperature
2025-07-11T00:00:00Z,PRPO,0.25,24.301875,temperature
2025-07-11T00:00:00Z,PRPO,0.5,24.301041666666663,temperature
2025-07-11T00:00:00Z,PRPO,0.75,24.300208333333337,temperature
2025-07-11T00:00:00Z,PRPO,1,24.29875,temperature
2025-07-12T00:00:00Z,PRPO,0,22.970416666666665,temperature
2025-07-12T00:00:00Z,PRPO,0.25,22.962916666666665,temperature
2025-07-12T00:00:00Z,PRPO,0.5,22.954166666666666,temperature
2025-07-12T00:00:00Z,PRPO,0.75,22.940833333333337,temperature
2025-07-12T00:00:00Z,PRPO,1,22.924583333333334,temperature
2025-07-13T00:00:00Z,PRPO,0,22.846666666666668,temperature
2025-07-13T00:00:00Z,PRPO,0.25,22.836458333333333,temperature
2025-07-13T00:00:00Z,PRPO,0.5,22.827291666666667,temperature
2025-07-13T00:00:00Z,PRPO,0.75,22.815625,temperature
2025-07-13T00:00:00Z,PRPO,1,22.804166666666667,temperature
2025-07-14T00:00:00Z,PRPO,0,23.435,temperature
2025-07-14T00:00:00Z,PRPO,0.25,23.423958333333335,temperature
2025-07-14T00:00:00Z,PRPO,0.5,23.41229166666667,temperature
2025-07-14T00:00:00Z,PRPO,0.75,23.394791666666663,temperature
2025-07-14T00:00:00Z,PRPO,1,23.379791666666662,temperature
2025-07-15T00:00:00Z,PRPO,0,23.717083333333335,temperature
2025-07-15T00:00:00Z,PRPO,0.25,23.689375,temperature
2025-07-15T00:00:00Z,PRPO,0.5,23.642916666666668,temperature
2025-07-15T00:00:00Z,PRPO,0.75,23.612083333333334,temperature
2025-07-15T00:00:00Z,PRPO,1,23.567291666666662,temperature
2025-07-16T00:00:00Z,PRPO,0,20.89375,temperature
2025-07-16T00:00:00Z,PRPO,0.25,20.8925,temperature
2025-07-16T00:00:00Z,PRPO,0.5,20.889166666666668,temperature
2025-07-16T00:00:00Z,PRPO,0.75,20.887083333333333,temperature
2025-07-16T00:00:00Z,PRPO,1,20.883958333333332,temperature
2025-07-17T00:00:00Z,PRPO,0,20.282708333333332,temperature
2025-07-17T00:00:00Z,PRPO,0.25,20.264583333333334,temperature
2025-07-17T00:00:00Z,PRPO,0.5,20.240833333333335,temperature
2025-07-17T00:00:00Z,PRPO,0.75,20.20875,temperature
2025-07-17T00:00:00Z,PRPO,1,20.17791666666667,temperature
2025-07-18T00:00:00Z,PRPO,0,21.001041666666666,temperature
2025-07-18T00:00:00Z,PRPO,0.25,20.9775,temperature
2025-07-18T00:00:00Z,PRPO,0.5,20.949583333333333,temperature
2025-07-18T00:00:00Z,PRPO,0.75,20.911458333333332,temperature
2025-07-18T00:00:00Z,PRPO,1,20.807083333333335,temperature
2025-07-19T00:00:00Z,PRPO,0,20.902083333333337,temperature
2025-07-19T00:00:00Z,PRPO,0.25,20.892083333333332,temperature
2025-07-19T00:00:00Z,PRPO,0.5,20.878333333333337,temperature
2025-07-19T00:00:00Z,PRPO,0.75,20.855625,temperature
2025-07-19T00:00:00Z,PRPO,1,20.823125,temperature
2025-07-20T00:00:00Z,PRPO,0,21.265625,temperature
2025-07-20T00:00:00Z,PRPO,0.25,21.246458333333333,temperature
2025-07-20T00:00:00Z,PRPO,0.5,21.22,temperature
2025-07-20T00:00:00Z,PRPO,0.75,21.183958333333333,temperature
2025-07-20T00:00:00Z,PRPO,1,21.147916666666667,temperature
2025-07-21T00:00:00Z,PRPO,0,22.071875,temperature
2025-07-21T00:00:00Z,PRPO,0.25,21.840416666666663,temperature
2025-07-21T00:00:00Z,PRPO,0.5,21.517083333333332,temperature
2025-07-21T00:00:00Z,PRPO,0.75,21.374375,temperature
2025-07-21T00:00:00Z,PRPO,1,21.293333333333333,temperature
2025-07-22T00:00:00Z,PRPO,0,23.478125,temperature
2025-07-22T00:00:00Z,PRPO,0.25,23.052291666666665,temperature
2025-07-22T00:00:00Z,PRPO,0.5,22.57723404255319,temperature
2025-07-22T00:00:00Z,PRPO,0.75,22.199583333333333,temperature
2025-07-22T00:00:00Z,PRPO,1,21.940833333333337,temperature
2025-07-23T00:00:00Z,PRPO,0,22.062708333333333,temperature
2025-07-23T00:00:00Z,PRPO,0.25,22.008125,temperature
2025-07-23T00:00:00Z,PRPO,0.5,21.9625,temperature
2025-07-23T00:00:00Z,PRPO,0.75,21.903333333333332,temperature
2025-07-23T00:00:00Z,PRPO,1,21.846875,temperature
2025-07-24T00:00:00Z,PRPO,0,22.755,temperature
2025-07-24T00:00:00Z,PRPO,0.25,22.600416666666668,temperature
2025-07-24T00:00:00Z,PRPO,0.5,22.436041666666668,temperature
2025-07-24T00:00:00Z,PRPO,0.75,22.240833333333335,temperature
2025-07-24T00:00:00Z,PRPO,1,22.074583333333333,temperature
2025-07-25T00:00:00Z,PRPO,0,23.753958333333333,temperature
2025-07-25T00:00:00Z,PRPO,0.25,23.729375,temperature
2025-07-25T00:00:00Z,PRPO,0.5,23.605,temperature
2025-07-25T00:00:00Z,PRPO,0.75,23.42,temperature
2025-07-25T00:00:00Z,PRPO,1,23.249166666666667,temperature
2025-07-26T00:00:00Z,PRPO,0,25.065208333333334,temperature
2025-07-26T00:00:00Z,PRPO,0.25,25.022708333333338,temperature
2025-07-26T00:00:00Z,PRPO,0.5,24.918125,temperature
2025-07-26T00:00:00Z,PRPO,0.75,24.61916666666667,temperature
2025-07-26T00:00:00Z,PRPO,1,24.349166666666665,temperature
2025-07-27T00:00:00Z,PRPO,0,25.864791666666665,temperature
2025-07-27T00:00:00Z,PRPO,0.25,25.753125,temperature
2025-07-27T00:00:00Z,PRPO,0.5,25.263541666666665,temperature
2025-07-27T00:00:00Z,PRPO,0.75,24.912916666666668,temperature
2025-07-27T00:00:00Z,PRPO,1,24.777916666666663,temperature
2025-07-28T00:00:00Z,PRPO,0,25.643333333333334,temperature
2025-07-28T00:00:00Z,PRPO,0.25,25.540416666666665,temperature
2025-07-28T00:00:00Z,PRPO,0.5,25.346041666666668,temperature
2025-07-28T00:00:00Z,PRPO,0.75,25.089791666666667,temperature
2025-07-28T00:00:00Z,PRPO,1,24.89,temperature
2025-07-29T00:00:00Z,PRPO,0,24.849583333333335,temperature
2025-07-29T00:00:00Z,PRPO,0.25,24.750625,temperature
2025-07-29T00:00:00Z,PRPO,0.5,24.583541666666665,temperature
2025-07-29T00:00:00Z,PRPO,0.75,24.492291666666667,temperature
2025-07-29T00:00:00Z,PRPO,1,24.4225,temperature
2025-07-30T00:00:00Z,PRPO,0,24.523125,temperature
2025-07-30T00:00:00Z,PRPO,0.25,24.468125,temperature
2025-07-30T00:00:00Z,PRPO,0.5,24.357083333333332,temperature
2025-07-30T00:00:00Z,PRPO,0.75,24.24416666666667,temperature
2025-07-30T00:00:00Z,PRPO,1,24.124166666666667,temperature
2025-07-31T00:00:00Z,PRPO,0,23.441458333333333,temperature
2025-07-31T00:00:00Z,PRPO,0.25,23.42,temperature
2025-07-31T00:00:00Z,PRPO,0.5,23.393125,temperature
2025-07-31T00:00:00Z,PRPO,0.75,23.370208333333338,temperature
2025-07-31T00:00:00Z,PRPO,1,23.319375,temperature
2025-08-01T00:00:00Z,PRPO,0,23.5,temperature
2025-08-01T00:00:00Z,PRPO,0.25,23.492708333333333,temperature
2025-08-01T00:00:00Z,PRPO,0.5,23.481875,temperature
2025-08-01T00:00:00Z,PRPO,0.75,23.455416666666668,temperature
2025-08-01T00:00:00Z,PRPO,1,23.3825,temperature
2025-08-02T00:00:00Z,PRPO,0,22.848541666666662,temperature
2025-08-02T00:00:00Z,PRPO,0.25,22.8475,temperature
2025-08-02T00:00:00Z,PRPO,0.5,22.844375,temperature
2025-08-02T00:00:00Z,PRPO,0.75,22.840208333333333,temperature
2025-08-02T00:00:00Z,PRPO,1,22.835416666666667,temperature
2025-08-03T00:00:00Z,PRPO,0,22.091666666666665,temperature
2025-08-03T00:00:00Z,PRPO,0.25,22.08875,temperature
2025-08-03T00:00:00Z,PRPO,0.5,22.085833333333333,temperature
2025-08-03T00:00:00Z,PRPO,0.75,22.083125,temperature
2025-08-03T00:00:00Z,PRPO,1,22.080625,temperature
2025-08-04T00:00:00Z,PRPO,0,21.909375,temperature
2025-08-04T00:00:00Z,PRPO,0.25,21.906041666666667,temperature
2025-08-04T00:00:00Z,PRPO,0.5,21.89875,temperature
2025-08-04T00:00:00Z,PRPO,0.75,21.890416666666667,temperature
2025-08-04T00:00:00Z,PRPO,1,21.881875,temperature
2025-08-05T00:00:00Z,PRPO,0,21.660833333333333,temperature
2025-08-05T00:00:00Z,PRPO,0.25,21.66125,temperature
2025-08-05T00:00:00Z,PRPO,0.5,21.660416666666663,temperature
2025-08-05T00:00:00Z,PRPO,0.75,21.659791666666667,temperature
2025-08-05T00:00:00Z,PRPO,1,21.656458333333333,temperature
2025-08-06T00:00:00Z,PRPO,0,21.124375,temperature
2025-08-06T00:00:00Z,PRPO,0.25,21.10125,temperature
2025-08-06T00:00:00Z,PRPO,0.5,21.06125,temperature
2025-08-06T00:00:00Z,PRPO,0.75,20.993541666666665,temperature
2025-08-06T00:00:00Z,PRPO,1,20.923125,temperature
2025-08-07T00:00:00Z,PRPO,0,23.20916666666667,temperature
2025-08-07T00:00:00Z,PRPO,0.25,23.147291666666668,temperature
2025-08-07T00:00:00Z,PRPO,0.5,22.9975,temperature
2025-08-07T00:00:00Z,PRPO,0.75,22.717083333333335,temperature
2025-08-07T00:00:00Z,PRPO,1,22.425416666666667,temperature
2025-08-08T00:00:00Z,PRPO,0,23.744166666666665,temperature
2025-08-08T00:00:00Z,PRPO,0.25,23.71875,temperature
2025-08-08T00:00:00Z,PRPO,0.5,23.686041666666668,temperature
2025-08-08T00:00:00Z,PRPO,0.75,23.639791666666667,temperature
2025-08-08T00:00:00Z,PRPO,1,23.57375,temperature
2025-08-09T00:00:00Z,PRPO,0,22.541458333333335,temperature
2025-08-09T00:00:00Z,PRPO,0.25,22.539375,temperature
2025-08-09T00:00:00Z,PRPO,0.5,22.534375,temperature
2025-08-09T00:00:00Z,PRPO,0.75,22.524375,temperature
2025-08-09T00:00:00Z,PRPO,1,22.506458333333335,temperature
2025-08-10T00:00:00Z,PRPO,0,21.067083333333333,temperature
2025-08-10T00:00:00Z,PRPO,0.25,21.063125,temperature
2025-08-10T00:00:00Z,PRPO,0.5,21.057708333333338,temperature
2025-08-10T00:00:00Z,PRPO,0.75,21.0525,temperature
2025-08-10T00:00:00Z,PRPO,1,21.0475,temperature
2025-08-11T00:00:00Z,PRPO,0,20.957708333333333,temperature
2025-08-11T00:00:00Z,PRPO,0.25,20.953541666666663,temperature
2025-08-11T00:00:00Z,PRPO,0.5,20.947291666666665,temperature
2025-08-11T00:00:00Z,PRPO,0.75,20.938541666666666,temperature
2025-08-11T00:00:00Z,PRPO,1,20.9275,temperature
2025-08-12T00:00:00Z,PRPO,0,20.986041666666665,temperature
2025-08-12T00:00:00Z,PRPO,0.25,20.983541666666667,temperature
2025-08-12T00:00:00Z,PRPO,0.5,20.980208333333337,temperature
2025-08-12T00:00:00Z,PRPO,0.75,20.975625,temperature
2025-08-12T00:00:00Z,PRPO,1,20.970625,temperature
2025-08-13T00:00:00Z,PRPO,0,21.29104166666667,temperature
2025-08-13T00:00:00Z,PRPO,0.25,21.286458333333332,temperature
2025-08-13T00:00:00Z,PRPO,0.5,21.282708333333332,temperature
2025-08-13T00:00:00Z,PRPO,0.75,21.280208333333334,temperature
2025-08-13T00:00:00Z,PRPO,1,21.27625,temperature
2025-08-14T00:00:00Z,PRPO,0,22.039791666666662,temperature
2025-08-14T00:00:00Z,PRPO,0.25,22.020625,temperature
2025-08-14T00:00:00Z,PRPO,0.5,22.003333333333337,temperature
2025-08-14T00:00:00Z,PRPO,0.75,21.988541666666663,temperature
2025-08-14T00:00:00Z,PRPO,1,21.972291666666667,temperature
2025-08-15T00:00:00Z,PRPO,0,22.432291666666668,temperature
2025-08-15T00:00:00Z,PRPO,0.25,22.392083333333332,temperature
2025-08-15T00:00:00Z,PRPO,0.5,22.36375,temperature
2025-08-15T00:00:00Z,PRPO,0.75,22.340625,temperature
2025-08-15T00:00:00Z,PRPO,1,22.298541666666665,temperature
2025-08-16T00:00:00Z,PRPO,0,22.249166666666667,temperature
2025-08-16T00:00:00Z,PRPO,0.25,22.24,temperature
2025-08-16T00:00:00Z,PRPO,0.5,22.208541666666665,temperature
2025-08-16T00:00:00Z,PRPO,0.75,22.172708333333333,temperature
2025-08-16T00:00:00Z,PRPO,1,22.153541666666666,temperature
2025-08-17T00:00:00Z,PRPO,0,22.055208333333333,temperature
2025-08-17T00:00:00Z,PRPO,0.25,22.051041666666663,temperature
2025-08-17T00:00:00Z,PRPO,0.5,22.04625,temperature
2025-08-17T00:00:00Z,PRPO,0.75,22.044375,temperature
2025-08-17T00:00:00Z,PRPO,1,22.04104166666667,temperature
2025-08-18T00:00:00Z,PRPO,0,22.67875,temperature
2025-08-18T00:00:00Z,PRPO,0.25,22.516041666666663,temperature
2025-08-18T00:00:00Z,PRPO,0.5,22.4225,temperature
2025-08-18T00:00:00Z,PRPO,0.75,22.307291666666668,temperature
2025-08-18T00:00:00Z,PRPO,1,22.200416666666666,temperature
2025-08-19T00:00:00Z,PRPO,0,24.350208333333335,temperature
2025-08-19T00:00:00Z,PRPO,0.25,24.195208333333333,temperature
2025-08-19T00:00:00Z,PRPO,0.5,23.686666666666667,temperature
2025-08-19T00:00:00Z,PRPO,0.75,23.202083333333334,temperature
2025-08-19T00:00:00Z,PRPO,1,22.88458333333333,temperature
2025-08-20T00:00:00Z,PRPO,0,25.164375,temperature
2025-08-20T00:00:00Z,PRPO,0.25,25.094166666666663,temperature
2025-08-20T00:00:00Z,PRPO,0.5,24.752291666666668,temperature
2025-08-20T00:00:00Z,PRPO,0.75,24.304375,temperature
2025-08-20T00:00:00Z,PRPO,1,23.913125,temperature
2025-08-21T00:00:00Z,PRPO,0,24.143333333333334,temperature
2025-08-21T00:00:00Z,PRPO,0.25,24.137708333333332,temperature
2025-08-21T00:00:00Z,PRPO,0.5,24.13375,temperature
2025-08-21T00:00:00Z,PRPO,0.75,24.129375,temperature
2025-08-21T00:00:00Z,PRPO,1,24.12375,temperature
2025-08-22T00:00:00Z,PRPO,0,23.319375,temperature
2025-08-22T00:00:00Z,PRPO,0.25,23.316458333333333,temperature
2025-08-22T00:00:00Z,PRPO,0.5,23.314375,temperature
2025-08-22T00:00:00Z,PRPO,0.75,23.313333333333333,temperature
2025-08-22T00:00:00Z,PRPO,1,23.311041666666668,temperature
2025-08-23T00:00:00Z,PRPO,0,21.458125,temperature
2025-08-23T00:00:00Z,PRPO,0.25,21.45875,temperature
2025-08-23T00:00:00Z,PRPO,0.5,21.458541666666665,temperature
2025-08-23T00:00:00Z,PRPO,0.75,21.457083333333333,temperature
2025-08-23T00:00:00Z,PRPO,1,21.454583333333332,temperature
2025-08-24T00:00:00Z,PRPO,0,19.994791666666668,temperature
2025-08-24T00:00:00Z,PRPO,0.25,19.991875,temperature
2025-08-24T00:00:00Z,PRPO,0.5,19.989375,temperature
2025-08-24T00:00:00Z,PRPO,0.75,19.985625,temperature
2025-08-24T00:00:00Z,PRPO,1,19.980625,temperature
2025-08-25T00:00:00Z,PRPO,0,19.50583333333333,temperature
2025-08-25T00:00:00Z,PRPO,0.25,19.392083333333332,temperature
2025-08-25T00:00:00Z,PRPO,0.5,19.322708333333335,temperature
2025-08-25T00:00:00Z,PRPO,0.75,19.281458333333333,temperature
2025-08-25T00:00:00Z,PRPO,1,19.247291666666666,temperature
2025-08-26T00:00:00Z,PRPO,0,19.898541666666667,temperature
2025-08-26T00:00:00Z,PRPO,0.25,19.820625,temperature
2025-08-26T00:00:00Z,PRPO,0.5,19.616041666666668,temperature
2025-08-26T00:00:00Z,PRPO,0.75,19.471041666666668,temperature
2025-08-26T00:00:00Z,PRPO,1,19.401666666666667,temperature
2025-08-27T00:00:00Z,PRPO,0,20.428958333333338,temperature
2025-08-27T00:00:00Z,PRPO,0.25,20.1025,temperature
2025-08-27T00:00:00Z,PRPO,0.5,19.98875,temperature
2025-08-27T00:00:00Z,PRPO,0.75,19.855416666666667,temperature
2025-08-27T00:00:00Z,PRPO,1,19.741875,temperature
2025-08-28T00:00:00Z,PRPO,0,21.866666666666667,temperature
2025-08-28T00:00:00Z,PRPO,0.25,20.665625,temperature
2025-08-28T00:00:00Z,PRPO,0.5,20.203125,temperature
2025-08-28T00:00:00Z,PRPO,0.75,19.910416666666663,temperature
2025-08-28T00:00:00Z,PRPO,1,19.742916666666662,temperature
2025-08-29T00:00:00Z,PRPO,0,22.524166666666662,temperature
2025-08-29T00:00:00Z,PRPO,0.25,21.833333333333332,temperature
2025-08-29T00:00:00Z,PRPO,0.5,21.140625,temperature
2025-08-29T00:00:00Z,PRPO,0.75,20.480833333333333,temperature
2025-08-29T00:00:00Z,PRPO,1,19.979375,temperature
2025-08-30T00:00:00Z,PRPO,0,22.986458333333335,temperature
2025-08-30T00:00:00Z,PRPO,0.25,22.942708333333332,temperature
2025-08-30T00:00:00Z,PRPO,0.5,22.632291666666667,temperature
2025-08-30T00:00:00Z,PRPO,0.75,21.513333333333332,temperature
2025-08-30T00:00:00Z,PRPO,1,20.502916666666668,temperature
2025-08-31T00:00:00Z,PRPO,0,23.1775,temperature
2025-08-31T00:00:00Z,PRPO,0.25,23.16208333333333,temperature
2025-08-31T00:00:00Z,PRPO,0.5,23.082291666666663,temperature
2025-08-31T00:00:00Z,PRPO,0.75,22.681875,temperature
2025-08-31T00:00:00Z,PRPO,1,21.827291666666667,temperature
2025-09-01T00:00:00Z,PRPO,0,22.794166666666666,temperature
2025-09-01T00:00:00Z,PRPO,0.25,22.784791666666667,temperature
2025-09-01T00:00:00Z,PRPO,0.5,22.773125,temperature
2025-09-01T00:00:00Z,PRPO,0.75,22.749791666666667,temperature
2025-09-01T00:00:00Z,PRPO,1,22.4325,temperature
2025-09-02T00:00:00Z,PRPO,0,21.925416666666667,temperature
2025-09-02T00:00:00Z,PRPO,0.25,21.924583333333334,temperature
2025-09-02T00:00:00Z,PRPO,0.5,21.921458333333337,temperature
2025-09-02T00:00:00Z,PRPO,0.75,21.915,temperature
2025-09-02T00:00:00Z,PRPO,1,21.905,temperature
2025-09-03T00:00:00Z,PRPO,0,20.374583333333337,temperature
2025-09-03T00:00:00Z,PRPO,0.25,20.373958333333334,temperature
2025-09-03T00:00:00Z,PRPO,0.5,20.371875,temperature
2025-09-03T00:00:00Z,PRPO,0.75,20.369375,temperature
2025-09-03T00:00:00Z,PRPO,1,20.36895833333333,temperature
2025-09-04T00:00:00Z,PRPO,0,18.347291666666667,temperature
2025-09-04T00:00:00Z,PRPO,0.25,18.347916666666663,temperature
2025-09-04T00:00:00Z,PRPO,0.5,18.346666666666668,temperature
2025-09-04T00:00:00Z,PRPO,0.75,18.34625,temperature
2025-09-04T00:00:00Z,PRPO,1,18.344791666666666,temperature
2025-09-05T00:00:00Z,PRPO,0,15.626041666666666,temperature
2025-09-05T00:00:00Z,PRPO,0.25,15.626458333333334,temperature
2025-09-05T00:00:00Z,PRPO,0.5,15.625625,temperature
2025-09-05T00:00:00Z,PRPO,0.75,15.625416666666666,temperature
2025-09-05T00:00:00Z,PRPO,1,15.625416666666666,temperature
2025-09-06T00:00:00Z,PRPO,0,14.532916666666669,temperature
2025-09-06T00:00:00Z,PRPO,0.25,14.530625,temperature
2025-09-06T00:00:00Z,PRPO,0.5,14.52875,temperature
2025-09-06T00:00:00Z,PRPO,0.75,14.52625,temperature
2025-09-06T00:00:00Z,PRPO,1,14.523125,temperature
2025-09-07T00:00:00Z,PRPO,0,14.427291666666669,temperature
2025-09-07T00:00:00Z,PRPO,0.25,14.422916666666667,temperature
2025-09-07T00:00:00Z,PRPO,0.5,14.41625,temperature
2025-09-07T00:00:00Z,PRPO,0.75,14.4075,temperature
2025-09-07T00:00:00Z,PRPO,1,14.398125,temperature
2025-09-08T00:00:00Z,PRPO,0,15.165416666666667,temperature
2025-09-08T00:00:00Z,PRPO,0.25,15.096666666666666,temperature
2025-09-08T00:00:00Z,PRPO,0.5,15.008125,temperature
2025-09-08T00:00:00Z,PRPO,0.75,14.92375,temperature
2025-09-08T00:00:00Z,PRPO,1,14.858125,temperature
2025-09-09T00:00:00Z,PRPO,0,16.560833333333335,temperature
2025-09-09T00:00:00Z,PRPO,0.25,16.309375,temperature
2025-09-09T00:00:00Z,PRPO,0.5,16.039583333333333,temperature
2025-09-09T00:00:00Z,PRPO,0.75,15.562083333333334,temperature
2025-09-09T00:00:00Z,PRPO,1,15.134791666666668,temperature
2025-09-10T00:00:00Z,PRPO,0,18.026458333333338,temperature
2025-09-10T00:00:00Z,PRPO,0.25,17.937083333333334,temperature
2025-09-10T00:00:00Z,PRPO,0.5,17.607916666666668,temperature
2025-09-10T00:00:00Z,PRPO,0.75,16.876875000000002,temperature
2025-09-10T00:00:00Z,PRPO,1,16.451249999999998,temperature
2025-09-11T00:00:00Z,PRPO,0,18.0925,temperature
2025-09-11T00:00:00Z,PRPO,0.25,18.086041666666667,temperature
2025-09-11T00:00:00Z,PRPO,0.5,18.0775,temperature
2025-09-11T00:00:00Z,PRPO,0.75,18.064583333333335,temperature
2025-09-11T00:00:00Z,PRPO,1,18.044791666666665,temperature
2025-09-12T00:00:00Z,PRPO,0,19.041666666666668,temperature
2025-09-12T00:00:00Z,PRPO,0.25,18.880208333333332,temperature
2025-09-12T00:00:00Z,PRPO,0.5,18.764375,temperature
2025-09-12T00:00:00Z,PRPO,0.75,18.705208333333335,temperature
2025-09-12T00:00:00Z,PRPO,1,18.658333333333335,temperature
2025-09-13T00:00:00Z,PRPO,0,20.112708333333337,temperature
2025-09-13T00:00:00Z,PRPO,0.25,19.735,temperature
2025-09-13T00:00:00Z,PRPO,0.5,19.459583333333335,temperature
2025-09-13T00:00:00Z,PRPO,0.75,19.260208333333335,temperature
2025-09-13T00:00:00Z,PRPO,1,19.063333333333333,temperature
2025-09-14T00:00:00Z,PRPO,0,19.503541666666667,temperature
2025-09-14T00:00:00Z,PRPO,0.25,19.463333333333335,temperature
2025-09-14T00:00:00Z,PRPO,0.5,19.404375,temperature
2025-09-14T00:00:00Z,PRPO,0.75,19.356666666666666,temperature
2025-09-14T00:00:00Z,PRPO,1,19.316458333333333,temperature
2025-09-15T00:00:00Z,PRPO,0,19.73645833333333,temperature
2025-09-15T00:00:00Z,PRPO,0.25,19.7325,temperature
2025-09-15T00:00:00Z,PRPO,0.5,19.725416666666668,temperature
2025-09-15T00:00:00Z,PRPO,0.75,19.711666666666662,temperature
2025-09-15T00:00:00Z,PRPO,1,19.698541666666667,temperature
2025-09-16T00:00:00Z,PRPO,0,19.984791666666663,temperature
2025-09-16T00:00:00Z,PRPO,0.25,19.95895833333333,temperature
2025-09-16T00:00:00Z,PRPO,0.5,19.926041666666663,temperature
2025-09-16T00:00:00Z,PRPO,0.75,19.875625,temperature
2025-09-16T00:00:00Z,PRPO,1,19.819166666666668,temperature
2025-09-17T00:00:00Z,PRPO,0,20.270208333333333,temperature
2025-09-17T00:00:00Z,PRPO,0.25,20.227916666666665,temperature
2025-09-17T00:00:00Z,PRPO,0.5,20.171458333333337,temperature
2025-09-17T00:00:00Z,PRPO,0.75,20.114791666666665,temperature
2025-09-17T00:00:00Z,PRPO,1,20.037916666666668,temperature
2025-09-18T00:00:00Z,PRPO,0,19.045625,temperature
2025-09-18T00:00:00Z,PRPO,0.25,19.047083333333333,temperature
2025-09-18T00:00:00Z,PRPO,0.5,19.047083333333333,temperature
2025-09-18T00:00:00Z,PRPO,0.75,19.047291666666663,temperature
2025-09-18T00:00:00Z,PRPO,1,19.0475,temperature
2025-09-19T00:00:00Z,PRPO,0,17.661875,temperature
2025-09-19T00:00:00Z,PRPO,0.25,17.661458333333332,temperature
2025-09-19T00:00:00Z,PRPO,0.5,17.657708333333332,temperature
2025-09-19T00:00:00Z,PRPO,0.75,17.653958333333332,temperature
2025-09-19T00:00:00Z,PRPO,1,17.650416666666665,temperature
2025-09-20T00:00:00Z,PRPO,0,17.59125,temperature
2025-09-20T00:00:00Z,PRPO,0.25,17.586875,temperature
2025-09-20T00:00:00Z,PRPO,0.5,17.58,temperature
2025-09-20T00:00:00Z,PRPO,0.75,17.57375,temperature
2025-09-20T00:00:00Z,PRPO,1,17.567083333333333,temperature
2025-09-21T00:00:00Z,PRPO,0,17.787708333333335,temperature
2025-09-21T00:00:00Z,PRPO,0.25,17.695416666666667,temperature
2025-09-21T00:00:00Z,PRPO,0.5,17.535833333333333,temperature
2025-09-21T00:00:00Z,PRPO,0.75,17.408125,temperature
2025-09-21T00:00:00Z,PRPO,1,17.351666666666667,temperature
2025-09-22T00:00:00Z,PRPO,0,18.68125,temperature
2025-09-22T00:00:00Z,PRPO,0.25,18.198333333333338,temperature
2025-09-22T00:00:00Z,PRPO,0.5,17.826875,temperature
2025-09-22T00:00:00Z,PRPO,0.75,17.554375,temperature
2025-09-22T00:00:00Z,PRPO,1,17.399375,temperature
2025-09-23T00:00:00Z,PRPO,0,18.314791666666668,temperature
2025-09-23T00:00:00Z,PRPO,0.25,18.127083333333335,temperature
2025-09-23T00:00:00Z,PRPO,0.5,17.9625,temperature
2025-09-23T00:00:00Z,PRPO,0.75,17.791041666666665,temperature
2025-09-23T00:00:00Z,PRPO,1,17.65625,temperature
2025-09-24T00:00:00Z,PRPO,0,18.846041666666668,temperature
2025-09-24T00:00:00Z,PRPO,0.25,18.7475,temperature
2025-09-24T00:00:00Z,PRPO,0.5,18.63854166666667,temperature
2025-09-24T00:00:00Z,PRPO,0.75,18.545833333333334,temperature
2025-09-24T00:00:00Z,PRPO,1,18.443333333333335,temperature
2025-09-25T00:00:00Z,PRPO,0,18.980625,temperature
2025-09-25T00:00:00Z,PRPO,0.25,18.91229166666667,temperature
2025-09-25T00:00:00Z,PRPO,0.5,18.83125,temperature
2025-09-25T00:00:00Z,PRPO,0.75,18.722291666666667,temperature
2025-09-25T00:00:00Z,PRPO,1,18.6475,temperature
2025-09-26T00:00:00Z,PRPO,0,18.177083333333332,temperature
2025-09-26T00:00:00Z,PRPO,0.25,18.175625,temperature
2025-09-26T00:00:00Z,PRPO,0.5,18.173125,temperature
2025-09-26T00:00:00Z,PRPO,0.75,18.170625,temperature
2025-09-26T00:00:00Z,PRPO,1,18.169375,temperature
2025-09-27T00:00:00Z,PRPO,0,17.583125,temperature
2025-09-27T00:00:00Z,PRPO,0.25,17.582708333333333,temperature
2025-09-27T00:00:00Z,PRPO,0.5,17.581458333333334,temperature
2025-09-27T00:00:00Z,PRPO,0.75,17.5775,temperature
2025-09-27T00:00:00Z,PRPO,1,17.574375,temperature
2025-09-28T00:00:00Z,PRPO,0,17.165625,temperature
2025-09-28T00:00:00Z,PRPO,0.25,17.147083333333335,temperature
2025-09-28T00:00:00Z,PRPO,0.5,17.1375,temperature
2025-09-28T00:00:00Z,PRPO,0.75,17.129375,temperature
2025-09-28T00:00:00Z,PRPO,1,17.121875,temperature
2025-09-29T00:00:00Z,PRPO,0,17.937916666666666,temperature
2025-09-29T00:00:00Z,PRPO,0.25,17.9075,temperature
2025-09-29T00:00:00Z,PRPO,0.5,17.873958333333334,temperature
2025-09-29T00:00:00Z,PRPO,0.75,17.843125,temperature
2025-09-29T00:00:00Z,PRPO,1,17.814791666666668,temperature
2025-09-30T00:00:00Z,PRPO,0,18.717708333333334,temperature
2025-09-30T00:00:00Z,PRPO,0.25,18.692916666666665,temperature
2025-09-30T00:00:00Z,PRPO,0.5,18.643333333333334,temperature
2025-09-30T00:00:00Z,PRPO,0.75,18.571041666666662,temperature
2025-09-30T00:00:00Z,PRPO,1,18.516041666666663,temperature
2025-10-01T00:00:00Z,PRPO,0,18.629375,temperature
2025-10-01T00:00:00Z,PRPO,0.25,18.627708333333334,temperature
2025-10-01T00:00:00Z,PRPO,0.5,18.62625,temperature
2025-10-01T00:00:00Z,PRPO,0.75,18.624375,temperature
2025-10-01T00:00:00Z,PRPO,1,18.6225,temperature
2025-10-02T00:00:00Z,PRPO,0,19.050208333333337,temperature
2025-10-02T00:00:00Z,PRPO,0.25,19.006666666666668,temperature
2025-10-02T00:00:00Z,PRPO,0.5,18.96270833333333,temperature
2025-10-02T00:00:00Z,PRPO,0.75,18.84875,temperature
2025-10-02T00:00:00Z,PRPO,1,18.757083333333338,temperature
2025-10-03T00:00:00Z,PRPO,0,19.375208333333333,temperature
2025-10-03T00:00:00Z,PRPO,0.25,19.360416666666666,temperature
2025-10-03T00:00:00Z,PRPO,0.5,19.160833333333333,temperature
2025-10-03T00:00:00Z,PRPO,0.75,19.081041666666668,temperature
2025-10-03T00:00:00Z,PRPO,1,18.986041666666665,temperature
2025-10-04T00:00:00Z,PRPO,0,19.029583333333335,temperature
2025-10-04T00:00:00Z,PRPO,0.25,19.029583333333335,temperature
2025-10-04T00:00:00Z,PRPO,0.5,19.030416666666667,temperature
2025-10-04T00:00:00Z,PRPO,0.75,19.030833333333337,temperature
2025-10-04T00:00:00Z,PRPO,1,19.03,temperature
2025-10-05T00:00:00Z,PRPO,0,17.218541666666667,temperature
2025-10-05T00:00:00Z,PRPO,0.25,17.219375,temperature
2025-10-05T00:00:00Z,PRPO,0.5,17.220625,temperature
2025-10-05T00:00:00Z,PRPO,0.75,17.2225,temperature
2025-10-05T00:00:00Z,PRPO,1,17.222291666666667,temperature
2025-10-06T00:00:00Z,PRPO,0,14.994791666666666,temperature
2025-10-06T00:00:00Z,PRPO,0.25,14.994583333333331,temperature
2025-10-06T00:00:00Z,PRPO,0.5,14.993958333333332,temperature
2025-10-06T00:00:00Z,PRPO,0.75,14.990833333333333,temperature
2025-10-06T00:00:00Z,PRPO,1,14.988333333333332,temperature
2025-10-07T00:00:00Z,PRPO,0,13.697083333333332,temperature
2025-10-07T00:00:00Z,PRPO,0.25,13.652916666666666,temperature
2025-10-07T00:00:00Z,PRPO,0.5,13.622291666666667,temperature
2025-10-07T00:00:00Z,PRPO,0.75,13.593958333333331,temperature
2025-10-07T00:00:00Z,PRPO,1,13.575,temperature
2025-10-08T00:00:00Z,PRPO,0,13.24625,temperature
2025-10-08T00:00:00Z,PRPO,0.25,13.235416666666667,temperature
2025-10-08T00:00:00Z,PRPO,0.5,13.224583333333332,temperature
2025-10-08T00:00:00Z,PRPO,0.75,13.211458333333333,temperature
2025-10-08T00:00:00Z,PRPO,1,13.183333333333334,temperature
2025-10-09T00:00:00Z,PRPO,0,13.134166666666667,temperature
2025-10-09T00:00:00Z,PRPO,0.25,13.12625,temperature
2025-10-09T00:00:00Z,PRPO,0.5,13.113125,temperature
2025-10-09T00:00:00Z,PRPO,0.75,13.098333333333333,temperature
2025-10-09T00:00:00Z,PRPO,1,13.083333333333334,temperature
2025-10-10T00:00:00Z,PRPO,0,13.291041666666668,temperature
2025-10-10T00:00:00Z,PRPO,0.25,13.217708333333334,temperature
2025-10-10T00:00:00Z,PRPO,0.5,13.158125,temperature
2025-10-10T00:00:00Z,PRPO,0.75,13.042708333333334,temperature
2025-10-10T00:00:00Z,PRPO,1,12.963541666666666,temperature
2025-10-11T00:00:00Z,PRPO,0,13.185208333333334,temperature
2025-10-11T00:00:00Z,PRPO,0.25,13.12125,temperature
2025-10-11T00:00:00Z,PRPO,0.5,13.054583333333332,temperature
2025-10-11T00:00:00Z,PRPO,0.75,13.016666666666666,temperature
2025-10-11T00:00:00Z,PRPO,1,12.988333333333332,temperature
2025-10-12T00:00:00Z,PRPO,0,13.033958333333333,temperature
2025-10-12T00:00:00Z,PRPO,0.25,13.034375,temperature
2025-10-12T00:00:00Z,PRPO,0.5,13.03375,temperature
2025-10-12T00:00:00Z,PRPO,0.75,13.034375,temperature
2025-10-12T00:00:00Z,PRPO,1,13.033541666666666,temperature
2025-10-13T00:00:00Z,PRPO,0,11.286041666666666,temperature
2025-10-13T00:00:00Z,PRPO,0.25,11.284166666666668,temperature
2025-10-13T00:00:00Z,PRPO,0.5,11.281041666666669,temperature
2025-10-13T00:00:00Z,PRPO,0.75,11.278125,temperature
2025-10-13T00:00:00Z,PRPO,1,11.276458333333334,temperature
2025-10-14T00:00:00Z,PRPO,0,10.251666666666669,temperature
2025-10-14T00:00:00Z,PRPO,0.25,10.252083333333331,temperature
2025-10-14T00:00:00Z,PRPO,0.5,10.2525,temperature
2025-10-14T00:00:00Z,PRPO,0.75,10.252708333333333,temperature
2025-10-14T00:00:00Z,PRPO,1,10.251875,temperature
2025-10-15T00:00:00Z,PRPO,0,9.5060416666666665,temperature
2025-10-15T00:00:00Z,PRPO,0.25,9.5060416666666665,temperature
2025-10-15T00:00:00Z,PRPO,0.5,9.506458333333333,temperature
2025-10-15T00:00:00Z,PRPO,0.75,9.507291666666667,temperature
2025-10-15T00:00:00Z,PRPO,1,9.506875,temperature
2025-10-16T00:00:00Z,PRPO,0,9.51625,temperature
2025-10-16T00:00:00Z,PRPO,0.25,9.515208333333334,temperature
2025-10-16T00:00:00Z,PRPO,0.5,9.515208333333334,temperature
2025-10-16T00:00:00Z,PRPO,0.75,9.515625,temperature
2025-10-16T00:00:00Z,PRPO,1,9.513125,temperature
2025-10-17T00:00:00Z,PRPO,0,9.577708333333334,temperature
2025-10-17T00:00:00Z,PRPO,0.25,9.577291666666667,temperature
2025-10-17T00:00:00Z,PRPO,0.5,9.57625,temperature
2025-10-17T00:00:00Z,PRPO,0.75,9.575833333333334,temperature
2025-10-17T00:00:00Z,PRPO,1,9.575208333333332,temperature
2025-10-18T00:00:00Z,PRPO,0,9.954545454545457,temperature
2025-10-18T00:00:00Z,PRPO,0.25,9.957272727272729,temperature
2025-10-18T00:00:00Z,PRPO,0.5,9.96,temperature
2025-10-18T00:00:00Z,PRPO,0.75,9.96181818181818,temperature
2025-10-18T00:00:00Z,PRPO,1,9.96181818181818,temperature
