datetime,depth,observation,variable,site_id
2021-05-21T00:00:00Z,1,16.846462972972972,temperature,sunp
2021-05-21T00:00:00Z,2,16.729524864864864,temperature,sunp
2021-05-21T00:00:00Z,3,16.97964162162162,temperature,sunp
2021-05-21T00:00:00Z,4,16.88261297297297,temperature,sunp
2021-05-21T00:00:00Z,5,17.232294054054055,temperature,sunp
2021-05-21T00:00:00Z,6,17.20466108108108,temperature,sunp
2021-05-21T00:00:00Z,7,16.727032702702704,temperature,sunp
2021-05-21T00:00:00Z,8,17.207475405405404,temperature,sunp
2021-05-21T00:00:00Z,9,18.067003783783782,temperature,sunp
2021-05-21T00:00:00Z,10,18.28509945945946,temperature,sunp
2021-05-22T00:00:00Z,1,15.973512708333333,temperature,sunp
2021-05-22T00:00:00Z,2,15.81678236111111,temperature,sunp
2021-05-22T00:00:00Z,3,16.03606611111111,temperature,sunp
2021-05-22T00:00:00Z,4,15.917449791666666,temperature,sunp
2021-05-22T00:00:00Z,5,16.074330069444443,temperature,sunp
2021-05-22T00:00:00Z,6,16.20752166666667,temperature,sunp
2021-05-22T00:00:00Z,7,15.910375,temperature,sunp
2021-05-22T00:00:00Z,8,16.030625069444444,temperature,sunp
2021-05-22T00:00:00Z,9,16.763570625,temperature,sunp
2021-05-22T00:00:00Z,10,16.3190875,temperature,sunp
2021-05-23T00:00:00Z,1,15.783873541666667,temperature,sunp
2021-05-23T00:00:00Z,2,15.678231111111112,temperature,sunp
2021-05-23T00:00:00Z,3,15.729247916666667,temperature,sunp
2021-05-23T00:00:00Z,4,15.615878888888888,temperature,sunp
2021-05-23T00:00:00Z,5,15.710809444444445,temperature,sunp
2021-05-23T00:00:00Z,6,15.977820972222222,temperature,sunp
2021-05-23T00:00:00Z,7,15.76813375,temperature,sunp
2021-05-23T00:00:00Z,8,15.695697083333334,temperature,sunp
2021-05-23T00:00:00Z,9,16.503418194444446,temperature,sunp
2021-05-23T00:00:00Z,10,15.847905625,temperature,sunp
2021-05-24T00:00:00Z,1,14.944982558139534,temperature,sunp
2021-05-24T00:00:00Z,2,15.217782325581396,temperature,sunp
2021-05-24T00:00:00Z,3,15.400260930232559,temperature,sunp
2021-05-24T00:00:00Z,4,15.197228837209302,temperature,sunp
2021-05-24T00:00:00Z,5,15.391733023255814,temperature,sunp
2021-05-24T00:00:00Z,6,15.416204186046512,temperature,sunp
2021-05-24T00:00:00Z,7,15.219429534883721,temperature,sunp
2021-05-24T00:00:00Z,8,15.294416976744186,temperature,sunp
2021-05-24T00:00:00Z,9,15.924653255813954,temperature,sunp
2021-05-24T00:00:00Z,10,15.47634488372093,temperature,sunp
2021-05-26T00:00:00Z,1,15.197397380952381,temperature,sunp
2021-05-26T00:00:00Z,2,15.279584047619048,temperature,sunp
2021-05-26T00:00:00Z,3,15.38316880952381,temperature,sunp
2021-05-26T00:00:00Z,4,15.300004047619048,temperature,sunp
2021-05-26T00:00:00Z,5,15.279780476190476,temperature,sunp
2021-05-26T00:00:00Z,6,15.350885714285715,temperature,sunp
2021-05-26T00:00:00Z,7,15.237095714285715,temperature,sunp
2021-05-26T00:00:00Z,8,15.274269285714286,temperature,sunp
2021-05-26T00:00:00Z,9,15.71858261904762,temperature,sunp
2021-05-26T00:00:00Z,10,15.367744285714286,temperature,sunp
2021-05-27T00:00:00Z,1,15.200574117647058,temperature,sunp
2021-05-27T00:00:00Z,2,15.366863529411765,temperature,sunp
2021-05-27T00:00:00Z,3,15.543704705882353,temperature,sunp
2021-05-27T00:00:00Z,4,15.47428294117647,temperature,sunp
2021-05-27T00:00:00Z,5,15.469278235294118,temperature,sunp
2021-05-27T00:00:00Z,6,15.515472941176471,temperature,sunp
2021-05-27T00:00:00Z,7,15.425208823529411,temperature,sunp
2021-05-27T00:00:00Z,8,15.412573529411764,temperature,sunp
2021-05-27T00:00:00Z,9,15.845646470588235,temperature,sunp
2021-05-27T00:00:00Z,10,15.324738823529412,temperature,sunp
2021-06-01T00:00:00Z,1,19.75756030612245,temperature,sunp
2021-06-01T00:00:00Z,2,19.45056285714286,temperature,sunp
2021-06-01T00:00:00Z,3,21.38787842857143,temperature,sunp
2021-06-01T00:00:00Z,4,20.521346744897958,temperature,sunp
2021-06-01T00:00:00Z,5,19.558404040816328,temperature,sunp
2021-06-01T00:00:00Z,6,21.66169687755102,temperature,sunp
2021-06-01T00:00:00Z,7,19.389049081632653,temperature,sunp
2021-06-01T00:00:00Z,8,19.79001510204082,temperature,sunp
2021-06-01T00:00:00Z,9,20.188884285714288,temperature,sunp
2021-06-01T00:00:00Z,10,16.062352551020407,temperature,sunp
2021-06-02T00:00:00Z,1,19.75708284722222,temperature,sunp
2021-06-02T00:00:00Z,2,20.09312622222222,temperature,sunp
2021-06-02T00:00:00Z,3,20.481182506944442,temperature,sunp
2021-06-02T00:00:00Z,4,20.062066972222222,temperature,sunp
2021-06-02T00:00:00Z,5,20.044761625000003,temperature,sunp
2021-06-02T00:00:00Z,6,20.345083374999998,temperature,sunp
2021-06-02T00:00:00Z,7,20.65074301388889,temperature,sunp
2021-06-02T00:00:00Z,8,19.8204541875,temperature,sunp
2021-06-02T00:00:00Z,9,19.160467430555556,temperature,sunp
2021-06-02T00:00:00Z,10,14.973720833333333,temperature,sunp
2021-06-03T00:00:00Z,1,20.357660814814814,temperature,sunp
2021-06-03T00:00:00Z,2,20.553990073529413,temperature,sunp
2021-06-03T00:00:00Z,3,20.650998897058823,temperature,sunp
2021-06-03T00:00:00Z,4,20.64737911764706,temperature,sunp
2021-06-03T00:00:00Z,5,20.387578823529413,temperature,sunp
2021-06-03T00:00:00Z,6,20.42900095588235,temperature,sunp
2021-06-03T00:00:00Z,7,20.89387735294118,temperature,sunp
2021-06-03T00:00:00Z,8,20.377336102941175,temperature,sunp
2021-06-03T00:00:00Z,9,20.64552375,temperature,sunp
2021-06-03T00:00:00Z,10,14.89055455882353,temperature,sunp
2021-06-04T00:00:00Z,1,21.579071875,temperature,sunp
2021-06-04T00:00:00Z,2,21.421403541666667,temperature,sunp
2021-06-04T00:00:00Z,3,22.103212708333334,temperature,sunp
2021-06-04T00:00:00Z,4,21.881279444444445,temperature,sunp
2021-06-04T00:00:00Z,5,21.173324861111112,temperature,sunp
2021-06-04T00:00:00Z,6,22.149767083333334,temperature,sunp
2021-06-04T00:00:00Z,7,21.74118298611111,temperature,sunp
2021-06-04T00:00:00Z,8,21.06714513888889,temperature,sunp
2021-06-04T00:00:00Z,9,21.605688263888887,temperature,sunp
2021-06-04T00:00:00Z,10,16.237400972222222,temperature,sunp
2021-06-05T00:00:00Z,1,22.101000833333334,temperature,sunp
2021-06-05T00:00:00Z,2,22.585748819444444,temperature,sunp
2021-06-05T00:00:00Z,3,23.29288576388889,temperature,sunp
2021-06-05T00:00:00Z,4,22.647526041666666,temperature,sunp
2021-06-05T00:00:00Z,5,22.789405972222223,temperature,sunp
2021-06-05T00:00:00Z,6,22.548565833333335,temperature,sunp
2021-06-05T00:00:00Z,7,22.60798375,temperature,sunp
2021-06-05T00:00:00Z,8,22.40913861111111,temperature,sunp
2021-06-05T00:00:00Z,9,22.251123819444445,temperature,sunp
2021-06-05T00:00:00Z,10,16.766543541666667,temperature,sunp
2021-06-06T00:00:00Z,1,24.828663819444447,temperature,sunp
2021-06-06T00:00:00Z,2,25.453271805555556,temperature,sunp
2021-06-06T00:00:00Z,3,25.91400236111111,temperature,sunp
2021-06-06T00:00:00Z,4,25.519152777777776,temperature,sunp
2021-06-06T00:00:00Z,5,25.567238749999998,temperature,sunp
2021-06-06T00:00:00Z,6,25.6493,temperature,sunp
2021-06-06T00:00:00Z,7,25.340629027777776,temperature,sunp
2021-06-06T00:00:00Z,8,25.183997291666667,temperature,sunp
2021-06-06T00:00:00Z,9,24.783200208333334,temperature,sunp
2021-06-06T00:00:00Z,10,17.512814652777777,temperature,sunp
2021-06-07T00:00:00Z,1,20.23390201388889,temperature,sunp
2021-06-07T00:00:00Z,2,20.219901180555556,temperature,sunp
2021-06-07T00:00:00Z,3,19.264907013888887,temperature,sunp
2021-06-07T00:00:00Z,4,18.499939444444443,temperature,sunp
2021-06-07T00:00:00Z,5,18.2181575,temperature,sunp
2021-06-07T00:00:00Z,6,16.968616666666666,temperature,sunp
2021-06-07T00:00:00Z,7,16.10435763888889,temperature,sunp
2021-06-07T00:00:00Z,8,15.30490111111111,temperature,sunp
2021-06-07T00:00:00Z,9,15.028987930555555,temperature,sunp
2021-06-07T00:00:00Z,10,13.515442965277778,temperature,sunp
2021-06-08T00:00:00Z,1,21.311296111111112,temperature,sunp
2021-06-08T00:00:00Z,2,20.746771805555557,temperature,sunp
2021-06-08T00:00:00Z,3,18.84676027777778,temperature,sunp
2021-06-08T00:00:00Z,4,17.363301180555556,temperature,sunp
2021-06-08T00:00:00Z,5,16.327307708333333,temperature,sunp
2021-06-08T00:00:00Z,6,14.843583055555555,temperature,sunp
2021-06-08T00:00:00Z,7,13.342487291666666,temperature,sunp
2021-06-08T00:00:00Z,8,11.650208194444444,temperature,sunp
2021-06-08T00:00:00Z,9,10.47530998611111,temperature,sunp
2021-06-08T00:00:00Z,10,9.919598354166666,temperature,sunp
2021-06-09T00:00:00Z,1,22.065674791666666,temperature,sunp
2021-06-09T00:00:00Z,2,21.665664583333335,temperature,sunp
2021-06-09T00:00:00Z,3,20.207369930555554,temperature,sunp
2021-06-09T00:00:00Z,4,18.13774763888889,temperature,sunp
2021-06-09T00:00:00Z,5,16.2620075,temperature,sunp
2021-06-09T00:00:00Z,6,14.819581805555556,temperature,sunp
2021-06-09T00:00:00Z,7,13.081657291666666,temperature,sunp
2021-06-09T00:00:00Z,8,11.581867569444444,temperature,sunp
2021-06-09T00:00:00Z,9,10.630456131944445,temperature,sunp
2021-06-09T00:00:00Z,10,10.007983409722222,temperature,sunp
2021-06-10T00:00:00Z,1,21.55227861111111,temperature,sunp
2021-06-10T00:00:00Z,2,21.2676625,temperature,sunp
2021-06-10T00:00:00Z,3,20.444147291666667,temperature,sunp
2021-06-10T00:00:00Z,4,17.920131180555554,temperature,sunp
2021-06-10T00:00:00Z,5,16.128597916666667,temperature,sunp
2021-06-10T00:00:00Z,6,14.915659097222223,temperature,sunp
2021-06-10T00:00:00Z,7,13.370271875,temperature,sunp
2021-06-10T00:00:00Z,8,11.939701180555556,temperature,sunp
2021-06-10T00:00:00Z,9,10.6260006875,temperature,sunp
2021-06-10T00:00:00Z,10,9.976084784722222,temperature,sunp
2021-06-11T00:00:00Z,1,20.925489930555557,temperature,sunp
2021-06-11T00:00:00Z,2,20.955067777777778,temperature,sunp
2021-06-11T00:00:00Z,3,20.929895416666668,temperature,sunp
2021-06-11T00:00:00Z,4,19.259744166666668,temperature,sunp
2021-06-11T00:00:00Z,5,16.862814930555555,temperature,sunp
2021-06-11T00:00:00Z,6,15.499033263888888,temperature,sunp
2021-06-11T00:00:00Z,7,14.186961527777777,temperature,sunp
2021-06-11T00:00:00Z,8,12.228353541666667,temperature,sunp
2021-06-11T00:00:00Z,9,10.510121993055556,temperature,sunp
2021-06-11T00:00:00Z,10,9.869662972222223,temperature,sunp
2021-06-12T00:00:00Z,1,20.431629166666667,temperature,sunp
2021-06-12T00:00:00Z,2,20.35036201388889,temperature,sunp
2021-06-12T00:00:00Z,3,20.29512451388889,temperature,sunp
2021-06-12T00:00:00Z,4,19.933937152777776,temperature,sunp
2021-06-12T00:00:00Z,5,17.174597916666666,temperature,sunp
2021-06-12T00:00:00Z,6,15.630412430555555,temperature,sunp
2021-06-12T00:00:00Z,7,13.517253819444445,temperature,sunp
2021-06-12T00:00:00Z,8,11.539471041666667,temperature,sunp
2021-06-12T00:00:00Z,9,10.540741944444445,temperature,sunp
2021-06-12T00:00:00Z,10,9.951480395833332,temperature,sunp
2021-06-13T00:00:00Z,1,20.831045208333332,temperature,sunp
2021-06-13T00:00:00Z,2,20.60015222222222,temperature,sunp
2021-06-13T00:00:00Z,3,20.36272715277778,temperature,sunp
2021-06-13T00:00:00Z,4,19.036485972222223,temperature,sunp
2021-06-13T00:00:00Z,5,16.80301673611111,temperature,sunp
2021-06-13T00:00:00Z,6,15.362242708333333,temperature,sunp
2021-06-13T00:00:00Z,7,13.667345486111111,temperature,sunp
2021-06-13T00:00:00Z,8,11.892556875,temperature,sunp
2021-06-13T00:00:00Z,9,10.762092777777777,temperature,sunp
2021-06-13T00:00:00Z,10,10.166773465277778,temperature,sunp
2021-06-14T00:00:00Z,1,20.388185,temperature,sunp
2021-06-14T00:00:00Z,2,20.396019791666667,temperature,sunp
2021-06-14T00:00:00Z,3,20.35595097222222,temperature,sunp
2021-06-14T00:00:00Z,4,20.054252847222223,temperature,sunp
2021-06-14T00:00:00Z,5,18.769917291666665,temperature,sunp
2021-06-14T00:00:00Z,6,15.562234513888889,temperature,sunp
2021-06-14T00:00:00Z,7,13.895949375,temperature,sunp
2021-06-14T00:00:00Z,8,12.152117708333334,temperature,sunp
2021-06-14T00:00:00Z,9,10.854479784722223,temperature,sunp
2021-06-14T00:00:00Z,10,10.188627006944444,temperature,sunp
2021-06-15T00:00:00Z,1,20.50993284722222,temperature,sunp
2021-06-15T00:00:00Z,2,20.460490763888888,temperature,sunp
2021-06-15T00:00:00Z,3,20.38122611111111,temperature,sunp
2021-06-15T00:00:00Z,4,20.24379652777778,temperature,sunp
2021-06-15T00:00:00Z,5,19.684824652777777,temperature,sunp
2021-06-15T00:00:00Z,6,15.940048055555556,temperature,sunp
2021-06-15T00:00:00Z,7,13.277374652777779,temperature,sunp
2021-06-15T00:00:00Z,8,11.751190347222222,temperature,sunp
2021-06-15T00:00:00Z,9,10.743362222222222,temperature,sunp
2021-06-15T00:00:00Z,10,10.265711652777778,temperature,sunp
2021-06-16T00:00:00Z,1,20.17956125,temperature,sunp
2021-06-16T00:00:00Z,2,20.208195347222222,temperature,sunp
2021-06-16T00:00:00Z,3,20.218878541666665,temperature,sunp
2021-06-16T00:00:00Z,4,20.18186875,temperature,sunp
2021-06-16T00:00:00Z,5,19.287901597222223,temperature,sunp
2021-06-16T00:00:00Z,6,15.594527777777778,temperature,sunp
2021-06-16T00:00:00Z,7,13.059781527777778,temperature,sunp
2021-06-16T00:00:00Z,8,11.763210555555556,temperature,sunp
2021-06-16T00:00:00Z,9,10.9348740625,temperature,sunp
2021-06-16T00:00:00Z,10,10.383931222222222,temperature,sunp
2021-06-17T00:00:00Z,1,19.74583736111111,temperature,sunp
2021-06-17T00:00:00Z,2,19.76345048611111,temperature,sunp
2021-06-17T00:00:00Z,3,19.752878541666668,temperature,sunp
2021-06-17T00:00:00Z,4,19.619604166666665,temperature,sunp
2021-06-17T00:00:00Z,5,17.660268194444445,temperature,sunp
2021-06-17T00:00:00Z,6,15.806660416666666,temperature,sunp
2021-06-17T00:00:00Z,7,13.758586666666666,temperature,sunp
2021-06-17T00:00:00Z,8,12.617165069444445,temperature,sunp
2021-06-17T00:00:00Z,9,11.372766319444445,temperature,sunp
2021-06-17T00:00:00Z,10,10.419881583333334,temperature,sunp
2021-06-18T00:00:00Z,1,19.932006666666666,temperature,sunp
2021-06-18T00:00:00Z,2,19.791566666666668,temperature,sunp
2021-06-18T00:00:00Z,3,19.675504305555556,temperature,sunp
2021-06-18T00:00:00Z,4,19.55771763888889,temperature,sunp
2021-06-18T00:00:00Z,5,18.862040416666666,temperature,sunp
2021-06-18T00:00:00Z,6,16.775919583333334,temperature,sunp
2021-06-18T00:00:00Z,7,13.801032430555555,temperature,sunp
2021-06-18T00:00:00Z,8,12.351055763888889,temperature,sunp
2021-06-18T00:00:00Z,9,11.181508888888889,temperature,sunp
2021-06-18T00:00:00Z,10,10.355288118055556,temperature,sunp
2021-06-19T00:00:00Z,1,20.2967275,temperature,sunp
2021-06-19T00:00:00Z,2,20.298317708333332,temperature,sunp
2021-06-19T00:00:00Z,3,20.20767465277778,temperature,sunp
2021-06-19T00:00:00Z,4,20.01326013888889,temperature,sunp
2021-06-19T00:00:00Z,5,19.591724375,temperature,sunp
2021-06-19T00:00:00Z,6,17.36424347222222,temperature,sunp
2021-06-19T00:00:00Z,7,14.186625833333334,temperature,sunp
2021-06-19T00:00:00Z,8,12.794761805555556,temperature,sunp
2021-06-19T00:00:00Z,9,11.317316875,temperature,sunp
2021-06-19T00:00:00Z,10,10.273824409722222,temperature,sunp
2021-06-20T00:00:00Z,1,20.94750847222222,temperature,sunp
2021-06-20T00:00:00Z,2,20.868915,temperature,sunp
2021-06-20T00:00:00Z,3,20.63703263888889,temperature,sunp
2021-06-20T00:00:00Z,4,20.331653541666668,temperature,sunp
2021-06-20T00:00:00Z,5,19.802699722222222,temperature,sunp
2021-06-20T00:00:00Z,6,17.92937347222222,temperature,sunp
2021-06-20T00:00:00Z,7,14.220915347222222,temperature,sunp
2021-06-20T00:00:00Z,8,12.245057083333334,temperature,sunp
2021-06-20T00:00:00Z,9,11.061995972222222,temperature,sunp
2021-06-20T00:00:00Z,10,10.386259819444444,temperature,sunp
2021-06-21T00:00:00Z,1,21.470413055555557,temperature,sunp
2021-06-21T00:00:00Z,2,21.470722847222223,temperature,sunp
2021-06-21T00:00:00Z,3,21.402972916666666,temperature,sunp
2021-06-21T00:00:00Z,4,20.926705208333335,temperature,sunp
2021-06-21T00:00:00Z,5,20.457901041666666,temperature,sunp
2021-06-21T00:00:00Z,6,18.879469305555556,temperature,sunp
2021-06-21T00:00:00Z,7,14.582082291666666,temperature,sunp
2021-06-21T00:00:00Z,8,12.92408048611111,temperature,sunp
2021-06-21T00:00:00Z,9,11.454489791666667,temperature,sunp
2021-06-21T00:00:00Z,10,10.4909054375,temperature,sunp
2021-06-22T00:00:00Z,1,21.61422548611111,temperature,sunp
2021-06-22T00:00:00Z,2,21.63243152777778,temperature,sunp
2021-06-22T00:00:00Z,3,21.633141597222224,temperature,sunp
2021-06-22T00:00:00Z,4,21.589205763888888,temperature,sunp
2021-06-22T00:00:00Z,5,21.294143680555557,temperature,sunp
2021-06-22T00:00:00Z,6,19.423093263888887,temperature,sunp
2021-06-22T00:00:00Z,7,14.953032291666666,temperature,sunp
2021-06-22T00:00:00Z,8,12.523584166666666,temperature,sunp
2021-06-22T00:00:00Z,9,11.296508958333334,temperature,sunp
2021-06-22T00:00:00Z,10,10.68242267361111,temperature,sunp
2021-06-23T00:00:00Z,1,20.984040069444443,temperature,sunp
2021-06-23T00:00:00Z,2,20.997817986111112,temperature,sunp
2021-06-23T00:00:00Z,3,20.980825208333332,temperature,sunp
2021-06-23T00:00:00Z,4,20.91023715277778,temperature,sunp
2021-06-23T00:00:00Z,5,20.828977430555554,temperature,sunp
2021-06-23T00:00:00Z,6,17.744914861111113,temperature,sunp
2021-06-23T00:00:00Z,7,13.764854305555556,temperature,sunp
2021-06-23T00:00:00Z,8,12.724166597222222,temperature,sunp
2021-06-23T00:00:00Z,9,11.890039027777778,temperature,sunp
2021-06-23T00:00:00Z,10,10.847623125,temperature,sunp
2021-06-24T00:00:00Z,1,20.962385972222222,temperature,sunp
2021-06-24T00:00:00Z,2,20.96249166666667,temperature,sunp
2021-06-24T00:00:00Z,3,20.937214861111112,temperature,sunp
2021-06-24T00:00:00Z,4,20.862863541666666,temperature,sunp
2021-06-24T00:00:00Z,5,20.738316666666666,temperature,sunp
2021-06-24T00:00:00Z,6,18.380095,temperature,sunp
2021-06-24T00:00:00Z,7,14.575275486111112,temperature,sunp
2021-06-24T00:00:00Z,8,13.350387847222223,temperature,sunp
2021-06-24T00:00:00Z,9,11.731574305555556,temperature,sunp
2021-06-24T00:00:00Z,10,10.798909305555556,temperature,sunp
2021-06-25T00:00:00Z,1,20.79542298611111,temperature,sunp
2021-06-25T00:00:00Z,2,20.813531875,temperature,sunp
2021-06-25T00:00:00Z,3,20.806829444444446,temperature,sunp
2021-06-25T00:00:00Z,4,20.774237083333333,temperature,sunp
2021-06-25T00:00:00Z,5,20.712413055555555,temperature,sunp
2021-06-25T00:00:00Z,6,20.330785902777777,temperature,sunp
2021-06-25T00:00:00Z,7,15.8037525,temperature,sunp
2021-06-25T00:00:00Z,8,13.210150138888888,temperature,sunp
2021-06-25T00:00:00Z,9,11.4999075,temperature,sunp
2021-06-25T00:00:00Z,10,10.716995361111112,temperature,sunp
2021-06-26T00:00:00Z,1,20.777331944444445,temperature,sunp
2021-06-26T00:00:00Z,2,20.796863194444445,temperature,sunp
2021-06-26T00:00:00Z,3,20.794783333333335,temperature,sunp
2021-06-26T00:00:00Z,4,20.755894861111113,temperature,sunp
2021-06-26T00:00:00Z,5,20.67576576388889,temperature,sunp
2021-06-26T00:00:00Z,6,20.123107083333334,temperature,sunp
2021-06-26T00:00:00Z,7,15.554068472222223,temperature,sunp
2021-06-26T00:00:00Z,8,13.33704,temperature,sunp
2021-06-26T00:00:00Z,9,11.888184236111112,temperature,sunp
2021-06-26T00:00:00Z,10,10.995630972222223,temperature,sunp
2021-06-27T00:00:00Z,1,21.35538222222222,temperature,sunp
2021-06-27T00:00:00Z,2,21.327843125,temperature,sunp
2021-06-27T00:00:00Z,3,21.268490347222222,temperature,sunp
2021-06-27T00:00:00Z,4,21.150832222222224,temperature,sunp
2021-06-27T00:00:00Z,5,20.907266666666665,temperature,sunp
2021-06-27T00:00:00Z,6,20.725182569444446,temperature,sunp
2021-06-27T00:00:00Z,7,15.611665625,temperature,sunp
2021-06-27T00:00:00Z,8,13.592850833333333,temperature,sunp
2021-06-27T00:00:00Z,9,11.731507916666667,temperature,sunp
2021-06-27T00:00:00Z,10,11.006953472222222,temperature,sunp
2021-06-28T00:00:00Z,1,22.216538125,temperature,sunp
2021-06-28T00:00:00Z,2,22.173252916666666,temperature,sunp
2021-06-28T00:00:00Z,3,22.02386604166667,temperature,sunp
2021-06-28T00:00:00Z,4,21.719742430555556,temperature,sunp
2021-06-28T00:00:00Z,5,21.31536527777778,temperature,sunp
2021-06-28T00:00:00Z,6,20.972931805555554,temperature,sunp
2021-06-28T00:00:00Z,7,16.951354791666667,temperature,sunp
2021-06-28T00:00:00Z,8,13.146041805555555,temperature,sunp
2021-06-28T00:00:00Z,9,11.496948402777777,temperature,sunp
2021-06-28T00:00:00Z,10,10.801074861111111,temperature,sunp
2021-06-29T00:00:00Z,1,23.209151319444445,temperature,sunp
2021-06-29T00:00:00Z,2,23.108220763888887,temperature,sunp
2021-06-29T00:00:00Z,3,22.609507291666667,temperature,sunp
2021-06-29T00:00:00Z,4,22.040781319444445,temperature,sunp
2021-06-29T00:00:00Z,5,21.699964583333333,temperature,sunp
2021-06-29T00:00:00Z,6,20.98237513888889,temperature,sunp
2021-06-29T00:00:00Z,7,16.297744027777778,temperature,sunp
2021-06-29T00:00:00Z,8,13.206386805555555,temperature,sunp
2021-06-29T00:00:00Z,9,11.676776041666667,temperature,sunp
2021-06-29T00:00:00Z,10,10.961219513888889,temperature,sunp
2021-06-30T00:00:00Z,1,23.879139930555557,temperature,sunp
2021-06-30T00:00:00Z,2,23.792579236111113,temperature,sunp
2021-06-30T00:00:00Z,3,23.378236875,temperature,sunp
2021-06-30T00:00:00Z,4,22.512295277777778,temperature,sunp
2021-06-30T00:00:00Z,5,21.88574715277778,temperature,sunp
2021-06-30T00:00:00Z,6,20.511448055555555,temperature,sunp
2021-06-30T00:00:00Z,7,15.90479388888889,temperature,sunp
2021-06-30T00:00:00Z,8,13.401300625,temperature,sunp
2021-06-30T00:00:00Z,9,12.015247152777778,temperature,sunp
2021-06-30T00:00:00Z,10,10.965509444444445,temperature,sunp
2021-07-01T00:00:00Z,1,23.888103958333332,temperature,sunp
2021-07-01T00:00:00Z,2,23.875877708333334,temperature,sunp
2021-07-01T00:00:00Z,3,23.710214305555557,temperature,sunp
2021-07-01T00:00:00Z,4,23.296768958333335,temperature,sunp
2021-07-01T00:00:00Z,5,22.376188194444445,temperature,sunp
2021-07-01T00:00:00Z,6,19.639197708333334,temperature,sunp
2021-07-01T00:00:00Z,7,15.502736875,temperature,sunp
2021-07-01T00:00:00Z,8,13.456768541666667,temperature,sunp
2021-07-01T00:00:00Z,9,12.04154638888889,temperature,sunp
2021-07-01T00:00:00Z,10,11.176892986111111,temperature,sunp
2021-07-02T00:00:00Z,1,23.070058194444446,temperature,sunp
2021-07-02T00:00:00Z,2,23.101854652777778,temperature,sunp
2021-07-02T00:00:00Z,3,23.117300902777778,temperature,sunp
2021-07-02T00:00:00Z,4,23.09906402777778,temperature,sunp
2021-07-02T00:00:00Z,5,22.893387013888887,temperature,sunp
2021-07-02T00:00:00Z,6,19.77533097222222,temperature,sunp
2021-07-02T00:00:00Z,7,15.767586944444444,temperature,sunp
2021-07-02T00:00:00Z,8,13.744091666666666,temperature,sunp
2021-07-02T00:00:00Z,9,11.941118541666667,temperature,sunp
2021-07-02T00:00:00Z,10,11.019787291666667,temperature,sunp
2021-07-03T00:00:00Z,1,21.71994,temperature,sunp
2021-07-03T00:00:00Z,2,21.751465,temperature,sunp
2021-07-03T00:00:00Z,3,21.763332916666666,temperature,sunp
2021-07-03T00:00:00Z,4,21.74118826388889,temperature,sunp
2021-07-03T00:00:00Z,5,21.68238847222222,temperature,sunp
2021-07-03T00:00:00Z,6,20.430828958333333,temperature,sunp
2021-07-03T00:00:00Z,7,16.635384444444444,temperature,sunp
2021-07-03T00:00:00Z,8,13.741979791666667,temperature,sunp
2021-07-03T00:00:00Z,9,12.130666111111111,temperature,sunp
2021-07-03T00:00:00Z,10,10.930072291666667,temperature,sunp
2021-07-04T00:00:00Z,1,21.27630472222222,temperature,sunp
2021-07-04T00:00:00Z,2,21.298608541666667,temperature,sunp
2021-07-04T00:00:00Z,3,21.30286138888889,temperature,sunp
2021-07-04T00:00:00Z,4,21.271988819444445,temperature,sunp
2021-07-04T00:00:00Z,5,21.222604305555556,temperature,sunp
2021-07-04T00:00:00Z,6,21.179858055555556,temperature,sunp
2021-07-04T00:00:00Z,7,16.10298951388889,temperature,sunp
2021-07-04T00:00:00Z,8,13.466133402777778,temperature,sunp
2021-07-04T00:00:00Z,9,12.110219444444445,temperature,sunp
2021-07-04T00:00:00Z,10,11.12297951388889,temperature,sunp
2021-07-05T00:00:00Z,1,21.469971875,temperature,sunp
2021-07-05T00:00:00Z,2,21.340792083333334,temperature,sunp
2021-07-05T00:00:00Z,3,21.2188875,temperature,sunp
2021-07-05T00:00:00Z,4,21.155489444444445,temperature,sunp
2021-07-05T00:00:00Z,5,21.09572263888889,temperature,sunp
2021-07-05T00:00:00Z,6,20.841744930555556,temperature,sunp
2021-07-05T00:00:00Z,7,16.22647375,temperature,sunp
2021-07-05T00:00:00Z,8,13.811169166666668,temperature,sunp
2021-07-05T00:00:00Z,9,12.111494166666667,temperature,sunp
2021-07-05T00:00:00Z,10,11.156070833333333,temperature,sunp
2021-07-06T00:00:00Z,1,21.750445694444444,temperature,sunp
2021-07-06T00:00:00Z,2,21.727617847222223,temperature,sunp
2021-07-06T00:00:00Z,3,21.64129125,temperature,sunp
2021-07-06T00:00:00Z,4,21.496600833333332,temperature,sunp
2021-07-06T00:00:00Z,5,21.232180833333334,temperature,sunp
2021-07-06T00:00:00Z,6,20.983357013888888,temperature,sunp
2021-07-06T00:00:00Z,7,17.36667701388889,temperature,sunp
2021-07-06T00:00:00Z,8,14.082290347222223,temperature,sunp
2021-07-06T00:00:00Z,9,12.3506275,temperature,sunp
2021-07-06T00:00:00Z,10,11.109277222222222,temperature,sunp
2021-07-07T00:00:00Z,1,22.50555625,temperature,sunp
2021-07-07T00:00:00Z,2,22.473426041666666,temperature,sunp
2021-07-07T00:00:00Z,3,22.347643125,temperature,sunp
2021-07-07T00:00:00Z,4,22.117574722222223,temperature,sunp
2021-07-07T00:00:00Z,5,21.786054305555556,temperature,sunp
2021-07-07T00:00:00Z,6,21.267173958333334,temperature,sunp
2021-07-07T00:00:00Z,7,17.575716875,temperature,sunp
2021-07-07T00:00:00Z,8,13.497007152777778,temperature,sunp
2021-07-07T00:00:00Z,9,11.955451111111111,temperature,sunp
2021-07-07T00:00:00Z,10,11.187585625,temperature,sunp
2021-07-08T00:00:00Z,1,22.21502736111111,temperature,sunp
2021-07-08T00:00:00Z,2,22.24769486111111,temperature,sunp
2021-07-08T00:00:00Z,3,22.2625725,temperature,sunp
2021-07-08T00:00:00Z,4,22.246053958333334,temperature,sunp
2021-07-08T00:00:00Z,5,22.205770833333332,temperature,sunp
2021-07-08T00:00:00Z,6,21.097924236111112,temperature,sunp
2021-07-08T00:00:00Z,7,16.073597083333333,temperature,sunp
2021-07-08T00:00:00Z,8,14.007780208333333,temperature,sunp
2021-07-08T00:00:00Z,9,12.505186319444444,temperature,sunp
2021-07-08T00:00:00Z,10,11.460622083333334,temperature,sunp
2021-07-09T00:00:00Z,1,21.545156180555555,temperature,sunp
2021-07-09T00:00:00Z,2,21.570652430555555,temperature,sunp
2021-07-09T00:00:00Z,3,21.573502986111112,temperature,sunp
2021-07-09T00:00:00Z,4,21.53713652777778,temperature,sunp
2021-07-09T00:00:00Z,5,21.504460625,temperature,sunp
2021-07-09T00:00:00Z,6,21.32482590277778,temperature,sunp
2021-07-09T00:00:00Z,7,18.03658125,temperature,sunp
2021-07-09T00:00:00Z,8,14.193282013888888,temperature,sunp
2021-07-09T00:00:00Z,9,12.557634791666667,temperature,sunp
2021-07-09T00:00:00Z,10,11.467525972222223,temperature,sunp
2021-07-10T00:00:00Z,1,21.86231548611111,temperature,sunp
2021-07-10T00:00:00Z,2,21.731303819444445,temperature,sunp
2021-07-10T00:00:00Z,3,21.62759861111111,temperature,sunp
2021-07-10T00:00:00Z,4,21.49339625,temperature,sunp
2021-07-10T00:00:00Z,5,21.40156798611111,temperature,sunp
2021-07-10T00:00:00Z,6,21.297228958333335,temperature,sunp
2021-07-10T00:00:00Z,7,17.00099527777778,temperature,sunp
2021-07-10T00:00:00Z,8,14.130112847222222,temperature,sunp
2021-07-10T00:00:00Z,9,12.378012708333333,temperature,sunp
2021-07-10T00:00:00Z,10,11.302613125,temperature,sunp
2021-07-11T00:00:00Z,1,22.033637083333332,temperature,sunp
2021-07-11T00:00:00Z,2,21.904382708333333,temperature,sunp
2021-07-11T00:00:00Z,3,21.70711263888889,temperature,sunp
2021-07-11T00:00:00Z,4,21.511927361111113,temperature,sunp
2021-07-11T00:00:00Z,5,21.32816423611111,temperature,sunp
2021-07-11T00:00:00Z,6,20.530350555555554,temperature,sunp
2021-07-11T00:00:00Z,7,17.482490694444444,temperature,sunp
2021-07-11T00:00:00Z,8,14.420047569444444,temperature,sunp
2021-07-11T00:00:00Z,9,12.712150625,temperature,sunp
2021-07-11T00:00:00Z,10,11.476029652777777,temperature,sunp
2021-07-12T00:00:00Z,1,21.87033715277778,temperature,sunp
2021-07-12T00:00:00Z,2,21.889043611111113,temperature,sunp
2021-07-12T00:00:00Z,3,21.86115263888889,temperature,sunp
2021-07-12T00:00:00Z,4,21.615160972222224,temperature,sunp
2021-07-12T00:00:00Z,5,21.39566715277778,temperature,sunp
2021-07-12T00:00:00Z,6,21.064511041666666,temperature,sunp
2021-07-12T00:00:00Z,7,18.446434930555554,temperature,sunp
2021-07-12T00:00:00Z,8,14.631143541666667,temperature,sunp
2021-07-12T00:00:00Z,9,12.413557986111112,temperature,sunp
2021-07-12T00:00:00Z,10,11.260316388888889,temperature,sunp
2021-07-13T00:00:00Z,1,21.56066826388889,temperature,sunp
2021-07-13T00:00:00Z,2,21.592714583333333,temperature,sunp
2021-07-13T00:00:00Z,3,21.601673472222224,temperature,sunp
2021-07-13T00:00:00Z,4,21.56636375,temperature,sunp
2021-07-13T00:00:00Z,5,21.523063958333335,temperature,sunp
2021-07-13T00:00:00Z,6,21.44624875,temperature,sunp
2021-07-13T00:00:00Z,7,19.02524659722222,temperature,sunp
2021-07-13T00:00:00Z,8,14.141883055555555,temperature,sunp
2021-07-13T00:00:00Z,9,12.57044125,temperature,sunp
2021-07-13T00:00:00Z,10,11.486294375,temperature,sunp
2021-07-14T00:00:00Z,1,21.533915555555556,temperature,sunp
2021-07-14T00:00:00Z,2,21.468505694444445,temperature,sunp
2021-07-14T00:00:00Z,3,21.400968541666668,temperature,sunp
2021-07-14T00:00:00Z,4,21.318736875,temperature,sunp
2021-07-14T00:00:00Z,5,21.262854583333333,temperature,sunp
2021-07-14T00:00:00Z,6,21.201551180555555,temperature,sunp
2021-07-14T00:00:00Z,7,19.02554236111111,temperature,sunp
2021-07-14T00:00:00Z,8,14.959925138888888,temperature,sunp
2021-07-14T00:00:00Z,9,12.808827708333332,temperature,sunp
2021-07-14T00:00:00Z,10,11.491823194444445,temperature,sunp
2021-07-15T00:00:00Z,1,22.14943048611111,temperature,sunp
2021-07-15T00:00:00Z,2,21.833304375,temperature,sunp
2021-07-15T00:00:00Z,3,21.667347638888888,temperature,sunp
2021-07-15T00:00:00Z,4,21.512568541666667,temperature,sunp
2021-07-15T00:00:00Z,5,21.382853194444444,temperature,sunp
2021-07-15T00:00:00Z,6,21.202807152777776,temperature,sunp
2021-07-15T00:00:00Z,7,18.846893541666667,temperature,sunp
2021-07-15T00:00:00Z,8,14.673081458333334,temperature,sunp
2021-07-15T00:00:00Z,9,12.769381388888888,temperature,sunp
2021-07-15T00:00:00Z,10,11.494551041666666,temperature,sunp
2021-07-16T00:00:00Z,1,22.548329444444445,temperature,sunp
2021-07-16T00:00:00Z,2,22.437196666666665,temperature,sunp
2021-07-16T00:00:00Z,3,22.19427590277778,temperature,sunp
2021-07-16T00:00:00Z,4,21.900826666666667,temperature,sunp
2021-07-16T00:00:00Z,5,21.60211798611111,temperature,sunp
2021-07-16T00:00:00Z,6,21.142141388888888,temperature,sunp
2021-07-16T00:00:00Z,7,18.494385625,temperature,sunp
2021-07-16T00:00:00Z,8,15.45982125,temperature,sunp
2021-07-16T00:00:00Z,9,12.833804722222222,temperature,sunp
2021-07-16T00:00:00Z,10,11.653249305555555,temperature,sunp
2021-07-17T00:00:00Z,1,23.061055555555555,temperature,sunp
2021-07-17T00:00:00Z,2,23.06009375,temperature,sunp
2021-07-17T00:00:00Z,3,23.026112847222223,temperature,sunp
2021-07-17T00:00:00Z,4,22.88159465277778,temperature,sunp
2021-07-17T00:00:00Z,5,22.559755208333332,temperature,sunp
2021-07-17T00:00:00Z,6,21.453333402777776,temperature,sunp
2021-07-17T00:00:00Z,7,17.67365527777778,temperature,sunp
2021-07-17T00:00:00Z,8,14.325847430555555,temperature,sunp
2021-07-17T00:00:00Z,9,12.67084111111111,temperature,sunp
2021-07-17T00:00:00Z,10,11.614000416666666,temperature,sunp
2021-07-18T00:00:00Z,1,22.74199486111111,temperature,sunp
2021-07-18T00:00:00Z,2,22.773458402777777,temperature,sunp
2021-07-18T00:00:00Z,3,22.78173138888889,temperature,sunp
2021-07-18T00:00:00Z,4,22.734676875,temperature,sunp
2021-07-18T00:00:00Z,5,22.25491625,temperature,sunp
2021-07-18T00:00:00Z,6,20.59150451388889,temperature,sunp
2021-07-18T00:00:00Z,7,18.31366729166667,temperature,sunp
2021-07-18T00:00:00Z,8,15.625377361111111,temperature,sunp
2021-07-18T00:00:00Z,9,13.083989930555555,temperature,sunp
2021-07-18T00:00:00Z,10,11.693709513888889,temperature,sunp
2021-07-19T00:00:00Z,1,22.37386659722222,temperature,sunp
2021-07-19T00:00:00Z,2,22.392903194444443,temperature,sunp
2021-07-19T00:00:00Z,3,22.387577083333333,temperature,sunp
2021-07-19T00:00:00Z,4,22.328397777777777,temperature,sunp
2021-07-19T00:00:00Z,5,22.177186041666666,temperature,sunp
2021-07-19T00:00:00Z,6,20.44860173611111,temperature,sunp
2021-07-19T00:00:00Z,7,19.004184375,temperature,sunp
2021-07-19T00:00:00Z,8,15.443940416666667,temperature,sunp
2021-07-19T00:00:00Z,9,12.899481875,temperature,sunp
2021-07-19T00:00:00Z,10,11.562978055555556,temperature,sunp
2021-07-20T00:00:00Z,1,22.58891402777778,temperature,sunp
2021-07-20T00:00:00Z,2,22.484872222222222,temperature,sunp
2021-07-20T00:00:00Z,3,22.37846888888889,temperature,sunp
2021-07-20T00:00:00Z,4,22.25462715277778,temperature,sunp
2021-07-20T00:00:00Z,5,21.877570555555554,temperature,sunp
2021-07-20T00:00:00Z,6,20.680213194444445,temperature,sunp
2021-07-20T00:00:00Z,7,19.000328958333334,temperature,sunp
2021-07-20T00:00:00Z,8,15.114932708333333,temperature,sunp
2021-07-20T00:00:00Z,9,13.04041375,temperature,sunp
2021-07-20T00:00:00Z,10,11.695582569444445,temperature,sunp
2021-07-21T00:00:00Z,1,22.576075625,temperature,sunp
2021-07-21T00:00:00Z,2,22.583763680555556,temperature,sunp
2021-07-21T00:00:00Z,3,22.544003194444443,temperature,sunp
2021-07-21T00:00:00Z,4,22.412155972222223,temperature,sunp
2021-07-21T00:00:00Z,5,21.960860277777776,temperature,sunp
2021-07-21T00:00:00Z,6,21.20517611111111,temperature,sunp
2021-07-21T00:00:00Z,7,19.349705277777776,temperature,sunp
2021-07-21T00:00:00Z,8,15.527265694444445,temperature,sunp
2021-07-21T00:00:00Z,9,12.970500069444444,temperature,sunp
2021-07-21T00:00:00Z,10,11.725871180555556,temperature,sunp
2021-07-22T00:00:00Z,1,22.331178958333332,temperature,sunp
2021-07-22T00:00:00Z,2,22.344529375,temperature,sunp
2021-07-22T00:00:00Z,3,22.329041875,temperature,sunp
2021-07-22T00:00:00Z,4,22.281153680555555,temperature,sunp
2021-07-22T00:00:00Z,5,22.20595736111111,temperature,sunp
2021-07-22T00:00:00Z,6,21.54424263888889,temperature,sunp
2021-07-22T00:00:00Z,7,18.400397013888888,temperature,sunp
2021-07-22T00:00:00Z,8,15.425165416666667,temperature,sunp
2021-07-22T00:00:00Z,9,12.875727777777778,temperature,sunp
2021-07-22T00:00:00Z,10,11.927854375,temperature,sunp
2021-07-23T00:00:00Z,1,22.321741805555554,temperature,sunp
2021-07-23T00:00:00Z,2,22.304633680555554,temperature,sunp
2021-07-23T00:00:00Z,3,22.24803347222222,temperature,sunp
2021-07-23T00:00:00Z,4,22.20388986111111,temperature,sunp
2021-07-23T00:00:00Z,5,22.133262291666668,temperature,sunp
2021-07-23T00:00:00Z,6,21.57004722222222,temperature,sunp
2021-07-23T00:00:00Z,7,18.686790555555557,temperature,sunp
2021-07-23T00:00:00Z,8,15.922424444444445,temperature,sunp
2021-07-23T00:00:00Z,9,13.348959166666667,temperature,sunp
2021-07-23T00:00:00Z,10,12.102142361111111,temperature,sunp
2021-07-24T00:00:00Z,1,22.58657125,temperature,sunp
2021-07-24T00:00:00Z,2,22.49641861111111,temperature,sunp
2021-07-24T00:00:00Z,3,22.421269722222224,temperature,sunp
2021-07-24T00:00:00Z,4,22.29880916666667,temperature,sunp
2021-07-24T00:00:00Z,5,22.101231458333334,temperature,sunp
2021-07-24T00:00:00Z,6,21.39004611111111,temperature,sunp
2021-07-24T00:00:00Z,7,19.37915604166667,temperature,sunp
2021-07-24T00:00:00Z,8,16.00274236111111,temperature,sunp
2021-07-24T00:00:00Z,9,13.263802986111111,temperature,sunp
2021-07-24T00:00:00Z,10,11.699433194444444,temperature,sunp
2021-07-25T00:00:00Z,1,22.446169027777778,temperature,sunp
2021-07-25T00:00:00Z,2,22.44361097222222,temperature,sunp
2021-07-25T00:00:00Z,3,22.376999722222223,temperature,sunp
2021-07-25T00:00:00Z,4,22.27613284722222,temperature,sunp
2021-07-25T00:00:00Z,5,22.14616625,temperature,sunp
2021-07-25T00:00:00Z,6,22.020758819444445,temperature,sunp
2021-07-25T00:00:00Z,7,20.37785715277778,temperature,sunp
2021-07-25T00:00:00Z,8,15.981604375,temperature,sunp
2021-07-25T00:00:00Z,9,13.421470277777777,temperature,sunp
2021-07-25T00:00:00Z,10,11.917141666666666,temperature,sunp
2021-07-26T00:00:00Z,1,22.77359236111111,temperature,sunp
2021-07-26T00:00:00Z,2,22.703848125,temperature,sunp
2021-07-26T00:00:00Z,3,22.597197569444443,temperature,sunp
2021-07-26T00:00:00Z,4,22.43357875,temperature,sunp
2021-07-26T00:00:00Z,5,22.268358541666668,temperature,sunp
2021-07-26T00:00:00Z,6,22.075477222222222,temperature,sunp
2021-07-26T00:00:00Z,7,21.277602291666668,temperature,sunp
2021-07-26T00:00:00Z,8,15.63174423611111,temperature,sunp
2021-07-26T00:00:00Z,9,13.021236458333334,temperature,sunp
2021-07-26T00:00:00Z,10,11.752851875,temperature,sunp
2021-07-27T00:00:00Z,1,23.048014305555554,temperature,sunp
2021-07-27T00:00:00Z,2,22.945602222222224,temperature,sunp
2021-07-27T00:00:00Z,3,22.898419444444446,temperature,sunp
2021-07-27T00:00:00Z,4,22.811851458333333,temperature,sunp
2021-07-27T00:00:00Z,5,22.65974875,temperature,sunp
2021-07-27T00:00:00Z,6,22.335647291666668,temperature,sunp
2021-07-27T00:00:00Z,7,20.05553048611111,temperature,sunp
2021-07-27T00:00:00Z,8,15.240712708333334,temperature,sunp
2021-07-27T00:00:00Z,9,13.317143541666667,temperature,sunp
2021-07-27T00:00:00Z,10,12.009017638888889,temperature,sunp
2021-07-28T00:00:00Z,1,22.993394583333334,temperature,sunp
2021-07-28T00:00:00Z,2,22.97505548611111,temperature,sunp
2021-07-28T00:00:00Z,3,22.931162708333332,temperature,sunp
2021-07-28T00:00:00Z,4,22.879065486111113,temperature,sunp
2021-07-28T00:00:00Z,5,22.823952916666666,temperature,sunp
2021-07-28T00:00:00Z,6,22.469261666666668,temperature,sunp
2021-07-28T00:00:00Z,7,18.93625972222222,temperature,sunp
2021-07-28T00:00:00Z,8,15.735595277777778,temperature,sunp
2021-07-28T00:00:00Z,9,13.299859791666666,temperature,sunp
2021-07-28T00:00:00Z,10,11.965913819444445,temperature,sunp
2021-07-29T00:00:00Z,1,22.813634444444446,temperature,sunp
2021-07-29T00:00:00Z,2,22.802210416666668,temperature,sunp
2021-07-29T00:00:00Z,3,22.740691458333334,temperature,sunp
2021-07-29T00:00:00Z,4,22.664220694444445,temperature,sunp
2021-07-29T00:00:00Z,5,22.539683680555555,temperature,sunp
2021-07-29T00:00:00Z,6,22.221877708333334,temperature,sunp
2021-07-29T00:00:00Z,7,19.38989875,temperature,sunp
2021-07-29T00:00:00Z,8,16.34152590277778,temperature,sunp
2021-07-29T00:00:00Z,9,13.634993402777777,temperature,sunp
2021-07-29T00:00:00Z,10,12.003381597222223,temperature,sunp
2021-07-30T00:00:00Z,1,22.245421458333333,temperature,sunp
2021-07-30T00:00:00Z,2,22.276114930555554,temperature,sunp
2021-07-30T00:00:00Z,3,22.28961576388889,temperature,sunp
2021-07-30T00:00:00Z,4,22.269436527777778,temperature,sunp
2021-07-30T00:00:00Z,5,22.192243472222223,temperature,sunp
2021-07-30T00:00:00Z,6,22.071597569444446,temperature,sunp
2021-07-30T00:00:00Z,7,21.095089652777776,temperature,sunp
2021-07-30T00:00:00Z,8,16.80349409722222,temperature,sunp
2021-07-30T00:00:00Z,9,13.325382916666667,temperature,sunp
2021-07-30T00:00:00Z,10,12.017157152777777,temperature,sunp
2021-07-31T00:00:00Z,1,21.662340694444445,temperature,sunp
2021-07-31T00:00:00Z,2,21.664035208333335,temperature,sunp
2021-07-31T00:00:00Z,3,21.64673923611111,temperature,sunp
2021-07-31T00:00:00Z,4,21.60598111111111,temperature,sunp
2021-07-31T00:00:00Z,5,21.551418541666667,temperature,sunp
2021-07-31T00:00:00Z,6,21.527844375,temperature,sunp
2021-07-31T00:00:00Z,7,20.35236090277778,temperature,sunp
2021-07-31T00:00:00Z,8,16.873783125,temperature,sunp
2021-07-31T00:00:00Z,9,14.182365486111111,temperature,sunp
2021-07-31T00:00:00Z,10,12.437571597222222,temperature,sunp
2021-08-01T00:00:00Z,1,21.52065326388889,temperature,sunp
2021-08-01T00:00:00Z,2,21.524331180555556,temperature,sunp
2021-08-01T00:00:00Z,3,21.497825625,temperature,sunp
2021-08-01T00:00:00Z,4,21.44002777777778,temperature,sunp
2021-08-01T00:00:00Z,5,21.39036861111111,temperature,sunp
2021-08-01T00:00:00Z,6,21.39329902777778,temperature,sunp
2021-08-01T00:00:00Z,7,20.6164325,temperature,sunp
2021-08-01T00:00:00Z,8,17.182809375,temperature,sunp
2021-08-01T00:00:00Z,9,14.011779722222222,temperature,sunp
2021-08-01T00:00:00Z,10,12.365890208333333,temperature,sunp
2021-08-02T00:00:00Z,1,21.332440138888888,temperature,sunp
2021-08-02T00:00:00Z,2,21.358400902777777,temperature,sunp
2021-08-02T00:00:00Z,3,21.365509513888888,temperature,sunp
2021-08-02T00:00:00Z,4,21.33873263888889,temperature,sunp
2021-08-02T00:00:00Z,5,21.303917430555554,temperature,sunp
2021-08-02T00:00:00Z,6,21.321622847222223,temperature,sunp
2021-08-02T00:00:00Z,7,21.09003263888889,temperature,sunp
2021-08-02T00:00:00Z,8,18.352010555555555,temperature,sunp
2021-08-02T00:00:00Z,9,14.44901,temperature,sunp
2021-08-02T00:00:00Z,10,12.684566805555555,temperature,sunp
2021-08-03T00:00:00Z,1,21.391195555555555,temperature,sunp
2021-08-03T00:00:00Z,2,21.298648888888888,temperature,sunp
2021-08-03T00:00:00Z,3,21.274213194444446,temperature,sunp
2021-08-03T00:00:00Z,4,21.23232284722222,temperature,sunp
2021-08-03T00:00:00Z,5,21.180784791666667,temperature,sunp
2021-08-03T00:00:00Z,6,21.168819513888888,temperature,sunp
2021-08-03T00:00:00Z,7,20.961654305555555,temperature,sunp
2021-08-03T00:00:00Z,8,17.900789930555554,temperature,sunp
2021-08-03T00:00:00Z,9,14.342565347222223,temperature,sunp
2021-08-03T00:00:00Z,10,12.600763888888888,temperature,sunp
2021-08-04T00:00:00Z,1,21.568273402777777,temperature,sunp
2021-08-04T00:00:00Z,2,21.555720208333334,temperature,sunp
2021-08-04T00:00:00Z,3,21.478870833333332,temperature,sunp
2021-08-04T00:00:00Z,4,21.29274,temperature,sunp
2021-08-04T00:00:00Z,5,21.193306805555554,temperature,sunp
2021-08-04T00:00:00Z,6,21.186894375,temperature,sunp
2021-08-04T00:00:00Z,7,21.032107708333335,temperature,sunp
2021-08-04T00:00:00Z,8,18.368225069444446,temperature,sunp
2021-08-04T00:00:00Z,9,14.562761458333334,temperature,sunp
2021-08-04T00:00:00Z,10,12.587086805555556,temperature,sunp
2021-08-05T00:00:00Z,1,21.660802291666666,temperature,sunp
2021-08-05T00:00:00Z,2,21.633239097222223,temperature,sunp
2021-08-05T00:00:00Z,3,21.607965416666666,temperature,sunp
2021-08-05T00:00:00Z,4,21.560446458333335,temperature,sunp
2021-08-05T00:00:00Z,5,21.508162777777777,temperature,sunp
2021-08-05T00:00:00Z,6,21.398590277777778,temperature,sunp
2021-08-05T00:00:00Z,7,21.08439472222222,temperature,sunp
2021-08-05T00:00:00Z,8,18.650064097222224,temperature,sunp
2021-08-05T00:00:00Z,9,14.166152430555556,temperature,sunp
2021-08-05T00:00:00Z,10,12.423147361111111,temperature,sunp
2021-08-06T00:00:00Z,1,21.98759625,temperature,sunp
2021-08-06T00:00:00Z,2,21.802744305555557,temperature,sunp
2021-08-06T00:00:00Z,3,21.724807708333334,temperature,sunp
2021-08-06T00:00:00Z,4,21.6419125,temperature,sunp
2021-08-06T00:00:00Z,5,21.54920027777778,temperature,sunp
2021-08-06T00:00:00Z,6,21.440659444444446,temperature,sunp
2021-08-06T00:00:00Z,7,20.560310833333332,temperature,sunp
2021-08-06T00:00:00Z,8,17.97029236111111,temperature,sunp
2021-08-06T00:00:00Z,9,14.492297777777777,temperature,sunp
2021-08-06T00:00:00Z,10,12.562768472222222,temperature,sunp
2021-08-07T00:00:00Z,1,22.423485416666665,temperature,sunp
2021-08-07T00:00:00Z,2,22.260120694444446,temperature,sunp
2021-08-07T00:00:00Z,3,21.883780694444443,temperature,sunp
2021-08-07T00:00:00Z,4,21.6543,temperature,sunp
2021-08-07T00:00:00Z,5,21.48460972222222,temperature,sunp
2021-08-07T00:00:00Z,6,21.214693611111112,temperature,sunp
2021-08-07T00:00:00Z,7,20.433526458333333,temperature,sunp
2021-08-07T00:00:00Z,8,18.27640263888889,temperature,sunp
2021-08-07T00:00:00Z,9,14.710263541666666,temperature,sunp
2021-08-07T00:00:00Z,10,12.317544027777778,temperature,sunp
2021-08-08T00:00:00Z,1,23.234651111111113,temperature,sunp
2021-08-08T00:00:00Z,2,22.842441944444445,temperature,sunp
2021-08-08T00:00:00Z,3,22.442415555555556,temperature,sunp
2021-08-08T00:00:00Z,4,22.08554722222222,temperature,sunp
2021-08-08T00:00:00Z,5,21.75702451388889,temperature,sunp
2021-08-08T00:00:00Z,6,21.489029791666667,temperature,sunp
2021-08-08T00:00:00Z,7,20.55051034722222,temperature,sunp
2021-08-08T00:00:00Z,8,18.034718472222224,temperature,sunp
2021-08-08T00:00:00Z,9,14.324702291666666,temperature,sunp
2021-08-08T00:00:00Z,10,12.406696041666667,temperature,sunp
2021-08-09T00:00:00Z,1,23.660588541666666,temperature,sunp
2021-08-09T00:00:00Z,2,23.659779583333332,temperature,sunp
2021-08-09T00:00:00Z,3,23.606686041666666,temperature,sunp
2021-08-09T00:00:00Z,4,23.26795826388889,temperature,sunp
2021-08-09T00:00:00Z,5,22.12148423611111,temperature,sunp
2021-08-09T00:00:00Z,6,21.485276666666667,temperature,sunp
2021-08-09T00:00:00Z,7,20.37161298611111,temperature,sunp
2021-08-09T00:00:00Z,8,17.83507736111111,temperature,sunp
2021-08-09T00:00:00Z,9,14.256650416666666,temperature,sunp
2021-08-09T00:00:00Z,10,12.484004097222222,temperature,sunp
2021-08-10T00:00:00Z,1,23.68221159722222,temperature,sunp
2021-08-10T00:00:00Z,2,23.670423333333332,temperature,sunp
2021-08-10T00:00:00Z,3,23.64183638888889,temperature,sunp
2021-08-10T00:00:00Z,4,23.543025486111112,temperature,sunp
2021-08-10T00:00:00Z,5,22.516092222222223,temperature,sunp
2021-08-10T00:00:00Z,6,21.401790069444445,temperature,sunp
2021-08-10T00:00:00Z,7,20.46192277777778,temperature,sunp
2021-08-10T00:00:00Z,8,18.321724097222223,temperature,sunp
2021-08-10T00:00:00Z,9,14.5156275,temperature,sunp
2021-08-10T00:00:00Z,10,12.28267736111111,temperature,sunp
2021-08-11T00:00:00Z,1,24.184295069444445,temperature,sunp
2021-08-11T00:00:00Z,2,24.093453333333333,temperature,sunp
2021-08-11T00:00:00Z,3,23.844729027777777,temperature,sunp
2021-08-11T00:00:00Z,4,23.617337430555555,temperature,sunp
2021-08-11T00:00:00Z,5,22.52209048611111,temperature,sunp
2021-08-11T00:00:00Z,6,21.583552013888887,temperature,sunp
2021-08-11T00:00:00Z,7,20.495807777777777,temperature,sunp
2021-08-11T00:00:00Z,8,18.268987430555555,temperature,sunp
2021-08-11T00:00:00Z,9,14.513908402777778,temperature,sunp
2021-08-11T00:00:00Z,10,12.481751319444445,temperature,sunp
2021-08-12T00:00:00Z,1,24.822435416666668,temperature,sunp
2021-08-12T00:00:00Z,2,24.719127222222223,temperature,sunp
2021-08-12T00:00:00Z,3,24.351595902777778,temperature,sunp
2021-08-12T00:00:00Z,4,23.761724166666667,temperature,sunp
2021-08-12T00:00:00Z,5,22.82247486111111,temperature,sunp
2021-08-12T00:00:00Z,6,21.854371875000002,temperature,sunp
2021-08-12T00:00:00Z,7,20.310254375,temperature,sunp
2021-08-12T00:00:00Z,8,17.43630604166667,temperature,sunp
2021-08-12T00:00:00Z,9,14.438914097222222,temperature,sunp
2021-08-12T00:00:00Z,10,12.361412777777778,temperature,sunp
2021-08-13T00:00:00Z,1,25.425474930555556,temperature,sunp
2021-08-13T00:00:00Z,2,25.06962125,temperature,sunp
2021-08-13T00:00:00Z,3,24.642533680555555,temperature,sunp
2021-08-13T00:00:00Z,4,23.882569583333332,temperature,sunp
2021-08-13T00:00:00Z,5,22.364237222222222,temperature,sunp
2021-08-13T00:00:00Z,6,21.373815347222223,temperature,sunp
2021-08-13T00:00:00Z,7,20.109818541666666,temperature,sunp
2021-08-13T00:00:00Z,8,17.73510465277778,temperature,sunp
2021-08-13T00:00:00Z,9,14.407082708333334,temperature,sunp
2021-08-13T00:00:00Z,10,12.585186736111112,temperature,sunp
2021-08-14T00:00:00Z,1,25.75204888888889,temperature,sunp
2021-08-14T00:00:00Z,2,25.67722138888889,temperature,sunp
2021-08-14T00:00:00Z,3,24.98449,temperature,sunp
2021-08-14T00:00:00Z,4,23.991323541666667,temperature,sunp
2021-08-14T00:00:00Z,5,22.15918263888889,temperature,sunp
2021-08-14T00:00:00Z,6,21.324195625,temperature,sunp
2021-08-14T00:00:00Z,7,20.351008680555555,temperature,sunp
2021-08-14T00:00:00Z,8,17.93777888888889,temperature,sunp
2021-08-14T00:00:00Z,9,14.680210277777778,temperature,sunp
2021-08-14T00:00:00Z,10,12.555151180555555,temperature,sunp
2021-08-15T00:00:00Z,1,25.014108055555557,temperature,sunp
2021-08-15T00:00:00Z,2,25.023593402777777,temperature,sunp
2021-08-15T00:00:00Z,3,25.00275,temperature,sunp
2021-08-15T00:00:00Z,4,24.66344409722222,temperature,sunp
2021-08-15T00:00:00Z,5,22.532146458333333,temperature,sunp
2021-08-15T00:00:00Z,6,21.304206944444445,temperature,sunp
2021-08-15T00:00:00Z,7,20.152431319444446,temperature,sunp
2021-08-15T00:00:00Z,8,17.445082847222224,temperature,sunp
2021-08-15T00:00:00Z,9,14.545868263888888,temperature,sunp
2021-08-15T00:00:00Z,10,12.619814513888889,temperature,sunp
2021-08-16T00:00:00Z,1,24.593687569444445,temperature,sunp
2021-08-16T00:00:00Z,2,24.490525208333334,temperature,sunp
2021-08-16T00:00:00Z,3,24.35490236111111,temperature,sunp
2021-08-16T00:00:00Z,4,24.165861111111113,temperature,sunp
2021-08-16T00:00:00Z,5,22.38166222222222,temperature,sunp
2021-08-16T00:00:00Z,6,21.44078298611111,temperature,sunp
2021-08-16T00:00:00Z,7,20.295307430555557,temperature,sunp
2021-08-16T00:00:00Z,8,17.857760625,temperature,sunp
2021-08-16T00:00:00Z,9,14.829337013888889,temperature,sunp
2021-08-16T00:00:00Z,10,12.37706611111111,temperature,sunp
2021-08-17T00:00:00Z,1,24.383977847222223,temperature,sunp
2021-08-17T00:00:00Z,2,24.33703298611111,temperature,sunp
2021-08-17T00:00:00Z,3,24.29159125,temperature,sunp
2021-08-17T00:00:00Z,4,24.147393055555554,temperature,sunp
2021-08-17T00:00:00Z,5,22.84978347222222,temperature,sunp
2021-08-17T00:00:00Z,6,21.95036138888889,temperature,sunp
2021-08-17T00:00:00Z,7,20.990499444444445,temperature,sunp
2021-08-17T00:00:00Z,8,17.409294444444445,temperature,sunp
2021-08-17T00:00:00Z,9,14.510121388888889,temperature,sunp
2021-08-17T00:00:00Z,10,12.63529576388889,temperature,sunp
2021-08-18T00:00:00Z,1,24.33403472222222,temperature,sunp
2021-08-18T00:00:00Z,2,24.26568222222222,temperature,sunp
2021-08-18T00:00:00Z,3,24.144520625,temperature,sunp
2021-08-18T00:00:00Z,4,24.05944798611111,temperature,sunp
2021-08-18T00:00:00Z,5,23.327832152777777,temperature,sunp
2021-08-18T00:00:00Z,6,21.937051180555557,temperature,sunp
2021-08-18T00:00:00Z,7,20.722196319444446,temperature,sunp
2021-08-18T00:00:00Z,8,17.564246736111112,temperature,sunp
2021-08-18T00:00:00Z,9,14.715127569444444,temperature,sunp
2021-08-18T00:00:00Z,10,12.548813333333333,temperature,sunp
2021-08-19T00:00:00Z,1,24.154499375,temperature,sunp
2021-08-19T00:00:00Z,2,24.182832986111112,temperature,sunp
2021-08-19T00:00:00Z,3,24.189181666666666,temperature,sunp
2021-08-19T00:00:00Z,4,24.12917715277778,temperature,sunp
2021-08-19T00:00:00Z,5,23.76362,temperature,sunp
2021-08-19T00:00:00Z,6,22.914174930555557,temperature,sunp
2021-08-19T00:00:00Z,7,20.094063541666667,temperature,sunp
2021-08-19T00:00:00Z,8,17.50752027777778,temperature,sunp
2021-08-19T00:00:00Z,9,14.590775833333334,temperature,sunp
2021-08-19T00:00:00Z,10,12.690307847222222,temperature,sunp
2021-08-20T00:00:00Z,1,24.36601,temperature,sunp
2021-08-20T00:00:00Z,2,24.20236875,temperature,sunp
2021-08-20T00:00:00Z,3,24.114923819444446,temperature,sunp
2021-08-20T00:00:00Z,4,24.030095625,temperature,sunp
2021-08-20T00:00:00Z,5,23.78511347222222,temperature,sunp
2021-08-20T00:00:00Z,6,21.901724444444444,temperature,sunp
2021-08-20T00:00:00Z,7,19.649271666666667,temperature,sunp
2021-08-20T00:00:00Z,8,17.73688611111111,temperature,sunp
2021-08-20T00:00:00Z,9,14.758124791666667,temperature,sunp
2021-08-20T00:00:00Z,10,12.790042430555555,temperature,sunp
2021-08-21T00:00:00Z,1,24.873752222222222,temperature,sunp
2021-08-21T00:00:00Z,2,24.818604930555555,temperature,sunp
2021-08-21T00:00:00Z,3,24.641235972222223,temperature,sunp
2021-08-21T00:00:00Z,4,24.351443472222222,temperature,sunp
2021-08-21T00:00:00Z,5,23.751857430555557,temperature,sunp
2021-08-21T00:00:00Z,6,21.805449236111112,temperature,sunp
2021-08-21T00:00:00Z,7,20.278153125,temperature,sunp
2021-08-21T00:00:00Z,8,18.331972222222223,temperature,sunp
2021-08-21T00:00:00Z,9,14.595633958333334,temperature,sunp
2021-08-21T00:00:00Z,10,12.50039298611111,temperature,sunp
2021-08-22T00:00:00Z,1,24.417158055555557,temperature,sunp
2021-08-22T00:00:00Z,2,24.445397916666668,temperature,sunp
2021-08-22T00:00:00Z,3,24.458455486111113,temperature,sunp
2021-08-22T00:00:00Z,4,24.436769166666668,temperature,sunp
2021-08-22T00:00:00Z,5,24.33511027777778,temperature,sunp
2021-08-22T00:00:00Z,6,23.456944027777777,temperature,sunp
2021-08-22T00:00:00Z,7,21.850463472222224,temperature,sunp
2021-08-22T00:00:00Z,8,17.139834305555556,temperature,sunp
2021-08-22T00:00:00Z,9,14.153695902777779,temperature,sunp
2021-08-22T00:00:00Z,10,12.782832361111112,temperature,sunp
2021-08-23T00:00:00Z,1,23.913027361111112,temperature,sunp
2021-08-23T00:00:00Z,2,23.934238541666666,temperature,sunp
2021-08-23T00:00:00Z,3,23.914627083333333,temperature,sunp
2021-08-23T00:00:00Z,4,23.800802708333332,temperature,sunp
2021-08-23T00:00:00Z,5,23.619685277777776,temperature,sunp
2021-08-23T00:00:00Z,6,23.134916458333333,temperature,sunp
2021-08-23T00:00:00Z,7,19.809968263888887,temperature,sunp
2021-08-23T00:00:00Z,8,17.965199444444444,temperature,sunp
2021-08-23T00:00:00Z,9,15.325798263888888,temperature,sunp
2021-08-23T00:00:00Z,10,12.977995208333333,temperature,sunp
2021-08-24T00:00:00Z,1,24.257318333333334,temperature,sunp
2021-08-24T00:00:00Z,2,24.14062736111111,temperature,sunp
2021-08-24T00:00:00Z,3,23.914802777777776,temperature,sunp
2021-08-24T00:00:00Z,4,23.797408680555556,temperature,sunp
2021-08-24T00:00:00Z,5,23.680857291666666,temperature,sunp
2021-08-24T00:00:00Z,6,22.626597430555556,temperature,sunp
2021-08-24T00:00:00Z,7,20.50976451388889,temperature,sunp
2021-08-24T00:00:00Z,8,17.848241666666667,temperature,sunp
2021-08-24T00:00:00Z,9,14.879395208333333,temperature,sunp
2021-08-24T00:00:00Z,10,12.882061736111112,temperature,sunp
2021-08-25T00:00:00Z,1,24.594888055555554,temperature,sunp
2021-08-25T00:00:00Z,2,24.376342708333333,temperature,sunp
2021-08-25T00:00:00Z,3,24.172375972222223,temperature,sunp
2021-08-25T00:00:00Z,4,23.901073333333333,temperature,sunp
2021-08-25T00:00:00Z,5,23.520041458333335,temperature,sunp
2021-08-25T00:00:00Z,6,22.622935208333335,temperature,sunp
2021-08-25T00:00:00Z,7,20.62286909722222,temperature,sunp
2021-08-25T00:00:00Z,8,17.86925409722222,temperature,sunp
2021-08-25T00:00:00Z,9,15.105149930555555,temperature,sunp
2021-08-25T00:00:00Z,10,12.914238888888889,temperature,sunp
2021-08-26T00:00:00Z,1,25.040908958333333,temperature,sunp
2021-08-26T00:00:00Z,2,24.700806458333332,temperature,sunp
2021-08-26T00:00:00Z,3,24.357269652777777,temperature,sunp
2021-08-26T00:00:00Z,4,24.007957083333334,temperature,sunp
2021-08-26T00:00:00Z,5,23.76291409722222,temperature,sunp
2021-08-26T00:00:00Z,6,22.838885347222224,temperature,sunp
2021-08-26T00:00:00Z,7,20.791782986111112,temperature,sunp
2021-08-26T00:00:00Z,8,17.93328590277778,temperature,sunp
2021-08-26T00:00:00Z,9,14.922126319444445,temperature,sunp
2021-08-26T00:00:00Z,10,12.75999875,temperature,sunp
2021-08-27T00:00:00Z,1,25.538206180555555,temperature,sunp
2021-08-27T00:00:00Z,2,25.417935902777778,temperature,sunp
2021-08-27T00:00:00Z,3,25.069936388888888,temperature,sunp
2021-08-27T00:00:00Z,4,24.742620069444445,temperature,sunp
2021-08-27T00:00:00Z,5,24.132261180555556,temperature,sunp
2021-08-27T00:00:00Z,6,22.91531875,temperature,sunp
2021-08-27T00:00:00Z,7,20.247603958333332,temperature,sunp
2021-08-27T00:00:00Z,8,17.207665694444444,temperature,sunp
2021-08-27T00:00:00Z,9,15.03545763888889,temperature,sunp
2021-08-27T00:00:00Z,10,12.915031041666667,temperature,sunp
2021-08-28T00:00:00Z,1,24.492318333333333,temperature,sunp
2021-08-28T00:00:00Z,2,24.51755902777778,temperature,sunp
2021-08-28T00:00:00Z,3,24.498979375,temperature,sunp
2021-08-28T00:00:00Z,4,24.415386041666668,temperature,sunp
2021-08-28T00:00:00Z,5,24.177343333333333,temperature,sunp
2021-08-28T00:00:00Z,6,22.944032916666668,temperature,sunp
2021-08-28T00:00:00Z,7,20.274796180555555,temperature,sunp
2021-08-28T00:00:00Z,8,17.924265902777776,temperature,sunp
2021-08-28T00:00:00Z,9,15.277997361111112,temperature,sunp
2021-08-28T00:00:00Z,10,12.72748548611111,temperature,sunp
2021-08-29T00:00:00Z,1,23.533540625,temperature,sunp
2021-08-29T00:00:00Z,2,23.56292513888889,temperature,sunp
2021-08-29T00:00:00Z,3,23.579989583333333,temperature,sunp
2021-08-29T00:00:00Z,4,23.565125,temperature,sunp
2021-08-29T00:00:00Z,5,23.542536458333334,temperature,sunp
2021-08-29T00:00:00Z,6,23.477452777777778,temperature,sunp
2021-08-29T00:00:00Z,7,21.357332291666665,temperature,sunp
2021-08-29T00:00:00Z,8,18.192890972222223,temperature,sunp
2021-08-29T00:00:00Z,9,14.871278402777778,temperature,sunp
2021-08-29T00:00:00Z,10,12.787971875,temperature,sunp
2021-08-30T00:00:00Z,1,23.318169861111112,temperature,sunp
2021-08-30T00:00:00Z,2,23.318055972222222,temperature,sunp
2021-08-30T00:00:00Z,3,23.294873819444444,temperature,sunp
2021-08-30T00:00:00Z,4,23.253408819444445,temperature,sunp
2021-08-30T00:00:00Z,5,23.1923775,temperature,sunp
2021-08-30T00:00:00Z,6,23.08274722222222,temperature,sunp
2021-08-30T00:00:00Z,7,21.187523402777778,temperature,sunp
2021-08-30T00:00:00Z,8,18.011068402777777,temperature,sunp
2021-08-30T00:00:00Z,9,15.320763402777779,temperature,sunp
2021-08-30T00:00:00Z,10,12.872168888888888,temperature,sunp
2021-08-31T00:00:00Z,1,23.180164027777778,temperature,sunp
2021-08-31T00:00:00Z,2,23.19624715277778,temperature,sunp
2021-08-31T00:00:00Z,3,23.190547430555554,temperature,sunp
2021-08-31T00:00:00Z,4,23.15595902777778,temperature,sunp
2021-08-31T00:00:00Z,5,23.113614583333334,temperature,sunp
2021-08-31T00:00:00Z,6,22.963441944444444,temperature,sunp
2021-08-31T00:00:00Z,7,21.28073854166667,temperature,sunp
2021-08-31T00:00:00Z,8,18.435843819444443,temperature,sunp
2021-08-31T00:00:00Z,9,14.625277986111112,temperature,sunp
2021-08-31T00:00:00Z,10,12.741952083333333,temperature,sunp
2021-09-01T00:00:00Z,1,22.89737472222222,temperature,sunp
2021-09-01T00:00:00Z,2,22.923831944444444,temperature,sunp
2021-09-01T00:00:00Z,3,22.934386319444446,temperature,sunp
2021-09-01T00:00:00Z,4,22.916147777777777,temperature,sunp
2021-09-01T00:00:00Z,5,22.890125138888887,temperature,sunp
2021-09-01T00:00:00Z,6,22.904339166666666,temperature,sunp
2021-09-01T00:00:00Z,7,21.798725625,temperature,sunp
2021-09-01T00:00:00Z,8,17.6058625,temperature,sunp
2021-09-01T00:00:00Z,9,14.741302847222222,temperature,sunp
2021-09-01T00:00:00Z,10,12.98494625,temperature,sunp
2021-09-02T00:00:00Z,1,22.369316875,temperature,sunp
2021-09-02T00:00:00Z,2,22.39652715277778,temperature,sunp
2021-09-02T00:00:00Z,3,22.40805361111111,temperature,sunp
2021-09-02T00:00:00Z,4,22.38989861111111,temperature,sunp
2021-09-02T00:00:00Z,5,22.36291673611111,temperature,sunp
2021-09-02T00:00:00Z,6,22.380555625,temperature,sunp
2021-09-02T00:00:00Z,7,22.221584930555554,temperature,sunp
2021-09-02T00:00:00Z,8,17.972740138888888,temperature,sunp
2021-09-02T00:00:00Z,9,15.150118472222223,temperature,sunp
2021-09-02T00:00:00Z,10,13.15871875,temperature,sunp
2021-09-03T00:00:00Z,1,21.837935833333333,temperature,sunp
2021-09-03T00:00:00Z,2,21.866067291666667,temperature,sunp
2021-09-03T00:00:00Z,3,21.877725277777778,temperature,sunp
2021-09-03T00:00:00Z,4,21.85868986111111,temperature,sunp
2021-09-03T00:00:00Z,5,21.83207090277778,temperature,sunp
2021-09-03T00:00:00Z,6,21.85322534722222,temperature,sunp
2021-09-03T00:00:00Z,7,21.588261111111112,temperature,sunp
2021-09-03T00:00:00Z,8,17.763449930555556,temperature,sunp
2021-09-03T00:00:00Z,9,15.708751458333333,temperature,sunp
2021-09-03T00:00:00Z,10,13.103120625,temperature,sunp
2021-09-04T00:00:00Z,1,21.48048111111111,temperature,sunp
2021-09-04T00:00:00Z,2,21.499160625,temperature,sunp
2021-09-04T00:00:00Z,3,21.498963194444446,temperature,sunp
2021-09-04T00:00:00Z,4,21.450696597222223,temperature,sunp
2021-09-04T00:00:00Z,5,21.39071923611111,temperature,sunp
2021-09-04T00:00:00Z,6,21.396630833333333,temperature,sunp
2021-09-04T00:00:00Z,7,21.226843958333333,temperature,sunp
2021-09-04T00:00:00Z,8,18.541031597222222,temperature,sunp
2021-09-04T00:00:00Z,9,15.403752013888889,temperature,sunp
2021-09-04T00:00:00Z,10,13.057599930555556,temperature,sunp
2021-09-05T00:00:00Z,1,21.255999791666667,temperature,sunp
2021-09-05T00:00:00Z,2,21.277615347222223,temperature,sunp
2021-09-05T00:00:00Z,3,21.284932569444443,temperature,sunp
2021-09-05T00:00:00Z,4,21.26456701388889,temperature,sunp
2021-09-05T00:00:00Z,5,21.232298888888888,temperature,sunp
2021-09-05T00:00:00Z,6,21.23443895833333,temperature,sunp
2021-09-05T00:00:00Z,7,21.04434826388889,temperature,sunp
2021-09-05T00:00:00Z,8,18.904693680555557,temperature,sunp
2021-09-05T00:00:00Z,9,14.887234652777778,temperature,sunp
2021-09-05T00:00:00Z,10,13.022501736111112,temperature,sunp
2021-09-06T00:00:00Z,1,21.17531361111111,temperature,sunp
2021-09-06T00:00:00Z,2,21.178415,temperature,sunp
2021-09-06T00:00:00Z,3,21.163169236111113,temperature,sunp
2021-09-06T00:00:00Z,4,21.134282638888887,temperature,sunp
2021-09-06T00:00:00Z,5,21.10097423611111,temperature,sunp
2021-09-06T00:00:00Z,6,21.080284513888888,temperature,sunp
2021-09-06T00:00:00Z,7,20.887561875,temperature,sunp
2021-09-06T00:00:00Z,8,18.40065111111111,temperature,sunp
2021-09-06T00:00:00Z,9,15.656292083333334,temperature,sunp
2021-09-06T00:00:00Z,10,13.335709930555556,temperature,sunp
2021-09-07T00:00:00Z,1,21.06346034722222,temperature,sunp
2021-09-07T00:00:00Z,2,21.05616826388889,temperature,sunp
2021-09-07T00:00:00Z,3,21.001339583333333,temperature,sunp
2021-09-07T00:00:00Z,4,20.91543638888889,temperature,sunp
2021-09-07T00:00:00Z,5,20.853262222222224,temperature,sunp
2021-09-07T00:00:00Z,6,20.856450555555554,temperature,sunp
2021-09-07T00:00:00Z,7,20.790531180555554,temperature,sunp
2021-09-07T00:00:00Z,8,19.431681319444444,temperature,sunp
2021-09-07T00:00:00Z,9,15.407006527777778,temperature,sunp
2021-09-07T00:00:00Z,10,12.924230555555555,temperature,sunp
2021-09-08T00:00:00Z,1,21.033508055555554,temperature,sunp
2021-09-08T00:00:00Z,2,21.047781597222222,temperature,sunp
2021-09-08T00:00:00Z,3,21.05396451388889,temperature,sunp
2021-09-08T00:00:00Z,4,21.032613125,temperature,sunp
2021-09-08T00:00:00Z,5,20.994843194444446,temperature,sunp
2021-09-08T00:00:00Z,6,20.973089027777778,temperature,sunp
2021-09-08T00:00:00Z,7,20.85586125,temperature,sunp
2021-09-08T00:00:00Z,8,20.386656041666665,temperature,sunp
2021-09-08T00:00:00Z,9,15.81835625,temperature,sunp
2021-09-08T00:00:00Z,10,13.381452569444445,temperature,sunp
2021-09-09T00:00:00Z,1,21.130554375,temperature,sunp
2021-09-09T00:00:00Z,2,21.123780277777776,temperature,sunp
2021-09-09T00:00:00Z,3,21.11880361111111,temperature,sunp
2021-09-09T00:00:00Z,4,21.083695833333334,temperature,sunp
2021-09-09T00:00:00Z,5,21.044578333333334,temperature,sunp
2021-09-09T00:00:00Z,6,21.056836180555557,temperature,sunp
2021-09-09T00:00:00Z,7,20.992071944444444,temperature,sunp
2021-09-09T00:00:00Z,8,20.18935201388889,temperature,sunp
2021-09-09T00:00:00Z,9,16.043701041666665,temperature,sunp
2021-09-09T00:00:00Z,10,13.461193472222222,temperature,sunp
2021-09-10T00:00:00Z,1,20.858383333333332,temperature,sunp
2021-09-10T00:00:00Z,2,20.887111666666666,temperature,sunp
2021-09-10T00:00:00Z,3,20.90183076388889,temperature,sunp
2021-09-10T00:00:00Z,4,20.884545069444446,temperature,sunp
2021-09-10T00:00:00Z,5,20.860563194444445,temperature,sunp
2021-09-10T00:00:00Z,6,20.887199513888888,temperature,sunp
2021-09-10T00:00:00Z,7,20.832787430555555,temperature,sunp
2021-09-10T00:00:00Z,8,20.1804025,temperature,sunp
2021-09-10T00:00:00Z,9,16.299455,temperature,sunp
2021-09-10T00:00:00Z,10,13.580231111111111,temperature,sunp
2021-09-11T00:00:00Z,1,20.42558236111111,temperature,sunp
2021-09-11T00:00:00Z,2,20.44446784722222,temperature,sunp
2021-09-11T00:00:00Z,3,20.439534444444444,temperature,sunp
2021-09-11T00:00:00Z,4,20.40375173611111,temperature,sunp
2021-09-11T00:00:00Z,5,20.368716527777778,temperature,sunp
2021-09-11T00:00:00Z,6,20.38431,temperature,sunp
2021-09-11T00:00:00Z,7,20.307101805555554,temperature,sunp
2021-09-11T00:00:00Z,8,19.84228729166667,temperature,sunp
2021-09-11T00:00:00Z,9,16.100028819444443,temperature,sunp
2021-09-11T00:00:00Z,10,13.098138472222223,temperature,sunp
2021-09-12T00:00:00Z,1,20.284511944444443,temperature,sunp
2021-09-12T00:00:00Z,2,20.3094575,temperature,sunp
2021-09-12T00:00:00Z,3,20.317415208333333,temperature,sunp
2021-09-12T00:00:00Z,4,20.29311715277778,temperature,sunp
2021-09-12T00:00:00Z,5,20.261056180555556,temperature,sunp
2021-09-12T00:00:00Z,6,20.267548194444444,temperature,sunp
2021-09-12T00:00:00Z,7,20.190605138888888,temperature,sunp
2021-09-12T00:00:00Z,8,19.868025625,temperature,sunp
2021-09-12T00:00:00Z,9,15.913243055555556,temperature,sunp
2021-09-12T00:00:00Z,10,13.132527708333333,temperature,sunp
2021-09-13T00:00:00Z,1,20.467902847222224,temperature,sunp
2021-09-13T00:00:00Z,2,20.48302486111111,temperature,sunp
2021-09-13T00:00:00Z,3,20.481013611111113,temperature,sunp
2021-09-13T00:00:00Z,4,20.43928777777778,temperature,sunp
2021-09-13T00:00:00Z,5,20.387621875,temperature,sunp
2021-09-13T00:00:00Z,6,20.40022388888889,temperature,sunp
2021-09-13T00:00:00Z,7,20.321910416666668,temperature,sunp
2021-09-13T00:00:00Z,8,20.03061465277778,temperature,sunp
2021-09-13T00:00:00Z,9,16.688513333333333,temperature,sunp
2021-09-13T00:00:00Z,10,13.381423402777777,temperature,sunp
2021-09-14T00:00:00Z,1,20.527754722222223,temperature,sunp
2021-09-14T00:00:00Z,2,20.514994930555556,temperature,sunp
2021-09-14T00:00:00Z,3,20.479969861111112,temperature,sunp
2021-09-14T00:00:00Z,4,20.392313958333332,temperature,sunp
2021-09-14T00:00:00Z,5,20.32116673611111,temperature,sunp
2021-09-14T00:00:00Z,6,20.323750347222223,temperature,sunp
2021-09-14T00:00:00Z,7,20.263680069444444,temperature,sunp
2021-09-14T00:00:00Z,8,19.831555972222223,temperature,sunp
2021-09-14T00:00:00Z,9,16.500315277777776,temperature,sunp
2021-09-14T00:00:00Z,10,13.057107916666666,temperature,sunp
2021-09-15T00:00:00Z,1,20.589167430555555,temperature,sunp
2021-09-15T00:00:00Z,2,20.594719166666668,temperature,sunp
2021-09-15T00:00:00Z,3,20.569429027777776,temperature,sunp
2021-09-15T00:00:00Z,4,20.520205486111113,temperature,sunp
2021-09-15T00:00:00Z,5,20.461379166666667,temperature,sunp
2021-09-15T00:00:00Z,6,20.437484305555557,temperature,sunp
2021-09-15T00:00:00Z,7,20.315772222222222,temperature,sunp
2021-09-15T00:00:00Z,8,19.920032708333334,temperature,sunp
2021-09-15T00:00:00Z,9,16.92977527777778,temperature,sunp
2021-09-15T00:00:00Z,10,13.81649,temperature,sunp
2021-09-16T00:00:00Z,1,20.668832291666668,temperature,sunp
2021-09-16T00:00:00Z,2,20.661977083333333,temperature,sunp
2021-09-16T00:00:00Z,3,20.655462222222223,temperature,sunp
2021-09-16T00:00:00Z,4,20.627662847222222,temperature,sunp
2021-09-16T00:00:00Z,5,20.585013055555557,temperature,sunp
2021-09-16T00:00:00Z,6,20.58074152777778,temperature,sunp
2021-09-16T00:00:00Z,7,20.46519590277778,temperature,sunp
2021-09-16T00:00:00Z,8,20.112688402777778,temperature,sunp
2021-09-16T00:00:00Z,9,17.256444583333334,temperature,sunp
2021-09-16T00:00:00Z,10,13.233098125,temperature,sunp
2021-09-17T00:00:00Z,1,20.436772569444443,temperature,sunp
2021-09-17T00:00:00Z,2,20.450174166666667,temperature,sunp
2021-09-17T00:00:00Z,3,20.45387138888889,temperature,sunp
2021-09-17T00:00:00Z,4,20.427987291666668,temperature,sunp
2021-09-17T00:00:00Z,5,20.399304166666667,temperature,sunp
2021-09-17T00:00:00Z,6,20.428249722222223,temperature,sunp
2021-09-17T00:00:00Z,7,20.404682222222224,temperature,sunp
2021-09-17T00:00:00Z,8,20.37127625,temperature,sunp
2021-09-17T00:00:00Z,9,17.18307340277778,temperature,sunp
2021-09-17T00:00:00Z,10,13.26368125,temperature,sunp
2021-09-18T00:00:00Z,1,20.710650069444444,temperature,sunp
2021-09-18T00:00:00Z,2,20.60571263888889,temperature,sunp
2021-09-18T00:00:00Z,3,20.55583763888889,temperature,sunp
2021-09-18T00:00:00Z,4,20.501327708333335,temperature,sunp
2021-09-18T00:00:00Z,5,20.436879305555557,temperature,sunp
2021-09-18T00:00:00Z,6,20.43263340277778,temperature,sunp
2021-09-18T00:00:00Z,7,20.379479166666666,temperature,sunp
2021-09-18T00:00:00Z,8,20.33154701388889,temperature,sunp
2021-09-18T00:00:00Z,9,16.52945861111111,temperature,sunp
2021-09-18T00:00:00Z,10,13.513574861111112,temperature,sunp
2021-09-19T00:00:00Z,1,20.530720972222223,temperature,sunp
2021-09-19T00:00:00Z,2,20.554804097222224,temperature,sunp
2021-09-19T00:00:00Z,3,20.562833541666667,temperature,sunp
2021-09-19T00:00:00Z,4,20.543050138888887,temperature,sunp
2021-09-19T00:00:00Z,5,20.510634652777778,temperature,sunp
2021-09-19T00:00:00Z,6,20.52470472222222,temperature,sunp
2021-09-19T00:00:00Z,7,20.46836791666667,temperature,sunp
2021-09-19T00:00:00Z,8,20.025083333333335,temperature,sunp
2021-09-19T00:00:00Z,9,16.936448333333335,temperature,sunp
2021-09-19T00:00:00Z,10,13.886623958333333,temperature,sunp
2021-09-20T00:00:00Z,1,20.484961527777777,temperature,sunp
2021-09-20T00:00:00Z,2,20.49134125,temperature,sunp
2021-09-20T00:00:00Z,3,20.459297291666665,temperature,sunp
2021-09-20T00:00:00Z,4,20.378906944444445,temperature,sunp
2021-09-20T00:00:00Z,5,20.319992569444445,temperature,sunp
2021-09-20T00:00:00Z,6,20.331066875,temperature,sunp
2021-09-20T00:00:00Z,7,20.278988819444443,temperature,sunp
2021-09-20T00:00:00Z,8,19.978650000000002,temperature,sunp
2021-09-20T00:00:00Z,9,17.06254486111111,temperature,sunp
2021-09-20T00:00:00Z,10,13.520895972222222,temperature,sunp
2021-09-21T00:00:00Z,1,20.217243611111112,temperature,sunp
2021-09-21T00:00:00Z,2,20.244297708333335,temperature,sunp
2021-09-21T00:00:00Z,3,20.253198472222223,temperature,sunp
2021-09-21T00:00:00Z,4,20.230105138888888,temperature,sunp
2021-09-21T00:00:00Z,5,20.204065763888888,temperature,sunp
2021-09-21T00:00:00Z,6,20.225570555555556,temperature,sunp
2021-09-21T00:00:00Z,7,20.158125555555557,temperature,sunp
2021-09-21T00:00:00Z,8,19.96275201388889,temperature,sunp
2021-09-21T00:00:00Z,9,17.68355298611111,temperature,sunp
2021-09-21T00:00:00Z,10,13.965553472222222,temperature,sunp
2021-09-22T00:00:00Z,1,20.225033680555555,temperature,sunp
2021-09-22T00:00:00Z,2,20.252333472222222,temperature,sunp
2021-09-22T00:00:00Z,3,20.263060625,temperature,sunp
2021-09-22T00:00:00Z,4,20.24549375,temperature,sunp
2021-09-22T00:00:00Z,5,20.220794375,temperature,sunp
2021-09-22T00:00:00Z,6,20.247440138888887,temperature,sunp
2021-09-22T00:00:00Z,7,20.21348173611111,temperature,sunp
2021-09-22T00:00:00Z,8,20.02706263888889,temperature,sunp
2021-09-22T00:00:00Z,9,18.398998194444445,temperature,sunp
2021-09-22T00:00:00Z,10,13.686594097222223,temperature,sunp
2021-09-23T00:00:00Z,1,20.356930277777778,temperature,sunp
2021-09-23T00:00:00Z,2,20.384879305555554,temperature,sunp
2021-09-23T00:00:00Z,3,20.39688625,temperature,sunp
2021-09-23T00:00:00Z,4,20.37849111111111,temperature,sunp
2021-09-23T00:00:00Z,5,20.353765555555555,temperature,sunp
2021-09-23T00:00:00Z,6,20.38066111111111,temperature,sunp
2021-09-23T00:00:00Z,7,20.35039875,temperature,sunp
2021-09-23T00:00:00Z,8,20.246755555555556,temperature,sunp
2021-09-23T00:00:00Z,9,18.047130833333334,temperature,sunp
2021-09-23T00:00:00Z,10,13.841111597222222,temperature,sunp
2021-09-24T00:00:00Z,1,20.390651458333334,temperature,sunp
2021-09-24T00:00:00Z,2,20.41399284722222,temperature,sunp
2021-09-24T00:00:00Z,3,20.423553958333333,temperature,sunp
2021-09-24T00:00:00Z,4,20.40111784722222,temperature,sunp
2021-09-24T00:00:00Z,5,20.36974111111111,temperature,sunp
2021-09-24T00:00:00Z,6,20.361459097222223,temperature,sunp
2021-09-24T00:00:00Z,7,20.28107784722222,temperature,sunp
2021-09-24T00:00:00Z,8,20.17285777777778,temperature,sunp
2021-09-24T00:00:00Z,9,19.020686805555556,temperature,sunp
2021-09-24T00:00:00Z,10,13.905272013888888,temperature,sunp
2021-09-25T00:00:00Z,1,20.413301736111112,temperature,sunp
2021-09-25T00:00:00Z,2,20.335684027777777,temperature,sunp
2021-09-25T00:00:00Z,3,20.25683326388889,temperature,sunp
2021-09-25T00:00:00Z,4,20.20336902777778,temperature,sunp
2021-09-25T00:00:00Z,5,20.149689791666667,temperature,sunp
2021-09-25T00:00:00Z,6,20.15588923611111,temperature,sunp
2021-09-25T00:00:00Z,7,20.117532916666665,temperature,sunp
2021-09-25T00:00:00Z,8,20.071939583333332,temperature,sunp
2021-09-25T00:00:00Z,9,18.82142763888889,temperature,sunp
2021-09-25T00:00:00Z,10,14.15889076388889,temperature,sunp
2021-09-26T00:00:00Z,1,20.158024027777778,temperature,sunp
2021-09-26T00:00:00Z,2,20.190923125,temperature,sunp
2021-09-26T00:00:00Z,3,20.19949888888889,temperature,sunp
2021-09-26T00:00:00Z,4,20.170768194444445,temperature,sunp
2021-09-26T00:00:00Z,5,20.138616388888888,temperature,sunp
2021-09-26T00:00:00Z,6,20.157843541666665,temperature,sunp
2021-09-26T00:00:00Z,7,20.114112291666668,temperature,sunp
2021-09-26T00:00:00Z,8,19.953588680555555,temperature,sunp
2021-09-26T00:00:00Z,9,18.429473541666667,temperature,sunp
2021-09-26T00:00:00Z,10,14.062613888888889,temperature,sunp
2021-09-27T00:00:00Z,1,19.724948333333334,temperature,sunp
2021-09-27T00:00:00Z,2,19.758109652777776,temperature,sunp
2021-09-27T00:00:00Z,3,19.77174527777778,temperature,sunp
2021-09-27T00:00:00Z,4,19.755854444444445,temperature,sunp
2021-09-27T00:00:00Z,5,19.732259652777778,temperature,sunp
2021-09-27T00:00:00Z,6,19.76021423611111,temperature,sunp
2021-09-27T00:00:00Z,7,19.731162222222224,temperature,sunp
2021-09-27T00:00:00Z,8,19.655855972222223,temperature,sunp
2021-09-27T00:00:00Z,9,18.314878611111112,temperature,sunp
2021-09-27T00:00:00Z,10,14.282323333333334,temperature,sunp
2021-09-28T00:00:00Z,1,19.52943048611111,temperature,sunp
2021-09-28T00:00:00Z,2,19.564302708333333,temperature,sunp
2021-09-28T00:00:00Z,3,19.57817534722222,temperature,sunp
2021-09-28T00:00:00Z,4,19.562179305555556,temperature,sunp
2021-09-28T00:00:00Z,5,19.540396597222223,temperature,sunp
2021-09-28T00:00:00Z,6,19.574065208333334,temperature,sunp
2021-09-28T00:00:00Z,7,19.55743576388889,temperature,sunp
2021-09-28T00:00:00Z,8,19.542661111111112,temperature,sunp
2021-09-28T00:00:00Z,9,18.89700152777778,temperature,sunp
2021-09-28T00:00:00Z,10,14.593364930555556,temperature,sunp
2021-09-29T00:00:00Z,1,19.06974465277778,temperature,sunp
2021-09-29T00:00:00Z,2,19.107824722222222,temperature,sunp
2021-09-29T00:00:00Z,3,19.11849548611111,temperature,sunp
2021-09-29T00:00:00Z,4,19.099661180555554,temperature,sunp
2021-09-29T00:00:00Z,5,19.073496388888888,temperature,sunp
2021-09-29T00:00:00Z,6,19.10215,temperature,sunp
2021-09-29T00:00:00Z,7,19.076749027777776,temperature,sunp
2021-09-29T00:00:00Z,8,19.047164166666665,temperature,sunp
2021-09-29T00:00:00Z,9,18.958181805555554,temperature,sunp
2021-09-29T00:00:00Z,10,14.630148402777778,temperature,sunp
2021-09-30T00:00:00Z,1,18.57327520833333,temperature,sunp
2021-09-30T00:00:00Z,2,18.608470416666666,temperature,sunp
2021-09-30T00:00:00Z,3,18.623662708333335,temperature,sunp
2021-09-30T00:00:00Z,4,18.607161875,temperature,sunp
2021-09-30T00:00:00Z,5,18.584307291666665,temperature,sunp
2021-09-30T00:00:00Z,6,18.617237083333332,temperature,sunp
2021-09-30T00:00:00Z,7,18.59583,temperature,sunp
2021-09-30T00:00:00Z,8,18.571369305555557,temperature,sunp
2021-09-30T00:00:00Z,9,18.517076319444445,temperature,sunp
2021-09-30T00:00:00Z,10,14.936864097222221,temperature,sunp
2021-10-01T00:00:00Z,1,18.106071666666665,temperature,sunp
2021-10-01T00:00:00Z,2,18.142269097222222,temperature,sunp
2021-10-01T00:00:00Z,3,18.150038333333335,temperature,sunp
2021-10-01T00:00:00Z,4,18.13001854166667,temperature,sunp
2021-10-01T00:00:00Z,5,18.093802916666668,temperature,sunp
2021-10-01T00:00:00Z,6,18.112925833333332,temperature,sunp
2021-10-01T00:00:00Z,7,18.08448840277778,temperature,sunp
2021-10-01T00:00:00Z,8,18.055843888888887,temperature,sunp
2021-10-01T00:00:00Z,9,18.017037708333334,temperature,sunp
2021-10-01T00:00:00Z,10,15.016562291666666,temperature,sunp
2021-10-02T00:00:00Z,1,17.80541472222222,temperature,sunp
2021-10-02T00:00:00Z,2,17.83800986111111,temperature,sunp
2021-10-02T00:00:00Z,3,17.84839923611111,temperature,sunp
2021-10-02T00:00:00Z,4,17.831210069444445,temperature,sunp
2021-10-02T00:00:00Z,5,17.803847916666665,temperature,sunp
2021-10-02T00:00:00Z,6,17.83077777777778,temperature,sunp
2021-10-02T00:00:00Z,7,17.80659923611111,temperature,sunp
2021-10-02T00:00:00Z,8,17.79011152777778,temperature,sunp
2021-10-02T00:00:00Z,9,17.745702847222223,temperature,sunp
2021-10-02T00:00:00Z,10,15.774738680555556,temperature,sunp
2021-10-03T00:00:00Z,1,17.659676458333333,temperature,sunp
2021-10-03T00:00:00Z,2,17.694642291666668,temperature,sunp
2021-10-03T00:00:00Z,3,17.709357152777777,temperature,sunp
2021-10-03T00:00:00Z,4,17.69609923611111,temperature,sunp
2021-10-03T00:00:00Z,5,17.675418402777776,temperature,sunp
2021-10-03T00:00:00Z,6,17.71225638888889,temperature,sunp
2021-10-03T00:00:00Z,7,17.697825972222223,temperature,sunp
2021-10-03T00:00:00Z,8,17.688190625,temperature,sunp
2021-10-03T00:00:00Z,9,17.695303055555556,temperature,sunp
2021-10-03T00:00:00Z,10,16.103353333333335,temperature,sunp
2021-10-04T00:00:00Z,1,17.361833541666666,temperature,sunp
2021-10-04T00:00:00Z,2,17.397437083333333,temperature,sunp
2021-10-04T00:00:00Z,3,17.41439652777778,temperature,sunp
2021-10-04T00:00:00Z,4,17.403656527777777,temperature,sunp
2021-10-04T00:00:00Z,5,17.383435902777777,temperature,sunp
2021-10-04T00:00:00Z,6,17.420415069444445,temperature,sunp
2021-10-04T00:00:00Z,7,17.407793333333334,temperature,sunp
2021-10-04T00:00:00Z,8,17.399275972222224,temperature,sunp
2021-10-04T00:00:00Z,9,17.418546805555554,temperature,sunp
2021-10-04T00:00:00Z,10,17.11697701388889,temperature,sunp
2021-10-05T00:00:00Z,1,17.149520069444446,temperature,sunp
2021-10-05T00:00:00Z,2,17.14387548611111,temperature,sunp
2021-10-05T00:00:00Z,3,17.137199930555557,temperature,sunp
2021-10-05T00:00:00Z,4,17.108815625,temperature,sunp
2021-10-05T00:00:00Z,5,17.083669097222224,temperature,sunp
2021-10-05T00:00:00Z,6,17.11703798611111,temperature,sunp
2021-10-05T00:00:00Z,7,17.097566458333333,temperature,sunp
2021-10-05T00:00:00Z,8,17.082355833333335,temperature,sunp
2021-10-05T00:00:00Z,9,17.110935347222224,temperature,sunp
2021-10-05T00:00:00Z,10,16.71466576388889,temperature,sunp
2021-10-06T00:00:00Z,1,17.23542173611111,temperature,sunp
2021-10-06T00:00:00Z,2,17.15215152777778,temperature,sunp
2021-10-06T00:00:00Z,3,17.117007222222224,temperature,sunp
2021-10-06T00:00:00Z,4,17.067648958333333,temperature,sunp
2021-10-06T00:00:00Z,5,17.02617097222222,temperature,sunp
2021-10-06T00:00:00Z,6,17.0501775,temperature,sunp
2021-10-06T00:00:00Z,7,17.024370277777777,temperature,sunp
2021-10-06T00:00:00Z,8,17.001045972222222,temperature,sunp
2021-10-06T00:00:00Z,9,17.02139215277778,temperature,sunp
2021-10-06T00:00:00Z,10,16.82797736111111,temperature,sunp
2021-10-07T00:00:00Z,1,17.360781041666666,temperature,sunp
2021-10-07T00:00:00Z,2,17.302620069444444,temperature,sunp
2021-10-07T00:00:00Z,3,17.19476173611111,temperature,sunp
2021-10-07T00:00:00Z,4,17.132813055555555,temperature,sunp
2021-10-07T00:00:00Z,5,17.08472847222222,temperature,sunp
2021-10-07T00:00:00Z,6,17.094053194444445,temperature,sunp
2021-10-07T00:00:00Z,7,17.06065840277778,temperature,sunp
2021-10-07T00:00:00Z,8,17.035382708333334,temperature,sunp
2021-10-07T00:00:00Z,9,17.019941319444445,temperature,sunp
2021-10-07T00:00:00Z,10,16.064210069444446,temperature,sunp
2021-10-08T00:00:00Z,1,17.488165625,temperature,sunp
2021-10-08T00:00:00Z,2,17.412102847222222,temperature,sunp
2021-10-08T00:00:00Z,3,17.325461736111112,temperature,sunp
2021-10-08T00:00:00Z,4,17.25348673611111,temperature,sunp
2021-10-08T00:00:00Z,5,17.16938798611111,temperature,sunp
2021-10-08T00:00:00Z,6,17.165124722222224,temperature,sunp
2021-10-08T00:00:00Z,7,17.108885416666666,temperature,sunp
2021-10-08T00:00:00Z,8,17.049151944444443,temperature,sunp
2021-10-08T00:00:00Z,9,16.935598402777778,temperature,sunp
2021-10-08T00:00:00Z,10,16.40094048611111,temperature,sunp
2021-10-09T00:00:00Z,1,17.03325048611111,temperature,sunp
2021-10-09T00:00:00Z,2,17.0693975,temperature,sunp
2021-10-09T00:00:00Z,3,17.084918055555555,temperature,sunp
2021-10-09T00:00:00Z,4,17.073865347222224,temperature,sunp
2021-10-09T00:00:00Z,5,17.05404111111111,temperature,sunp
2021-10-09T00:00:00Z,6,17.088912152777777,temperature,sunp
2021-10-09T00:00:00Z,7,17.072767569444444,temperature,sunp
2021-10-09T00:00:00Z,8,17.055259236111112,temperature,sunp
2021-10-09T00:00:00Z,9,17.050937847222222,temperature,sunp
2021-10-09T00:00:00Z,10,16.568324791666665,temperature,sunp
2021-10-10T00:00:00Z,1,16.721128125,temperature,sunp
2021-10-10T00:00:00Z,2,16.756129791666666,temperature,sunp
2021-10-10T00:00:00Z,3,16.769525902777776,temperature,sunp
2021-10-10T00:00:00Z,4,16.756969861111113,temperature,sunp
2021-10-10T00:00:00Z,5,16.734141319444443,temperature,sunp
2021-10-10T00:00:00Z,6,16.767640833333335,temperature,sunp
2021-10-10T00:00:00Z,7,16.750674166666666,temperature,sunp
2021-10-10T00:00:00Z,8,16.738089513888887,temperature,sunp
2021-10-10T00:00:00Z,9,16.760003194444444,temperature,sunp
2021-10-10T00:00:00Z,10,16.702519583333334,temperature,sunp
2021-10-11T00:00:00Z,1,16.940876319444445,temperature,sunp
2021-10-11T00:00:00Z,2,16.89892340277778,temperature,sunp
2021-10-11T00:00:00Z,3,16.816735347222224,temperature,sunp
2021-10-11T00:00:00Z,4,16.760037708333332,temperature,sunp
2021-10-11T00:00:00Z,5,16.711007708333334,temperature,sunp
2021-10-11T00:00:00Z,6,16.725265,temperature,sunp
2021-10-11T00:00:00Z,7,16.686647708333332,temperature,sunp
2021-10-11T00:00:00Z,8,16.65861888888889,temperature,sunp
2021-10-11T00:00:00Z,9,16.687571597222224,temperature,sunp
2021-10-11T00:00:00Z,10,16.560286875,temperature,sunp
2021-10-12T00:00:00Z,1,17.104914930555555,temperature,sunp
2021-10-12T00:00:00Z,2,16.948597222222222,temperature,sunp
2021-10-12T00:00:00Z,3,16.876426180555555,temperature,sunp
2021-10-12T00:00:00Z,4,16.820187222222224,temperature,sunp
2021-10-12T00:00:00Z,5,16.765353472222223,temperature,sunp
2021-10-12T00:00:00Z,6,16.771386805555554,temperature,sunp
2021-10-12T00:00:00Z,7,16.724529791666665,temperature,sunp
2021-10-12T00:00:00Z,8,16.686903055555554,temperature,sunp
2021-10-12T00:00:00Z,9,16.67077951388889,temperature,sunp
2021-10-12T00:00:00Z,10,16.271403819444444,temperature,sunp
2021-10-13T00:00:00Z,1,17.297449166666667,temperature,sunp
2021-10-13T00:00:00Z,2,17.105076875,temperature,sunp
2021-10-13T00:00:00Z,3,16.973533819444445,temperature,sunp
2021-10-13T00:00:00Z,4,16.88034548611111,temperature,sunp
2021-10-13T00:00:00Z,5,16.781864444444444,temperature,sunp
2021-10-13T00:00:00Z,6,16.771122777777776,temperature,sunp
2021-10-13T00:00:00Z,7,16.715954583333332,temperature,sunp
2021-10-13T00:00:00Z,8,16.670863194444443,temperature,sunp
2021-10-13T00:00:00Z,9,16.64880486111111,temperature,sunp
2021-10-13T00:00:00Z,10,15.986424027777778,temperature,sunp
2021-10-14T00:00:00Z,1,17.24189638888889,temperature,sunp
2021-10-14T00:00:00Z,2,17.24163375,temperature,sunp
2021-10-14T00:00:00Z,3,17.18285298611111,temperature,sunp
2021-10-14T00:00:00Z,4,17.095584166666665,temperature,sunp
2021-10-14T00:00:00Z,5,17.004036666666668,temperature,sunp
2021-10-14T00:00:00Z,6,16.97014638888889,temperature,sunp
2021-10-14T00:00:00Z,7,16.84866013888889,temperature,sunp
2021-10-14T00:00:00Z,8,16.74329701388889,temperature,sunp
2021-10-14T00:00:00Z,9,16.615658472222222,temperature,sunp
2021-10-14T00:00:00Z,10,15.561304652777778,temperature,sunp
2021-10-15T00:00:00Z,1,17.475079861111112,temperature,sunp
2021-10-15T00:00:00Z,2,17.339648541666666,temperature,sunp
2021-10-15T00:00:00Z,3,17.273069444444445,temperature,sunp
2021-10-15T00:00:00Z,4,17.20739777777778,temperature,sunp
2021-10-15T00:00:00Z,5,17.008034305555555,temperature,sunp
2021-10-15T00:00:00Z,6,16.86005451388889,temperature,sunp
2021-10-15T00:00:00Z,7,16.75337763888889,temperature,sunp
2021-10-15T00:00:00Z,8,16.68955861111111,temperature,sunp
2021-10-15T00:00:00Z,9,16.587870416666668,temperature,sunp
2021-10-15T00:00:00Z,10,15.921499236111112,temperature,sunp
2021-10-16T00:00:00Z,1,17.466499097222222,temperature,sunp
2021-10-16T00:00:00Z,2,17.42649201388889,temperature,sunp
2021-10-16T00:00:00Z,3,17.359143958333334,temperature,sunp
2021-10-16T00:00:00Z,4,17.267486458333334,temperature,sunp
2021-10-16T00:00:00Z,5,17.10328270833333,temperature,sunp
2021-10-16T00:00:00Z,6,17.02214625,temperature,sunp
2021-10-16T00:00:00Z,7,16.91997486111111,temperature,sunp
2021-10-16T00:00:00Z,8,16.78785736111111,temperature,sunp
2021-10-16T00:00:00Z,9,16.603616111111112,temperature,sunp
2021-10-16T00:00:00Z,10,16.062044375,temperature,sunp
2021-10-17T00:00:00Z,1,17.040001458333332,temperature,sunp
2021-10-17T00:00:00Z,2,17.077342083333335,temperature,sunp
2021-10-17T00:00:00Z,3,17.09160347222222,temperature,sunp
2021-10-17T00:00:00Z,4,17.07770076388889,temperature,sunp
2021-10-17T00:00:00Z,5,17.05260638888889,temperature,sunp
2021-10-17T00:00:00Z,6,17.079765000000002,temperature,sunp
2021-10-17T00:00:00Z,7,17.026031041666666,temperature,sunp
2021-10-17T00:00:00Z,8,16.814316666666667,temperature,sunp
2021-10-17T00:00:00Z,9,16.49898875,temperature,sunp
2021-10-17T00:00:00Z,10,15.804840833333333,temperature,sunp
2021-10-18T00:00:00Z,1,16.528535208333334,temperature,sunp
2021-10-18T00:00:00Z,2,16.566707430555557,temperature,sunp
2021-10-18T00:00:00Z,3,16.582708541666666,temperature,sunp
2021-10-18T00:00:00Z,4,16.570675,temperature,sunp
2021-10-18T00:00:00Z,5,16.548018958333333,temperature,sunp
2021-10-18T00:00:00Z,6,16.581418194444446,temperature,sunp
2021-10-18T00:00:00Z,7,16.56312722222222,temperature,sunp
2021-10-18T00:00:00Z,8,16.5448,temperature,sunp
2021-10-18T00:00:00Z,9,16.477555555555554,temperature,sunp
2021-10-18T00:00:00Z,10,15.812566458333333,temperature,sunp
2021-10-19T00:00:00Z,1,15.971678260869565,temperature,sunp
2021-10-19T00:00:00Z,2,16.00917195652174,temperature,sunp
2021-10-19T00:00:00Z,3,16.02653847826087,temperature,sunp
2021-10-19T00:00:00Z,4,16.016025,temperature,sunp
2021-10-19T00:00:00Z,5,15.994593695652174,temperature,sunp
2021-10-19T00:00:00Z,6,16.029443260869567,temperature,sunp
2021-10-19T00:00:00Z,7,16.014863260869564,temperature,sunp
2021-10-19T00:00:00Z,8,16.00180456521739,temperature,sunp
2021-10-19T00:00:00Z,9,16.019472826086957,temperature,sunp
2021-10-19T00:00:00Z,10,15.978669130434783,temperature,sunp
2021-10-20T00:00:00Z,1,NA,temperature,sunp
2021-10-20T00:00:00Z,2,NA,temperature,sunp
2021-10-20T00:00:00Z,3,NA,temperature,sunp
2021-10-20T00:00:00Z,4,NA,temperature,sunp
2021-10-20T00:00:00Z,5,NA,temperature,sunp
2021-10-20T00:00:00Z,6,NA,temperature,sunp
2021-10-20T00:00:00Z,7,NA,temperature,sunp
2021-10-20T00:00:00Z,8,NA,temperature,sunp
2021-10-20T00:00:00Z,9,NA,temperature,sunp
2021-10-20T00:00:00Z,10,NA,temperature,sunp
2021-10-21T00:00:00Z,1,NA,temperature,sunp
2021-10-21T00:00:00Z,2,NA,temperature,sunp
2021-10-21T00:00:00Z,3,NA,temperature,sunp
2021-10-21T00:00:00Z,4,NA,temperature,sunp
2021-10-21T00:00:00Z,5,NA,temperature,sunp
2021-10-21T00:00:00Z,6,NA,temperature,sunp
2021-10-21T00:00:00Z,7,NA,temperature,sunp
2021-10-21T00:00:00Z,8,NA,temperature,sunp
2021-10-21T00:00:00Z,9,NA,temperature,sunp
2021-10-21T00:00:00Z,10,NA,temperature,sunp
2021-10-22T00:00:00Z,1,NA,temperature,sunp
2021-10-22T00:00:00Z,2,NA,temperature,sunp
2021-10-22T00:00:00Z,3,NA,temperature,sunp
2021-10-22T00:00:00Z,4,NA,temperature,sunp
2021-10-22T00:00:00Z,5,NA,temperature,sunp
2021-10-22T00:00:00Z,6,NA,temperature,sunp
2021-10-22T00:00:00Z,7,NA,temperature,sunp
2021-10-22T00:00:00Z,8,NA,temperature,sunp
2021-10-22T00:00:00Z,9,NA,temperature,sunp
2021-10-22T00:00:00Z,10,NA,temperature,sunp
2021-10-23T00:00:00Z,1,NA,temperature,sunp
2021-10-23T00:00:00Z,2,NA,temperature,sunp
2021-10-23T00:00:00Z,3,NA,temperature,sunp
2021-10-23T00:00:00Z,4,NA,temperature,sunp
2021-10-23T00:00:00Z,5,NA,temperature,sunp
2021-10-23T00:00:00Z,6,NA,temperature,sunp
2021-10-23T00:00:00Z,7,NA,temperature,sunp
2021-10-23T00:00:00Z,8,NA,temperature,sunp
2021-10-23T00:00:00Z,9,NA,temperature,sunp
2021-10-23T00:00:00Z,10,NA,temperature,sunp
2021-10-24T00:00:00Z,1,NA,temperature,sunp
2021-10-24T00:00:00Z,2,NA,temperature,sunp
2021-10-24T00:00:00Z,3,NA,temperature,sunp
2021-10-24T00:00:00Z,4,NA,temperature,sunp
2021-10-24T00:00:00Z,5,NA,temperature,sunp
2021-10-24T00:00:00Z,6,NA,temperature,sunp
2021-10-24T00:00:00Z,7,NA,temperature,sunp
2021-10-24T00:00:00Z,8,NA,temperature,sunp
2021-10-24T00:00:00Z,9,NA,temperature,sunp
2021-10-24T00:00:00Z,10,NA,temperature,sunp
2021-10-25T00:00:00Z,1,NA,temperature,sunp
2021-10-25T00:00:00Z,2,NA,temperature,sunp
2021-10-25T00:00:00Z,3,NA,temperature,sunp
2021-10-25T00:00:00Z,4,NA,temperature,sunp
2021-10-25T00:00:00Z,5,NA,temperature,sunp
2021-10-25T00:00:00Z,6,NA,temperature,sunp
2021-10-25T00:00:00Z,7,NA,temperature,sunp
2021-10-25T00:00:00Z,8,NA,temperature,sunp
2021-10-25T00:00:00Z,9,NA,temperature,sunp
2021-10-25T00:00:00Z,10,NA,temperature,sunp
2021-10-26T00:00:00Z,1,NA,temperature,sunp
2021-10-26T00:00:00Z,2,NA,temperature,sunp
2021-10-26T00:00:00Z,3,NA,temperature,sunp
2021-10-26T00:00:00Z,4,NA,temperature,sunp
2021-10-26T00:00:00Z,5,NA,temperature,sunp
2021-10-26T00:00:00Z,6,NA,temperature,sunp
2021-10-26T00:00:00Z,7,NA,temperature,sunp
2021-10-26T00:00:00Z,8,NA,temperature,sunp
2021-10-26T00:00:00Z,9,NA,temperature,sunp
2021-10-26T00:00:00Z,10,NA,temperature,sunp
2021-10-27T00:00:00Z,1,NA,temperature,sunp
2021-10-27T00:00:00Z,2,NA,temperature,sunp
2021-10-27T00:00:00Z,3,NA,temperature,sunp
2021-10-27T00:00:00Z,4,NA,temperature,sunp
2021-10-27T00:00:00Z,5,NA,temperature,sunp
2021-10-27T00:00:00Z,6,NA,temperature,sunp
2021-10-27T00:00:00Z,7,NA,temperature,sunp
2021-10-27T00:00:00Z,8,NA,temperature,sunp
2021-10-27T00:00:00Z,9,NA,temperature,sunp
2021-10-27T00:00:00Z,10,NA,temperature,sunp
2021-10-28T00:00:00Z,1,NA,temperature,sunp
2021-10-28T00:00:00Z,2,NA,temperature,sunp
2021-10-28T00:00:00Z,3,NA,temperature,sunp
2021-10-28T00:00:00Z,4,NA,temperature,sunp
2021-10-28T00:00:00Z,5,NA,temperature,sunp
2021-10-28T00:00:00Z,6,NA,temperature,sunp
2021-10-28T00:00:00Z,7,NA,temperature,sunp
2021-10-28T00:00:00Z,8,NA,temperature,sunp
2021-10-28T00:00:00Z,9,NA,temperature,sunp
2021-10-28T00:00:00Z,10,NA,temperature,sunp
2021-10-29T00:00:00Z,1,NA,temperature,sunp
2021-10-29T00:00:00Z,2,NA,temperature,sunp
2021-10-29T00:00:00Z,3,NA,temperature,sunp
2021-10-29T00:00:00Z,4,NA,temperature,sunp
2021-10-29T00:00:00Z,5,NA,temperature,sunp
2021-10-29T00:00:00Z,6,NA,temperature,sunp
2021-10-29T00:00:00Z,7,NA,temperature,sunp
2021-10-29T00:00:00Z,8,NA,temperature,sunp
2021-10-29T00:00:00Z,9,NA,temperature,sunp
2021-10-29T00:00:00Z,10,NA,temperature,sunp
2021-10-30T00:00:00Z,1,NA,temperature,sunp
2021-10-30T00:00:00Z,2,NA,temperature,sunp
2021-10-30T00:00:00Z,3,NA,temperature,sunp
2021-10-30T00:00:00Z,4,NA,temperature,sunp
2021-10-30T00:00:00Z,5,NA,temperature,sunp
2021-10-30T00:00:00Z,6,NA,temperature,sunp
2021-10-30T00:00:00Z,7,NA,temperature,sunp
2021-10-30T00:00:00Z,8,NA,temperature,sunp
2021-10-30T00:00:00Z,9,NA,temperature,sunp
2021-10-30T00:00:00Z,10,NA,temperature,sunp
2021-10-31T00:00:00Z,1,NA,temperature,sunp
2021-10-31T00:00:00Z,2,NA,temperature,sunp
2021-10-31T00:00:00Z,3,NA,temperature,sunp
2021-10-31T00:00:00Z,4,NA,temperature,sunp
2021-10-31T00:00:00Z,5,NA,temperature,sunp
2021-10-31T00:00:00Z,6,NA,temperature,sunp
2021-10-31T00:00:00Z,7,NA,temperature,sunp
2021-10-31T00:00:00Z,8,NA,temperature,sunp
2021-10-31T00:00:00Z,9,NA,temperature,sunp
2021-10-31T00:00:00Z,10,NA,temperature,sunp
2021-11-01T00:00:00Z,1,NA,temperature,sunp
2021-11-01T00:00:00Z,2,NA,temperature,sunp
2021-11-01T00:00:00Z,3,NA,temperature,sunp
2021-11-01T00:00:00Z,4,NA,temperature,sunp
2021-11-01T00:00:00Z,5,NA,temperature,sunp
2021-11-01T00:00:00Z,6,NA,temperature,sunp
2021-11-01T00:00:00Z,7,NA,temperature,sunp
2021-11-01T00:00:00Z,8,NA,temperature,sunp
2021-11-01T00:00:00Z,9,NA,temperature,sunp
2021-11-01T00:00:00Z,10,NA,temperature,sunp
2021-11-02T00:00:00Z,1,NA,temperature,sunp
2021-11-02T00:00:00Z,2,NA,temperature,sunp
2021-11-02T00:00:00Z,3,NA,temperature,sunp
2021-11-02T00:00:00Z,4,NA,temperature,sunp
2021-11-02T00:00:00Z,5,NA,temperature,sunp
2021-11-02T00:00:00Z,6,NA,temperature,sunp
2021-11-02T00:00:00Z,7,NA,temperature,sunp
2021-11-02T00:00:00Z,8,NA,temperature,sunp
2021-11-02T00:00:00Z,9,NA,temperature,sunp
2021-11-02T00:00:00Z,10,NA,temperature,sunp
2021-11-03T00:00:00Z,1,NA,temperature,sunp
2021-11-03T00:00:00Z,2,NA,temperature,sunp
2021-11-03T00:00:00Z,3,NA,temperature,sunp
2021-11-03T00:00:00Z,4,NA,temperature,sunp
2021-11-03T00:00:00Z,5,NA,temperature,sunp
2021-11-03T00:00:00Z,6,NA,temperature,sunp
2021-11-03T00:00:00Z,7,NA,temperature,sunp
2021-11-03T00:00:00Z,8,NA,temperature,sunp
2021-11-03T00:00:00Z,9,NA,temperature,sunp
2021-11-03T00:00:00Z,10,NA,temperature,sunp
2021-11-04T00:00:00Z,1,NA,temperature,sunp
2021-11-04T00:00:00Z,2,NA,temperature,sunp
2021-11-04T00:00:00Z,3,NA,temperature,sunp
2021-11-04T00:00:00Z,4,NA,temperature,sunp
2021-11-04T00:00:00Z,5,NA,temperature,sunp
2021-11-04T00:00:00Z,6,NA,temperature,sunp
2021-11-04T00:00:00Z,7,NA,temperature,sunp
2021-11-04T00:00:00Z,8,NA,temperature,sunp
2021-11-04T00:00:00Z,9,NA,temperature,sunp
2021-11-04T00:00:00Z,10,NA,temperature,sunp
2021-11-05T00:00:00Z,1,NA,temperature,sunp
2021-11-05T00:00:00Z,2,NA,temperature,sunp
2021-11-05T00:00:00Z,3,NA,temperature,sunp
2021-11-05T00:00:00Z,4,NA,temperature,sunp
2021-11-05T00:00:00Z,5,NA,temperature,sunp
2021-11-05T00:00:00Z,6,NA,temperature,sunp
2021-11-05T00:00:00Z,7,NA,temperature,sunp
2021-11-05T00:00:00Z,8,NA,temperature,sunp
2021-11-05T00:00:00Z,9,NA,temperature,sunp
2021-11-05T00:00:00Z,10,NA,temperature,sunp
2021-11-06T00:00:00Z,1,NA,temperature,sunp
2021-11-06T00:00:00Z,2,NA,temperature,sunp
2021-11-06T00:00:00Z,3,NA,temperature,sunp
2021-11-06T00:00:00Z,4,NA,temperature,sunp
2021-11-06T00:00:00Z,5,NA,temperature,sunp
2021-11-06T00:00:00Z,6,NA,temperature,sunp
2021-11-06T00:00:00Z,7,NA,temperature,sunp
2021-11-06T00:00:00Z,8,NA,temperature,sunp
2021-11-06T00:00:00Z,9,NA,temperature,sunp
2021-11-06T00:00:00Z,10,NA,temperature,sunp
2021-11-07T00:00:00Z,1,NA,temperature,sunp
2021-11-07T00:00:00Z,2,NA,temperature,sunp
2021-11-07T00:00:00Z,3,NA,temperature,sunp
2021-11-07T00:00:00Z,4,NA,temperature,sunp
2021-11-07T00:00:00Z,5,NA,temperature,sunp
2021-11-07T00:00:00Z,6,NA,temperature,sunp
2021-11-07T00:00:00Z,7,NA,temperature,sunp
2021-11-07T00:00:00Z,8,NA,temperature,sunp
2021-11-07T00:00:00Z,9,NA,temperature,sunp
2021-11-07T00:00:00Z,10,NA,temperature,sunp
2021-11-08T00:00:00Z,1,NA,temperature,sunp
2021-11-08T00:00:00Z,2,NA,temperature,sunp
2021-11-08T00:00:00Z,3,NA,temperature,sunp
2021-11-08T00:00:00Z,4,NA,temperature,sunp
2021-11-08T00:00:00Z,5,NA,temperature,sunp
2021-11-08T00:00:00Z,6,NA,temperature,sunp
2021-11-08T00:00:00Z,7,NA,temperature,sunp
2021-11-08T00:00:00Z,8,NA,temperature,sunp
2021-11-08T00:00:00Z,9,NA,temperature,sunp
2021-11-08T00:00:00Z,10,NA,temperature,sunp
2021-11-09T00:00:00Z,1,NA,temperature,sunp
2021-11-09T00:00:00Z,2,NA,temperature,sunp
2021-11-09T00:00:00Z,3,NA,temperature,sunp
2021-11-09T00:00:00Z,4,NA,temperature,sunp
2021-11-09T00:00:00Z,5,NA,temperature,sunp
2021-11-09T00:00:00Z,6,NA,temperature,sunp
2021-11-09T00:00:00Z,7,NA,temperature,sunp
2021-11-09T00:00:00Z,8,NA,temperature,sunp
2021-11-09T00:00:00Z,9,NA,temperature,sunp
2021-11-09T00:00:00Z,10,NA,temperature,sunp
2021-11-10T00:00:00Z,1,NA,temperature,sunp
2021-11-10T00:00:00Z,2,NA,temperature,sunp
2021-11-10T00:00:00Z,3,NA,temperature,sunp
2021-11-10T00:00:00Z,4,NA,temperature,sunp
2021-11-10T00:00:00Z,5,NA,temperature,sunp
2021-11-10T00:00:00Z,6,NA,temperature,sunp
2021-11-10T00:00:00Z,7,NA,temperature,sunp
2021-11-10T00:00:00Z,8,NA,temperature,sunp
2021-11-10T00:00:00Z,9,NA,temperature,sunp
2021-11-10T00:00:00Z,10,NA,temperature,sunp
2021-11-11T00:00:00Z,1,NA,temperature,sunp
2021-11-11T00:00:00Z,2,NA,temperature,sunp
2021-11-11T00:00:00Z,3,NA,temperature,sunp
2021-11-11T00:00:00Z,4,NA,temperature,sunp
2021-11-11T00:00:00Z,5,NA,temperature,sunp
2021-11-11T00:00:00Z,6,NA,temperature,sunp
2021-11-11T00:00:00Z,7,NA,temperature,sunp
2021-11-11T00:00:00Z,8,NA,temperature,sunp
2021-11-11T00:00:00Z,9,NA,temperature,sunp
2021-11-11T00:00:00Z,10,NA,temperature,sunp
2021-11-12T00:00:00Z,1,NA,temperature,sunp
2021-11-12T00:00:00Z,2,NA,temperature,sunp
2021-11-12T00:00:00Z,3,NA,temperature,sunp
2021-11-12T00:00:00Z,4,NA,temperature,sunp
2021-11-12T00:00:00Z,5,NA,temperature,sunp
2021-11-12T00:00:00Z,6,NA,temperature,sunp
2021-11-12T00:00:00Z,7,NA,temperature,sunp
2021-11-12T00:00:00Z,8,NA,temperature,sunp
2021-11-12T00:00:00Z,9,NA,temperature,sunp
2021-11-12T00:00:00Z,10,NA,temperature,sunp
2021-11-13T00:00:00Z,1,NA,temperature,sunp
2021-11-13T00:00:00Z,2,NA,temperature,sunp
2021-11-13T00:00:00Z,3,NA,temperature,sunp
2021-11-13T00:00:00Z,4,NA,temperature,sunp
2021-11-13T00:00:00Z,5,NA,temperature,sunp
2021-11-13T00:00:00Z,6,NA,temperature,sunp
2021-11-13T00:00:00Z,7,NA,temperature,sunp
2021-11-13T00:00:00Z,8,NA,temperature,sunp
2021-11-13T00:00:00Z,9,NA,temperature,sunp
2021-11-13T00:00:00Z,10,NA,temperature,sunp
2021-11-14T00:00:00Z,1,NA,temperature,sunp
2021-11-14T00:00:00Z,2,NA,temperature,sunp
2021-11-14T00:00:00Z,3,NA,temperature,sunp
2021-11-14T00:00:00Z,4,NA,temperature,sunp
2021-11-14T00:00:00Z,5,NA,temperature,sunp
2021-11-14T00:00:00Z,6,NA,temperature,sunp
2021-11-14T00:00:00Z,7,NA,temperature,sunp
2021-11-14T00:00:00Z,8,NA,temperature,sunp
2021-11-14T00:00:00Z,9,NA,temperature,sunp
2021-11-14T00:00:00Z,10,NA,temperature,sunp
2021-11-15T00:00:00Z,1,NA,temperature,sunp
2021-11-15T00:00:00Z,2,NA,temperature,sunp
2021-11-15T00:00:00Z,3,NA,temperature,sunp
2021-11-15T00:00:00Z,4,NA,temperature,sunp
2021-11-15T00:00:00Z,5,NA,temperature,sunp
2021-11-15T00:00:00Z,6,NA,temperature,sunp
2021-11-15T00:00:00Z,7,NA,temperature,sunp
2021-11-15T00:00:00Z,8,NA,temperature,sunp
2021-11-15T00:00:00Z,9,NA,temperature,sunp
2021-11-15T00:00:00Z,10,NA,temperature,sunp
2021-11-16T00:00:00Z,1,NA,temperature,sunp
2021-11-16T00:00:00Z,2,NA,temperature,sunp
2021-11-16T00:00:00Z,3,NA,temperature,sunp
2021-11-16T00:00:00Z,4,NA,temperature,sunp
2021-11-16T00:00:00Z,5,NA,temperature,sunp
2021-11-16T00:00:00Z,6,NA,temperature,sunp
2021-11-16T00:00:00Z,7,NA,temperature,sunp
2021-11-16T00:00:00Z,8,NA,temperature,sunp
2021-11-16T00:00:00Z,9,NA,temperature,sunp
2021-11-16T00:00:00Z,10,NA,temperature,sunp
2021-11-17T00:00:00Z,1,NA,temperature,sunp
2021-11-17T00:00:00Z,2,NA,temperature,sunp
2021-11-17T00:00:00Z,3,NA,temperature,sunp
2021-11-17T00:00:00Z,4,NA,temperature,sunp
2021-11-17T00:00:00Z,5,NA,temperature,sunp
2021-11-17T00:00:00Z,6,NA,temperature,sunp
2021-11-17T00:00:00Z,7,NA,temperature,sunp
2021-11-17T00:00:00Z,8,NA,temperature,sunp
2021-11-17T00:00:00Z,9,NA,temperature,sunp
2021-11-17T00:00:00Z,10,NA,temperature,sunp
2021-11-18T00:00:00Z,1,NA,temperature,sunp
2021-11-18T00:00:00Z,2,NA,temperature,sunp
2021-11-18T00:00:00Z,3,NA,temperature,sunp
2021-11-18T00:00:00Z,4,NA,temperature,sunp
2021-11-18T00:00:00Z,5,NA,temperature,sunp
2021-11-18T00:00:00Z,6,NA,temperature,sunp
2021-11-18T00:00:00Z,7,NA,temperature,sunp
2021-11-18T00:00:00Z,8,NA,temperature,sunp
2021-11-18T00:00:00Z,9,NA,temperature,sunp
2021-11-18T00:00:00Z,10,NA,temperature,sunp
2021-11-19T00:00:00Z,1,NA,temperature,sunp
2021-11-19T00:00:00Z,2,NA,temperature,sunp
2021-11-19T00:00:00Z,3,NA,temperature,sunp
2021-11-19T00:00:00Z,4,NA,temperature,sunp
2021-11-19T00:00:00Z,5,NA,temperature,sunp
2021-11-19T00:00:00Z,6,NA,temperature,sunp
2021-11-19T00:00:00Z,7,NA,temperature,sunp
2021-11-19T00:00:00Z,8,NA,temperature,sunp
2021-11-19T00:00:00Z,9,NA,temperature,sunp
2021-11-19T00:00:00Z,10,NA,temperature,sunp
2021-11-20T00:00:00Z,1,NA,temperature,sunp
2021-11-20T00:00:00Z,2,NA,temperature,sunp
2021-11-20T00:00:00Z,3,NA,temperature,sunp
2021-11-20T00:00:00Z,4,NA,temperature,sunp
2021-11-20T00:00:00Z,5,NA,temperature,sunp
2021-11-20T00:00:00Z,6,NA,temperature,sunp
2021-11-20T00:00:00Z,7,NA,temperature,sunp
2021-11-20T00:00:00Z,8,NA,temperature,sunp
2021-11-20T00:00:00Z,9,NA,temperature,sunp
2021-11-20T00:00:00Z,10,NA,temperature,sunp
2021-11-21T00:00:00Z,1,NA,temperature,sunp
2021-11-21T00:00:00Z,2,NA,temperature,sunp
2021-11-21T00:00:00Z,3,NA,temperature,sunp
2021-11-21T00:00:00Z,4,NA,temperature,sunp
2021-11-21T00:00:00Z,5,NA,temperature,sunp
2021-11-21T00:00:00Z,6,NA,temperature,sunp
2021-11-21T00:00:00Z,7,NA,temperature,sunp
2021-11-21T00:00:00Z,8,NA,temperature,sunp
2021-11-21T00:00:00Z,9,NA,temperature,sunp
2021-11-21T00:00:00Z,10,NA,temperature,sunp
2021-11-22T00:00:00Z,1,NA,temperature,sunp
2021-11-22T00:00:00Z,2,NA,temperature,sunp
2021-11-22T00:00:00Z,3,NA,temperature,sunp
2021-11-22T00:00:00Z,4,NA,temperature,sunp
2021-11-22T00:00:00Z,5,NA,temperature,sunp
2021-11-22T00:00:00Z,6,NA,temperature,sunp
2021-11-22T00:00:00Z,7,NA,temperature,sunp
2021-11-22T00:00:00Z,8,NA,temperature,sunp
2021-11-22T00:00:00Z,9,NA,temperature,sunp
2021-11-22T00:00:00Z,10,NA,temperature,sunp
2021-11-23T00:00:00Z,1,NA,temperature,sunp
2021-11-23T00:00:00Z,2,NA,temperature,sunp
2021-11-23T00:00:00Z,3,NA,temperature,sunp
2021-11-23T00:00:00Z,4,NA,temperature,sunp
2021-11-23T00:00:00Z,5,NA,temperature,sunp
2021-11-23T00:00:00Z,6,NA,temperature,sunp
2021-11-23T00:00:00Z,7,NA,temperature,sunp
2021-11-23T00:00:00Z,8,NA,temperature,sunp
2021-11-23T00:00:00Z,9,NA,temperature,sunp
2021-11-23T00:00:00Z,10,NA,temperature,sunp
2021-11-24T00:00:00Z,1,NA,temperature,sunp
2021-11-24T00:00:00Z,2,NA,temperature,sunp
2021-11-24T00:00:00Z,3,NA,temperature,sunp
2021-11-24T00:00:00Z,4,NA,temperature,sunp
2021-11-24T00:00:00Z,5,NA,temperature,sunp
2021-11-24T00:00:00Z,6,NA,temperature,sunp
2021-11-24T00:00:00Z,7,NA,temperature,sunp
2021-11-24T00:00:00Z,8,NA,temperature,sunp
2021-11-24T00:00:00Z,9,NA,temperature,sunp
2021-11-24T00:00:00Z,10,NA,temperature,sunp
2021-11-25T00:00:00Z,1,NA,temperature,sunp
2021-11-25T00:00:00Z,2,NA,temperature,sunp
2021-11-25T00:00:00Z,3,NA,temperature,sunp
2021-11-25T00:00:00Z,4,NA,temperature,sunp
2021-11-25T00:00:00Z,5,NA,temperature,sunp
2021-11-25T00:00:00Z,6,NA,temperature,sunp
2021-11-25T00:00:00Z,7,NA,temperature,sunp
2021-11-25T00:00:00Z,8,NA,temperature,sunp
2021-11-25T00:00:00Z,9,NA,temperature,sunp
2021-11-25T00:00:00Z,10,NA,temperature,sunp
2021-11-26T00:00:00Z,1,NA,temperature,sunp
2021-11-26T00:00:00Z,2,NA,temperature,sunp
2021-11-26T00:00:00Z,3,NA,temperature,sunp
2021-11-26T00:00:00Z,4,NA,temperature,sunp
2021-11-26T00:00:00Z,5,NA,temperature,sunp
2021-11-26T00:00:00Z,6,NA,temperature,sunp
2021-11-26T00:00:00Z,7,NA,temperature,sunp
2021-11-26T00:00:00Z,8,NA,temperature,sunp
2021-11-26T00:00:00Z,9,NA,temperature,sunp
2021-11-26T00:00:00Z,10,NA,temperature,sunp
2021-11-27T00:00:00Z,1,NA,temperature,sunp
2021-11-27T00:00:00Z,2,NA,temperature,sunp
2021-11-27T00:00:00Z,3,NA,temperature,sunp
2021-11-27T00:00:00Z,4,NA,temperature,sunp
2021-11-27T00:00:00Z,5,NA,temperature,sunp
2021-11-27T00:00:00Z,6,NA,temperature,sunp
2021-11-27T00:00:00Z,7,NA,temperature,sunp
2021-11-27T00:00:00Z,8,NA,temperature,sunp
2021-11-27T00:00:00Z,9,NA,temperature,sunp
2021-11-27T00:00:00Z,10,NA,temperature,sunp
2021-11-28T00:00:00Z,1,NA,temperature,sunp
2021-11-28T00:00:00Z,2,NA,temperature,sunp
2021-11-28T00:00:00Z,3,NA,temperature,sunp
2021-11-28T00:00:00Z,4,NA,temperature,sunp
2021-11-28T00:00:00Z,5,NA,temperature,sunp
2021-11-28T00:00:00Z,6,NA,temperature,sunp
2021-11-28T00:00:00Z,7,NA,temperature,sunp
2021-11-28T00:00:00Z,8,NA,temperature,sunp
2021-11-28T00:00:00Z,9,NA,temperature,sunp
2021-11-28T00:00:00Z,10,NA,temperature,sunp
2021-11-29T00:00:00Z,1,NA,temperature,sunp
2021-11-29T00:00:00Z,2,NA,temperature,sunp
2021-11-29T00:00:00Z,3,NA,temperature,sunp
2021-11-29T00:00:00Z,4,NA,temperature,sunp
2021-11-29T00:00:00Z,5,NA,temperature,sunp
2021-11-29T00:00:00Z,6,NA,temperature,sunp
2021-11-29T00:00:00Z,7,NA,temperature,sunp
2021-11-29T00:00:00Z,8,NA,temperature,sunp
2021-11-29T00:00:00Z,9,NA,temperature,sunp
2021-11-29T00:00:00Z,10,NA,temperature,sunp
2021-11-30T00:00:00Z,1,NA,temperature,sunp
2021-11-30T00:00:00Z,2,NA,temperature,sunp
2021-11-30T00:00:00Z,3,NA,temperature,sunp
2021-11-30T00:00:00Z,4,NA,temperature,sunp
2021-11-30T00:00:00Z,5,NA,temperature,sunp
2021-11-30T00:00:00Z,6,NA,temperature,sunp
2021-11-30T00:00:00Z,7,NA,temperature,sunp
2021-11-30T00:00:00Z,8,NA,temperature,sunp
2021-11-30T00:00:00Z,9,NA,temperature,sunp
2021-11-30T00:00:00Z,10,NA,temperature,sunp
2021-12-01T00:00:00Z,1,NA,temperature,sunp
2021-12-01T00:00:00Z,2,NA,temperature,sunp
2021-12-01T00:00:00Z,3,NA,temperature,sunp
2021-12-01T00:00:00Z,4,NA,temperature,sunp
2021-12-01T00:00:00Z,5,NA,temperature,sunp
2021-12-01T00:00:00Z,6,NA,temperature,sunp
2021-12-01T00:00:00Z,7,NA,temperature,sunp
2021-12-01T00:00:00Z,8,NA,temperature,sunp
2021-12-01T00:00:00Z,9,NA,temperature,sunp
2021-12-01T00:00:00Z,10,NA,temperature,sunp
2021-12-02T00:00:00Z,1,NA,temperature,sunp
2021-12-02T00:00:00Z,2,NA,temperature,sunp
2021-12-02T00:00:00Z,3,NA,temperature,sunp
2021-12-02T00:00:00Z,4,NA,temperature,sunp
2021-12-02T00:00:00Z,5,NA,temperature,sunp
2021-12-02T00:00:00Z,6,NA,temperature,sunp
2021-12-02T00:00:00Z,7,NA,temperature,sunp
2021-12-02T00:00:00Z,8,NA,temperature,sunp
2021-12-02T00:00:00Z,9,NA,temperature,sunp
2021-12-02T00:00:00Z,10,NA,temperature,sunp
2021-12-03T00:00:00Z,1,NA,temperature,sunp
2021-12-03T00:00:00Z,2,NA,temperature,sunp
2021-12-03T00:00:00Z,3,NA,temperature,sunp
2021-12-03T00:00:00Z,4,NA,temperature,sunp
2021-12-03T00:00:00Z,5,NA,temperature,sunp
2021-12-03T00:00:00Z,6,NA,temperature,sunp
2021-12-03T00:00:00Z,7,NA,temperature,sunp
2021-12-03T00:00:00Z,8,NA,temperature,sunp
2021-12-03T00:00:00Z,9,NA,temperature,sunp
2021-12-03T00:00:00Z,10,NA,temperature,sunp
2021-12-04T00:00:00Z,1,NA,temperature,sunp
2021-12-04T00:00:00Z,2,NA,temperature,sunp
2021-12-04T00:00:00Z,3,NA,temperature,sunp
2021-12-04T00:00:00Z,4,NA,temperature,sunp
2021-12-04T00:00:00Z,5,NA,temperature,sunp
2021-12-04T00:00:00Z,6,NA,temperature,sunp
2021-12-04T00:00:00Z,7,NA,temperature,sunp
2021-12-04T00:00:00Z,8,NA,temperature,sunp
2021-12-04T00:00:00Z,9,NA,temperature,sunp
2021-12-04T00:00:00Z,10,NA,temperature,sunp
2021-12-05T00:00:00Z,1,NA,temperature,sunp
2021-12-05T00:00:00Z,2,NA,temperature,sunp
2021-12-05T00:00:00Z,3,NA,temperature,sunp
2021-12-05T00:00:00Z,4,NA,temperature,sunp
2021-12-05T00:00:00Z,5,NA,temperature,sunp
2021-12-05T00:00:00Z,6,NA,temperature,sunp
2021-12-05T00:00:00Z,7,NA,temperature,sunp
2021-12-05T00:00:00Z,8,NA,temperature,sunp
2021-12-05T00:00:00Z,9,NA,temperature,sunp
2021-12-05T00:00:00Z,10,NA,temperature,sunp
2021-12-06T00:00:00Z,1,NA,temperature,sunp
2021-12-06T00:00:00Z,2,NA,temperature,sunp
2021-12-06T00:00:00Z,3,NA,temperature,sunp
2021-12-06T00:00:00Z,4,NA,temperature,sunp
2021-12-06T00:00:00Z,5,NA,temperature,sunp
2021-12-06T00:00:00Z,6,NA,temperature,sunp
2021-12-06T00:00:00Z,7,NA,temperature,sunp
2021-12-06T00:00:00Z,8,NA,temperature,sunp
2021-12-06T00:00:00Z,9,NA,temperature,sunp
2021-12-06T00:00:00Z,10,NA,temperature,sunp
2021-12-07T00:00:00Z,1,NA,temperature,sunp
2021-12-07T00:00:00Z,2,NA,temperature,sunp
2021-12-07T00:00:00Z,3,NA,temperature,sunp
2021-12-07T00:00:00Z,4,NA,temperature,sunp
2021-12-07T00:00:00Z,5,NA,temperature,sunp
2021-12-07T00:00:00Z,6,NA,temperature,sunp
2021-12-07T00:00:00Z,7,NA,temperature,sunp
2021-12-07T00:00:00Z,8,NA,temperature,sunp
2021-12-07T00:00:00Z,9,NA,temperature,sunp
2021-12-07T00:00:00Z,10,NA,temperature,sunp
2021-12-08T00:00:00Z,1,NA,temperature,sunp
2021-12-08T00:00:00Z,2,NA,temperature,sunp
2021-12-08T00:00:00Z,3,NA,temperature,sunp
2021-12-08T00:00:00Z,4,NA,temperature,sunp
2021-12-08T00:00:00Z,5,NA,temperature,sunp
2021-12-08T00:00:00Z,6,NA,temperature,sunp
2021-12-08T00:00:00Z,7,NA,temperature,sunp
2021-12-08T00:00:00Z,8,NA,temperature,sunp
2021-12-08T00:00:00Z,9,NA,temperature,sunp
2021-12-08T00:00:00Z,10,NA,temperature,sunp
2021-12-09T00:00:00Z,1,NA,temperature,sunp
2021-12-09T00:00:00Z,2,NA,temperature,sunp
2021-12-09T00:00:00Z,3,NA,temperature,sunp
2021-12-09T00:00:00Z,4,NA,temperature,sunp
2021-12-09T00:00:00Z,5,NA,temperature,sunp
2021-12-09T00:00:00Z,6,NA,temperature,sunp
2021-12-09T00:00:00Z,7,NA,temperature,sunp
2021-12-09T00:00:00Z,8,NA,temperature,sunp
2021-12-09T00:00:00Z,9,NA,temperature,sunp
2021-12-09T00:00:00Z,10,NA,temperature,sunp
2021-12-10T00:00:00Z,1,NA,temperature,sunp
2021-12-10T00:00:00Z,2,NA,temperature,sunp
2021-12-10T00:00:00Z,3,NA,temperature,sunp
2021-12-10T00:00:00Z,4,NA,temperature,sunp
2021-12-10T00:00:00Z,5,NA,temperature,sunp
2021-12-10T00:00:00Z,6,NA,temperature,sunp
2021-12-10T00:00:00Z,7,NA,temperature,sunp
2021-12-10T00:00:00Z,8,NA,temperature,sunp
2021-12-10T00:00:00Z,9,NA,temperature,sunp
2021-12-10T00:00:00Z,10,NA,temperature,sunp
2021-12-11T00:00:00Z,1,NA,temperature,sunp
2021-12-11T00:00:00Z,2,NA,temperature,sunp
2021-12-11T00:00:00Z,3,NA,temperature,sunp
2021-12-11T00:00:00Z,4,NA,temperature,sunp
2021-12-11T00:00:00Z,5,NA,temperature,sunp
2021-12-11T00:00:00Z,6,NA,temperature,sunp
2021-12-11T00:00:00Z,7,NA,temperature,sunp
2021-12-11T00:00:00Z,8,NA,temperature,sunp
2021-12-11T00:00:00Z,9,NA,temperature,sunp
2021-12-11T00:00:00Z,10,NA,temperature,sunp
2021-12-12T00:00:00Z,1,NA,temperature,sunp
2021-12-12T00:00:00Z,2,NA,temperature,sunp
2021-12-12T00:00:00Z,3,NA,temperature,sunp
2021-12-12T00:00:00Z,4,NA,temperature,sunp
2021-12-12T00:00:00Z,5,NA,temperature,sunp
2021-12-12T00:00:00Z,6,NA,temperature,sunp
2021-12-12T00:00:00Z,7,NA,temperature,sunp
2021-12-12T00:00:00Z,8,NA,temperature,sunp
2021-12-12T00:00:00Z,9,NA,temperature,sunp
2021-12-12T00:00:00Z,10,NA,temperature,sunp
2021-12-13T00:00:00Z,1,NA,temperature,sunp
2021-12-13T00:00:00Z,2,NA,temperature,sunp
2021-12-13T00:00:00Z,3,NA,temperature,sunp
2021-12-13T00:00:00Z,4,NA,temperature,sunp
2021-12-13T00:00:00Z,5,NA,temperature,sunp
2021-12-13T00:00:00Z,6,NA,temperature,sunp
2021-12-13T00:00:00Z,7,NA,temperature,sunp
2021-12-13T00:00:00Z,8,NA,temperature,sunp
2021-12-13T00:00:00Z,9,NA,temperature,sunp
2021-12-13T00:00:00Z,10,NA,temperature,sunp
2021-12-14T00:00:00Z,1,NA,temperature,sunp
2021-12-14T00:00:00Z,2,NA,temperature,sunp
2021-12-14T00:00:00Z,3,NA,temperature,sunp
2021-12-14T00:00:00Z,4,NA,temperature,sunp
2021-12-14T00:00:00Z,5,NA,temperature,sunp
2021-12-14T00:00:00Z,6,NA,temperature,sunp
2021-12-14T00:00:00Z,7,NA,temperature,sunp
2021-12-14T00:00:00Z,8,NA,temperature,sunp
2021-12-14T00:00:00Z,9,NA,temperature,sunp
2021-12-14T00:00:00Z,10,NA,temperature,sunp
2021-12-15T00:00:00Z,1,NA,temperature,sunp
2021-12-15T00:00:00Z,2,NA,temperature,sunp
2021-12-15T00:00:00Z,3,NA,temperature,sunp
2021-12-15T00:00:00Z,4,NA,temperature,sunp
2021-12-15T00:00:00Z,5,NA,temperature,sunp
2021-12-15T00:00:00Z,6,NA,temperature,sunp
2021-12-15T00:00:00Z,7,NA,temperature,sunp
2021-12-15T00:00:00Z,8,NA,temperature,sunp
2021-12-15T00:00:00Z,9,NA,temperature,sunp
2021-12-15T00:00:00Z,10,NA,temperature,sunp
2021-12-16T00:00:00Z,1,NA,temperature,sunp
2021-12-16T00:00:00Z,2,NA,temperature,sunp
2021-12-16T00:00:00Z,3,NA,temperature,sunp
2021-12-16T00:00:00Z,4,NA,temperature,sunp
2021-12-16T00:00:00Z,5,NA,temperature,sunp
2021-12-16T00:00:00Z,6,NA,temperature,sunp
2021-12-16T00:00:00Z,7,NA,temperature,sunp
2021-12-16T00:00:00Z,8,NA,temperature,sunp
2021-12-16T00:00:00Z,9,NA,temperature,sunp
2021-12-16T00:00:00Z,10,NA,temperature,sunp
2021-12-17T00:00:00Z,1,NA,temperature,sunp
2021-12-17T00:00:00Z,2,NA,temperature,sunp
2021-12-17T00:00:00Z,3,NA,temperature,sunp
2021-12-17T00:00:00Z,4,NA,temperature,sunp
2021-12-17T00:00:00Z,5,NA,temperature,sunp
2021-12-17T00:00:00Z,6,NA,temperature,sunp
2021-12-17T00:00:00Z,7,NA,temperature,sunp
2021-12-17T00:00:00Z,8,NA,temperature,sunp
2021-12-17T00:00:00Z,9,NA,temperature,sunp
2021-12-17T00:00:00Z,10,NA,temperature,sunp
2021-12-18T00:00:00Z,1,NA,temperature,sunp
2021-12-18T00:00:00Z,2,NA,temperature,sunp
2021-12-18T00:00:00Z,3,NA,temperature,sunp
2021-12-18T00:00:00Z,4,NA,temperature,sunp
2021-12-18T00:00:00Z,5,NA,temperature,sunp
2021-12-18T00:00:00Z,6,NA,temperature,sunp
2021-12-18T00:00:00Z,7,NA,temperature,sunp
2021-12-18T00:00:00Z,8,NA,temperature,sunp
2021-12-18T00:00:00Z,9,NA,temperature,sunp
2021-12-18T00:00:00Z,10,NA,temperature,sunp
2021-12-19T00:00:00Z,1,NA,temperature,sunp
2021-12-19T00:00:00Z,2,NA,temperature,sunp
2021-12-19T00:00:00Z,3,NA,temperature,sunp
2021-12-19T00:00:00Z,4,NA,temperature,sunp
2021-12-19T00:00:00Z,5,NA,temperature,sunp
2021-12-19T00:00:00Z,6,NA,temperature,sunp
2021-12-19T00:00:00Z,7,NA,temperature,sunp
2021-12-19T00:00:00Z,8,NA,temperature,sunp
2021-12-19T00:00:00Z,9,NA,temperature,sunp
2021-12-19T00:00:00Z,10,NA,temperature,sunp
2021-12-20T00:00:00Z,1,NA,temperature,sunp
2021-12-20T00:00:00Z,2,NA,temperature,sunp
2021-12-20T00:00:00Z,3,NA,temperature,sunp
2021-12-20T00:00:00Z,4,NA,temperature,sunp
2021-12-20T00:00:00Z,5,NA,temperature,sunp
2021-12-20T00:00:00Z,6,NA,temperature,sunp
2021-12-20T00:00:00Z,7,NA,temperature,sunp
2021-12-20T00:00:00Z,8,NA,temperature,sunp
2021-12-20T00:00:00Z,9,NA,temperature,sunp
2021-12-20T00:00:00Z,10,NA,temperature,sunp
2021-12-21T00:00:00Z,1,NA,temperature,sunp
2021-12-21T00:00:00Z,2,NA,temperature,sunp
2021-12-21T00:00:00Z,3,NA,temperature,sunp
2021-12-21T00:00:00Z,4,NA,temperature,sunp
2021-12-21T00:00:00Z,5,NA,temperature,sunp
2021-12-21T00:00:00Z,6,NA,temperature,sunp
2021-12-21T00:00:00Z,7,NA,temperature,sunp
2021-12-21T00:00:00Z,8,NA,temperature,sunp
2021-12-21T00:00:00Z,9,NA,temperature,sunp
2021-12-21T00:00:00Z,10,NA,temperature,sunp
2021-12-22T00:00:00Z,1,NA,temperature,sunp
2021-12-22T00:00:00Z,2,NA,temperature,sunp
2021-12-22T00:00:00Z,3,NA,temperature,sunp
2021-12-22T00:00:00Z,4,NA,temperature,sunp
2021-12-22T00:00:00Z,5,NA,temperature,sunp
2021-12-22T00:00:00Z,6,NA,temperature,sunp
2021-12-22T00:00:00Z,7,NA,temperature,sunp
2021-12-22T00:00:00Z,8,NA,temperature,sunp
2021-12-22T00:00:00Z,9,NA,temperature,sunp
2021-12-22T00:00:00Z,10,NA,temperature,sunp
2021-12-23T00:00:00Z,1,NA,temperature,sunp
2021-12-23T00:00:00Z,2,NA,temperature,sunp
2021-12-23T00:00:00Z,3,NA,temperature,sunp
2021-12-23T00:00:00Z,4,NA,temperature,sunp
2021-12-23T00:00:00Z,5,NA,temperature,sunp
2021-12-23T00:00:00Z,6,NA,temperature,sunp
2021-12-23T00:00:00Z,7,NA,temperature,sunp
2021-12-23T00:00:00Z,8,NA,temperature,sunp
2021-12-23T00:00:00Z,9,NA,temperature,sunp
2021-12-23T00:00:00Z,10,NA,temperature,sunp
2021-12-24T00:00:00Z,1,NA,temperature,sunp
2021-12-24T00:00:00Z,2,NA,temperature,sunp
2021-12-24T00:00:00Z,3,NA,temperature,sunp
2021-12-24T00:00:00Z,4,NA,temperature,sunp
2021-12-24T00:00:00Z,5,NA,temperature,sunp
2021-12-24T00:00:00Z,6,NA,temperature,sunp
2021-12-24T00:00:00Z,7,NA,temperature,sunp
2021-12-24T00:00:00Z,8,NA,temperature,sunp
2021-12-24T00:00:00Z,9,NA,temperature,sunp
2021-12-24T00:00:00Z,10,NA,temperature,sunp
2021-12-25T00:00:00Z,1,NA,temperature,sunp
2021-12-25T00:00:00Z,2,NA,temperature,sunp
2021-12-25T00:00:00Z,3,NA,temperature,sunp
2021-12-25T00:00:00Z,4,NA,temperature,sunp
2021-12-25T00:00:00Z,5,NA,temperature,sunp
2021-12-25T00:00:00Z,6,NA,temperature,sunp
2021-12-25T00:00:00Z,7,NA,temperature,sunp
2021-12-25T00:00:00Z,8,NA,temperature,sunp
2021-12-25T00:00:00Z,9,NA,temperature,sunp
2021-12-25T00:00:00Z,10,NA,temperature,sunp
2021-12-26T00:00:00Z,1,NA,temperature,sunp
2021-12-26T00:00:00Z,2,NA,temperature,sunp
2021-12-26T00:00:00Z,3,NA,temperature,sunp
2021-12-26T00:00:00Z,4,NA,temperature,sunp
2021-12-26T00:00:00Z,5,NA,temperature,sunp
2021-12-26T00:00:00Z,6,NA,temperature,sunp
2021-12-26T00:00:00Z,7,NA,temperature,sunp
2021-12-26T00:00:00Z,8,NA,temperature,sunp
2021-12-26T00:00:00Z,9,NA,temperature,sunp
2021-12-26T00:00:00Z,10,NA,temperature,sunp
2021-12-27T00:00:00Z,1,NA,temperature,sunp
2021-12-27T00:00:00Z,2,NA,temperature,sunp
2021-12-27T00:00:00Z,3,NA,temperature,sunp
2021-12-27T00:00:00Z,4,NA,temperature,sunp
2021-12-27T00:00:00Z,5,NA,temperature,sunp
2021-12-27T00:00:00Z,6,NA,temperature,sunp
2021-12-27T00:00:00Z,7,NA,temperature,sunp
2021-12-27T00:00:00Z,8,NA,temperature,sunp
2021-12-27T00:00:00Z,9,NA,temperature,sunp
2021-12-27T00:00:00Z,10,NA,temperature,sunp
2021-12-28T00:00:00Z,1,NA,temperature,sunp
2021-12-28T00:00:00Z,2,NA,temperature,sunp
2021-12-28T00:00:00Z,3,NA,temperature,sunp
2021-12-28T00:00:00Z,4,NA,temperature,sunp
2021-12-28T00:00:00Z,5,NA,temperature,sunp
2021-12-28T00:00:00Z,6,NA,temperature,sunp
2021-12-28T00:00:00Z,7,NA,temperature,sunp
2021-12-28T00:00:00Z,8,NA,temperature,sunp
2021-12-28T00:00:00Z,9,NA,temperature,sunp
2021-12-28T00:00:00Z,10,NA,temperature,sunp
2021-12-29T00:00:00Z,1,NA,temperature,sunp
2021-12-29T00:00:00Z,2,NA,temperature,sunp
2021-12-29T00:00:00Z,3,NA,temperature,sunp
2021-12-29T00:00:00Z,4,NA,temperature,sunp
2021-12-29T00:00:00Z,5,NA,temperature,sunp
2021-12-29T00:00:00Z,6,NA,temperature,sunp
2021-12-29T00:00:00Z,7,NA,temperature,sunp
2021-12-29T00:00:00Z,8,NA,temperature,sunp
2021-12-29T00:00:00Z,9,NA,temperature,sunp
2021-12-29T00:00:00Z,10,NA,temperature,sunp
2021-12-30T00:00:00Z,1,NA,temperature,sunp
2021-12-30T00:00:00Z,2,NA,temperature,sunp
2021-12-30T00:00:00Z,3,NA,temperature,sunp
2021-12-30T00:00:00Z,4,NA,temperature,sunp
2021-12-30T00:00:00Z,5,NA,temperature,sunp
2021-12-30T00:00:00Z,6,NA,temperature,sunp
2021-12-30T00:00:00Z,7,NA,temperature,sunp
2021-12-30T00:00:00Z,8,NA,temperature,sunp
2021-12-30T00:00:00Z,9,NA,temperature,sunp
2021-12-30T00:00:00Z,10,NA,temperature,sunp
2021-12-31T00:00:00Z,1,NA,temperature,sunp
2021-12-31T00:00:00Z,2,NA,temperature,sunp
2021-12-31T00:00:00Z,3,NA,temperature,sunp
2021-12-31T00:00:00Z,4,NA,temperature,sunp
2021-12-31T00:00:00Z,5,NA,temperature,sunp
2021-12-31T00:00:00Z,6,NA,temperature,sunp
2021-12-31T00:00:00Z,7,NA,temperature,sunp
2021-12-31T00:00:00Z,8,NA,temperature,sunp
2021-12-31T00:00:00Z,9,NA,temperature,sunp
2021-12-31T00:00:00Z,10,NA,temperature,sunp
2022-01-01T00:00:00Z,1,NA,temperature,sunp
2022-01-01T00:00:00Z,2,NA,temperature,sunp
2022-01-01T00:00:00Z,3,NA,temperature,sunp
2022-01-01T00:00:00Z,4,NA,temperature,sunp
2022-01-01T00:00:00Z,5,NA,temperature,sunp
2022-01-01T00:00:00Z,6,NA,temperature,sunp
2022-01-01T00:00:00Z,7,NA,temperature,sunp
2022-01-01T00:00:00Z,8,NA,temperature,sunp
2022-01-01T00:00:00Z,9,NA,temperature,sunp
2022-01-01T00:00:00Z,10,NA,temperature,sunp
2022-01-02T00:00:00Z,1,NA,temperature,sunp
2022-01-02T00:00:00Z,2,NA,temperature,sunp
2022-01-02T00:00:00Z,3,NA,temperature,sunp
2022-01-02T00:00:00Z,4,NA,temperature,sunp
2022-01-02T00:00:00Z,5,NA,temperature,sunp
2022-01-02T00:00:00Z,6,NA,temperature,sunp
2022-01-02T00:00:00Z,7,NA,temperature,sunp
2022-01-02T00:00:00Z,8,NA,temperature,sunp
2022-01-02T00:00:00Z,9,NA,temperature,sunp
2022-01-02T00:00:00Z,10,NA,temperature,sunp
2022-01-03T00:00:00Z,1,NA,temperature,sunp
2022-01-03T00:00:00Z,2,NA,temperature,sunp
2022-01-03T00:00:00Z,3,NA,temperature,sunp
2022-01-03T00:00:00Z,4,NA,temperature,sunp
2022-01-03T00:00:00Z,5,NA,temperature,sunp
2022-01-03T00:00:00Z,6,NA,temperature,sunp
2022-01-03T00:00:00Z,7,NA,temperature,sunp
2022-01-03T00:00:00Z,8,NA,temperature,sunp
2022-01-03T00:00:00Z,9,NA,temperature,sunp
2022-01-03T00:00:00Z,10,NA,temperature,sunp
2022-01-04T00:00:00Z,1,NA,temperature,sunp
2022-01-04T00:00:00Z,2,NA,temperature,sunp
2022-01-04T00:00:00Z,3,NA,temperature,sunp
2022-01-04T00:00:00Z,4,NA,temperature,sunp
2022-01-04T00:00:00Z,5,NA,temperature,sunp
2022-01-04T00:00:00Z,6,NA,temperature,sunp
2022-01-04T00:00:00Z,7,NA,temperature,sunp
2022-01-04T00:00:00Z,8,NA,temperature,sunp
2022-01-04T00:00:00Z,9,NA,temperature,sunp
2022-01-04T00:00:00Z,10,NA,temperature,sunp
2022-01-05T00:00:00Z,1,NA,temperature,sunp
2022-01-05T00:00:00Z,2,NA,temperature,sunp
2022-01-05T00:00:00Z,3,NA,temperature,sunp
2022-01-05T00:00:00Z,4,NA,temperature,sunp
2022-01-05T00:00:00Z,5,NA,temperature,sunp
2022-01-05T00:00:00Z,6,NA,temperature,sunp
2022-01-05T00:00:00Z,7,NA,temperature,sunp
2022-01-05T00:00:00Z,8,NA,temperature,sunp
2022-01-05T00:00:00Z,9,NA,temperature,sunp
2022-01-05T00:00:00Z,10,NA,temperature,sunp
2022-01-06T00:00:00Z,1,NA,temperature,sunp
2022-01-06T00:00:00Z,2,NA,temperature,sunp
2022-01-06T00:00:00Z,3,NA,temperature,sunp
2022-01-06T00:00:00Z,4,NA,temperature,sunp
2022-01-06T00:00:00Z,5,NA,temperature,sunp
2022-01-06T00:00:00Z,6,NA,temperature,sunp
2022-01-06T00:00:00Z,7,NA,temperature,sunp
2022-01-06T00:00:00Z,8,NA,temperature,sunp
2022-01-06T00:00:00Z,9,NA,temperature,sunp
2022-01-06T00:00:00Z,10,NA,temperature,sunp
2022-01-07T00:00:00Z,1,NA,temperature,sunp
2022-01-07T00:00:00Z,2,NA,temperature,sunp
2022-01-07T00:00:00Z,3,NA,temperature,sunp
2022-01-07T00:00:00Z,4,NA,temperature,sunp
2022-01-07T00:00:00Z,5,NA,temperature,sunp
2022-01-07T00:00:00Z,6,NA,temperature,sunp
2022-01-07T00:00:00Z,7,NA,temperature,sunp
2022-01-07T00:00:00Z,8,NA,temperature,sunp
2022-01-07T00:00:00Z,9,NA,temperature,sunp
2022-01-07T00:00:00Z,10,NA,temperature,sunp
2022-01-08T00:00:00Z,1,NA,temperature,sunp
2022-01-08T00:00:00Z,2,NA,temperature,sunp
2022-01-08T00:00:00Z,3,NA,temperature,sunp
2022-01-08T00:00:00Z,4,NA,temperature,sunp
2022-01-08T00:00:00Z,5,NA,temperature,sunp
2022-01-08T00:00:00Z,6,NA,temperature,sunp
2022-01-08T00:00:00Z,7,NA,temperature,sunp
2022-01-08T00:00:00Z,8,NA,temperature,sunp
2022-01-08T00:00:00Z,9,NA,temperature,sunp
2022-01-08T00:00:00Z,10,NA,temperature,sunp
2022-01-09T00:00:00Z,1,NA,temperature,sunp
2022-01-09T00:00:00Z,2,NA,temperature,sunp
2022-01-09T00:00:00Z,3,NA,temperature,sunp
2022-01-09T00:00:00Z,4,NA,temperature,sunp
2022-01-09T00:00:00Z,5,NA,temperature,sunp
2022-01-09T00:00:00Z,6,NA,temperature,sunp
2022-01-09T00:00:00Z,7,NA,temperature,sunp
2022-01-09T00:00:00Z,8,NA,temperature,sunp
2022-01-09T00:00:00Z,9,NA,temperature,sunp
2022-01-09T00:00:00Z,10,NA,temperature,sunp
2022-01-10T00:00:00Z,1,NA,temperature,sunp
2022-01-10T00:00:00Z,2,NA,temperature,sunp
2022-01-10T00:00:00Z,3,NA,temperature,sunp
2022-01-10T00:00:00Z,4,NA,temperature,sunp
2022-01-10T00:00:00Z,5,NA,temperature,sunp
2022-01-10T00:00:00Z,6,NA,temperature,sunp
2022-01-10T00:00:00Z,7,NA,temperature,sunp
2022-01-10T00:00:00Z,8,NA,temperature,sunp
2022-01-10T00:00:00Z,9,NA,temperature,sunp
2022-01-10T00:00:00Z,10,NA,temperature,sunp
2022-01-11T00:00:00Z,1,NA,temperature,sunp
2022-01-11T00:00:00Z,2,NA,temperature,sunp
2022-01-11T00:00:00Z,3,NA,temperature,sunp
2022-01-11T00:00:00Z,4,NA,temperature,sunp
2022-01-11T00:00:00Z,5,NA,temperature,sunp
2022-01-11T00:00:00Z,6,NA,temperature,sunp
2022-01-11T00:00:00Z,7,NA,temperature,sunp
2022-01-11T00:00:00Z,8,NA,temperature,sunp
2022-01-11T00:00:00Z,9,NA,temperature,sunp
2022-01-11T00:00:00Z,10,NA,temperature,sunp
2022-01-12T00:00:00Z,1,NA,temperature,sunp
2022-01-12T00:00:00Z,2,NA,temperature,sunp
2022-01-12T00:00:00Z,3,NA,temperature,sunp
2022-01-12T00:00:00Z,4,NA,temperature,sunp
2022-01-12T00:00:00Z,5,NA,temperature,sunp
2022-01-12T00:00:00Z,6,NA,temperature,sunp
2022-01-12T00:00:00Z,7,NA,temperature,sunp
2022-01-12T00:00:00Z,8,NA,temperature,sunp
2022-01-12T00:00:00Z,9,NA,temperature,sunp
2022-01-12T00:00:00Z,10,NA,temperature,sunp
2022-01-13T00:00:00Z,1,NA,temperature,sunp
2022-01-13T00:00:00Z,2,NA,temperature,sunp
2022-01-13T00:00:00Z,3,NA,temperature,sunp
2022-01-13T00:00:00Z,4,NA,temperature,sunp
2022-01-13T00:00:00Z,5,NA,temperature,sunp
2022-01-13T00:00:00Z,6,NA,temperature,sunp
2022-01-13T00:00:00Z,7,NA,temperature,sunp
2022-01-13T00:00:00Z,8,NA,temperature,sunp
2022-01-13T00:00:00Z,9,NA,temperature,sunp
2022-01-13T00:00:00Z,10,NA,temperature,sunp
2022-01-14T00:00:00Z,1,NA,temperature,sunp
2022-01-14T00:00:00Z,2,NA,temperature,sunp
2022-01-14T00:00:00Z,3,NA,temperature,sunp
2022-01-14T00:00:00Z,4,NA,temperature,sunp
2022-01-14T00:00:00Z,5,NA,temperature,sunp
2022-01-14T00:00:00Z,6,NA,temperature,sunp
2022-01-14T00:00:00Z,7,NA,temperature,sunp
2022-01-14T00:00:00Z,8,NA,temperature,sunp
2022-01-14T00:00:00Z,9,NA,temperature,sunp
2022-01-14T00:00:00Z,10,NA,temperature,sunp
2022-01-15T00:00:00Z,1,NA,temperature,sunp
2022-01-15T00:00:00Z,2,NA,temperature,sunp
2022-01-15T00:00:00Z,3,NA,temperature,sunp
2022-01-15T00:00:00Z,4,NA,temperature,sunp
2022-01-15T00:00:00Z,5,NA,temperature,sunp
2022-01-15T00:00:00Z,6,NA,temperature,sunp
2022-01-15T00:00:00Z,7,NA,temperature,sunp
2022-01-15T00:00:00Z,8,NA,temperature,sunp
2022-01-15T00:00:00Z,9,NA,temperature,sunp
2022-01-15T00:00:00Z,10,NA,temperature,sunp
2022-01-16T00:00:00Z,1,NA,temperature,sunp
2022-01-16T00:00:00Z,2,NA,temperature,sunp
2022-01-16T00:00:00Z,3,NA,temperature,sunp
2022-01-16T00:00:00Z,4,NA,temperature,sunp
2022-01-16T00:00:00Z,5,NA,temperature,sunp
2022-01-16T00:00:00Z,6,NA,temperature,sunp
2022-01-16T00:00:00Z,7,NA,temperature,sunp
2022-01-16T00:00:00Z,8,NA,temperature,sunp
2022-01-16T00:00:00Z,9,NA,temperature,sunp
2022-01-16T00:00:00Z,10,NA,temperature,sunp
2022-01-17T00:00:00Z,1,NA,temperature,sunp
2022-01-17T00:00:00Z,2,NA,temperature,sunp
2022-01-17T00:00:00Z,3,NA,temperature,sunp
2022-01-17T00:00:00Z,4,NA,temperature,sunp
2022-01-17T00:00:00Z,5,NA,temperature,sunp
2022-01-17T00:00:00Z,6,NA,temperature,sunp
2022-01-17T00:00:00Z,7,NA,temperature,sunp
2022-01-17T00:00:00Z,8,NA,temperature,sunp
2022-01-17T00:00:00Z,9,NA,temperature,sunp
2022-01-17T00:00:00Z,10,NA,temperature,sunp
2022-01-18T00:00:00Z,1,NA,temperature,sunp
2022-01-18T00:00:00Z,2,NA,temperature,sunp
2022-01-18T00:00:00Z,3,NA,temperature,sunp
2022-01-18T00:00:00Z,4,NA,temperature,sunp
2022-01-18T00:00:00Z,5,NA,temperature,sunp
2022-01-18T00:00:00Z,6,NA,temperature,sunp
2022-01-18T00:00:00Z,7,NA,temperature,sunp
2022-01-18T00:00:00Z,8,NA,temperature,sunp
2022-01-18T00:00:00Z,9,NA,temperature,sunp
2022-01-18T00:00:00Z,10,NA,temperature,sunp
2022-01-19T00:00:00Z,1,NA,temperature,sunp
2022-01-19T00:00:00Z,2,NA,temperature,sunp
2022-01-19T00:00:00Z,3,NA,temperature,sunp
2022-01-19T00:00:00Z,4,NA,temperature,sunp
2022-01-19T00:00:00Z,5,NA,temperature,sunp
2022-01-19T00:00:00Z,6,NA,temperature,sunp
2022-01-19T00:00:00Z,7,NA,temperature,sunp
2022-01-19T00:00:00Z,8,NA,temperature,sunp
2022-01-19T00:00:00Z,9,NA,temperature,sunp
2022-01-19T00:00:00Z,10,NA,temperature,sunp
2022-01-20T00:00:00Z,1,NA,temperature,sunp
2022-01-20T00:00:00Z,2,NA,temperature,sunp
2022-01-20T00:00:00Z,3,NA,temperature,sunp
2022-01-20T00:00:00Z,4,NA,temperature,sunp
2022-01-20T00:00:00Z,5,NA,temperature,sunp
2022-01-20T00:00:00Z,6,NA,temperature,sunp
2022-01-20T00:00:00Z,7,NA,temperature,sunp
2022-01-20T00:00:00Z,8,NA,temperature,sunp
2022-01-20T00:00:00Z,9,NA,temperature,sunp
2022-01-20T00:00:00Z,10,NA,temperature,sunp
2022-01-21T00:00:00Z,1,NA,temperature,sunp
2022-01-21T00:00:00Z,2,NA,temperature,sunp
2022-01-21T00:00:00Z,3,NA,temperature,sunp
2022-01-21T00:00:00Z,4,NA,temperature,sunp
2022-01-21T00:00:00Z,5,NA,temperature,sunp
2022-01-21T00:00:00Z,6,NA,temperature,sunp
2022-01-21T00:00:00Z,7,NA,temperature,sunp
2022-01-21T00:00:00Z,8,NA,temperature,sunp
2022-01-21T00:00:00Z,9,NA,temperature,sunp
2022-01-21T00:00:00Z,10,NA,temperature,sunp
2022-01-22T00:00:00Z,1,NA,temperature,sunp
2022-01-22T00:00:00Z,2,NA,temperature,sunp
2022-01-22T00:00:00Z,3,NA,temperature,sunp
2022-01-22T00:00:00Z,4,NA,temperature,sunp
2022-01-22T00:00:00Z,5,NA,temperature,sunp
2022-01-22T00:00:00Z,6,NA,temperature,sunp
2022-01-22T00:00:00Z,7,NA,temperature,sunp
2022-01-22T00:00:00Z,8,NA,temperature,sunp
2022-01-22T00:00:00Z,9,NA,temperature,sunp
2022-01-22T00:00:00Z,10,NA,temperature,sunp
2022-01-23T00:00:00Z,1,NA,temperature,sunp
2022-01-23T00:00:00Z,2,NA,temperature,sunp
2022-01-23T00:00:00Z,3,NA,temperature,sunp
2022-01-23T00:00:00Z,4,NA,temperature,sunp
2022-01-23T00:00:00Z,5,NA,temperature,sunp
2022-01-23T00:00:00Z,6,NA,temperature,sunp
2022-01-23T00:00:00Z,7,NA,temperature,sunp
2022-01-23T00:00:00Z,8,NA,temperature,sunp
2022-01-23T00:00:00Z,9,NA,temperature,sunp
2022-01-23T00:00:00Z,10,NA,temperature,sunp
2022-01-24T00:00:00Z,1,NA,temperature,sunp
2022-01-24T00:00:00Z,2,NA,temperature,sunp
2022-01-24T00:00:00Z,3,NA,temperature,sunp
2022-01-24T00:00:00Z,4,NA,temperature,sunp
2022-01-24T00:00:00Z,5,NA,temperature,sunp
2022-01-24T00:00:00Z,6,NA,temperature,sunp
2022-01-24T00:00:00Z,7,NA,temperature,sunp
2022-01-24T00:00:00Z,8,NA,temperature,sunp
2022-01-24T00:00:00Z,9,NA,temperature,sunp
2022-01-24T00:00:00Z,10,NA,temperature,sunp
2022-01-25T00:00:00Z,1,NA,temperature,sunp
2022-01-25T00:00:00Z,2,NA,temperature,sunp
2022-01-25T00:00:00Z,3,NA,temperature,sunp
2022-01-25T00:00:00Z,4,NA,temperature,sunp
2022-01-25T00:00:00Z,5,NA,temperature,sunp
2022-01-25T00:00:00Z,6,NA,temperature,sunp
2022-01-25T00:00:00Z,7,NA,temperature,sunp
2022-01-25T00:00:00Z,8,NA,temperature,sunp
2022-01-25T00:00:00Z,9,NA,temperature,sunp
2022-01-25T00:00:00Z,10,NA,temperature,sunp
2022-01-26T00:00:00Z,1,NA,temperature,sunp
2022-01-26T00:00:00Z,2,NA,temperature,sunp
2022-01-26T00:00:00Z,3,NA,temperature,sunp
2022-01-26T00:00:00Z,4,NA,temperature,sunp
2022-01-26T00:00:00Z,5,NA,temperature,sunp
2022-01-26T00:00:00Z,6,NA,temperature,sunp
2022-01-26T00:00:00Z,7,NA,temperature,sunp
2022-01-26T00:00:00Z,8,NA,temperature,sunp
2022-01-26T00:00:00Z,9,NA,temperature,sunp
2022-01-26T00:00:00Z,10,NA,temperature,sunp
2022-01-27T00:00:00Z,1,NA,temperature,sunp
2022-01-27T00:00:00Z,2,NA,temperature,sunp
2022-01-27T00:00:00Z,3,NA,temperature,sunp
2022-01-27T00:00:00Z,4,NA,temperature,sunp
2022-01-27T00:00:00Z,5,NA,temperature,sunp
2022-01-27T00:00:00Z,6,NA,temperature,sunp
2022-01-27T00:00:00Z,7,NA,temperature,sunp
2022-01-27T00:00:00Z,8,NA,temperature,sunp
2022-01-27T00:00:00Z,9,NA,temperature,sunp
2022-01-27T00:00:00Z,10,NA,temperature,sunp
2022-01-28T00:00:00Z,1,NA,temperature,sunp
2022-01-28T00:00:00Z,2,NA,temperature,sunp
2022-01-28T00:00:00Z,3,NA,temperature,sunp
2022-01-28T00:00:00Z,4,NA,temperature,sunp
2022-01-28T00:00:00Z,5,NA,temperature,sunp
2022-01-28T00:00:00Z,6,NA,temperature,sunp
2022-01-28T00:00:00Z,7,NA,temperature,sunp
2022-01-28T00:00:00Z,8,NA,temperature,sunp
2022-01-28T00:00:00Z,9,NA,temperature,sunp
2022-01-28T00:00:00Z,10,NA,temperature,sunp
2022-01-29T00:00:00Z,1,NA,temperature,sunp
2022-01-29T00:00:00Z,2,NA,temperature,sunp
2022-01-29T00:00:00Z,3,NA,temperature,sunp
2022-01-29T00:00:00Z,4,NA,temperature,sunp
2022-01-29T00:00:00Z,5,NA,temperature,sunp
2022-01-29T00:00:00Z,6,NA,temperature,sunp
2022-01-29T00:00:00Z,7,NA,temperature,sunp
2022-01-29T00:00:00Z,8,NA,temperature,sunp
2022-01-29T00:00:00Z,9,NA,temperature,sunp
2022-01-29T00:00:00Z,10,NA,temperature,sunp
2022-01-30T00:00:00Z,1,NA,temperature,sunp
2022-01-30T00:00:00Z,2,NA,temperature,sunp
2022-01-30T00:00:00Z,3,NA,temperature,sunp
2022-01-30T00:00:00Z,4,NA,temperature,sunp
2022-01-30T00:00:00Z,5,NA,temperature,sunp
2022-01-30T00:00:00Z,6,NA,temperature,sunp
2022-01-30T00:00:00Z,7,NA,temperature,sunp
2022-01-30T00:00:00Z,8,NA,temperature,sunp
2022-01-30T00:00:00Z,9,NA,temperature,sunp
2022-01-30T00:00:00Z,10,NA,temperature,sunp
2022-01-31T00:00:00Z,1,NA,temperature,sunp
2022-01-31T00:00:00Z,2,NA,temperature,sunp
2022-01-31T00:00:00Z,3,NA,temperature,sunp
2022-01-31T00:00:00Z,4,NA,temperature,sunp
2022-01-31T00:00:00Z,5,NA,temperature,sunp
2022-01-31T00:00:00Z,6,NA,temperature,sunp
2022-01-31T00:00:00Z,7,NA,temperature,sunp
2022-01-31T00:00:00Z,8,NA,temperature,sunp
2022-01-31T00:00:00Z,9,NA,temperature,sunp
2022-01-31T00:00:00Z,10,NA,temperature,sunp
2022-02-01T00:00:00Z,1,NA,temperature,sunp
2022-02-01T00:00:00Z,2,NA,temperature,sunp
2022-02-01T00:00:00Z,3,NA,temperature,sunp
2022-02-01T00:00:00Z,4,NA,temperature,sunp
2022-02-01T00:00:00Z,5,NA,temperature,sunp
2022-02-01T00:00:00Z,6,NA,temperature,sunp
2022-02-01T00:00:00Z,7,NA,temperature,sunp
2022-02-01T00:00:00Z,8,NA,temperature,sunp
2022-02-01T00:00:00Z,9,NA,temperature,sunp
2022-02-01T00:00:00Z,10,NA,temperature,sunp
2022-02-02T00:00:00Z,1,NA,temperature,sunp
2022-02-02T00:00:00Z,2,NA,temperature,sunp
2022-02-02T00:00:00Z,3,NA,temperature,sunp
2022-02-02T00:00:00Z,4,NA,temperature,sunp
2022-02-02T00:00:00Z,5,NA,temperature,sunp
2022-02-02T00:00:00Z,6,NA,temperature,sunp
2022-02-02T00:00:00Z,7,NA,temperature,sunp
2022-02-02T00:00:00Z,8,NA,temperature,sunp
2022-02-02T00:00:00Z,9,NA,temperature,sunp
2022-02-02T00:00:00Z,10,NA,temperature,sunp
2022-02-03T00:00:00Z,1,NA,temperature,sunp
2022-02-03T00:00:00Z,2,NA,temperature,sunp
2022-02-03T00:00:00Z,3,NA,temperature,sunp
2022-02-03T00:00:00Z,4,NA,temperature,sunp
2022-02-03T00:00:00Z,5,NA,temperature,sunp
2022-02-03T00:00:00Z,6,NA,temperature,sunp
2022-02-03T00:00:00Z,7,NA,temperature,sunp
2022-02-03T00:00:00Z,8,NA,temperature,sunp
2022-02-03T00:00:00Z,9,NA,temperature,sunp
2022-02-03T00:00:00Z,10,NA,temperature,sunp
2022-02-04T00:00:00Z,1,NA,temperature,sunp
2022-02-04T00:00:00Z,2,NA,temperature,sunp
2022-02-04T00:00:00Z,3,NA,temperature,sunp
2022-02-04T00:00:00Z,4,NA,temperature,sunp
2022-02-04T00:00:00Z,5,NA,temperature,sunp
2022-02-04T00:00:00Z,6,NA,temperature,sunp
2022-02-04T00:00:00Z,7,NA,temperature,sunp
2022-02-04T00:00:00Z,8,NA,temperature,sunp
2022-02-04T00:00:00Z,9,NA,temperature,sunp
2022-02-04T00:00:00Z,10,NA,temperature,sunp
2022-02-05T00:00:00Z,1,NA,temperature,sunp
2022-02-05T00:00:00Z,2,NA,temperature,sunp
2022-02-05T00:00:00Z,3,NA,temperature,sunp
2022-02-05T00:00:00Z,4,NA,temperature,sunp
2022-02-05T00:00:00Z,5,NA,temperature,sunp
2022-02-05T00:00:00Z,6,NA,temperature,sunp
2022-02-05T00:00:00Z,7,NA,temperature,sunp
2022-02-05T00:00:00Z,8,NA,temperature,sunp
2022-02-05T00:00:00Z,9,NA,temperature,sunp
2022-02-05T00:00:00Z,10,NA,temperature,sunp
2022-02-06T00:00:00Z,1,NA,temperature,sunp
2022-02-06T00:00:00Z,2,NA,temperature,sunp
2022-02-06T00:00:00Z,3,NA,temperature,sunp
2022-02-06T00:00:00Z,4,NA,temperature,sunp
2022-02-06T00:00:00Z,5,NA,temperature,sunp
2022-02-06T00:00:00Z,6,NA,temperature,sunp
2022-02-06T00:00:00Z,7,NA,temperature,sunp
2022-02-06T00:00:00Z,8,NA,temperature,sunp
2022-02-06T00:00:00Z,9,NA,temperature,sunp
2022-02-06T00:00:00Z,10,NA,temperature,sunp
2022-02-07T00:00:00Z,1,NA,temperature,sunp
2022-02-07T00:00:00Z,2,NA,temperature,sunp
2022-02-07T00:00:00Z,3,NA,temperature,sunp
2022-02-07T00:00:00Z,4,NA,temperature,sunp
2022-02-07T00:00:00Z,5,NA,temperature,sunp
2022-02-07T00:00:00Z,6,NA,temperature,sunp
2022-02-07T00:00:00Z,7,NA,temperature,sunp
2022-02-07T00:00:00Z,8,NA,temperature,sunp
2022-02-07T00:00:00Z,9,NA,temperature,sunp
2022-02-07T00:00:00Z,10,NA,temperature,sunp
2022-02-08T00:00:00Z,1,NA,temperature,sunp
2022-02-08T00:00:00Z,2,NA,temperature,sunp
2022-02-08T00:00:00Z,3,NA,temperature,sunp
2022-02-08T00:00:00Z,4,NA,temperature,sunp
2022-02-08T00:00:00Z,5,NA,temperature,sunp
2022-02-08T00:00:00Z,6,NA,temperature,sunp
2022-02-08T00:00:00Z,7,NA,temperature,sunp
2022-02-08T00:00:00Z,8,NA,temperature,sunp
2022-02-08T00:00:00Z,9,NA,temperature,sunp
2022-02-08T00:00:00Z,10,NA,temperature,sunp
2022-02-09T00:00:00Z,1,NA,temperature,sunp
2022-02-09T00:00:00Z,2,NA,temperature,sunp
2022-02-09T00:00:00Z,3,NA,temperature,sunp
2022-02-09T00:00:00Z,4,NA,temperature,sunp
2022-02-09T00:00:00Z,5,NA,temperature,sunp
2022-02-09T00:00:00Z,6,NA,temperature,sunp
2022-02-09T00:00:00Z,7,NA,temperature,sunp
2022-02-09T00:00:00Z,8,NA,temperature,sunp
2022-02-09T00:00:00Z,9,NA,temperature,sunp
2022-02-09T00:00:00Z,10,NA,temperature,sunp
2022-02-10T00:00:00Z,1,NA,temperature,sunp
2022-02-10T00:00:00Z,2,NA,temperature,sunp
2022-02-10T00:00:00Z,3,NA,temperature,sunp
2022-02-10T00:00:00Z,4,NA,temperature,sunp
2022-02-10T00:00:00Z,5,NA,temperature,sunp
2022-02-10T00:00:00Z,6,NA,temperature,sunp
2022-02-10T00:00:00Z,7,NA,temperature,sunp
2022-02-10T00:00:00Z,8,NA,temperature,sunp
2022-02-10T00:00:00Z,9,NA,temperature,sunp
2022-02-10T00:00:00Z,10,NA,temperature,sunp
2022-02-11T00:00:00Z,1,NA,temperature,sunp
2022-02-11T00:00:00Z,2,NA,temperature,sunp
2022-02-11T00:00:00Z,3,NA,temperature,sunp
2022-02-11T00:00:00Z,4,NA,temperature,sunp
2022-02-11T00:00:00Z,5,NA,temperature,sunp
2022-02-11T00:00:00Z,6,NA,temperature,sunp
2022-02-11T00:00:00Z,7,NA,temperature,sunp
2022-02-11T00:00:00Z,8,NA,temperature,sunp
2022-02-11T00:00:00Z,9,NA,temperature,sunp
2022-02-11T00:00:00Z,10,NA,temperature,sunp
2022-02-12T00:00:00Z,1,NA,temperature,sunp
2022-02-12T00:00:00Z,2,NA,temperature,sunp
2022-02-12T00:00:00Z,3,NA,temperature,sunp
2022-02-12T00:00:00Z,4,NA,temperature,sunp
2022-02-12T00:00:00Z,5,NA,temperature,sunp
2022-02-12T00:00:00Z,6,NA,temperature,sunp
2022-02-12T00:00:00Z,7,NA,temperature,sunp
2022-02-12T00:00:00Z,8,NA,temperature,sunp
2022-02-12T00:00:00Z,9,NA,temperature,sunp
2022-02-12T00:00:00Z,10,NA,temperature,sunp
2022-02-13T00:00:00Z,1,NA,temperature,sunp
2022-02-13T00:00:00Z,2,NA,temperature,sunp
2022-02-13T00:00:00Z,3,NA,temperature,sunp
2022-02-13T00:00:00Z,4,NA,temperature,sunp
2022-02-13T00:00:00Z,5,NA,temperature,sunp
2022-02-13T00:00:00Z,6,NA,temperature,sunp
2022-02-13T00:00:00Z,7,NA,temperature,sunp
2022-02-13T00:00:00Z,8,NA,temperature,sunp
2022-02-13T00:00:00Z,9,NA,temperature,sunp
2022-02-13T00:00:00Z,10,NA,temperature,sunp
2022-02-14T00:00:00Z,1,NA,temperature,sunp
2022-02-14T00:00:00Z,2,NA,temperature,sunp
2022-02-14T00:00:00Z,3,NA,temperature,sunp
2022-02-14T00:00:00Z,4,NA,temperature,sunp
2022-02-14T00:00:00Z,5,NA,temperature,sunp
2022-02-14T00:00:00Z,6,NA,temperature,sunp
2022-02-14T00:00:00Z,7,NA,temperature,sunp
2022-02-14T00:00:00Z,8,NA,temperature,sunp
2022-02-14T00:00:00Z,9,NA,temperature,sunp
2022-02-14T00:00:00Z,10,NA,temperature,sunp
2022-02-15T00:00:00Z,1,NA,temperature,sunp
2022-02-15T00:00:00Z,2,NA,temperature,sunp
2022-02-15T00:00:00Z,3,NA,temperature,sunp
2022-02-15T00:00:00Z,4,NA,temperature,sunp
2022-02-15T00:00:00Z,5,NA,temperature,sunp
2022-02-15T00:00:00Z,6,NA,temperature,sunp
2022-02-15T00:00:00Z,7,NA,temperature,sunp
2022-02-15T00:00:00Z,8,NA,temperature,sunp
2022-02-15T00:00:00Z,9,NA,temperature,sunp
2022-02-15T00:00:00Z,10,NA,temperature,sunp
2022-02-16T00:00:00Z,1,NA,temperature,sunp
2022-02-16T00:00:00Z,2,NA,temperature,sunp
2022-02-16T00:00:00Z,3,NA,temperature,sunp
2022-02-16T00:00:00Z,4,NA,temperature,sunp
2022-02-16T00:00:00Z,5,NA,temperature,sunp
2022-02-16T00:00:00Z,6,NA,temperature,sunp
2022-02-16T00:00:00Z,7,NA,temperature,sunp
2022-02-16T00:00:00Z,8,NA,temperature,sunp
2022-02-16T00:00:00Z,9,NA,temperature,sunp
2022-02-16T00:00:00Z,10,NA,temperature,sunp
2022-02-17T00:00:00Z,1,NA,temperature,sunp
2022-02-17T00:00:00Z,2,NA,temperature,sunp
2022-02-17T00:00:00Z,3,NA,temperature,sunp
2022-02-17T00:00:00Z,4,NA,temperature,sunp
2022-02-17T00:00:00Z,5,NA,temperature,sunp
2022-02-17T00:00:00Z,6,NA,temperature,sunp
2022-02-17T00:00:00Z,7,NA,temperature,sunp
2022-02-17T00:00:00Z,8,NA,temperature,sunp
2022-02-17T00:00:00Z,9,NA,temperature,sunp
2022-02-17T00:00:00Z,10,NA,temperature,sunp
2022-02-18T00:00:00Z,1,NA,temperature,sunp
2022-02-18T00:00:00Z,2,NA,temperature,sunp
2022-02-18T00:00:00Z,3,NA,temperature,sunp
2022-02-18T00:00:00Z,4,NA,temperature,sunp
2022-02-18T00:00:00Z,5,NA,temperature,sunp
2022-02-18T00:00:00Z,6,NA,temperature,sunp
2022-02-18T00:00:00Z,7,NA,temperature,sunp
2022-02-18T00:00:00Z,8,NA,temperature,sunp
2022-02-18T00:00:00Z,9,NA,temperature,sunp
2022-02-18T00:00:00Z,10,NA,temperature,sunp
2022-02-19T00:00:00Z,1,NA,temperature,sunp
2022-02-19T00:00:00Z,2,NA,temperature,sunp
2022-02-19T00:00:00Z,3,NA,temperature,sunp
2022-02-19T00:00:00Z,4,NA,temperature,sunp
2022-02-19T00:00:00Z,5,NA,temperature,sunp
2022-02-19T00:00:00Z,6,NA,temperature,sunp
2022-02-19T00:00:00Z,7,NA,temperature,sunp
2022-02-19T00:00:00Z,8,NA,temperature,sunp
2022-02-19T00:00:00Z,9,NA,temperature,sunp
2022-02-19T00:00:00Z,10,NA,temperature,sunp
2022-02-20T00:00:00Z,1,NA,temperature,sunp
2022-02-20T00:00:00Z,2,NA,temperature,sunp
2022-02-20T00:00:00Z,3,NA,temperature,sunp
2022-02-20T00:00:00Z,4,NA,temperature,sunp
2022-02-20T00:00:00Z,5,NA,temperature,sunp
2022-02-20T00:00:00Z,6,NA,temperature,sunp
2022-02-20T00:00:00Z,7,NA,temperature,sunp
2022-02-20T00:00:00Z,8,NA,temperature,sunp
2022-02-20T00:00:00Z,9,NA,temperature,sunp
2022-02-20T00:00:00Z,10,NA,temperature,sunp
2022-02-21T00:00:00Z,1,NA,temperature,sunp
2022-02-21T00:00:00Z,2,NA,temperature,sunp
2022-02-21T00:00:00Z,3,NA,temperature,sunp
2022-02-21T00:00:00Z,4,NA,temperature,sunp
2022-02-21T00:00:00Z,5,NA,temperature,sunp
2022-02-21T00:00:00Z,6,NA,temperature,sunp
2022-02-21T00:00:00Z,7,NA,temperature,sunp
2022-02-21T00:00:00Z,8,NA,temperature,sunp
2022-02-21T00:00:00Z,9,NA,temperature,sunp
2022-02-21T00:00:00Z,10,NA,temperature,sunp
2022-02-22T00:00:00Z,1,NA,temperature,sunp
2022-02-22T00:00:00Z,2,NA,temperature,sunp
2022-02-22T00:00:00Z,3,NA,temperature,sunp
2022-02-22T00:00:00Z,4,NA,temperature,sunp
2022-02-22T00:00:00Z,5,NA,temperature,sunp
2022-02-22T00:00:00Z,6,NA,temperature,sunp
2022-02-22T00:00:00Z,7,NA,temperature,sunp
2022-02-22T00:00:00Z,8,NA,temperature,sunp
2022-02-22T00:00:00Z,9,NA,temperature,sunp
2022-02-22T00:00:00Z,10,NA,temperature,sunp
2022-02-23T00:00:00Z,1,NA,temperature,sunp
2022-02-23T00:00:00Z,2,NA,temperature,sunp
2022-02-23T00:00:00Z,3,NA,temperature,sunp
2022-02-23T00:00:00Z,4,NA,temperature,sunp
2022-02-23T00:00:00Z,5,NA,temperature,sunp
2022-02-23T00:00:00Z,6,NA,temperature,sunp
2022-02-23T00:00:00Z,7,NA,temperature,sunp
2022-02-23T00:00:00Z,8,NA,temperature,sunp
2022-02-23T00:00:00Z,9,NA,temperature,sunp
2022-02-23T00:00:00Z,10,NA,temperature,sunp
2022-02-24T00:00:00Z,1,NA,temperature,sunp
2022-02-24T00:00:00Z,2,NA,temperature,sunp
2022-02-24T00:00:00Z,3,NA,temperature,sunp
2022-02-24T00:00:00Z,4,NA,temperature,sunp
2022-02-24T00:00:00Z,5,NA,temperature,sunp
2022-02-24T00:00:00Z,6,NA,temperature,sunp
2022-02-24T00:00:00Z,7,NA,temperature,sunp
2022-02-24T00:00:00Z,8,NA,temperature,sunp
2022-02-24T00:00:00Z,9,NA,temperature,sunp
2022-02-24T00:00:00Z,10,NA,temperature,sunp
2022-02-25T00:00:00Z,1,NA,temperature,sunp
2022-02-25T00:00:00Z,2,NA,temperature,sunp
2022-02-25T00:00:00Z,3,NA,temperature,sunp
2022-02-25T00:00:00Z,4,NA,temperature,sunp
2022-02-25T00:00:00Z,5,NA,temperature,sunp
2022-02-25T00:00:00Z,6,NA,temperature,sunp
2022-02-25T00:00:00Z,7,NA,temperature,sunp
2022-02-25T00:00:00Z,8,NA,temperature,sunp
2022-02-25T00:00:00Z,9,NA,temperature,sunp
2022-02-25T00:00:00Z,10,NA,temperature,sunp
2022-02-26T00:00:00Z,1,NA,temperature,sunp
2022-02-26T00:00:00Z,2,NA,temperature,sunp
2022-02-26T00:00:00Z,3,NA,temperature,sunp
2022-02-26T00:00:00Z,4,NA,temperature,sunp
2022-02-26T00:00:00Z,5,NA,temperature,sunp
2022-02-26T00:00:00Z,6,NA,temperature,sunp
2022-02-26T00:00:00Z,7,NA,temperature,sunp
2022-02-26T00:00:00Z,8,NA,temperature,sunp
2022-02-26T00:00:00Z,9,NA,temperature,sunp
2022-02-26T00:00:00Z,10,NA,temperature,sunp
2022-02-27T00:00:00Z,1,NA,temperature,sunp
2022-02-27T00:00:00Z,2,NA,temperature,sunp
2022-02-27T00:00:00Z,3,NA,temperature,sunp
2022-02-27T00:00:00Z,4,NA,temperature,sunp
2022-02-27T00:00:00Z,5,NA,temperature,sunp
2022-02-27T00:00:00Z,6,NA,temperature,sunp
2022-02-27T00:00:00Z,7,NA,temperature,sunp
2022-02-27T00:00:00Z,8,NA,temperature,sunp
2022-02-27T00:00:00Z,9,NA,temperature,sunp
2022-02-27T00:00:00Z,10,NA,temperature,sunp
2022-02-28T00:00:00Z,1,NA,temperature,sunp
2022-02-28T00:00:00Z,2,NA,temperature,sunp
2022-02-28T00:00:00Z,3,NA,temperature,sunp
2022-02-28T00:00:00Z,4,NA,temperature,sunp
2022-02-28T00:00:00Z,5,NA,temperature,sunp
2022-02-28T00:00:00Z,6,NA,temperature,sunp
2022-02-28T00:00:00Z,7,NA,temperature,sunp
2022-02-28T00:00:00Z,8,NA,temperature,sunp
2022-02-28T00:00:00Z,9,NA,temperature,sunp
2022-02-28T00:00:00Z,10,NA,temperature,sunp
2022-03-01T00:00:00Z,1,NA,temperature,sunp
2022-03-01T00:00:00Z,2,NA,temperature,sunp
2022-03-01T00:00:00Z,3,NA,temperature,sunp
2022-03-01T00:00:00Z,4,NA,temperature,sunp
2022-03-01T00:00:00Z,5,NA,temperature,sunp
2022-03-01T00:00:00Z,6,NA,temperature,sunp
2022-03-01T00:00:00Z,7,NA,temperature,sunp
2022-03-01T00:00:00Z,8,NA,temperature,sunp
2022-03-01T00:00:00Z,9,NA,temperature,sunp
2022-03-01T00:00:00Z,10,NA,temperature,sunp
2022-03-02T00:00:00Z,1,NA,temperature,sunp
2022-03-02T00:00:00Z,2,NA,temperature,sunp
2022-03-02T00:00:00Z,3,NA,temperature,sunp
2022-03-02T00:00:00Z,4,NA,temperature,sunp
2022-03-02T00:00:00Z,5,NA,temperature,sunp
2022-03-02T00:00:00Z,6,NA,temperature,sunp
2022-03-02T00:00:00Z,7,NA,temperature,sunp
2022-03-02T00:00:00Z,8,NA,temperature,sunp
2022-03-02T00:00:00Z,9,NA,temperature,sunp
2022-03-02T00:00:00Z,10,NA,temperature,sunp
2022-03-03T00:00:00Z,1,NA,temperature,sunp
2022-03-03T00:00:00Z,2,NA,temperature,sunp
2022-03-03T00:00:00Z,3,NA,temperature,sunp
2022-03-03T00:00:00Z,4,NA,temperature,sunp
2022-03-03T00:00:00Z,5,NA,temperature,sunp
2022-03-03T00:00:00Z,6,NA,temperature,sunp
2022-03-03T00:00:00Z,7,NA,temperature,sunp
2022-03-03T00:00:00Z,8,NA,temperature,sunp
2022-03-03T00:00:00Z,9,NA,temperature,sunp
2022-03-03T00:00:00Z,10,NA,temperature,sunp
2022-03-04T00:00:00Z,1,NA,temperature,sunp
2022-03-04T00:00:00Z,2,NA,temperature,sunp
2022-03-04T00:00:00Z,3,NA,temperature,sunp
2022-03-04T00:00:00Z,4,NA,temperature,sunp
2022-03-04T00:00:00Z,5,NA,temperature,sunp
2022-03-04T00:00:00Z,6,NA,temperature,sunp
2022-03-04T00:00:00Z,7,NA,temperature,sunp
2022-03-04T00:00:00Z,8,NA,temperature,sunp
2022-03-04T00:00:00Z,9,NA,temperature,sunp
2022-03-04T00:00:00Z,10,NA,temperature,sunp
2022-03-05T00:00:00Z,1,NA,temperature,sunp
2022-03-05T00:00:00Z,2,NA,temperature,sunp
2022-03-05T00:00:00Z,3,NA,temperature,sunp
2022-03-05T00:00:00Z,4,NA,temperature,sunp
2022-03-05T00:00:00Z,5,NA,temperature,sunp
2022-03-05T00:00:00Z,6,NA,temperature,sunp
2022-03-05T00:00:00Z,7,NA,temperature,sunp
2022-03-05T00:00:00Z,8,NA,temperature,sunp
2022-03-05T00:00:00Z,9,NA,temperature,sunp
2022-03-05T00:00:00Z,10,NA,temperature,sunp
2022-03-06T00:00:00Z,1,NA,temperature,sunp
2022-03-06T00:00:00Z,2,NA,temperature,sunp
2022-03-06T00:00:00Z,3,NA,temperature,sunp
2022-03-06T00:00:00Z,4,NA,temperature,sunp
2022-03-06T00:00:00Z,5,NA,temperature,sunp
2022-03-06T00:00:00Z,6,NA,temperature,sunp
2022-03-06T00:00:00Z,7,NA,temperature,sunp
2022-03-06T00:00:00Z,8,NA,temperature,sunp
2022-03-06T00:00:00Z,9,NA,temperature,sunp
2022-03-06T00:00:00Z,10,NA,temperature,sunp
2022-03-07T00:00:00Z,1,NA,temperature,sunp
2022-03-07T00:00:00Z,2,NA,temperature,sunp
2022-03-07T00:00:00Z,3,NA,temperature,sunp
2022-03-07T00:00:00Z,4,NA,temperature,sunp
2022-03-07T00:00:00Z,5,NA,temperature,sunp
2022-03-07T00:00:00Z,6,NA,temperature,sunp
2022-03-07T00:00:00Z,7,NA,temperature,sunp
2022-03-07T00:00:00Z,8,NA,temperature,sunp
2022-03-07T00:00:00Z,9,NA,temperature,sunp
2022-03-07T00:00:00Z,10,NA,temperature,sunp
2022-03-08T00:00:00Z,1,NA,temperature,sunp
2022-03-08T00:00:00Z,2,NA,temperature,sunp
2022-03-08T00:00:00Z,3,NA,temperature,sunp
2022-03-08T00:00:00Z,4,NA,temperature,sunp
2022-03-08T00:00:00Z,5,NA,temperature,sunp
2022-03-08T00:00:00Z,6,NA,temperature,sunp
2022-03-08T00:00:00Z,7,NA,temperature,sunp
2022-03-08T00:00:00Z,8,NA,temperature,sunp
2022-03-08T00:00:00Z,9,NA,temperature,sunp
2022-03-08T00:00:00Z,10,NA,temperature,sunp
2022-03-09T00:00:00Z,1,NA,temperature,sunp
2022-03-09T00:00:00Z,2,NA,temperature,sunp
2022-03-09T00:00:00Z,3,NA,temperature,sunp
2022-03-09T00:00:00Z,4,NA,temperature,sunp
2022-03-09T00:00:00Z,5,NA,temperature,sunp
2022-03-09T00:00:00Z,6,NA,temperature,sunp
2022-03-09T00:00:00Z,7,NA,temperature,sunp
2022-03-09T00:00:00Z,8,NA,temperature,sunp
2022-03-09T00:00:00Z,9,NA,temperature,sunp
2022-03-09T00:00:00Z,10,NA,temperature,sunp
2022-03-10T00:00:00Z,1,NA,temperature,sunp
2022-03-10T00:00:00Z,2,NA,temperature,sunp
2022-03-10T00:00:00Z,3,NA,temperature,sunp
2022-03-10T00:00:00Z,4,NA,temperature,sunp
2022-03-10T00:00:00Z,5,NA,temperature,sunp
2022-03-10T00:00:00Z,6,NA,temperature,sunp
2022-03-10T00:00:00Z,7,NA,temperature,sunp
2022-03-10T00:00:00Z,8,NA,temperature,sunp
2022-03-10T00:00:00Z,9,NA,temperature,sunp
2022-03-10T00:00:00Z,10,NA,temperature,sunp
2022-03-11T00:00:00Z,1,NA,temperature,sunp
2022-03-11T00:00:00Z,2,NA,temperature,sunp
2022-03-11T00:00:00Z,3,NA,temperature,sunp
2022-03-11T00:00:00Z,4,NA,temperature,sunp
2022-03-11T00:00:00Z,5,NA,temperature,sunp
2022-03-11T00:00:00Z,6,NA,temperature,sunp
2022-03-11T00:00:00Z,7,NA,temperature,sunp
2022-03-11T00:00:00Z,8,NA,temperature,sunp
2022-03-11T00:00:00Z,9,NA,temperature,sunp
2022-03-11T00:00:00Z,10,NA,temperature,sunp
2022-03-12T00:00:00Z,1,NA,temperature,sunp
2022-03-12T00:00:00Z,2,NA,temperature,sunp
2022-03-12T00:00:00Z,3,NA,temperature,sunp
2022-03-12T00:00:00Z,4,NA,temperature,sunp
2022-03-12T00:00:00Z,5,NA,temperature,sunp
2022-03-12T00:00:00Z,6,NA,temperature,sunp
2022-03-12T00:00:00Z,7,NA,temperature,sunp
2022-03-12T00:00:00Z,8,NA,temperature,sunp
2022-03-12T00:00:00Z,9,NA,temperature,sunp
2022-03-12T00:00:00Z,10,NA,temperature,sunp
2022-03-13T00:00:00Z,1,NA,temperature,sunp
2022-03-13T00:00:00Z,2,NA,temperature,sunp
2022-03-13T00:00:00Z,3,NA,temperature,sunp
2022-03-13T00:00:00Z,4,NA,temperature,sunp
2022-03-13T00:00:00Z,5,NA,temperature,sunp
2022-03-13T00:00:00Z,6,NA,temperature,sunp
2022-03-13T00:00:00Z,7,NA,temperature,sunp
2022-03-13T00:00:00Z,8,NA,temperature,sunp
2022-03-13T00:00:00Z,9,NA,temperature,sunp
2022-03-13T00:00:00Z,10,NA,temperature,sunp
2022-03-14T00:00:00Z,1,NA,temperature,sunp
2022-03-14T00:00:00Z,2,NA,temperature,sunp
2022-03-14T00:00:00Z,3,NA,temperature,sunp
2022-03-14T00:00:00Z,4,NA,temperature,sunp
2022-03-14T00:00:00Z,5,NA,temperature,sunp
2022-03-14T00:00:00Z,6,NA,temperature,sunp
2022-03-14T00:00:00Z,7,NA,temperature,sunp
2022-03-14T00:00:00Z,8,NA,temperature,sunp
2022-03-14T00:00:00Z,9,NA,temperature,sunp
2022-03-14T00:00:00Z,10,NA,temperature,sunp
2022-03-15T00:00:00Z,1,NA,temperature,sunp
2022-03-15T00:00:00Z,2,NA,temperature,sunp
2022-03-15T00:00:00Z,3,NA,temperature,sunp
2022-03-15T00:00:00Z,4,NA,temperature,sunp
2022-03-15T00:00:00Z,5,NA,temperature,sunp
2022-03-15T00:00:00Z,6,NA,temperature,sunp
2022-03-15T00:00:00Z,7,NA,temperature,sunp
2022-03-15T00:00:00Z,8,NA,temperature,sunp
2022-03-15T00:00:00Z,9,NA,temperature,sunp
2022-03-15T00:00:00Z,10,NA,temperature,sunp
2022-03-16T00:00:00Z,1,NA,temperature,sunp
2022-03-16T00:00:00Z,2,NA,temperature,sunp
2022-03-16T00:00:00Z,3,NA,temperature,sunp
2022-03-16T00:00:00Z,4,NA,temperature,sunp
2022-03-16T00:00:00Z,5,NA,temperature,sunp
2022-03-16T00:00:00Z,6,NA,temperature,sunp
2022-03-16T00:00:00Z,7,NA,temperature,sunp
2022-03-16T00:00:00Z,8,NA,temperature,sunp
2022-03-16T00:00:00Z,9,NA,temperature,sunp
2022-03-16T00:00:00Z,10,NA,temperature,sunp
2022-03-17T00:00:00Z,1,NA,temperature,sunp
2022-03-17T00:00:00Z,2,NA,temperature,sunp
2022-03-17T00:00:00Z,3,NA,temperature,sunp
2022-03-17T00:00:00Z,4,NA,temperature,sunp
2022-03-17T00:00:00Z,5,NA,temperature,sunp
2022-03-17T00:00:00Z,6,NA,temperature,sunp
2022-03-17T00:00:00Z,7,NA,temperature,sunp
2022-03-17T00:00:00Z,8,NA,temperature,sunp
2022-03-17T00:00:00Z,9,NA,temperature,sunp
2022-03-17T00:00:00Z,10,NA,temperature,sunp
2022-03-18T00:00:00Z,1,NA,temperature,sunp
2022-03-18T00:00:00Z,2,NA,temperature,sunp
2022-03-18T00:00:00Z,3,NA,temperature,sunp
2022-03-18T00:00:00Z,4,NA,temperature,sunp
2022-03-18T00:00:00Z,5,NA,temperature,sunp
2022-03-18T00:00:00Z,6,NA,temperature,sunp
2022-03-18T00:00:00Z,7,NA,temperature,sunp
2022-03-18T00:00:00Z,8,NA,temperature,sunp
2022-03-18T00:00:00Z,9,NA,temperature,sunp
2022-03-18T00:00:00Z,10,NA,temperature,sunp
2022-03-19T00:00:00Z,1,NA,temperature,sunp
2022-03-19T00:00:00Z,2,NA,temperature,sunp
2022-03-19T00:00:00Z,3,NA,temperature,sunp
2022-03-19T00:00:00Z,4,NA,temperature,sunp
2022-03-19T00:00:00Z,5,NA,temperature,sunp
2022-03-19T00:00:00Z,6,NA,temperature,sunp
2022-03-19T00:00:00Z,7,NA,temperature,sunp
2022-03-19T00:00:00Z,8,NA,temperature,sunp
2022-03-19T00:00:00Z,9,NA,temperature,sunp
2022-03-19T00:00:00Z,10,NA,temperature,sunp
2022-03-20T00:00:00Z,1,NA,temperature,sunp
2022-03-20T00:00:00Z,2,NA,temperature,sunp
2022-03-20T00:00:00Z,3,NA,temperature,sunp
2022-03-20T00:00:00Z,4,NA,temperature,sunp
2022-03-20T00:00:00Z,5,NA,temperature,sunp
2022-03-20T00:00:00Z,6,NA,temperature,sunp
2022-03-20T00:00:00Z,7,NA,temperature,sunp
2022-03-20T00:00:00Z,8,NA,temperature,sunp
2022-03-20T00:00:00Z,9,NA,temperature,sunp
2022-03-20T00:00:00Z,10,NA,temperature,sunp
2022-03-21T00:00:00Z,1,NA,temperature,sunp
2022-03-21T00:00:00Z,2,NA,temperature,sunp
2022-03-21T00:00:00Z,3,NA,temperature,sunp
2022-03-21T00:00:00Z,4,NA,temperature,sunp
2022-03-21T00:00:00Z,5,NA,temperature,sunp
2022-03-21T00:00:00Z,6,NA,temperature,sunp
2022-03-21T00:00:00Z,7,NA,temperature,sunp
2022-03-21T00:00:00Z,8,NA,temperature,sunp
2022-03-21T00:00:00Z,9,NA,temperature,sunp
2022-03-21T00:00:00Z,10,NA,temperature,sunp
2022-03-22T00:00:00Z,1,NA,temperature,sunp
2022-03-22T00:00:00Z,2,NA,temperature,sunp
2022-03-22T00:00:00Z,3,NA,temperature,sunp
2022-03-22T00:00:00Z,4,NA,temperature,sunp
2022-03-22T00:00:00Z,5,NA,temperature,sunp
2022-03-22T00:00:00Z,6,NA,temperature,sunp
2022-03-22T00:00:00Z,7,NA,temperature,sunp
2022-03-22T00:00:00Z,8,NA,temperature,sunp
2022-03-22T00:00:00Z,9,NA,temperature,sunp
2022-03-22T00:00:00Z,10,NA,temperature,sunp
2022-03-23T00:00:00Z,1,NA,temperature,sunp
2022-03-23T00:00:00Z,2,NA,temperature,sunp
2022-03-23T00:00:00Z,3,NA,temperature,sunp
2022-03-23T00:00:00Z,4,NA,temperature,sunp
2022-03-23T00:00:00Z,5,NA,temperature,sunp
2022-03-23T00:00:00Z,6,NA,temperature,sunp
2022-03-23T00:00:00Z,7,NA,temperature,sunp
2022-03-23T00:00:00Z,8,NA,temperature,sunp
2022-03-23T00:00:00Z,9,NA,temperature,sunp
2022-03-23T00:00:00Z,10,NA,temperature,sunp
2022-03-24T00:00:00Z,1,NA,temperature,sunp
2022-03-24T00:00:00Z,2,NA,temperature,sunp
2022-03-24T00:00:00Z,3,NA,temperature,sunp
2022-03-24T00:00:00Z,4,NA,temperature,sunp
2022-03-24T00:00:00Z,5,NA,temperature,sunp
2022-03-24T00:00:00Z,6,NA,temperature,sunp
2022-03-24T00:00:00Z,7,NA,temperature,sunp
2022-03-24T00:00:00Z,8,NA,temperature,sunp
2022-03-24T00:00:00Z,9,NA,temperature,sunp
2022-03-24T00:00:00Z,10,NA,temperature,sunp
2022-03-25T00:00:00Z,1,NA,temperature,sunp
2022-03-25T00:00:00Z,2,NA,temperature,sunp
2022-03-25T00:00:00Z,3,NA,temperature,sunp
2022-03-25T00:00:00Z,4,NA,temperature,sunp
2022-03-25T00:00:00Z,5,NA,temperature,sunp
2022-03-25T00:00:00Z,6,NA,temperature,sunp
2022-03-25T00:00:00Z,7,NA,temperature,sunp
2022-03-25T00:00:00Z,8,NA,temperature,sunp
2022-03-25T00:00:00Z,9,NA,temperature,sunp
2022-03-25T00:00:00Z,10,NA,temperature,sunp
2022-03-26T00:00:00Z,1,NA,temperature,sunp
2022-03-26T00:00:00Z,2,NA,temperature,sunp
2022-03-26T00:00:00Z,3,NA,temperature,sunp
2022-03-26T00:00:00Z,4,NA,temperature,sunp
2022-03-26T00:00:00Z,5,NA,temperature,sunp
2022-03-26T00:00:00Z,6,NA,temperature,sunp
2022-03-26T00:00:00Z,7,NA,temperature,sunp
2022-03-26T00:00:00Z,8,NA,temperature,sunp
2022-03-26T00:00:00Z,9,NA,temperature,sunp
2022-03-26T00:00:00Z,10,NA,temperature,sunp
2022-03-27T00:00:00Z,1,NA,temperature,sunp
2022-03-27T00:00:00Z,2,NA,temperature,sunp
2022-03-27T00:00:00Z,3,NA,temperature,sunp
2022-03-27T00:00:00Z,4,NA,temperature,sunp
2022-03-27T00:00:00Z,5,NA,temperature,sunp
2022-03-27T00:00:00Z,6,NA,temperature,sunp
2022-03-27T00:00:00Z,7,NA,temperature,sunp
2022-03-27T00:00:00Z,8,NA,temperature,sunp
2022-03-27T00:00:00Z,9,NA,temperature,sunp
2022-03-27T00:00:00Z,10,NA,temperature,sunp
2022-03-28T00:00:00Z,1,NA,temperature,sunp
2022-03-28T00:00:00Z,2,NA,temperature,sunp
2022-03-28T00:00:00Z,3,NA,temperature,sunp
2022-03-28T00:00:00Z,4,NA,temperature,sunp
2022-03-28T00:00:00Z,5,NA,temperature,sunp
2022-03-28T00:00:00Z,6,NA,temperature,sunp
2022-03-28T00:00:00Z,7,NA,temperature,sunp
2022-03-28T00:00:00Z,8,NA,temperature,sunp
2022-03-28T00:00:00Z,9,NA,temperature,sunp
2022-03-28T00:00:00Z,10,NA,temperature,sunp
2022-03-29T00:00:00Z,1,NA,temperature,sunp
2022-03-29T00:00:00Z,2,NA,temperature,sunp
2022-03-29T00:00:00Z,3,NA,temperature,sunp
2022-03-29T00:00:00Z,4,NA,temperature,sunp
2022-03-29T00:00:00Z,5,NA,temperature,sunp
2022-03-29T00:00:00Z,6,NA,temperature,sunp
2022-03-29T00:00:00Z,7,NA,temperature,sunp
2022-03-29T00:00:00Z,8,NA,temperature,sunp
2022-03-29T00:00:00Z,9,NA,temperature,sunp
2022-03-29T00:00:00Z,10,NA,temperature,sunp
2022-03-30T00:00:00Z,1,NA,temperature,sunp
2022-03-30T00:00:00Z,2,NA,temperature,sunp
2022-03-30T00:00:00Z,3,NA,temperature,sunp
2022-03-30T00:00:00Z,4,NA,temperature,sunp
2022-03-30T00:00:00Z,5,NA,temperature,sunp
2022-03-30T00:00:00Z,6,NA,temperature,sunp
2022-03-30T00:00:00Z,7,NA,temperature,sunp
2022-03-30T00:00:00Z,8,NA,temperature,sunp
2022-03-30T00:00:00Z,9,NA,temperature,sunp
2022-03-30T00:00:00Z,10,NA,temperature,sunp
2022-03-31T00:00:00Z,1,NA,temperature,sunp
2022-03-31T00:00:00Z,2,NA,temperature,sunp
2022-03-31T00:00:00Z,3,NA,temperature,sunp
2022-03-31T00:00:00Z,4,NA,temperature,sunp
2022-03-31T00:00:00Z,5,NA,temperature,sunp
2022-03-31T00:00:00Z,6,NA,temperature,sunp
2022-03-31T00:00:00Z,7,NA,temperature,sunp
2022-03-31T00:00:00Z,8,NA,temperature,sunp
2022-03-31T00:00:00Z,9,NA,temperature,sunp
2022-03-31T00:00:00Z,10,NA,temperature,sunp
2022-04-01T00:00:00Z,1,NA,temperature,sunp
2022-04-01T00:00:00Z,2,NA,temperature,sunp
2022-04-01T00:00:00Z,3,NA,temperature,sunp
2022-04-01T00:00:00Z,4,NA,temperature,sunp
2022-04-01T00:00:00Z,5,NA,temperature,sunp
2022-04-01T00:00:00Z,6,NA,temperature,sunp
2022-04-01T00:00:00Z,7,NA,temperature,sunp
2022-04-01T00:00:00Z,8,NA,temperature,sunp
2022-04-01T00:00:00Z,9,NA,temperature,sunp
2022-04-01T00:00:00Z,10,NA,temperature,sunp
2022-04-02T00:00:00Z,1,NA,temperature,sunp
2022-04-02T00:00:00Z,2,NA,temperature,sunp
2022-04-02T00:00:00Z,3,NA,temperature,sunp
2022-04-02T00:00:00Z,4,NA,temperature,sunp
2022-04-02T00:00:00Z,5,NA,temperature,sunp
2022-04-02T00:00:00Z,6,NA,temperature,sunp
2022-04-02T00:00:00Z,7,NA,temperature,sunp
2022-04-02T00:00:00Z,8,NA,temperature,sunp
2022-04-02T00:00:00Z,9,NA,temperature,sunp
2022-04-02T00:00:00Z,10,NA,temperature,sunp
2022-04-03T00:00:00Z,1,NA,temperature,sunp
2022-04-03T00:00:00Z,2,NA,temperature,sunp
2022-04-03T00:00:00Z,3,NA,temperature,sunp
2022-04-03T00:00:00Z,4,NA,temperature,sunp
2022-04-03T00:00:00Z,5,NA,temperature,sunp
2022-04-03T00:00:00Z,6,NA,temperature,sunp
2022-04-03T00:00:00Z,7,NA,temperature,sunp
2022-04-03T00:00:00Z,8,NA,temperature,sunp
2022-04-03T00:00:00Z,9,NA,temperature,sunp
2022-04-03T00:00:00Z,10,NA,temperature,sunp
2022-04-04T00:00:00Z,1,NA,temperature,sunp
2022-04-04T00:00:00Z,2,NA,temperature,sunp
2022-04-04T00:00:00Z,3,NA,temperature,sunp
2022-04-04T00:00:00Z,4,NA,temperature,sunp
2022-04-04T00:00:00Z,5,NA,temperature,sunp
2022-04-04T00:00:00Z,6,NA,temperature,sunp
2022-04-04T00:00:00Z,7,NA,temperature,sunp
2022-04-04T00:00:00Z,8,NA,temperature,sunp
2022-04-04T00:00:00Z,9,NA,temperature,sunp
2022-04-04T00:00:00Z,10,NA,temperature,sunp
2022-04-05T00:00:00Z,1,NA,temperature,sunp
2022-04-05T00:00:00Z,2,NA,temperature,sunp
2022-04-05T00:00:00Z,3,NA,temperature,sunp
2022-04-05T00:00:00Z,4,NA,temperature,sunp
2022-04-05T00:00:00Z,5,NA,temperature,sunp
2022-04-05T00:00:00Z,6,NA,temperature,sunp
2022-04-05T00:00:00Z,7,NA,temperature,sunp
2022-04-05T00:00:00Z,8,NA,temperature,sunp
2022-04-05T00:00:00Z,9,NA,temperature,sunp
2022-04-05T00:00:00Z,10,NA,temperature,sunp
2022-04-06T00:00:00Z,1,NA,temperature,sunp
2022-04-06T00:00:00Z,2,NA,temperature,sunp
2022-04-06T00:00:00Z,3,NA,temperature,sunp
2022-04-06T00:00:00Z,4,NA,temperature,sunp
2022-04-06T00:00:00Z,5,NA,temperature,sunp
2022-04-06T00:00:00Z,6,NA,temperature,sunp
2022-04-06T00:00:00Z,7,NA,temperature,sunp
2022-04-06T00:00:00Z,8,NA,temperature,sunp
2022-04-06T00:00:00Z,9,NA,temperature,sunp
2022-04-06T00:00:00Z,10,NA,temperature,sunp
2022-04-07T00:00:00Z,1,NA,temperature,sunp
2022-04-07T00:00:00Z,2,NA,temperature,sunp
2022-04-07T00:00:00Z,3,NA,temperature,sunp
2022-04-07T00:00:00Z,4,NA,temperature,sunp
2022-04-07T00:00:00Z,5,NA,temperature,sunp
2022-04-07T00:00:00Z,6,NA,temperature,sunp
2022-04-07T00:00:00Z,7,NA,temperature,sunp
2022-04-07T00:00:00Z,8,NA,temperature,sunp
2022-04-07T00:00:00Z,9,NA,temperature,sunp
2022-04-07T00:00:00Z,10,NA,temperature,sunp
2022-04-08T00:00:00Z,1,NA,temperature,sunp
2022-04-08T00:00:00Z,2,NA,temperature,sunp
2022-04-08T00:00:00Z,3,NA,temperature,sunp
2022-04-08T00:00:00Z,4,NA,temperature,sunp
2022-04-08T00:00:00Z,5,NA,temperature,sunp
2022-04-08T00:00:00Z,6,NA,temperature,sunp
2022-04-08T00:00:00Z,7,NA,temperature,sunp
2022-04-08T00:00:00Z,8,NA,temperature,sunp
2022-04-08T00:00:00Z,9,NA,temperature,sunp
2022-04-08T00:00:00Z,10,NA,temperature,sunp
2022-04-09T00:00:00Z,1,NA,temperature,sunp
2022-04-09T00:00:00Z,2,NA,temperature,sunp
2022-04-09T00:00:00Z,3,NA,temperature,sunp
2022-04-09T00:00:00Z,4,NA,temperature,sunp
2022-04-09T00:00:00Z,5,NA,temperature,sunp
2022-04-09T00:00:00Z,6,NA,temperature,sunp
2022-04-09T00:00:00Z,7,NA,temperature,sunp
2022-04-09T00:00:00Z,8,NA,temperature,sunp
2022-04-09T00:00:00Z,9,NA,temperature,sunp
2022-04-09T00:00:00Z,10,NA,temperature,sunp
2022-04-10T00:00:00Z,1,NA,temperature,sunp
2022-04-10T00:00:00Z,2,NA,temperature,sunp
2022-04-10T00:00:00Z,3,NA,temperature,sunp
2022-04-10T00:00:00Z,4,NA,temperature,sunp
2022-04-10T00:00:00Z,5,NA,temperature,sunp
2022-04-10T00:00:00Z,6,NA,temperature,sunp
2022-04-10T00:00:00Z,7,NA,temperature,sunp
2022-04-10T00:00:00Z,8,NA,temperature,sunp
2022-04-10T00:00:00Z,9,NA,temperature,sunp
2022-04-10T00:00:00Z,10,NA,temperature,sunp
2022-04-11T00:00:00Z,1,NA,temperature,sunp
2022-04-11T00:00:00Z,2,NA,temperature,sunp
2022-04-11T00:00:00Z,3,NA,temperature,sunp
2022-04-11T00:00:00Z,4,NA,temperature,sunp
2022-04-11T00:00:00Z,5,NA,temperature,sunp
2022-04-11T00:00:00Z,6,NA,temperature,sunp
2022-04-11T00:00:00Z,7,NA,temperature,sunp
2022-04-11T00:00:00Z,8,NA,temperature,sunp
2022-04-11T00:00:00Z,9,NA,temperature,sunp
2022-04-11T00:00:00Z,10,NA,temperature,sunp
2022-04-12T00:00:00Z,1,NA,temperature,sunp
2022-04-12T00:00:00Z,2,NA,temperature,sunp
2022-04-12T00:00:00Z,3,NA,temperature,sunp
2022-04-12T00:00:00Z,4,NA,temperature,sunp
2022-04-12T00:00:00Z,5,NA,temperature,sunp
2022-04-12T00:00:00Z,6,NA,temperature,sunp
2022-04-12T00:00:00Z,7,NA,temperature,sunp
2022-04-12T00:00:00Z,8,NA,temperature,sunp
2022-04-12T00:00:00Z,9,NA,temperature,sunp
2022-04-12T00:00:00Z,10,NA,temperature,sunp
2022-04-13T00:00:00Z,1,NA,temperature,sunp
2022-04-13T00:00:00Z,2,NA,temperature,sunp
2022-04-13T00:00:00Z,3,NA,temperature,sunp
2022-04-13T00:00:00Z,4,NA,temperature,sunp
2022-04-13T00:00:00Z,5,NA,temperature,sunp
2022-04-13T00:00:00Z,6,NA,temperature,sunp
2022-04-13T00:00:00Z,7,NA,temperature,sunp
2022-04-13T00:00:00Z,8,NA,temperature,sunp
2022-04-13T00:00:00Z,9,NA,temperature,sunp
2022-04-13T00:00:00Z,10,NA,temperature,sunp
2022-04-14T00:00:00Z,1,NA,temperature,sunp
2022-04-14T00:00:00Z,2,NA,temperature,sunp
2022-04-14T00:00:00Z,3,NA,temperature,sunp
2022-04-14T00:00:00Z,4,NA,temperature,sunp
2022-04-14T00:00:00Z,5,NA,temperature,sunp
2022-04-14T00:00:00Z,6,NA,temperature,sunp
2022-04-14T00:00:00Z,7,NA,temperature,sunp
2022-04-14T00:00:00Z,8,NA,temperature,sunp
2022-04-14T00:00:00Z,9,NA,temperature,sunp
2022-04-14T00:00:00Z,10,NA,temperature,sunp
2022-04-15T00:00:00Z,1,NA,temperature,sunp
2022-04-15T00:00:00Z,2,NA,temperature,sunp
2022-04-15T00:00:00Z,3,NA,temperature,sunp
2022-04-15T00:00:00Z,4,NA,temperature,sunp
2022-04-15T00:00:00Z,5,NA,temperature,sunp
2022-04-15T00:00:00Z,6,NA,temperature,sunp
2022-04-15T00:00:00Z,7,NA,temperature,sunp
2022-04-15T00:00:00Z,8,NA,temperature,sunp
2022-04-15T00:00:00Z,9,NA,temperature,sunp
2022-04-15T00:00:00Z,10,NA,temperature,sunp
2022-04-16T00:00:00Z,1,NA,temperature,sunp
2022-04-16T00:00:00Z,2,NA,temperature,sunp
2022-04-16T00:00:00Z,3,NA,temperature,sunp
2022-04-16T00:00:00Z,4,NA,temperature,sunp
2022-04-16T00:00:00Z,5,NA,temperature,sunp
2022-04-16T00:00:00Z,6,NA,temperature,sunp
2022-04-16T00:00:00Z,7,NA,temperature,sunp
2022-04-16T00:00:00Z,8,NA,temperature,sunp
2022-04-16T00:00:00Z,9,NA,temperature,sunp
2022-04-16T00:00:00Z,10,NA,temperature,sunp
2022-04-17T00:00:00Z,1,NA,temperature,sunp
2022-04-17T00:00:00Z,2,NA,temperature,sunp
2022-04-17T00:00:00Z,3,NA,temperature,sunp
2022-04-17T00:00:00Z,4,NA,temperature,sunp
2022-04-17T00:00:00Z,5,NA,temperature,sunp
2022-04-17T00:00:00Z,6,NA,temperature,sunp
2022-04-17T00:00:00Z,7,NA,temperature,sunp
2022-04-17T00:00:00Z,8,NA,temperature,sunp
2022-04-17T00:00:00Z,9,NA,temperature,sunp
2022-04-17T00:00:00Z,10,NA,temperature,sunp
2022-04-18T00:00:00Z,1,NA,temperature,sunp
2022-04-18T00:00:00Z,2,NA,temperature,sunp
2022-04-18T00:00:00Z,3,NA,temperature,sunp
2022-04-18T00:00:00Z,4,NA,temperature,sunp
2022-04-18T00:00:00Z,5,NA,temperature,sunp
2022-04-18T00:00:00Z,6,NA,temperature,sunp
2022-04-18T00:00:00Z,7,NA,temperature,sunp
2022-04-18T00:00:00Z,8,NA,temperature,sunp
2022-04-18T00:00:00Z,9,NA,temperature,sunp
2022-04-18T00:00:00Z,10,NA,temperature,sunp
2022-04-19T00:00:00Z,1,NA,temperature,sunp
2022-04-19T00:00:00Z,2,NA,temperature,sunp
2022-04-19T00:00:00Z,3,NA,temperature,sunp
2022-04-19T00:00:00Z,4,NA,temperature,sunp
2022-04-19T00:00:00Z,5,NA,temperature,sunp
2022-04-19T00:00:00Z,6,NA,temperature,sunp
2022-04-19T00:00:00Z,7,NA,temperature,sunp
2022-04-19T00:00:00Z,8,NA,temperature,sunp
2022-04-19T00:00:00Z,9,NA,temperature,sunp
2022-04-19T00:00:00Z,10,NA,temperature,sunp
2022-04-20T00:00:00Z,1,NA,temperature,sunp
2022-04-20T00:00:00Z,2,NA,temperature,sunp
2022-04-20T00:00:00Z,3,NA,temperature,sunp
2022-04-20T00:00:00Z,4,NA,temperature,sunp
2022-04-20T00:00:00Z,5,NA,temperature,sunp
2022-04-20T00:00:00Z,6,NA,temperature,sunp
2022-04-20T00:00:00Z,7,NA,temperature,sunp
2022-04-20T00:00:00Z,8,NA,temperature,sunp
2022-04-20T00:00:00Z,9,NA,temperature,sunp
2022-04-20T00:00:00Z,10,NA,temperature,sunp
2022-04-21T00:00:00Z,1,NA,temperature,sunp
2022-04-21T00:00:00Z,2,NA,temperature,sunp
2022-04-21T00:00:00Z,3,NA,temperature,sunp
2022-04-21T00:00:00Z,4,NA,temperature,sunp
2022-04-21T00:00:00Z,5,NA,temperature,sunp
2022-04-21T00:00:00Z,6,NA,temperature,sunp
2022-04-21T00:00:00Z,7,NA,temperature,sunp
2022-04-21T00:00:00Z,8,NA,temperature,sunp
2022-04-21T00:00:00Z,9,NA,temperature,sunp
2022-04-21T00:00:00Z,10,NA,temperature,sunp
2022-04-22T00:00:00Z,1,NA,temperature,sunp
2022-04-22T00:00:00Z,2,NA,temperature,sunp
2022-04-22T00:00:00Z,3,NA,temperature,sunp
2022-04-22T00:00:00Z,4,NA,temperature,sunp
2022-04-22T00:00:00Z,5,NA,temperature,sunp
2022-04-22T00:00:00Z,6,NA,temperature,sunp
2022-04-22T00:00:00Z,7,NA,temperature,sunp
2022-04-22T00:00:00Z,8,NA,temperature,sunp
2022-04-22T00:00:00Z,9,NA,temperature,sunp
2022-04-22T00:00:00Z,10,NA,temperature,sunp
2022-04-23T00:00:00Z,1,NA,temperature,sunp
2022-04-23T00:00:00Z,2,NA,temperature,sunp
2022-04-23T00:00:00Z,3,NA,temperature,sunp
2022-04-23T00:00:00Z,4,NA,temperature,sunp
2022-04-23T00:00:00Z,5,NA,temperature,sunp
2022-04-23T00:00:00Z,6,NA,temperature,sunp
2022-04-23T00:00:00Z,7,NA,temperature,sunp
2022-04-23T00:00:00Z,8,NA,temperature,sunp
2022-04-23T00:00:00Z,9,NA,temperature,sunp
2022-04-23T00:00:00Z,10,NA,temperature,sunp
2022-04-24T00:00:00Z,1,NA,temperature,sunp
2022-04-24T00:00:00Z,2,NA,temperature,sunp
2022-04-24T00:00:00Z,3,NA,temperature,sunp
2022-04-24T00:00:00Z,4,NA,temperature,sunp
2022-04-24T00:00:00Z,5,NA,temperature,sunp
2022-04-24T00:00:00Z,6,NA,temperature,sunp
2022-04-24T00:00:00Z,7,NA,temperature,sunp
2022-04-24T00:00:00Z,8,NA,temperature,sunp
2022-04-24T00:00:00Z,9,NA,temperature,sunp
2022-04-24T00:00:00Z,10,NA,temperature,sunp
2022-04-25T00:00:00Z,1,14.012229686746988,temperature,sunp
2022-04-25T00:00:00Z,2,13.692994457831325,temperature,sunp
2022-04-25T00:00:00Z,3,14.161646,temperature,sunp
2022-04-25T00:00:00Z,4,15.089312722891565,temperature,sunp
2022-04-25T00:00:00Z,5,14.172185156626506,temperature,sunp
2022-04-25T00:00:00Z,6,13.433456253012048,temperature,sunp
2022-04-25T00:00:00Z,7,13.629784855421686,temperature,sunp
2022-04-25T00:00:00Z,8,14.92819513253012,temperature,sunp
2022-04-25T00:00:00Z,9,15.707636325301205,temperature,sunp
2022-04-25T00:00:00Z,10,14.04096965060241,temperature,sunp
2022-04-26T00:00:00Z,1,7.5949048125,temperature,sunp
2022-04-26T00:00:00Z,2,7.576262222222222,temperature,sunp
2022-04-26T00:00:00Z,3,7.586118777777778,temperature,sunp
2022-04-26T00:00:00Z,4,7.511076875,temperature,sunp
2022-04-26T00:00:00Z,5,7.488164576388889,temperature,sunp
2022-04-26T00:00:00Z,6,7.473486006944444,temperature,sunp
2022-04-26T00:00:00Z,7,7.489378854166667,temperature,sunp
2022-04-26T00:00:00Z,8,7.537415027777778,temperature,sunp
2022-04-26T00:00:00Z,9,7.9562985625,temperature,sunp
2022-04-26T00:00:00Z,10,7.491827222222223,temperature,sunp
2022-04-27T00:00:00Z,1,6.7544444722222226,temperature,sunp
2022-04-27T00:00:00Z,2,6.738265951388889,temperature,sunp
2022-04-27T00:00:00Z,3,6.728944743055555,temperature,sunp
2022-04-27T00:00:00Z,4,6.682253715277778,temperature,sunp
2022-04-27T00:00:00Z,5,6.628802354166667,temperature,sunp
2022-04-27T00:00:00Z,6,6.643798965277778,temperature,sunp
2022-04-27T00:00:00Z,7,6.603698486111111,temperature,sunp
2022-04-27T00:00:00Z,8,6.558891895833334,temperature,sunp
2022-04-27T00:00:00Z,9,6.554636798611111,temperature,sunp
2022-04-27T00:00:00Z,10,6.511700430555556,temperature,sunp
2022-04-28T00:00:00Z,1,6.424582291666667,temperature,sunp
2022-04-28T00:00:00Z,2,6.455881951388889,temperature,sunp
2022-04-28T00:00:00Z,3,6.473680875,temperature,sunp
2022-04-28T00:00:00Z,4,6.464140993055556,temperature,sunp
2022-04-28T00:00:00Z,5,6.443204833333334,temperature,sunp
2022-04-28T00:00:00Z,6,6.479921284722222,temperature,sunp
2022-04-28T00:00:00Z,7,6.465453006944444,temperature,sunp
2022-04-28T00:00:00Z,8,6.446350666666667,temperature,sunp
2022-04-28T00:00:00Z,9,6.474838208333333,temperature,sunp
2022-04-28T00:00:00Z,10,6.473371888888889,temperature,sunp
2022-04-29T00:00:00Z,1,6.423533923611111,temperature,sunp
2022-04-29T00:00:00Z,2,6.457068715277778,temperature,sunp
2022-04-29T00:00:00Z,3,6.472584375,temperature,sunp
2022-04-29T00:00:00Z,4,6.463549888888889,temperature,sunp
2022-04-29T00:00:00Z,5,6.4441754375,temperature,sunp
2022-04-29T00:00:00Z,6,6.480963527777778,temperature,sunp
2022-04-29T00:00:00Z,7,6.466671125,temperature,sunp
2022-04-29T00:00:00Z,8,6.452506118055555,temperature,sunp
2022-04-29T00:00:00Z,9,6.486300333333333,temperature,sunp
2022-04-29T00:00:00Z,10,6.4860765208333335,temperature,sunp
2022-04-30T00:00:00Z,1,6.638261104166666,temperature,sunp
2022-04-30T00:00:00Z,2,6.667455819444444,temperature,sunp
2022-04-30T00:00:00Z,3,6.678740708333334,temperature,sunp
2022-04-30T00:00:00Z,4,6.663293604166666,temperature,sunp
2022-04-30T00:00:00Z,5,6.637652215277778,temperature,sunp
2022-04-30T00:00:00Z,6,6.666186006944445,temperature,sunp
2022-04-30T00:00:00Z,7,6.645824395833333,temperature,sunp
2022-04-30T00:00:00Z,8,6.622263104166667,temperature,sunp
2022-04-30T00:00:00Z,9,6.655933513888889,temperature,sunp
2022-04-30T00:00:00Z,10,6.6444086944444445,temperature,sunp
2022-05-01T00:00:00Z,1,7.364567243055555,temperature,sunp
2022-05-01T00:00:00Z,2,7.301360638888889,temperature,sunp
2022-05-01T00:00:00Z,3,7.215765986111111,temperature,sunp
2022-05-01T00:00:00Z,4,7.131146027777778,temperature,sunp
2022-05-01T00:00:00Z,5,7.0478811875,temperature,sunp
2022-05-01T00:00:00Z,6,7.022358111111111,temperature,sunp
2022-05-01T00:00:00Z,7,6.924566847222223,temperature,sunp
2022-05-01T00:00:00Z,8,6.8489269097222225,temperature,sunp
2022-05-01T00:00:00Z,9,6.861975520833333,temperature,sunp
2022-05-01T00:00:00Z,10,6.819461375,temperature,sunp
2022-05-02T00:00:00Z,1,7.5690771805555555,temperature,sunp
2022-05-02T00:00:00Z,2,7.5772085972222225,temperature,sunp
2022-05-02T00:00:00Z,3,7.499796923611111,temperature,sunp
2022-05-02T00:00:00Z,4,7.380992548611111,temperature,sunp
2022-05-02T00:00:00Z,5,7.2680536875,temperature,sunp
2022-05-02T00:00:00Z,6,7.228476993055556,temperature,sunp
2022-05-02T00:00:00Z,7,7.112957993055556,temperature,sunp
2022-05-02T00:00:00Z,8,7.0313063611111115,temperature,sunp
2022-05-02T00:00:00Z,9,6.992202118055555,temperature,sunp
2022-05-02T00:00:00Z,10,6.940436430555556,temperature,sunp
2022-05-03T00:00:00Z,1,7.638925493055556,temperature,sunp
2022-05-03T00:00:00Z,2,7.658544298611111,temperature,sunp
2022-05-03T00:00:00Z,3,7.6501886458333335,temperature,sunp
2022-05-03T00:00:00Z,4,7.6019803263888885,temperature,sunp
2022-05-03T00:00:00Z,5,7.536650472222222,temperature,sunp
2022-05-03T00:00:00Z,6,7.517552631944445,temperature,sunp
2022-05-03T00:00:00Z,7,7.412135645833334,temperature,sunp
2022-05-03T00:00:00Z,8,7.177224013888889,temperature,sunp
2022-05-03T00:00:00Z,9,7.026490034722222,temperature,sunp
2022-05-03T00:00:00Z,10,6.917312986111111,temperature,sunp
2022-05-04T00:00:00Z,1,7.728774576388889,temperature,sunp
2022-05-04T00:00:00Z,2,7.718912958333333,temperature,sunp
2022-05-04T00:00:00Z,3,7.704134756944445,temperature,sunp
2022-05-04T00:00:00Z,4,7.667053388888889,temperature,sunp
2022-05-04T00:00:00Z,5,7.583750569444445,temperature,sunp
2022-05-04T00:00:00Z,6,7.545878048611111,temperature,sunp
2022-05-04T00:00:00Z,7,7.437363701388889,temperature,sunp
2022-05-04T00:00:00Z,8,7.295646618055556,temperature,sunp
2022-05-04T00:00:00Z,9,7.219611861111111,temperature,sunp
2022-05-04T00:00:00Z,10,7.014976631944444,temperature,sunp
2022-05-05T00:00:00Z,1,8.070438381944445,temperature,sunp
2022-05-05T00:00:00Z,2,8.074081006944445,temperature,sunp
2022-05-05T00:00:00Z,3,8.049525541666666,temperature,sunp
2022-05-05T00:00:00Z,4,7.992364194444445,temperature,sunp
2022-05-05T00:00:00Z,5,7.915494326388889,temperature,sunp
2022-05-05T00:00:00Z,6,7.889869930555555,temperature,sunp
2022-05-05T00:00:00Z,7,7.7766795625,temperature,sunp
2022-05-05T00:00:00Z,8,7.635758458333333,temperature,sunp
2022-05-05T00:00:00Z,9,7.505004819444444,temperature,sunp
2022-05-05T00:00:00Z,10,7.370954895833333,temperature,sunp
2022-05-06T00:00:00Z,1,8.337658180555556,temperature,sunp
2022-05-06T00:00:00Z,2,8.16487079861111,temperature,sunp
2022-05-06T00:00:00Z,3,8.114507618055555,temperature,sunp
2022-05-06T00:00:00Z,4,8.063019381944445,temperature,sunp
2022-05-06T00:00:00Z,5,7.999487381944444,temperature,sunp
2022-05-06T00:00:00Z,6,7.982747229166667,temperature,sunp
2022-05-06T00:00:00Z,7,7.912127611111111,temperature,sunp
2022-05-06T00:00:00Z,8,7.805060701388889,temperature,sunp
2022-05-06T00:00:00Z,9,7.746723604166666,temperature,sunp
2022-05-06T00:00:00Z,10,7.631624625,temperature,sunp
2022-05-07T00:00:00Z,1,8.35022525,temperature,sunp
2022-05-07T00:00:00Z,2,8.37734048611111,temperature,sunp
2022-05-07T00:00:00Z,3,8.381811791666667,temperature,sunp
2022-05-07T00:00:00Z,4,8.361557597222221,temperature,sunp
2022-05-07T00:00:00Z,5,8.329090520833333,temperature,sunp
2022-05-07T00:00:00Z,6,8.346707854166667,temperature,sunp
2022-05-07T00:00:00Z,7,8.265472215277779,temperature,sunp
2022-05-07T00:00:00Z,8,8.145524305555556,temperature,sunp
2022-05-07T00:00:00Z,9,8.073152,temperature,sunp
2022-05-07T00:00:00Z,10,7.965451861111111,temperature,sunp
2022-05-08T00:00:00Z,1,8.259074736111112,temperature,sunp
2022-05-08T00:00:00Z,2,8.28575876388889,temperature,sunp
2022-05-08T00:00:00Z,3,8.295431604166666,temperature,sunp
2022-05-08T00:00:00Z,4,8.275368166666667,temperature,sunp
2022-05-08T00:00:00Z,5,8.242996604166667,temperature,sunp
2022-05-08T00:00:00Z,6,8.266208270833333,temperature,sunp
2022-05-08T00:00:00Z,7,8.236963506944445,temperature,sunp
2022-05-08T00:00:00Z,8,8.201750861111112,temperature,sunp
2022-05-08T00:00:00Z,9,8.21027501388889,temperature,sunp
2022-05-08T00:00:00Z,10,8.1723495,temperature,sunp
2022-05-09T00:00:00Z,1,8.4822921875,temperature,sunp
2022-05-09T00:00:00Z,2,8.50583375,temperature,sunp
2022-05-09T00:00:00Z,3,8.512780541666666,temperature,sunp
2022-05-09T00:00:00Z,4,8.48833063888889,temperature,sunp
2022-05-09T00:00:00Z,5,8.450006930555556,temperature,sunp
2022-05-09T00:00:00Z,6,8.476825736111111,temperature,sunp
2022-05-09T00:00:00Z,7,8.450316965277779,temperature,sunp
2022-05-09T00:00:00Z,8,8.420903104166667,temperature,sunp
2022-05-09T00:00:00Z,9,8.445456618055555,temperature,sunp
2022-05-09T00:00:00Z,10,8.414757611111112,temperature,sunp
2022-05-10T00:00:00Z,1,8.978575597222223,temperature,sunp
2022-05-10T00:00:00Z,2,8.990760402777777,temperature,sunp
2022-05-10T00:00:00Z,3,8.970852305555555,temperature,sunp
2022-05-10T00:00:00Z,4,8.922123361111112,temperature,sunp
2022-05-10T00:00:00Z,5,8.870263194444444,temperature,sunp
2022-05-10T00:00:00Z,6,8.869802069444445,temperature,sunp
2022-05-10T00:00:00Z,7,8.79682882638889,temperature,sunp
2022-05-10T00:00:00Z,8,8.734827458333333,temperature,sunp
2022-05-10T00:00:00Z,9,8.69976654861111,temperature,sunp
2022-05-10T00:00:00Z,10,8.624654354166667,temperature,sunp
2022-05-11T00:00:00Z,1,10.045250041666666,temperature,sunp
2022-05-11T00:00:00Z,2,9.723924111111112,temperature,sunp
2022-05-11T00:00:00Z,3,9.559981013888889,temperature,sunp
2022-05-11T00:00:00Z,4,9.4425540625,temperature,sunp
2022-05-11T00:00:00Z,5,9.313762645833334,temperature,sunp
2022-05-11T00:00:00Z,6,9.263395951388889,temperature,sunp
2022-05-11T00:00:00Z,7,9.140375694444444,temperature,sunp
2022-05-11T00:00:00Z,8,8.956537270833334,temperature,sunp
2022-05-11T00:00:00Z,9,8.752973958333333,temperature,sunp
2022-05-11T00:00:00Z,10,8.477777805555556,temperature,sunp
2022-05-12T00:00:00Z,1,11.393677430555556,temperature,sunp
2022-05-12T00:00:00Z,2,10.759381395833334,temperature,sunp
2022-05-12T00:00:00Z,3,10.165822409722223,temperature,sunp
2022-05-12T00:00:00Z,4,9.920842847222222,temperature,sunp
2022-05-12T00:00:00Z,5,9.71544373611111,temperature,sunp
2022-05-12T00:00:00Z,6,9.492089152777778,temperature,sunp
2022-05-12T00:00:00Z,7,9.248297347222222,temperature,sunp
2022-05-12T00:00:00Z,8,9.00332973611111,temperature,sunp
2022-05-12T00:00:00Z,9,8.824323243055556,temperature,sunp
2022-05-12T00:00:00Z,10,8.572012583333333,temperature,sunp
2022-05-13T00:00:00Z,1,12.645638541666667,temperature,sunp
2022-05-13T00:00:00Z,2,11.57286486111111,temperature,sunp
2022-05-13T00:00:00Z,3,10.83615523611111,temperature,sunp
2022-05-13T00:00:00Z,4,10.093743402777777,temperature,sunp
2022-05-13T00:00:00Z,5,9.775238854166666,temperature,sunp
2022-05-13T00:00:00Z,6,9.463023715277778,temperature,sunp
2022-05-13T00:00:00Z,7,9.226551916666667,temperature,sunp
2022-05-13T00:00:00Z,8,8.949619069444445,temperature,sunp
2022-05-13T00:00:00Z,9,8.73845526388889,temperature,sunp
2022-05-13T00:00:00Z,10,8.51643220138889,temperature,sunp
2022-05-14T00:00:00Z,1,14.363782083333334,temperature,sunp
2022-05-14T00:00:00Z,2,13.1903469375,temperature,sunp
2022-05-14T00:00:00Z,3,12.404629770833333,temperature,sunp
2022-05-14T00:00:00Z,4,11.371307069444445,temperature,sunp
2022-05-14T00:00:00Z,5,10.526455118055555,temperature,sunp
2022-05-14T00:00:00Z,6,9.892107819444444,temperature,sunp
2022-05-14T00:00:00Z,7,9.539573555555556,temperature,sunp
2022-05-14T00:00:00Z,8,9.106939993055555,temperature,sunp
2022-05-14T00:00:00Z,9,8.718974875,temperature,sunp
2022-05-14T00:00:00Z,10,8.436053618055556,temperature,sunp
2022-05-15T00:00:00Z,1,15.946993472222221,temperature,sunp
2022-05-15T00:00:00Z,2,14.160609791666667,temperature,sunp
2022-05-15T00:00:00Z,3,12.670983819444444,temperature,sunp
2022-05-15T00:00:00Z,4,11.282723055555556,temperature,sunp
2022-05-15T00:00:00Z,5,10.155397152777779,temperature,sunp
2022-05-15T00:00:00Z,6,9.61220563888889,temperature,sunp
2022-05-15T00:00:00Z,7,9.205686152777778,temperature,sunp
2022-05-15T00:00:00Z,8,8.848885868055556,temperature,sunp
2022-05-15T00:00:00Z,9,8.66484788888889,temperature,sunp
2022-05-15T00:00:00Z,10,8.509408131944445,temperature,sunp
2022-05-16T00:00:00Z,1,16.594022916666667,temperature,sunp
2022-05-16T00:00:00Z,2,15.272966666666667,temperature,sunp
2022-05-16T00:00:00Z,3,13.78362125,temperature,sunp
2022-05-16T00:00:00Z,4,11.703961041666666,temperature,sunp
2022-05-16T00:00:00Z,5,10.419771506944445,temperature,sunp
2022-05-16T00:00:00Z,6,9.914325319444444,temperature,sunp
2022-05-16T00:00:00Z,7,9.514926125,temperature,sunp
2022-05-16T00:00:00Z,8,9.167090305555556,temperature,sunp
2022-05-16T00:00:00Z,9,8.918053097222222,temperature,sunp
2022-05-16T00:00:00Z,10,8.65698073611111,temperature,sunp
2022-05-17T00:00:00Z,1,14.875641319444444,temperature,sunp
2022-05-17T00:00:00Z,2,14.606244722222222,temperature,sunp
2022-05-17T00:00:00Z,3,13.531948472222222,temperature,sunp
2022-05-17T00:00:00Z,4,11.898914305555556,temperature,sunp
2022-05-17T00:00:00Z,5,11.000648791666666,temperature,sunp
2022-05-17T00:00:00Z,6,10.16475679861111,temperature,sunp
2022-05-17T00:00:00Z,7,9.70683375,temperature,sunp
2022-05-17T00:00:00Z,8,9.39519654861111,temperature,sunp
2022-05-17T00:00:00Z,9,9.1162113125,temperature,sunp
2022-05-17T00:00:00Z,10,8.9414566875,temperature,sunp
2022-05-18T00:00:00Z,1,14.680311180555556,temperature,sunp
2022-05-18T00:00:00Z,2,14.685319930555556,temperature,sunp
2022-05-18T00:00:00Z,3,14.611916944444445,temperature,sunp
2022-05-18T00:00:00Z,4,14.18061173611111,temperature,sunp
2022-05-18T00:00:00Z,5,13.37879125,temperature,sunp
2022-05-18T00:00:00Z,6,11.868904305555555,temperature,sunp
2022-05-18T00:00:00Z,7,10.479376041666667,temperature,sunp
2022-05-18T00:00:00Z,8,9.811852034722222,temperature,sunp
2022-05-18T00:00:00Z,9,9.181151652777778,temperature,sunp
2022-05-18T00:00:00Z,10,8.8994107569444445,temperature,sunp
2022-05-19T00:00:00Z,1,13.869359652777778,temperature,sunp
2022-05-19T00:00:00Z,2,13.897531458333333,temperature,sunp
2022-05-19T00:00:00Z,3,13.903063055555556,temperature,sunp
2022-05-19T00:00:00Z,4,13.827489722222222,temperature,sunp
2022-05-19T00:00:00Z,5,12.948183125,temperature,sunp
2022-05-19T00:00:00Z,6,11.495978402777778,temperature,sunp
2022-05-19T00:00:00Z,7,10.861449236111111,temperature,sunp
2022-05-19T00:00:00Z,8,9.965556694444444,temperature,sunp
2022-05-19T00:00:00Z,9,9.276998284722222,temperature,sunp
2022-05-19T00:00:00Z,10,8.888352506944445,temperature,sunp
2022-05-20T00:00:00Z,1,14.025592291666667,temperature,sunp
2022-05-20T00:00:00Z,2,13.981503611111112,temperature,sunp
2022-05-20T00:00:00Z,3,13.932140902777778,temperature,sunp
2022-05-20T00:00:00Z,4,13.834086944444444,temperature,sunp
2022-05-20T00:00:00Z,5,13.649822708333334,temperature,sunp
2022-05-20T00:00:00Z,6,12.755442222222221,temperature,sunp
2022-05-20T00:00:00Z,7,11.118074930555556,temperature,sunp
2022-05-20T00:00:00Z,8,10.037138423611111,temperature,sunp
2022-05-20T00:00:00Z,9,9.376276166666667,temperature,sunp
2022-05-20T00:00:00Z,10,9.020067368055555,temperature,sunp
2022-05-21T00:00:00Z,1,14.851471041666667,temperature,sunp
2022-05-21T00:00:00Z,2,14.438867847222221,temperature,sunp
2022-05-21T00:00:00Z,3,14.261559861111111,temperature,sunp
2022-05-21T00:00:00Z,4,14.143005555555556,temperature,sunp
2022-05-21T00:00:00Z,5,14.017319166666667,temperature,sunp
2022-05-21T00:00:00Z,6,13.263719652777779,temperature,sunp
2022-05-21T00:00:00Z,7,11.284947847222222,temperature,sunp
2022-05-21T00:00:00Z,8,9.847464256944445,temperature,sunp
2022-05-21T00:00:00Z,9,9.079157298611111,temperature,sunp
2022-05-21T00:00:00Z,10,8.722895930555556,temperature,sunp
2022-05-22T00:00:00Z,1,15.988790208333333,temperature,sunp
2022-05-22T00:00:00Z,2,15.16377,temperature,sunp
2022-05-22T00:00:00Z,3,14.638930763888888,temperature,sunp
2022-05-22T00:00:00Z,4,14.190545277777778,temperature,sunp
2022-05-22T00:00:00Z,5,13.908546805555556,temperature,sunp
2022-05-22T00:00:00Z,6,12.324237638888889,temperature,sunp
2022-05-22T00:00:00Z,7,10.897830902777779,temperature,sunp
2022-05-22T00:00:00Z,8,10.126848402777778,temperature,sunp
2022-05-22T00:00:00Z,9,9.665480020833334,temperature,sunp
2022-05-22T00:00:00Z,10,9.194979527777777,temperature,sunp
2022-05-23T00:00:00Z,1,15.883100069444444,temperature,sunp
2022-05-23T00:00:00Z,2,15.882087708333334,temperature,sunp
2022-05-23T00:00:00Z,3,15.808184305555555,temperature,sunp
2022-05-23T00:00:00Z,4,15.55511138888889,temperature,sunp
2022-05-23T00:00:00Z,5,15.245693680555556,temperature,sunp
2022-05-23T00:00:00Z,6,14.500527013888888,temperature,sunp
2022-05-23T00:00:00Z,7,12.514807361111112,temperature,sunp
2022-05-23T00:00:00Z,8,10.447652104166666,temperature,sunp
2022-05-23T00:00:00Z,9,9.6057224375,temperature,sunp
2022-05-23T00:00:00Z,10,9.301645569444444,temperature,sunp
2022-05-24T00:00:00Z,1,15.805796041666667,temperature,sunp
2022-05-24T00:00:00Z,2,15.638834444444445,temperature,sunp
2022-05-24T00:00:00Z,3,15.484730625,temperature,sunp
2022-05-24T00:00:00Z,4,15.06604701388889,temperature,sunp
2022-05-24T00:00:00Z,5,14.530847222222222,temperature,sunp
2022-05-24T00:00:00Z,6,13.306087777777778,temperature,sunp
2022-05-24T00:00:00Z,7,11.62398236111111,temperature,sunp
2022-05-24T00:00:00Z,8,10.622960979166667,temperature,sunp
2022-05-24T00:00:00Z,9,10.087532756944444,temperature,sunp
2022-05-24T00:00:00Z,10,9.647026513888889,temperature,sunp
2022-05-25T00:00:00Z,1,16.432148680555557,temperature,sunp
2022-05-25T00:00:00Z,2,16.00553659722222,temperature,sunp
2022-05-25T00:00:00Z,3,15.78867125,temperature,sunp
2022-05-25T00:00:00Z,4,15.240862083333333,temperature,sunp
2022-05-25T00:00:00Z,5,14.457106041666666,temperature,sunp
2022-05-25T00:00:00Z,6,13.4528875,temperature,sunp
2022-05-25T00:00:00Z,7,12.374183541666667,temperature,sunp
2022-05-25T00:00:00Z,8,11.44766,temperature,sunp
2022-05-25T00:00:00Z,9,9.990134277777777,temperature,sunp
2022-05-25T00:00:00Z,10,9.373797729166666,temperature,sunp
2022-05-26T00:00:00Z,1,16.368518680555557,temperature,sunp
2022-05-26T00:00:00Z,2,16.183228541666665,temperature,sunp
2022-05-26T00:00:00Z,3,16.02165972222222,temperature,sunp
2022-05-26T00:00:00Z,4,15.764780972222223,temperature,sunp
2022-05-26T00:00:00Z,5,15.282982569444444,temperature,sunp
2022-05-26T00:00:00Z,6,14.626703749999999,temperature,sunp
2022-05-26T00:00:00Z,7,13.086534722222222,temperature,sunp
2022-05-26T00:00:00Z,8,11.375585534722223,temperature,sunp
2022-05-26T00:00:00Z,9,9.977387506944444,temperature,sunp
2022-05-26T00:00:00Z,10,9.269512097222222,temperature,sunp
2022-05-27T00:00:00Z,1,16.678859513888888,temperature,sunp
2022-05-27T00:00:00Z,2,16.60322173611111,temperature,sunp
2022-05-27T00:00:00Z,3,16.462634930555556,temperature,sunp
2022-05-27T00:00:00Z,4,16.338721180555556,temperature,sunp
2022-05-27T00:00:00Z,5,16.134828541666668,temperature,sunp
2022-05-27T00:00:00Z,6,15.887710347222223,temperature,sunp
2022-05-27T00:00:00Z,7,14.459637569444444,temperature,sunp
2022-05-27T00:00:00Z,8,12.105909861111112,temperature,sunp
2022-05-27T00:00:00Z,9,10.360179319444445,temperature,sunp
2022-05-27T00:00:00Z,10,9.4470043125,temperature,sunp
2022-05-28T00:00:00Z,1,17.317005138888888,temperature,sunp
2022-05-28T00:00:00Z,2,17.22351409722222,temperature,sunp
2022-05-28T00:00:00Z,3,17.103545625,temperature,sunp
2022-05-28T00:00:00Z,4,16.96031125,temperature,sunp
2022-05-28T00:00:00Z,5,16.751367152777778,temperature,sunp
2022-05-28T00:00:00Z,6,16.390950416666666,temperature,sunp
2022-05-28T00:00:00Z,7,15.381550416666666,temperature,sunp
2022-05-28T00:00:00Z,8,12.303331256944444,temperature,sunp
2022-05-28T00:00:00Z,9,10.031221840277778,temperature,sunp
2022-05-28T00:00:00Z,10,9.458245270833334,temperature,sunp
2022-05-29T00:00:00Z,1,17.934185347222222,temperature,sunp
2022-05-29T00:00:00Z,2,17.500399444444444,temperature,sunp
2022-05-29T00:00:00Z,3,17.22586673611111,temperature,sunp
2022-05-29T00:00:00Z,4,17.043082152777778,temperature,sunp
2022-05-29T00:00:00Z,5,16.790303125,temperature,sunp
2022-05-29T00:00:00Z,6,16.208134722222223,temperature,sunp
2022-05-29T00:00:00Z,7,13.743148125,temperature,sunp
2022-05-29T00:00:00Z,8,11.952419236111112,temperature,sunp
2022-05-29T00:00:00Z,9,10.661242958333334,temperature,sunp
2022-05-29T00:00:00Z,10,9.889342263888889,temperature,sunp
2022-05-30T00:00:00Z,1,18.34237277777778,temperature,sunp
2022-05-30T00:00:00Z,2,18.150834583333335,temperature,sunp
2022-05-30T00:00:00Z,3,17.534740416666665,temperature,sunp
2022-05-30T00:00:00Z,4,17.086193194444444,temperature,sunp
2022-05-30T00:00:00Z,5,16.53084201388889,temperature,sunp
2022-05-30T00:00:00Z,6,15.685294375,temperature,sunp
2022-05-30T00:00:00Z,7,13.544410208333334,temperature,sunp
2022-05-30T00:00:00Z,8,11.84075111111111,temperature,sunp
2022-05-30T00:00:00Z,9,10.793153166666666,temperature,sunp
2022-05-30T00:00:00Z,10,9.8441211875,temperature,sunp
2022-05-31T00:00:00Z,1,19.187487916666665,temperature,sunp
2022-05-31T00:00:00Z,2,19.11485875,temperature,sunp
2022-05-31T00:00:00Z,3,18.624940694444444,temperature,sunp
2022-05-31T00:00:00Z,4,17.785324375000002,temperature,sunp
2022-05-31T00:00:00Z,5,16.840610208333334,temperature,sunp
2022-05-31T00:00:00Z,6,15.811551666666666,temperature,sunp
2022-05-31T00:00:00Z,7,13.693958680555555,temperature,sunp
2022-05-31T00:00:00Z,8,11.801438472222221,temperature,sunp
2022-05-31T00:00:00Z,9,10.70743067361111,temperature,sunp
2022-05-31T00:00:00Z,10,10.097269215277779,temperature,sunp
2022-06-01T00:00:00Z,1,18.773151180555555,temperature,sunp
2022-06-01T00:00:00Z,2,18.799603472222223,temperature,sunp
2022-06-01T00:00:00Z,3,18.79520513888889,temperature,sunp
2022-06-01T00:00:00Z,4,18.618156458333335,temperature,sunp
2022-06-01T00:00:00Z,5,17.104621388888887,temperature,sunp
2022-06-01T00:00:00Z,6,15.769947083333333,temperature,sunp
2022-06-01T00:00:00Z,7,13.850955763888889,temperature,sunp
2022-06-01T00:00:00Z,8,12.218317222222222,temperature,sunp
2022-06-01T00:00:00Z,9,10.672495729166666,temperature,sunp
2022-06-01T00:00:00Z,10,10.008036527777778,temperature,sunp
2022-06-02T00:00:00Z,1,18.589725138888888,temperature,sunp
2022-06-02T00:00:00Z,2,18.53207375,temperature,sunp
2022-06-02T00:00:00Z,3,18.495890972222224,temperature,sunp
2022-06-02T00:00:00Z,4,18.416772777777776,temperature,sunp
2022-06-02T00:00:00Z,5,17.781258819444446,temperature,sunp
2022-06-02T00:00:00Z,6,15.865757013888889,temperature,sunp
2022-06-02T00:00:00Z,7,14.034869861111112,temperature,sunp
2022-06-02T00:00:00Z,8,12.196026805555556,temperature,sunp
2022-06-02T00:00:00Z,9,10.556407520833334,temperature,sunp
2022-06-02T00:00:00Z,10,9.82211273611111,temperature,sunp
2022-06-03T00:00:00Z,1,18.528764791666667,temperature,sunp
2022-06-03T00:00:00Z,2,18.54904402777778,temperature,sunp
2022-06-03T00:00:00Z,3,18.53817388888889,temperature,sunp
2022-06-03T00:00:00Z,4,18.485182847222223,temperature,sunp
2022-06-03T00:00:00Z,5,18.298449444444444,temperature,sunp
2022-06-03T00:00:00Z,6,16.238313194444444,temperature,sunp
2022-06-03T00:00:00Z,7,14.346777847222222,temperature,sunp
2022-06-03T00:00:00Z,8,12.352721805555555,temperature,sunp
2022-06-03T00:00:00Z,9,10.782353402777778,temperature,sunp
2022-06-03T00:00:00Z,10,9.82939,temperature,sunp
2022-06-04T00:00:00Z,1,18.75501576388889,temperature,sunp
2022-06-04T00:00:00Z,2,18.621423333333333,temperature,sunp
2022-06-04T00:00:00Z,3,18.518043680555557,temperature,sunp
2022-06-04T00:00:00Z,4,18.35644840277778,temperature,sunp
2022-06-04T00:00:00Z,5,17.609262222222224,temperature,sunp
2022-06-04T00:00:00Z,6,15.949539444444444,temperature,sunp
2022-06-04T00:00:00Z,7,14.033966875,temperature,sunp
2022-06-04T00:00:00Z,8,12.298792777777777,temperature,sunp
2022-06-04T00:00:00Z,9,10.822588958333334,temperature,sunp
2022-06-04T00:00:00Z,10,10.140022097222221,temperature,sunp
2022-06-05T00:00:00Z,1,18.52101701388889,temperature,sunp
2022-06-05T00:00:00Z,2,18.543096180555555,temperature,sunp
2022-06-05T00:00:00Z,3,18.539349652777776,temperature,sunp
2022-06-05T00:00:00Z,4,18.492561805555557,temperature,sunp
2022-06-05T00:00:00Z,5,17.964265833333332,temperature,sunp
2022-06-05T00:00:00Z,6,16.601620208333333,temperature,sunp
2022-06-05T00:00:00Z,7,13.823522222222222,temperature,sunp
2022-06-05T00:00:00Z,8,12.095692708333333,temperature,sunp
2022-06-05T00:00:00Z,9,10.790184861111111,temperature,sunp
2022-06-05T00:00:00Z,10,10.025312965277777,temperature,sunp
2022-06-06T00:00:00Z,1,19.085425833333336,temperature,sunp
2022-06-06T00:00:00Z,2,18.760548125,temperature,sunp
2022-06-06T00:00:00Z,3,18.49889451388889,temperature,sunp
2022-06-06T00:00:00Z,4,18.365895972222223,temperature,sunp
2022-06-06T00:00:00Z,5,18.278909097222222,temperature,sunp
2022-06-06T00:00:00Z,6,16.263878958333333,temperature,sunp
2022-06-06T00:00:00Z,7,13.791980902777778,temperature,sunp
2022-06-06T00:00:00Z,8,11.941178402777778,temperature,sunp
2022-06-06T00:00:00Z,9,10.669486020833334,temperature,sunp
2022-06-06T00:00:00Z,10,10.080930305555556,temperature,sunp
2022-06-07T00:00:00Z,1,19.239883333333335,temperature,sunp
2022-06-07T00:00:00Z,2,19.101987013888888,temperature,sunp
2022-06-07T00:00:00Z,3,18.913252361111113,temperature,sunp
2022-06-07T00:00:00Z,4,18.586030625,temperature,sunp
2022-06-07T00:00:00Z,5,18.23164486111111,temperature,sunp
2022-06-07T00:00:00Z,6,16.718464791666666,temperature,sunp
2022-06-07T00:00:00Z,7,14.734663888888889,temperature,sunp
2022-06-07T00:00:00Z,8,12.466017083333334,temperature,sunp
2022-06-07T00:00:00Z,9,11.110999166666668,temperature,sunp
2022-06-07T00:00:00Z,10,10.163007465277778,temperature,sunp
2022-06-08T00:00:00Z,1,19.177608194444446,temperature,sunp
2022-06-08T00:00:00Z,2,19.147619166666665,temperature,sunp
2022-06-08T00:00:00Z,3,19.067267430555557,temperature,sunp
2022-06-08T00:00:00Z,4,18.917405,temperature,sunp
2022-06-08T00:00:00Z,5,18.621834791666668,temperature,sunp
2022-06-08T00:00:00Z,6,18.383517847222222,temperature,sunp
2022-06-08T00:00:00Z,7,16.275848680555555,temperature,sunp
2022-06-08T00:00:00Z,8,12.972438541666667,temperature,sunp
2022-06-08T00:00:00Z,9,11.336013263888889,temperature,sunp
2022-06-08T00:00:00Z,10,10.13356998611111,temperature,sunp
2022-06-09T00:00:00Z,1,18.992853055555557,temperature,sunp
2022-06-09T00:00:00Z,2,19.019949930555555,temperature,sunp
2022-06-09T00:00:00Z,3,19.027652222222223,temperature,sunp
2022-06-09T00:00:00Z,4,18.998301875,temperature,sunp
2022-06-09T00:00:00Z,5,18.7646275,temperature,sunp
2022-06-09T00:00:00Z,6,18.244472430555554,temperature,sunp
2022-06-09T00:00:00Z,7,16.15815034722222,temperature,sunp
2022-06-09T00:00:00Z,8,12.809217847222222,temperature,sunp
2022-06-09T00:00:00Z,9,10.911093743055556,temperature,sunp
2022-06-09T00:00:00Z,10,10.194291965277777,temperature,sunp
2022-06-10T00:00:00Z,1,18.719959375,temperature,sunp
2022-06-10T00:00:00Z,2,18.745294166666667,temperature,sunp
2022-06-10T00:00:00Z,3,18.747200694444444,temperature,sunp
2022-06-10T00:00:00Z,4,18.712404305555555,temperature,sunp
2022-06-10T00:00:00Z,5,18.496025763888888,temperature,sunp
2022-06-10T00:00:00Z,6,17.098322430555555,temperature,sunp
2022-06-10T00:00:00Z,7,15.145877083333334,temperature,sunp
2022-06-10T00:00:00Z,8,12.915004513888888,temperature,sunp
2022-06-10T00:00:00Z,9,11.592830069444444,temperature,sunp
2022-06-10T00:00:00Z,10,10.543281819444445,temperature,sunp
2022-06-11T00:00:00Z,1,18.82250277777778,temperature,sunp
2022-06-11T00:00:00Z,2,18.764863055555555,temperature,sunp
2022-06-11T00:00:00Z,3,18.663572291666668,temperature,sunp
2022-06-11T00:00:00Z,4,18.590811666666667,temperature,sunp
2022-06-11T00:00:00Z,5,18.526963263888888,temperature,sunp
2022-06-11T00:00:00Z,6,18.013891666666666,temperature,sunp
2022-06-11T00:00:00Z,7,16.026279583333334,temperature,sunp
2022-06-11T00:00:00Z,8,12.977791527777779,temperature,sunp
2022-06-11T00:00:00Z,9,11.398916041666666,temperature,sunp
2022-06-11T00:00:00Z,10,10.359844756944444,temperature,sunp
2022-06-12T00:00:00Z,1,19.084299027777778,temperature,sunp
2022-06-12T00:00:00Z,2,19.037297638888887,temperature,sunp
2022-06-12T00:00:00Z,3,18.984992708333333,temperature,sunp
2022-06-12T00:00:00Z,4,18.85829013888889,temperature,sunp
2022-06-12T00:00:00Z,5,18.67007361111111,temperature,sunp
2022-06-12T00:00:00Z,6,18.359566180555557,temperature,sunp
2022-06-12T00:00:00Z,7,15.60685076388889,temperature,sunp
2022-06-12T00:00:00Z,8,12.928591319444445,temperature,sunp
2022-06-12T00:00:00Z,9,11.386622152777777,temperature,sunp
2022-06-12T00:00:00Z,10,10.4678651875,temperature,sunp
2022-06-13T00:00:00Z,1,19.59996548611111,temperature,sunp
2022-06-13T00:00:00Z,2,19.51466236111111,temperature,sunp
2022-06-13T00:00:00Z,3,19.41169138888889,temperature,sunp
2022-06-13T00:00:00Z,4,19.266686458333332,temperature,sunp
2022-06-13T00:00:00Z,5,19.078616041666667,temperature,sunp
2022-06-13T00:00:00Z,6,18.861200208333333,temperature,sunp
2022-06-13T00:00:00Z,7,16.177999444444445,temperature,sunp
2022-06-13T00:00:00Z,8,13.195468055555555,temperature,sunp
2022-06-13T00:00:00Z,9,11.444692083333333,temperature,sunp
2022-06-13T00:00:00Z,10,10.511686965277779,temperature,sunp
2022-06-14T00:00:00Z,1,19.827828888888888,temperature,sunp
2022-06-14T00:00:00Z,2,19.84721326388889,temperature,sunp
2022-06-14T00:00:00Z,3,19.848272708333333,temperature,sunp
2022-06-14T00:00:00Z,4,19.812284305555554,temperature,sunp
2022-06-14T00:00:00Z,5,19.748110555555556,temperature,sunp
2022-06-14T00:00:00Z,6,19.19378986111111,temperature,sunp
2022-06-14T00:00:00Z,7,15.028890347222221,temperature,sunp
2022-06-14T00:00:00Z,8,12.735079097222222,temperature,sunp
2022-06-14T00:00:00Z,9,11.378570555555555,temperature,sunp
2022-06-14T00:00:00Z,10,10.617366277777778,temperature,sunp
2022-06-15T00:00:00Z,1,20.363476458333334,temperature,sunp
2022-06-15T00:00:00Z,2,20.236695138888887,temperature,sunp
2022-06-15T00:00:00Z,3,20.082328541666666,temperature,sunp
2022-06-15T00:00:00Z,4,19.934236597222224,temperature,sunp
2022-06-15T00:00:00Z,5,19.74409222222222,temperature,sunp
2022-06-15T00:00:00Z,6,18.045338541666666,temperature,sunp
2022-06-15T00:00:00Z,7,15.175515555555556,temperature,sunp
2022-06-15T00:00:00Z,8,13.289985694444445,temperature,sunp
2022-06-15T00:00:00Z,9,11.841394791666668,temperature,sunp
2022-06-15T00:00:00Z,10,10.741255347222221,temperature,sunp
2022-06-16T00:00:00Z,1,20.27239326388889,temperature,sunp
2022-06-16T00:00:00Z,2,20.26900722222222,temperature,sunp
2022-06-16T00:00:00Z,3,20.176418125,temperature,sunp
2022-06-16T00:00:00Z,4,20.05812138888889,temperature,sunp
2022-06-16T00:00:00Z,5,19.731858194444445,temperature,sunp
2022-06-16T00:00:00Z,6,19.17089027777778,temperature,sunp
2022-06-16T00:00:00Z,7,16.621640625,temperature,sunp
2022-06-16T00:00:00Z,8,13.673719097222222,temperature,sunp
2022-06-16T00:00:00Z,9,11.96421076388889,temperature,sunp
2022-06-16T00:00:00Z,10,10.849750041666667,temperature,sunp
2022-06-17T00:00:00Z,1,20.31664152777778,temperature,sunp
2022-06-17T00:00:00Z,2,20.3245425,temperature,sunp
2022-06-17T00:00:00Z,3,20.310680208333334,temperature,sunp
2022-06-17T00:00:00Z,4,20.260666180555557,temperature,sunp
2022-06-17T00:00:00Z,5,20.13188638888889,temperature,sunp
2022-06-17T00:00:00Z,6,19.68299798611111,temperature,sunp
2022-06-17T00:00:00Z,7,17.054870277777777,temperature,sunp
2022-06-17T00:00:00Z,8,13.894995902777778,temperature,sunp
2022-06-17T00:00:00Z,9,11.742616041666667,temperature,sunp
2022-06-17T00:00:00Z,10,10.84577048611111,temperature,sunp
2022-06-18T00:00:00Z,1,19.59009548611111,temperature,sunp
2022-06-18T00:00:00Z,2,19.623190277777777,temperature,sunp
2022-06-18T00:00:00Z,3,19.638418541666667,temperature,sunp
2022-06-18T00:00:00Z,4,19.62234986111111,temperature,sunp
2022-06-18T00:00:00Z,5,19.598140208333334,temperature,sunp
2022-06-18T00:00:00Z,6,19.613085416666667,temperature,sunp
2022-06-18T00:00:00Z,7,18.663891111111113,temperature,sunp
2022-06-18T00:00:00Z,8,13.84500326388889,temperature,sunp
2022-06-18T00:00:00Z,9,11.886290694444444,temperature,sunp
2022-06-18T00:00:00Z,10,10.785752555555556,temperature,sunp
2022-06-19T00:00:00Z,1,18.48168451388889,temperature,sunp
2022-06-19T00:00:00Z,2,18.515113055555556,temperature,sunp
2022-06-19T00:00:00Z,3,18.531146319444446,temperature,sunp
2022-06-19T00:00:00Z,4,18.51473861111111,temperature,sunp
2022-06-19T00:00:00Z,5,18.488119861111112,temperature,sunp
2022-06-19T00:00:00Z,6,18.503995416666665,temperature,sunp
2022-06-19T00:00:00Z,7,18.400818402777777,temperature,sunp
2022-06-19T00:00:00Z,8,15.717975625,temperature,sunp
2022-06-19T00:00:00Z,9,13.265366944444445,temperature,sunp
2022-06-19T00:00:00Z,10,11.684726118055556,temperature,sunp
2022-06-20T00:00:00Z,1,18.292391458333334,temperature,sunp
2022-06-20T00:00:00Z,2,18.306736875,temperature,sunp
2022-06-20T00:00:00Z,3,18.301355347222223,temperature,sunp
2022-06-20T00:00:00Z,4,18.255505763888888,temperature,sunp
2022-06-20T00:00:00Z,5,18.186609027777777,temperature,sunp
2022-06-20T00:00:00Z,6,18.1503125,temperature,sunp
2022-06-20T00:00:00Z,7,17.90658034722222,temperature,sunp
2022-06-20T00:00:00Z,8,15.29189375,temperature,sunp
2022-06-20T00:00:00Z,9,12.73032888888889,temperature,sunp
2022-06-20T00:00:00Z,10,11.443427569444445,temperature,sunp
2022-06-21T00:00:00Z,1,18.548195347222222,temperature,sunp
2022-06-21T00:00:00Z,2,18.461641666666665,temperature,sunp
2022-06-21T00:00:00Z,3,18.35944125,temperature,sunp
2022-06-21T00:00:00Z,4,18.301668958333334,temperature,sunp
2022-06-21T00:00:00Z,5,18.21462013888889,temperature,sunp
2022-06-21T00:00:00Z,6,18.16942347222222,temperature,sunp
2022-06-21T00:00:00Z,7,17.424983194444444,temperature,sunp
2022-06-21T00:00:00Z,8,15.419054513888888,temperature,sunp
2022-06-21T00:00:00Z,9,12.868646041666667,temperature,sunp
2022-06-21T00:00:00Z,10,11.022124375,temperature,sunp
2022-06-22T00:00:00Z,1,18.378098541666667,temperature,sunp
2022-06-22T00:00:00Z,2,18.40242472222222,temperature,sunp
2022-06-22T00:00:00Z,3,18.40557847222222,temperature,sunp
2022-06-22T00:00:00Z,4,18.37077784722222,temperature,sunp
2022-06-22T00:00:00Z,5,18.29167888888889,temperature,sunp
2022-06-22T00:00:00Z,6,18.172233402777778,temperature,sunp
2022-06-22T00:00:00Z,7,17.77169479166667,temperature,sunp
2022-06-22T00:00:00Z,8,15.990916736111112,temperature,sunp
2022-06-22T00:00:00Z,9,13.078844791666667,temperature,sunp
2022-06-22T00:00:00Z,10,11.14286923611111,temperature,sunp
2022-06-23T00:00:00Z,1,18.381656944444444,temperature,sunp
2022-06-23T00:00:00Z,2,18.395675486111113,temperature,sunp
2022-06-23T00:00:00Z,3,18.385793055555556,temperature,sunp
2022-06-23T00:00:00Z,4,18.33134,temperature,sunp
2022-06-23T00:00:00Z,5,18.25485548611111,temperature,sunp
2022-06-23T00:00:00Z,6,18.222358055555556,temperature,sunp
2022-06-23T00:00:00Z,7,18.05495826388889,temperature,sunp
2022-06-23T00:00:00Z,8,16.321174583333335,temperature,sunp
2022-06-23T00:00:00Z,9,12.661886597222223,temperature,sunp
2022-06-23T00:00:00Z,10,11.248001805555555,temperature,sunp
2022-06-24T00:00:00Z,1,19.02935652777778,temperature,sunp
2022-06-24T00:00:00Z,2,18.96405013888889,temperature,sunp
2022-06-24T00:00:00Z,3,18.856337777777778,temperature,sunp
2022-06-24T00:00:00Z,4,18.684653819444446,temperature,sunp
2022-06-24T00:00:00Z,5,18.52522173611111,temperature,sunp
2022-06-24T00:00:00Z,6,18.444522777777777,temperature,sunp
2022-06-24T00:00:00Z,7,18.289678958333333,temperature,sunp
2022-06-24T00:00:00Z,8,16.388466666666666,temperature,sunp
2022-06-24T00:00:00Z,9,12.921969166666667,temperature,sunp
2022-06-24T00:00:00Z,10,11.158228333333334,temperature,sunp
2022-06-25T00:00:00Z,1,20.090185208333335,temperature,sunp
2022-06-25T00:00:00Z,2,19.592623125,temperature,sunp
2022-06-25T00:00:00Z,3,19.257954930555556,temperature,sunp
2022-06-25T00:00:00Z,4,18.934465555555555,temperature,sunp
2022-06-25T00:00:00Z,5,18.665551458333333,temperature,sunp
2022-06-25T00:00:00Z,6,18.528224791666666,temperature,sunp
2022-06-25T00:00:00Z,7,18.139355555555557,temperature,sunp
2022-06-25T00:00:00Z,8,15.835445208333333,temperature,sunp
2022-06-25T00:00:00Z,9,12.828857430555555,temperature,sunp
2022-06-25T00:00:00Z,10,11.301324166666667,temperature,sunp
2022-06-26T00:00:00Z,1,21.14490423611111,temperature,sunp
2022-06-26T00:00:00Z,2,20.31581923611111,temperature,sunp
2022-06-26T00:00:00Z,3,19.596705625,temperature,sunp
2022-06-26T00:00:00Z,4,19.0743325,temperature,sunp
2022-06-26T00:00:00Z,5,18.826306250000002,temperature,sunp
2022-06-26T00:00:00Z,6,18.650021388888888,temperature,sunp
2022-06-26T00:00:00Z,7,18.063172916666666,temperature,sunp
2022-06-26T00:00:00Z,8,15.842025555555555,temperature,sunp
2022-06-26T00:00:00Z,9,12.90320111111111,temperature,sunp
2022-06-26T00:00:00Z,10,11.34500263888889,temperature,sunp
2022-06-27T00:00:00Z,1,20.896284652777776,temperature,sunp
2022-06-27T00:00:00Z,2,20.810100277777778,temperature,sunp
2022-06-27T00:00:00Z,3,20.57108763888889,temperature,sunp
2022-06-27T00:00:00Z,4,20.206859305555554,temperature,sunp
2022-06-27T00:00:00Z,5,19.637604791666668,temperature,sunp
2022-06-27T00:00:00Z,6,19.03570861111111,temperature,sunp
2022-06-27T00:00:00Z,7,18.522838958333335,temperature,sunp
2022-06-27T00:00:00Z,8,16.78498527777778,temperature,sunp
2022-06-27T00:00:00Z,9,13.245890069444444,temperature,sunp
2022-06-27T00:00:00Z,10,11.383865069444445,temperature,sunp
2022-06-28T00:00:00Z,1,21.456483194444445,temperature,sunp
2022-06-28T00:00:00Z,2,21.42992513888889,temperature,sunp
2022-06-28T00:00:00Z,3,21.320936875,temperature,sunp
2022-06-28T00:00:00Z,4,20.849880555555554,temperature,sunp
2022-06-28T00:00:00Z,5,19.845865694444445,temperature,sunp
2022-06-28T00:00:00Z,6,19.10848013888889,temperature,sunp
2022-06-28T00:00:00Z,7,18.01369652777778,temperature,sunp
2022-06-28T00:00:00Z,8,15.674631458333334,temperature,sunp
2022-06-28T00:00:00Z,9,13.142799375,temperature,sunp
2022-06-28T00:00:00Z,10,11.474080694444444,temperature,sunp
2022-06-29T00:00:00Z,1,21.645134583333334,temperature,sunp
2022-06-29T00:00:00Z,2,21.466458819444444,temperature,sunp
2022-06-29T00:00:00Z,3,21.07718402777778,temperature,sunp
2022-06-29T00:00:00Z,4,20.035451041666665,temperature,sunp
2022-06-29T00:00:00Z,5,19.21334826388889,temperature,sunp
2022-06-29T00:00:00Z,6,18.864910138888888,temperature,sunp
2022-06-29T00:00:00Z,7,17.88574840277778,temperature,sunp
2022-06-29T00:00:00Z,8,16.464332638888887,temperature,sunp
2022-06-29T00:00:00Z,9,14.416009027777777,temperature,sunp
2022-06-29T00:00:00Z,10,11.44222875,temperature,sunp
2022-06-30T00:00:00Z,1,21.60277888888889,temperature,sunp
2022-06-30T00:00:00Z,2,21.585302083333332,temperature,sunp
2022-06-30T00:00:00Z,3,21.402527916666667,temperature,sunp
2022-06-30T00:00:00Z,4,20.85757604166667,temperature,sunp
2022-06-30T00:00:00Z,5,19.980278541666667,temperature,sunp
2022-06-30T00:00:00Z,6,19.212026527777777,temperature,sunp
2022-06-30T00:00:00Z,7,18.22253736111111,temperature,sunp
2022-06-30T00:00:00Z,8,15.986600069444444,temperature,sunp
2022-06-30T00:00:00Z,9,13.426564305555555,temperature,sunp
2022-06-30T00:00:00Z,10,11.726858402777777,temperature,sunp
2022-07-01T00:00:00Z,1,21.910426319444444,temperature,sunp
2022-07-01T00:00:00Z,2,21.773993472222223,temperature,sunp
2022-07-01T00:00:00Z,3,21.518337708333334,temperature,sunp
2022-07-01T00:00:00Z,4,20.757551805555554,temperature,sunp
2022-07-01T00:00:00Z,5,19.869069097222223,temperature,sunp
2022-07-01T00:00:00Z,6,19.17355875,temperature,sunp
2022-07-01T00:00:00Z,7,18.03528375,temperature,sunp
2022-07-01T00:00:00Z,8,16.109160416666665,temperature,sunp
2022-07-01T00:00:00Z,9,13.960720972222223,temperature,sunp
2022-07-01T00:00:00Z,10,12.103138680555556,temperature,sunp
2022-07-02T00:00:00Z,1,22.230391805555556,temperature,sunp
2022-07-02T00:00:00Z,2,22.22745673611111,temperature,sunp
2022-07-02T00:00:00Z,3,22.155079861111112,temperature,sunp
2022-07-02T00:00:00Z,4,21.774017013888887,temperature,sunp
2022-07-02T00:00:00Z,5,20.613965486111113,temperature,sunp
2022-07-02T00:00:00Z,6,19.345989166666666,temperature,sunp
2022-07-02T00:00:00Z,7,18.420676875,temperature,sunp
2022-07-02T00:00:00Z,8,16.701313055555556,temperature,sunp
2022-07-02T00:00:00Z,9,13.612711527777778,temperature,sunp
2022-07-02T00:00:00Z,10,11.947783819444444,temperature,sunp
2022-07-03T00:00:00Z,1,22.34219513888889,temperature,sunp
2022-07-03T00:00:00Z,2,22.35503111111111,temperature,sunp
2022-07-03T00:00:00Z,3,22.332044791666668,temperature,sunp
2022-07-03T00:00:00Z,4,22.21887263888889,temperature,sunp
2022-07-03T00:00:00Z,5,21.24004763888889,temperature,sunp
2022-07-03T00:00:00Z,6,19.527841180555555,temperature,sunp
2022-07-03T00:00:00Z,7,17.90324222222222,temperature,sunp
2022-07-03T00:00:00Z,8,15.971637222222222,temperature,sunp
2022-07-03T00:00:00Z,9,14.218509097222222,temperature,sunp
2022-07-03T00:00:00Z,10,11.90790125,temperature,sunp
2022-07-04T00:00:00Z,1,22.256878125,temperature,sunp
2022-07-04T00:00:00Z,2,22.258656388888888,temperature,sunp
2022-07-04T00:00:00Z,3,22.18357486111111,temperature,sunp
2022-07-04T00:00:00Z,4,22.074148402777777,temperature,sunp
2022-07-04T00:00:00Z,5,21.01335597222222,temperature,sunp
2022-07-04T00:00:00Z,6,19.151876458333334,temperature,sunp
2022-07-04T00:00:00Z,7,17.789058819444445,temperature,sunp
2022-07-04T00:00:00Z,8,16.546053194444443,temperature,sunp
2022-07-04T00:00:00Z,9,14.117855486111111,temperature,sunp
2022-07-04T00:00:00Z,10,11.980643402777778,temperature,sunp
2022-07-05T00:00:00Z,1,22.082338958333334,temperature,sunp
2022-07-05T00:00:00Z,2,22.108201458333333,temperature,sunp
2022-07-05T00:00:00Z,3,22.114665902777777,temperature,sunp
2022-07-05T00:00:00Z,4,22.070695416666666,temperature,sunp
2022-07-05T00:00:00Z,5,21.231063402777778,temperature,sunp
2022-07-05T00:00:00Z,6,19.358263472222223,temperature,sunp
2022-07-05T00:00:00Z,7,18.198278680555557,temperature,sunp
2022-07-05T00:00:00Z,8,16.44843847222222,temperature,sunp
2022-07-05T00:00:00Z,9,14.105728125,temperature,sunp
2022-07-05T00:00:00Z,10,11.904180555555556,temperature,sunp
2022-07-06T00:00:00Z,1,21.881014791666665,temperature,sunp
2022-07-06T00:00:00Z,2,21.904322152777777,temperature,sunp
2022-07-06T00:00:00Z,3,21.911328819444446,temperature,sunp
2022-07-06T00:00:00Z,4,21.869146944444445,temperature,sunp
2022-07-06T00:00:00Z,5,21.575801944444443,temperature,sunp
2022-07-06T00:00:00Z,6,20.286849097222223,temperature,sunp
2022-07-06T00:00:00Z,7,18.58546125,temperature,sunp
2022-07-06T00:00:00Z,8,16.340367569444446,temperature,sunp
2022-07-06T00:00:00Z,9,14.158949097222223,temperature,sunp
2022-07-06T00:00:00Z,10,12.33592736111111,temperature,sunp
2022-07-07T00:00:00Z,1,22.041139166666667,temperature,sunp
2022-07-07T00:00:00Z,2,21.84883333333333,temperature,sunp
2022-07-07T00:00:00Z,3,21.782326319444444,temperature,sunp
2022-07-07T00:00:00Z,4,21.686095833333333,temperature,sunp
2022-07-07T00:00:00Z,5,21.54389173611111,temperature,sunp
2022-07-07T00:00:00Z,6,19.588328680555556,temperature,sunp
2022-07-07T00:00:00Z,7,18.03637965277778,temperature,sunp
2022-07-07T00:00:00Z,8,16.724051666666668,temperature,sunp
2022-07-07T00:00:00Z,9,14.128089652777778,temperature,sunp
2022-07-07T00:00:00Z,10,12.187085694444445,temperature,sunp
2022-07-08T00:00:00Z,1,22.149443333333334,temperature,sunp
2022-07-08T00:00:00Z,2,22.139240069444444,temperature,sunp
2022-07-08T00:00:00Z,3,22.08826138888889,temperature,sunp
2022-07-08T00:00:00Z,4,21.941025069444443,temperature,sunp
2022-07-08T00:00:00Z,5,21.605494791666665,temperature,sunp
2022-07-08T00:00:00Z,6,20.407800833333333,temperature,sunp
2022-07-08T00:00:00Z,7,18.613700833333333,temperature,sunp
2022-07-08T00:00:00Z,8,16.682329166666666,temperature,sunp
2022-07-08T00:00:00Z,9,14.062917708333334,temperature,sunp
2022-07-08T00:00:00Z,10,12.098865833333333,temperature,sunp
2022-07-09T00:00:00Z,1,22.430971666666668,temperature,sunp
2022-07-09T00:00:00Z,2,22.432226944444444,temperature,sunp
2022-07-09T00:00:00Z,3,22.382643680555557,temperature,sunp
2022-07-09T00:00:00Z,4,22.304954305555555,temperature,sunp
2022-07-09T00:00:00Z,5,22.11551673611111,temperature,sunp
2022-07-09T00:00:00Z,6,21.257793958333334,temperature,sunp
2022-07-09T00:00:00Z,7,18.247271805555556,temperature,sunp
2022-07-09T00:00:00Z,8,15.8681325,temperature,sunp
2022-07-09T00:00:00Z,9,13.968510208333333,temperature,sunp
2022-07-09T00:00:00Z,10,12.338998333333333,temperature,sunp
2022-07-10T00:00:00Z,1,22.564802916666668,temperature,sunp
2022-07-10T00:00:00Z,2,22.40558902777778,temperature,sunp
2022-07-10T00:00:00Z,3,22.262902083333334,temperature,sunp
2022-07-10T00:00:00Z,4,22.154741041666668,temperature,sunp
2022-07-10T00:00:00Z,5,21.996969097222223,temperature,sunp
2022-07-10T00:00:00Z,6,20.039169166666667,temperature,sunp
2022-07-10T00:00:00Z,7,18.360432083333333,temperature,sunp
2022-07-10T00:00:00Z,8,16.679911666666666,temperature,sunp
2022-07-10T00:00:00Z,9,14.648999097222223,temperature,sunp
2022-07-10T00:00:00Z,10,12.304587222222223,temperature,sunp
2022-07-11T00:00:00Z,1,22.680566458333335,temperature,sunp
2022-07-11T00:00:00Z,2,22.556784930555555,temperature,sunp
2022-07-11T00:00:00Z,3,22.457909166666667,temperature,sunp
2022-07-11T00:00:00Z,4,22.315862083333332,temperature,sunp
2022-07-11T00:00:00Z,5,21.9043925,temperature,sunp
2022-07-11T00:00:00Z,6,21.02745423611111,temperature,sunp
2022-07-11T00:00:00Z,7,18.508541944444445,temperature,sunp
2022-07-11T00:00:00Z,8,16.89953347222222,temperature,sunp
2022-07-11T00:00:00Z,9,14.453816736111111,temperature,sunp
2022-07-11T00:00:00Z,10,12.172052569444444,temperature,sunp
2022-07-12T00:00:00Z,1,22.5223525,temperature,sunp
2022-07-12T00:00:00Z,2,22.542034930555555,temperature,sunp
2022-07-12T00:00:00Z,3,22.539200138888887,temperature,sunp
2022-07-12T00:00:00Z,4,22.46881888888889,temperature,sunp
2022-07-12T00:00:00Z,5,22.290565972222222,temperature,sunp
2022-07-12T00:00:00Z,6,21.882773333333333,temperature,sunp
2022-07-12T00:00:00Z,7,19.353862083333333,temperature,sunp
2022-07-12T00:00:00Z,8,17.02168340277778,temperature,sunp
2022-07-12T00:00:00Z,9,14.548143055555556,temperature,sunp
2022-07-12T00:00:00Z,10,12.558354583333333,temperature,sunp
2022-07-13T00:00:00Z,1,23.116127430555554,temperature,sunp
2022-07-13T00:00:00Z,2,23.025929930555556,temperature,sunp
2022-07-13T00:00:00Z,3,22.863131666666668,temperature,sunp
2022-07-13T00:00:00Z,4,22.719605416666667,temperature,sunp
2022-07-13T00:00:00Z,5,22.467452291666667,temperature,sunp
2022-07-13T00:00:00Z,6,22.258237569444443,temperature,sunp
2022-07-13T00:00:00Z,7,20.000015347222224,temperature,sunp
2022-07-13T00:00:00Z,8,16.710181527777777,temperature,sunp
2022-07-13T00:00:00Z,9,14.539168125,temperature,sunp
2022-07-13T00:00:00Z,10,12.647734513888889,temperature,sunp
2022-07-14T00:00:00Z,1,23.29077840277778,temperature,sunp
2022-07-14T00:00:00Z,2,23.212853541666668,temperature,sunp
2022-07-14T00:00:00Z,3,23.145593402777777,temperature,sunp
2022-07-14T00:00:00Z,4,22.96707222222222,temperature,sunp
2022-07-14T00:00:00Z,5,22.727476666666668,temperature,sunp
2022-07-14T00:00:00Z,6,22.159851041666666,temperature,sunp
2022-07-14T00:00:00Z,7,18.99732951388889,temperature,sunp
2022-07-14T00:00:00Z,8,17.124343333333332,temperature,sunp
2022-07-14T00:00:00Z,9,15.124018819444444,temperature,sunp
2022-07-14T00:00:00Z,10,12.850256944444444,temperature,sunp
2022-07-15T00:00:00Z,1,23.441166388888888,temperature,sunp
2022-07-15T00:00:00Z,2,23.264477777777778,temperature,sunp
2022-07-15T00:00:00Z,3,23.160554861111113,temperature,sunp
2022-07-15T00:00:00Z,4,22.995534166666665,temperature,sunp
2022-07-15T00:00:00Z,5,22.840444861111113,temperature,sunp
2022-07-15T00:00:00Z,6,21.586369444444443,temperature,sunp
2022-07-15T00:00:00Z,7,19.107910694444445,temperature,sunp
2022-07-15T00:00:00Z,8,17.18964326388889,temperature,sunp
2022-07-15T00:00:00Z,9,14.95293048611111,temperature,sunp
2022-07-15T00:00:00Z,10,12.711868402777778,temperature,sunp
2022-07-16T00:00:00Z,1,23.468552569444444,temperature,sunp
2022-07-16T00:00:00Z,2,23.430595416666666,temperature,sunp
2022-07-16T00:00:00Z,3,23.335465555555555,temperature,sunp
2022-07-16T00:00:00Z,4,23.081621458333334,temperature,sunp
2022-07-16T00:00:00Z,5,22.733165416666665,temperature,sunp
2022-07-16T00:00:00Z,6,21.912493680555556,temperature,sunp
2022-07-16T00:00:00Z,7,19.26865951388889,temperature,sunp
2022-07-16T00:00:00Z,8,17.23881611111111,temperature,sunp
2022-07-16T00:00:00Z,9,15.085747569444445,temperature,sunp
2022-07-16T00:00:00Z,10,12.633833611111111,temperature,sunp
2022-07-17T00:00:00Z,1,23.560786805555555,temperature,sunp
2022-07-17T00:00:00Z,2,23.408553055555554,temperature,sunp
2022-07-17T00:00:00Z,3,23.29471201388889,temperature,sunp
2022-07-17T00:00:00Z,4,23.189885694444445,temperature,sunp
2022-07-17T00:00:00Z,5,22.952279930555555,temperature,sunp
2022-07-17T00:00:00Z,6,22.361650347222223,temperature,sunp
2022-07-17T00:00:00Z,7,20.62044,temperature,sunp
2022-07-17T00:00:00Z,8,17.223841458333332,temperature,sunp
2022-07-17T00:00:00Z,9,14.789995347222222,temperature,sunp
2022-07-17T00:00:00Z,10,12.723596319444445,temperature,sunp
2022-07-18T00:00:00Z,1,23.529310972222223,temperature,sunp
2022-07-18T00:00:00Z,2,23.538478402777777,temperature,sunp
2022-07-18T00:00:00Z,3,23.513818611111112,temperature,sunp
2022-07-18T00:00:00Z,4,23.43851409722222,temperature,sunp
2022-07-18T00:00:00Z,5,23.329603958333333,temperature,sunp
2022-07-18T00:00:00Z,6,22.480654305555557,temperature,sunp
2022-07-18T00:00:00Z,7,20.30108472222222,temperature,sunp
2022-07-18T00:00:00Z,8,17.47789013888889,temperature,sunp
2022-07-18T00:00:00Z,9,15.027372291666667,temperature,sunp
2022-07-18T00:00:00Z,10,12.591681875,temperature,sunp
2022-07-19T00:00:00Z,1,23.767664027777776,temperature,sunp
2022-07-19T00:00:00Z,2,23.787472986111112,temperature,sunp
2022-07-19T00:00:00Z,3,23.725777291666667,temperature,sunp
2022-07-19T00:00:00Z,4,23.63563034722222,temperature,sunp
2022-07-19T00:00:00Z,5,23.45622625,temperature,sunp
2022-07-19T00:00:00Z,6,22.852544652777777,temperature,sunp
2022-07-19T00:00:00Z,7,20.170529791666667,temperature,sunp
2022-07-19T00:00:00Z,8,17.223676666666666,temperature,sunp
2022-07-19T00:00:00Z,9,15.177564513888889,temperature,sunp
2022-07-19T00:00:00Z,10,13.177972708333334,temperature,sunp
2022-07-20T00:00:00Z,1,24.368550902777777,temperature,sunp
2022-07-20T00:00:00Z,2,24.145744583333332,temperature,sunp
2022-07-20T00:00:00Z,3,24.048297569444443,temperature,sunp
2022-07-20T00:00:00Z,4,23.910783819444443,temperature,sunp
2022-07-20T00:00:00Z,5,23.660778680555556,temperature,sunp
2022-07-20T00:00:00Z,6,23.036762222222222,temperature,sunp
2022-07-20T00:00:00Z,7,20.27236152777778,temperature,sunp
2022-07-20T00:00:00Z,8,17.52362326388889,temperature,sunp
2022-07-20T00:00:00Z,9,14.900503263888888,temperature,sunp
2022-07-20T00:00:00Z,10,12.821557916666666,temperature,sunp
2022-07-21T00:00:00Z,1,25.07202263888889,temperature,sunp
2022-07-21T00:00:00Z,2,24.983561805555556,temperature,sunp
2022-07-21T00:00:00Z,3,24.590516319444443,temperature,sunp
2022-07-21T00:00:00Z,4,24.262617916666667,temperature,sunp
2022-07-21T00:00:00Z,5,23.963492569444444,temperature,sunp
2022-07-21T00:00:00Z,6,23.19696409722222,temperature,sunp
2022-07-21T00:00:00Z,7,20.055672083333334,temperature,sunp
2022-07-21T00:00:00Z,8,17.66250527777778,temperature,sunp
2022-07-21T00:00:00Z,9,15.127899097222222,temperature,sunp
2022-07-21T00:00:00Z,10,12.854117013888889,temperature,sunp
2022-07-22T00:00:00Z,1,24.9290225,temperature,sunp
2022-07-22T00:00:00Z,2,24.912608541666668,temperature,sunp
2022-07-22T00:00:00Z,3,24.816307152777778,temperature,sunp
2022-07-22T00:00:00Z,4,24.655954305555554,temperature,sunp
2022-07-22T00:00:00Z,5,24.142778194444446,temperature,sunp
2022-07-22T00:00:00Z,6,23.161580416666666,temperature,sunp
2022-07-22T00:00:00Z,7,20.571851666666667,temperature,sunp
2022-07-22T00:00:00Z,8,17.373359930555555,temperature,sunp
2022-07-22T00:00:00Z,9,15.002475625,temperature,sunp
2022-07-22T00:00:00Z,10,12.946946527777778,temperature,sunp
2022-07-23T00:00:00Z,1,25.1752425,temperature,sunp
2022-07-23T00:00:00Z,2,25.088432291666667,temperature,sunp
2022-07-23T00:00:00Z,3,24.959408055555556,temperature,sunp
2022-07-23T00:00:00Z,4,24.87009972222222,temperature,sunp
2022-07-23T00:00:00Z,5,24.388812847222223,temperature,sunp
2022-07-23T00:00:00Z,6,23.242434166666666,temperature,sunp
2022-07-23T00:00:00Z,7,20.16752625,temperature,sunp
2022-07-23T00:00:00Z,8,17.439026875,temperature,sunp
2022-07-23T00:00:00Z,9,15.210829930555555,temperature,sunp
2022-07-23T00:00:00Z,10,13.017410625,temperature,sunp
2022-07-24T00:00:00Z,1,25.476671111111113,temperature,sunp
2022-07-24T00:00:00Z,2,25.44791888888889,temperature,sunp
2022-07-24T00:00:00Z,3,25.399624375,temperature,sunp
2022-07-24T00:00:00Z,4,25.221818194444445,temperature,sunp
2022-07-24T00:00:00Z,5,24.603684444444443,temperature,sunp
2022-07-24T00:00:00Z,6,23.442988472222222,temperature,sunp
2022-07-24T00:00:00Z,7,20.40229375,temperature,sunp
2022-07-24T00:00:00Z,8,17.66601111111111,temperature,sunp
2022-07-24T00:00:00Z,9,15.12609125,temperature,sunp
2022-07-24T00:00:00Z,10,12.9424225,temperature,sunp
2022-07-25T00:00:00Z,1,25.500436180555557,temperature,sunp
2022-07-25T00:00:00Z,2,25.524073194444444,temperature,sunp
2022-07-25T00:00:00Z,3,25.513429930555557,temperature,sunp
2022-07-25T00:00:00Z,4,25.318331944444445,temperature,sunp
2022-07-25T00:00:00Z,5,24.774843541666666,temperature,sunp
2022-07-25T00:00:00Z,6,23.864147638888888,temperature,sunp
2022-07-25T00:00:00Z,7,21.200572291666667,temperature,sunp
2022-07-25T00:00:00Z,8,17.806557708333333,temperature,sunp
2022-07-25T00:00:00Z,9,14.967436805555556,temperature,sunp
2022-07-25T00:00:00Z,10,12.938466527777777,temperature,sunp
2022-07-26T00:00:00Z,1,24.961832083333334,temperature,sunp
2022-07-26T00:00:00Z,2,24.98162236111111,temperature,sunp
2022-07-26T00:00:00Z,3,24.972779374999998,temperature,sunp
2022-07-26T00:00:00Z,4,24.91477048611111,temperature,sunp
2022-07-26T00:00:00Z,5,24.790130972222222,temperature,sunp
2022-07-26T00:00:00Z,6,23.742839027777777,temperature,sunp
2022-07-26T00:00:00Z,7,20.59348902777778,temperature,sunp
2022-07-26T00:00:00Z,8,17.749454444444446,temperature,sunp
2022-07-26T00:00:00Z,9,15.140225625,temperature,sunp
2022-07-26T00:00:00Z,10,13.166673124999999,temperature,sunp
2022-07-27T00:00:00Z,1,24.957748263888888,temperature,sunp
2022-07-27T00:00:00Z,2,24.829009513888888,temperature,sunp
2022-07-27T00:00:00Z,3,24.730376180555556,temperature,sunp
2022-07-27T00:00:00Z,4,24.66265451388889,temperature,sunp
2022-07-27T00:00:00Z,5,24.58102486111111,temperature,sunp
2022-07-27T00:00:00Z,6,23.829035,temperature,sunp
2022-07-27T00:00:00Z,7,20.390646458333332,temperature,sunp
2022-07-27T00:00:00Z,8,17.637935555555554,temperature,sunp
2022-07-27T00:00:00Z,9,15.172326041666667,temperature,sunp
2022-07-27T00:00:00Z,10,13.127517569444445,temperature,sunp
2022-07-28T00:00:00Z,1,24.99871597222222,temperature,sunp
2022-07-28T00:00:00Z,2,24.97342090277778,temperature,sunp
2022-07-28T00:00:00Z,3,24.909104791666667,temperature,sunp
2022-07-28T00:00:00Z,4,24.836167083333333,temperature,sunp
2022-07-28T00:00:00Z,5,24.662214722222224,temperature,sunp
2022-07-28T00:00:00Z,6,23.68012236111111,temperature,sunp
2022-07-28T00:00:00Z,7,20.39455111111111,temperature,sunp
2022-07-28T00:00:00Z,8,18.045472430555556,temperature,sunp
2022-07-28T00:00:00Z,9,15.359556319444444,temperature,sunp
2022-07-28T00:00:00Z,10,13.120420902777777,temperature,sunp
2022-07-29T00:00:00Z,1,24.915606319444443,temperature,sunp
2022-07-29T00:00:00Z,2,24.930985347222222,temperature,sunp
2022-07-29T00:00:00Z,3,24.91383423611111,temperature,sunp
2022-07-29T00:00:00Z,4,24.853673819444445,temperature,sunp
2022-07-29T00:00:00Z,5,24.604827430555556,temperature,sunp
2022-07-29T00:00:00Z,6,23.748360625,temperature,sunp
2022-07-29T00:00:00Z,7,21.245247708333334,temperature,sunp
2022-07-29T00:00:00Z,8,18.256976319444444,temperature,sunp
2022-07-29T00:00:00Z,9,15.202093472222222,temperature,sunp
2022-07-29T00:00:00Z,10,13.14065888888889,temperature,sunp
2022-07-30T00:00:00Z,1,24.819663055555555,temperature,sunp
2022-07-30T00:00:00Z,2,24.846109583333334,temperature,sunp
2022-07-30T00:00:00Z,3,24.854300069444445,temperature,sunp
2022-07-30T00:00:00Z,4,24.82409923611111,temperature,sunp
2022-07-30T00:00:00Z,5,24.75543673611111,temperature,sunp
2022-07-30T00:00:00Z,6,24.168814652777776,temperature,sunp
2022-07-30T00:00:00Z,7,20.97053798611111,temperature,sunp
2022-07-30T00:00:00Z,8,17.75037701388889,temperature,sunp
2022-07-30T00:00:00Z,9,15.357572430555555,temperature,sunp
2022-07-30T00:00:00Z,10,13.367950833333333,temperature,sunp
2022-07-31T00:00:00Z,1,24.613813125,temperature,sunp
2022-07-31T00:00:00Z,2,24.588056944444446,temperature,sunp
2022-07-31T00:00:00Z,3,24.52202548611111,temperature,sunp
2022-07-31T00:00:00Z,4,24.457427569444445,temperature,sunp
2022-07-31T00:00:00Z,5,24.366890416666667,temperature,sunp
2022-07-31T00:00:00Z,6,24.265246875,temperature,sunp
2022-07-31T00:00:00Z,7,20.819978541666668,temperature,sunp
2022-07-31T00:00:00Z,8,18.182316805555555,temperature,sunp
2022-07-31T00:00:00Z,9,15.44519486111111,temperature,sunp
2022-07-31T00:00:00Z,10,13.224793819444445,temperature,sunp
2022-08-01T00:00:00Z,1,24.81045347222222,temperature,sunp
2022-08-01T00:00:00Z,2,24.706875902777778,temperature,sunp
2022-08-01T00:00:00Z,3,24.659689305555556,temperature,sunp
2022-08-01T00:00:00Z,4,24.59731986111111,temperature,sunp
2022-08-01T00:00:00Z,5,24.510450833333334,temperature,sunp
2022-08-01T00:00:00Z,6,24.299564583333332,temperature,sunp
2022-08-01T00:00:00Z,7,21.439257083333334,temperature,sunp
2022-08-01T00:00:00Z,8,18.34621277777778,temperature,sunp
2022-08-01T00:00:00Z,9,15.613745833333333,temperature,sunp
2022-08-01T00:00:00Z,10,13.242161805555556,temperature,sunp
2022-08-02T00:00:00Z,1,24.97365048611111,temperature,sunp
2022-08-02T00:00:00Z,2,24.950490277777778,temperature,sunp
2022-08-02T00:00:00Z,3,24.89415888888889,temperature,sunp
2022-08-02T00:00:00Z,4,24.806569583333335,temperature,sunp
2022-08-02T00:00:00Z,5,24.724582777777776,temperature,sunp
2022-08-02T00:00:00Z,6,24.561945277777777,temperature,sunp
2022-08-02T00:00:00Z,7,21.85905361111111,temperature,sunp
2022-08-02T00:00:00Z,8,18.400153680555555,temperature,sunp
2022-08-02T00:00:00Z,9,15.281588680555556,temperature,sunp
2022-08-02T00:00:00Z,10,13.332192847222222,temperature,sunp
2022-08-03T00:00:00Z,1,25.295274305555555,temperature,sunp
2022-08-03T00:00:00Z,2,25.12856763888889,temperature,sunp
2022-08-03T00:00:00Z,3,25.04976027777778,temperature,sunp
2022-08-03T00:00:00Z,4,24.956706319444443,temperature,sunp
2022-08-03T00:00:00Z,5,24.892128958333334,temperature,sunp
2022-08-03T00:00:00Z,6,24.655360069444445,temperature,sunp
2022-08-03T00:00:00Z,7,21.190480833333332,temperature,sunp
2022-08-03T00:00:00Z,8,18.12692138888889,temperature,sunp
2022-08-03T00:00:00Z,9,15.508085555555555,temperature,sunp
2022-08-03T00:00:00Z,10,13.37631625,temperature,sunp
2022-08-04T00:00:00Z,1,25.606710555555555,temperature,sunp
2022-08-04T00:00:00Z,2,25.407519444444443,temperature,sunp
2022-08-04T00:00:00Z,3,25.319159166666665,temperature,sunp
2022-08-04T00:00:00Z,4,25.14445597222222,temperature,sunp
2022-08-04T00:00:00Z,5,24.92750597222222,temperature,sunp
2022-08-04T00:00:00Z,6,24.429882430555555,temperature,sunp
2022-08-04T00:00:00Z,7,21.486303888888887,temperature,sunp
2022-08-04T00:00:00Z,8,18.942198958333332,temperature,sunp
2022-08-04T00:00:00Z,9,15.537112569444444,temperature,sunp
2022-08-04T00:00:00Z,10,13.40658625,temperature,sunp
2022-08-05T00:00:00Z,1,25.769938819444445,temperature,sunp
2022-08-05T00:00:00Z,2,25.63281048611111,temperature,sunp
2022-08-05T00:00:00Z,3,25.458018819444444,temperature,sunp
2022-08-05T00:00:00Z,4,25.34693229166667,temperature,sunp
2022-08-05T00:00:00Z,5,25.130289027777778,temperature,sunp
2022-08-05T00:00:00Z,6,24.412433888888888,temperature,sunp
2022-08-05T00:00:00Z,7,22.53981576388889,temperature,sunp
2022-08-05T00:00:00Z,8,18.49719111111111,temperature,sunp
2022-08-05T00:00:00Z,9,15.386635833333333,temperature,sunp
2022-08-05T00:00:00Z,10,13.50582875,temperature,sunp
2022-08-06T00:00:00Z,1,26.365137013888887,temperature,sunp
2022-08-06T00:00:00Z,2,26.235351875,temperature,sunp
2022-08-06T00:00:00Z,3,25.84865236111111,temperature,sunp
2022-08-06T00:00:00Z,4,25.619635555555554,temperature,sunp
2022-08-06T00:00:00Z,5,25.430080694444445,temperature,sunp
2022-08-06T00:00:00Z,6,24.89217326388889,temperature,sunp
2022-08-06T00:00:00Z,7,21.512842083333332,temperature,sunp
2022-08-06T00:00:00Z,8,18.441184097222223,temperature,sunp
2022-08-06T00:00:00Z,9,15.792825138888889,temperature,sunp
2022-08-06T00:00:00Z,10,13.667444375,temperature,sunp
2022-08-07T00:00:00Z,1,26.36816798611111,temperature,sunp
2022-08-07T00:00:00Z,2,26.342475486111113,temperature,sunp
2022-08-07T00:00:00Z,3,26.136994444444444,temperature,sunp
2022-08-07T00:00:00Z,4,25.642565833333332,temperature,sunp
2022-08-07T00:00:00Z,5,25.245023472222222,temperature,sunp
2022-08-07T00:00:00Z,6,24.503976666666667,temperature,sunp
2022-08-07T00:00:00Z,7,22.155136111111112,temperature,sunp
2022-08-07T00:00:00Z,8,19.068810833333334,temperature,sunp
2022-08-07T00:00:00Z,9,15.829041736111112,temperature,sunp
2022-08-07T00:00:00Z,10,13.35351013888889,temperature,sunp
2022-08-08T00:00:00Z,1,26.468855138888888,temperature,sunp
2022-08-08T00:00:00Z,2,26.43690527777778,temperature,sunp
2022-08-08T00:00:00Z,3,26.34926423611111,temperature,sunp
2022-08-08T00:00:00Z,4,26.022158541666666,temperature,sunp
2022-08-08T00:00:00Z,5,25.678240416666668,temperature,sunp
2022-08-08T00:00:00Z,6,24.927834027777777,temperature,sunp
2022-08-08T00:00:00Z,7,22.667711041666667,temperature,sunp
2022-08-08T00:00:00Z,8,18.69877111111111,temperature,sunp
2022-08-08T00:00:00Z,9,15.618885416666666,temperature,sunp
2022-08-08T00:00:00Z,10,13.69888423611111,temperature,sunp
2022-08-09T00:00:00Z,1,26.59587326388889,temperature,sunp
2022-08-09T00:00:00Z,2,26.601007569444445,temperature,sunp
2022-08-09T00:00:00Z,3,26.537954583333335,temperature,sunp
2022-08-09T00:00:00Z,4,26.335618888888888,temperature,sunp
2022-08-09T00:00:00Z,5,26.08431951388889,temperature,sunp
2022-08-09T00:00:00Z,6,25.228585902777777,temperature,sunp
2022-08-09T00:00:00Z,7,22.680360069444443,temperature,sunp
2022-08-09T00:00:00Z,8,18.314183125,temperature,sunp
2022-08-09T00:00:00Z,9,15.844061319444444,temperature,sunp
2022-08-09T00:00:00Z,10,13.739023958333334,temperature,sunp
2022-08-10T00:00:00Z,1,26.243842916666665,temperature,sunp
2022-08-10T00:00:00Z,2,26.263306041666667,temperature,sunp
2022-08-10T00:00:00Z,3,26.264934444444446,temperature,sunp
2022-08-10T00:00:00Z,4,26.222236319444445,temperature,sunp
2022-08-10T00:00:00Z,5,26.172289513888888,temperature,sunp
2022-08-10T00:00:00Z,6,25.706484097222223,temperature,sunp
2022-08-10T00:00:00Z,7,21.34288173611111,temperature,sunp
2022-08-10T00:00:00Z,8,18.512780972222224,temperature,sunp
2022-08-10T00:00:00Z,9,15.995177638888888,temperature,sunp
2022-08-10T00:00:00Z,10,13.668032916666666,temperature,sunp
2022-08-11T00:00:00Z,1,26.05186888888889,temperature,sunp
2022-08-11T00:00:00Z,2,25.996614166666667,temperature,sunp
2022-08-11T00:00:00Z,3,25.961225416666668,temperature,sunp
2022-08-11T00:00:00Z,4,25.912733541666668,temperature,sunp
2022-08-11T00:00:00Z,5,25.865055833333333,temperature,sunp
2022-08-11T00:00:00Z,6,24.92696527777778,temperature,sunp
2022-08-11T00:00:00Z,7,22.118922847222223,temperature,sunp
2022-08-11T00:00:00Z,8,19.300003680555555,temperature,sunp
2022-08-11T00:00:00Z,9,15.967248611111112,temperature,sunp
2022-08-11T00:00:00Z,10,13.722957569444445,temperature,sunp
2022-08-12T00:00:00Z,1,25.40700451388889,temperature,sunp
2022-08-12T00:00:00Z,2,25.43640590277778,temperature,sunp
2022-08-12T00:00:00Z,3,25.452412430555555,temperature,sunp
2022-08-12T00:00:00Z,4,25.435081041666667,temperature,sunp
2022-08-12T00:00:00Z,5,25.410460625,temperature,sunp
2022-08-12T00:00:00Z,6,25.37910201388889,temperature,sunp
2022-08-12T00:00:00Z,7,23.201821527777778,temperature,sunp
2022-08-12T00:00:00Z,8,18.475858333333335,temperature,sunp
2022-08-12T00:00:00Z,9,15.506465902777778,temperature,sunp
2022-08-12T00:00:00Z,10,13.789175694444445,temperature,sunp
2022-08-13T00:00:00Z,1,24.717198819444445,temperature,sunp
2022-08-13T00:00:00Z,2,24.744196805555557,temperature,sunp
2022-08-13T00:00:00Z,3,24.759162708333335,temperature,sunp
2022-08-13T00:00:00Z,4,24.737611319444444,temperature,sunp
2022-08-13T00:00:00Z,5,24.707009791666668,temperature,sunp
2022-08-13T00:00:00Z,6,24.716747916666666,temperature,sunp
2022-08-13T00:00:00Z,7,21.79438645833333,temperature,sunp
2022-08-13T00:00:00Z,8,19.171527569444443,temperature,sunp
2022-08-13T00:00:00Z,9,16.067762291666668,temperature,sunp
2022-08-13T00:00:00Z,10,13.778746180555556,temperature,sunp
2022-08-14T00:00:00Z,1,24.486461180555555,temperature,sunp
2022-08-14T00:00:00Z,2,24.433128958333334,temperature,sunp
2022-08-14T00:00:00Z,3,24.389524791666666,temperature,sunp
2022-08-14T00:00:00Z,4,24.32649423611111,temperature,sunp
2022-08-14T00:00:00Z,5,24.255127152777778,temperature,sunp
2022-08-14T00:00:00Z,6,24.20140340277778,temperature,sunp
2022-08-14T00:00:00Z,7,22.563835208333334,temperature,sunp
2022-08-14T00:00:00Z,8,19.35683277777778,temperature,sunp
2022-08-14T00:00:00Z,9,16.037556180555555,temperature,sunp
2022-08-14T00:00:00Z,10,13.739458819444444,temperature,sunp
2022-08-15T00:00:00Z,1,24.471294375,temperature,sunp
2022-08-15T00:00:00Z,2,24.410002708333334,temperature,sunp
2022-08-15T00:00:00Z,3,24.379667291666667,temperature,sunp
2022-08-15T00:00:00Z,4,24.322439375,temperature,sunp
2022-08-15T00:00:00Z,5,24.254618541666666,temperature,sunp
2022-08-15T00:00:00Z,6,24.207781180555557,temperature,sunp
2022-08-15T00:00:00Z,7,22.997769375,temperature,sunp
2022-08-15T00:00:00Z,8,19.638081319444446,temperature,sunp
2022-08-15T00:00:00Z,9,15.913996875,temperature,sunp
2022-08-15T00:00:00Z,10,13.782894305555555,temperature,sunp
2022-08-16T00:00:00Z,1,24.338578194444445,temperature,sunp
2022-08-16T00:00:00Z,2,24.356083055555555,temperature,sunp
2022-08-16T00:00:00Z,3,24.36865583333333,temperature,sunp
2022-08-16T00:00:00Z,4,24.344871458333333,temperature,sunp
2022-08-16T00:00:00Z,5,24.316700069444444,temperature,sunp
2022-08-16T00:00:00Z,6,24.327519930555557,temperature,sunp
2022-08-16T00:00:00Z,7,23.780871666666666,temperature,sunp
2022-08-16T00:00:00Z,8,19.318662291666666,temperature,sunp
2022-08-16T00:00:00Z,9,16.171723680555555,temperature,sunp
2022-08-16T00:00:00Z,10,13.789754652777777,temperature,sunp
2022-08-17T00:00:00Z,1,24.0843925,temperature,sunp
2022-08-17T00:00:00Z,2,24.109093819444446,temperature,sunp
2022-08-17T00:00:00Z,3,24.118285,temperature,sunp
2022-08-17T00:00:00Z,4,24.094947013888888,temperature,sunp
2022-08-17T00:00:00Z,5,24.065160625,temperature,sunp
2022-08-17T00:00:00Z,6,24.085607708333335,temperature,sunp
2022-08-17T00:00:00Z,7,23.707892986111112,temperature,sunp
2022-08-17T00:00:00Z,8,19.070576180555555,temperature,sunp
2022-08-17T00:00:00Z,9,16.231838958333334,temperature,sunp
2022-08-17T00:00:00Z,10,13.918630416666666,temperature,sunp
2022-08-18T00:00:00Z,1,23.421936527777778,temperature,sunp
2022-08-18T00:00:00Z,2,23.450221458333335,temperature,sunp
2022-08-18T00:00:00Z,3,23.46550673611111,temperature,sunp
2022-08-18T00:00:00Z,4,23.44428513888889,temperature,sunp
2022-08-18T00:00:00Z,5,23.417655902777778,temperature,sunp
2022-08-18T00:00:00Z,6,23.435841319444446,temperature,sunp
2022-08-18T00:00:00Z,7,23.097414722222222,temperature,sunp
2022-08-18T00:00:00Z,8,19.31900909722222,temperature,sunp
2022-08-18T00:00:00Z,9,16.24582201388889,temperature,sunp
2022-08-18T00:00:00Z,10,13.913897152777778,temperature,sunp
2022-08-19T00:00:00Z,1,23.21403125,temperature,sunp
2022-08-19T00:00:00Z,2,23.181170416666667,temperature,sunp
2022-08-19T00:00:00Z,3,23.13047840277778,temperature,sunp
2022-08-19T00:00:00Z,4,23.074769791666668,temperature,sunp
2022-08-19T00:00:00Z,5,23.019746527777777,temperature,sunp
2022-08-19T00:00:00Z,6,22.981910625,temperature,sunp
2022-08-19T00:00:00Z,7,22.838298819444443,temperature,sunp
2022-08-19T00:00:00Z,8,20.788404305555556,temperature,sunp
2022-08-19T00:00:00Z,9,16.014694722222224,temperature,sunp
2022-08-19T00:00:00Z,10,13.874174722222222,temperature,sunp
2022-08-20T00:00:00Z,1,23.54870326388889,temperature,sunp
2022-08-20T00:00:00Z,2,23.322257222222223,temperature,sunp
2022-08-20T00:00:00Z,3,23.22668048611111,temperature,sunp
2022-08-20T00:00:00Z,4,23.16039347222222,temperature,sunp
2022-08-20T00:00:00Z,5,23.0982025,temperature,sunp
2022-08-20T00:00:00Z,6,23.070224097222223,temperature,sunp
2022-08-20T00:00:00Z,7,22.832102708333334,temperature,sunp
2022-08-20T00:00:00Z,8,21.24162326388889,temperature,sunp
2022-08-20T00:00:00Z,9,16.394338680555556,temperature,sunp
2022-08-20T00:00:00Z,10,13.810449652777777,temperature,sunp
2022-08-21T00:00:00Z,1,23.84556840277778,temperature,sunp
2022-08-21T00:00:00Z,2,23.811794930555557,temperature,sunp
2022-08-21T00:00:00Z,3,23.665311944444444,temperature,sunp
2022-08-21T00:00:00Z,4,23.412665694444446,temperature,sunp
2022-08-21T00:00:00Z,5,23.288306875,temperature,sunp
2022-08-21T00:00:00Z,6,23.197102430555557,temperature,sunp
2022-08-21T00:00:00Z,7,22.98687909722222,temperature,sunp
2022-08-21T00:00:00Z,8,21.21473347222222,temperature,sunp
2022-08-21T00:00:00Z,9,16.58401486111111,temperature,sunp
2022-08-21T00:00:00Z,10,13.941525277777778,temperature,sunp
2022-08-22T00:00:00Z,1,23.645602222222223,temperature,sunp
2022-08-22T00:00:00Z,2,23.666789444444444,temperature,sunp
2022-08-22T00:00:00Z,3,23.67445798611111,temperature,sunp
2022-08-22T00:00:00Z,4,23.64993736111111,temperature,sunp
2022-08-22T00:00:00Z,5,23.617282916666667,temperature,sunp
2022-08-22T00:00:00Z,6,23.611617222222222,temperature,sunp
2022-08-22T00:00:00Z,7,23.185957152777778,temperature,sunp
2022-08-22T00:00:00Z,8,22.095635208333334,temperature,sunp
2022-08-22T00:00:00Z,9,16.418763819444443,temperature,sunp
2022-08-22T00:00:00Z,10,13.944523402777778,temperature,sunp
2022-08-23T00:00:00Z,1,23.542560833333333,temperature,sunp
2022-08-23T00:00:00Z,2,23.563255138888888,temperature,sunp
2022-08-23T00:00:00Z,3,23.565545694444445,temperature,sunp
2022-08-23T00:00:00Z,4,23.534386805555556,temperature,sunp
2022-08-23T00:00:00Z,5,23.497936041666666,temperature,sunp
2022-08-23T00:00:00Z,6,23.524183819444445,temperature,sunp
2022-08-23T00:00:00Z,7,23.46027125,temperature,sunp
2022-08-23T00:00:00Z,8,21.197773958333332,temperature,sunp
2022-08-23T00:00:00Z,9,16.65803784722222,temperature,sunp
2022-08-23T00:00:00Z,10,14.085525347222223,temperature,sunp
2022-08-24T00:00:00Z,1,23.74165111111111,temperature,sunp
2022-08-24T00:00:00Z,2,23.739205972222223,temperature,sunp
2022-08-24T00:00:00Z,3,23.72436409722222,temperature,sunp
2022-08-24T00:00:00Z,4,23.665019375,temperature,sunp
2022-08-24T00:00:00Z,5,23.58531909722222,temperature,sunp
2022-08-24T00:00:00Z,6,23.542795972222223,temperature,sunp
2022-08-24T00:00:00Z,7,23.396385625,temperature,sunp
2022-08-24T00:00:00Z,8,20.876605277777777,temperature,sunp
2022-08-24T00:00:00Z,9,16.999100555555554,temperature,sunp
2022-08-24T00:00:00Z,10,13.937274236111111,temperature,sunp
2022-08-25T00:00:00Z,1,24.041751041666668,temperature,sunp
2022-08-25T00:00:00Z,2,23.926901805555556,temperature,sunp
2022-08-25T00:00:00Z,3,23.86926423611111,temperature,sunp
2022-08-25T00:00:00Z,4,23.774842222222222,temperature,sunp
2022-08-25T00:00:00Z,5,23.660039375,temperature,sunp
2022-08-25T00:00:00Z,6,23.40389236111111,temperature,sunp
2022-08-25T00:00:00Z,7,22.829324444444445,temperature,sunp
2022-08-25T00:00:00Z,8,21.046834305555556,temperature,sunp
2022-08-25T00:00:00Z,9,17.001203611111112,temperature,sunp
2022-08-25T00:00:00Z,10,14.102073472222223,temperature,sunp
2022-08-26T00:00:00Z,1,24.04131576388889,temperature,sunp
2022-08-26T00:00:00Z,2,24.029612916666668,temperature,sunp
2022-08-26T00:00:00Z,3,23.974428680555555,temperature,sunp
2022-08-26T00:00:00Z,4,23.82267166666667,temperature,sunp
2022-08-26T00:00:00Z,5,23.658077777777777,temperature,sunp
2022-08-26T00:00:00Z,6,23.416384027777777,temperature,sunp
2022-08-26T00:00:00Z,7,22.887782708333333,temperature,sunp
2022-08-26T00:00:00Z,8,21.37213375,temperature,sunp
2022-08-26T00:00:00Z,9,16.839557222222222,temperature,sunp
2022-08-26T00:00:00Z,10,14.023617152777778,temperature,sunp
2022-08-27T00:00:00Z,1,23.85080576388889,temperature,sunp
2022-08-27T00:00:00Z,2,23.865853194444444,temperature,sunp
2022-08-27T00:00:00Z,3,23.869627430555557,temperature,sunp
2022-08-27T00:00:00Z,4,23.839099791666666,temperature,sunp
2022-08-27T00:00:00Z,5,23.745742291666666,temperature,sunp
2022-08-27T00:00:00Z,6,23.66739611111111,temperature,sunp
2022-08-27T00:00:00Z,7,23.107479444444444,temperature,sunp
2022-08-27T00:00:00Z,8,21.186843194444446,temperature,sunp
2022-08-27T00:00:00Z,9,16.911105694444444,temperature,sunp
2022-08-27T00:00:00Z,10,14.10074451388889,temperature,sunp
2022-08-28T00:00:00Z,1,23.79319826388889,temperature,sunp
2022-08-28T00:00:00Z,2,23.770340625,temperature,sunp
2022-08-28T00:00:00Z,3,23.71957298611111,temperature,sunp
2022-08-28T00:00:00Z,4,23.676253680555554,temperature,sunp
2022-08-28T00:00:00Z,5,23.623981944444445,temperature,sunp
2022-08-28T00:00:00Z,6,23.587757152777776,temperature,sunp
2022-08-28T00:00:00Z,7,22.90900152777778,temperature,sunp
2022-08-28T00:00:00Z,8,21.397931180555556,temperature,sunp
2022-08-28T00:00:00Z,9,16.80488298611111,temperature,sunp
2022-08-28T00:00:00Z,10,14.334561041666667,temperature,sunp
2022-08-29T00:00:00Z,1,23.804363194444445,temperature,sunp
2022-08-29T00:00:00Z,2,23.673647083333332,temperature,sunp
2022-08-29T00:00:00Z,3,23.59626736111111,temperature,sunp
2022-08-29T00:00:00Z,4,23.537865625,temperature,sunp
2022-08-29T00:00:00Z,5,23.48037972222222,temperature,sunp
2022-08-29T00:00:00Z,6,23.444291805555554,temperature,sunp
2022-08-29T00:00:00Z,7,22.950653055555556,temperature,sunp
2022-08-29T00:00:00Z,8,21.44971138888889,temperature,sunp
2022-08-29T00:00:00Z,9,17.45373923611111,temperature,sunp
2022-08-29T00:00:00Z,10,14.230945,temperature,sunp
2022-08-30T00:00:00Z,1,23.98610215277778,temperature,sunp
2022-08-30T00:00:00Z,2,23.954475972222223,temperature,sunp
2022-08-30T00:00:00Z,3,23.848091458333332,temperature,sunp
2022-08-30T00:00:00Z,4,23.735261180555554,temperature,sunp
2022-08-30T00:00:00Z,5,23.65495048611111,temperature,sunp
2022-08-30T00:00:00Z,6,23.62849125,temperature,sunp
2022-08-30T00:00:00Z,7,23.528583680555556,temperature,sunp
2022-08-30T00:00:00Z,8,21.843348819444444,temperature,sunp
2022-08-30T00:00:00Z,9,17.13805361111111,temperature,sunp
2022-08-30T00:00:00Z,10,14.26573673611111,temperature,sunp
2022-08-31T00:00:00Z,1,24.089555833333332,temperature,sunp
2022-08-31T00:00:00Z,2,24.112475625,temperature,sunp
2022-08-31T00:00:00Z,3,24.116597083333332,temperature,sunp
2022-08-31T00:00:00Z,4,24.079872708333333,temperature,sunp
2022-08-31T00:00:00Z,5,24.004961805555556,temperature,sunp
2022-08-31T00:00:00Z,6,23.947632569444444,temperature,sunp
2022-08-31T00:00:00Z,7,23.650654236111112,temperature,sunp
2022-08-31T00:00:00Z,8,21.56265423611111,temperature,sunp
2022-08-31T00:00:00Z,9,17.594869652777778,temperature,sunp
2022-08-31T00:00:00Z,10,14.574818680555556,temperature,sunp
2022-09-01T00:00:00Z,1,23.640674791666665,temperature,sunp
2022-09-01T00:00:00Z,2,23.668441805555556,temperature,sunp
2022-09-01T00:00:00Z,3,23.68389388888889,temperature,sunp
2022-09-01T00:00:00Z,4,23.66684736111111,temperature,sunp
2022-09-01T00:00:00Z,5,23.633209166666667,temperature,sunp
2022-09-01T00:00:00Z,6,23.640554791666666,temperature,sunp
2022-09-01T00:00:00Z,7,23.37239548611111,temperature,sunp
2022-09-01T00:00:00Z,8,21.687843402777776,temperature,sunp
2022-09-01T00:00:00Z,9,17.350153680555557,temperature,sunp
2022-09-01T00:00:00Z,10,14.246846527777778,temperature,sunp
2022-09-02T00:00:00Z,1,23.090253472222223,temperature,sunp
2022-09-02T00:00:00Z,2,23.023630625,temperature,sunp
2022-09-02T00:00:00Z,3,22.995569652777778,temperature,sunp
2022-09-02T00:00:00Z,4,22.942787222222222,temperature,sunp
2022-09-02T00:00:00Z,5,22.883766666666666,temperature,sunp
2022-09-02T00:00:00Z,6,22.894193819444446,temperature,sunp
2022-09-02T00:00:00Z,7,22.846473888888887,temperature,sunp
2022-09-02T00:00:00Z,8,22.062122638888887,temperature,sunp
2022-09-02T00:00:00Z,9,17.898032430555556,temperature,sunp
2022-09-02T00:00:00Z,10,14.447970208333333,temperature,sunp
2022-09-03T00:00:00Z,1,23.12861138888889,temperature,sunp
2022-09-03T00:00:00Z,2,23.021005902777777,temperature,sunp
2022-09-03T00:00:00Z,3,22.966408194444444,temperature,sunp
2022-09-03T00:00:00Z,4,22.921028125,temperature,sunp
2022-09-03T00:00:00Z,5,22.866550208333333,temperature,sunp
2022-09-03T00:00:00Z,6,22.870100694444446,temperature,sunp
2022-09-03T00:00:00Z,7,22.808848958333332,temperature,sunp
2022-09-03T00:00:00Z,8,22.164181805555554,temperature,sunp
2022-09-03T00:00:00Z,9,17.849911319444445,temperature,sunp
2022-09-03T00:00:00Z,10,14.533094375,temperature,sunp
2022-09-04T00:00:00Z,1,23.329710902777776,temperature,sunp
2022-09-04T00:00:00Z,2,23.143578125,temperature,sunp
2022-09-04T00:00:00Z,3,23.056345416666666,temperature,sunp
2022-09-04T00:00:00Z,4,22.985136041666667,temperature,sunp
2022-09-04T00:00:00Z,5,22.916094722222223,temperature,sunp
2022-09-04T00:00:00Z,6,22.890987083333332,temperature,sunp
2022-09-04T00:00:00Z,7,22.788976875,temperature,sunp
2022-09-04T00:00:00Z,8,21.849232083333334,temperature,sunp
2022-09-04T00:00:00Z,9,18.09499826388889,temperature,sunp
2022-09-04T00:00:00Z,10,14.581230902777778,temperature,sunp
2022-09-05T00:00:00Z,1,22.906704166666668,temperature,sunp
2022-09-05T00:00:00Z,2,22.93707076388889,temperature,sunp
2022-09-05T00:00:00Z,3,22.954443402777777,temperature,sunp
2022-09-05T00:00:00Z,4,22.939504791666668,temperature,sunp
2022-09-05T00:00:00Z,5,22.915899375,temperature,sunp
2022-09-05T00:00:00Z,6,22.94419048611111,temperature,sunp
2022-09-05T00:00:00Z,7,22.900604027777778,temperature,sunp
2022-09-05T00:00:00Z,8,22.446067708333334,temperature,sunp
2022-09-05T00:00:00Z,9,18.131977222222222,temperature,sunp
2022-09-05T00:00:00Z,10,14.396513125,temperature,sunp
2022-09-06T00:00:00Z,1,22.151334444444444,temperature,sunp
2022-09-06T00:00:00Z,2,22.181267083333335,temperature,sunp
2022-09-06T00:00:00Z,3,22.199738541666665,temperature,sunp
2022-09-06T00:00:00Z,4,22.18537736111111,temperature,sunp
2022-09-06T00:00:00Z,5,22.16370798611111,temperature,sunp
2022-09-06T00:00:00Z,6,22.20036138888889,temperature,sunp
2022-09-06T00:00:00Z,7,22.187326527777778,temperature,sunp
2022-09-06T00:00:00Z,8,22.173363819444443,temperature,sunp
2022-09-06T00:00:00Z,9,18.272827291666665,temperature,sunp
2022-09-06T00:00:00Z,10,14.752610347222221,temperature,sunp
2022-09-07T00:00:00Z,1,21.80934798611111,temperature,sunp
2022-09-07T00:00:00Z,2,21.82731625,temperature,sunp
2022-09-07T00:00:00Z,3,21.84158076388889,temperature,sunp
2022-09-07T00:00:00Z,4,21.819566597222224,temperature,sunp
2022-09-07T00:00:00Z,5,21.790515069444446,temperature,sunp
2022-09-07T00:00:00Z,6,21.81698048611111,temperature,sunp
2022-09-07T00:00:00Z,7,21.79248048611111,temperature,sunp
2022-09-07T00:00:00Z,8,21.76320951388889,temperature,sunp
2022-09-07T00:00:00Z,9,18.6993275,temperature,sunp
2022-09-07T00:00:00Z,10,14.592843402777778,temperature,sunp
2022-09-08T00:00:00Z,1,21.907804444444444,temperature,sunp
2022-09-08T00:00:00Z,2,21.85966125,temperature,sunp
2022-09-08T00:00:00Z,3,21.803717916666667,temperature,sunp
2022-09-08T00:00:00Z,4,21.72301826388889,temperature,sunp
2022-09-08T00:00:00Z,5,21.644350347222222,temperature,sunp
2022-09-08T00:00:00Z,6,21.650803958333334,temperature,sunp
2022-09-08T00:00:00Z,7,21.614621319444446,temperature,sunp
2022-09-08T00:00:00Z,8,21.57206173611111,temperature,sunp
2022-09-08T00:00:00Z,9,19.02064215277778,temperature,sunp
2022-09-08T00:00:00Z,10,14.807601388888889,temperature,sunp
2022-09-09T00:00:00Z,1,22.046428402777778,temperature,sunp
2022-09-09T00:00:00Z,2,21.93626111111111,temperature,sunp
2022-09-09T00:00:00Z,3,21.905169166666667,temperature,sunp
2022-09-09T00:00:00Z,4,21.841089305555556,temperature,sunp
2022-09-09T00:00:00Z,5,21.76921090277778,temperature,sunp
2022-09-09T00:00:00Z,6,21.75810236111111,temperature,sunp
2022-09-09T00:00:00Z,7,21.68597048611111,temperature,sunp
2022-09-09T00:00:00Z,8,21.52119298611111,temperature,sunp
2022-09-09T00:00:00Z,9,18.935666805555556,temperature,sunp
2022-09-09T00:00:00Z,10,14.789010694444444,temperature,sunp
2022-09-10T00:00:00Z,1,22.228817083333333,temperature,sunp
2022-09-10T00:00:00Z,2,22.061639583333335,temperature,sunp
2022-09-10T00:00:00Z,3,21.971592152777777,temperature,sunp
2022-09-10T00:00:00Z,4,21.882978194444444,temperature,sunp
2022-09-10T00:00:00Z,5,21.795085902777778,temperature,sunp
2022-09-10T00:00:00Z,6,21.76636152777778,temperature,sunp
2022-09-10T00:00:00Z,7,21.634913333333333,temperature,sunp
2022-09-10T00:00:00Z,8,21.344850138888887,temperature,sunp
2022-09-10T00:00:00Z,9,19.212852986111113,temperature,sunp
2022-09-10T00:00:00Z,10,14.793329305555556,temperature,sunp
2022-09-11T00:00:00Z,1,22.173725833333332,temperature,sunp
2022-09-11T00:00:00Z,2,22.16032263888889,temperature,sunp
2022-09-11T00:00:00Z,3,22.073715486111112,temperature,sunp
2022-09-11T00:00:00Z,4,21.95653611111111,temperature,sunp
2022-09-11T00:00:00Z,5,21.857362152777778,temperature,sunp
2022-09-11T00:00:00Z,6,21.796885347222222,temperature,sunp
2022-09-11T00:00:00Z,7,21.66526423611111,temperature,sunp
2022-09-11T00:00:00Z,8,21.388689583333335,temperature,sunp
2022-09-11T00:00:00Z,9,18.982143472222223,temperature,sunp
2022-09-11T00:00:00Z,10,14.986913263888889,temperature,sunp
2022-09-12T00:00:00Z,1,22.204359375,temperature,sunp
2022-09-12T00:00:00Z,2,22.055501319444446,temperature,sunp
2022-09-12T00:00:00Z,3,21.99840138888889,temperature,sunp
2022-09-12T00:00:00Z,4,21.935306875,temperature,sunp
2022-09-12T00:00:00Z,5,21.85524263888889,temperature,sunp
2022-09-12T00:00:00Z,6,21.826243055555555,temperature,sunp
2022-09-12T00:00:00Z,7,21.70229638888889,temperature,sunp
2022-09-12T00:00:00Z,8,21.47520527777778,temperature,sunp
2022-09-12T00:00:00Z,9,19.372795,temperature,sunp
2022-09-12T00:00:00Z,10,14.939032708333333,temperature,sunp
2022-09-13T00:00:00Z,1,22.274933402777776,temperature,sunp
2022-09-13T00:00:00Z,2,22.271346875,temperature,sunp
2022-09-13T00:00:00Z,3,22.186603541666667,temperature,sunp
2022-09-13T00:00:00Z,4,22.118954791666667,temperature,sunp
2022-09-13T00:00:00Z,5,22.056702708333333,temperature,sunp
2022-09-13T00:00:00Z,6,22.010944305555554,temperature,sunp
2022-09-13T00:00:00Z,7,21.878157916666666,temperature,sunp
2022-09-13T00:00:00Z,8,21.556047361111112,temperature,sunp
2022-09-13T00:00:00Z,9,19.21135486111111,temperature,sunp
2022-09-13T00:00:00Z,10,14.777662916666667,temperature,sunp
2022-09-14T00:00:00Z,1,21.962654791666665,temperature,sunp
2022-09-14T00:00:00Z,2,21.986736875,temperature,sunp
2022-09-14T00:00:00Z,3,21.9853225,temperature,sunp
2022-09-14T00:00:00Z,4,21.949083472222224,temperature,sunp
2022-09-14T00:00:00Z,5,21.89522861111111,temperature,sunp
2022-09-14T00:00:00Z,6,21.858589930555556,temperature,sunp
2022-09-14T00:00:00Z,7,21.6732025,temperature,sunp
2022-09-14T00:00:00Z,8,20.992591597222223,temperature,sunp
2022-09-14T00:00:00Z,9,19.05964888888889,temperature,sunp
2022-09-14T00:00:00Z,10,15.43298548611111,temperature,sunp
2022-09-15T00:00:00Z,1,21.34820236111111,temperature,sunp
2022-09-15T00:00:00Z,2,21.382448194444443,temperature,sunp
2022-09-15T00:00:00Z,3,21.39978347222222,temperature,sunp
2022-09-15T00:00:00Z,4,21.382497222222224,temperature,sunp
2022-09-15T00:00:00Z,5,21.358465416666668,temperature,sunp
2022-09-15T00:00:00Z,6,21.387043333333335,temperature,sunp
2022-09-15T00:00:00Z,7,21.35628826388889,temperature,sunp
2022-09-15T00:00:00Z,8,21.17291652777778,temperature,sunp
2022-09-15T00:00:00Z,9,19.394996458333335,temperature,sunp
2022-09-15T00:00:00Z,10,15.644827847222222,temperature,sunp
2022-09-16T00:00:00Z,1,20.6341975,temperature,sunp
2022-09-16T00:00:00Z,2,20.667624375,temperature,sunp
2022-09-16T00:00:00Z,3,20.684931319444445,temperature,sunp
2022-09-16T00:00:00Z,4,20.660598125,temperature,sunp
2022-09-16T00:00:00Z,5,20.631645833333334,temperature,sunp
2022-09-16T00:00:00Z,6,20.651471944444445,temperature,sunp
2022-09-16T00:00:00Z,7,20.625894791666667,temperature,sunp
2022-09-16T00:00:00Z,8,20.587525972222224,temperature,sunp
2022-09-16T00:00:00Z,9,20.257951666666667,temperature,sunp
2022-09-16T00:00:00Z,10,16.021407291666666,temperature,sunp
2022-09-17T00:00:00Z,1,20.332641041666665,temperature,sunp
2022-09-17T00:00:00Z,2,20.294707916666667,temperature,sunp
2022-09-17T00:00:00Z,3,20.28396986111111,temperature,sunp
2022-09-17T00:00:00Z,4,20.22551673611111,temperature,sunp
2022-09-17T00:00:00Z,5,20.18341361111111,temperature,sunp
2022-09-17T00:00:00Z,6,20.203500694444443,temperature,sunp
2022-09-17T00:00:00Z,7,20.175376458333332,temperature,sunp
2022-09-17T00:00:00Z,8,20.151184722222222,temperature,sunp
2022-09-17T00:00:00Z,9,20.003304027777776,temperature,sunp
2022-09-17T00:00:00Z,10,15.987832708333332,temperature,sunp
2022-09-18T00:00:00Z,1,20.137205,temperature,sunp
2022-09-18T00:00:00Z,2,20.157445069444446,temperature,sunp
2022-09-18T00:00:00Z,3,20.150194930555557,temperature,sunp
2022-09-18T00:00:00Z,4,20.101953541666667,temperature,sunp
2022-09-18T00:00:00Z,5,20.062082569444446,temperature,sunp
2022-09-18T00:00:00Z,6,20.08061902777778,temperature,sunp
2022-09-18T00:00:00Z,7,20.05248361111111,temperature,sunp
2022-09-18T00:00:00Z,8,20.02492270833333,temperature,sunp
2022-09-18T00:00:00Z,9,19.770526875,temperature,sunp
2022-09-18T00:00:00Z,10,16.322737916666668,temperature,sunp
2022-09-19T00:00:00Z,1,19.92672625,temperature,sunp
2022-09-19T00:00:00Z,2,19.960870625,temperature,sunp
2022-09-19T00:00:00Z,3,19.979710208333334,temperature,sunp
2022-09-19T00:00:00Z,4,19.96431513888889,temperature,sunp
2022-09-19T00:00:00Z,5,19.94559048611111,temperature,sunp
2022-09-19T00:00:00Z,6,19.98061173611111,temperature,sunp
2022-09-19T00:00:00Z,7,19.965215416666666,temperature,sunp
2022-09-19T00:00:00Z,8,19.952799305555555,temperature,sunp
2022-09-19T00:00:00Z,9,19.942484583333332,temperature,sunp
2022-09-19T00:00:00Z,10,17.006334444444445,temperature,sunp
2022-09-20T00:00:00Z,1,19.667266805555556,temperature,sunp
2022-09-20T00:00:00Z,2,19.69256986111111,temperature,sunp
2022-09-20T00:00:00Z,3,19.704121458333333,temperature,sunp
2022-09-20T00:00:00Z,4,19.680709791666665,temperature,sunp
2022-09-20T00:00:00Z,5,19.65732722222222,temperature,sunp
2022-09-20T00:00:00Z,6,19.689625763888888,temperature,sunp
2022-09-20T00:00:00Z,7,19.66784826388889,temperature,sunp
2022-09-20T00:00:00Z,8,19.646058819444445,temperature,sunp
2022-09-20T00:00:00Z,9,19.629186944444445,temperature,sunp
2022-09-20T00:00:00Z,10,17.57494875,temperature,sunp
2022-09-21T00:00:00Z,1,19.50417201388889,temperature,sunp
2022-09-21T00:00:00Z,2,19.521989652777776,temperature,sunp
2022-09-21T00:00:00Z,3,19.528584652777777,temperature,sunp
2022-09-21T00:00:00Z,4,19.495613680555554,temperature,sunp
2022-09-21T00:00:00Z,5,19.466019930555557,temperature,sunp
2022-09-21T00:00:00Z,6,19.49216277777778,temperature,sunp
2022-09-21T00:00:00Z,7,19.46499013888889,temperature,sunp
2022-09-21T00:00:00Z,8,19.443776041666666,temperature,sunp
2022-09-21T00:00:00Z,9,19.427499166666667,temperature,sunp
2022-09-21T00:00:00Z,10,17.435317847222223,temperature,sunp
2022-09-22T00:00:00Z,1,19.307535208333334,temperature,sunp
2022-09-22T00:00:00Z,2,19.341708611111113,temperature,sunp
2022-09-22T00:00:00Z,3,19.354880833333333,temperature,sunp
2022-09-22T00:00:00Z,4,19.337187291666666,temperature,sunp
2022-09-22T00:00:00Z,5,19.31634548611111,temperature,sunp
2022-09-22T00:00:00Z,6,19.349282777777777,temperature,sunp
2022-09-22T00:00:00Z,7,19.332847083333334,temperature,sunp
2022-09-22T00:00:00Z,8,19.312492083333332,temperature,sunp
2022-09-22T00:00:00Z,9,19.218558055555555,temperature,sunp
2022-09-22T00:00:00Z,10,17.042914583333335,temperature,sunp
2022-09-23T00:00:00Z,1,18.473889375,temperature,sunp
2022-09-23T00:00:00Z,2,18.511957083333332,temperature,sunp
2022-09-23T00:00:00Z,3,18.52956659722222,temperature,sunp
2022-09-23T00:00:00Z,4,18.517147430555557,temperature,sunp
2022-09-23T00:00:00Z,5,18.497947569444445,temperature,sunp
2022-09-23T00:00:00Z,6,18.533653819444446,temperature,sunp
2022-09-23T00:00:00Z,7,18.520106597222224,temperature,sunp
2022-09-23T00:00:00Z,8,18.5072525,temperature,sunp
2022-09-23T00:00:00Z,9,18.48919090277778,temperature,sunp
2022-09-23T00:00:00Z,10,18.087116875,temperature,sunp
2022-09-24T00:00:00Z,1,17.672609930555556,temperature,sunp
2022-09-24T00:00:00Z,2,17.70867722222222,temperature,sunp
2022-09-24T00:00:00Z,3,17.719775555555554,temperature,sunp
2022-09-24T00:00:00Z,4,17.700054930555556,temperature,sunp
2022-09-24T00:00:00Z,5,17.67265861111111,temperature,sunp
2022-09-24T00:00:00Z,6,17.698810625,temperature,sunp
2022-09-24T00:00:00Z,7,17.67227451388889,temperature,sunp
2022-09-24T00:00:00Z,8,17.631620138888888,temperature,sunp
2022-09-24T00:00:00Z,9,17.58048,temperature,sunp
2022-09-24T00:00:00Z,10,17.269390277777777,temperature,sunp
2022-09-25T00:00:00Z,1,17.38043340277778,temperature,sunp
2022-09-25T00:00:00Z,2,17.414871875,temperature,sunp
2022-09-25T00:00:00Z,3,17.422399652777777,temperature,sunp
2022-09-25T00:00:00Z,4,17.40154576388889,temperature,sunp
2022-09-25T00:00:00Z,5,17.375117916666667,temperature,sunp
2022-09-25T00:00:00Z,6,17.40443326388889,temperature,sunp
2022-09-25T00:00:00Z,7,17.376093472222223,temperature,sunp
2022-09-25T00:00:00Z,8,17.35214375,temperature,sunp
2022-09-25T00:00:00Z,9,17.335388680555557,temperature,sunp
2022-09-25T00:00:00Z,10,17.16459076388889,temperature,sunp
2022-09-26T00:00:00Z,1,17.324399027777776,temperature,sunp
2022-09-26T00:00:00Z,2,17.351178680555556,temperature,sunp
2022-09-26T00:00:00Z,3,17.349480069444443,temperature,sunp
2022-09-26T00:00:00Z,4,17.319175347222224,temperature,sunp
2022-09-26T00:00:00Z,5,17.28270513888889,temperature,sunp
2022-09-26T00:00:00Z,6,17.303433125,temperature,sunp
2022-09-26T00:00:00Z,7,17.270794166666665,temperature,sunp
2022-09-26T00:00:00Z,8,17.240240069444443,temperature,sunp
2022-09-26T00:00:00Z,9,17.248510069444443,temperature,sunp
2022-09-26T00:00:00Z,10,17.196977083333334,temperature,sunp
2022-09-27T00:00:00Z,1,17.196599236111112,temperature,sunp
2022-09-27T00:00:00Z,2,17.205213055555557,temperature,sunp
2022-09-27T00:00:00Z,3,17.17490548611111,temperature,sunp
2022-09-27T00:00:00Z,4,17.11983576388889,temperature,sunp
2022-09-27T00:00:00Z,5,17.085030208333333,temperature,sunp
2022-09-27T00:00:00Z,6,17.115623125,temperature,sunp
2022-09-27T00:00:00Z,7,17.094055555555556,temperature,sunp
2022-09-27T00:00:00Z,8,17.080998333333334,temperature,sunp
2022-09-27T00:00:00Z,9,17.095105694444445,temperature,sunp
2022-09-27T00:00:00Z,10,17.020436944444445,temperature,sunp
2022-09-28T00:00:00Z,1,17.067055902777778,temperature,sunp
2022-09-28T00:00:00Z,2,17.102155625,temperature,sunp
2022-09-28T00:00:00Z,3,17.105858958333332,temperature,sunp
2022-09-28T00:00:00Z,4,17.08524277777778,temperature,sunp
2022-09-28T00:00:00Z,5,17.055520625,temperature,sunp
2022-09-28T00:00:00Z,6,17.083641805555555,temperature,sunp
2022-09-28T00:00:00Z,7,17.057586666666666,temperature,sunp
2022-09-28T00:00:00Z,8,17.037971875,temperature,sunp
2022-09-28T00:00:00Z,9,17.05971923611111,temperature,sunp
2022-09-28T00:00:00Z,10,16.994156458333332,temperature,sunp
2022-09-29T00:00:00Z,1,16.762977569444445,temperature,sunp
2022-09-29T00:00:00Z,2,16.801101805555557,temperature,sunp
2022-09-29T00:00:00Z,3,16.816292430555556,temperature,sunp
2022-09-29T00:00:00Z,4,16.801897083333333,temperature,sunp
2022-09-29T00:00:00Z,5,16.780826736111113,temperature,sunp
2022-09-29T00:00:00Z,6,16.816516875,temperature,sunp
2022-09-29T00:00:00Z,7,16.80051041666667,temperature,sunp
2022-09-29T00:00:00Z,8,16.788968333333333,temperature,sunp
2022-09-29T00:00:00Z,9,16.81158277777778,temperature,sunp
2022-09-29T00:00:00Z,10,16.78229125,temperature,sunp
2022-09-30T00:00:00Z,1,16.546757222222222,temperature,sunp
2022-09-30T00:00:00Z,2,16.559426666666667,temperature,sunp
2022-09-30T00:00:00Z,3,16.546224513888887,temperature,sunp
2022-09-30T00:00:00Z,4,16.514393680555557,temperature,sunp
2022-09-30T00:00:00Z,5,16.48127402777778,temperature,sunp
2022-09-30T00:00:00Z,6,16.50637777777778,temperature,sunp
2022-09-30T00:00:00Z,7,16.475596041666666,temperature,sunp
2022-09-30T00:00:00Z,8,16.45098847222222,temperature,sunp
2022-09-30T00:00:00Z,9,16.48552847222222,temperature,sunp
2022-09-30T00:00:00Z,10,16.432609097222223,temperature,sunp
2022-10-01T00:00:00Z,1,16.46939451388889,temperature,sunp
2022-10-01T00:00:00Z,2,16.432288194444446,temperature,sunp
2022-10-01T00:00:00Z,3,16.408918194444446,temperature,sunp
2022-10-01T00:00:00Z,4,16.369341041666665,temperature,sunp
2022-10-01T00:00:00Z,5,16.327014513888887,temperature,sunp
2022-10-01T00:00:00Z,6,16.350683958333335,temperature,sunp
2022-10-01T00:00:00Z,7,16.323206111111112,temperature,sunp
2022-10-01T00:00:00Z,8,16.30651923611111,temperature,sunp
2022-10-01T00:00:00Z,9,16.33777909722222,temperature,sunp
2022-10-01T00:00:00Z,10,16.282977222222222,temperature,sunp
2022-10-02T00:00:00Z,1,16.195594791666668,temperature,sunp
2022-10-02T00:00:00Z,2,16.22860451388889,temperature,sunp
2022-10-02T00:00:00Z,3,16.248222152777778,temperature,sunp
2022-10-02T00:00:00Z,4,16.233319652777777,temperature,sunp
2022-10-02T00:00:00Z,5,16.21250951388889,temperature,sunp
2022-10-02T00:00:00Z,6,16.248208263888888,temperature,sunp
2022-10-02T00:00:00Z,7,16.233238333333333,temperature,sunp
2022-10-02T00:00:00Z,8,16.223530208333333,temperature,sunp
2022-10-02T00:00:00Z,9,16.253328055555556,temperature,sunp
2022-10-02T00:00:00Z,10,16.232252777777777,temperature,sunp
2022-10-03T00:00:00Z,1,15.953480972222222,temperature,sunp
2022-10-03T00:00:00Z,2,15.984782986111112,temperature,sunp
2022-10-03T00:00:00Z,3,16.004643125,temperature,sunp
2022-10-03T00:00:00Z,4,15.985388333333333,temperature,sunp
2022-10-03T00:00:00Z,5,15.962853541666666,temperature,sunp
2022-10-03T00:00:00Z,6,15.998572916666667,temperature,sunp
2022-10-03T00:00:00Z,7,15.982296041666666,temperature,sunp
2022-10-03T00:00:00Z,8,15.972505833333333,temperature,sunp
2022-10-03T00:00:00Z,9,16.005863958333332,temperature,sunp
2022-10-03T00:00:00Z,10,15.953486319444444,temperature,sunp
2022-10-04T00:00:00Z,1,15.739833958333334,temperature,sunp
2022-10-04T00:00:00Z,2,15.771364305555556,temperature,sunp
2022-10-04T00:00:00Z,3,15.789514791666667,temperature,sunp
2022-10-04T00:00:00Z,4,15.77233,temperature,sunp
2022-10-04T00:00:00Z,5,15.75119763888889,temperature,sunp
2022-10-04T00:00:00Z,6,15.788972777777778,temperature,sunp
2022-10-04T00:00:00Z,7,15.772782708333333,temperature,sunp
2022-10-04T00:00:00Z,8,15.763943888888889,temperature,sunp
2022-10-04T00:00:00Z,9,15.802425694444445,temperature,sunp
2022-10-04T00:00:00Z,10,15.774928402777778,temperature,sunp
2022-10-05T00:00:00Z,1,15.648349305555556,temperature,sunp
2022-10-05T00:00:00Z,2,15.672802083333334,temperature,sunp
2022-10-05T00:00:00Z,3,15.680150555555555,temperature,sunp
2022-10-05T00:00:00Z,4,15.654782569444444,temperature,sunp
2022-10-05T00:00:00Z,5,15.625825208333334,temperature,sunp
2022-10-05T00:00:00Z,6,15.657282291666666,temperature,sunp
2022-10-05T00:00:00Z,7,15.633165416666667,temperature,sunp
2022-10-05T00:00:00Z,8,15.617914305555555,temperature,sunp
2022-10-05T00:00:00Z,9,15.662188958333333,temperature,sunp
2022-10-05T00:00:00Z,10,15.618831805555555,temperature,sunp
2022-10-06T00:00:00Z,1,15.95669673611111,temperature,sunp
2022-10-06T00:00:00Z,2,15.808156111111112,temperature,sunp
2022-10-06T00:00:00Z,3,15.716373819444444,temperature,sunp
2022-10-06T00:00:00Z,4,15.652453888888889,temperature,sunp
2022-10-06T00:00:00Z,5,15.609757708333333,temperature,sunp
2022-10-06T00:00:00Z,6,15.626592708333334,temperature,sunp
2022-10-06T00:00:00Z,7,15.591598472222222,temperature,sunp
2022-10-06T00:00:00Z,8,15.571110138888889,temperature,sunp
2022-10-06T00:00:00Z,9,15.602306458333333,temperature,sunp
2022-10-06T00:00:00Z,10,15.56263,temperature,sunp
2022-10-07T00:00:00Z,1,15.980789444444444,temperature,sunp
2022-10-07T00:00:00Z,2,15.944878263888889,temperature,sunp
2022-10-07T00:00:00Z,3,15.842628055555556,temperature,sunp
2022-10-07T00:00:00Z,4,15.73879173611111,temperature,sunp
2022-10-07T00:00:00Z,5,15.655675625,temperature,sunp
2022-10-07T00:00:00Z,6,15.64837875,temperature,sunp
2022-10-07T00:00:00Z,7,15.607844722222222,temperature,sunp
2022-10-07T00:00:00Z,8,15.574897986111111,temperature,sunp
2022-10-07T00:00:00Z,9,15.58320125,temperature,sunp
2022-10-07T00:00:00Z,10,15.544498680555556,temperature,sunp
2022-10-08T00:00:00Z,1,15.379344097222223,temperature,sunp
2022-10-08T00:00:00Z,2,15.41802125,temperature,sunp
2022-10-08T00:00:00Z,3,15.430130347222223,temperature,sunp
2022-10-08T00:00:00Z,4,15.413748194444445,temperature,sunp
2022-10-08T00:00:00Z,5,15.387408263888888,temperature,sunp
2022-10-08T00:00:00Z,6,15.416309097222221,temperature,sunp
2022-10-08T00:00:00Z,7,15.394677222222223,temperature,sunp
2022-10-08T00:00:00Z,8,15.377847083333334,temperature,sunp
2022-10-08T00:00:00Z,9,15.396490416666667,temperature,sunp
2022-10-08T00:00:00Z,10,15.374454375,temperature,sunp
2022-10-09T00:00:00Z,1,15.110724375,temperature,sunp
2022-10-09T00:00:00Z,2,15.148547847222222,temperature,sunp
2022-10-09T00:00:00Z,3,15.158385625,temperature,sunp
2022-10-09T00:00:00Z,4,15.138886319444444,temperature,sunp
2022-10-09T00:00:00Z,5,15.107922013888889,temperature,sunp
2022-10-09T00:00:00Z,6,15.13146888888889,temperature,sunp
2022-10-09T00:00:00Z,7,15.09373201388889,temperature,sunp
2022-10-09T00:00:00Z,8,15.064425069444445,temperature,sunp
2022-10-09T00:00:00Z,9,15.075419027777778,temperature,sunp
2022-10-09T00:00:00Z,10,15.034068819444444,temperature,sunp
2022-10-10T00:00:00Z,1,14.857041944444445,temperature,sunp
2022-10-10T00:00:00Z,2,14.894424166666667,temperature,sunp
2022-10-10T00:00:00Z,3,14.910717569444444,temperature,sunp
2022-10-10T00:00:00Z,4,14.895177638888889,temperature,sunp
2022-10-10T00:00:00Z,5,14.872471875,temperature,sunp
2022-10-10T00:00:00Z,6,14.912353958333334,temperature,sunp
2022-10-10T00:00:00Z,7,14.893602222222222,temperature,sunp
2022-10-10T00:00:00Z,8,14.88396,temperature,sunp
2022-10-10T00:00:00Z,9,14.935824166666666,temperature,sunp
2022-10-10T00:00:00Z,10,14.885702708333334,temperature,sunp
2022-10-11T00:00:00Z,1,14.681470902777777,temperature,sunp
2022-10-11T00:00:00Z,2,14.711669861111112,temperature,sunp
2022-10-11T00:00:00Z,3,14.707173541666666,temperature,sunp
2022-10-11T00:00:00Z,4,14.668338263888888,temperature,sunp
2022-10-11T00:00:00Z,5,14.621657916666667,temperature,sunp
2022-10-11T00:00:00Z,6,14.651229583333333,temperature,sunp
2022-10-11T00:00:00Z,7,14.620976805555555,temperature,sunp
2022-10-11T00:00:00Z,8,14.600784236111112,temperature,sunp
2022-10-11T00:00:00Z,9,14.638833194444445,temperature,sunp
2022-10-11T00:00:00Z,10,14.595388680555555,temperature,sunp
2022-10-12T00:00:00Z,1,14.616256736111112,temperature,sunp
2022-10-12T00:00:00Z,2,14.638960902777777,temperature,sunp
2022-10-12T00:00:00Z,3,14.64033326388889,temperature,sunp
2022-10-12T00:00:00Z,4,14.605500277777777,temperature,sunp
2022-10-12T00:00:00Z,5,14.55839861111111,temperature,sunp
2022-10-12T00:00:00Z,6,14.56817548611111,temperature,sunp
2022-10-12T00:00:00Z,7,14.529221388888889,temperature,sunp
2022-10-12T00:00:00Z,8,14.504011111111112,temperature,sunp
2022-10-12T00:00:00Z,9,14.525035833333334,temperature,sunp
2022-10-12T00:00:00Z,10,14.484201597222222,temperature,sunp
2022-10-13T00:00:00Z,1,14.493319375,temperature,sunp
2022-10-13T00:00:00Z,2,14.526374375,temperature,sunp
2022-10-13T00:00:00Z,3,14.542893888888889,temperature,sunp
2022-10-13T00:00:00Z,4,14.52942611111111,temperature,sunp
2022-10-13T00:00:00Z,5,14.508380069444444,temperature,sunp
2022-10-13T00:00:00Z,6,14.543819652777778,temperature,sunp
2022-10-13T00:00:00Z,7,14.527112777777777,temperature,sunp
2022-10-13T00:00:00Z,8,14.512349722222222,temperature,sunp
2022-10-13T00:00:00Z,9,14.530226041666667,temperature,sunp
2022-10-13T00:00:00Z,10,14.512913541666666,temperature,sunp
2022-10-14T00:00:00Z,1,14.495506319444445,temperature,sunp
2022-10-14T00:00:00Z,2,14.526216041666666,temperature,sunp
2022-10-14T00:00:00Z,3,14.543584097222222,temperature,sunp
2022-10-14T00:00:00Z,4,14.527574097222223,temperature,sunp
2022-10-14T00:00:00Z,5,14.505536666666666,temperature,sunp
2022-10-14T00:00:00Z,6,14.539210763888889,temperature,sunp
2022-10-14T00:00:00Z,7,14.522768750000001,temperature,sunp
2022-10-14T00:00:00Z,8,14.508973194444444,temperature,sunp
2022-10-14T00:00:00Z,9,14.540292847222222,temperature,sunp
2022-10-14T00:00:00Z,10,14.515558125,temperature,sunp
2022-10-15T00:00:00Z,1,14.464865833333333,temperature,sunp
2022-10-15T00:00:00Z,2,14.477339722222222,temperature,sunp
2022-10-15T00:00:00Z,3,14.463340833333334,temperature,sunp
2022-10-15T00:00:00Z,4,14.42102125,temperature,sunp
2022-10-15T00:00:00Z,5,14.379200208333334,temperature,sunp
2022-10-15T00:00:00Z,6,14.407886805555556,temperature,sunp
2022-10-15T00:00:00Z,7,14.380678333333334,temperature,sunp
2022-10-15T00:00:00Z,8,14.360552361111111,temperature,sunp
2022-10-15T00:00:00Z,9,14.39343125,temperature,sunp
2022-10-15T00:00:00Z,10,14.345982222222222,temperature,sunp
2022-10-16T00:00:00Z,1,14.402257291666666,temperature,sunp
2022-10-16T00:00:00Z,2,14.357758333333333,temperature,sunp
2022-10-16T00:00:00Z,3,14.349932361111112,temperature,sunp
2022-10-16T00:00:00Z,4,14.318831180555556,temperature,sunp
2022-10-16T00:00:00Z,5,14.286515347222222,temperature,sunp
2022-10-16T00:00:00Z,6,14.320427777777779,temperature,sunp
2022-10-16T00:00:00Z,7,14.298112916666666,temperature,sunp
2022-10-16T00:00:00Z,8,14.281067013888888,temperature,sunp
2022-10-16T00:00:00Z,9,14.32949625,temperature,sunp
2022-10-16T00:00:00Z,10,14.283122013888889,temperature,sunp
2022-10-17T00:00:00Z,1,14.2021271875,temperature,sunp
2022-10-17T00:00:00Z,2,14.2382009375,temperature,sunp
2022-10-17T00:00:00Z,3,14.2567021875,temperature,sunp
2022-10-17T00:00:00Z,4,14.23803078125,temperature,sunp
2022-10-17T00:00:00Z,5,14.2159040625,temperature,sunp
2022-10-17T00:00:00Z,6,14.25653,temperature,sunp
2022-10-17T00:00:00Z,7,14.23661890625,temperature,sunp
2022-10-17T00:00:00Z,8,14.2244953125,temperature,sunp
2022-10-17T00:00:00Z,9,14.27569515625,temperature,sunp
2022-10-17T00:00:00Z,10,14.23181984375,temperature,sunp
2022-10-18T00:00:00Z,1,NA,temperature,sunp
2022-10-18T00:00:00Z,2,NA,temperature,sunp
2022-10-18T00:00:00Z,3,NA,temperature,sunp
2022-10-18T00:00:00Z,4,NA,temperature,sunp
2022-10-18T00:00:00Z,5,NA,temperature,sunp
2022-10-18T00:00:00Z,6,NA,temperature,sunp
2022-10-18T00:00:00Z,7,NA,temperature,sunp
2022-10-18T00:00:00Z,8,NA,temperature,sunp
2022-10-18T00:00:00Z,9,NA,temperature,sunp
2022-10-18T00:00:00Z,10,NA,temperature,sunp
2022-10-19T00:00:00Z,1,NA,temperature,sunp
2022-10-19T00:00:00Z,2,NA,temperature,sunp
2022-10-19T00:00:00Z,3,NA,temperature,sunp
2022-10-19T00:00:00Z,4,NA,temperature,sunp
2022-10-19T00:00:00Z,5,NA,temperature,sunp
2022-10-19T00:00:00Z,6,NA,temperature,sunp
2022-10-19T00:00:00Z,7,NA,temperature,sunp
2022-10-19T00:00:00Z,8,NA,temperature,sunp
2022-10-19T00:00:00Z,9,NA,temperature,sunp
2022-10-19T00:00:00Z,10,NA,temperature,sunp
2022-10-20T00:00:00Z,1,NA,temperature,sunp
2022-10-20T00:00:00Z,2,NA,temperature,sunp
2022-10-20T00:00:00Z,3,NA,temperature,sunp
2022-10-20T00:00:00Z,4,NA,temperature,sunp
2022-10-20T00:00:00Z,5,NA,temperature,sunp
2022-10-20T00:00:00Z,6,NA,temperature,sunp
2022-10-20T00:00:00Z,7,NA,temperature,sunp
2022-10-20T00:00:00Z,8,NA,temperature,sunp
2022-10-20T00:00:00Z,9,NA,temperature,sunp
2022-10-20T00:00:00Z,10,NA,temperature,sunp
2022-10-21T00:00:00Z,1,NA,temperature,sunp
2022-10-21T00:00:00Z,2,NA,temperature,sunp
2022-10-21T00:00:00Z,3,NA,temperature,sunp
2022-10-21T00:00:00Z,4,NA,temperature,sunp
2022-10-21T00:00:00Z,5,NA,temperature,sunp
2022-10-21T00:00:00Z,6,NA,temperature,sunp
2022-10-21T00:00:00Z,7,NA,temperature,sunp
2022-10-21T00:00:00Z,8,NA,temperature,sunp
2022-10-21T00:00:00Z,9,NA,temperature,sunp
2022-10-21T00:00:00Z,10,NA,temperature,sunp
2022-10-22T00:00:00Z,1,NA,temperature,sunp
2022-10-22T00:00:00Z,2,NA,temperature,sunp
2022-10-22T00:00:00Z,3,NA,temperature,sunp
2022-10-22T00:00:00Z,4,NA,temperature,sunp
2022-10-22T00:00:00Z,5,NA,temperature,sunp
2022-10-22T00:00:00Z,6,NA,temperature,sunp
2022-10-22T00:00:00Z,7,NA,temperature,sunp
2022-10-22T00:00:00Z,8,NA,temperature,sunp
2022-10-22T00:00:00Z,9,NA,temperature,sunp
2022-10-22T00:00:00Z,10,NA,temperature,sunp
2022-10-23T00:00:00Z,1,NA,temperature,sunp
2022-10-23T00:00:00Z,2,NA,temperature,sunp
2022-10-23T00:00:00Z,3,NA,temperature,sunp
2022-10-23T00:00:00Z,4,NA,temperature,sunp
2022-10-23T00:00:00Z,5,NA,temperature,sunp
2022-10-23T00:00:00Z,6,NA,temperature,sunp
2022-10-23T00:00:00Z,7,NA,temperature,sunp
2022-10-23T00:00:00Z,8,NA,temperature,sunp
2022-10-23T00:00:00Z,9,NA,temperature,sunp
2022-10-23T00:00:00Z,10,NA,temperature,sunp
2022-10-24T00:00:00Z,1,NA,temperature,sunp
2022-10-24T00:00:00Z,2,NA,temperature,sunp
2022-10-24T00:00:00Z,3,NA,temperature,sunp
2022-10-24T00:00:00Z,4,NA,temperature,sunp
2022-10-24T00:00:00Z,5,NA,temperature,sunp
2022-10-24T00:00:00Z,6,NA,temperature,sunp
2022-10-24T00:00:00Z,7,NA,temperature,sunp
2022-10-24T00:00:00Z,8,NA,temperature,sunp
2022-10-24T00:00:00Z,9,NA,temperature,sunp
2022-10-24T00:00:00Z,10,NA,temperature,sunp
2022-10-25T00:00:00Z,1,NA,temperature,sunp
2022-10-25T00:00:00Z,2,NA,temperature,sunp
2022-10-25T00:00:00Z,3,NA,temperature,sunp
2022-10-25T00:00:00Z,4,NA,temperature,sunp
2022-10-25T00:00:00Z,5,NA,temperature,sunp
2022-10-25T00:00:00Z,6,NA,temperature,sunp
2022-10-25T00:00:00Z,7,NA,temperature,sunp
2022-10-25T00:00:00Z,8,NA,temperature,sunp
2022-10-25T00:00:00Z,9,NA,temperature,sunp
2022-10-25T00:00:00Z,10,NA,temperature,sunp
2022-10-26T00:00:00Z,1,NA,temperature,sunp
2022-10-26T00:00:00Z,2,NA,temperature,sunp
2022-10-26T00:00:00Z,3,NA,temperature,sunp
2022-10-26T00:00:00Z,4,NA,temperature,sunp
2022-10-26T00:00:00Z,5,NA,temperature,sunp
2022-10-26T00:00:00Z,6,NA,temperature,sunp
2022-10-26T00:00:00Z,7,NA,temperature,sunp
2022-10-26T00:00:00Z,8,NA,temperature,sunp
2022-10-26T00:00:00Z,9,NA,temperature,sunp
2022-10-26T00:00:00Z,10,NA,temperature,sunp
2022-10-27T00:00:00Z,1,NA,temperature,sunp
2022-10-27T00:00:00Z,2,NA,temperature,sunp
2022-10-27T00:00:00Z,3,NA,temperature,sunp
2022-10-27T00:00:00Z,4,NA,temperature,sunp
2022-10-27T00:00:00Z,5,NA,temperature,sunp
2022-10-27T00:00:00Z,6,NA,temperature,sunp
2022-10-27T00:00:00Z,7,NA,temperature,sunp
2022-10-27T00:00:00Z,8,NA,temperature,sunp
2022-10-27T00:00:00Z,9,NA,temperature,sunp
2022-10-27T00:00:00Z,10,NA,temperature,sunp
2022-10-28T00:00:00Z,1,NA,temperature,sunp
2022-10-28T00:00:00Z,2,NA,temperature,sunp
2022-10-28T00:00:00Z,3,NA,temperature,sunp
2022-10-28T00:00:00Z,4,NA,temperature,sunp
2022-10-28T00:00:00Z,5,NA,temperature,sunp
2022-10-28T00:00:00Z,6,NA,temperature,sunp
2022-10-28T00:00:00Z,7,NA,temperature,sunp
2022-10-28T00:00:00Z,8,NA,temperature,sunp
2022-10-28T00:00:00Z,9,NA,temperature,sunp
2022-10-28T00:00:00Z,10,NA,temperature,sunp
2022-10-29T00:00:00Z,1,NA,temperature,sunp
2022-10-29T00:00:00Z,2,NA,temperature,sunp
2022-10-29T00:00:00Z,3,NA,temperature,sunp
2022-10-29T00:00:00Z,4,NA,temperature,sunp
2022-10-29T00:00:00Z,5,NA,temperature,sunp
2022-10-29T00:00:00Z,6,NA,temperature,sunp
2022-10-29T00:00:00Z,7,NA,temperature,sunp
2022-10-29T00:00:00Z,8,NA,temperature,sunp
2022-10-29T00:00:00Z,9,NA,temperature,sunp
2022-10-29T00:00:00Z,10,NA,temperature,sunp
2022-10-30T00:00:00Z,1,NA,temperature,sunp
2022-10-30T00:00:00Z,2,NA,temperature,sunp
2022-10-30T00:00:00Z,3,NA,temperature,sunp
2022-10-30T00:00:00Z,4,NA,temperature,sunp
2022-10-30T00:00:00Z,5,NA,temperature,sunp
2022-10-30T00:00:00Z,6,NA,temperature,sunp
2022-10-30T00:00:00Z,7,NA,temperature,sunp
2022-10-30T00:00:00Z,8,NA,temperature,sunp
2022-10-30T00:00:00Z,9,NA,temperature,sunp
2022-10-30T00:00:00Z,10,NA,temperature,sunp
2022-10-31T00:00:00Z,1,NA,temperature,sunp
2022-10-31T00:00:00Z,2,NA,temperature,sunp
2022-10-31T00:00:00Z,3,NA,temperature,sunp
2022-10-31T00:00:00Z,4,NA,temperature,sunp
2022-10-31T00:00:00Z,5,NA,temperature,sunp
2022-10-31T00:00:00Z,6,NA,temperature,sunp
2022-10-31T00:00:00Z,7,NA,temperature,sunp
2022-10-31T00:00:00Z,8,NA,temperature,sunp
2022-10-31T00:00:00Z,9,NA,temperature,sunp
2022-10-31T00:00:00Z,10,NA,temperature,sunp
2022-11-01T00:00:00Z,1,NA,temperature,sunp
2022-11-01T00:00:00Z,2,NA,temperature,sunp
2022-11-01T00:00:00Z,3,NA,temperature,sunp
2022-11-01T00:00:00Z,4,NA,temperature,sunp
2022-11-01T00:00:00Z,5,NA,temperature,sunp
2022-11-01T00:00:00Z,6,NA,temperature,sunp
2022-11-01T00:00:00Z,7,NA,temperature,sunp
2022-11-01T00:00:00Z,8,NA,temperature,sunp
2022-11-01T00:00:00Z,9,NA,temperature,sunp
2022-11-01T00:00:00Z,10,NA,temperature,sunp
2022-11-02T00:00:00Z,1,NA,temperature,sunp
2022-11-02T00:00:00Z,2,NA,temperature,sunp
2022-11-02T00:00:00Z,3,NA,temperature,sunp
2022-11-02T00:00:00Z,4,NA,temperature,sunp
2022-11-02T00:00:00Z,5,NA,temperature,sunp
2022-11-02T00:00:00Z,6,NA,temperature,sunp
2022-11-02T00:00:00Z,7,NA,temperature,sunp
2022-11-02T00:00:00Z,8,NA,temperature,sunp
2022-11-02T00:00:00Z,9,NA,temperature,sunp
2022-11-02T00:00:00Z,10,NA,temperature,sunp
2022-11-03T00:00:00Z,1,NA,temperature,sunp
2022-11-03T00:00:00Z,2,NA,temperature,sunp
2022-11-03T00:00:00Z,3,NA,temperature,sunp
2022-11-03T00:00:00Z,4,NA,temperature,sunp
2022-11-03T00:00:00Z,5,NA,temperature,sunp
2022-11-03T00:00:00Z,6,NA,temperature,sunp
2022-11-03T00:00:00Z,7,NA,temperature,sunp
2022-11-03T00:00:00Z,8,NA,temperature,sunp
2022-11-03T00:00:00Z,9,NA,temperature,sunp
2022-11-03T00:00:00Z,10,NA,temperature,sunp
2022-11-04T00:00:00Z,1,NA,temperature,sunp
2022-11-04T00:00:00Z,2,NA,temperature,sunp
2022-11-04T00:00:00Z,3,NA,temperature,sunp
2022-11-04T00:00:00Z,4,NA,temperature,sunp
2022-11-04T00:00:00Z,5,NA,temperature,sunp
2022-11-04T00:00:00Z,6,NA,temperature,sunp
2022-11-04T00:00:00Z,7,NA,temperature,sunp
2022-11-04T00:00:00Z,8,NA,temperature,sunp
2022-11-04T00:00:00Z,9,NA,temperature,sunp
2022-11-04T00:00:00Z,10,NA,temperature,sunp
2022-11-05T00:00:00Z,1,NA,temperature,sunp
2022-11-05T00:00:00Z,2,NA,temperature,sunp
2022-11-05T00:00:00Z,3,NA,temperature,sunp
2022-11-05T00:00:00Z,4,NA,temperature,sunp
2022-11-05T00:00:00Z,5,NA,temperature,sunp
2022-11-05T00:00:00Z,6,NA,temperature,sunp
2022-11-05T00:00:00Z,7,NA,temperature,sunp
2022-11-05T00:00:00Z,8,NA,temperature,sunp
2022-11-05T00:00:00Z,9,NA,temperature,sunp
2022-11-05T00:00:00Z,10,NA,temperature,sunp
2022-11-06T00:00:00Z,1,NA,temperature,sunp
2022-11-06T00:00:00Z,2,NA,temperature,sunp
2022-11-06T00:00:00Z,3,NA,temperature,sunp
2022-11-06T00:00:00Z,4,NA,temperature,sunp
2022-11-06T00:00:00Z,5,NA,temperature,sunp
2022-11-06T00:00:00Z,6,NA,temperature,sunp
2022-11-06T00:00:00Z,7,NA,temperature,sunp
2022-11-06T00:00:00Z,8,NA,temperature,sunp
2022-11-06T00:00:00Z,9,NA,temperature,sunp
2022-11-06T00:00:00Z,10,NA,temperature,sunp
2022-11-07T00:00:00Z,1,NA,temperature,sunp
2022-11-07T00:00:00Z,2,NA,temperature,sunp
2022-11-07T00:00:00Z,3,NA,temperature,sunp
2022-11-07T00:00:00Z,4,NA,temperature,sunp
2022-11-07T00:00:00Z,5,NA,temperature,sunp
2022-11-07T00:00:00Z,6,NA,temperature,sunp
2022-11-07T00:00:00Z,7,NA,temperature,sunp
2022-11-07T00:00:00Z,8,NA,temperature,sunp
2022-11-07T00:00:00Z,9,NA,temperature,sunp
2022-11-07T00:00:00Z,10,NA,temperature,sunp
2022-11-08T00:00:00Z,1,NA,temperature,sunp
2022-11-08T00:00:00Z,2,NA,temperature,sunp
2022-11-08T00:00:00Z,3,NA,temperature,sunp
2022-11-08T00:00:00Z,4,NA,temperature,sunp
2022-11-08T00:00:00Z,5,NA,temperature,sunp
2022-11-08T00:00:00Z,6,NA,temperature,sunp
2022-11-08T00:00:00Z,7,NA,temperature,sunp
2022-11-08T00:00:00Z,8,NA,temperature,sunp
2022-11-08T00:00:00Z,9,NA,temperature,sunp
2022-11-08T00:00:00Z,10,NA,temperature,sunp
2022-11-09T00:00:00Z,1,NA,temperature,sunp
2022-11-09T00:00:00Z,2,NA,temperature,sunp
2022-11-09T00:00:00Z,3,NA,temperature,sunp
2022-11-09T00:00:00Z,4,NA,temperature,sunp
2022-11-09T00:00:00Z,5,NA,temperature,sunp
2022-11-09T00:00:00Z,6,NA,temperature,sunp
2022-11-09T00:00:00Z,7,NA,temperature,sunp
2022-11-09T00:00:00Z,8,NA,temperature,sunp
2022-11-09T00:00:00Z,9,NA,temperature,sunp
2022-11-09T00:00:00Z,10,NA,temperature,sunp
2022-11-10T00:00:00Z,1,NA,temperature,sunp
2022-11-10T00:00:00Z,2,NA,temperature,sunp
2022-11-10T00:00:00Z,3,NA,temperature,sunp
2022-11-10T00:00:00Z,4,NA,temperature,sunp
2022-11-10T00:00:00Z,5,NA,temperature,sunp
2022-11-10T00:00:00Z,6,NA,temperature,sunp
2022-11-10T00:00:00Z,7,NA,temperature,sunp
2022-11-10T00:00:00Z,8,NA,temperature,sunp
2022-11-10T00:00:00Z,9,NA,temperature,sunp
2022-11-10T00:00:00Z,10,NA,temperature,sunp
2022-11-11T00:00:00Z,1,NA,temperature,sunp
2022-11-11T00:00:00Z,2,NA,temperature,sunp
2022-11-11T00:00:00Z,3,NA,temperature,sunp
2022-11-11T00:00:00Z,4,NA,temperature,sunp
2022-11-11T00:00:00Z,5,NA,temperature,sunp
2022-11-11T00:00:00Z,6,NA,temperature,sunp
2022-11-11T00:00:00Z,7,NA,temperature,sunp
2022-11-11T00:00:00Z,8,NA,temperature,sunp
2022-11-11T00:00:00Z,9,NA,temperature,sunp
2022-11-11T00:00:00Z,10,NA,temperature,sunp
2022-11-12T00:00:00Z,1,NA,temperature,sunp
2022-11-12T00:00:00Z,2,NA,temperature,sunp
2022-11-12T00:00:00Z,3,NA,temperature,sunp
2022-11-12T00:00:00Z,4,NA,temperature,sunp
2022-11-12T00:00:00Z,5,NA,temperature,sunp
2022-11-12T00:00:00Z,6,NA,temperature,sunp
2022-11-12T00:00:00Z,7,NA,temperature,sunp
2022-11-12T00:00:00Z,8,NA,temperature,sunp
2022-11-12T00:00:00Z,9,NA,temperature,sunp
2022-11-12T00:00:00Z,10,NA,temperature,sunp
2022-11-13T00:00:00Z,1,NA,temperature,sunp
2022-11-13T00:00:00Z,2,NA,temperature,sunp
2022-11-13T00:00:00Z,3,NA,temperature,sunp
2022-11-13T00:00:00Z,4,NA,temperature,sunp
2022-11-13T00:00:00Z,5,NA,temperature,sunp
2022-11-13T00:00:00Z,6,NA,temperature,sunp
2022-11-13T00:00:00Z,7,NA,temperature,sunp
2022-11-13T00:00:00Z,8,NA,temperature,sunp
2022-11-13T00:00:00Z,9,NA,temperature,sunp
2022-11-13T00:00:00Z,10,NA,temperature,sunp
2022-11-14T00:00:00Z,1,NA,temperature,sunp
2022-11-14T00:00:00Z,2,NA,temperature,sunp
2022-11-14T00:00:00Z,3,NA,temperature,sunp
2022-11-14T00:00:00Z,4,NA,temperature,sunp
2022-11-14T00:00:00Z,5,NA,temperature,sunp
2022-11-14T00:00:00Z,6,NA,temperature,sunp
2022-11-14T00:00:00Z,7,NA,temperature,sunp
2022-11-14T00:00:00Z,8,NA,temperature,sunp
2022-11-14T00:00:00Z,9,NA,temperature,sunp
2022-11-14T00:00:00Z,10,NA,temperature,sunp
2022-11-15T00:00:00Z,1,NA,temperature,sunp
2022-11-15T00:00:00Z,2,NA,temperature,sunp
2022-11-15T00:00:00Z,3,NA,temperature,sunp
2022-11-15T00:00:00Z,4,NA,temperature,sunp
2022-11-15T00:00:00Z,5,NA,temperature,sunp
2022-11-15T00:00:00Z,6,NA,temperature,sunp
2022-11-15T00:00:00Z,7,NA,temperature,sunp
2022-11-15T00:00:00Z,8,NA,temperature,sunp
2022-11-15T00:00:00Z,9,NA,temperature,sunp
2022-11-15T00:00:00Z,10,NA,temperature,sunp
2022-11-16T00:00:00Z,1,NA,temperature,sunp
2022-11-16T00:00:00Z,2,NA,temperature,sunp
2022-11-16T00:00:00Z,3,NA,temperature,sunp
2022-11-16T00:00:00Z,4,NA,temperature,sunp
2022-11-16T00:00:00Z,5,NA,temperature,sunp
2022-11-16T00:00:00Z,6,NA,temperature,sunp
2022-11-16T00:00:00Z,7,NA,temperature,sunp
2022-11-16T00:00:00Z,8,NA,temperature,sunp
2022-11-16T00:00:00Z,9,NA,temperature,sunp
2022-11-16T00:00:00Z,10,NA,temperature,sunp
2022-11-17T00:00:00Z,1,NA,temperature,sunp
2022-11-17T00:00:00Z,2,NA,temperature,sunp
2022-11-17T00:00:00Z,3,NA,temperature,sunp
2022-11-17T00:00:00Z,4,NA,temperature,sunp
2022-11-17T00:00:00Z,5,NA,temperature,sunp
2022-11-17T00:00:00Z,6,NA,temperature,sunp
2022-11-17T00:00:00Z,7,NA,temperature,sunp
2022-11-17T00:00:00Z,8,NA,temperature,sunp
2022-11-17T00:00:00Z,9,NA,temperature,sunp
2022-11-17T00:00:00Z,10,NA,temperature,sunp
2022-11-18T00:00:00Z,1,NA,temperature,sunp
2022-11-18T00:00:00Z,2,NA,temperature,sunp
2022-11-18T00:00:00Z,3,NA,temperature,sunp
2022-11-18T00:00:00Z,4,NA,temperature,sunp
2022-11-18T00:00:00Z,5,NA,temperature,sunp
2022-11-18T00:00:00Z,6,NA,temperature,sunp
2022-11-18T00:00:00Z,7,NA,temperature,sunp
2022-11-18T00:00:00Z,8,NA,temperature,sunp
2022-11-18T00:00:00Z,9,NA,temperature,sunp
2022-11-18T00:00:00Z,10,NA,temperature,sunp
2022-11-19T00:00:00Z,1,NA,temperature,sunp
2022-11-19T00:00:00Z,2,NA,temperature,sunp
2022-11-19T00:00:00Z,3,NA,temperature,sunp
2022-11-19T00:00:00Z,4,NA,temperature,sunp
2022-11-19T00:00:00Z,5,NA,temperature,sunp
2022-11-19T00:00:00Z,6,NA,temperature,sunp
2022-11-19T00:00:00Z,7,NA,temperature,sunp
2022-11-19T00:00:00Z,8,NA,temperature,sunp
2022-11-19T00:00:00Z,9,NA,temperature,sunp
2022-11-19T00:00:00Z,10,NA,temperature,sunp
2022-11-20T00:00:00Z,1,NA,temperature,sunp
2022-11-20T00:00:00Z,2,NA,temperature,sunp
2022-11-20T00:00:00Z,3,NA,temperature,sunp
2022-11-20T00:00:00Z,4,NA,temperature,sunp
2022-11-20T00:00:00Z,5,NA,temperature,sunp
2022-11-20T00:00:00Z,6,NA,temperature,sunp
2022-11-20T00:00:00Z,7,NA,temperature,sunp
2022-11-20T00:00:00Z,8,NA,temperature,sunp
2022-11-20T00:00:00Z,9,NA,temperature,sunp
2022-11-20T00:00:00Z,10,NA,temperature,sunp
2022-11-21T00:00:00Z,1,NA,temperature,sunp
2022-11-21T00:00:00Z,2,NA,temperature,sunp
2022-11-21T00:00:00Z,3,NA,temperature,sunp
2022-11-21T00:00:00Z,4,NA,temperature,sunp
2022-11-21T00:00:00Z,5,NA,temperature,sunp
2022-11-21T00:00:00Z,6,NA,temperature,sunp
2022-11-21T00:00:00Z,7,NA,temperature,sunp
2022-11-21T00:00:00Z,8,NA,temperature,sunp
2022-11-21T00:00:00Z,9,NA,temperature,sunp
2022-11-21T00:00:00Z,10,NA,temperature,sunp
2022-11-22T00:00:00Z,1,NA,temperature,sunp
2022-11-22T00:00:00Z,2,NA,temperature,sunp
2022-11-22T00:00:00Z,3,NA,temperature,sunp
2022-11-22T00:00:00Z,4,NA,temperature,sunp
2022-11-22T00:00:00Z,5,NA,temperature,sunp
2022-11-22T00:00:00Z,6,NA,temperature,sunp
2022-11-22T00:00:00Z,7,NA,temperature,sunp
2022-11-22T00:00:00Z,8,NA,temperature,sunp
2022-11-22T00:00:00Z,9,NA,temperature,sunp
2022-11-22T00:00:00Z,10,NA,temperature,sunp
2022-11-23T00:00:00Z,1,NA,temperature,sunp
2022-11-23T00:00:00Z,2,NA,temperature,sunp
2022-11-23T00:00:00Z,3,NA,temperature,sunp
2022-11-23T00:00:00Z,4,NA,temperature,sunp
2022-11-23T00:00:00Z,5,NA,temperature,sunp
2022-11-23T00:00:00Z,6,NA,temperature,sunp
2022-11-23T00:00:00Z,7,NA,temperature,sunp
2022-11-23T00:00:00Z,8,NA,temperature,sunp
2022-11-23T00:00:00Z,9,NA,temperature,sunp
2022-11-23T00:00:00Z,10,NA,temperature,sunp
2022-11-24T00:00:00Z,1,NA,temperature,sunp
2022-11-24T00:00:00Z,2,NA,temperature,sunp
2022-11-24T00:00:00Z,3,NA,temperature,sunp
2022-11-24T00:00:00Z,4,NA,temperature,sunp
2022-11-24T00:00:00Z,5,NA,temperature,sunp
2022-11-24T00:00:00Z,6,NA,temperature,sunp
2022-11-24T00:00:00Z,7,NA,temperature,sunp
2022-11-24T00:00:00Z,8,NA,temperature,sunp
2022-11-24T00:00:00Z,9,NA,temperature,sunp
2022-11-24T00:00:00Z,10,NA,temperature,sunp
2022-11-25T00:00:00Z,1,NA,temperature,sunp
2022-11-25T00:00:00Z,2,NA,temperature,sunp
2022-11-25T00:00:00Z,3,NA,temperature,sunp
2022-11-25T00:00:00Z,4,NA,temperature,sunp
2022-11-25T00:00:00Z,5,NA,temperature,sunp
2022-11-25T00:00:00Z,6,NA,temperature,sunp
2022-11-25T00:00:00Z,7,NA,temperature,sunp
2022-11-25T00:00:00Z,8,NA,temperature,sunp
2022-11-25T00:00:00Z,9,NA,temperature,sunp
2022-11-25T00:00:00Z,10,NA,temperature,sunp
2022-11-26T00:00:00Z,1,NA,temperature,sunp
2022-11-26T00:00:00Z,2,NA,temperature,sunp
2022-11-26T00:00:00Z,3,NA,temperature,sunp
2022-11-26T00:00:00Z,4,NA,temperature,sunp
2022-11-26T00:00:00Z,5,NA,temperature,sunp
2022-11-26T00:00:00Z,6,NA,temperature,sunp
2022-11-26T00:00:00Z,7,NA,temperature,sunp
2022-11-26T00:00:00Z,8,NA,temperature,sunp
2022-11-26T00:00:00Z,9,NA,temperature,sunp
2022-11-26T00:00:00Z,10,NA,temperature,sunp
2022-11-27T00:00:00Z,1,NA,temperature,sunp
2022-11-27T00:00:00Z,2,NA,temperature,sunp
2022-11-27T00:00:00Z,3,NA,temperature,sunp
2022-11-27T00:00:00Z,4,NA,temperature,sunp
2022-11-27T00:00:00Z,5,NA,temperature,sunp
2022-11-27T00:00:00Z,6,NA,temperature,sunp
2022-11-27T00:00:00Z,7,NA,temperature,sunp
2022-11-27T00:00:00Z,8,NA,temperature,sunp
2022-11-27T00:00:00Z,9,NA,temperature,sunp
2022-11-27T00:00:00Z,10,NA,temperature,sunp
2022-11-28T00:00:00Z,1,NA,temperature,sunp
2022-11-28T00:00:00Z,2,NA,temperature,sunp
2022-11-28T00:00:00Z,3,NA,temperature,sunp
2022-11-28T00:00:00Z,4,NA,temperature,sunp
2022-11-28T00:00:00Z,5,NA,temperature,sunp
2022-11-28T00:00:00Z,6,NA,temperature,sunp
2022-11-28T00:00:00Z,7,NA,temperature,sunp
2022-11-28T00:00:00Z,8,NA,temperature,sunp
2022-11-28T00:00:00Z,9,NA,temperature,sunp
2022-11-28T00:00:00Z,10,NA,temperature,sunp
2022-11-29T00:00:00Z,1,NA,temperature,sunp
2022-11-29T00:00:00Z,2,NA,temperature,sunp
2022-11-29T00:00:00Z,3,NA,temperature,sunp
2022-11-29T00:00:00Z,4,NA,temperature,sunp
2022-11-29T00:00:00Z,5,NA,temperature,sunp
2022-11-29T00:00:00Z,6,NA,temperature,sunp
2022-11-29T00:00:00Z,7,NA,temperature,sunp
2022-11-29T00:00:00Z,8,NA,temperature,sunp
2022-11-29T00:00:00Z,9,NA,temperature,sunp
2022-11-29T00:00:00Z,10,NA,temperature,sunp
2022-11-30T00:00:00Z,1,NA,temperature,sunp
2022-11-30T00:00:00Z,2,NA,temperature,sunp
2022-11-30T00:00:00Z,3,NA,temperature,sunp
2022-11-30T00:00:00Z,4,NA,temperature,sunp
2022-11-30T00:00:00Z,5,NA,temperature,sunp
2022-11-30T00:00:00Z,6,NA,temperature,sunp
2022-11-30T00:00:00Z,7,NA,temperature,sunp
2022-11-30T00:00:00Z,8,NA,temperature,sunp
2022-11-30T00:00:00Z,9,NA,temperature,sunp
2022-11-30T00:00:00Z,10,NA,temperature,sunp
2022-12-01T00:00:00Z,1,NA,temperature,sunp
2022-12-01T00:00:00Z,2,NA,temperature,sunp
2022-12-01T00:00:00Z,3,NA,temperature,sunp
2022-12-01T00:00:00Z,4,NA,temperature,sunp
2022-12-01T00:00:00Z,5,NA,temperature,sunp
2022-12-01T00:00:00Z,6,NA,temperature,sunp
2022-12-01T00:00:00Z,7,NA,temperature,sunp
2022-12-01T00:00:00Z,8,NA,temperature,sunp
2022-12-01T00:00:00Z,9,NA,temperature,sunp
2022-12-01T00:00:00Z,10,NA,temperature,sunp
2022-12-02T00:00:00Z,1,NA,temperature,sunp
2022-12-02T00:00:00Z,2,NA,temperature,sunp
2022-12-02T00:00:00Z,3,NA,temperature,sunp
2022-12-02T00:00:00Z,4,NA,temperature,sunp
2022-12-02T00:00:00Z,5,NA,temperature,sunp
2022-12-02T00:00:00Z,6,NA,temperature,sunp
2022-12-02T00:00:00Z,7,NA,temperature,sunp
2022-12-02T00:00:00Z,8,NA,temperature,sunp
2022-12-02T00:00:00Z,9,NA,temperature,sunp
2022-12-02T00:00:00Z,10,NA,temperature,sunp
2022-12-03T00:00:00Z,1,NA,temperature,sunp
2022-12-03T00:00:00Z,2,NA,temperature,sunp
2022-12-03T00:00:00Z,3,NA,temperature,sunp
2022-12-03T00:00:00Z,4,NA,temperature,sunp
2022-12-03T00:00:00Z,5,NA,temperature,sunp
2022-12-03T00:00:00Z,6,NA,temperature,sunp
2022-12-03T00:00:00Z,7,NA,temperature,sunp
2022-12-03T00:00:00Z,8,NA,temperature,sunp
2022-12-03T00:00:00Z,9,NA,temperature,sunp
2022-12-03T00:00:00Z,10,NA,temperature,sunp
2022-12-04T00:00:00Z,1,NA,temperature,sunp
2022-12-04T00:00:00Z,2,NA,temperature,sunp
2022-12-04T00:00:00Z,3,NA,temperature,sunp
2022-12-04T00:00:00Z,4,NA,temperature,sunp
2022-12-04T00:00:00Z,5,NA,temperature,sunp
2022-12-04T00:00:00Z,6,NA,temperature,sunp
2022-12-04T00:00:00Z,7,NA,temperature,sunp
2022-12-04T00:00:00Z,8,NA,temperature,sunp
2022-12-04T00:00:00Z,9,NA,temperature,sunp
2022-12-04T00:00:00Z,10,NA,temperature,sunp
2022-12-05T00:00:00Z,1,NA,temperature,sunp
2022-12-05T00:00:00Z,2,NA,temperature,sunp
2022-12-05T00:00:00Z,3,NA,temperature,sunp
2022-12-05T00:00:00Z,4,NA,temperature,sunp
2022-12-05T00:00:00Z,5,NA,temperature,sunp
2022-12-05T00:00:00Z,6,NA,temperature,sunp
2022-12-05T00:00:00Z,7,NA,temperature,sunp
2022-12-05T00:00:00Z,8,NA,temperature,sunp
2022-12-05T00:00:00Z,9,NA,temperature,sunp
2022-12-05T00:00:00Z,10,NA,temperature,sunp
2022-12-06T00:00:00Z,1,NA,temperature,sunp
2022-12-06T00:00:00Z,2,NA,temperature,sunp
2022-12-06T00:00:00Z,3,NA,temperature,sunp
2022-12-06T00:00:00Z,4,NA,temperature,sunp
2022-12-06T00:00:00Z,5,NA,temperature,sunp
2022-12-06T00:00:00Z,6,NA,temperature,sunp
2022-12-06T00:00:00Z,7,NA,temperature,sunp
2022-12-06T00:00:00Z,8,NA,temperature,sunp
2022-12-06T00:00:00Z,9,NA,temperature,sunp
2022-12-06T00:00:00Z,10,NA,temperature,sunp
2022-12-07T00:00:00Z,1,NA,temperature,sunp
2022-12-07T00:00:00Z,2,NA,temperature,sunp
2022-12-07T00:00:00Z,3,NA,temperature,sunp
2022-12-07T00:00:00Z,4,NA,temperature,sunp
2022-12-07T00:00:00Z,5,NA,temperature,sunp
2022-12-07T00:00:00Z,6,NA,temperature,sunp
2022-12-07T00:00:00Z,7,NA,temperature,sunp
2022-12-07T00:00:00Z,8,NA,temperature,sunp
2022-12-07T00:00:00Z,9,NA,temperature,sunp
2022-12-07T00:00:00Z,10,NA,temperature,sunp
2022-12-08T00:00:00Z,1,NA,temperature,sunp
2022-12-08T00:00:00Z,2,NA,temperature,sunp
2022-12-08T00:00:00Z,3,NA,temperature,sunp
2022-12-08T00:00:00Z,4,NA,temperature,sunp
2022-12-08T00:00:00Z,5,NA,temperature,sunp
2022-12-08T00:00:00Z,6,NA,temperature,sunp
2022-12-08T00:00:00Z,7,NA,temperature,sunp
2022-12-08T00:00:00Z,8,NA,temperature,sunp
2022-12-08T00:00:00Z,9,NA,temperature,sunp
2022-12-08T00:00:00Z,10,NA,temperature,sunp
2022-12-09T00:00:00Z,1,NA,temperature,sunp
2022-12-09T00:00:00Z,2,NA,temperature,sunp
2022-12-09T00:00:00Z,3,NA,temperature,sunp
2022-12-09T00:00:00Z,4,NA,temperature,sunp
2022-12-09T00:00:00Z,5,NA,temperature,sunp
2022-12-09T00:00:00Z,6,NA,temperature,sunp
2022-12-09T00:00:00Z,7,NA,temperature,sunp
2022-12-09T00:00:00Z,8,NA,temperature,sunp
2022-12-09T00:00:00Z,9,NA,temperature,sunp
2022-12-09T00:00:00Z,10,NA,temperature,sunp
2022-12-10T00:00:00Z,1,NA,temperature,sunp
2022-12-10T00:00:00Z,2,NA,temperature,sunp
2022-12-10T00:00:00Z,3,NA,temperature,sunp
2022-12-10T00:00:00Z,4,NA,temperature,sunp
2022-12-10T00:00:00Z,5,NA,temperature,sunp
2022-12-10T00:00:00Z,6,NA,temperature,sunp
2022-12-10T00:00:00Z,7,NA,temperature,sunp
2022-12-10T00:00:00Z,8,NA,temperature,sunp
2022-12-10T00:00:00Z,9,NA,temperature,sunp
2022-12-10T00:00:00Z,10,NA,temperature,sunp
2022-12-11T00:00:00Z,1,NA,temperature,sunp
2022-12-11T00:00:00Z,2,NA,temperature,sunp
2022-12-11T00:00:00Z,3,NA,temperature,sunp
2022-12-11T00:00:00Z,4,NA,temperature,sunp
2022-12-11T00:00:00Z,5,NA,temperature,sunp
2022-12-11T00:00:00Z,6,NA,temperature,sunp
2022-12-11T00:00:00Z,7,NA,temperature,sunp
2022-12-11T00:00:00Z,8,NA,temperature,sunp
2022-12-11T00:00:00Z,9,NA,temperature,sunp
2022-12-11T00:00:00Z,10,NA,temperature,sunp
2022-12-12T00:00:00Z,1,NA,temperature,sunp
2022-12-12T00:00:00Z,2,NA,temperature,sunp
2022-12-12T00:00:00Z,3,NA,temperature,sunp
2022-12-12T00:00:00Z,4,NA,temperature,sunp
2022-12-12T00:00:00Z,5,NA,temperature,sunp
2022-12-12T00:00:00Z,6,NA,temperature,sunp
2022-12-12T00:00:00Z,7,NA,temperature,sunp
2022-12-12T00:00:00Z,8,NA,temperature,sunp
2022-12-12T00:00:00Z,9,NA,temperature,sunp
2022-12-12T00:00:00Z,10,NA,temperature,sunp
2022-12-13T00:00:00Z,1,NA,temperature,sunp
2022-12-13T00:00:00Z,2,NA,temperature,sunp
2022-12-13T00:00:00Z,3,NA,temperature,sunp
2022-12-13T00:00:00Z,4,NA,temperature,sunp
2022-12-13T00:00:00Z,5,NA,temperature,sunp
2022-12-13T00:00:00Z,6,NA,temperature,sunp
2022-12-13T00:00:00Z,7,NA,temperature,sunp
2022-12-13T00:00:00Z,8,NA,temperature,sunp
2022-12-13T00:00:00Z,9,NA,temperature,sunp
2022-12-13T00:00:00Z,10,NA,temperature,sunp
2022-12-14T00:00:00Z,1,NA,temperature,sunp
2022-12-14T00:00:00Z,2,NA,temperature,sunp
2022-12-14T00:00:00Z,3,NA,temperature,sunp
2022-12-14T00:00:00Z,4,NA,temperature,sunp
2022-12-14T00:00:00Z,5,NA,temperature,sunp
2022-12-14T00:00:00Z,6,NA,temperature,sunp
2022-12-14T00:00:00Z,7,NA,temperature,sunp
2022-12-14T00:00:00Z,8,NA,temperature,sunp
2022-12-14T00:00:00Z,9,NA,temperature,sunp
2022-12-14T00:00:00Z,10,NA,temperature,sunp
2022-12-15T00:00:00Z,1,NA,temperature,sunp
2022-12-15T00:00:00Z,2,NA,temperature,sunp
2022-12-15T00:00:00Z,3,NA,temperature,sunp
2022-12-15T00:00:00Z,4,NA,temperature,sunp
2022-12-15T00:00:00Z,5,NA,temperature,sunp
2022-12-15T00:00:00Z,6,NA,temperature,sunp
2022-12-15T00:00:00Z,7,NA,temperature,sunp
2022-12-15T00:00:00Z,8,NA,temperature,sunp
2022-12-15T00:00:00Z,9,NA,temperature,sunp
2022-12-15T00:00:00Z,10,NA,temperature,sunp
2022-12-16T00:00:00Z,1,NA,temperature,sunp
2022-12-16T00:00:00Z,2,NA,temperature,sunp
2022-12-16T00:00:00Z,3,NA,temperature,sunp
2022-12-16T00:00:00Z,4,NA,temperature,sunp
2022-12-16T00:00:00Z,5,NA,temperature,sunp
2022-12-16T00:00:00Z,6,NA,temperature,sunp
2022-12-16T00:00:00Z,7,NA,temperature,sunp
2022-12-16T00:00:00Z,8,NA,temperature,sunp
2022-12-16T00:00:00Z,9,NA,temperature,sunp
2022-12-16T00:00:00Z,10,NA,temperature,sunp
2022-12-17T00:00:00Z,1,NA,temperature,sunp
2022-12-17T00:00:00Z,2,NA,temperature,sunp
2022-12-17T00:00:00Z,3,NA,temperature,sunp
2022-12-17T00:00:00Z,4,NA,temperature,sunp
2022-12-17T00:00:00Z,5,NA,temperature,sunp
2022-12-17T00:00:00Z,6,NA,temperature,sunp
2022-12-17T00:00:00Z,7,NA,temperature,sunp
2022-12-17T00:00:00Z,8,NA,temperature,sunp
2022-12-17T00:00:00Z,9,NA,temperature,sunp
2022-12-17T00:00:00Z,10,NA,temperature,sunp
2022-12-18T00:00:00Z,1,NA,temperature,sunp
2022-12-18T00:00:00Z,2,NA,temperature,sunp
2022-12-18T00:00:00Z,3,NA,temperature,sunp
2022-12-18T00:00:00Z,4,NA,temperature,sunp
2022-12-18T00:00:00Z,5,NA,temperature,sunp
2022-12-18T00:00:00Z,6,NA,temperature,sunp
2022-12-18T00:00:00Z,7,NA,temperature,sunp
2022-12-18T00:00:00Z,8,NA,temperature,sunp
2022-12-18T00:00:00Z,9,NA,temperature,sunp
2022-12-18T00:00:00Z,10,NA,temperature,sunp
2022-12-19T00:00:00Z,1,NA,temperature,sunp
2022-12-19T00:00:00Z,2,NA,temperature,sunp
2022-12-19T00:00:00Z,3,NA,temperature,sunp
2022-12-19T00:00:00Z,4,NA,temperature,sunp
2022-12-19T00:00:00Z,5,NA,temperature,sunp
2022-12-19T00:00:00Z,6,NA,temperature,sunp
2022-12-19T00:00:00Z,7,NA,temperature,sunp
2022-12-19T00:00:00Z,8,NA,temperature,sunp
2022-12-19T00:00:00Z,9,NA,temperature,sunp
2022-12-19T00:00:00Z,10,NA,temperature,sunp
2022-12-20T00:00:00Z,1,NA,temperature,sunp
2022-12-20T00:00:00Z,2,NA,temperature,sunp
2022-12-20T00:00:00Z,3,NA,temperature,sunp
2022-12-20T00:00:00Z,4,NA,temperature,sunp
2022-12-20T00:00:00Z,5,NA,temperature,sunp
2022-12-20T00:00:00Z,6,NA,temperature,sunp
2022-12-20T00:00:00Z,7,NA,temperature,sunp
2022-12-20T00:00:00Z,8,NA,temperature,sunp
2022-12-20T00:00:00Z,9,NA,temperature,sunp
2022-12-20T00:00:00Z,10,NA,temperature,sunp
2022-12-21T00:00:00Z,1,NA,temperature,sunp
2022-12-21T00:00:00Z,2,NA,temperature,sunp
2022-12-21T00:00:00Z,3,NA,temperature,sunp
2022-12-21T00:00:00Z,4,NA,temperature,sunp
2022-12-21T00:00:00Z,5,NA,temperature,sunp
2022-12-21T00:00:00Z,6,NA,temperature,sunp
2022-12-21T00:00:00Z,7,NA,temperature,sunp
2022-12-21T00:00:00Z,8,NA,temperature,sunp
2022-12-21T00:00:00Z,9,NA,temperature,sunp
2022-12-21T00:00:00Z,10,NA,temperature,sunp
2022-12-22T00:00:00Z,1,NA,temperature,sunp
2022-12-22T00:00:00Z,2,NA,temperature,sunp
2022-12-22T00:00:00Z,3,NA,temperature,sunp
2022-12-22T00:00:00Z,4,NA,temperature,sunp
2022-12-22T00:00:00Z,5,NA,temperature,sunp
2022-12-22T00:00:00Z,6,NA,temperature,sunp
2022-12-22T00:00:00Z,7,NA,temperature,sunp
2022-12-22T00:00:00Z,8,NA,temperature,sunp
2022-12-22T00:00:00Z,9,NA,temperature,sunp
2022-12-22T00:00:00Z,10,NA,temperature,sunp
2022-12-23T00:00:00Z,1,NA,temperature,sunp
2022-12-23T00:00:00Z,2,NA,temperature,sunp
2022-12-23T00:00:00Z,3,NA,temperature,sunp
2022-12-23T00:00:00Z,4,NA,temperature,sunp
2022-12-23T00:00:00Z,5,NA,temperature,sunp
2022-12-23T00:00:00Z,6,NA,temperature,sunp
2022-12-23T00:00:00Z,7,NA,temperature,sunp
2022-12-23T00:00:00Z,8,NA,temperature,sunp
2022-12-23T00:00:00Z,9,NA,temperature,sunp
2022-12-23T00:00:00Z,10,NA,temperature,sunp
2022-12-24T00:00:00Z,1,NA,temperature,sunp
2022-12-24T00:00:00Z,2,NA,temperature,sunp
2022-12-24T00:00:00Z,3,NA,temperature,sunp
2022-12-24T00:00:00Z,4,NA,temperature,sunp
2022-12-24T00:00:00Z,5,NA,temperature,sunp
2022-12-24T00:00:00Z,6,NA,temperature,sunp
2022-12-24T00:00:00Z,7,NA,temperature,sunp
2022-12-24T00:00:00Z,8,NA,temperature,sunp
2022-12-24T00:00:00Z,9,NA,temperature,sunp
2022-12-24T00:00:00Z,10,NA,temperature,sunp
2022-12-25T00:00:00Z,1,NA,temperature,sunp
2022-12-25T00:00:00Z,2,NA,temperature,sunp
2022-12-25T00:00:00Z,3,NA,temperature,sunp
2022-12-25T00:00:00Z,4,NA,temperature,sunp
2022-12-25T00:00:00Z,5,NA,temperature,sunp
2022-12-25T00:00:00Z,6,NA,temperature,sunp
2022-12-25T00:00:00Z,7,NA,temperature,sunp
2022-12-25T00:00:00Z,8,NA,temperature,sunp
2022-12-25T00:00:00Z,9,NA,temperature,sunp
2022-12-25T00:00:00Z,10,NA,temperature,sunp
2022-12-26T00:00:00Z,1,NA,temperature,sunp
2022-12-26T00:00:00Z,2,NA,temperature,sunp
2022-12-26T00:00:00Z,3,NA,temperature,sunp
2022-12-26T00:00:00Z,4,NA,temperature,sunp
2022-12-26T00:00:00Z,5,NA,temperature,sunp
2022-12-26T00:00:00Z,6,NA,temperature,sunp
2022-12-26T00:00:00Z,7,NA,temperature,sunp
2022-12-26T00:00:00Z,8,NA,temperature,sunp
2022-12-26T00:00:00Z,9,NA,temperature,sunp
2022-12-26T00:00:00Z,10,NA,temperature,sunp
2022-12-27T00:00:00Z,1,NA,temperature,sunp
2022-12-27T00:00:00Z,2,NA,temperature,sunp
2022-12-27T00:00:00Z,3,NA,temperature,sunp
2022-12-27T00:00:00Z,4,NA,temperature,sunp
2022-12-27T00:00:00Z,5,NA,temperature,sunp
2022-12-27T00:00:00Z,6,NA,temperature,sunp
2022-12-27T00:00:00Z,7,NA,temperature,sunp
2022-12-27T00:00:00Z,8,NA,temperature,sunp
2022-12-27T00:00:00Z,9,NA,temperature,sunp
2022-12-27T00:00:00Z,10,NA,temperature,sunp
2022-12-28T00:00:00Z,1,NA,temperature,sunp
2022-12-28T00:00:00Z,2,NA,temperature,sunp
2022-12-28T00:00:00Z,3,NA,temperature,sunp
2022-12-28T00:00:00Z,4,NA,temperature,sunp
2022-12-28T00:00:00Z,5,NA,temperature,sunp
2022-12-28T00:00:00Z,6,NA,temperature,sunp
2022-12-28T00:00:00Z,7,NA,temperature,sunp
2022-12-28T00:00:00Z,8,NA,temperature,sunp
2022-12-28T00:00:00Z,9,NA,temperature,sunp
2022-12-28T00:00:00Z,10,NA,temperature,sunp
2022-12-29T00:00:00Z,1,NA,temperature,sunp
2022-12-29T00:00:00Z,2,NA,temperature,sunp
2022-12-29T00:00:00Z,3,NA,temperature,sunp
2022-12-29T00:00:00Z,4,NA,temperature,sunp
2022-12-29T00:00:00Z,5,NA,temperature,sunp
2022-12-29T00:00:00Z,6,NA,temperature,sunp
2022-12-29T00:00:00Z,7,NA,temperature,sunp
2022-12-29T00:00:00Z,8,NA,temperature,sunp
2022-12-29T00:00:00Z,9,NA,temperature,sunp
2022-12-29T00:00:00Z,10,NA,temperature,sunp
2022-12-30T00:00:00Z,1,NA,temperature,sunp
2022-12-30T00:00:00Z,2,NA,temperature,sunp
2022-12-30T00:00:00Z,3,NA,temperature,sunp
2022-12-30T00:00:00Z,4,NA,temperature,sunp
2022-12-30T00:00:00Z,5,NA,temperature,sunp
2022-12-30T00:00:00Z,6,NA,temperature,sunp
2022-12-30T00:00:00Z,7,NA,temperature,sunp
2022-12-30T00:00:00Z,8,NA,temperature,sunp
2022-12-30T00:00:00Z,9,NA,temperature,sunp
2022-12-30T00:00:00Z,10,NA,temperature,sunp
2022-12-31T00:00:00Z,1,NA,temperature,sunp
2022-12-31T00:00:00Z,2,NA,temperature,sunp
2022-12-31T00:00:00Z,3,NA,temperature,sunp
2022-12-31T00:00:00Z,4,NA,temperature,sunp
2022-12-31T00:00:00Z,5,NA,temperature,sunp
2022-12-31T00:00:00Z,6,NA,temperature,sunp
2022-12-31T00:00:00Z,7,NA,temperature,sunp
2022-12-31T00:00:00Z,8,NA,temperature,sunp
2022-12-31T00:00:00Z,9,NA,temperature,sunp
2022-12-31T00:00:00Z,10,NA,temperature,sunp
2023-01-01T00:00:00Z,1,NA,temperature,sunp
2023-01-01T00:00:00Z,2,NA,temperature,sunp
2023-01-01T00:00:00Z,3,NA,temperature,sunp
2023-01-01T00:00:00Z,4,NA,temperature,sunp
2023-01-01T00:00:00Z,5,NA,temperature,sunp
2023-01-01T00:00:00Z,6,NA,temperature,sunp
2023-01-01T00:00:00Z,7,NA,temperature,sunp
2023-01-01T00:00:00Z,8,NA,temperature,sunp
2023-01-01T00:00:00Z,9,NA,temperature,sunp
2023-01-01T00:00:00Z,10,NA,temperature,sunp
2023-01-02T00:00:00Z,1,NA,temperature,sunp
2023-01-02T00:00:00Z,2,NA,temperature,sunp
2023-01-02T00:00:00Z,3,NA,temperature,sunp
2023-01-02T00:00:00Z,4,NA,temperature,sunp
2023-01-02T00:00:00Z,5,NA,temperature,sunp
2023-01-02T00:00:00Z,6,NA,temperature,sunp
2023-01-02T00:00:00Z,7,NA,temperature,sunp
2023-01-02T00:00:00Z,8,NA,temperature,sunp
2023-01-02T00:00:00Z,9,NA,temperature,sunp
2023-01-02T00:00:00Z,10,NA,temperature,sunp
2023-01-03T00:00:00Z,1,NA,temperature,sunp
2023-01-03T00:00:00Z,2,NA,temperature,sunp
2023-01-03T00:00:00Z,3,NA,temperature,sunp
2023-01-03T00:00:00Z,4,NA,temperature,sunp
2023-01-03T00:00:00Z,5,NA,temperature,sunp
2023-01-03T00:00:00Z,6,NA,temperature,sunp
2023-01-03T00:00:00Z,7,NA,temperature,sunp
2023-01-03T00:00:00Z,8,NA,temperature,sunp
2023-01-03T00:00:00Z,9,NA,temperature,sunp
2023-01-03T00:00:00Z,10,NA,temperature,sunp
2023-01-04T00:00:00Z,1,NA,temperature,sunp
2023-01-04T00:00:00Z,2,NA,temperature,sunp
2023-01-04T00:00:00Z,3,NA,temperature,sunp
2023-01-04T00:00:00Z,4,NA,temperature,sunp
2023-01-04T00:00:00Z,5,NA,temperature,sunp
2023-01-04T00:00:00Z,6,NA,temperature,sunp
2023-01-04T00:00:00Z,7,NA,temperature,sunp
2023-01-04T00:00:00Z,8,NA,temperature,sunp
2023-01-04T00:00:00Z,9,NA,temperature,sunp
2023-01-04T00:00:00Z,10,NA,temperature,sunp
2023-01-05T00:00:00Z,1,NA,temperature,sunp
2023-01-05T00:00:00Z,2,NA,temperature,sunp
2023-01-05T00:00:00Z,3,NA,temperature,sunp
2023-01-05T00:00:00Z,4,NA,temperature,sunp
2023-01-05T00:00:00Z,5,NA,temperature,sunp
2023-01-05T00:00:00Z,6,NA,temperature,sunp
2023-01-05T00:00:00Z,7,NA,temperature,sunp
2023-01-05T00:00:00Z,8,NA,temperature,sunp
2023-01-05T00:00:00Z,9,NA,temperature,sunp
2023-01-05T00:00:00Z,10,NA,temperature,sunp
2023-01-06T00:00:00Z,1,NA,temperature,sunp
2023-01-06T00:00:00Z,2,NA,temperature,sunp
2023-01-06T00:00:00Z,3,NA,temperature,sunp
2023-01-06T00:00:00Z,4,NA,temperature,sunp
2023-01-06T00:00:00Z,5,NA,temperature,sunp
2023-01-06T00:00:00Z,6,NA,temperature,sunp
2023-01-06T00:00:00Z,7,NA,temperature,sunp
2023-01-06T00:00:00Z,8,NA,temperature,sunp
2023-01-06T00:00:00Z,9,NA,temperature,sunp
2023-01-06T00:00:00Z,10,NA,temperature,sunp
2023-01-07T00:00:00Z,1,NA,temperature,sunp
2023-01-07T00:00:00Z,2,NA,temperature,sunp
2023-01-07T00:00:00Z,3,NA,temperature,sunp
2023-01-07T00:00:00Z,4,NA,temperature,sunp
2023-01-07T00:00:00Z,5,NA,temperature,sunp
2023-01-07T00:00:00Z,6,NA,temperature,sunp
2023-01-07T00:00:00Z,7,NA,temperature,sunp
2023-01-07T00:00:00Z,8,NA,temperature,sunp
2023-01-07T00:00:00Z,9,NA,temperature,sunp
2023-01-07T00:00:00Z,10,NA,temperature,sunp
2023-01-08T00:00:00Z,1,NA,temperature,sunp
2023-01-08T00:00:00Z,2,NA,temperature,sunp
2023-01-08T00:00:00Z,3,NA,temperature,sunp
2023-01-08T00:00:00Z,4,NA,temperature,sunp
2023-01-08T00:00:00Z,5,NA,temperature,sunp
2023-01-08T00:00:00Z,6,NA,temperature,sunp
2023-01-08T00:00:00Z,7,NA,temperature,sunp
2023-01-08T00:00:00Z,8,NA,temperature,sunp
2023-01-08T00:00:00Z,9,NA,temperature,sunp
2023-01-08T00:00:00Z,10,NA,temperature,sunp
2023-01-09T00:00:00Z,1,NA,temperature,sunp
2023-01-09T00:00:00Z,2,NA,temperature,sunp
2023-01-09T00:00:00Z,3,NA,temperature,sunp
2023-01-09T00:00:00Z,4,NA,temperature,sunp
2023-01-09T00:00:00Z,5,NA,temperature,sunp
2023-01-09T00:00:00Z,6,NA,temperature,sunp
2023-01-09T00:00:00Z,7,NA,temperature,sunp
2023-01-09T00:00:00Z,8,NA,temperature,sunp
2023-01-09T00:00:00Z,9,NA,temperature,sunp
2023-01-09T00:00:00Z,10,NA,temperature,sunp
2023-01-10T00:00:00Z,1,NA,temperature,sunp
2023-01-10T00:00:00Z,2,NA,temperature,sunp
2023-01-10T00:00:00Z,3,NA,temperature,sunp
2023-01-10T00:00:00Z,4,NA,temperature,sunp
2023-01-10T00:00:00Z,5,NA,temperature,sunp
2023-01-10T00:00:00Z,6,NA,temperature,sunp
2023-01-10T00:00:00Z,7,NA,temperature,sunp
2023-01-10T00:00:00Z,8,NA,temperature,sunp
2023-01-10T00:00:00Z,9,NA,temperature,sunp
2023-01-10T00:00:00Z,10,NA,temperature,sunp
2023-01-11T00:00:00Z,1,NA,temperature,sunp
2023-01-11T00:00:00Z,2,NA,temperature,sunp
2023-01-11T00:00:00Z,3,NA,temperature,sunp
2023-01-11T00:00:00Z,4,NA,temperature,sunp
2023-01-11T00:00:00Z,5,NA,temperature,sunp
2023-01-11T00:00:00Z,6,NA,temperature,sunp
2023-01-11T00:00:00Z,7,NA,temperature,sunp
2023-01-11T00:00:00Z,8,NA,temperature,sunp
2023-01-11T00:00:00Z,9,NA,temperature,sunp
2023-01-11T00:00:00Z,10,NA,temperature,sunp
2023-01-12T00:00:00Z,1,NA,temperature,sunp
2023-01-12T00:00:00Z,2,NA,temperature,sunp
2023-01-12T00:00:00Z,3,NA,temperature,sunp
2023-01-12T00:00:00Z,4,NA,temperature,sunp
2023-01-12T00:00:00Z,5,NA,temperature,sunp
2023-01-12T00:00:00Z,6,NA,temperature,sunp
2023-01-12T00:00:00Z,7,NA,temperature,sunp
2023-01-12T00:00:00Z,8,NA,temperature,sunp
2023-01-12T00:00:00Z,9,NA,temperature,sunp
2023-01-12T00:00:00Z,10,NA,temperature,sunp
2023-01-13T00:00:00Z,1,NA,temperature,sunp
2023-01-13T00:00:00Z,2,NA,temperature,sunp
2023-01-13T00:00:00Z,3,NA,temperature,sunp
2023-01-13T00:00:00Z,4,NA,temperature,sunp
2023-01-13T00:00:00Z,5,NA,temperature,sunp
2023-01-13T00:00:00Z,6,NA,temperature,sunp
2023-01-13T00:00:00Z,7,NA,temperature,sunp
2023-01-13T00:00:00Z,8,NA,temperature,sunp
2023-01-13T00:00:00Z,9,NA,temperature,sunp
2023-01-13T00:00:00Z,10,NA,temperature,sunp
2023-01-14T00:00:00Z,1,NA,temperature,sunp
2023-01-14T00:00:00Z,2,NA,temperature,sunp
2023-01-14T00:00:00Z,3,NA,temperature,sunp
2023-01-14T00:00:00Z,4,NA,temperature,sunp
2023-01-14T00:00:00Z,5,NA,temperature,sunp
2023-01-14T00:00:00Z,6,NA,temperature,sunp
2023-01-14T00:00:00Z,7,NA,temperature,sunp
2023-01-14T00:00:00Z,8,NA,temperature,sunp
2023-01-14T00:00:00Z,9,NA,temperature,sunp
2023-01-14T00:00:00Z,10,NA,temperature,sunp
2023-01-15T00:00:00Z,1,NA,temperature,sunp
2023-01-15T00:00:00Z,2,NA,temperature,sunp
2023-01-15T00:00:00Z,3,NA,temperature,sunp
2023-01-15T00:00:00Z,4,NA,temperature,sunp
2023-01-15T00:00:00Z,5,NA,temperature,sunp
2023-01-15T00:00:00Z,6,NA,temperature,sunp
2023-01-15T00:00:00Z,7,NA,temperature,sunp
2023-01-15T00:00:00Z,8,NA,temperature,sunp
2023-01-15T00:00:00Z,9,NA,temperature,sunp
2023-01-15T00:00:00Z,10,NA,temperature,sunp
2023-01-16T00:00:00Z,1,NA,temperature,sunp
2023-01-16T00:00:00Z,2,NA,temperature,sunp
2023-01-16T00:00:00Z,3,NA,temperature,sunp
2023-01-16T00:00:00Z,4,NA,temperature,sunp
2023-01-16T00:00:00Z,5,NA,temperature,sunp
2023-01-16T00:00:00Z,6,NA,temperature,sunp
2023-01-16T00:00:00Z,7,NA,temperature,sunp
2023-01-16T00:00:00Z,8,NA,temperature,sunp
2023-01-16T00:00:00Z,9,NA,temperature,sunp
2023-01-16T00:00:00Z,10,NA,temperature,sunp
2023-01-17T00:00:00Z,1,NA,temperature,sunp
2023-01-17T00:00:00Z,2,NA,temperature,sunp
2023-01-17T00:00:00Z,3,NA,temperature,sunp
2023-01-17T00:00:00Z,4,NA,temperature,sunp
2023-01-17T00:00:00Z,5,NA,temperature,sunp
2023-01-17T00:00:00Z,6,NA,temperature,sunp
2023-01-17T00:00:00Z,7,NA,temperature,sunp
2023-01-17T00:00:00Z,8,NA,temperature,sunp
2023-01-17T00:00:00Z,9,NA,temperature,sunp
2023-01-17T00:00:00Z,10,NA,temperature,sunp
2023-01-18T00:00:00Z,1,NA,temperature,sunp
2023-01-18T00:00:00Z,2,NA,temperature,sunp
2023-01-18T00:00:00Z,3,NA,temperature,sunp
2023-01-18T00:00:00Z,4,NA,temperature,sunp
2023-01-18T00:00:00Z,5,NA,temperature,sunp
2023-01-18T00:00:00Z,6,NA,temperature,sunp
2023-01-18T00:00:00Z,7,NA,temperature,sunp
2023-01-18T00:00:00Z,8,NA,temperature,sunp
2023-01-18T00:00:00Z,9,NA,temperature,sunp
2023-01-18T00:00:00Z,10,NA,temperature,sunp
2023-01-19T00:00:00Z,1,NA,temperature,sunp
2023-01-19T00:00:00Z,2,NA,temperature,sunp
2023-01-19T00:00:00Z,3,NA,temperature,sunp
2023-01-19T00:00:00Z,4,NA,temperature,sunp
2023-01-19T00:00:00Z,5,NA,temperature,sunp
2023-01-19T00:00:00Z,6,NA,temperature,sunp
2023-01-19T00:00:00Z,7,NA,temperature,sunp
2023-01-19T00:00:00Z,8,NA,temperature,sunp
2023-01-19T00:00:00Z,9,NA,temperature,sunp
2023-01-19T00:00:00Z,10,NA,temperature,sunp
2023-01-20T00:00:00Z,1,NA,temperature,sunp
2023-01-20T00:00:00Z,2,NA,temperature,sunp
2023-01-20T00:00:00Z,3,NA,temperature,sunp
2023-01-20T00:00:00Z,4,NA,temperature,sunp
2023-01-20T00:00:00Z,5,NA,temperature,sunp
2023-01-20T00:00:00Z,6,NA,temperature,sunp
2023-01-20T00:00:00Z,7,NA,temperature,sunp
2023-01-20T00:00:00Z,8,NA,temperature,sunp
2023-01-20T00:00:00Z,9,NA,temperature,sunp
2023-01-20T00:00:00Z,10,NA,temperature,sunp
2023-01-21T00:00:00Z,1,NA,temperature,sunp
2023-01-21T00:00:00Z,2,NA,temperature,sunp
2023-01-21T00:00:00Z,3,NA,temperature,sunp
2023-01-21T00:00:00Z,4,NA,temperature,sunp
2023-01-21T00:00:00Z,5,NA,temperature,sunp
2023-01-21T00:00:00Z,6,NA,temperature,sunp
2023-01-21T00:00:00Z,7,NA,temperature,sunp
2023-01-21T00:00:00Z,8,NA,temperature,sunp
2023-01-21T00:00:00Z,9,NA,temperature,sunp
2023-01-21T00:00:00Z,10,NA,temperature,sunp
2023-01-22T00:00:00Z,1,NA,temperature,sunp
2023-01-22T00:00:00Z,2,NA,temperature,sunp
2023-01-22T00:00:00Z,3,NA,temperature,sunp
2023-01-22T00:00:00Z,4,NA,temperature,sunp
2023-01-22T00:00:00Z,5,NA,temperature,sunp
2023-01-22T00:00:00Z,6,NA,temperature,sunp
2023-01-22T00:00:00Z,7,NA,temperature,sunp
2023-01-22T00:00:00Z,8,NA,temperature,sunp
2023-01-22T00:00:00Z,9,NA,temperature,sunp
2023-01-22T00:00:00Z,10,NA,temperature,sunp
2023-01-23T00:00:00Z,1,NA,temperature,sunp
2023-01-23T00:00:00Z,2,NA,temperature,sunp
2023-01-23T00:00:00Z,3,NA,temperature,sunp
2023-01-23T00:00:00Z,4,NA,temperature,sunp
2023-01-23T00:00:00Z,5,NA,temperature,sunp
2023-01-23T00:00:00Z,6,NA,temperature,sunp
2023-01-23T00:00:00Z,7,NA,temperature,sunp
2023-01-23T00:00:00Z,8,NA,temperature,sunp
2023-01-23T00:00:00Z,9,NA,temperature,sunp
2023-01-23T00:00:00Z,10,NA,temperature,sunp
2023-01-24T00:00:00Z,1,NA,temperature,sunp
2023-01-24T00:00:00Z,2,NA,temperature,sunp
2023-01-24T00:00:00Z,3,NA,temperature,sunp
2023-01-24T00:00:00Z,4,NA,temperature,sunp
2023-01-24T00:00:00Z,5,NA,temperature,sunp
2023-01-24T00:00:00Z,6,NA,temperature,sunp
2023-01-24T00:00:00Z,7,NA,temperature,sunp
2023-01-24T00:00:00Z,8,NA,temperature,sunp
2023-01-24T00:00:00Z,9,NA,temperature,sunp
2023-01-24T00:00:00Z,10,NA,temperature,sunp
2023-01-25T00:00:00Z,1,NA,temperature,sunp
2023-01-25T00:00:00Z,2,NA,temperature,sunp
2023-01-25T00:00:00Z,3,NA,temperature,sunp
2023-01-25T00:00:00Z,4,NA,temperature,sunp
2023-01-25T00:00:00Z,5,NA,temperature,sunp
2023-01-25T00:00:00Z,6,NA,temperature,sunp
2023-01-25T00:00:00Z,7,NA,temperature,sunp
2023-01-25T00:00:00Z,8,NA,temperature,sunp
2023-01-25T00:00:00Z,9,NA,temperature,sunp
2023-01-25T00:00:00Z,10,NA,temperature,sunp
2023-01-26T00:00:00Z,1,NA,temperature,sunp
2023-01-26T00:00:00Z,2,NA,temperature,sunp
2023-01-26T00:00:00Z,3,NA,temperature,sunp
2023-01-26T00:00:00Z,4,NA,temperature,sunp
2023-01-26T00:00:00Z,5,NA,temperature,sunp
2023-01-26T00:00:00Z,6,NA,temperature,sunp
2023-01-26T00:00:00Z,7,NA,temperature,sunp
2023-01-26T00:00:00Z,8,NA,temperature,sunp
2023-01-26T00:00:00Z,9,NA,temperature,sunp
2023-01-26T00:00:00Z,10,NA,temperature,sunp
2023-01-27T00:00:00Z,1,NA,temperature,sunp
2023-01-27T00:00:00Z,2,NA,temperature,sunp
2023-01-27T00:00:00Z,3,NA,temperature,sunp
2023-01-27T00:00:00Z,4,NA,temperature,sunp
2023-01-27T00:00:00Z,5,NA,temperature,sunp
2023-01-27T00:00:00Z,6,NA,temperature,sunp
2023-01-27T00:00:00Z,7,NA,temperature,sunp
2023-01-27T00:00:00Z,8,NA,temperature,sunp
2023-01-27T00:00:00Z,9,NA,temperature,sunp
2023-01-27T00:00:00Z,10,NA,temperature,sunp
2023-01-28T00:00:00Z,1,NA,temperature,sunp
2023-01-28T00:00:00Z,2,NA,temperature,sunp
2023-01-28T00:00:00Z,3,NA,temperature,sunp
2023-01-28T00:00:00Z,4,NA,temperature,sunp
2023-01-28T00:00:00Z,5,NA,temperature,sunp
2023-01-28T00:00:00Z,6,NA,temperature,sunp
2023-01-28T00:00:00Z,7,NA,temperature,sunp
2023-01-28T00:00:00Z,8,NA,temperature,sunp
2023-01-28T00:00:00Z,9,NA,temperature,sunp
2023-01-28T00:00:00Z,10,NA,temperature,sunp
2023-01-29T00:00:00Z,1,NA,temperature,sunp
2023-01-29T00:00:00Z,2,NA,temperature,sunp
2023-01-29T00:00:00Z,3,NA,temperature,sunp
2023-01-29T00:00:00Z,4,NA,temperature,sunp
2023-01-29T00:00:00Z,5,NA,temperature,sunp
2023-01-29T00:00:00Z,6,NA,temperature,sunp
2023-01-29T00:00:00Z,7,NA,temperature,sunp
2023-01-29T00:00:00Z,8,NA,temperature,sunp
2023-01-29T00:00:00Z,9,NA,temperature,sunp
2023-01-29T00:00:00Z,10,NA,temperature,sunp
2023-01-30T00:00:00Z,1,NA,temperature,sunp
2023-01-30T00:00:00Z,2,NA,temperature,sunp
2023-01-30T00:00:00Z,3,NA,temperature,sunp
2023-01-30T00:00:00Z,4,NA,temperature,sunp
2023-01-30T00:00:00Z,5,NA,temperature,sunp
2023-01-30T00:00:00Z,6,NA,temperature,sunp
2023-01-30T00:00:00Z,7,NA,temperature,sunp
2023-01-30T00:00:00Z,8,NA,temperature,sunp
2023-01-30T00:00:00Z,9,NA,temperature,sunp
2023-01-30T00:00:00Z,10,NA,temperature,sunp
2023-01-31T00:00:00Z,1,NA,temperature,sunp
2023-01-31T00:00:00Z,2,NA,temperature,sunp
2023-01-31T00:00:00Z,3,NA,temperature,sunp
2023-01-31T00:00:00Z,4,NA,temperature,sunp
2023-01-31T00:00:00Z,5,NA,temperature,sunp
2023-01-31T00:00:00Z,6,NA,temperature,sunp
2023-01-31T00:00:00Z,7,NA,temperature,sunp
2023-01-31T00:00:00Z,8,NA,temperature,sunp
2023-01-31T00:00:00Z,9,NA,temperature,sunp
2023-01-31T00:00:00Z,10,NA,temperature,sunp
2023-02-01T00:00:00Z,1,NA,temperature,sunp
2023-02-01T00:00:00Z,2,NA,temperature,sunp
2023-02-01T00:00:00Z,3,NA,temperature,sunp
2023-02-01T00:00:00Z,4,NA,temperature,sunp
2023-02-01T00:00:00Z,5,NA,temperature,sunp
2023-02-01T00:00:00Z,6,NA,temperature,sunp
2023-02-01T00:00:00Z,7,NA,temperature,sunp
2023-02-01T00:00:00Z,8,NA,temperature,sunp
2023-02-01T00:00:00Z,9,NA,temperature,sunp
2023-02-01T00:00:00Z,10,NA,temperature,sunp
2023-02-02T00:00:00Z,1,NA,temperature,sunp
2023-02-02T00:00:00Z,2,NA,temperature,sunp
2023-02-02T00:00:00Z,3,NA,temperature,sunp
2023-02-02T00:00:00Z,4,NA,temperature,sunp
2023-02-02T00:00:00Z,5,NA,temperature,sunp
2023-02-02T00:00:00Z,6,NA,temperature,sunp
2023-02-02T00:00:00Z,7,NA,temperature,sunp
2023-02-02T00:00:00Z,8,NA,temperature,sunp
2023-02-02T00:00:00Z,9,NA,temperature,sunp
2023-02-02T00:00:00Z,10,NA,temperature,sunp
2023-02-03T00:00:00Z,1,NA,temperature,sunp
2023-02-03T00:00:00Z,2,NA,temperature,sunp
2023-02-03T00:00:00Z,3,NA,temperature,sunp
2023-02-03T00:00:00Z,4,NA,temperature,sunp
2023-02-03T00:00:00Z,5,NA,temperature,sunp
2023-02-03T00:00:00Z,6,NA,temperature,sunp
2023-02-03T00:00:00Z,7,NA,temperature,sunp
2023-02-03T00:00:00Z,8,NA,temperature,sunp
2023-02-03T00:00:00Z,9,NA,temperature,sunp
2023-02-03T00:00:00Z,10,NA,temperature,sunp
2023-02-04T00:00:00Z,1,NA,temperature,sunp
2023-02-04T00:00:00Z,2,NA,temperature,sunp
2023-02-04T00:00:00Z,3,NA,temperature,sunp
2023-02-04T00:00:00Z,4,NA,temperature,sunp
2023-02-04T00:00:00Z,5,NA,temperature,sunp
2023-02-04T00:00:00Z,6,NA,temperature,sunp
2023-02-04T00:00:00Z,7,NA,temperature,sunp
2023-02-04T00:00:00Z,8,NA,temperature,sunp
2023-02-04T00:00:00Z,9,NA,temperature,sunp
2023-02-04T00:00:00Z,10,NA,temperature,sunp
2023-02-05T00:00:00Z,1,NA,temperature,sunp
2023-02-05T00:00:00Z,2,NA,temperature,sunp
2023-02-05T00:00:00Z,3,NA,temperature,sunp
2023-02-05T00:00:00Z,4,NA,temperature,sunp
2023-02-05T00:00:00Z,5,NA,temperature,sunp
2023-02-05T00:00:00Z,6,NA,temperature,sunp
2023-02-05T00:00:00Z,7,NA,temperature,sunp
2023-02-05T00:00:00Z,8,NA,temperature,sunp
2023-02-05T00:00:00Z,9,NA,temperature,sunp
2023-02-05T00:00:00Z,10,NA,temperature,sunp
2023-02-06T00:00:00Z,1,NA,temperature,sunp
2023-02-06T00:00:00Z,2,NA,temperature,sunp
2023-02-06T00:00:00Z,3,NA,temperature,sunp
2023-02-06T00:00:00Z,4,NA,temperature,sunp
2023-02-06T00:00:00Z,5,NA,temperature,sunp
2023-02-06T00:00:00Z,6,NA,temperature,sunp
2023-02-06T00:00:00Z,7,NA,temperature,sunp
2023-02-06T00:00:00Z,8,NA,temperature,sunp
2023-02-06T00:00:00Z,9,NA,temperature,sunp
2023-02-06T00:00:00Z,10,NA,temperature,sunp
2023-02-07T00:00:00Z,1,NA,temperature,sunp
2023-02-07T00:00:00Z,2,NA,temperature,sunp
2023-02-07T00:00:00Z,3,NA,temperature,sunp
2023-02-07T00:00:00Z,4,NA,temperature,sunp
2023-02-07T00:00:00Z,5,NA,temperature,sunp
2023-02-07T00:00:00Z,6,NA,temperature,sunp
2023-02-07T00:00:00Z,7,NA,temperature,sunp
2023-02-07T00:00:00Z,8,NA,temperature,sunp
2023-02-07T00:00:00Z,9,NA,temperature,sunp
2023-02-07T00:00:00Z,10,NA,temperature,sunp
2023-02-08T00:00:00Z,1,NA,temperature,sunp
2023-02-08T00:00:00Z,2,NA,temperature,sunp
2023-02-08T00:00:00Z,3,NA,temperature,sunp
2023-02-08T00:00:00Z,4,NA,temperature,sunp
2023-02-08T00:00:00Z,5,NA,temperature,sunp
2023-02-08T00:00:00Z,6,NA,temperature,sunp
2023-02-08T00:00:00Z,7,NA,temperature,sunp
2023-02-08T00:00:00Z,8,NA,temperature,sunp
2023-02-08T00:00:00Z,9,NA,temperature,sunp
2023-02-08T00:00:00Z,10,NA,temperature,sunp
2023-02-09T00:00:00Z,1,NA,temperature,sunp
2023-02-09T00:00:00Z,2,NA,temperature,sunp
2023-02-09T00:00:00Z,3,NA,temperature,sunp
2023-02-09T00:00:00Z,4,NA,temperature,sunp
2023-02-09T00:00:00Z,5,NA,temperature,sunp
2023-02-09T00:00:00Z,6,NA,temperature,sunp
2023-02-09T00:00:00Z,7,NA,temperature,sunp
2023-02-09T00:00:00Z,8,NA,temperature,sunp
2023-02-09T00:00:00Z,9,NA,temperature,sunp
2023-02-09T00:00:00Z,10,NA,temperature,sunp
2023-02-10T00:00:00Z,1,NA,temperature,sunp
2023-02-10T00:00:00Z,2,NA,temperature,sunp
2023-02-10T00:00:00Z,3,NA,temperature,sunp
2023-02-10T00:00:00Z,4,NA,temperature,sunp
2023-02-10T00:00:00Z,5,NA,temperature,sunp
2023-02-10T00:00:00Z,6,NA,temperature,sunp
2023-02-10T00:00:00Z,7,NA,temperature,sunp
2023-02-10T00:00:00Z,8,NA,temperature,sunp
2023-02-10T00:00:00Z,9,NA,temperature,sunp
2023-02-10T00:00:00Z,10,NA,temperature,sunp
2023-02-11T00:00:00Z,1,NA,temperature,sunp
2023-02-11T00:00:00Z,2,NA,temperature,sunp
2023-02-11T00:00:00Z,3,NA,temperature,sunp
2023-02-11T00:00:00Z,4,NA,temperature,sunp
2023-02-11T00:00:00Z,5,NA,temperature,sunp
2023-02-11T00:00:00Z,6,NA,temperature,sunp
2023-02-11T00:00:00Z,7,NA,temperature,sunp
2023-02-11T00:00:00Z,8,NA,temperature,sunp
2023-02-11T00:00:00Z,9,NA,temperature,sunp
2023-02-11T00:00:00Z,10,NA,temperature,sunp
2023-02-12T00:00:00Z,1,NA,temperature,sunp
2023-02-12T00:00:00Z,2,NA,temperature,sunp
2023-02-12T00:00:00Z,3,NA,temperature,sunp
2023-02-12T00:00:00Z,4,NA,temperature,sunp
2023-02-12T00:00:00Z,5,NA,temperature,sunp
2023-02-12T00:00:00Z,6,NA,temperature,sunp
2023-02-12T00:00:00Z,7,NA,temperature,sunp
2023-02-12T00:00:00Z,8,NA,temperature,sunp
2023-02-12T00:00:00Z,9,NA,temperature,sunp
2023-02-12T00:00:00Z,10,NA,temperature,sunp
2023-02-13T00:00:00Z,1,NA,temperature,sunp
2023-02-13T00:00:00Z,2,NA,temperature,sunp
2023-02-13T00:00:00Z,3,NA,temperature,sunp
2023-02-13T00:00:00Z,4,NA,temperature,sunp
2023-02-13T00:00:00Z,5,NA,temperature,sunp
2023-02-13T00:00:00Z,6,NA,temperature,sunp
2023-02-13T00:00:00Z,7,NA,temperature,sunp
2023-02-13T00:00:00Z,8,NA,temperature,sunp
2023-02-13T00:00:00Z,9,NA,temperature,sunp
2023-02-13T00:00:00Z,10,NA,temperature,sunp
2023-02-14T00:00:00Z,1,NA,temperature,sunp
2023-02-14T00:00:00Z,2,NA,temperature,sunp
2023-02-14T00:00:00Z,3,NA,temperature,sunp
2023-02-14T00:00:00Z,4,NA,temperature,sunp
2023-02-14T00:00:00Z,5,NA,temperature,sunp
2023-02-14T00:00:00Z,6,NA,temperature,sunp
2023-02-14T00:00:00Z,7,NA,temperature,sunp
2023-02-14T00:00:00Z,8,NA,temperature,sunp
2023-02-14T00:00:00Z,9,NA,temperature,sunp
2023-02-14T00:00:00Z,10,NA,temperature,sunp
2023-02-15T00:00:00Z,1,NA,temperature,sunp
2023-02-15T00:00:00Z,2,NA,temperature,sunp
2023-02-15T00:00:00Z,3,NA,temperature,sunp
2023-02-15T00:00:00Z,4,NA,temperature,sunp
2023-02-15T00:00:00Z,5,NA,temperature,sunp
2023-02-15T00:00:00Z,6,NA,temperature,sunp
2023-02-15T00:00:00Z,7,NA,temperature,sunp
2023-02-15T00:00:00Z,8,NA,temperature,sunp
2023-02-15T00:00:00Z,9,NA,temperature,sunp
2023-02-15T00:00:00Z,10,NA,temperature,sunp
2023-02-16T00:00:00Z,1,NA,temperature,sunp
2023-02-16T00:00:00Z,2,NA,temperature,sunp
2023-02-16T00:00:00Z,3,NA,temperature,sunp
2023-02-16T00:00:00Z,4,NA,temperature,sunp
2023-02-16T00:00:00Z,5,NA,temperature,sunp
2023-02-16T00:00:00Z,6,NA,temperature,sunp
2023-02-16T00:00:00Z,7,NA,temperature,sunp
2023-02-16T00:00:00Z,8,NA,temperature,sunp
2023-02-16T00:00:00Z,9,NA,temperature,sunp
2023-02-16T00:00:00Z,10,NA,temperature,sunp
2023-02-17T00:00:00Z,1,NA,temperature,sunp
2023-02-17T00:00:00Z,2,NA,temperature,sunp
2023-02-17T00:00:00Z,3,NA,temperature,sunp
2023-02-17T00:00:00Z,4,NA,temperature,sunp
2023-02-17T00:00:00Z,5,NA,temperature,sunp
2023-02-17T00:00:00Z,6,NA,temperature,sunp
2023-02-17T00:00:00Z,7,NA,temperature,sunp
2023-02-17T00:00:00Z,8,NA,temperature,sunp
2023-02-17T00:00:00Z,9,NA,temperature,sunp
2023-02-17T00:00:00Z,10,NA,temperature,sunp
2023-02-18T00:00:00Z,1,NA,temperature,sunp
2023-02-18T00:00:00Z,2,NA,temperature,sunp
2023-02-18T00:00:00Z,3,NA,temperature,sunp
2023-02-18T00:00:00Z,4,NA,temperature,sunp
2023-02-18T00:00:00Z,5,NA,temperature,sunp
2023-02-18T00:00:00Z,6,NA,temperature,sunp
2023-02-18T00:00:00Z,7,NA,temperature,sunp
2023-02-18T00:00:00Z,8,NA,temperature,sunp
2023-02-18T00:00:00Z,9,NA,temperature,sunp
2023-02-18T00:00:00Z,10,NA,temperature,sunp
2023-02-19T00:00:00Z,1,NA,temperature,sunp
2023-02-19T00:00:00Z,2,NA,temperature,sunp
2023-02-19T00:00:00Z,3,NA,temperature,sunp
2023-02-19T00:00:00Z,4,NA,temperature,sunp
2023-02-19T00:00:00Z,5,NA,temperature,sunp
2023-02-19T00:00:00Z,6,NA,temperature,sunp
2023-02-19T00:00:00Z,7,NA,temperature,sunp
2023-02-19T00:00:00Z,8,NA,temperature,sunp
2023-02-19T00:00:00Z,9,NA,temperature,sunp
2023-02-19T00:00:00Z,10,NA,temperature,sunp
2023-02-20T00:00:00Z,1,NA,temperature,sunp
2023-02-20T00:00:00Z,2,NA,temperature,sunp
2023-02-20T00:00:00Z,3,NA,temperature,sunp
2023-02-20T00:00:00Z,4,NA,temperature,sunp
2023-02-20T00:00:00Z,5,NA,temperature,sunp
2023-02-20T00:00:00Z,6,NA,temperature,sunp
2023-02-20T00:00:00Z,7,NA,temperature,sunp
2023-02-20T00:00:00Z,8,NA,temperature,sunp
2023-02-20T00:00:00Z,9,NA,temperature,sunp
2023-02-20T00:00:00Z,10,NA,temperature,sunp
2023-02-21T00:00:00Z,1,NA,temperature,sunp
2023-02-21T00:00:00Z,2,NA,temperature,sunp
2023-02-21T00:00:00Z,3,NA,temperature,sunp
2023-02-21T00:00:00Z,4,NA,temperature,sunp
2023-02-21T00:00:00Z,5,NA,temperature,sunp
2023-02-21T00:00:00Z,6,NA,temperature,sunp
2023-02-21T00:00:00Z,7,NA,temperature,sunp
2023-02-21T00:00:00Z,8,NA,temperature,sunp
2023-02-21T00:00:00Z,9,NA,temperature,sunp
2023-02-21T00:00:00Z,10,NA,temperature,sunp
2023-02-22T00:00:00Z,1,NA,temperature,sunp
2023-02-22T00:00:00Z,2,NA,temperature,sunp
2023-02-22T00:00:00Z,3,NA,temperature,sunp
2023-02-22T00:00:00Z,4,NA,temperature,sunp
2023-02-22T00:00:00Z,5,NA,temperature,sunp
2023-02-22T00:00:00Z,6,NA,temperature,sunp
2023-02-22T00:00:00Z,7,NA,temperature,sunp
2023-02-22T00:00:00Z,8,NA,temperature,sunp
2023-02-22T00:00:00Z,9,NA,temperature,sunp
2023-02-22T00:00:00Z,10,NA,temperature,sunp
2023-02-23T00:00:00Z,1,NA,temperature,sunp
2023-02-23T00:00:00Z,2,NA,temperature,sunp
2023-02-23T00:00:00Z,3,NA,temperature,sunp
2023-02-23T00:00:00Z,4,NA,temperature,sunp
2023-02-23T00:00:00Z,5,NA,temperature,sunp
2023-02-23T00:00:00Z,6,NA,temperature,sunp
2023-02-23T00:00:00Z,7,NA,temperature,sunp
2023-02-23T00:00:00Z,8,NA,temperature,sunp
2023-02-23T00:00:00Z,9,NA,temperature,sunp
2023-02-23T00:00:00Z,10,NA,temperature,sunp
2023-02-24T00:00:00Z,1,NA,temperature,sunp
2023-02-24T00:00:00Z,2,NA,temperature,sunp
2023-02-24T00:00:00Z,3,NA,temperature,sunp
2023-02-24T00:00:00Z,4,NA,temperature,sunp
2023-02-24T00:00:00Z,5,NA,temperature,sunp
2023-02-24T00:00:00Z,6,NA,temperature,sunp
2023-02-24T00:00:00Z,7,NA,temperature,sunp
2023-02-24T00:00:00Z,8,NA,temperature,sunp
2023-02-24T00:00:00Z,9,NA,temperature,sunp
2023-02-24T00:00:00Z,10,NA,temperature,sunp
2023-02-25T00:00:00Z,1,NA,temperature,sunp
2023-02-25T00:00:00Z,2,NA,temperature,sunp
2023-02-25T00:00:00Z,3,NA,temperature,sunp
2023-02-25T00:00:00Z,4,NA,temperature,sunp
2023-02-25T00:00:00Z,5,NA,temperature,sunp
2023-02-25T00:00:00Z,6,NA,temperature,sunp
2023-02-25T00:00:00Z,7,NA,temperature,sunp
2023-02-25T00:00:00Z,8,NA,temperature,sunp
2023-02-25T00:00:00Z,9,NA,temperature,sunp
2023-02-25T00:00:00Z,10,NA,temperature,sunp
2023-02-26T00:00:00Z,1,NA,temperature,sunp
2023-02-26T00:00:00Z,2,NA,temperature,sunp
2023-02-26T00:00:00Z,3,NA,temperature,sunp
2023-02-26T00:00:00Z,4,NA,temperature,sunp
2023-02-26T00:00:00Z,5,NA,temperature,sunp
2023-02-26T00:00:00Z,6,NA,temperature,sunp
2023-02-26T00:00:00Z,7,NA,temperature,sunp
2023-02-26T00:00:00Z,8,NA,temperature,sunp
2023-02-26T00:00:00Z,9,NA,temperature,sunp
2023-02-26T00:00:00Z,10,NA,temperature,sunp
2023-02-27T00:00:00Z,1,NA,temperature,sunp
2023-02-27T00:00:00Z,2,NA,temperature,sunp
2023-02-27T00:00:00Z,3,NA,temperature,sunp
2023-02-27T00:00:00Z,4,NA,temperature,sunp
2023-02-27T00:00:00Z,5,NA,temperature,sunp
2023-02-27T00:00:00Z,6,NA,temperature,sunp
2023-02-27T00:00:00Z,7,NA,temperature,sunp
2023-02-27T00:00:00Z,8,NA,temperature,sunp
2023-02-27T00:00:00Z,9,NA,temperature,sunp
2023-02-27T00:00:00Z,10,NA,temperature,sunp
2023-02-28T00:00:00Z,1,NA,temperature,sunp
2023-02-28T00:00:00Z,2,NA,temperature,sunp
2023-02-28T00:00:00Z,3,NA,temperature,sunp
2023-02-28T00:00:00Z,4,NA,temperature,sunp
2023-02-28T00:00:00Z,5,NA,temperature,sunp
2023-02-28T00:00:00Z,6,NA,temperature,sunp
2023-02-28T00:00:00Z,7,NA,temperature,sunp
2023-02-28T00:00:00Z,8,NA,temperature,sunp
2023-02-28T00:00:00Z,9,NA,temperature,sunp
2023-02-28T00:00:00Z,10,NA,temperature,sunp
2023-03-01T00:00:00Z,1,NA,temperature,sunp
2023-03-01T00:00:00Z,2,NA,temperature,sunp
2023-03-01T00:00:00Z,3,NA,temperature,sunp
2023-03-01T00:00:00Z,4,NA,temperature,sunp
2023-03-01T00:00:00Z,5,NA,temperature,sunp
2023-03-01T00:00:00Z,6,NA,temperature,sunp
2023-03-01T00:00:00Z,7,NA,temperature,sunp
2023-03-01T00:00:00Z,8,NA,temperature,sunp
2023-03-01T00:00:00Z,9,NA,temperature,sunp
2023-03-01T00:00:00Z,10,NA,temperature,sunp
2023-03-02T00:00:00Z,1,NA,temperature,sunp
2023-03-02T00:00:00Z,2,NA,temperature,sunp
2023-03-02T00:00:00Z,3,NA,temperature,sunp
2023-03-02T00:00:00Z,4,NA,temperature,sunp
2023-03-02T00:00:00Z,5,NA,temperature,sunp
2023-03-02T00:00:00Z,6,NA,temperature,sunp
2023-03-02T00:00:00Z,7,NA,temperature,sunp
2023-03-02T00:00:00Z,8,NA,temperature,sunp
2023-03-02T00:00:00Z,9,NA,temperature,sunp
2023-03-02T00:00:00Z,10,NA,temperature,sunp
2023-03-03T00:00:00Z,1,NA,temperature,sunp
2023-03-03T00:00:00Z,2,NA,temperature,sunp
2023-03-03T00:00:00Z,3,NA,temperature,sunp
2023-03-03T00:00:00Z,4,NA,temperature,sunp
2023-03-03T00:00:00Z,5,NA,temperature,sunp
2023-03-03T00:00:00Z,6,NA,temperature,sunp
2023-03-03T00:00:00Z,7,NA,temperature,sunp
2023-03-03T00:00:00Z,8,NA,temperature,sunp
2023-03-03T00:00:00Z,9,NA,temperature,sunp
2023-03-03T00:00:00Z,10,NA,temperature,sunp
2023-03-04T00:00:00Z,1,NA,temperature,sunp
2023-03-04T00:00:00Z,2,NA,temperature,sunp
2023-03-04T00:00:00Z,3,NA,temperature,sunp
2023-03-04T00:00:00Z,4,NA,temperature,sunp
2023-03-04T00:00:00Z,5,NA,temperature,sunp
2023-03-04T00:00:00Z,6,NA,temperature,sunp
2023-03-04T00:00:00Z,7,NA,temperature,sunp
2023-03-04T00:00:00Z,8,NA,temperature,sunp
2023-03-04T00:00:00Z,9,NA,temperature,sunp
2023-03-04T00:00:00Z,10,NA,temperature,sunp
2023-03-05T00:00:00Z,1,NA,temperature,sunp
2023-03-05T00:00:00Z,2,NA,temperature,sunp
2023-03-05T00:00:00Z,3,NA,temperature,sunp
2023-03-05T00:00:00Z,4,NA,temperature,sunp
2023-03-05T00:00:00Z,5,NA,temperature,sunp
2023-03-05T00:00:00Z,6,NA,temperature,sunp
2023-03-05T00:00:00Z,7,NA,temperature,sunp
2023-03-05T00:00:00Z,8,NA,temperature,sunp
2023-03-05T00:00:00Z,9,NA,temperature,sunp
2023-03-05T00:00:00Z,10,NA,temperature,sunp
2023-03-06T00:00:00Z,1,NA,temperature,sunp
2023-03-06T00:00:00Z,2,NA,temperature,sunp
2023-03-06T00:00:00Z,3,NA,temperature,sunp
2023-03-06T00:00:00Z,4,NA,temperature,sunp
2023-03-06T00:00:00Z,5,NA,temperature,sunp
2023-03-06T00:00:00Z,6,NA,temperature,sunp
2023-03-06T00:00:00Z,7,NA,temperature,sunp
2023-03-06T00:00:00Z,8,NA,temperature,sunp
2023-03-06T00:00:00Z,9,NA,temperature,sunp
2023-03-06T00:00:00Z,10,NA,temperature,sunp
2023-03-07T00:00:00Z,1,NA,temperature,sunp
2023-03-07T00:00:00Z,2,NA,temperature,sunp
2023-03-07T00:00:00Z,3,NA,temperature,sunp
2023-03-07T00:00:00Z,4,NA,temperature,sunp
2023-03-07T00:00:00Z,5,NA,temperature,sunp
2023-03-07T00:00:00Z,6,NA,temperature,sunp
2023-03-07T00:00:00Z,7,NA,temperature,sunp
2023-03-07T00:00:00Z,8,NA,temperature,sunp
2023-03-07T00:00:00Z,9,NA,temperature,sunp
2023-03-07T00:00:00Z,10,NA,temperature,sunp
2023-03-08T00:00:00Z,1,NA,temperature,sunp
2023-03-08T00:00:00Z,2,NA,temperature,sunp
2023-03-08T00:00:00Z,3,NA,temperature,sunp
2023-03-08T00:00:00Z,4,NA,temperature,sunp
2023-03-08T00:00:00Z,5,NA,temperature,sunp
2023-03-08T00:00:00Z,6,NA,temperature,sunp
2023-03-08T00:00:00Z,7,NA,temperature,sunp
2023-03-08T00:00:00Z,8,NA,temperature,sunp
2023-03-08T00:00:00Z,9,NA,temperature,sunp
2023-03-08T00:00:00Z,10,NA,temperature,sunp
2023-03-09T00:00:00Z,1,NA,temperature,sunp
2023-03-09T00:00:00Z,2,NA,temperature,sunp
2023-03-09T00:00:00Z,3,NA,temperature,sunp
2023-03-09T00:00:00Z,4,NA,temperature,sunp
2023-03-09T00:00:00Z,5,NA,temperature,sunp
2023-03-09T00:00:00Z,6,NA,temperature,sunp
2023-03-09T00:00:00Z,7,NA,temperature,sunp
2023-03-09T00:00:00Z,8,NA,temperature,sunp
2023-03-09T00:00:00Z,9,NA,temperature,sunp
2023-03-09T00:00:00Z,10,NA,temperature,sunp
2023-03-10T00:00:00Z,1,NA,temperature,sunp
2023-03-10T00:00:00Z,2,NA,temperature,sunp
2023-03-10T00:00:00Z,3,NA,temperature,sunp
2023-03-10T00:00:00Z,4,NA,temperature,sunp
2023-03-10T00:00:00Z,5,NA,temperature,sunp
2023-03-10T00:00:00Z,6,NA,temperature,sunp
2023-03-10T00:00:00Z,7,NA,temperature,sunp
2023-03-10T00:00:00Z,8,NA,temperature,sunp
2023-03-10T00:00:00Z,9,NA,temperature,sunp
2023-03-10T00:00:00Z,10,NA,temperature,sunp
2023-03-11T00:00:00Z,1,NA,temperature,sunp
2023-03-11T00:00:00Z,2,NA,temperature,sunp
2023-03-11T00:00:00Z,3,NA,temperature,sunp
2023-03-11T00:00:00Z,4,NA,temperature,sunp
2023-03-11T00:00:00Z,5,NA,temperature,sunp
2023-03-11T00:00:00Z,6,NA,temperature,sunp
2023-03-11T00:00:00Z,7,NA,temperature,sunp
2023-03-11T00:00:00Z,8,NA,temperature,sunp
2023-03-11T00:00:00Z,9,NA,temperature,sunp
2023-03-11T00:00:00Z,10,NA,temperature,sunp
2023-03-12T00:00:00Z,1,NA,temperature,sunp
2023-03-12T00:00:00Z,2,NA,temperature,sunp
2023-03-12T00:00:00Z,3,NA,temperature,sunp
2023-03-12T00:00:00Z,4,NA,temperature,sunp
2023-03-12T00:00:00Z,5,NA,temperature,sunp
2023-03-12T00:00:00Z,6,NA,temperature,sunp
2023-03-12T00:00:00Z,7,NA,temperature,sunp
2023-03-12T00:00:00Z,8,NA,temperature,sunp
2023-03-12T00:00:00Z,9,NA,temperature,sunp
2023-03-12T00:00:00Z,10,NA,temperature,sunp
2023-03-13T00:00:00Z,1,NA,temperature,sunp
2023-03-13T00:00:00Z,2,NA,temperature,sunp
2023-03-13T00:00:00Z,3,NA,temperature,sunp
2023-03-13T00:00:00Z,4,NA,temperature,sunp
2023-03-13T00:00:00Z,5,NA,temperature,sunp
2023-03-13T00:00:00Z,6,NA,temperature,sunp
2023-03-13T00:00:00Z,7,NA,temperature,sunp
2023-03-13T00:00:00Z,8,NA,temperature,sunp
2023-03-13T00:00:00Z,9,NA,temperature,sunp
2023-03-13T00:00:00Z,10,NA,temperature,sunp
2023-03-14T00:00:00Z,1,NA,temperature,sunp
2023-03-14T00:00:00Z,2,NA,temperature,sunp
2023-03-14T00:00:00Z,3,NA,temperature,sunp
2023-03-14T00:00:00Z,4,NA,temperature,sunp
2023-03-14T00:00:00Z,5,NA,temperature,sunp
2023-03-14T00:00:00Z,6,NA,temperature,sunp
2023-03-14T00:00:00Z,7,NA,temperature,sunp
2023-03-14T00:00:00Z,8,NA,temperature,sunp
2023-03-14T00:00:00Z,9,NA,temperature,sunp
2023-03-14T00:00:00Z,10,NA,temperature,sunp
2023-03-15T00:00:00Z,1,NA,temperature,sunp
2023-03-15T00:00:00Z,2,NA,temperature,sunp
2023-03-15T00:00:00Z,3,NA,temperature,sunp
2023-03-15T00:00:00Z,4,NA,temperature,sunp
2023-03-15T00:00:00Z,5,NA,temperature,sunp
2023-03-15T00:00:00Z,6,NA,temperature,sunp
2023-03-15T00:00:00Z,7,NA,temperature,sunp
2023-03-15T00:00:00Z,8,NA,temperature,sunp
2023-03-15T00:00:00Z,9,NA,temperature,sunp
2023-03-15T00:00:00Z,10,NA,temperature,sunp
2023-03-16T00:00:00Z,1,NA,temperature,sunp
2023-03-16T00:00:00Z,2,NA,temperature,sunp
2023-03-16T00:00:00Z,3,NA,temperature,sunp
2023-03-16T00:00:00Z,4,NA,temperature,sunp
2023-03-16T00:00:00Z,5,NA,temperature,sunp
2023-03-16T00:00:00Z,6,NA,temperature,sunp
2023-03-16T00:00:00Z,7,NA,temperature,sunp
2023-03-16T00:00:00Z,8,NA,temperature,sunp
2023-03-16T00:00:00Z,9,NA,temperature,sunp
2023-03-16T00:00:00Z,10,NA,temperature,sunp
2023-03-17T00:00:00Z,1,NA,temperature,sunp
2023-03-17T00:00:00Z,2,NA,temperature,sunp
2023-03-17T00:00:00Z,3,NA,temperature,sunp
2023-03-17T00:00:00Z,4,NA,temperature,sunp
2023-03-17T00:00:00Z,5,NA,temperature,sunp
2023-03-17T00:00:00Z,6,NA,temperature,sunp
2023-03-17T00:00:00Z,7,NA,temperature,sunp
2023-03-17T00:00:00Z,8,NA,temperature,sunp
2023-03-17T00:00:00Z,9,NA,temperature,sunp
2023-03-17T00:00:00Z,10,NA,temperature,sunp
2023-03-18T00:00:00Z,1,NA,temperature,sunp
2023-03-18T00:00:00Z,2,NA,temperature,sunp
2023-03-18T00:00:00Z,3,NA,temperature,sunp
2023-03-18T00:00:00Z,4,NA,temperature,sunp
2023-03-18T00:00:00Z,5,NA,temperature,sunp
2023-03-18T00:00:00Z,6,NA,temperature,sunp
2023-03-18T00:00:00Z,7,NA,temperature,sunp
2023-03-18T00:00:00Z,8,NA,temperature,sunp
2023-03-18T00:00:00Z,9,NA,temperature,sunp
2023-03-18T00:00:00Z,10,NA,temperature,sunp
2023-03-19T00:00:00Z,1,NA,temperature,sunp
2023-03-19T00:00:00Z,2,NA,temperature,sunp
2023-03-19T00:00:00Z,3,NA,temperature,sunp
2023-03-19T00:00:00Z,4,NA,temperature,sunp
2023-03-19T00:00:00Z,5,NA,temperature,sunp
2023-03-19T00:00:00Z,6,NA,temperature,sunp
2023-03-19T00:00:00Z,7,NA,temperature,sunp
2023-03-19T00:00:00Z,8,NA,temperature,sunp
2023-03-19T00:00:00Z,9,NA,temperature,sunp
2023-03-19T00:00:00Z,10,NA,temperature,sunp
2023-03-20T00:00:00Z,1,NA,temperature,sunp
2023-03-20T00:00:00Z,2,NA,temperature,sunp
2023-03-20T00:00:00Z,3,NA,temperature,sunp
2023-03-20T00:00:00Z,4,NA,temperature,sunp
2023-03-20T00:00:00Z,5,NA,temperature,sunp
2023-03-20T00:00:00Z,6,NA,temperature,sunp
2023-03-20T00:00:00Z,7,NA,temperature,sunp
2023-03-20T00:00:00Z,8,NA,temperature,sunp
2023-03-20T00:00:00Z,9,NA,temperature,sunp
2023-03-20T00:00:00Z,10,NA,temperature,sunp
2023-03-21T00:00:00Z,1,NA,temperature,sunp
2023-03-21T00:00:00Z,2,NA,temperature,sunp
2023-03-21T00:00:00Z,3,NA,temperature,sunp
2023-03-21T00:00:00Z,4,NA,temperature,sunp
2023-03-21T00:00:00Z,5,NA,temperature,sunp
2023-03-21T00:00:00Z,6,NA,temperature,sunp
2023-03-21T00:00:00Z,7,NA,temperature,sunp
2023-03-21T00:00:00Z,8,NA,temperature,sunp
2023-03-21T00:00:00Z,9,NA,temperature,sunp
2023-03-21T00:00:00Z,10,NA,temperature,sunp
2023-03-22T00:00:00Z,1,NA,temperature,sunp
2023-03-22T00:00:00Z,2,NA,temperature,sunp
2023-03-22T00:00:00Z,3,NA,temperature,sunp
2023-03-22T00:00:00Z,4,NA,temperature,sunp
2023-03-22T00:00:00Z,5,NA,temperature,sunp
2023-03-22T00:00:00Z,6,NA,temperature,sunp
2023-03-22T00:00:00Z,7,NA,temperature,sunp
2023-03-22T00:00:00Z,8,NA,temperature,sunp
2023-03-22T00:00:00Z,9,NA,temperature,sunp
2023-03-22T00:00:00Z,10,NA,temperature,sunp
2023-03-23T00:00:00Z,1,NA,temperature,sunp
2023-03-23T00:00:00Z,2,NA,temperature,sunp
2023-03-23T00:00:00Z,3,NA,temperature,sunp
2023-03-23T00:00:00Z,4,NA,temperature,sunp
2023-03-23T00:00:00Z,5,NA,temperature,sunp
2023-03-23T00:00:00Z,6,NA,temperature,sunp
2023-03-23T00:00:00Z,7,NA,temperature,sunp
2023-03-23T00:00:00Z,8,NA,temperature,sunp
2023-03-23T00:00:00Z,9,NA,temperature,sunp
2023-03-23T00:00:00Z,10,NA,temperature,sunp
2023-03-24T00:00:00Z,1,NA,temperature,sunp
2023-03-24T00:00:00Z,2,NA,temperature,sunp
2023-03-24T00:00:00Z,3,NA,temperature,sunp
2023-03-24T00:00:00Z,4,NA,temperature,sunp
2023-03-24T00:00:00Z,5,NA,temperature,sunp
2023-03-24T00:00:00Z,6,NA,temperature,sunp
2023-03-24T00:00:00Z,7,NA,temperature,sunp
2023-03-24T00:00:00Z,8,NA,temperature,sunp
2023-03-24T00:00:00Z,9,NA,temperature,sunp
2023-03-24T00:00:00Z,10,NA,temperature,sunp
2023-03-25T00:00:00Z,1,NA,temperature,sunp
2023-03-25T00:00:00Z,2,NA,temperature,sunp
2023-03-25T00:00:00Z,3,NA,temperature,sunp
2023-03-25T00:00:00Z,4,NA,temperature,sunp
2023-03-25T00:00:00Z,5,NA,temperature,sunp
2023-03-25T00:00:00Z,6,NA,temperature,sunp
2023-03-25T00:00:00Z,7,NA,temperature,sunp
2023-03-25T00:00:00Z,8,NA,temperature,sunp
2023-03-25T00:00:00Z,9,NA,temperature,sunp
2023-03-25T00:00:00Z,10,NA,temperature,sunp
2023-03-26T00:00:00Z,1,NA,temperature,sunp
2023-03-26T00:00:00Z,2,NA,temperature,sunp
2023-03-26T00:00:00Z,3,NA,temperature,sunp
2023-03-26T00:00:00Z,4,NA,temperature,sunp
2023-03-26T00:00:00Z,5,NA,temperature,sunp
2023-03-26T00:00:00Z,6,NA,temperature,sunp
2023-03-26T00:00:00Z,7,NA,temperature,sunp
2023-03-26T00:00:00Z,8,NA,temperature,sunp
2023-03-26T00:00:00Z,9,NA,temperature,sunp
2023-03-26T00:00:00Z,10,NA,temperature,sunp
2023-03-27T00:00:00Z,1,NA,temperature,sunp
2023-03-27T00:00:00Z,2,NA,temperature,sunp
2023-03-27T00:00:00Z,3,NA,temperature,sunp
2023-03-27T00:00:00Z,4,NA,temperature,sunp
2023-03-27T00:00:00Z,5,NA,temperature,sunp
2023-03-27T00:00:00Z,6,NA,temperature,sunp
2023-03-27T00:00:00Z,7,NA,temperature,sunp
2023-03-27T00:00:00Z,8,NA,temperature,sunp
2023-03-27T00:00:00Z,9,NA,temperature,sunp
2023-03-27T00:00:00Z,10,NA,temperature,sunp
2023-03-28T00:00:00Z,1,NA,temperature,sunp
2023-03-28T00:00:00Z,2,NA,temperature,sunp
2023-03-28T00:00:00Z,3,NA,temperature,sunp
2023-03-28T00:00:00Z,4,NA,temperature,sunp
2023-03-28T00:00:00Z,5,NA,temperature,sunp
2023-03-28T00:00:00Z,6,NA,temperature,sunp
2023-03-28T00:00:00Z,7,NA,temperature,sunp
2023-03-28T00:00:00Z,8,NA,temperature,sunp
2023-03-28T00:00:00Z,9,NA,temperature,sunp
2023-03-28T00:00:00Z,10,NA,temperature,sunp
2023-03-29T00:00:00Z,1,NA,temperature,sunp
2023-03-29T00:00:00Z,2,NA,temperature,sunp
2023-03-29T00:00:00Z,3,NA,temperature,sunp
2023-03-29T00:00:00Z,4,NA,temperature,sunp
2023-03-29T00:00:00Z,5,NA,temperature,sunp
2023-03-29T00:00:00Z,6,NA,temperature,sunp
2023-03-29T00:00:00Z,7,NA,temperature,sunp
2023-03-29T00:00:00Z,8,NA,temperature,sunp
2023-03-29T00:00:00Z,9,NA,temperature,sunp
2023-03-29T00:00:00Z,10,NA,temperature,sunp
2023-03-30T00:00:00Z,1,NA,temperature,sunp
2023-03-30T00:00:00Z,2,NA,temperature,sunp
2023-03-30T00:00:00Z,3,NA,temperature,sunp
2023-03-30T00:00:00Z,4,NA,temperature,sunp
2023-03-30T00:00:00Z,5,NA,temperature,sunp
2023-03-30T00:00:00Z,6,NA,temperature,sunp
2023-03-30T00:00:00Z,7,NA,temperature,sunp
2023-03-30T00:00:00Z,8,NA,temperature,sunp
2023-03-30T00:00:00Z,9,NA,temperature,sunp
2023-03-30T00:00:00Z,10,NA,temperature,sunp
2023-03-31T00:00:00Z,1,NA,temperature,sunp
2023-03-31T00:00:00Z,2,NA,temperature,sunp
2023-03-31T00:00:00Z,3,NA,temperature,sunp
2023-03-31T00:00:00Z,4,NA,temperature,sunp
2023-03-31T00:00:00Z,5,NA,temperature,sunp
2023-03-31T00:00:00Z,6,NA,temperature,sunp
2023-03-31T00:00:00Z,7,NA,temperature,sunp
2023-03-31T00:00:00Z,8,NA,temperature,sunp
2023-03-31T00:00:00Z,9,NA,temperature,sunp
2023-03-31T00:00:00Z,10,NA,temperature,sunp
2023-04-01T00:00:00Z,1,NA,temperature,sunp
2023-04-01T00:00:00Z,2,NA,temperature,sunp
2023-04-01T00:00:00Z,3,NA,temperature,sunp
2023-04-01T00:00:00Z,4,NA,temperature,sunp
2023-04-01T00:00:00Z,5,NA,temperature,sunp
2023-04-01T00:00:00Z,6,NA,temperature,sunp
2023-04-01T00:00:00Z,7,NA,temperature,sunp
2023-04-01T00:00:00Z,8,NA,temperature,sunp
2023-04-01T00:00:00Z,9,NA,temperature,sunp
2023-04-01T00:00:00Z,10,NA,temperature,sunp
2023-04-02T00:00:00Z,1,NA,temperature,sunp
2023-04-02T00:00:00Z,2,NA,temperature,sunp
2023-04-02T00:00:00Z,3,NA,temperature,sunp
2023-04-02T00:00:00Z,4,NA,temperature,sunp
2023-04-02T00:00:00Z,5,NA,temperature,sunp
2023-04-02T00:00:00Z,6,NA,temperature,sunp
2023-04-02T00:00:00Z,7,NA,temperature,sunp
2023-04-02T00:00:00Z,8,NA,temperature,sunp
2023-04-02T00:00:00Z,9,NA,temperature,sunp
2023-04-02T00:00:00Z,10,NA,temperature,sunp
2023-04-03T00:00:00Z,1,NA,temperature,sunp
2023-04-03T00:00:00Z,2,NA,temperature,sunp
2023-04-03T00:00:00Z,3,NA,temperature,sunp
2023-04-03T00:00:00Z,4,NA,temperature,sunp
2023-04-03T00:00:00Z,5,NA,temperature,sunp
2023-04-03T00:00:00Z,6,NA,temperature,sunp
2023-04-03T00:00:00Z,7,NA,temperature,sunp
2023-04-03T00:00:00Z,8,NA,temperature,sunp
2023-04-03T00:00:00Z,9,NA,temperature,sunp
2023-04-03T00:00:00Z,10,NA,temperature,sunp
2023-04-04T00:00:00Z,1,NA,temperature,sunp
2023-04-04T00:00:00Z,2,NA,temperature,sunp
2023-04-04T00:00:00Z,3,NA,temperature,sunp
2023-04-04T00:00:00Z,4,NA,temperature,sunp
2023-04-04T00:00:00Z,5,NA,temperature,sunp
2023-04-04T00:00:00Z,6,NA,temperature,sunp
2023-04-04T00:00:00Z,7,NA,temperature,sunp
2023-04-04T00:00:00Z,8,NA,temperature,sunp
2023-04-04T00:00:00Z,9,NA,temperature,sunp
2023-04-04T00:00:00Z,10,NA,temperature,sunp
2023-04-05T00:00:00Z,1,NA,temperature,sunp
2023-04-05T00:00:00Z,2,NA,temperature,sunp
2023-04-05T00:00:00Z,3,NA,temperature,sunp
2023-04-05T00:00:00Z,4,NA,temperature,sunp
2023-04-05T00:00:00Z,5,NA,temperature,sunp
2023-04-05T00:00:00Z,6,NA,temperature,sunp
2023-04-05T00:00:00Z,7,NA,temperature,sunp
2023-04-05T00:00:00Z,8,NA,temperature,sunp
2023-04-05T00:00:00Z,9,NA,temperature,sunp
2023-04-05T00:00:00Z,10,NA,temperature,sunp
2023-04-06T00:00:00Z,1,NA,temperature,sunp
2023-04-06T00:00:00Z,2,NA,temperature,sunp
2023-04-06T00:00:00Z,3,NA,temperature,sunp
2023-04-06T00:00:00Z,4,NA,temperature,sunp
2023-04-06T00:00:00Z,5,NA,temperature,sunp
2023-04-06T00:00:00Z,6,NA,temperature,sunp
2023-04-06T00:00:00Z,7,NA,temperature,sunp
2023-04-06T00:00:00Z,8,NA,temperature,sunp
2023-04-06T00:00:00Z,9,NA,temperature,sunp
2023-04-06T00:00:00Z,10,NA,temperature,sunp
2023-04-07T00:00:00Z,1,NA,temperature,sunp
2023-04-07T00:00:00Z,2,NA,temperature,sunp
2023-04-07T00:00:00Z,3,NA,temperature,sunp
2023-04-07T00:00:00Z,4,NA,temperature,sunp
2023-04-07T00:00:00Z,5,NA,temperature,sunp
2023-04-07T00:00:00Z,6,NA,temperature,sunp
2023-04-07T00:00:00Z,7,NA,temperature,sunp
2023-04-07T00:00:00Z,8,NA,temperature,sunp
2023-04-07T00:00:00Z,9,NA,temperature,sunp
2023-04-07T00:00:00Z,10,NA,temperature,sunp
2023-04-08T00:00:00Z,1,NA,temperature,sunp
2023-04-08T00:00:00Z,2,NA,temperature,sunp
2023-04-08T00:00:00Z,3,NA,temperature,sunp
2023-04-08T00:00:00Z,4,NA,temperature,sunp
2023-04-08T00:00:00Z,5,NA,temperature,sunp
2023-04-08T00:00:00Z,6,NA,temperature,sunp
2023-04-08T00:00:00Z,7,NA,temperature,sunp
2023-04-08T00:00:00Z,8,NA,temperature,sunp
2023-04-08T00:00:00Z,9,NA,temperature,sunp
2023-04-08T00:00:00Z,10,NA,temperature,sunp
2023-04-09T00:00:00Z,1,NA,temperature,sunp
2023-04-09T00:00:00Z,2,NA,temperature,sunp
2023-04-09T00:00:00Z,3,NA,temperature,sunp
2023-04-09T00:00:00Z,4,NA,temperature,sunp
2023-04-09T00:00:00Z,5,NA,temperature,sunp
2023-04-09T00:00:00Z,6,NA,temperature,sunp
2023-04-09T00:00:00Z,7,NA,temperature,sunp
2023-04-09T00:00:00Z,8,NA,temperature,sunp
2023-04-09T00:00:00Z,9,NA,temperature,sunp
2023-04-09T00:00:00Z,10,NA,temperature,sunp
2023-04-10T00:00:00Z,1,NA,temperature,sunp
2023-04-10T00:00:00Z,2,NA,temperature,sunp
2023-04-10T00:00:00Z,3,NA,temperature,sunp
2023-04-10T00:00:00Z,4,NA,temperature,sunp
2023-04-10T00:00:00Z,5,NA,temperature,sunp
2023-04-10T00:00:00Z,6,NA,temperature,sunp
2023-04-10T00:00:00Z,7,NA,temperature,sunp
2023-04-10T00:00:00Z,8,NA,temperature,sunp
2023-04-10T00:00:00Z,9,NA,temperature,sunp
2023-04-10T00:00:00Z,10,NA,temperature,sunp
2023-04-11T00:00:00Z,1,NA,temperature,sunp
2023-04-11T00:00:00Z,2,NA,temperature,sunp
2023-04-11T00:00:00Z,3,NA,temperature,sunp
2023-04-11T00:00:00Z,4,NA,temperature,sunp
2023-04-11T00:00:00Z,5,NA,temperature,sunp
2023-04-11T00:00:00Z,6,NA,temperature,sunp
2023-04-11T00:00:00Z,7,NA,temperature,sunp
2023-04-11T00:00:00Z,8,NA,temperature,sunp
2023-04-11T00:00:00Z,9,NA,temperature,sunp
2023-04-11T00:00:00Z,10,NA,temperature,sunp
2023-04-12T00:00:00Z,1,NA,temperature,sunp
2023-04-12T00:00:00Z,2,NA,temperature,sunp
2023-04-12T00:00:00Z,3,NA,temperature,sunp
2023-04-12T00:00:00Z,4,NA,temperature,sunp
2023-04-12T00:00:00Z,5,NA,temperature,sunp
2023-04-12T00:00:00Z,6,NA,temperature,sunp
2023-04-12T00:00:00Z,7,NA,temperature,sunp
2023-04-12T00:00:00Z,8,NA,temperature,sunp
2023-04-12T00:00:00Z,9,NA,temperature,sunp
2023-04-12T00:00:00Z,10,NA,temperature,sunp
2023-04-13T00:00:00Z,1,NA,temperature,sunp
2023-04-13T00:00:00Z,2,NA,temperature,sunp
2023-04-13T00:00:00Z,3,NA,temperature,sunp
2023-04-13T00:00:00Z,4,NA,temperature,sunp
2023-04-13T00:00:00Z,5,NA,temperature,sunp
2023-04-13T00:00:00Z,6,NA,temperature,sunp
2023-04-13T00:00:00Z,7,NA,temperature,sunp
2023-04-13T00:00:00Z,8,NA,temperature,sunp
2023-04-13T00:00:00Z,9,NA,temperature,sunp
2023-04-13T00:00:00Z,10,NA,temperature,sunp
2023-04-14T00:00:00Z,1,NA,temperature,sunp
2023-04-14T00:00:00Z,2,NA,temperature,sunp
2023-04-14T00:00:00Z,3,NA,temperature,sunp
2023-04-14T00:00:00Z,4,NA,temperature,sunp
2023-04-14T00:00:00Z,5,NA,temperature,sunp
2023-04-14T00:00:00Z,6,NA,temperature,sunp
2023-04-14T00:00:00Z,7,NA,temperature,sunp
2023-04-14T00:00:00Z,8,NA,temperature,sunp
2023-04-14T00:00:00Z,9,NA,temperature,sunp
2023-04-14T00:00:00Z,10,NA,temperature,sunp
2023-04-15T00:00:00Z,1,NA,temperature,sunp
2023-04-15T00:00:00Z,2,NA,temperature,sunp
2023-04-15T00:00:00Z,3,NA,temperature,sunp
2023-04-15T00:00:00Z,4,NA,temperature,sunp
2023-04-15T00:00:00Z,5,NA,temperature,sunp
2023-04-15T00:00:00Z,6,NA,temperature,sunp
2023-04-15T00:00:00Z,7,NA,temperature,sunp
2023-04-15T00:00:00Z,8,NA,temperature,sunp
2023-04-15T00:00:00Z,9,NA,temperature,sunp
2023-04-15T00:00:00Z,10,NA,temperature,sunp
2023-04-16T00:00:00Z,1,NA,temperature,sunp
2023-04-16T00:00:00Z,2,NA,temperature,sunp
2023-04-16T00:00:00Z,3,NA,temperature,sunp
2023-04-16T00:00:00Z,4,NA,temperature,sunp
2023-04-16T00:00:00Z,5,NA,temperature,sunp
2023-04-16T00:00:00Z,6,NA,temperature,sunp
2023-04-16T00:00:00Z,7,NA,temperature,sunp
2023-04-16T00:00:00Z,8,NA,temperature,sunp
2023-04-16T00:00:00Z,9,NA,temperature,sunp
2023-04-16T00:00:00Z,10,NA,temperature,sunp
2023-04-17T00:00:00Z,1,NA,temperature,sunp
2023-04-17T00:00:00Z,2,NA,temperature,sunp
2023-04-17T00:00:00Z,3,NA,temperature,sunp
2023-04-17T00:00:00Z,4,NA,temperature,sunp
2023-04-17T00:00:00Z,5,NA,temperature,sunp
2023-04-17T00:00:00Z,6,NA,temperature,sunp
2023-04-17T00:00:00Z,7,NA,temperature,sunp
2023-04-17T00:00:00Z,8,NA,temperature,sunp
2023-04-17T00:00:00Z,9,NA,temperature,sunp
2023-04-17T00:00:00Z,10,NA,temperature,sunp
2023-04-18T00:00:00Z,1,NA,temperature,sunp
2023-04-18T00:00:00Z,2,NA,temperature,sunp
2023-04-18T00:00:00Z,3,NA,temperature,sunp
2023-04-18T00:00:00Z,4,NA,temperature,sunp
2023-04-18T00:00:00Z,5,NA,temperature,sunp
2023-04-18T00:00:00Z,6,NA,temperature,sunp
2023-04-18T00:00:00Z,7,NA,temperature,sunp
2023-04-18T00:00:00Z,8,NA,temperature,sunp
2023-04-18T00:00:00Z,9,NA,temperature,sunp
2023-04-18T00:00:00Z,10,NA,temperature,sunp
2023-04-19T00:00:00Z,1,NA,temperature,sunp
2023-04-19T00:00:00Z,2,NA,temperature,sunp
2023-04-19T00:00:00Z,3,NA,temperature,sunp
2023-04-19T00:00:00Z,4,NA,temperature,sunp
2023-04-19T00:00:00Z,5,NA,temperature,sunp
2023-04-19T00:00:00Z,6,NA,temperature,sunp
2023-04-19T00:00:00Z,7,NA,temperature,sunp
2023-04-19T00:00:00Z,8,NA,temperature,sunp
2023-04-19T00:00:00Z,9,NA,temperature,sunp
2023-04-19T00:00:00Z,10,NA,temperature,sunp
2023-04-20T00:00:00Z,1,NA,temperature,sunp
2023-04-20T00:00:00Z,2,NA,temperature,sunp
2023-04-20T00:00:00Z,3,NA,temperature,sunp
2023-04-20T00:00:00Z,4,NA,temperature,sunp
2023-04-20T00:00:00Z,5,NA,temperature,sunp
2023-04-20T00:00:00Z,6,NA,temperature,sunp
2023-04-20T00:00:00Z,7,NA,temperature,sunp
2023-04-20T00:00:00Z,8,NA,temperature,sunp
2023-04-20T00:00:00Z,9,NA,temperature,sunp
2023-04-20T00:00:00Z,10,NA,temperature,sunp
2023-04-21T00:00:00Z,1,NA,temperature,sunp
2023-04-21T00:00:00Z,2,NA,temperature,sunp
2023-04-21T00:00:00Z,3,NA,temperature,sunp
2023-04-21T00:00:00Z,4,NA,temperature,sunp
2023-04-21T00:00:00Z,5,NA,temperature,sunp
2023-04-21T00:00:00Z,6,NA,temperature,sunp
2023-04-21T00:00:00Z,7,NA,temperature,sunp
2023-04-21T00:00:00Z,8,NA,temperature,sunp
2023-04-21T00:00:00Z,9,NA,temperature,sunp
2023-04-21T00:00:00Z,10,NA,temperature,sunp
2023-04-22T00:00:00Z,1,NA,temperature,sunp
2023-04-22T00:00:00Z,2,NA,temperature,sunp
2023-04-22T00:00:00Z,3,NA,temperature,sunp
2023-04-22T00:00:00Z,4,NA,temperature,sunp
2023-04-22T00:00:00Z,5,NA,temperature,sunp
2023-04-22T00:00:00Z,6,NA,temperature,sunp
2023-04-22T00:00:00Z,7,NA,temperature,sunp
2023-04-22T00:00:00Z,8,NA,temperature,sunp
2023-04-22T00:00:00Z,9,NA,temperature,sunp
2023-04-22T00:00:00Z,10,NA,temperature,sunp
2023-04-23T00:00:00Z,1,NA,temperature,sunp
2023-04-23T00:00:00Z,2,NA,temperature,sunp
2023-04-23T00:00:00Z,3,NA,temperature,sunp
2023-04-23T00:00:00Z,4,NA,temperature,sunp
2023-04-23T00:00:00Z,5,NA,temperature,sunp
2023-04-23T00:00:00Z,6,NA,temperature,sunp
2023-04-23T00:00:00Z,7,NA,temperature,sunp
2023-04-23T00:00:00Z,8,NA,temperature,sunp
2023-04-23T00:00:00Z,9,NA,temperature,sunp
2023-04-23T00:00:00Z,10,NA,temperature,sunp
2023-04-24T00:00:00Z,1,NA,temperature,sunp
2023-04-24T00:00:00Z,2,NA,temperature,sunp
2023-04-24T00:00:00Z,3,NA,temperature,sunp
2023-04-24T00:00:00Z,4,NA,temperature,sunp
2023-04-24T00:00:00Z,5,NA,temperature,sunp
2023-04-24T00:00:00Z,6,NA,temperature,sunp
2023-04-24T00:00:00Z,7,NA,temperature,sunp
2023-04-24T00:00:00Z,8,NA,temperature,sunp
2023-04-24T00:00:00Z,9,NA,temperature,sunp
2023-04-24T00:00:00Z,10,NA,temperature,sunp
2023-04-25T00:00:00Z,1,NA,temperature,sunp
2023-04-25T00:00:00Z,2,NA,temperature,sunp
2023-04-25T00:00:00Z,3,NA,temperature,sunp
2023-04-25T00:00:00Z,4,NA,temperature,sunp
2023-04-25T00:00:00Z,5,NA,temperature,sunp
2023-04-25T00:00:00Z,6,NA,temperature,sunp
2023-04-25T00:00:00Z,7,NA,temperature,sunp
2023-04-25T00:00:00Z,8,NA,temperature,sunp
2023-04-25T00:00:00Z,9,NA,temperature,sunp
2023-04-25T00:00:00Z,10,NA,temperature,sunp
2023-04-26T00:00:00Z,1,NA,temperature,sunp
2023-04-26T00:00:00Z,2,NA,temperature,sunp
2023-04-26T00:00:00Z,3,NA,temperature,sunp
2023-04-26T00:00:00Z,4,NA,temperature,sunp
2023-04-26T00:00:00Z,5,NA,temperature,sunp
2023-04-26T00:00:00Z,6,NA,temperature,sunp
2023-04-26T00:00:00Z,7,NA,temperature,sunp
2023-04-26T00:00:00Z,8,NA,temperature,sunp
2023-04-26T00:00:00Z,9,NA,temperature,sunp
2023-04-26T00:00:00Z,10,NA,temperature,sunp
2023-04-27T00:00:00Z,1,NA,temperature,sunp
2023-04-27T00:00:00Z,2,NA,temperature,sunp
2023-04-27T00:00:00Z,3,NA,temperature,sunp
2023-04-27T00:00:00Z,4,NA,temperature,sunp
2023-04-27T00:00:00Z,5,NA,temperature,sunp
2023-04-27T00:00:00Z,6,NA,temperature,sunp
2023-04-27T00:00:00Z,7,NA,temperature,sunp
2023-04-27T00:00:00Z,8,NA,temperature,sunp
2023-04-27T00:00:00Z,9,NA,temperature,sunp
2023-04-27T00:00:00Z,10,NA,temperature,sunp
2023-04-28T00:00:00Z,1,NA,temperature,sunp
2023-04-28T00:00:00Z,2,NA,temperature,sunp
2023-04-28T00:00:00Z,3,NA,temperature,sunp
2023-04-28T00:00:00Z,4,NA,temperature,sunp
2023-04-28T00:00:00Z,5,NA,temperature,sunp
2023-04-28T00:00:00Z,6,NA,temperature,sunp
2023-04-28T00:00:00Z,7,NA,temperature,sunp
2023-04-28T00:00:00Z,8,NA,temperature,sunp
2023-04-28T00:00:00Z,9,NA,temperature,sunp
2023-04-28T00:00:00Z,10,NA,temperature,sunp
2023-04-29T00:00:00Z,1,NA,temperature,sunp
2023-04-29T00:00:00Z,2,NA,temperature,sunp
2023-04-29T00:00:00Z,3,NA,temperature,sunp
2023-04-29T00:00:00Z,4,NA,temperature,sunp
2023-04-29T00:00:00Z,5,NA,temperature,sunp
2023-04-29T00:00:00Z,6,NA,temperature,sunp
2023-04-29T00:00:00Z,7,NA,temperature,sunp
2023-04-29T00:00:00Z,8,NA,temperature,sunp
2023-04-29T00:00:00Z,9,NA,temperature,sunp
2023-04-29T00:00:00Z,10,NA,temperature,sunp
2023-04-30T00:00:00Z,1,NA,temperature,sunp
2023-04-30T00:00:00Z,2,NA,temperature,sunp
2023-04-30T00:00:00Z,3,NA,temperature,sunp
2023-04-30T00:00:00Z,4,NA,temperature,sunp
2023-04-30T00:00:00Z,5,NA,temperature,sunp
2023-04-30T00:00:00Z,6,NA,temperature,sunp
2023-04-30T00:00:00Z,7,NA,temperature,sunp
2023-04-30T00:00:00Z,8,NA,temperature,sunp
2023-04-30T00:00:00Z,9,NA,temperature,sunp
2023-04-30T00:00:00Z,10,NA,temperature,sunp
2023-05-01T00:00:00Z,1,NA,temperature,sunp
2023-05-01T00:00:00Z,2,NA,temperature,sunp
2023-05-01T00:00:00Z,3,NA,temperature,sunp
2023-05-01T00:00:00Z,4,NA,temperature,sunp
2023-05-01T00:00:00Z,5,NA,temperature,sunp
2023-05-01T00:00:00Z,6,NA,temperature,sunp
2023-05-01T00:00:00Z,7,NA,temperature,sunp
2023-05-01T00:00:00Z,8,NA,temperature,sunp
2023-05-01T00:00:00Z,9,NA,temperature,sunp
2023-05-01T00:00:00Z,10,NA,temperature,sunp
2023-05-02T00:00:00Z,1,NA,temperature,sunp
2023-05-02T00:00:00Z,2,NA,temperature,sunp
2023-05-02T00:00:00Z,3,NA,temperature,sunp
2023-05-02T00:00:00Z,4,NA,temperature,sunp
2023-05-02T00:00:00Z,5,NA,temperature,sunp
2023-05-02T00:00:00Z,6,NA,temperature,sunp
2023-05-02T00:00:00Z,7,NA,temperature,sunp
2023-05-02T00:00:00Z,8,NA,temperature,sunp
2023-05-02T00:00:00Z,9,NA,temperature,sunp
2023-05-02T00:00:00Z,10,NA,temperature,sunp
2023-05-03T00:00:00Z,1,NA,temperature,sunp
2023-05-03T00:00:00Z,2,NA,temperature,sunp
2023-05-03T00:00:00Z,3,NA,temperature,sunp
2023-05-03T00:00:00Z,4,NA,temperature,sunp
2023-05-03T00:00:00Z,5,NA,temperature,sunp
2023-05-03T00:00:00Z,6,NA,temperature,sunp
2023-05-03T00:00:00Z,7,NA,temperature,sunp
2023-05-03T00:00:00Z,8,NA,temperature,sunp
2023-05-03T00:00:00Z,9,NA,temperature,sunp
2023-05-03T00:00:00Z,10,NA,temperature,sunp
2023-05-04T00:00:00Z,1,NA,temperature,sunp
2023-05-04T00:00:00Z,2,NA,temperature,sunp
2023-05-04T00:00:00Z,3,NA,temperature,sunp
2023-05-04T00:00:00Z,4,NA,temperature,sunp
2023-05-04T00:00:00Z,5,NA,temperature,sunp
2023-05-04T00:00:00Z,6,NA,temperature,sunp
2023-05-04T00:00:00Z,7,NA,temperature,sunp
2023-05-04T00:00:00Z,8,NA,temperature,sunp
2023-05-04T00:00:00Z,9,NA,temperature,sunp
2023-05-04T00:00:00Z,10,NA,temperature,sunp
2023-05-05T00:00:00Z,1,NA,temperature,sunp
2023-05-05T00:00:00Z,2,NA,temperature,sunp
2023-05-05T00:00:00Z,3,NA,temperature,sunp
2023-05-05T00:00:00Z,4,NA,temperature,sunp
2023-05-05T00:00:00Z,5,NA,temperature,sunp
2023-05-05T00:00:00Z,6,NA,temperature,sunp
2023-05-05T00:00:00Z,7,NA,temperature,sunp
2023-05-05T00:00:00Z,8,NA,temperature,sunp
2023-05-05T00:00:00Z,9,NA,temperature,sunp
2023-05-05T00:00:00Z,10,NA,temperature,sunp
2023-05-06T00:00:00Z,1,NA,temperature,sunp
2023-05-06T00:00:00Z,2,NA,temperature,sunp
2023-05-06T00:00:00Z,3,NA,temperature,sunp
2023-05-06T00:00:00Z,4,NA,temperature,sunp
2023-05-06T00:00:00Z,5,NA,temperature,sunp
2023-05-06T00:00:00Z,6,NA,temperature,sunp
2023-05-06T00:00:00Z,7,NA,temperature,sunp
2023-05-06T00:00:00Z,8,NA,temperature,sunp
2023-05-06T00:00:00Z,9,NA,temperature,sunp
2023-05-06T00:00:00Z,10,NA,temperature,sunp
2023-05-07T00:00:00Z,1,NA,temperature,sunp
2023-05-07T00:00:00Z,2,NA,temperature,sunp
2023-05-07T00:00:00Z,3,NA,temperature,sunp
2023-05-07T00:00:00Z,4,NA,temperature,sunp
2023-05-07T00:00:00Z,5,NA,temperature,sunp
2023-05-07T00:00:00Z,6,NA,temperature,sunp
2023-05-07T00:00:00Z,7,NA,temperature,sunp
2023-05-07T00:00:00Z,8,NA,temperature,sunp
2023-05-07T00:00:00Z,9,NA,temperature,sunp
2023-05-07T00:00:00Z,10,NA,temperature,sunp
2023-05-08T00:00:00Z,1,NA,temperature,sunp
2023-05-08T00:00:00Z,2,NA,temperature,sunp
2023-05-08T00:00:00Z,3,NA,temperature,sunp
2023-05-08T00:00:00Z,4,NA,temperature,sunp
2023-05-08T00:00:00Z,5,NA,temperature,sunp
2023-05-08T00:00:00Z,6,NA,temperature,sunp
2023-05-08T00:00:00Z,7,NA,temperature,sunp
2023-05-08T00:00:00Z,8,NA,temperature,sunp
2023-05-08T00:00:00Z,9,NA,temperature,sunp
2023-05-08T00:00:00Z,10,NA,temperature,sunp
2023-05-09T00:00:00Z,1,NA,temperature,sunp
2023-05-09T00:00:00Z,2,NA,temperature,sunp
2023-05-09T00:00:00Z,3,NA,temperature,sunp
2023-05-09T00:00:00Z,4,NA,temperature,sunp
2023-05-09T00:00:00Z,5,NA,temperature,sunp
2023-05-09T00:00:00Z,6,NA,temperature,sunp
2023-05-09T00:00:00Z,7,NA,temperature,sunp
2023-05-09T00:00:00Z,8,NA,temperature,sunp
2023-05-09T00:00:00Z,9,NA,temperature,sunp
2023-05-09T00:00:00Z,10,NA,temperature,sunp
2023-05-10T00:00:00Z,1,NA,temperature,sunp
2023-05-10T00:00:00Z,2,NA,temperature,sunp
2023-05-10T00:00:00Z,3,NA,temperature,sunp
2023-05-10T00:00:00Z,4,NA,temperature,sunp
2023-05-10T00:00:00Z,5,NA,temperature,sunp
2023-05-10T00:00:00Z,6,NA,temperature,sunp
2023-05-10T00:00:00Z,7,NA,temperature,sunp
2023-05-10T00:00:00Z,8,NA,temperature,sunp
2023-05-10T00:00:00Z,9,NA,temperature,sunp
2023-05-10T00:00:00Z,10,NA,temperature,sunp
2023-05-11T00:00:00Z,1,NA,temperature,sunp
2023-05-11T00:00:00Z,2,NA,temperature,sunp
2023-05-11T00:00:00Z,3,NA,temperature,sunp
2023-05-11T00:00:00Z,4,NA,temperature,sunp
2023-05-11T00:00:00Z,5,NA,temperature,sunp
2023-05-11T00:00:00Z,6,NA,temperature,sunp
2023-05-11T00:00:00Z,7,NA,temperature,sunp
2023-05-11T00:00:00Z,8,NA,temperature,sunp
2023-05-11T00:00:00Z,9,NA,temperature,sunp
2023-05-11T00:00:00Z,10,NA,temperature,sunp
2023-05-12T00:00:00Z,1,NA,temperature,sunp
2023-05-12T00:00:00Z,2,NA,temperature,sunp
2023-05-12T00:00:00Z,3,NA,temperature,sunp
2023-05-12T00:00:00Z,4,NA,temperature,sunp
2023-05-12T00:00:00Z,5,NA,temperature,sunp
2023-05-12T00:00:00Z,6,NA,temperature,sunp
2023-05-12T00:00:00Z,7,NA,temperature,sunp
2023-05-12T00:00:00Z,8,NA,temperature,sunp
2023-05-12T00:00:00Z,9,NA,temperature,sunp
2023-05-12T00:00:00Z,10,NA,temperature,sunp
2023-05-13T00:00:00Z,1,NA,temperature,sunp
2023-05-13T00:00:00Z,2,NA,temperature,sunp
2023-05-13T00:00:00Z,3,NA,temperature,sunp
2023-05-13T00:00:00Z,4,NA,temperature,sunp
2023-05-13T00:00:00Z,5,NA,temperature,sunp
2023-05-13T00:00:00Z,6,NA,temperature,sunp
2023-05-13T00:00:00Z,7,NA,temperature,sunp
2023-05-13T00:00:00Z,8,NA,temperature,sunp
2023-05-13T00:00:00Z,9,NA,temperature,sunp
2023-05-13T00:00:00Z,10,NA,temperature,sunp
2023-05-14T00:00:00Z,1,NA,temperature,sunp
2023-05-14T00:00:00Z,2,NA,temperature,sunp
2023-05-14T00:00:00Z,3,NA,temperature,sunp
2023-05-14T00:00:00Z,4,NA,temperature,sunp
2023-05-14T00:00:00Z,5,NA,temperature,sunp
2023-05-14T00:00:00Z,6,NA,temperature,sunp
2023-05-14T00:00:00Z,7,NA,temperature,sunp
2023-05-14T00:00:00Z,8,NA,temperature,sunp
2023-05-14T00:00:00Z,9,NA,temperature,sunp
2023-05-14T00:00:00Z,10,NA,temperature,sunp
2023-05-15T00:00:00Z,1,11.234283456790124,temperature,sunp
2023-05-15T00:00:00Z,2,11.236473580246914,temperature,sunp
2023-05-15T00:00:00Z,3,11.21886098765432,temperature,sunp
2023-05-15T00:00:00Z,4,11.166659259259259,temperature,sunp
2023-05-15T00:00:00Z,5,11.036364938271605,temperature,sunp
2023-05-15T00:00:00Z,6,10.979551358024692,temperature,sunp
2023-05-15T00:00:00Z,7,10.871205308641976,temperature,sunp
2023-05-15T00:00:00Z,8,10.62313962962963,temperature,sunp
2023-05-15T00:00:00Z,9,10.321612074074075,temperature,sunp
2023-05-15T00:00:00Z,10,9.769588481481481,temperature,sunp
2023-05-16T00:00:00Z,1,11.231421944444444,temperature,sunp
2023-05-16T00:00:00Z,2,11.236697708333333,temperature,sunp
2023-05-16T00:00:00Z,3,11.200580625,temperature,sunp
2023-05-16T00:00:00Z,4,11.120291527777777,temperature,sunp
2023-05-16T00:00:00Z,5,11.025237222222222,temperature,sunp
2023-05-16T00:00:00Z,6,10.965504444444445,temperature,sunp
2023-05-16T00:00:00Z,7,10.817831875,temperature,sunp
2023-05-16T00:00:00Z,8,10.640657208333334,temperature,sunp
2023-05-16T00:00:00Z,9,10.359201263888888,temperature,sunp
2023-05-16T00:00:00Z,10,9.810416340277778,temperature,sunp
2023-05-17T00:00:00Z,1,11.013327847222222,temperature,sunp
2023-05-17T00:00:00Z,2,11.04212326388889,temperature,sunp
2023-05-17T00:00:00Z,3,11.05034513888889,temperature,sunp
2023-05-17T00:00:00Z,4,11.027043541666666,temperature,sunp
2023-05-17T00:00:00Z,5,10.995933819444444,temperature,sunp
2023-05-17T00:00:00Z,6,11.018820694444445,temperature,sunp
2023-05-17T00:00:00Z,7,10.984000694444445,temperature,sunp
2023-05-17T00:00:00Z,8,10.940346319444444,temperature,sunp
2023-05-17T00:00:00Z,9,10.911423611111111,temperature,sunp
2023-05-17T00:00:00Z,10,10.786909625,temperature,sunp
2023-05-18T00:00:00Z,1,11.224100972222223,temperature,sunp
2023-05-18T00:00:00Z,2,11.16470625,temperature,sunp
2023-05-18T00:00:00Z,3,11.114807013888889,temperature,sunp
2023-05-18T00:00:00Z,4,11.055684375,temperature,sunp
2023-05-18T00:00:00Z,5,10.964871597222222,temperature,sunp
2023-05-18T00:00:00Z,6,10.891122569444445,temperature,sunp
2023-05-18T00:00:00Z,7,10.798902916666666,temperature,sunp
2023-05-18T00:00:00Z,8,10.71936673611111,temperature,sunp
2023-05-18T00:00:00Z,9,10.673234791666667,temperature,sunp
2023-05-18T00:00:00Z,10,10.568425833333333,temperature,sunp
2023-05-19T00:00:00Z,1,11.442616805555556,temperature,sunp
2023-05-19T00:00:00Z,2,11.450437777777777,temperature,sunp
2023-05-19T00:00:00Z,3,11.42518298611111,temperature,sunp
2023-05-19T00:00:00Z,4,11.37298451388889,temperature,sunp
2023-05-19T00:00:00Z,5,11.280702013888888,temperature,sunp
2023-05-19T00:00:00Z,6,11.245038194444444,temperature,sunp
2023-05-19T00:00:00Z,7,11.129977222222223,temperature,sunp
2023-05-19T00:00:00Z,8,11.003232013888889,temperature,sunp
2023-05-19T00:00:00Z,9,10.898312986111112,temperature,sunp
2023-05-19T00:00:00Z,10,10.659194375,temperature,sunp
2023-05-20T00:00:00Z,1,11.78115375,temperature,sunp
2023-05-20T00:00:00Z,2,11.759115833333333,temperature,sunp
2023-05-20T00:00:00Z,3,11.734614652777777,temperature,sunp
2023-05-20T00:00:00Z,4,11.660370138888888,temperature,sunp
2023-05-20T00:00:00Z,5,11.566355277777777,temperature,sunp
2023-05-20T00:00:00Z,6,11.468906875,temperature,sunp
2023-05-20T00:00:00Z,7,11.312663541666666,temperature,sunp
2023-05-20T00:00:00Z,8,11.166165625,temperature,sunp
2023-05-20T00:00:00Z,9,10.874447708333333,temperature,sunp
2023-05-20T00:00:00Z,10,10.565585347222223,temperature,sunp
2023-05-21T00:00:00Z,1,12.263488472222223,temperature,sunp
2023-05-21T00:00:00Z,2,12.24088888888889,temperature,sunp
2023-05-21T00:00:00Z,3,12.1929675,temperature,sunp
2023-05-21T00:00:00Z,4,12.117088402777778,temperature,sunp
2023-05-21T00:00:00Z,5,12.021373819444445,temperature,sunp
2023-05-21T00:00:00Z,6,11.971674583333334,temperature,sunp
2023-05-21T00:00:00Z,7,11.779714444444444,temperature,sunp
2023-05-21T00:00:00Z,8,11.498425972222222,temperature,sunp
2023-05-21T00:00:00Z,9,11.205572152777778,temperature,sunp
2023-05-21T00:00:00Z,10,10.638328263888889,temperature,sunp
2023-05-22T00:00:00Z,1,12.993473611111112,temperature,sunp
2023-05-22T00:00:00Z,2,12.840452083333334,temperature,sunp
2023-05-22T00:00:00Z,3,12.697128055555556,temperature,sunp
2023-05-22T00:00:00Z,4,12.563907777777779,temperature,sunp
2023-05-22T00:00:00Z,5,12.412391041666666,temperature,sunp
2023-05-22T00:00:00Z,6,12.232446666666666,temperature,sunp
2023-05-22T00:00:00Z,7,11.920536597222222,temperature,sunp
2023-05-22T00:00:00Z,8,11.582869236111112,temperature,sunp
2023-05-22T00:00:00Z,9,11.17608826388889,temperature,sunp
2023-05-22T00:00:00Z,10,10.865547708333333,temperature,sunp
2023-05-23T00:00:00Z,1,13.359131597222222,temperature,sunp
2023-05-23T00:00:00Z,2,13.27380375,temperature,sunp
2023-05-23T00:00:00Z,3,13.182649375,temperature,sunp
2023-05-23T00:00:00Z,4,12.972094097222222,temperature,sunp
2023-05-23T00:00:00Z,5,12.753342638888888,temperature,sunp
2023-05-23T00:00:00Z,6,12.574454722222223,temperature,sunp
2023-05-23T00:00:00Z,7,12.256110416666667,temperature,sunp
2023-05-23T00:00:00Z,8,11.835173819444444,temperature,sunp
2023-05-23T00:00:00Z,9,11.411739791666667,temperature,sunp
2023-05-23T00:00:00Z,10,10.931701666666667,temperature,sunp
2023-05-24T00:00:00Z,1,13.508542222222223,temperature,sunp
2023-05-24T00:00:00Z,2,13.378113333333333,temperature,sunp
2023-05-24T00:00:00Z,3,13.334117777777777,temperature,sunp
2023-05-24T00:00:00Z,4,13.248420208333334,temperature,sunp
2023-05-24T00:00:00Z,5,13.141899930555555,temperature,sunp
2023-05-24T00:00:00Z,6,13.07368013888889,temperature,sunp
2023-05-24T00:00:00Z,7,12.693557847222221,temperature,sunp
2023-05-24T00:00:00Z,8,12.164186875,temperature,sunp
2023-05-24T00:00:00Z,9,11.525144444444445,temperature,sunp
2023-05-24T00:00:00Z,10,10.991675486111111,temperature,sunp
2023-05-25T00:00:00Z,1,13.323691458333334,temperature,sunp
2023-05-25T00:00:00Z,2,13.351711736111112,temperature,sunp
2023-05-25T00:00:00Z,3,13.359275694444445,temperature,sunp
2023-05-25T00:00:00Z,4,13.335413263888888,temperature,sunp
2023-05-25T00:00:00Z,5,13.297277708333333,temperature,sunp
2023-05-25T00:00:00Z,6,13.304853333333334,temperature,sunp
2023-05-25T00:00:00Z,7,13.214946666666666,temperature,sunp
2023-05-25T00:00:00Z,8,13.016910138888889,temperature,sunp
2023-05-25T00:00:00Z,9,12.405649444444444,temperature,sunp
2023-05-25T00:00:00Z,10,11.319364791666667,temperature,sunp
2023-05-26T00:00:00Z,1,13.40527048611111,temperature,sunp
2023-05-26T00:00:00Z,2,13.423708402777777,temperature,sunp
2023-05-26T00:00:00Z,3,13.409921458333333,temperature,sunp
2023-05-26T00:00:00Z,4,13.351986597222222,temperature,sunp
2023-05-26T00:00:00Z,5,13.275919097222223,temperature,sunp
2023-05-26T00:00:00Z,6,13.26142076388889,temperature,sunp
2023-05-26T00:00:00Z,7,13.063775625,temperature,sunp
2023-05-26T00:00:00Z,8,12.70961611111111,temperature,sunp
2023-05-26T00:00:00Z,9,12.002994652777778,temperature,sunp
2023-05-26T00:00:00Z,10,11.310358402777778,temperature,sunp
2023-05-27T00:00:00Z,1,14.218220555555556,temperature,sunp
2023-05-27T00:00:00Z,2,13.950810416666666,temperature,sunp
2023-05-27T00:00:00Z,3,13.747873055555555,temperature,sunp
2023-05-27T00:00:00Z,4,13.559787569444444,temperature,sunp
2023-05-27T00:00:00Z,5,13.444948333333333,temperature,sunp
2023-05-27T00:00:00Z,6,13.36690236111111,temperature,sunp
2023-05-27T00:00:00Z,7,13.027119097222222,temperature,sunp
2023-05-27T00:00:00Z,8,12.198050902777778,temperature,sunp
2023-05-27T00:00:00Z,9,11.870333541666668,temperature,sunp
2023-05-27T00:00:00Z,10,11.507628888888888,temperature,sunp
2023-05-28T00:00:00Z,1,15.138963125,temperature,sunp
2023-05-28T00:00:00Z,2,14.402397222222222,temperature,sunp
2023-05-28T00:00:00Z,3,13.967270208333334,temperature,sunp
2023-05-28T00:00:00Z,4,13.779630486111111,temperature,sunp
2023-05-28T00:00:00Z,5,13.576111041666667,temperature,sunp
2023-05-28T00:00:00Z,6,13.337819930555556,temperature,sunp
2023-05-28T00:00:00Z,7,12.726285416666666,temperature,sunp
2023-05-28T00:00:00Z,8,12.165373888888888,temperature,sunp
2023-05-28T00:00:00Z,9,11.738257291666667,temperature,sunp
2023-05-28T00:00:00Z,10,11.399488680555555,temperature,sunp
2023-05-29T00:00:00Z,1,15.719223819444444,temperature,sunp
2023-05-29T00:00:00Z,2,15.426180277777778,temperature,sunp
2023-05-29T00:00:00Z,3,15.181586666666666,temperature,sunp
2023-05-29T00:00:00Z,4,14.711996041666668,temperature,sunp
2023-05-29T00:00:00Z,5,13.801271111111111,temperature,sunp
2023-05-29T00:00:00Z,6,13.32597673611111,temperature,sunp
2023-05-29T00:00:00Z,7,13.020345694444444,temperature,sunp
2023-05-29T00:00:00Z,8,12.504132708333334,temperature,sunp
2023-05-29T00:00:00Z,9,11.781074652777777,temperature,sunp
2023-05-29T00:00:00Z,10,11.380481111111111,temperature,sunp
2023-05-30T00:00:00Z,1,16.20922715277778,temperature,sunp
2023-05-30T00:00:00Z,2,16.07465513888889,temperature,sunp
2023-05-30T00:00:00Z,3,15.853868055555555,temperature,sunp
2023-05-30T00:00:00Z,4,15.47969576388889,temperature,sunp
2023-05-30T00:00:00Z,5,14.801987361111111,temperature,sunp
2023-05-30T00:00:00Z,6,13.683470416666667,temperature,sunp
2023-05-30T00:00:00Z,7,13.18857951388889,temperature,sunp
2023-05-30T00:00:00Z,8,12.396801180555556,temperature,sunp
2023-05-30T00:00:00Z,9,11.873829166666667,temperature,sunp
2023-05-30T00:00:00Z,10,11.427452013888889,temperature,sunp
2023-05-31T00:00:00Z,1,17.215678611111112,temperature,sunp
2023-05-31T00:00:00Z,2,16.724921875,temperature,sunp
2023-05-31T00:00:00Z,3,16.450204791666668,temperature,sunp
2023-05-31T00:00:00Z,4,16.103414861111112,temperature,sunp
2023-05-31T00:00:00Z,5,14.691184375,temperature,sunp
2023-05-31T00:00:00Z,6,13.744989305555556,temperature,sunp
2023-05-31T00:00:00Z,7,13.16327875,temperature,sunp
2023-05-31T00:00:00Z,8,12.561040208333333,temperature,sunp
2023-05-31T00:00:00Z,9,11.838095138888889,temperature,sunp
2023-05-31T00:00:00Z,10,11.288979305555555,temperature,sunp
2023-06-01T00:00:00Z,1,18.372256944444445,temperature,sunp
2023-06-01T00:00:00Z,2,17.552701111111112,temperature,sunp
2023-06-01T00:00:00Z,3,16.68913375,temperature,sunp
2023-06-01T00:00:00Z,4,15.835353055555556,temperature,sunp
2023-06-01T00:00:00Z,5,14.207156527777778,temperature,sunp
2023-06-01T00:00:00Z,6,13.612876041666667,temperature,sunp
2023-06-01T00:00:00Z,7,13.235564861111111,temperature,sunp
2023-06-01T00:00:00Z,8,12.655570347222222,temperature,sunp
2023-06-01T00:00:00Z,9,11.912228541666666,temperature,sunp
2023-06-01T00:00:00Z,10,11.276472569444444,temperature,sunp
2023-06-02T00:00:00Z,1,19.593577361111112,temperature,sunp
2023-06-02T00:00:00Z,2,18.82031111111111,temperature,sunp
2023-06-02T00:00:00Z,3,17.736702986111112,temperature,sunp
2023-06-02T00:00:00Z,4,16.318890486111112,temperature,sunp
2023-06-02T00:00:00Z,5,14.628129722222223,temperature,sunp
2023-06-02T00:00:00Z,6,13.800773611111111,temperature,sunp
2023-06-02T00:00:00Z,7,13.381928125,temperature,sunp
2023-06-02T00:00:00Z,8,12.709857152777778,temperature,sunp
2023-06-02T00:00:00Z,9,11.962609305555555,temperature,sunp
2023-06-02T00:00:00Z,10,11.379445416666666,temperature,sunp
2023-06-03T00:00:00Z,1,19.048653402777777,temperature,sunp
2023-06-03T00:00:00Z,2,19.01037513888889,temperature,sunp
2023-06-03T00:00:00Z,3,18.553613958333333,temperature,sunp
2023-06-03T00:00:00Z,4,17.16991736111111,temperature,sunp
2023-06-03T00:00:00Z,5,14.655930416666667,temperature,sunp
2023-06-03T00:00:00Z,6,14.098773680555556,temperature,sunp
2023-06-03T00:00:00Z,7,13.419175694444444,temperature,sunp
2023-06-03T00:00:00Z,8,12.625696736111111,temperature,sunp
2023-06-03T00:00:00Z,9,12.02663125,temperature,sunp
2023-06-03T00:00:00Z,10,11.566826875,temperature,sunp
2023-06-04T00:00:00Z,1,17.39217298611111,temperature,sunp
2023-06-04T00:00:00Z,2,17.37737715277778,temperature,sunp
2023-06-04T00:00:00Z,3,17.34205791666667,temperature,sunp
2023-06-04T00:00:00Z,4,16.68325534722222,temperature,sunp
2023-06-04T00:00:00Z,5,16.112104652777777,temperature,sunp
2023-06-04T00:00:00Z,6,14.976560416666667,temperature,sunp
2023-06-04T00:00:00Z,7,13.613062847222222,temperature,sunp
2023-06-04T00:00:00Z,8,12.731154444444444,temperature,sunp
2023-06-04T00:00:00Z,9,11.987396805555555,temperature,sunp
2023-06-04T00:00:00Z,10,11.472447083333334,temperature,sunp
2023-06-05T00:00:00Z,1,16.591591736111113,temperature,sunp
2023-06-05T00:00:00Z,2,16.50108277777778,temperature,sunp
2023-06-05T00:00:00Z,3,16.376621805555555,temperature,sunp
2023-06-05T00:00:00Z,4,16.248918680555555,temperature,sunp
2023-06-05T00:00:00Z,5,15.696160208333334,temperature,sunp
2023-06-05T00:00:00Z,6,15.079271180555555,temperature,sunp
2023-06-05T00:00:00Z,7,14.569091180555555,temperature,sunp
2023-06-05T00:00:00Z,8,13.12515076388889,temperature,sunp
2023-06-05T00:00:00Z,9,12.049117222222222,temperature,sunp
2023-06-05T00:00:00Z,10,11.503054861111112,temperature,sunp
2023-06-06T00:00:00Z,1,16.097650833333333,temperature,sunp
2023-06-06T00:00:00Z,2,16.096220833333334,temperature,sunp
2023-06-06T00:00:00Z,3,16.07339125,temperature,sunp
2023-06-06T00:00:00Z,4,15.944851666666667,temperature,sunp
2023-06-06T00:00:00Z,5,15.616997777777778,temperature,sunp
2023-06-06T00:00:00Z,6,15.2231025,temperature,sunp
2023-06-06T00:00:00Z,7,14.636089791666667,temperature,sunp
2023-06-06T00:00:00Z,8,13.099523611111112,temperature,sunp
2023-06-06T00:00:00Z,9,12.035529444444444,temperature,sunp
2023-06-06T00:00:00Z,10,11.314629652777779,temperature,sunp
2023-06-07T00:00:00Z,1,15.939450972222222,temperature,sunp
2023-06-07T00:00:00Z,2,15.966723125,temperature,sunp
2023-06-07T00:00:00Z,3,15.972506319444445,temperature,sunp
2023-06-07T00:00:00Z,4,15.931349027777777,temperature,sunp
2023-06-07T00:00:00Z,5,15.714698194444445,temperature,sunp
2023-06-07T00:00:00Z,6,14.724448402777778,temperature,sunp
2023-06-07T00:00:00Z,7,13.677415694444445,temperature,sunp
2023-06-07T00:00:00Z,8,12.942479027777777,temperature,sunp
2023-06-07T00:00:00Z,9,12.136184930555556,temperature,sunp
2023-06-07T00:00:00Z,10,11.653861875,temperature,sunp
2023-06-08T00:00:00Z,1,15.819997708333334,temperature,sunp
2023-06-08T00:00:00Z,2,15.773713958333333,temperature,sunp
2023-06-08T00:00:00Z,3,15.71937638888889,temperature,sunp
2023-06-08T00:00:00Z,4,15.552416666666666,temperature,sunp
2023-06-08T00:00:00Z,5,15.30293,temperature,sunp
2023-06-08T00:00:00Z,6,14.778473194444445,temperature,sunp
2023-06-08T00:00:00Z,7,14.350725902777778,temperature,sunp
2023-06-08T00:00:00Z,8,13.246439791666667,temperature,sunp
2023-06-08T00:00:00Z,9,12.159234930555556,temperature,sunp
2023-06-08T00:00:00Z,10,11.4058575,temperature,sunp
2023-06-09T00:00:00Z,1,15.821044861111112,temperature,sunp
2023-06-09T00:00:00Z,2,15.757519166666667,temperature,sunp
2023-06-09T00:00:00Z,3,15.720216944444445,temperature,sunp
2023-06-09T00:00:00Z,4,15.56914423611111,temperature,sunp
2023-06-09T00:00:00Z,5,15.283468611111111,temperature,sunp
2023-06-09T00:00:00Z,6,15.056030069444445,temperature,sunp
2023-06-09T00:00:00Z,7,14.519491875,temperature,sunp
2023-06-09T00:00:00Z,8,13.223575625,temperature,sunp
2023-06-09T00:00:00Z,9,12.57370548611111,temperature,sunp
2023-06-09T00:00:00Z,10,11.649364513888889,temperature,sunp
2023-06-10T00:00:00Z,1,16.090672708333333,temperature,sunp
2023-06-10T00:00:00Z,2,16.08284284722222,temperature,sunp
2023-06-10T00:00:00Z,3,16.055040972222223,temperature,sunp
2023-06-10T00:00:00Z,4,15.97668375,temperature,sunp
2023-06-10T00:00:00Z,5,15.666364513888889,temperature,sunp
2023-06-10T00:00:00Z,6,15.272111458333333,temperature,sunp
2023-06-10T00:00:00Z,7,14.555943333333333,temperature,sunp
2023-06-10T00:00:00Z,8,13.590494930555556,temperature,sunp
2023-06-10T00:00:00Z,9,12.408005347222222,temperature,sunp
2023-06-10T00:00:00Z,10,11.59962611111111,temperature,sunp
2023-06-11T00:00:00Z,1,16.73258125,temperature,sunp
2023-06-11T00:00:00Z,2,16.425516180555555,temperature,sunp
2023-06-11T00:00:00Z,3,16.274425277777777,temperature,sunp
2023-06-11T00:00:00Z,4,16.113106041666665,temperature,sunp
2023-06-11T00:00:00Z,5,15.655240208333334,temperature,sunp
2023-06-11T00:00:00Z,6,15.165760833333334,temperature,sunp
2023-06-11T00:00:00Z,7,14.504105763888889,temperature,sunp
2023-06-11T00:00:00Z,8,13.570000902777778,temperature,sunp
2023-06-11T00:00:00Z,9,12.236165902777778,temperature,sunp
2023-06-11T00:00:00Z,10,11.588615763888889,temperature,sunp
2023-06-12T00:00:00Z,1,17.739137916666667,temperature,sunp
2023-06-12T00:00:00Z,2,17.294584583333332,temperature,sunp
2023-06-12T00:00:00Z,3,16.881885347222223,temperature,sunp
2023-06-12T00:00:00Z,4,16.499310277777777,temperature,sunp
2023-06-12T00:00:00Z,5,16.065362708333332,temperature,sunp
2023-06-12T00:00:00Z,6,15.433922291666667,temperature,sunp
2023-06-12T00:00:00Z,7,14.546022777777777,temperature,sunp
2023-06-12T00:00:00Z,8,13.761465694444444,temperature,sunp
2023-06-12T00:00:00Z,9,12.756119513888889,temperature,sunp
2023-06-12T00:00:00Z,10,11.759341944444445,temperature,sunp
2023-06-13T00:00:00Z,1,17.38699527777778,temperature,sunp
2023-06-13T00:00:00Z,2,17.390842847222224,temperature,sunp
2023-06-13T00:00:00Z,3,17.367857013888887,temperature,sunp
2023-06-13T00:00:00Z,4,17.329093541666666,temperature,sunp
2023-06-13T00:00:00Z,5,17.235897916666666,temperature,sunp
2023-06-13T00:00:00Z,6,16.910493194444445,temperature,sunp
2023-06-13T00:00:00Z,7,15.441442222222221,temperature,sunp
2023-06-13T00:00:00Z,8,14.036150277777777,temperature,sunp
2023-06-13T00:00:00Z,9,12.495942708333333,temperature,sunp
2023-06-13T00:00:00Z,10,11.535577986111111,temperature,sunp
2023-06-14T00:00:00Z,1,18.008679583333333,temperature,sunp
2023-06-14T00:00:00Z,2,17.821352916666665,temperature,sunp
2023-06-14T00:00:00Z,3,17.682494166666668,temperature,sunp
2023-06-14T00:00:00Z,4,17.480806875,temperature,sunp
2023-06-14T00:00:00Z,5,17.15720673611111,temperature,sunp
2023-06-14T00:00:00Z,6,16.288303194444445,temperature,sunp
2023-06-14T00:00:00Z,7,14.470535,temperature,sunp
2023-06-14T00:00:00Z,8,13.617272222222223,temperature,sunp
2023-06-14T00:00:00Z,9,12.805857847222223,temperature,sunp
2023-06-14T00:00:00Z,10,11.66664763888889,temperature,sunp
2023-06-15T00:00:00Z,1,18.41760638888889,temperature,sunp
2023-06-15T00:00:00Z,2,18.323179236111113,temperature,sunp
2023-06-15T00:00:00Z,3,18.105420694444444,temperature,sunp
2023-06-15T00:00:00Z,4,17.83203326388889,temperature,sunp
2023-06-15T00:00:00Z,5,17.405009930555554,temperature,sunp
2023-06-15T00:00:00Z,6,16.360206666666667,temperature,sunp
2023-06-15T00:00:00Z,7,14.971260138888889,temperature,sunp
2023-06-15T00:00:00Z,8,13.644855277777777,temperature,sunp
2023-06-15T00:00:00Z,9,12.89600923611111,temperature,sunp
2023-06-15T00:00:00Z,10,12.100287708333333,temperature,sunp
2023-06-16T00:00:00Z,1,18.570788194444443,temperature,sunp
2023-06-16T00:00:00Z,2,18.407990833333333,temperature,sunp
2023-06-16T00:00:00Z,3,18.302571041666667,temperature,sunp
2023-06-16T00:00:00Z,4,17.90773777777778,temperature,sunp
2023-06-16T00:00:00Z,5,16.969555694444445,temperature,sunp
2023-06-16T00:00:00Z,6,15.883599375,temperature,sunp
2023-06-16T00:00:00Z,7,14.952793402777777,temperature,sunp
2023-06-16T00:00:00Z,8,13.973684930555555,temperature,sunp
2023-06-16T00:00:00Z,9,12.920475069444445,temperature,sunp
2023-06-16T00:00:00Z,10,11.735982916666666,temperature,sunp
2023-06-17T00:00:00Z,1,18.563737430555555,temperature,sunp
2023-06-17T00:00:00Z,2,18.559175694444445,temperature,sunp
2023-06-17T00:00:00Z,3,18.464947569444444,temperature,sunp
2023-06-17T00:00:00Z,4,18.28894222222222,temperature,sunp
2023-06-17T00:00:00Z,5,17.724404027777776,temperature,sunp
2023-06-17T00:00:00Z,6,16.545329097222222,temperature,sunp
2023-06-17T00:00:00Z,7,15.307769097222222,temperature,sunp
2023-06-17T00:00:00Z,8,13.73371548611111,temperature,sunp
2023-06-17T00:00:00Z,9,12.338734652777777,temperature,sunp
2023-06-17T00:00:00Z,10,11.614500625,temperature,sunp
2023-06-18T00:00:00Z,1,18.27378486111111,temperature,sunp
2023-06-18T00:00:00Z,2,18.298091111111113,temperature,sunp
2023-06-18T00:00:00Z,3,18.299116875,temperature,sunp
2023-06-18T00:00:00Z,4,18.254286875,temperature,sunp
2023-06-18T00:00:00Z,5,17.946471944444443,temperature,sunp
2023-06-18T00:00:00Z,6,17.293718333333334,temperature,sunp
2023-06-18T00:00:00Z,7,15.196180555555555,temperature,sunp
2023-06-18T00:00:00Z,8,13.487041944444444,temperature,sunp
2023-06-18T00:00:00Z,9,12.79444673611111,temperature,sunp
2023-06-18T00:00:00Z,10,12.134349930555556,temperature,sunp
2023-06-19T00:00:00Z,1,18.432676805555555,temperature,sunp
2023-06-19T00:00:00Z,2,18.22459138888889,temperature,sunp
2023-06-19T00:00:00Z,3,18.11345173611111,temperature,sunp
2023-06-19T00:00:00Z,4,18.03729923611111,temperature,sunp
2023-06-19T00:00:00Z,5,17.74467673611111,temperature,sunp
2023-06-19T00:00:00Z,6,16.297551666666667,temperature,sunp
2023-06-19T00:00:00Z,7,14.811046527777778,temperature,sunp
2023-06-19T00:00:00Z,8,13.972961388888889,temperature,sunp
2023-06-19T00:00:00Z,9,13.203447013888889,temperature,sunp
2023-06-19T00:00:00Z,10,12.053432222222222,temperature,sunp
2023-06-20T00:00:00Z,1,18.757473194444444,temperature,sunp
2023-06-20T00:00:00Z,2,18.632584930555556,temperature,sunp
2023-06-20T00:00:00Z,3,18.533474166666668,temperature,sunp
2023-06-20T00:00:00Z,4,18.347692569444444,temperature,sunp
2023-06-20T00:00:00Z,5,17.866535416666668,temperature,sunp
2023-06-20T00:00:00Z,6,16.81833152777778,temperature,sunp
2023-06-20T00:00:00Z,7,15.721175069444444,temperature,sunp
2023-06-20T00:00:00Z,8,14.515789930555556,temperature,sunp
2023-06-20T00:00:00Z,9,13.21729125,temperature,sunp
2023-06-20T00:00:00Z,10,11.895634513888888,temperature,sunp
2023-06-21T00:00:00Z,1,19.146411458333333,temperature,sunp
2023-06-21T00:00:00Z,2,19.135418819444446,temperature,sunp
2023-06-21T00:00:00Z,3,19.08862152777778,temperature,sunp
2023-06-21T00:00:00Z,4,18.846708194444446,temperature,sunp
2023-06-21T00:00:00Z,5,18.486559097222223,temperature,sunp
2023-06-21T00:00:00Z,6,17.8599875,temperature,sunp
2023-06-21T00:00:00Z,7,15.826440277777778,temperature,sunp
2023-06-21T00:00:00Z,8,13.975726736111111,temperature,sunp
2023-06-21T00:00:00Z,9,12.932736875,temperature,sunp
2023-06-21T00:00:00Z,10,12.211382152777778,temperature,sunp
2023-06-22T00:00:00Z,1,19.761035416666665,temperature,sunp
2023-06-22T00:00:00Z,2,19.649321041666667,temperature,sunp
2023-06-22T00:00:00Z,3,19.46040888888889,temperature,sunp
2023-06-22T00:00:00Z,4,19.315057083333333,temperature,sunp
2023-06-22T00:00:00Z,5,18.94572402777778,temperature,sunp
2023-06-22T00:00:00Z,6,18.14160701388889,temperature,sunp
2023-06-22T00:00:00Z,7,15.694843541666668,temperature,sunp
2023-06-22T00:00:00Z,8,14.056167083333333,temperature,sunp
2023-06-22T00:00:00Z,9,13.083969513888889,temperature,sunp
2023-06-22T00:00:00Z,10,12.129642916666667,temperature,sunp
2023-06-23T00:00:00Z,1,20.620777222222223,temperature,sunp
2023-06-23T00:00:00Z,2,20.291250972222223,temperature,sunp
2023-06-23T00:00:00Z,3,19.930439027777776,temperature,sunp
2023-06-23T00:00:00Z,4,19.765672708333334,temperature,sunp
2023-06-23T00:00:00Z,5,19.195140555555554,temperature,sunp
2023-06-23T00:00:00Z,6,17.195852430555554,temperature,sunp
2023-06-23T00:00:00Z,7,15.617415138888889,temperature,sunp
2023-06-23T00:00:00Z,8,14.26291076388889,temperature,sunp
2023-06-23T00:00:00Z,9,13.085643958333334,temperature,sunp
2023-06-23T00:00:00Z,10,12.178141111111112,temperature,sunp
2023-06-24T00:00:00Z,1,21.113424305555554,temperature,sunp
2023-06-24T00:00:00Z,2,20.971035208333333,temperature,sunp
2023-06-24T00:00:00Z,3,20.524229583333334,temperature,sunp
2023-06-24T00:00:00Z,4,19.81195611111111,temperature,sunp
2023-06-24T00:00:00Z,5,19.14070125,temperature,sunp
2023-06-24T00:00:00Z,6,17.506984652777778,temperature,sunp
2023-06-24T00:00:00Z,7,15.849025555555556,temperature,sunp
2023-06-24T00:00:00Z,8,14.467147222222222,temperature,sunp
2023-06-24T00:00:00Z,9,13.217474722222223,temperature,sunp
2023-06-24T00:00:00Z,10,12.233134652777778,temperature,sunp
2023-06-25T00:00:00Z,1,21.805703055555554,temperature,sunp
2023-06-25T00:00:00Z,2,21.5007575,temperature,sunp
2023-06-25T00:00:00Z,3,21.227565902777776,temperature,sunp
2023-06-25T00:00:00Z,4,20.145922083333332,temperature,sunp
2023-06-25T00:00:00Z,5,18.991032847222222,temperature,sunp
2023-06-25T00:00:00Z,6,17.13536840277778,temperature,sunp
2023-06-25T00:00:00Z,7,15.625815347222222,temperature,sunp
2023-06-25T00:00:00Z,8,14.223889930555556,temperature,sunp
2023-06-25T00:00:00Z,9,12.997578125,temperature,sunp
2023-06-25T00:00:00Z,10,12.213129930555555,temperature,sunp
2023-06-26T00:00:00Z,1,22.487839930555555,temperature,sunp
2023-06-26T00:00:00Z,2,22.395104027777776,temperature,sunp
2023-06-26T00:00:00Z,3,21.767538333333334,temperature,sunp
2023-06-26T00:00:00Z,4,20.27187,temperature,sunp
2023-06-26T00:00:00Z,5,18.809864861111112,temperature,sunp
2023-06-26T00:00:00Z,6,17.34332951388889,temperature,sunp
2023-06-26T00:00:00Z,7,15.890905694444445,temperature,sunp
2023-06-26T00:00:00Z,8,14.559905486111111,temperature,sunp
2023-06-26T00:00:00Z,9,13.489353611111111,temperature,sunp
2023-06-26T00:00:00Z,10,12.265325833333334,temperature,sunp
2023-06-27T00:00:00Z,1,21.91539736111111,temperature,sunp
2023-06-27T00:00:00Z,2,21.886472291666667,temperature,sunp
2023-06-27T00:00:00Z,3,21.81401951388889,temperature,sunp
2023-06-27T00:00:00Z,4,21.54680388888889,temperature,sunp
2023-06-27T00:00:00Z,5,19.771063055555555,temperature,sunp
2023-06-27T00:00:00Z,6,18.271588263888887,temperature,sunp
2023-06-27T00:00:00Z,7,16.41054847222222,temperature,sunp
2023-06-27T00:00:00Z,8,14.605772152777778,temperature,sunp
2023-06-27T00:00:00Z,9,13.470973125,temperature,sunp
2023-06-27T00:00:00Z,10,12.381684722222221,temperature,sunp
2023-06-28T00:00:00Z,1,21.841044930555555,temperature,sunp
2023-06-28T00:00:00Z,2,21.770517986111113,temperature,sunp
2023-06-28T00:00:00Z,3,21.683859722222223,temperature,sunp
2023-06-28T00:00:00Z,4,21.600328472222223,temperature,sunp
2023-06-28T00:00:00Z,5,20.61402916666667,temperature,sunp
2023-06-28T00:00:00Z,6,18.336590972222222,temperature,sunp
2023-06-28T00:00:00Z,7,16.488327986111113,temperature,sunp
2023-06-28T00:00:00Z,8,14.723021875,temperature,sunp
2023-06-28T00:00:00Z,9,13.262739930555556,temperature,sunp
2023-06-28T00:00:00Z,10,12.208595972222222,temperature,sunp
2023-06-29T00:00:00Z,1,21.956194305555556,temperature,sunp
2023-06-29T00:00:00Z,2,21.767146597222222,temperature,sunp
2023-06-29T00:00:00Z,3,21.59203201388889,temperature,sunp
2023-06-29T00:00:00Z,4,21.087812708333335,temperature,sunp
2023-06-29T00:00:00Z,5,19.400047916666665,temperature,sunp
2023-06-29T00:00:00Z,6,17.617422986111112,temperature,sunp
2023-06-29T00:00:00Z,7,16.14629659722222,temperature,sunp
2023-06-29T00:00:00Z,8,14.881944861111112,temperature,sunp
2023-06-29T00:00:00Z,9,13.68573,temperature,sunp
2023-06-29T00:00:00Z,10,12.487701666666666,temperature,sunp
2023-06-30T00:00:00Z,1,22.172196180555556,temperature,sunp
2023-06-30T00:00:00Z,2,21.977890277777778,temperature,sunp
2023-06-30T00:00:00Z,3,21.752464444444445,temperature,sunp
2023-06-30T00:00:00Z,4,20.943071805555554,temperature,sunp
2023-06-30T00:00:00Z,5,19.48595486111111,temperature,sunp
2023-06-30T00:00:00Z,6,18.05255548611111,temperature,sunp
2023-06-30T00:00:00Z,7,16.11885236111111,temperature,sunp
2023-06-30T00:00:00Z,8,14.693960069444444,temperature,sunp
2023-06-30T00:00:00Z,9,13.634172430555555,temperature,sunp
2023-06-30T00:00:00Z,10,12.388645138888888,temperature,sunp
2023-07-01T00:00:00Z,1,22.221354722222223,temperature,sunp
2023-07-01T00:00:00Z,2,22.233014375,temperature,sunp
2023-07-01T00:00:00Z,3,22.203057083333334,temperature,sunp
2023-07-01T00:00:00Z,4,21.989001666666667,temperature,sunp
2023-07-01T00:00:00Z,5,20.173370555555557,temperature,sunp
2023-07-01T00:00:00Z,6,18.341936875000002,temperature,sunp
2023-07-01T00:00:00Z,7,16.453127291666668,temperature,sunp
2023-07-01T00:00:00Z,8,14.99154,temperature,sunp
2023-07-01T00:00:00Z,9,13.640775972222222,temperature,sunp
2023-07-01T00:00:00Z,10,12.521002430555555,temperature,sunp
2023-07-02T00:00:00Z,1,22.064706805555556,temperature,sunp
2023-07-02T00:00:00Z,2,22.091841458333334,temperature,sunp
2023-07-02T00:00:00Z,3,22.101573333333334,temperature,sunp
2023-07-02T00:00:00Z,4,22.075140833333332,temperature,sunp
2023-07-02T00:00:00Z,5,21.755871666666668,temperature,sunp
2023-07-02T00:00:00Z,6,18.416520972222223,temperature,sunp
2023-07-02T00:00:00Z,7,16.658990069444446,temperature,sunp
2023-07-02T00:00:00Z,8,15.082431388888889,temperature,sunp
2023-07-02T00:00:00Z,9,13.383581180555556,temperature,sunp
2023-07-02T00:00:00Z,10,12.312458819444444,temperature,sunp
2023-07-03T00:00:00Z,1,22.160206875,temperature,sunp
2023-07-03T00:00:00Z,2,21.9063175,temperature,sunp
2023-07-03T00:00:00Z,3,21.804280625,temperature,sunp
2023-07-03T00:00:00Z,4,21.746559375,temperature,sunp
2023-07-03T00:00:00Z,5,20.844393680555555,temperature,sunp
2023-07-03T00:00:00Z,6,17.868694027777778,temperature,sunp
2023-07-03T00:00:00Z,7,16.135415833333333,temperature,sunp
2023-07-03T00:00:00Z,8,14.693661597222222,temperature,sunp
2023-07-03T00:00:00Z,9,13.474787361111112,temperature,sunp
2023-07-03T00:00:00Z,10,12.654466805555556,temperature,sunp
2023-07-04T00:00:00Z,1,22.746324027777778,temperature,sunp
2023-07-04T00:00:00Z,2,22.568185347222222,temperature,sunp
2023-07-04T00:00:00Z,3,22.130604305555554,temperature,sunp
2023-07-04T00:00:00Z,4,21.702520069444443,temperature,sunp
2023-07-04T00:00:00Z,5,19.585028958333332,temperature,sunp
2023-07-04T00:00:00Z,6,17.678142430555557,temperature,sunp
2023-07-04T00:00:00Z,7,16.59648027777778,temperature,sunp
2023-07-04T00:00:00Z,8,14.986704444444445,temperature,sunp
2023-07-04T00:00:00Z,9,13.474282291666666,temperature,sunp
2023-07-04T00:00:00Z,10,12.34493576388889,temperature,sunp
2023-07-05T00:00:00Z,1,22.97547,temperature,sunp
2023-07-05T00:00:00Z,2,22.644432777777777,temperature,sunp
2023-07-05T00:00:00Z,3,22.390708819444445,temperature,sunp
2023-07-05T00:00:00Z,4,21.264684166666665,temperature,sunp
2023-07-05T00:00:00Z,5,19.28607701388889,temperature,sunp
2023-07-05T00:00:00Z,6,17.855380833333335,temperature,sunp
2023-07-05T00:00:00Z,7,16.58916236111111,temperature,sunp
2023-07-05T00:00:00Z,8,14.852366180555556,temperature,sunp
2023-07-05T00:00:00Z,9,13.450192777777778,temperature,sunp
2023-07-05T00:00:00Z,10,12.509570555555555,temperature,sunp
2023-07-06T00:00:00Z,1,24.123881458333333,temperature,sunp
2023-07-06T00:00:00Z,2,23.282040277777778,temperature,sunp
2023-07-06T00:00:00Z,3,22.515281388888887,temperature,sunp
2023-07-06T00:00:00Z,4,21.538207291666666,temperature,sunp
2023-07-06T00:00:00Z,5,20.09682951388889,temperature,sunp
2023-07-06T00:00:00Z,6,18.659185,temperature,sunp
2023-07-06T00:00:00Z,7,16.458655277777776,temperature,sunp
2023-07-06T00:00:00Z,8,14.894979583333333,temperature,sunp
2023-07-06T00:00:00Z,9,13.555248402777778,temperature,sunp
2023-07-06T00:00:00Z,10,12.41151173611111,temperature,sunp
2023-07-07T00:00:00Z,1,25.062350694444444,temperature,sunp
2023-07-07T00:00:00Z,2,24.110659166666668,temperature,sunp
2023-07-07T00:00:00Z,3,22.957907708333334,temperature,sunp
2023-07-07T00:00:00Z,4,22.09505777777778,temperature,sunp
2023-07-07T00:00:00Z,5,20.537046458333332,temperature,sunp
2023-07-07T00:00:00Z,6,18.458340486111112,temperature,sunp
2023-07-07T00:00:00Z,7,16.337233055555554,temperature,sunp
2023-07-07T00:00:00Z,8,14.822701111111112,temperature,sunp
2023-07-07T00:00:00Z,9,13.537774930555555,temperature,sunp
2023-07-07T00:00:00Z,10,12.582871875,temperature,sunp
2023-07-08T00:00:00Z,1,25.44192784722222,temperature,sunp
2023-07-08T00:00:00Z,2,25.146350555555557,temperature,sunp
2023-07-08T00:00:00Z,3,23.20908375,temperature,sunp
2023-07-08T00:00:00Z,4,21.64173013888889,temperature,sunp
2023-07-08T00:00:00Z,5,20.024242430555557,temperature,sunp
2023-07-08T00:00:00Z,6,18.12939875,temperature,sunp
2023-07-08T00:00:00Z,7,16.476153819444445,temperature,sunp
2023-07-08T00:00:00Z,8,15.090093611111111,temperature,sunp
2023-07-08T00:00:00Z,9,13.504794722222222,temperature,sunp
2023-07-08T00:00:00Z,10,12.44264826388889,temperature,sunp
2023-07-09T00:00:00Z,1,25.35245048611111,temperature,sunp
2023-07-09T00:00:00Z,2,25.366877916666667,temperature,sunp
2023-07-09T00:00:00Z,3,25.20330861111111,temperature,sunp
2023-07-09T00:00:00Z,4,22.4389275,temperature,sunp
2023-07-09T00:00:00Z,5,20.461325833333333,temperature,sunp
2023-07-09T00:00:00Z,6,18.437893194444445,temperature,sunp
2023-07-09T00:00:00Z,7,16.546690069444445,temperature,sunp
2023-07-09T00:00:00Z,8,15.066884930555556,temperature,sunp
2023-07-09T00:00:00Z,9,13.452387916666666,temperature,sunp
2023-07-09T00:00:00Z,10,12.4990875,temperature,sunp
2023-07-10T00:00:00Z,1,24.37300638888889,temperature,sunp
2023-07-10T00:00:00Z,2,24.399629027777777,temperature,sunp
2023-07-10T00:00:00Z,3,24.407947916666668,temperature,sunp
2023-07-10T00:00:00Z,4,24.185474305555555,temperature,sunp
2023-07-10T00:00:00Z,5,20.588655625,temperature,sunp
2023-07-10T00:00:00Z,6,18.819161736111113,temperature,sunp
2023-07-10T00:00:00Z,7,16.711394791666667,temperature,sunp
2023-07-10T00:00:00Z,8,15.113585416666666,temperature,sunp
2023-07-10T00:00:00Z,9,13.68970611111111,temperature,sunp
2023-07-10T00:00:00Z,10,12.513851388888888,temperature,sunp
2023-07-11T00:00:00Z,1,24.081118472222222,temperature,sunp
2023-07-11T00:00:00Z,2,23.963981666666665,temperature,sunp
2023-07-11T00:00:00Z,3,23.74450125,temperature,sunp
2023-07-11T00:00:00Z,4,22.209244444444444,temperature,sunp
2023-07-11T00:00:00Z,5,20.371830625,temperature,sunp
2023-07-11T00:00:00Z,6,18.52790513888889,temperature,sunp
2023-07-11T00:00:00Z,7,17.020423680555556,temperature,sunp
2023-07-11T00:00:00Z,8,15.688130416666667,temperature,sunp
2023-07-11T00:00:00Z,9,14.066660347222221,temperature,sunp
2023-07-11T00:00:00Z,10,12.888135208333333,temperature,sunp
2023-07-12T00:00:00Z,1,24.26076326388889,temperature,sunp
2023-07-12T00:00:00Z,2,24.158123888888888,temperature,sunp
2023-07-12T00:00:00Z,3,23.26475236111111,temperature,sunp
2023-07-12T00:00:00Z,4,21.756138888888888,temperature,sunp
2023-07-12T00:00:00Z,5,20.785813541666666,temperature,sunp
2023-07-12T00:00:00Z,6,19.48115673611111,temperature,sunp
2023-07-12T00:00:00Z,7,17.570894583333335,temperature,sunp
2023-07-12T00:00:00Z,8,15.391555833333333,temperature,sunp
2023-07-12T00:00:00Z,9,13.912233888888888,temperature,sunp
2023-07-12T00:00:00Z,10,12.869164027777778,temperature,sunp
2023-07-13T00:00:00Z,1,24.313883819444445,temperature,sunp
2023-07-13T00:00:00Z,2,24.280575833333334,temperature,sunp
2023-07-13T00:00:00Z,3,23.977989722222222,temperature,sunp
2023-07-13T00:00:00Z,4,22.818789652777777,temperature,sunp
2023-07-13T00:00:00Z,5,22.05672576388889,temperature,sunp
2023-07-13T00:00:00Z,6,20.169727986111113,temperature,sunp
2023-07-13T00:00:00Z,7,17.22202138888889,temperature,sunp
2023-07-13T00:00:00Z,8,15.344449583333333,temperature,sunp
2023-07-13T00:00:00Z,9,13.85213125,temperature,sunp
2023-07-13T00:00:00Z,10,12.867479791666666,temperature,sunp
2023-07-14T00:00:00Z,1,24.390938263888888,temperature,sunp
2023-07-14T00:00:00Z,2,24.331235625,temperature,sunp
2023-07-14T00:00:00Z,3,24.229233055555557,temperature,sunp
2023-07-14T00:00:00Z,4,23.936235208333333,temperature,sunp
2023-07-14T00:00:00Z,5,22.831851944444445,temperature,sunp
2023-07-14T00:00:00Z,6,19.614240902777777,temperature,sunp
2023-07-14T00:00:00Z,7,17.297710277777778,temperature,sunp
2023-07-14T00:00:00Z,8,15.386948472222223,temperature,sunp
2023-07-14T00:00:00Z,9,14.115757152777778,temperature,sunp
2023-07-14T00:00:00Z,10,13.012218819444444,temperature,sunp
2023-07-15T00:00:00Z,1,24.846027708333335,temperature,sunp
2023-07-15T00:00:00Z,2,24.73000777777778,temperature,sunp
2023-07-15T00:00:00Z,3,24.517570833333334,temperature,sunp
2023-07-15T00:00:00Z,4,24.187108958333333,temperature,sunp
2023-07-15T00:00:00Z,5,21.91149638888889,temperature,sunp
2023-07-15T00:00:00Z,6,19.127405694444445,temperature,sunp
2023-07-15T00:00:00Z,7,17.311307708333334,temperature,sunp
2023-07-15T00:00:00Z,8,15.507419236111112,temperature,sunp
2023-07-15T00:00:00Z,9,13.978212083333334,temperature,sunp
2023-07-15T00:00:00Z,10,13.02974951388889,temperature,sunp
2023-07-16T00:00:00Z,1,24.619237847222223,temperature,sunp
2023-07-16T00:00:00Z,2,24.617200416666666,temperature,sunp
2023-07-16T00:00:00Z,3,24.601701180555555,temperature,sunp
2023-07-16T00:00:00Z,4,24.44589138888889,temperature,sunp
2023-07-16T00:00:00Z,5,22.364029166666665,temperature,sunp
2023-07-16T00:00:00Z,6,19.79452798611111,temperature,sunp
2023-07-16T00:00:00Z,7,17.1317625,temperature,sunp
2023-07-16T00:00:00Z,8,15.567423125,temperature,sunp
2023-07-16T00:00:00Z,9,14.211903472222222,temperature,sunp
2023-07-16T00:00:00Z,10,12.826690833333334,temperature,sunp
2023-07-17T00:00:00Z,1,24.981036666666668,temperature,sunp
2023-07-17T00:00:00Z,2,24.81463875,temperature,sunp
2023-07-17T00:00:00Z,3,24.555635694444444,temperature,sunp
2023-07-17T00:00:00Z,4,24.233804444444445,temperature,sunp
2023-07-17T00:00:00Z,5,22.192458333333335,temperature,sunp
2023-07-17T00:00:00Z,6,19.719687569444446,temperature,sunp
2023-07-17T00:00:00Z,7,17.199541180555556,temperature,sunp
2023-07-17T00:00:00Z,8,15.26912701388889,temperature,sunp
2023-07-17T00:00:00Z,9,13.938404583333334,temperature,sunp
2023-07-17T00:00:00Z,10,12.742436805555556,temperature,sunp
2023-07-18T00:00:00Z,1,25.11225347222222,temperature,sunp
2023-07-18T00:00:00Z,2,25.00679486111111,temperature,sunp
2023-07-18T00:00:00Z,3,24.82711638888889,temperature,sunp
2023-07-18T00:00:00Z,4,24.174479791666666,temperature,sunp
2023-07-18T00:00:00Z,5,21.595220069444444,temperature,sunp
2023-07-18T00:00:00Z,6,18.758548958333332,temperature,sunp
2023-07-18T00:00:00Z,7,16.813318680555554,temperature,sunp
2023-07-18T00:00:00Z,8,15.223523194444445,temperature,sunp
2023-07-18T00:00:00Z,9,14.164400208333333,temperature,sunp
2023-07-18T00:00:00Z,10,12.801970833333334,temperature,sunp
2023-07-19T00:00:00Z,1,25.239631458333335,temperature,sunp
2023-07-19T00:00:00Z,2,25.053178680555554,temperature,sunp
2023-07-19T00:00:00Z,3,24.863894444444444,temperature,sunp
2023-07-19T00:00:00Z,4,24.06023513888889,temperature,sunp
2023-07-19T00:00:00Z,5,21.717295,temperature,sunp
2023-07-19T00:00:00Z,6,18.73977340277778,temperature,sunp
2023-07-19T00:00:00Z,7,16.797089930555554,temperature,sunp
2023-07-19T00:00:00Z,8,15.22550451388889,temperature,sunp
2023-07-19T00:00:00Z,9,13.67920125,temperature,sunp
2023-07-19T00:00:00Z,10,12.702484027777778,temperature,sunp
2023-07-20T00:00:00Z,1,25.44596111111111,temperature,sunp
2023-07-20T00:00:00Z,2,25.234233541666665,temperature,sunp
2023-07-20T00:00:00Z,3,25.09069173611111,temperature,sunp
2023-07-20T00:00:00Z,4,23.69813138888889,temperature,sunp
2023-07-20T00:00:00Z,5,20.973136944444445,temperature,sunp
2023-07-20T00:00:00Z,6,18.688130416666667,temperature,sunp
2023-07-20T00:00:00Z,7,17.04831076388889,temperature,sunp
2023-07-20T00:00:00Z,8,15.333136041666666,temperature,sunp
2023-07-20T00:00:00Z,9,13.925814652777778,temperature,sunp
2023-07-20T00:00:00Z,10,12.671953194444445,temperature,sunp
2023-07-21T00:00:00Z,1,24.993413472222223,temperature,sunp
2023-07-21T00:00:00Z,2,25.020701875,temperature,sunp
2023-07-21T00:00:00Z,3,25.031133055555557,temperature,sunp
2023-07-21T00:00:00Z,4,24.646539166666667,temperature,sunp
2023-07-21T00:00:00Z,5,22.295813194444445,temperature,sunp
2023-07-21T00:00:00Z,6,19.633691666666667,temperature,sunp
2023-07-21T00:00:00Z,7,16.884624930555557,temperature,sunp
2023-07-21T00:00:00Z,8,15.080720208333334,temperature,sunp
2023-07-21T00:00:00Z,9,13.657709930555555,temperature,sunp
2023-07-21T00:00:00Z,10,12.583037152777777,temperature,sunp
2023-07-22T00:00:00Z,1,24.485935625,temperature,sunp
2023-07-22T00:00:00Z,2,24.424064375,temperature,sunp
2023-07-22T00:00:00Z,3,24.355402569444443,temperature,sunp
2023-07-22T00:00:00Z,4,24.109160694444444,temperature,sunp
2023-07-22T00:00:00Z,5,21.721335902777778,temperature,sunp
2023-07-22T00:00:00Z,6,18.63886090277778,temperature,sunp
2023-07-22T00:00:00Z,7,16.971420208333335,temperature,sunp
2023-07-22T00:00:00Z,8,15.329947361111111,temperature,sunp
2023-07-22T00:00:00Z,9,13.833235694444445,temperature,sunp
2023-07-22T00:00:00Z,10,12.737289097222222,temperature,sunp
2023-07-23T00:00:00Z,1,24.593997986111113,temperature,sunp
2023-07-23T00:00:00Z,2,24.447912569444444,temperature,sunp
2023-07-23T00:00:00Z,3,24.239060972222223,temperature,sunp
2023-07-23T00:00:00Z,4,23.872267986111112,temperature,sunp
2023-07-23T00:00:00Z,5,20.838929722222222,temperature,sunp
2023-07-23T00:00:00Z,6,19.079545,temperature,sunp
2023-07-23T00:00:00Z,7,16.808664166666667,temperature,sunp
2023-07-23T00:00:00Z,8,15.17452861111111,temperature,sunp
2023-07-23T00:00:00Z,9,13.789967222222222,temperature,sunp
2023-07-23T00:00:00Z,10,12.691566736111112,temperature,sunp
2023-07-24T00:00:00Z,1,24.738375555555557,temperature,sunp
2023-07-24T00:00:00Z,2,24.611126875,temperature,sunp
2023-07-24T00:00:00Z,3,24.431649930555555,temperature,sunp
2023-07-24T00:00:00Z,4,23.719838958333334,temperature,sunp
2023-07-24T00:00:00Z,5,21.499394583333334,temperature,sunp
2023-07-24T00:00:00Z,6,19.106676805555555,temperature,sunp
2023-07-24T00:00:00Z,7,16.735355555555557,temperature,sunp
2023-07-24T00:00:00Z,8,15.08476361111111,temperature,sunp
2023-07-24T00:00:00Z,9,13.926302083333333,temperature,sunp
2023-07-24T00:00:00Z,10,12.715669583333334,temperature,sunp
2023-07-25T00:00:00Z,1,24.77123611111111,temperature,sunp
2023-07-25T00:00:00Z,2,24.525452083333334,temperature,sunp
2023-07-25T00:00:00Z,3,24.435967083333335,temperature,sunp
2023-07-25T00:00:00Z,4,23.71071486111111,temperature,sunp
2023-07-25T00:00:00Z,5,21.66651590277778,temperature,sunp
2023-07-25T00:00:00Z,6,19.29385027777778,temperature,sunp
2023-07-25T00:00:00Z,7,16.666860416666665,temperature,sunp
2023-07-25T00:00:00Z,8,15.137945,temperature,sunp
2023-07-25T00:00:00Z,9,13.782235902777778,temperature,sunp
2023-07-25T00:00:00Z,10,12.601313888888889,temperature,sunp
2023-07-26T00:00:00Z,1,24.749235555555554,temperature,sunp
2023-07-26T00:00:00Z,2,24.65861875,temperature,sunp
2023-07-26T00:00:00Z,3,24.529476875,temperature,sunp
2023-07-26T00:00:00Z,4,23.913956041666665,temperature,sunp
2023-07-26T00:00:00Z,5,21.897187083333332,temperature,sunp
2023-07-26T00:00:00Z,6,18.96403173611111,temperature,sunp
2023-07-26T00:00:00Z,7,16.769147708333332,temperature,sunp
2023-07-26T00:00:00Z,8,15.261584583333333,temperature,sunp
2023-07-26T00:00:00Z,9,13.769712638888889,temperature,sunp
2023-07-26T00:00:00Z,10,12.562274930555555,temperature,sunp
2023-07-27T00:00:00Z,1,24.846295138888888,temperature,sunp
2023-07-27T00:00:00Z,2,24.825280416666665,temperature,sunp
2023-07-27T00:00:00Z,3,24.762205416666667,temperature,sunp
2023-07-27T00:00:00Z,4,24.494768819444445,temperature,sunp
2023-07-27T00:00:00Z,5,22.5127975,temperature,sunp
2023-07-27T00:00:00Z,6,19.582690694444445,temperature,sunp
2023-07-27T00:00:00Z,7,17.31622486111111,temperature,sunp
2023-07-27T00:00:00Z,8,15.134359861111111,temperature,sunp
2023-07-27T00:00:00Z,9,13.76509125,temperature,sunp
2023-07-27T00:00:00Z,10,12.612048541666667,temperature,sunp
2023-07-28T00:00:00Z,1,25.073405208333334,temperature,sunp
2023-07-28T00:00:00Z,2,24.953182569444444,temperature,sunp
2023-07-28T00:00:00Z,3,24.866759583333334,temperature,sunp
2023-07-28T00:00:00Z,4,24.57088951388889,temperature,sunp
2023-07-28T00:00:00Z,5,22.711073541666668,temperature,sunp
2023-07-28T00:00:00Z,6,19.677281319444443,temperature,sunp
2023-07-28T00:00:00Z,7,16.399369930555554,temperature,sunp
2023-07-28T00:00:00Z,8,14.803079652777777,temperature,sunp
2023-07-28T00:00:00Z,9,13.72780486111111,temperature,sunp
2023-07-28T00:00:00Z,10,12.82376111111111,temperature,sunp
2023-07-29T00:00:00Z,1,25.302393402777778,temperature,sunp
2023-07-29T00:00:00Z,2,25.214732916666666,temperature,sunp
2023-07-29T00:00:00Z,3,25.064010763888888,temperature,sunp
2023-07-29T00:00:00Z,4,24.665503680555556,temperature,sunp
2023-07-29T00:00:00Z,5,23.018528888888888,temperature,sunp
2023-07-29T00:00:00Z,6,19.017006597222224,temperature,sunp
2023-07-29T00:00:00Z,7,16.30767625,temperature,sunp
2023-07-29T00:00:00Z,8,14.792490138888889,temperature,sunp
2023-07-29T00:00:00Z,9,13.748701666666667,temperature,sunp
2023-07-29T00:00:00Z,10,12.704585069444445,temperature,sunp
2023-07-30T00:00:00Z,1,24.32266625,temperature,sunp
2023-07-30T00:00:00Z,2,24.334152291666665,temperature,sunp
2023-07-30T00:00:00Z,3,24.313913333333332,temperature,sunp
2023-07-30T00:00:00Z,4,24.244239375,temperature,sunp
2023-07-30T00:00:00Z,5,21.494740208333333,temperature,sunp
2023-07-30T00:00:00Z,6,18.080259166666668,temperature,sunp
2023-07-30T00:00:00Z,7,16.557322430555555,temperature,sunp
2023-07-30T00:00:00Z,8,15.41924125,temperature,sunp
2023-07-30T00:00:00Z,9,13.774047430555555,temperature,sunp
2023-07-30T00:00:00Z,10,12.877751805555555,temperature,sunp
2023-07-31T00:00:00Z,1,23.828208541666665,temperature,sunp
2023-07-31T00:00:00Z,2,23.827645069444443,temperature,sunp
2023-07-31T00:00:00Z,3,23.781190555555554,temperature,sunp
2023-07-31T00:00:00Z,4,23.65458347222222,temperature,sunp
2023-07-31T00:00:00Z,5,21.54524388888889,temperature,sunp
2023-07-31T00:00:00Z,6,19.33222097222222,temperature,sunp
2023-07-31T00:00:00Z,7,16.696716597222224,temperature,sunp
2023-07-31T00:00:00Z,8,15.528886180555556,temperature,sunp
2023-07-31T00:00:00Z,9,13.743012708333334,temperature,sunp
2023-07-31T00:00:00Z,10,12.615215555555556,temperature,sunp
2023-08-01T00:00:00Z,1,23.278373541666667,temperature,sunp
2023-08-01T00:00:00Z,2,23.299874305555555,temperature,sunp
2023-08-01T00:00:00Z,3,23.300949444444445,temperature,sunp
2023-08-01T00:00:00Z,4,23.272197847222223,temperature,sunp
2023-08-01T00:00:00Z,5,23.06917895833333,temperature,sunp
2023-08-01T00:00:00Z,6,20.367642361111113,temperature,sunp
2023-08-01T00:00:00Z,7,16.721880277777778,temperature,sunp
2023-08-01T00:00:00Z,8,14.70294451388889,temperature,sunp
2023-08-01T00:00:00Z,9,13.575028263888889,temperature,sunp
2023-08-01T00:00:00Z,10,12.777555972222222,temperature,sunp
2023-08-02T00:00:00Z,1,23.124381458333332,temperature,sunp
2023-08-02T00:00:00Z,2,23.109617222222223,temperature,sunp
2023-08-02T00:00:00Z,3,23.039297569444443,temperature,sunp
2023-08-02T00:00:00Z,4,22.873043055555556,temperature,sunp
2023-08-02T00:00:00Z,5,22.678394375,temperature,sunp
2023-08-02T00:00:00Z,6,18.889261319444444,temperature,sunp
2023-08-02T00:00:00Z,7,16.771058472222222,temperature,sunp
2023-08-02T00:00:00Z,8,15.158027361111111,temperature,sunp
2023-08-02T00:00:00Z,9,13.910778888888888,temperature,sunp
2023-08-02T00:00:00Z,10,12.666852083333334,temperature,sunp
2023-08-03T00:00:00Z,1,23.004002777777778,temperature,sunp
2023-08-03T00:00:00Z,2,22.980759583333334,temperature,sunp
2023-08-03T00:00:00Z,3,22.913708333333332,temperature,sunp
2023-08-03T00:00:00Z,4,22.698831805555557,temperature,sunp
2023-08-03T00:00:00Z,5,22.33291423611111,temperature,sunp
2023-08-03T00:00:00Z,6,20.550099930555554,temperature,sunp
2023-08-03T00:00:00Z,7,16.657903958333332,temperature,sunp
2023-08-03T00:00:00Z,8,15.181801597222222,temperature,sunp
2023-08-03T00:00:00Z,9,13.901379027777779,temperature,sunp
2023-08-03T00:00:00Z,10,12.706133333333334,temperature,sunp
2023-08-04T00:00:00Z,1,22.376665555555554,temperature,sunp
2023-08-04T00:00:00Z,2,22.39790201388889,temperature,sunp
2023-08-04T00:00:00Z,3,22.398352916666667,temperature,sunp
2023-08-04T00:00:00Z,4,22.366794652777777,temperature,sunp
2023-08-04T00:00:00Z,5,22.312690069444443,temperature,sunp
2023-08-04T00:00:00Z,6,21.878044513888888,temperature,sunp
2023-08-04T00:00:00Z,7,17.922774166666667,temperature,sunp
2023-08-04T00:00:00Z,8,15.389904375,temperature,sunp
2023-08-04T00:00:00Z,9,13.5906025,temperature,sunp
2023-08-04T00:00:00Z,10,12.655997777777777,temperature,sunp
2023-08-05T00:00:00Z,1,22.443429166666668,temperature,sunp
2023-08-05T00:00:00Z,2,22.412103958333333,temperature,sunp
2023-08-05T00:00:00Z,3,22.36896875,temperature,sunp
2023-08-05T00:00:00Z,4,22.272993125,temperature,sunp
2023-08-05T00:00:00Z,5,22.192583055555556,temperature,sunp
2023-08-05T00:00:00Z,6,21.997217777777777,temperature,sunp
2023-08-05T00:00:00Z,7,17.074927083333332,temperature,sunp
2023-08-05T00:00:00Z,8,14.634940972222223,temperature,sunp
2023-08-05T00:00:00Z,9,13.696818680555555,temperature,sunp
2023-08-05T00:00:00Z,10,12.892445833333333,temperature,sunp
2023-08-06T00:00:00Z,1,22.518955833333333,temperature,sunp
2023-08-06T00:00:00Z,2,22.46964076388889,temperature,sunp
2023-08-06T00:00:00Z,3,22.371784027777778,temperature,sunp
2023-08-06T00:00:00Z,4,22.271598194444444,temperature,sunp
2023-08-06T00:00:00Z,5,22.134289375,temperature,sunp
2023-08-06T00:00:00Z,6,19.76787125,temperature,sunp
2023-08-06T00:00:00Z,7,16.92344923611111,temperature,sunp
2023-08-06T00:00:00Z,8,15.490289166666667,temperature,sunp
2023-08-06T00:00:00Z,9,14.040692291666666,temperature,sunp
2023-08-06T00:00:00Z,10,12.694532847222222,temperature,sunp
2023-08-07T00:00:00Z,1,22.318523055555556,temperature,sunp
2023-08-07T00:00:00Z,2,22.349012916666666,temperature,sunp
2023-08-07T00:00:00Z,3,22.3623225,temperature,sunp
2023-08-07T00:00:00Z,4,22.339008958333334,temperature,sunp
2023-08-07T00:00:00Z,5,22.213198541666667,temperature,sunp
2023-08-07T00:00:00Z,6,21.017671597222222,temperature,sunp
2023-08-07T00:00:00Z,7,17.44007715277778,temperature,sunp
2023-08-07T00:00:00Z,8,15.395092430555556,temperature,sunp
2023-08-07T00:00:00Z,9,13.860809722222223,temperature,sunp
2023-08-07T00:00:00Z,10,12.764503541666667,temperature,sunp
2023-08-08T00:00:00Z,1,22.193959097222223,temperature,sunp
2023-08-08T00:00:00Z,2,22.143694791666668,temperature,sunp
2023-08-08T00:00:00Z,3,22.124065277777778,temperature,sunp
2023-08-08T00:00:00Z,4,22.078960625,temperature,sunp
2023-08-08T00:00:00Z,5,21.926635347222224,temperature,sunp
2023-08-08T00:00:00Z,6,21.284150555555556,temperature,sunp
2023-08-08T00:00:00Z,7,18.181920555555557,temperature,sunp
2023-08-08T00:00:00Z,8,15.485420555555555,temperature,sunp
2023-08-08T00:00:00Z,9,14.065377291666668,temperature,sunp
2023-08-08T00:00:00Z,10,12.953447222222222,temperature,sunp
2023-08-09T00:00:00Z,1,22.161997291666665,temperature,sunp
2023-08-09T00:00:00Z,2,22.18057236111111,temperature,sunp
2023-08-09T00:00:00Z,3,22.176124027777778,temperature,sunp
2023-08-09T00:00:00Z,4,22.11541236111111,temperature,sunp
2023-08-09T00:00:00Z,5,21.972856041666667,temperature,sunp
2023-08-09T00:00:00Z,6,21.343503958333333,temperature,sunp
2023-08-09T00:00:00Z,7,17.568452916666665,temperature,sunp
2023-08-09T00:00:00Z,8,15.230812291666666,temperature,sunp
2023-08-09T00:00:00Z,9,13.840035833333333,temperature,sunp
2023-08-09T00:00:00Z,10,12.804091388888889,temperature,sunp
2023-08-10T00:00:00Z,1,22.228230486111112,temperature,sunp
2023-08-10T00:00:00Z,2,22.204660625,temperature,sunp
2023-08-10T00:00:00Z,3,22.135725555555556,temperature,sunp
2023-08-10T00:00:00Z,4,22.052768472222223,temperature,sunp
2023-08-10T00:00:00Z,5,21.94237076388889,temperature,sunp
2023-08-10T00:00:00Z,6,21.162269305555554,temperature,sunp
2023-08-10T00:00:00Z,7,17.500216944444446,temperature,sunp
2023-08-10T00:00:00Z,8,15.678506319444445,temperature,sunp
2023-08-10T00:00:00Z,9,13.711854722222222,temperature,sunp
2023-08-10T00:00:00Z,10,12.694660416666666,temperature,sunp
2023-08-11T00:00:00Z,1,22.002040277777777,temperature,sunp
2023-08-11T00:00:00Z,2,22.026806875,temperature,sunp
2023-08-11T00:00:00Z,3,22.033507361111113,temperature,sunp
2023-08-11T00:00:00Z,4,22.006904930555557,temperature,sunp
2023-08-11T00:00:00Z,5,21.956934583333332,temperature,sunp
2023-08-11T00:00:00Z,6,21.560870694444443,temperature,sunp
2023-08-11T00:00:00Z,7,18.124540069444446,temperature,sunp
2023-08-11T00:00:00Z,8,15.305514583333334,temperature,sunp
2023-08-11T00:00:00Z,9,13.918145416666666,temperature,sunp
2023-08-11T00:00:00Z,10,12.921617569444445,temperature,sunp
2023-08-12T00:00:00Z,1,22.09763388888889,temperature,sunp
2023-08-12T00:00:00Z,2,22.059441319444446,temperature,sunp
2023-08-12T00:00:00Z,3,22.019060555555555,temperature,sunp
2023-08-12T00:00:00Z,4,21.948673055555556,temperature,sunp
2023-08-12T00:00:00Z,5,21.86391888888889,temperature,sunp
2023-08-12T00:00:00Z,6,21.762431111111113,temperature,sunp
2023-08-12T00:00:00Z,7,18.589320555555556,temperature,sunp
2023-08-12T00:00:00Z,8,15.520952777777778,temperature,sunp
2023-08-12T00:00:00Z,9,14.192428263888889,temperature,sunp
2023-08-12T00:00:00Z,10,12.861599930555556,temperature,sunp
2023-08-13T00:00:00Z,1,22.475852222222223,temperature,sunp
2023-08-13T00:00:00Z,2,22.397842291666667,temperature,sunp
2023-08-13T00:00:00Z,3,22.281680069444445,temperature,sunp
2023-08-13T00:00:00Z,4,22.167470694444443,temperature,sunp
2023-08-13T00:00:00Z,5,21.985406458333333,temperature,sunp
2023-08-13T00:00:00Z,6,21.725366527777776,temperature,sunp
2023-08-13T00:00:00Z,7,18.828039375,temperature,sunp
2023-08-13T00:00:00Z,8,15.818067708333334,temperature,sunp
2023-08-13T00:00:00Z,9,14.055412361111111,temperature,sunp
2023-08-13T00:00:00Z,10,12.882484652777778,temperature,sunp
2023-08-14T00:00:00Z,1,22.526543055555557,temperature,sunp
2023-08-14T00:00:00Z,2,22.515345486111112,temperature,sunp
2023-08-14T00:00:00Z,3,22.469012638888888,temperature,sunp
2023-08-14T00:00:00Z,4,22.33181013888889,temperature,sunp
2023-08-14T00:00:00Z,5,22.09041638888889,temperature,sunp
2023-08-14T00:00:00Z,6,21.44497826388889,temperature,sunp
2023-08-14T00:00:00Z,7,18.838504375,temperature,sunp
2023-08-14T00:00:00Z,8,15.531142708333334,temperature,sunp
2023-08-14T00:00:00Z,9,14.046211527777778,temperature,sunp
2023-08-14T00:00:00Z,10,12.901102569444445,temperature,sunp
2023-08-15T00:00:00Z,1,22.441717708333332,temperature,sunp
2023-08-15T00:00:00Z,2,22.462783194444444,temperature,sunp
2023-08-15T00:00:00Z,3,22.473406458333333,temperature,sunp
2023-08-15T00:00:00Z,4,22.415473541666668,temperature,sunp
2023-08-15T00:00:00Z,5,22.20348111111111,temperature,sunp
2023-08-15T00:00:00Z,6,21.94064076388889,temperature,sunp
2023-08-15T00:00:00Z,7,18.505738541666666,temperature,sunp
2023-08-15T00:00:00Z,8,15.457299097222222,temperature,sunp
2023-08-15T00:00:00Z,9,14.031654513888888,temperature,sunp
2023-08-15T00:00:00Z,10,12.87612388888889,temperature,sunp
2023-08-16T00:00:00Z,1,22.209084583333333,temperature,sunp
2023-08-16T00:00:00Z,2,22.235071597222223,temperature,sunp
2023-08-16T00:00:00Z,3,22.249332708333334,temperature,sunp
2023-08-16T00:00:00Z,4,22.234759791666665,temperature,sunp
2023-08-16T00:00:00Z,5,22.20753840277778,temperature,sunp
2023-08-16T00:00:00Z,6,21.976266180555555,temperature,sunp
2023-08-16T00:00:00Z,7,18.815573194444443,temperature,sunp
2023-08-16T00:00:00Z,8,15.923549652777778,temperature,sunp
2023-08-16T00:00:00Z,9,14.11454048611111,temperature,sunp
2023-08-16T00:00:00Z,10,12.802797916666666,temperature,sunp
2023-08-17T00:00:00Z,1,21.998702847222223,temperature,sunp
2023-08-17T00:00:00Z,2,22.025839722222223,temperature,sunp
2023-08-17T00:00:00Z,3,22.03851923611111,temperature,sunp
2023-08-17T00:00:00Z,4,22.02141548611111,temperature,sunp
2023-08-17T00:00:00Z,5,21.99696173611111,temperature,sunp
2023-08-17T00:00:00Z,6,21.97275763888889,temperature,sunp
2023-08-17T00:00:00Z,7,19.73583340277778,temperature,sunp
2023-08-17T00:00:00Z,8,16.157259305555556,temperature,sunp
2023-08-17T00:00:00Z,9,14.021477986111112,temperature,sunp
2023-08-17T00:00:00Z,10,12.85508201388889,temperature,sunp
2023-08-18T00:00:00Z,1,21.910956875,temperature,sunp
2023-08-18T00:00:00Z,2,21.868525625,temperature,sunp
2023-08-18T00:00:00Z,3,21.848757708333334,temperature,sunp
2023-08-18T00:00:00Z,4,21.815029513888888,temperature,sunp
2023-08-18T00:00:00Z,5,21.75621222222222,temperature,sunp
2023-08-18T00:00:00Z,6,21.710239027777778,temperature,sunp
2023-08-18T00:00:00Z,7,19.591475,temperature,sunp
2023-08-18T00:00:00Z,8,16.165079583333334,temperature,sunp
2023-08-18T00:00:00Z,9,14.055105694444444,temperature,sunp
2023-08-18T00:00:00Z,10,12.956930555555555,temperature,sunp
2023-08-19T00:00:00Z,1,21.412125763888888,temperature,sunp
2023-08-19T00:00:00Z,2,21.440628611111112,temperature,sunp
2023-08-19T00:00:00Z,3,21.453785763888888,temperature,sunp
2023-08-19T00:00:00Z,4,21.436729027777776,temperature,sunp
2023-08-19T00:00:00Z,5,21.41134388888889,temperature,sunp
2023-08-19T00:00:00Z,6,21.386673194444445,temperature,sunp
2023-08-19T00:00:00Z,7,19.068215208333335,temperature,sunp
2023-08-19T00:00:00Z,8,16.180137569444444,temperature,sunp
2023-08-19T00:00:00Z,9,14.209870694444444,temperature,sunp
2023-08-19T00:00:00Z,10,12.81200736111111,temperature,sunp
2023-08-20T00:00:00Z,1,21.238554444444443,temperature,sunp
2023-08-20T00:00:00Z,2,21.24235388888889,temperature,sunp
2023-08-20T00:00:00Z,3,21.191434930555555,temperature,sunp
2023-08-20T00:00:00Z,4,21.111069166666667,temperature,sunp
2023-08-20T00:00:00Z,5,21.045305,temperature,sunp
2023-08-20T00:00:00Z,6,21.010967291666667,temperature,sunp
2023-08-20T00:00:00Z,7,19.522320625,temperature,sunp
2023-08-20T00:00:00Z,8,16.265606458333334,temperature,sunp
2023-08-20T00:00:00Z,9,14.31530986111111,temperature,sunp
2023-08-20T00:00:00Z,10,12.910681111111112,temperature,sunp
2023-08-21T00:00:00Z,1,21.338779444444445,temperature,sunp
2023-08-21T00:00:00Z,2,21.322511527777777,temperature,sunp
2023-08-21T00:00:00Z,3,21.286272569444446,temperature,sunp
2023-08-21T00:00:00Z,4,21.202795277777778,temperature,sunp
2023-08-21T00:00:00Z,5,21.098718055555555,temperature,sunp
2023-08-21T00:00:00Z,6,21.030211666666666,temperature,sunp
2023-08-21T00:00:00Z,7,20.449940208333334,temperature,sunp
2023-08-21T00:00:00Z,8,16.557007569444444,temperature,sunp
2023-08-21T00:00:00Z,9,13.967163611111111,temperature,sunp
2023-08-21T00:00:00Z,10,12.728981388888888,temperature,sunp
2023-08-22T00:00:00Z,1,21.28069763888889,temperature,sunp
2023-08-22T00:00:00Z,2,21.296742430555554,temperature,sunp
2023-08-22T00:00:00Z,3,21.30185034722222,temperature,sunp
2023-08-22T00:00:00Z,4,21.274914791666667,temperature,sunp
2023-08-22T00:00:00Z,5,21.239652361111112,temperature,sunp
2023-08-22T00:00:00Z,6,21.228400486111113,temperature,sunp
2023-08-22T00:00:00Z,7,20.439949791666667,temperature,sunp
2023-08-22T00:00:00Z,8,15.891632152777778,temperature,sunp
2023-08-22T00:00:00Z,9,14.091387291666667,temperature,sunp
2023-08-22T00:00:00Z,10,13.262107013888889,temperature,sunp
2023-08-23T00:00:00Z,1,21.49805513888889,temperature,sunp
2023-08-23T00:00:00Z,2,21.405030486111112,temperature,sunp
2023-08-23T00:00:00Z,3,21.306854444444443,temperature,sunp
2023-08-23T00:00:00Z,4,21.036548888888888,temperature,sunp
2023-08-23T00:00:00Z,5,20.889970902777776,temperature,sunp
2023-08-23T00:00:00Z,6,20.78612375,temperature,sunp
2023-08-23T00:00:00Z,7,19.396343472222224,temperature,sunp
2023-08-23T00:00:00Z,8,16.360478680555556,temperature,sunp
2023-08-23T00:00:00Z,9,14.58648611111111,temperature,sunp
2023-08-23T00:00:00Z,10,13.009792777777777,temperature,sunp
2023-08-24T00:00:00Z,1,21.465054791666667,temperature,sunp
2023-08-24T00:00:00Z,2,21.323758263888887,temperature,sunp
2023-08-24T00:00:00Z,3,21.01659298611111,temperature,sunp
2023-08-24T00:00:00Z,4,20.87072638888889,temperature,sunp
2023-08-24T00:00:00Z,5,20.77552361111111,temperature,sunp
2023-08-24T00:00:00Z,6,20.674993125,temperature,sunp
2023-08-24T00:00:00Z,7,20.075976875,temperature,sunp
2023-08-24T00:00:00Z,8,16.47629701388889,temperature,sunp
2023-08-24T00:00:00Z,9,14.380111875,temperature,sunp
2023-08-24T00:00:00Z,10,12.988223541666667,temperature,sunp
2023-08-25T00:00:00Z,1,20.989736875,temperature,sunp
2023-08-25T00:00:00Z,2,21.003224305555555,temperature,sunp
2023-08-25T00:00:00Z,3,20.95628909722222,temperature,sunp
2023-08-25T00:00:00Z,4,20.889327430555557,temperature,sunp
2023-08-25T00:00:00Z,5,20.806947847222222,temperature,sunp
2023-08-25T00:00:00Z,6,20.72942673611111,temperature,sunp
2023-08-25T00:00:00Z,7,20.233089652777778,temperature,sunp
2023-08-25T00:00:00Z,8,17.983729444444446,temperature,sunp
2023-08-25T00:00:00Z,9,14.301520347222223,temperature,sunp
2023-08-25T00:00:00Z,10,13.072622083333334,temperature,sunp
2023-08-26T00:00:00Z,1,21.255447430555556,temperature,sunp
2023-08-26T00:00:00Z,2,21.23230923611111,temperature,sunp
2023-08-26T00:00:00Z,3,21.146778333333334,temperature,sunp
2023-08-26T00:00:00Z,4,21.006570416666666,temperature,sunp
2023-08-26T00:00:00Z,5,20.851067291666666,temperature,sunp
2023-08-26T00:00:00Z,6,20.78370326388889,temperature,sunp
2023-08-26T00:00:00Z,7,20.547795416666666,temperature,sunp
2023-08-26T00:00:00Z,8,17.049185555555557,temperature,sunp
2023-08-26T00:00:00Z,9,14.075142916666668,temperature,sunp
2023-08-26T00:00:00Z,10,12.959592152777779,temperature,sunp
2023-08-27T00:00:00Z,1,21.536789444444445,temperature,sunp
2023-08-27T00:00:00Z,2,21.47484548611111,temperature,sunp
2023-08-27T00:00:00Z,3,21.373778263888887,temperature,sunp
2023-08-27T00:00:00Z,4,21.12850826388889,temperature,sunp
2023-08-27T00:00:00Z,5,20.823742222222222,temperature,sunp
2023-08-27T00:00:00Z,6,20.71878965277778,temperature,sunp
2023-08-27T00:00:00Z,7,20.104745694444443,temperature,sunp
2023-08-27T00:00:00Z,8,17.25675,temperature,sunp
2023-08-27T00:00:00Z,9,14.472954652777778,temperature,sunp
2023-08-27T00:00:00Z,10,13.12174701388889,temperature,sunp
2023-08-28T00:00:00Z,1,21.58316875,temperature,sunp
2023-08-28T00:00:00Z,2,21.530935902777777,temperature,sunp
2023-08-28T00:00:00Z,3,21.421802222222222,temperature,sunp
2023-08-28T00:00:00Z,4,21.18845895833333,temperature,sunp
2023-08-28T00:00:00Z,5,20.918085833333333,temperature,sunp
2023-08-28T00:00:00Z,6,20.68677125,temperature,sunp
2023-08-28T00:00:00Z,7,19.918530277777776,temperature,sunp
2023-08-28T00:00:00Z,8,17.575141666666667,temperature,sunp
2023-08-28T00:00:00Z,9,14.798526875,temperature,sunp
2023-08-28T00:00:00Z,10,13.024455555555555,temperature,sunp
2023-08-29T00:00:00Z,1,21.772215763888887,temperature,sunp
2023-08-29T00:00:00Z,2,21.772396875,temperature,sunp
2023-08-29T00:00:00Z,3,21.757222083333332,temperature,sunp
2023-08-29T00:00:00Z,4,21.64018763888889,temperature,sunp
2023-08-29T00:00:00Z,5,21.321543263888888,temperature,sunp
2023-08-29T00:00:00Z,6,20.861225347222224,temperature,sunp
2023-08-29T00:00:00Z,7,20.155689583333334,temperature,sunp
2023-08-29T00:00:00Z,8,18.587632569444445,temperature,sunp
2023-08-29T00:00:00Z,9,14.498919930555555,temperature,sunp
2023-08-29T00:00:00Z,10,13.075038958333334,temperature,sunp
2023-08-30T00:00:00Z,1,22.012256666666666,temperature,sunp
2023-08-30T00:00:00Z,2,22.01165152777778,temperature,sunp
2023-08-30T00:00:00Z,3,21.979446805555554,temperature,sunp
2023-08-30T00:00:00Z,4,21.896479583333335,temperature,sunp
2023-08-30T00:00:00Z,5,21.708928888888888,temperature,sunp
2023-08-30T00:00:00Z,6,21.41130548611111,temperature,sunp
2023-08-30T00:00:00Z,7,20.473628263888887,temperature,sunp
2023-08-30T00:00:00Z,8,17.256988888888888,temperature,sunp
2023-08-30T00:00:00Z,9,14.506571458333333,temperature,sunp
2023-08-30T00:00:00Z,10,13.271154791666667,temperature,sunp
2023-08-31T00:00:00Z,1,21.56269916666667,temperature,sunp
2023-08-31T00:00:00Z,2,21.58675965277778,temperature,sunp
2023-08-31T00:00:00Z,3,21.593194722222222,temperature,sunp
2023-08-31T00:00:00Z,4,21.56692479166667,temperature,sunp
2023-08-31T00:00:00Z,5,21.529458055555555,temperature,sunp
2023-08-31T00:00:00Z,6,21.514687291666668,temperature,sunp
2023-08-31T00:00:00Z,7,20.997718125,temperature,sunp
2023-08-31T00:00:00Z,8,17.694378333333333,temperature,sunp
2023-08-31T00:00:00Z,9,14.574652638888889,temperature,sunp
2023-08-31T00:00:00Z,10,13.36948201388889,temperature,sunp
2023-09-01T00:00:00Z,1,21.45327486111111,temperature,sunp
2023-09-01T00:00:00Z,2,21.272419236111112,temperature,sunp
2023-09-01T00:00:00Z,3,21.172989027777778,temperature,sunp
2023-09-01T00:00:00Z,4,21.086211041666665,temperature,sunp
2023-09-01T00:00:00Z,5,21.01080347222222,temperature,sunp
2023-09-01T00:00:00Z,6,20.988715625,temperature,sunp
2023-09-01T00:00:00Z,7,20.36514298611111,temperature,sunp
2023-09-01T00:00:00Z,8,17.576619861111112,temperature,sunp
2023-09-01T00:00:00Z,9,15.205558194444444,temperature,sunp
2023-09-01T00:00:00Z,10,13.340505555555556,temperature,sunp
2023-09-02T00:00:00Z,1,21.26818763888889,temperature,sunp
2023-09-02T00:00:00Z,2,21.215892083333333,temperature,sunp
2023-09-02T00:00:00Z,3,21.12874298611111,temperature,sunp
2023-09-02T00:00:00Z,4,21.032303680555557,temperature,sunp
2023-09-02T00:00:00Z,5,20.934593125,temperature,sunp
2023-09-02T00:00:00Z,6,20.80340111111111,temperature,sunp
2023-09-02T00:00:00Z,7,19.945638194444445,temperature,sunp
2023-09-02T00:00:00Z,8,17.80795298611111,temperature,sunp
2023-09-02T00:00:00Z,9,15.357242847222222,temperature,sunp
2023-09-02T00:00:00Z,10,13.172701805555556,temperature,sunp
2023-09-03T00:00:00Z,1,21.55798548611111,temperature,sunp
2023-09-03T00:00:00Z,2,21.414150208333332,temperature,sunp
2023-09-03T00:00:00Z,3,21.32066423611111,temperature,sunp
2023-09-03T00:00:00Z,4,21.13147361111111,temperature,sunp
2023-09-03T00:00:00Z,5,20.964805138888888,temperature,sunp
2023-09-03T00:00:00Z,6,20.8161825,temperature,sunp
2023-09-03T00:00:00Z,7,20.27698263888889,temperature,sunp
2023-09-03T00:00:00Z,8,18.551984444444443,temperature,sunp
2023-09-03T00:00:00Z,9,14.882882222222221,temperature,sunp
2023-09-03T00:00:00Z,10,13.206635833333333,temperature,sunp
2023-09-04T00:00:00Z,1,22.313805833333333,temperature,sunp
2023-09-04T00:00:00Z,2,21.976032777777778,temperature,sunp
2023-09-04T00:00:00Z,3,21.687710972222224,temperature,sunp
2023-09-04T00:00:00Z,4,21.313815277777778,temperature,sunp
2023-09-04T00:00:00Z,5,21.107088472222223,temperature,sunp
2023-09-04T00:00:00Z,6,20.965100069444446,temperature,sunp
2023-09-04T00:00:00Z,7,20.691772083333333,temperature,sunp
2023-09-04T00:00:00Z,8,17.542755486111112,temperature,sunp
2023-09-04T00:00:00Z,9,14.893434097222222,temperature,sunp
2023-09-04T00:00:00Z,10,13.304194236111112,temperature,sunp
2023-09-05T00:00:00Z,1,23.348937499999998,temperature,sunp
2023-09-05T00:00:00Z,2,22.850914583333335,temperature,sunp
2023-09-05T00:00:00Z,3,22.013137361111113,temperature,sunp
2023-09-05T00:00:00Z,4,21.497953680555554,temperature,sunp
2023-09-05T00:00:00Z,5,21.25301784722222,temperature,sunp
2023-09-05T00:00:00Z,6,20.99595763888889,temperature,sunp
2023-09-05T00:00:00Z,7,20.07085208333333,temperature,sunp
2023-09-05T00:00:00Z,8,17.822511041666665,temperature,sunp
2023-09-05T00:00:00Z,9,15.315698958333334,temperature,sunp
2023-09-05T00:00:00Z,10,13.344760833333334,temperature,sunp
2023-09-06T00:00:00Z,1,23.797226527777777,temperature,sunp
2023-09-06T00:00:00Z,2,23.094091875,temperature,sunp
2023-09-06T00:00:00Z,3,22.074874722222223,temperature,sunp
2023-09-06T00:00:00Z,4,21.493408333333335,temperature,sunp
2023-09-06T00:00:00Z,5,21.18086472222222,temperature,sunp
2023-09-06T00:00:00Z,6,20.83416534722222,temperature,sunp
2023-09-06T00:00:00Z,7,20.12236798611111,temperature,sunp
2023-09-06T00:00:00Z,8,18.235654444444446,temperature,sunp
2023-09-06T00:00:00Z,9,15.385254791666666,temperature,sunp
2023-09-06T00:00:00Z,10,13.288945347222223,temperature,sunp
2023-09-07T00:00:00Z,1,24.36377583333333,temperature,sunp
2023-09-07T00:00:00Z,2,23.66157638888889,temperature,sunp
2023-09-07T00:00:00Z,3,22.223692083333333,temperature,sunp
2023-09-07T00:00:00Z,4,21.631564861111112,temperature,sunp
2023-09-07T00:00:00Z,5,21.292005694444445,temperature,sunp
2023-09-07T00:00:00Z,6,20.96744326388889,temperature,sunp
2023-09-07T00:00:00Z,7,20.260519375,temperature,sunp
2023-09-07T00:00:00Z,8,18.109044097222224,temperature,sunp
2023-09-07T00:00:00Z,9,15.147344444444444,temperature,sunp
2023-09-07T00:00:00Z,10,13.399383819444445,temperature,sunp
2023-09-08T00:00:00Z,1,24.34382375,temperature,sunp
2023-09-08T00:00:00Z,2,24.09514104166667,temperature,sunp
2023-09-08T00:00:00Z,3,23.259041458333332,temperature,sunp
2023-09-08T00:00:00Z,4,22.135638611111112,temperature,sunp
2023-09-08T00:00:00Z,5,21.572431458333334,temperature,sunp
2023-09-08T00:00:00Z,6,21.194964791666667,temperature,sunp
2023-09-08T00:00:00Z,7,20.38791159722222,temperature,sunp
2023-09-08T00:00:00Z,8,18.186663958333334,temperature,sunp
2023-09-08T00:00:00Z,9,14.997145069444445,temperature,sunp
2023-09-08T00:00:00Z,10,13.453456041666668,temperature,sunp
2023-09-09T00:00:00Z,1,24.710542361111113,temperature,sunp
2023-09-09T00:00:00Z,2,24.534446666666668,temperature,sunp
2023-09-09T00:00:00Z,3,23.59530159722222,temperature,sunp
2023-09-09T00:00:00Z,4,22.524092291666665,temperature,sunp
2023-09-09T00:00:00Z,5,21.56559673611111,temperature,sunp
2023-09-09T00:00:00Z,6,20.980804236111112,temperature,sunp
2023-09-09T00:00:00Z,7,19.608296458333335,temperature,sunp
2023-09-09T00:00:00Z,8,17.85282402777778,temperature,sunp
2023-09-09T00:00:00Z,9,15.471541319444444,temperature,sunp
2023-09-09T00:00:00Z,10,13.501073055555555,temperature,sunp
2023-09-10T00:00:00Z,1,24.32378222222222,temperature,sunp
2023-09-10T00:00:00Z,2,24.34724472222222,temperature,sunp
2023-09-10T00:00:00Z,3,24.050690416666665,temperature,sunp
2023-09-10T00:00:00Z,4,22.130905902777776,temperature,sunp
2023-09-10T00:00:00Z,5,21.324735277777776,temperature,sunp
2023-09-10T00:00:00Z,6,20.869169791666668,temperature,sunp
2023-09-10T00:00:00Z,7,19.967116736111112,temperature,sunp
2023-09-10T00:00:00Z,8,18.35268048611111,temperature,sunp
2023-09-10T00:00:00Z,9,15.592506805555555,temperature,sunp
2023-09-10T00:00:00Z,10,13.56403125,temperature,sunp
2023-09-11T00:00:00Z,1,23.894230208333333,temperature,sunp
2023-09-11T00:00:00Z,2,23.869096944444443,temperature,sunp
2023-09-11T00:00:00Z,3,23.8223125,temperature,sunp
2023-09-11T00:00:00Z,4,22.600125277777778,temperature,sunp
2023-09-11T00:00:00Z,5,21.617663611111112,temperature,sunp
2023-09-11T00:00:00Z,6,21.042462222222223,temperature,sunp
2023-09-11T00:00:00Z,7,20.253440138888887,temperature,sunp
2023-09-11T00:00:00Z,8,18.460284027777778,temperature,sunp
2023-09-11T00:00:00Z,9,15.268848472222222,temperature,sunp
2023-09-11T00:00:00Z,10,13.34403673611111,temperature,sunp
2023-09-12T00:00:00Z,1,23.831305208333333,temperature,sunp
2023-09-12T00:00:00Z,2,23.780197916666665,temperature,sunp
2023-09-12T00:00:00Z,3,23.70712798611111,temperature,sunp
2023-09-12T00:00:00Z,4,22.64442534722222,temperature,sunp
2023-09-12T00:00:00Z,5,21.59534125,temperature,sunp
2023-09-12T00:00:00Z,6,21.04985236111111,temperature,sunp
2023-09-12T00:00:00Z,7,20.139355555555557,temperature,sunp
2023-09-12T00:00:00Z,8,17.851711319444444,temperature,sunp
2023-09-12T00:00:00Z,9,15.406268055555556,temperature,sunp
2023-09-12T00:00:00Z,10,13.608548958333333,temperature,sunp
2023-09-13T00:00:00Z,1,23.48258965277778,temperature,sunp
2023-09-13T00:00:00Z,2,23.508473055555555,temperature,sunp
2023-09-13T00:00:00Z,3,23.51939201388889,temperature,sunp
2023-09-13T00:00:00Z,4,23.223565347222223,temperature,sunp
2023-09-13T00:00:00Z,5,21.72895284722222,temperature,sunp
2023-09-13T00:00:00Z,6,21.117994444444445,temperature,sunp
2023-09-13T00:00:00Z,7,20.106582361111112,temperature,sunp
2023-09-13T00:00:00Z,8,18.110277222222223,temperature,sunp
2023-09-13T00:00:00Z,9,15.48966986111111,temperature,sunp
2023-09-13T00:00:00Z,10,13.5800875,temperature,sunp
2023-09-14T00:00:00Z,1,22.877708263888888,temperature,sunp
2023-09-14T00:00:00Z,2,22.89998909722222,temperature,sunp
2023-09-14T00:00:00Z,3,22.89935763888889,temperature,sunp
2023-09-14T00:00:00Z,4,22.817829930555554,temperature,sunp
2023-09-14T00:00:00Z,5,21.821165486111113,temperature,sunp
2023-09-14T00:00:00Z,6,21.118394791666667,temperature,sunp
2023-09-14T00:00:00Z,7,19.942105416666667,temperature,sunp
2023-09-14T00:00:00Z,8,18.059916736111113,temperature,sunp
2023-09-14T00:00:00Z,9,15.678100694444444,temperature,sunp
2023-09-14T00:00:00Z,10,13.6589575,temperature,sunp
2023-09-15T00:00:00Z,1,21.881505416666666,temperature,sunp
2023-09-15T00:00:00Z,2,21.913369583333335,temperature,sunp
2023-09-15T00:00:00Z,3,21.92810076388889,temperature,sunp
2023-09-15T00:00:00Z,4,21.91311097222222,temperature,sunp
2023-09-15T00:00:00Z,5,21.8901925,temperature,sunp
2023-09-15T00:00:00Z,6,21.893552569444445,temperature,sunp
2023-09-15T00:00:00Z,7,21.11705576388889,temperature,sunp
2023-09-15T00:00:00Z,8,17.537268055555554,temperature,sunp
2023-09-15T00:00:00Z,9,15.04178375,temperature,sunp
2023-09-15T00:00:00Z,10,13.497630625,temperature,sunp
2023-09-16T00:00:00Z,1,20.692088402777777,temperature,sunp
2023-09-16T00:00:00Z,2,20.7233025,temperature,sunp
2023-09-16T00:00:00Z,3,20.73743576388889,temperature,sunp
2023-09-16T00:00:00Z,4,20.71984,temperature,sunp
2023-09-16T00:00:00Z,5,20.693691458333333,temperature,sunp
2023-09-16T00:00:00Z,6,20.670416111111113,temperature,sunp
2023-09-16T00:00:00Z,7,20.499283263888888,temperature,sunp
2023-09-16T00:00:00Z,8,19.438704930555556,temperature,sunp
2023-09-16T00:00:00Z,9,15.879485625000001,temperature,sunp
2023-09-16T00:00:00Z,10,13.944222013888888,temperature,sunp
2023-09-17T00:00:00Z,1,19.910745902777776,temperature,sunp
2023-09-17T00:00:00Z,2,19.87332465277778,temperature,sunp
2023-09-17T00:00:00Z,3,19.84376986111111,temperature,sunp
2023-09-17T00:00:00Z,4,19.800180555555556,temperature,sunp
2023-09-17T00:00:00Z,5,19.734826388888887,temperature,sunp
2023-09-17T00:00:00Z,6,19.68290826388889,temperature,sunp
2023-09-17T00:00:00Z,7,19.38815361111111,temperature,sunp
2023-09-17T00:00:00Z,8,18.72579,temperature,sunp
2023-09-17T00:00:00Z,9,16.935739444444444,temperature,sunp
2023-09-17T00:00:00Z,10,14.318507708333334,temperature,sunp
2023-09-18T00:00:00Z,1,19.659653055555555,temperature,sunp
2023-09-18T00:00:00Z,2,19.689031805555555,temperature,sunp
2023-09-18T00:00:00Z,3,19.7030975,temperature,sunp
2023-09-18T00:00:00Z,4,19.676011041666666,temperature,sunp
2023-09-18T00:00:00Z,5,19.60901159722222,temperature,sunp
2023-09-18T00:00:00Z,6,19.535507638888888,temperature,sunp
2023-09-18T00:00:00Z,7,19.278394375,temperature,sunp
2023-09-18T00:00:00Z,8,18.581206527777777,temperature,sunp
2023-09-18T00:00:00Z,9,17.15611722222222,temperature,sunp
2023-09-18T00:00:00Z,10,14.722425555555555,temperature,sunp
2023-09-19T00:00:00Z,1,19.292077430555555,temperature,sunp
2023-09-19T00:00:00Z,2,19.321541041666666,temperature,sunp
2023-09-19T00:00:00Z,3,19.335645972222224,temperature,sunp
2023-09-19T00:00:00Z,4,19.317254166666668,temperature,sunp
2023-09-19T00:00:00Z,5,19.288709930555555,temperature,sunp
2023-09-19T00:00:00Z,6,19.289989513888887,temperature,sunp
2023-09-19T00:00:00Z,7,19.063371875,temperature,sunp
2023-09-19T00:00:00Z,8,18.222816527777777,temperature,sunp
2023-09-19T00:00:00Z,9,16.645554444444443,temperature,sunp
2023-09-19T00:00:00Z,10,15.002608958333333,temperature,sunp
2023-09-20T00:00:00Z,1,19.147378958333334,temperature,sunp
2023-09-20T00:00:00Z,2,19.14397472222222,temperature,sunp
2023-09-20T00:00:00Z,3,19.128743541666665,temperature,sunp
2023-09-20T00:00:00Z,4,19.0832025,temperature,sunp
2023-09-20T00:00:00Z,5,19.02754847222222,temperature,sunp
2023-09-20T00:00:00Z,6,19.032536458333333,temperature,sunp
2023-09-20T00:00:00Z,7,18.964582916666668,temperature,sunp
2023-09-20T00:00:00Z,8,18.86761875,temperature,sunp
2023-09-20T00:00:00Z,9,17.744217916666667,temperature,sunp
2023-09-20T00:00:00Z,10,14.91112611111111,temperature,sunp
2023-09-21T00:00:00Z,1,19.04572458333333,temperature,sunp
2023-09-21T00:00:00Z,2,19.03588513888889,temperature,sunp
2023-09-21T00:00:00Z,3,19.008811597222223,temperature,sunp
2023-09-21T00:00:00Z,4,18.95841902777778,temperature,sunp
2023-09-21T00:00:00Z,5,18.898412430555556,temperature,sunp
2023-09-21T00:00:00Z,6,18.898423680555556,temperature,sunp
2023-09-21T00:00:00Z,7,18.832410069444446,temperature,sunp
2023-09-21T00:00:00Z,8,18.71914923611111,temperature,sunp
2023-09-21T00:00:00Z,9,17.707572708333334,temperature,sunp
2023-09-21T00:00:00Z,10,15.019594930555556,temperature,sunp
2023-09-22T00:00:00Z,1,19.06347347222222,temperature,sunp
2023-09-22T00:00:00Z,2,19.030048194444444,temperature,sunp
2023-09-22T00:00:00Z,3,18.934984027777777,temperature,sunp
2023-09-22T00:00:00Z,4,18.87294770833333,temperature,sunp
2023-09-22T00:00:00Z,5,18.8217125,temperature,sunp
2023-09-22T00:00:00Z,6,18.810644583333332,temperature,sunp
2023-09-22T00:00:00Z,7,18.69589173611111,temperature,sunp
2023-09-22T00:00:00Z,8,18.612430347222222,temperature,sunp
2023-09-22T00:00:00Z,9,18.082661875,temperature,sunp
2023-09-22T00:00:00Z,10,14.867928472222221,temperature,sunp
2023-09-23T00:00:00Z,1,18.677375138888888,temperature,sunp
2023-09-23T00:00:00Z,2,18.706461666666666,temperature,sunp
2023-09-23T00:00:00Z,3,18.719646666666666,temperature,sunp
2023-09-23T00:00:00Z,4,18.704735625,temperature,sunp
2023-09-23T00:00:00Z,5,18.682235416666668,temperature,sunp
2023-09-23T00:00:00Z,6,18.71715888888889,temperature,sunp
2023-09-23T00:00:00Z,7,18.699904444444446,temperature,sunp
2023-09-23T00:00:00Z,8,18.659610833333332,temperature,sunp
2023-09-23T00:00:00Z,9,17.764776527777776,temperature,sunp
2023-09-23T00:00:00Z,10,15.285190416666667,temperature,sunp
2023-09-24T00:00:00Z,1,18.401851944444445,temperature,sunp
2023-09-24T00:00:00Z,2,18.432480277777778,temperature,sunp
2023-09-24T00:00:00Z,3,18.448854861111112,temperature,sunp
2023-09-24T00:00:00Z,4,18.436345625,temperature,sunp
2023-09-24T00:00:00Z,5,18.416723541666666,temperature,sunp
2023-09-24T00:00:00Z,6,18.454389513888888,temperature,sunp
2023-09-24T00:00:00Z,7,18.44009048611111,temperature,sunp
2023-09-24T00:00:00Z,8,18.42865395833333,temperature,sunp
2023-09-24T00:00:00Z,9,18.242560277777777,temperature,sunp
2023-09-24T00:00:00Z,10,15.366338402777778,temperature,sunp
2023-09-25T00:00:00Z,1,18.216791319444443,temperature,sunp
2023-09-25T00:00:00Z,2,18.24643534722222,temperature,sunp
2023-09-25T00:00:00Z,3,18.260764375,temperature,sunp
2023-09-25T00:00:00Z,4,18.24725215277778,temperature,sunp
2023-09-25T00:00:00Z,5,18.227668402777777,temperature,sunp
2023-09-25T00:00:00Z,6,18.263667986111113,temperature,sunp
2023-09-25T00:00:00Z,7,18.25002486111111,temperature,sunp
2023-09-25T00:00:00Z,8,18.240345069444444,temperature,sunp
2023-09-25T00:00:00Z,9,18.260350625,temperature,sunp
2023-09-25T00:00:00Z,10,15.299383402777778,temperature,sunp
2023-09-26T00:00:00Z,1,18.09628222222222,temperature,sunp
2023-09-26T00:00:00Z,2,18.10982513888889,temperature,sunp
2023-09-26T00:00:00Z,3,18.114500416666665,temperature,sunp
2023-09-26T00:00:00Z,4,18.091303958333334,temperature,sunp
2023-09-26T00:00:00Z,5,18.053069375,temperature,sunp
2023-09-26T00:00:00Z,6,18.06207375,temperature,sunp
2023-09-26T00:00:00Z,7,18.02543625,temperature,sunp
2023-09-26T00:00:00Z,8,17.99922284722222,temperature,sunp
2023-09-26T00:00:00Z,9,17.979467638888888,temperature,sunp
2023-09-26T00:00:00Z,10,15.468880277777778,temperature,sunp
2023-09-27T00:00:00Z,1,18.07618298611111,temperature,sunp
2023-09-27T00:00:00Z,2,18.06283284722222,temperature,sunp
2023-09-27T00:00:00Z,3,18.040469375,temperature,sunp
2023-09-27T00:00:00Z,4,17.952246875,temperature,sunp
2023-09-27T00:00:00Z,5,17.846747916666665,temperature,sunp
2023-09-27T00:00:00Z,6,17.85738840277778,temperature,sunp
2023-09-27T00:00:00Z,7,17.820225625,temperature,sunp
2023-09-27T00:00:00Z,8,17.797045208333333,temperature,sunp
2023-09-27T00:00:00Z,9,17.768586875,temperature,sunp
2023-09-27T00:00:00Z,10,15.494343125,temperature,sunp
2023-09-28T00:00:00Z,1,18.10894201388889,temperature,sunp
2023-09-28T00:00:00Z,2,18.02859972222222,temperature,sunp
2023-09-28T00:00:00Z,3,17.977940833333335,temperature,sunp
2023-09-28T00:00:00Z,4,17.926933333333334,temperature,sunp
2023-09-28T00:00:00Z,5,17.867580486111112,temperature,sunp
2023-09-28T00:00:00Z,6,17.844867569444446,temperature,sunp
2023-09-28T00:00:00Z,7,17.77822625,temperature,sunp
2023-09-28T00:00:00Z,8,17.72533388888889,temperature,sunp
2023-09-28T00:00:00Z,9,17.640834375,temperature,sunp
2023-09-28T00:00:00Z,10,15.748634027777777,temperature,sunp
2023-09-29T00:00:00Z,1,17.80722111111111,temperature,sunp
2023-09-29T00:00:00Z,2,17.835937916666666,temperature,sunp
2023-09-29T00:00:00Z,3,17.852130833333334,temperature,sunp
2023-09-29T00:00:00Z,4,17.838894444444445,temperature,sunp
2023-09-29T00:00:00Z,5,17.817957777777778,temperature,sunp
2023-09-29T00:00:00Z,6,17.85413888888889,temperature,sunp
2023-09-29T00:00:00Z,7,17.831796666666666,temperature,sunp
2023-09-29T00:00:00Z,8,17.75794486111111,temperature,sunp
2023-09-29T00:00:00Z,9,17.344606805555557,temperature,sunp
2023-09-29T00:00:00Z,10,15.917919930555556,temperature,sunp
2023-09-30T00:00:00Z,1,17.714873194444444,temperature,sunp
2023-09-30T00:00:00Z,2,17.68440777777778,temperature,sunp
2023-09-30T00:00:00Z,3,17.64519875,temperature,sunp
2023-09-30T00:00:00Z,4,17.61549722222222,temperature,sunp
2023-09-30T00:00:00Z,5,17.582896458333334,temperature,sunp
2023-09-30T00:00:00Z,6,17.61146173611111,temperature,sunp
2023-09-30T00:00:00Z,7,17.579738055555556,temperature,sunp
2023-09-30T00:00:00Z,8,17.539833402777777,temperature,sunp
2023-09-30T00:00:00Z,9,17.40198638888889,temperature,sunp
2023-09-30T00:00:00Z,10,16.03254,temperature,sunp
2023-10-01T00:00:00Z,1,17.74868076388889,temperature,sunp
2023-10-01T00:00:00Z,2,17.750981666666668,temperature,sunp
2023-10-01T00:00:00Z,3,17.737064444444446,temperature,sunp
2023-10-01T00:00:00Z,4,17.707302430555554,temperature,sunp
2023-10-01T00:00:00Z,5,17.668761805555555,temperature,sunp
2023-10-01T00:00:00Z,6,17.68084201388889,temperature,sunp
2023-10-01T00:00:00Z,7,17.63682861111111,temperature,sunp
2023-10-01T00:00:00Z,8,17.58089326388889,temperature,sunp
2023-10-01T00:00:00Z,9,17.30749375,temperature,sunp
2023-10-01T00:00:00Z,10,15.958613541666667,temperature,sunp
2023-10-02T00:00:00Z,1,18.052662083333335,temperature,sunp
2023-10-02T00:00:00Z,2,17.87042784722222,temperature,sunp
2023-10-02T00:00:00Z,3,17.817862986111113,temperature,sunp
2023-10-02T00:00:00Z,4,17.76915625,temperature,sunp
2023-10-02T00:00:00Z,5,17.715050069444445,temperature,sunp
2023-10-02T00:00:00Z,6,17.71703,temperature,sunp
2023-10-02T00:00:00Z,7,17.630755555555556,temperature,sunp
2023-10-02T00:00:00Z,8,17.463449375,temperature,sunp
2023-10-02T00:00:00Z,9,17.26670201388889,temperature,sunp
2023-10-02T00:00:00Z,10,16.40506,temperature,sunp
2023-10-03T00:00:00Z,1,18.261448819444443,temperature,sunp
2023-10-03T00:00:00Z,2,17.994892152777776,temperature,sunp
2023-10-03T00:00:00Z,3,17.867062847222222,temperature,sunp
2023-10-03T00:00:00Z,4,17.77793513888889,temperature,sunp
2023-10-03T00:00:00Z,5,17.69056763888889,temperature,sunp
2023-10-03T00:00:00Z,6,17.60686888888889,temperature,sunp
2023-10-03T00:00:00Z,7,17.50267513888889,temperature,sunp
2023-10-03T00:00:00Z,8,17.379459791666665,temperature,sunp
2023-10-03T00:00:00Z,9,17.08966708333333,temperature,sunp
2023-10-03T00:00:00Z,10,15.682938680555555,temperature,sunp
2023-10-04T00:00:00Z,1,18.794694791666668,temperature,sunp
2023-10-04T00:00:00Z,2,18.283021597222223,temperature,sunp
2023-10-04T00:00:00Z,3,17.996473958333333,temperature,sunp
2023-10-04T00:00:00Z,4,17.829047291666665,temperature,sunp
2023-10-04T00:00:00Z,5,17.71547111111111,temperature,sunp
2023-10-04T00:00:00Z,6,17.660595,temperature,sunp
2023-10-04T00:00:00Z,7,17.555917430555557,temperature,sunp
2023-10-04T00:00:00Z,8,17.467318541666668,temperature,sunp
2023-10-04T00:00:00Z,9,17.29772611111111,temperature,sunp
2023-10-04T00:00:00Z,10,15.968720069444444,temperature,sunp
2023-10-05T00:00:00Z,1,19.212877916666667,temperature,sunp
2023-10-05T00:00:00Z,2,18.95960527777778,temperature,sunp
2023-10-05T00:00:00Z,3,18.41387472222222,temperature,sunp
2023-10-05T00:00:00Z,4,18.026769027777778,temperature,sunp
2023-10-05T00:00:00Z,5,17.843256666666665,temperature,sunp
2023-10-05T00:00:00Z,6,17.76141722222222,temperature,sunp
2023-10-05T00:00:00Z,7,17.645270347222223,temperature,sunp
2023-10-05T00:00:00Z,8,17.45155673611111,temperature,sunp
2023-10-05T00:00:00Z,9,17.15738138888889,temperature,sunp
2023-10-05T00:00:00Z,10,15.858212569444445,temperature,sunp
2023-10-06T00:00:00Z,1,18.630394444444445,temperature,sunp
2023-10-06T00:00:00Z,2,18.628786597222224,temperature,sunp
2023-10-06T00:00:00Z,3,18.578659583333334,temperature,sunp
2023-10-06T00:00:00Z,4,18.37833388888889,temperature,sunp
2023-10-06T00:00:00Z,5,18.206542430555555,temperature,sunp
2023-10-06T00:00:00Z,6,17.993754097222222,temperature,sunp
2023-10-06T00:00:00Z,7,17.743899097222222,temperature,sunp
2023-10-06T00:00:00Z,8,17.554720694444445,temperature,sunp
2023-10-06T00:00:00Z,9,17.309173333333334,temperature,sunp
2023-10-06T00:00:00Z,10,16.224747083333334,temperature,sunp
2023-10-07T00:00:00Z,1,18.135143333333332,temperature,sunp
2023-10-07T00:00:00Z,2,18.164396458333332,temperature,sunp
2023-10-07T00:00:00Z,3,18.178634791666667,temperature,sunp
2023-10-07T00:00:00Z,4,18.16438986111111,temperature,sunp
2023-10-07T00:00:00Z,5,18.14097701388889,temperature,sunp
2023-10-07T00:00:00Z,6,18.17150076388889,temperature,sunp
2023-10-07T00:00:00Z,7,18.144672222222223,temperature,sunp
2023-10-07T00:00:00Z,8,18.04468027777778,temperature,sunp
2023-10-07T00:00:00Z,9,17.408392361111112,temperature,sunp
2023-10-07T00:00:00Z,10,16.065015208333335,temperature,sunp
2023-10-08T00:00:00Z,1,17.81169347222222,temperature,sunp
2023-10-08T00:00:00Z,2,17.84060263888889,temperature,sunp
2023-10-08T00:00:00Z,3,17.853387083333335,temperature,sunp
2023-10-08T00:00:00Z,4,17.833878958333333,temperature,sunp
2023-10-08T00:00:00Z,5,17.795223333333333,temperature,sunp
2023-10-08T00:00:00Z,6,17.800602430555557,temperature,sunp
2023-10-08T00:00:00Z,7,17.723165208333334,temperature,sunp
2023-10-08T00:00:00Z,8,17.504499513888888,temperature,sunp
2023-10-08T00:00:00Z,9,17.149623541666667,temperature,sunp
2023-10-08T00:00:00Z,10,16.21903465277778,temperature,sunp
2023-10-09T00:00:00Z,1,17.36373375,temperature,sunp
2023-10-09T00:00:00Z,2,17.393743402777776,temperature,sunp
2023-10-09T00:00:00Z,3,17.40713638888889,temperature,sunp
2023-10-09T00:00:00Z,4,17.389071597222223,temperature,sunp
2023-10-09T00:00:00Z,5,17.35637722222222,temperature,sunp
2023-10-09T00:00:00Z,6,17.373829722222222,temperature,sunp
2023-10-09T00:00:00Z,7,17.33937923611111,temperature,sunp
2023-10-09T00:00:00Z,8,17.300506041666665,temperature,sunp
2023-10-09T00:00:00Z,9,17.19052465277778,temperature,sunp
2023-10-09T00:00:00Z,10,15.984251736111112,temperature,sunp
2023-10-10T00:00:00Z,1,16.93798548611111,temperature,sunp
2023-10-10T00:00:00Z,2,16.965815763888887,temperature,sunp
2023-10-10T00:00:00Z,3,16.98046097222222,temperature,sunp
2023-10-10T00:00:00Z,4,16.96740625,temperature,sunp
2023-10-10T00:00:00Z,5,16.94566361111111,temperature,sunp
2023-10-10T00:00:00Z,6,16.983330416666668,temperature,sunp
2023-10-10T00:00:00Z,7,16.96672486111111,temperature,sunp
2023-10-10T00:00:00Z,8,16.954002083333332,temperature,sunp
2023-10-10T00:00:00Z,9,16.982249027777776,temperature,sunp
2023-10-10T00:00:00Z,10,16.607549097222222,temperature,sunp
2023-10-11T00:00:00Z,1,16.733853819444445,temperature,sunp
2023-10-11T00:00:00Z,2,16.75870388888889,temperature,sunp
2023-10-11T00:00:00Z,3,16.764446805555554,temperature,sunp
2023-10-11T00:00:00Z,4,16.743537430555556,temperature,sunp
2023-10-11T00:00:00Z,5,16.718161388888888,temperature,sunp
2023-10-11T00:00:00Z,6,16.754164166666666,temperature,sunp
2023-10-11T00:00:00Z,7,16.73652486111111,temperature,sunp
2023-10-11T00:00:00Z,8,16.724921388888887,temperature,sunp
2023-10-11T00:00:00Z,9,16.75795527777778,temperature,sunp
2023-10-11T00:00:00Z,10,16.669344375,temperature,sunp
2023-10-12T00:00:00Z,1,16.559460208333334,temperature,sunp
2023-10-12T00:00:00Z,2,16.587180069444443,temperature,sunp
2023-10-12T00:00:00Z,3,16.599815069444446,temperature,sunp
2023-10-12T00:00:00Z,4,16.57901923611111,temperature,sunp
2023-10-12T00:00:00Z,5,16.547259791666665,temperature,sunp
2023-10-12T00:00:00Z,6,16.57328375,temperature,sunp
2023-10-12T00:00:00Z,7,16.553697708333335,temperature,sunp
2023-10-12T00:00:00Z,8,16.537242916666667,temperature,sunp
2023-10-12T00:00:00Z,9,16.54925548611111,temperature,sunp
2023-10-12T00:00:00Z,10,16.32183576388889,temperature,sunp
2023-10-13T00:00:00Z,1,16.13664826388889,temperature,sunp
2023-10-13T00:00:00Z,2,16.16983847222222,temperature,sunp
2023-10-13T00:00:00Z,3,16.18771263888889,temperature,sunp
2023-10-13T00:00:00Z,4,16.175768125,temperature,sunp
2023-10-13T00:00:00Z,5,16.153699305555556,temperature,sunp
2023-10-13T00:00:00Z,6,16.187866111111113,temperature,sunp
2023-10-13T00:00:00Z,7,16.172089236111113,temperature,sunp
2023-10-13T00:00:00Z,8,16.157356319444446,temperature,sunp
2023-10-13T00:00:00Z,9,16.171714027777778,temperature,sunp
2023-10-13T00:00:00Z,10,16.00396798611111,temperature,sunp
2023-10-14T00:00:00Z,1,15.703734166666667,temperature,sunp
2023-10-14T00:00:00Z,2,15.736269375000001,temperature,sunp
2023-10-14T00:00:00Z,3,15.753338611111111,temperature,sunp
2023-10-14T00:00:00Z,4,15.741827986111112,temperature,sunp
2023-10-14T00:00:00Z,5,15.72077048611111,temperature,sunp
2023-10-14T00:00:00Z,6,15.75663875,temperature,sunp
2023-10-14T00:00:00Z,7,15.741854166666666,temperature,sunp
2023-10-14T00:00:00Z,8,15.730253541666666,temperature,sunp
2023-10-14T00:00:00Z,9,15.757028402777777,temperature,sunp
2023-10-14T00:00:00Z,10,15.724064722222222,temperature,sunp
2023-10-15T00:00:00Z,1,15.318237430555556,temperature,sunp
2023-10-15T00:00:00Z,2,15.351938541666666,temperature,sunp
2023-10-15T00:00:00Z,3,15.369503611111112,temperature,sunp
2023-10-15T00:00:00Z,4,15.358363541666666,temperature,sunp
2023-10-15T00:00:00Z,5,15.337737777777777,temperature,sunp
2023-10-15T00:00:00Z,6,15.37453548611111,temperature,sunp
2023-10-15T00:00:00Z,7,15.360444097222222,temperature,sunp
2023-10-15T00:00:00Z,8,15.348937916666667,temperature,sunp
2023-10-15T00:00:00Z,9,15.370130486111112,temperature,sunp
2023-10-15T00:00:00Z,10,15.345006875,temperature,sunp
2023-10-16T00:00:00Z,1,14.975660486111112,temperature,sunp
2023-10-16T00:00:00Z,2,15.008386180555556,temperature,sunp
2023-10-16T00:00:00Z,3,15.02574263888889,temperature,sunp
2023-10-16T00:00:00Z,4,15.01479013888889,temperature,sunp
2023-10-16T00:00:00Z,5,14.994229375,temperature,sunp
2023-10-16T00:00:00Z,6,15.031382222222222,temperature,sunp
2023-10-16T00:00:00Z,7,15.017929861111112,temperature,sunp
2023-10-16T00:00:00Z,8,15.008344652777778,temperature,sunp
2023-10-16T00:00:00Z,9,15.036056180555555,temperature,sunp
2023-10-16T00:00:00Z,10,15.025506180555556,temperature,sunp
2023-10-17T00:00:00Z,1,14.757167777777777,temperature,sunp
2023-10-17T00:00:00Z,2,14.788234097222222,temperature,sunp
2023-10-17T00:00:00Z,3,14.804306111111112,temperature,sunp
2023-10-17T00:00:00Z,4,14.791815277777777,temperature,sunp
2023-10-17T00:00:00Z,5,14.769960416666667,temperature,sunp
2023-10-17T00:00:00Z,6,14.806431041666666,temperature,sunp
2023-10-17T00:00:00Z,7,14.790140069444444,temperature,sunp
2023-10-17T00:00:00Z,8,14.779918541666667,temperature,sunp
2023-10-17T00:00:00Z,9,14.817648472222222,temperature,sunp
2023-10-17T00:00:00Z,10,14.78714625,temperature,sunp
2023-10-18T00:00:00Z,1,14.624090763888889,temperature,sunp
2023-10-18T00:00:00Z,2,14.646411805555555,temperature,sunp
2023-10-18T00:00:00Z,3,14.655045416666667,temperature,sunp
2023-10-18T00:00:00Z,4,14.634776597222222,temperature,sunp
2023-10-18T00:00:00Z,5,14.609414652777778,temperature,sunp
2023-10-18T00:00:00Z,6,14.646400694444445,temperature,sunp
2023-10-18T00:00:00Z,7,14.628168402777778,temperature,sunp
2023-10-18T00:00:00Z,8,14.616106319444444,temperature,sunp
2023-10-18T00:00:00Z,9,14.659371319444444,temperature,sunp
2023-10-18T00:00:00Z,10,14.627897430555555,temperature,sunp
2023-10-19T00:00:00Z,1,14.590245694444445,temperature,sunp
2023-10-19T00:00:00Z,2,14.614570347222223,temperature,sunp
2023-10-19T00:00:00Z,3,14.623707430555555,temperature,sunp
2023-10-19T00:00:00Z,4,14.599251458333333,temperature,sunp
2023-10-19T00:00:00Z,5,14.564952569444445,temperature,sunp
2023-10-19T00:00:00Z,6,14.592069722222222,temperature,sunp
2023-10-19T00:00:00Z,7,14.568750416666667,temperature,sunp
2023-10-19T00:00:00Z,8,14.548807847222223,temperature,sunp
2023-10-19T00:00:00Z,9,14.574208194444445,temperature,sunp
2023-10-19T00:00:00Z,10,14.537280694444444,temperature,sunp
2023-10-20T00:00:00Z,1,14.404259583333333,temperature,sunp
2023-10-20T00:00:00Z,2,14.436691111111111,temperature,sunp
2023-10-20T00:00:00Z,3,14.454666944444444,temperature,sunp
2023-10-20T00:00:00Z,4,14.444152083333334,temperature,sunp
2023-10-20T00:00:00Z,5,14.424213680555555,temperature,sunp
2023-10-20T00:00:00Z,6,14.462301111111111,temperature,sunp
2023-10-20T00:00:00Z,7,14.449409652777778,temperature,sunp
2023-10-20T00:00:00Z,8,14.439471597222223,temperature,sunp
2023-10-20T00:00:00Z,9,14.464506041666667,temperature,sunp
2023-10-20T00:00:00Z,10,14.451310902777777,temperature,sunp
2023-10-21T00:00:00Z,1,14.310691944444445,temperature,sunp
2023-10-21T00:00:00Z,2,14.342732083333333,temperature,sunp
2023-10-21T00:00:00Z,3,14.360000902777777,temperature,sunp
2023-10-21T00:00:00Z,4,14.349988819444444,temperature,sunp
2023-10-21T00:00:00Z,5,14.33001625,temperature,sunp
2023-10-21T00:00:00Z,6,14.367679236111112,temperature,sunp
2023-10-21T00:00:00Z,7,14.35494423611111,temperature,sunp
2023-10-21T00:00:00Z,8,14.345644097222221,temperature,sunp
2023-10-21T00:00:00Z,9,14.377504930555556,temperature,sunp
2023-10-21T00:00:00Z,10,14.364860694444445,temperature,sunp
2023-10-22T00:00:00Z,1,14.071485694444444,temperature,sunp
2023-10-22T00:00:00Z,2,14.106553819444445,temperature,sunp
2023-10-22T00:00:00Z,3,14.124128333333333,temperature,sunp
2023-10-22T00:00:00Z,4,14.113622083333333,temperature,sunp
2023-10-22T00:00:00Z,5,14.09340423611111,temperature,sunp
2023-10-22T00:00:00Z,6,14.130228125,temperature,sunp
2023-10-22T00:00:00Z,7,14.115964097222223,temperature,sunp
2023-10-22T00:00:00Z,8,14.1044275,temperature,sunp
2023-10-22T00:00:00Z,9,14.124677986111111,temperature,sunp
2023-10-22T00:00:00Z,10,14.110825763888888,temperature,sunp
2023-10-23T00:00:00Z,1,13.719059791666666,temperature,sunp
2023-10-23T00:00:00Z,2,13.75175298611111,temperature,sunp
2023-10-23T00:00:00Z,3,13.768893958333333,temperature,sunp
2023-10-23T00:00:00Z,4,13.75928423611111,temperature,sunp
2023-10-23T00:00:00Z,5,13.739045972222222,temperature,sunp
2023-10-23T00:00:00Z,6,13.776187083333333,temperature,sunp
2023-10-23T00:00:00Z,7,13.76206611111111,temperature,sunp
2023-10-23T00:00:00Z,8,13.7510725,temperature,sunp
2023-10-23T00:00:00Z,9,13.785941319444444,temperature,sunp
2023-10-23T00:00:00Z,10,13.76793625,temperature,sunp
2023-10-24T00:00:00Z,1,13.49773763888889,temperature,sunp
2023-10-24T00:00:00Z,2,13.52110986111111,temperature,sunp
2023-10-24T00:00:00Z,3,13.532165138888889,temperature,sunp
2023-10-24T00:00:00Z,4,13.5174425,temperature,sunp
2023-10-24T00:00:00Z,5,13.493702777777777,temperature,sunp
2023-10-24T00:00:00Z,6,13.5307575,temperature,sunp
2023-10-24T00:00:00Z,7,13.510007222222223,temperature,sunp
2023-10-24T00:00:00Z,8,13.495432986111112,temperature,sunp
2023-10-24T00:00:00Z,9,13.554523680555556,temperature,sunp
2023-10-24T00:00:00Z,10,13.506126180555556,temperature,sunp
2023-10-25T00:00:00Z,1,13.440276875,temperature,sunp
2023-10-25T00:00:00Z,2,13.449215138888889,temperature,sunp
2023-10-25T00:00:00Z,3,13.431585138888888,temperature,sunp
2023-10-25T00:00:00Z,4,13.402753888888888,temperature,sunp
2023-10-25T00:00:00Z,5,13.369447430555555,temperature,sunp
2023-10-25T00:00:00Z,6,13.39806625,temperature,sunp
2023-10-25T00:00:00Z,7,13.376552361111111,temperature,sunp
2023-10-25T00:00:00Z,8,13.3598275,temperature,sunp
2023-10-25T00:00:00Z,9,13.397549791666666,temperature,sunp
2023-10-25T00:00:00Z,10,13.36822986111111,temperature,sunp
2023-10-26T00:00:00Z,1,13.594353125,temperature,sunp
2023-10-26T00:00:00Z,2,13.534039722222222,temperature,sunp
2023-10-26T00:00:00Z,3,13.484737361111112,temperature,sunp
2023-10-26T00:00:00Z,4,13.432838472222222,temperature,sunp
2023-10-26T00:00:00Z,5,13.385276041666666,temperature,sunp
2023-10-26T00:00:00Z,6,13.404387847222223,temperature,sunp
2023-10-26T00:00:00Z,7,13.37332576388889,temperature,sunp
2023-10-26T00:00:00Z,8,13.350907152777777,temperature,sunp
2023-10-26T00:00:00Z,9,13.402151944444444,temperature,sunp
2023-10-26T00:00:00Z,10,13.329479791666667,temperature,sunp
2023-10-27T00:00:00Z,1,13.63499513888889,temperature,sunp
2023-10-27T00:00:00Z,2,13.587616944444445,temperature,sunp
2023-10-27T00:00:00Z,3,13.51723798611111,temperature,sunp
2023-10-27T00:00:00Z,4,13.447072083333333,temperature,sunp
2023-10-27T00:00:00Z,5,13.390464861111111,temperature,sunp
2023-10-27T00:00:00Z,6,13.405379861111111,temperature,sunp
2023-10-27T00:00:00Z,7,13.372596527777779,temperature,sunp
2023-10-27T00:00:00Z,8,13.353662430555556,temperature,sunp
2023-10-27T00:00:00Z,9,13.407715902777777,temperature,sunp
2023-10-27T00:00:00Z,10,13.351784166666667,temperature,sunp
2023-10-28T00:00:00Z,1,13.559978194444444,temperature,sunp
2023-10-28T00:00:00Z,2,13.575375277777777,temperature,sunp
2023-10-28T00:00:00Z,3,13.561083958333333,temperature,sunp
2023-10-28T00:00:00Z,4,13.510573333333333,temperature,sunp
2023-10-28T00:00:00Z,5,13.452520069444445,temperature,sunp
2023-10-28T00:00:00Z,6,13.464042083333334,temperature,sunp
2023-10-28T00:00:00Z,7,13.429848611111112,temperature,sunp
2023-10-28T00:00:00Z,8,13.398294166666666,temperature,sunp
2023-10-28T00:00:00Z,9,13.412304236111112,temperature,sunp
2023-10-28T00:00:00Z,10,13.372567083333333,temperature,sunp
2023-10-29T00:00:00Z,1,13.277367708333333,temperature,sunp
2023-10-29T00:00:00Z,2,13.310077013888888,temperature,sunp
2023-10-29T00:00:00Z,3,13.326374722222223,temperature,sunp
2023-10-29T00:00:00Z,4,13.315708055555556,temperature,sunp
2023-10-29T00:00:00Z,5,13.293076388888888,temperature,sunp
2023-10-29T00:00:00Z,6,13.329758402777777,temperature,sunp
2023-10-29T00:00:00Z,7,13.312418611111111,temperature,sunp
2023-10-29T00:00:00Z,8,13.298400069444444,temperature,sunp
2023-10-29T00:00:00Z,9,13.335840138888889,temperature,sunp
2023-10-29T00:00:00Z,10,13.303149444444445,temperature,sunp
2023-10-30T00:00:00Z,1,13.098146597222222,temperature,sunp
2023-10-30T00:00:00Z,2,13.132856666666667,temperature,sunp
2023-10-30T00:00:00Z,3,13.150868541666666,temperature,sunp
2023-10-30T00:00:00Z,4,13.141003680555556,temperature,sunp
2023-10-30T00:00:00Z,5,13.119674861111111,temperature,sunp
2023-10-30T00:00:00Z,6,13.156710833333333,temperature,sunp
2023-10-30T00:00:00Z,7,13.140845347222223,temperature,sunp
2023-10-30T00:00:00Z,8,13.127065416666667,temperature,sunp
2023-10-30T00:00:00Z,9,13.157847569444444,temperature,sunp
2023-10-30T00:00:00Z,10,13.132476180555555,temperature,sunp
2023-10-31T00:00:00Z,1,12.731096458333333,temperature,sunp
2023-10-31T00:00:00Z,2,12.76063263888889,temperature,sunp
2023-10-31T00:00:00Z,3,12.774817638888889,temperature,sunp
2023-10-31T00:00:00Z,4,12.762281527777777,temperature,sunp
2023-10-31T00:00:00Z,5,12.733281597222222,temperature,sunp
2023-10-31T00:00:00Z,6,12.760190833333333,temperature,sunp
2023-10-31T00:00:00Z,7,12.736874722222222,temperature,sunp
2023-10-31T00:00:00Z,8,12.715392152777778,temperature,sunp
2023-10-31T00:00:00Z,9,12.741451805555556,temperature,sunp
2023-10-31T00:00:00Z,10,12.708662361111111,temperature,sunp
2023-11-01T00:00:00Z,1,12.388997013888888,temperature,sunp
2023-11-01T00:00:00Z,2,12.419693680555556,temperature,sunp
2023-11-01T00:00:00Z,3,12.434810208333333,temperature,sunp
2023-11-01T00:00:00Z,4,12.424005347222222,temperature,sunp
2023-11-01T00:00:00Z,5,12.399824722222222,temperature,sunp
2023-11-01T00:00:00Z,6,12.435174444444444,temperature,sunp
2023-11-01T00:00:00Z,7,12.417305416666666,temperature,sunp
2023-11-01T00:00:00Z,8,12.404545208333333,temperature,sunp
2023-11-01T00:00:00Z,9,12.437550069444445,temperature,sunp
2023-11-01T00:00:00Z,10,12.419404097222221,temperature,sunp
2023-11-02T00:00:00Z,1,11.987722222222223,temperature,sunp
2023-11-02T00:00:00Z,2,12.020025,temperature,sunp
2023-11-02T00:00:00Z,3,12.036155416666666,temperature,sunp
2023-11-02T00:00:00Z,4,12.022213125,temperature,sunp
2023-11-02T00:00:00Z,5,11.993540069444444,temperature,sunp
2023-11-02T00:00:00Z,6,12.023941458333333,temperature,sunp
2023-11-02T00:00:00Z,7,11.996701111111111,temperature,sunp
2023-11-02T00:00:00Z,8,11.975428055555556,temperature,sunp
2023-11-02T00:00:00Z,9,12.000658055555556,temperature,sunp
2023-11-02T00:00:00Z,10,11.957488472222222,temperature,sunp
2023-11-03T00:00:00Z,1,11.727302708333333,temperature,sunp
2023-11-03T00:00:00Z,2,11.758310208333333,temperature,sunp
2023-11-03T00:00:00Z,3,11.77342576388889,temperature,sunp
2023-11-03T00:00:00Z,4,11.759931388888889,temperature,sunp
2023-11-03T00:00:00Z,5,11.73725173611111,temperature,sunp
2023-11-03T00:00:00Z,6,11.772015416666667,temperature,sunp
2023-11-03T00:00:00Z,7,11.75125,temperature,sunp
2023-11-03T00:00:00Z,8,11.734629722222222,temperature,sunp
2023-11-03T00:00:00Z,9,11.759186527777779,temperature,sunp
2023-11-03T00:00:00Z,10,11.744498125,temperature,sunp
2023-11-04T00:00:00Z,1,11.488843541666666,temperature,sunp
2023-11-04T00:00:00Z,2,11.519962083333333,temperature,sunp
2023-11-04T00:00:00Z,3,11.535311111111112,temperature,sunp
2023-11-04T00:00:00Z,4,11.5224175,temperature,sunp
2023-11-04T00:00:00Z,5,11.497543819444445,temperature,sunp
2023-11-04T00:00:00Z,6,11.532159652777779,temperature,sunp
2023-11-04T00:00:00Z,7,11.513156875,temperature,sunp
2023-11-04T00:00:00Z,8,11.500553680555555,temperature,sunp
2023-11-04T00:00:00Z,9,11.552592986111112,temperature,sunp
2023-11-04T00:00:00Z,10,11.518987986111112,temperature,sunp
2023-11-05T00:00:00Z,1,11.380381666666667,temperature,sunp
2023-11-05T00:00:00Z,2,11.412007291666667,temperature,sunp
2023-11-05T00:00:00Z,3,11.427341527777777,temperature,sunp
2023-11-05T00:00:00Z,4,11.415053402777778,temperature,sunp
2023-11-05T00:00:00Z,5,11.391987986111111,temperature,sunp
2023-11-05T00:00:00Z,6,11.427290694444444,temperature,sunp
2023-11-05T00:00:00Z,7,11.406523402777777,temperature,sunp
2023-11-05T00:00:00Z,8,11.393300069444445,temperature,sunp
2023-11-05T00:00:00Z,9,11.447472222222222,temperature,sunp
2023-11-05T00:00:00Z,10,11.413975138888889,temperature,sunp
2023-11-06T00:00:00Z,1,11.178552413793103,temperature,sunp
2023-11-06T00:00:00Z,2,11.209391379310345,temperature,sunp
2023-11-06T00:00:00Z,3,11.227761551724138,temperature,sunp
2023-11-06T00:00:00Z,4,11.216725344827585,temperature,sunp
2023-11-06T00:00:00Z,5,11.195173793103448,temperature,sunp
2023-11-06T00:00:00Z,6,11.236337068965517,temperature,sunp
2023-11-06T00:00:00Z,7,11.211868448275862,temperature,sunp
2023-11-06T00:00:00Z,8,11.192024655172414,temperature,sunp
2023-11-06T00:00:00Z,9,11.223275,temperature,sunp
2023-11-06T00:00:00Z,10,11.197940862068965,temperature,sunp
2023-11-07T00:00:00Z,1,NA,temperature,sunp
2023-11-07T00:00:00Z,2,NA,temperature,sunp
2023-11-07T00:00:00Z,3,NA,temperature,sunp
2023-11-07T00:00:00Z,4,NA,temperature,sunp
2023-11-07T00:00:00Z,5,NA,temperature,sunp
2023-11-07T00:00:00Z,6,NA,temperature,sunp
2023-11-07T00:00:00Z,7,NA,temperature,sunp
2023-11-07T00:00:00Z,8,NA,temperature,sunp
2023-11-07T00:00:00Z,9,NA,temperature,sunp
2023-11-07T00:00:00Z,10,NA,temperature,sunp
