datetime,site_id,depth,observation,variable
2017-08-27T00:00:00Z,BARC,0,31.440425531914897,temperature
2017-08-28T00:00:00Z,BARC,0,31.086666666666662,temperature
2017-08-29T00:00:00Z,BARC,0,31.159166666666668,temperature
2017-08-30T00:00:00Z,BARC,0,31.465208333333333,temperature
2017-08-31T00:00:00Z,BARC,0,31.717291666666668,temperature
2017-09-01T00:00:00Z,BARC,0,31.583333333333332,temperature
2017-09-02T00:00:00Z,BARC,0,31.03729166666667,temperature
2017-09-03T00:00:00Z,BARC,0,31.138958333333335,temperature
2017-09-04T00:00:00Z,BARC,0,31.406875,temperature
2017-09-05T00:00:00Z,BARC,0,31.02875,temperature
2017-09-06T00:00:00Z,BARC,0,30.766041666666663,temperature
2017-09-07T00:00:00Z,BARC,0,30.492916666666662,temperature
2017-09-08T00:00:00Z,BARC,0,30.147708333333338,temperature
2017-09-09T00:00:00Z,BARC,0,29.725833333333338,temperature
2017-09-10T00:00:00Z,BARC,0,28.890208333333337,temperature
2017-09-11T00:00:00Z,BARC,0,27.106666666666666,temperature
2017-09-12T00:00:00Z,BARC,0,26.568541666666665,temperature
2017-09-13T00:00:00Z,BARC,0,27.363333333333333,temperature
2017-09-14T00:00:00Z,BARC,0,28.766666666666666,temperature
2017-09-15T00:00:00Z,BARC,0,29.385208333333335,temperature
2017-09-16T00:00:00Z,BARC,0,29.2675,temperature
2017-09-17T00:00:00Z,BARC,0,28.835625,temperature
2017-09-18T00:00:00Z,BARC,0,28.785416666666663,temperature
2017-09-19T00:00:00Z,BARC,0,28.839166666666667,temperature
2017-09-20T00:00:00Z,BARC,0,29.250416666666663,temperature
2017-09-21T00:00:00Z,BARC,0,29.295625,temperature
2017-09-22T00:00:00Z,BARC,0,28.988958333333333,temperature
2017-09-23T00:00:00Z,BARC,0,28.903541666666666,temperature
2017-09-24T00:00:00Z,BARC,0,28.916666666666668,temperature
2017-09-25T00:00:00Z,BARC,0,29.394375,temperature
2017-09-26T00:00:00Z,BARC,0,29.701458333333335,temperature
2017-09-27T00:00:00Z,BARC,0,30.000208333333333,temperature
2017-09-28T00:00:00Z,BARC,0,30.21,temperature
2017-09-29T00:00:00Z,BARC,0,30.158958333333334,temperature
2017-09-30T00:00:00Z,BARC,0,29.817083333333333,temperature
2017-10-01T00:00:00Z,BARC,0,28.8625,temperature
2017-10-02T00:00:00Z,BARC,0,28.195833333333333,temperature
2017-10-03T00:00:00Z,BARC,0,27.88458333333333,temperature
2017-10-04T00:00:00Z,BARC,0,27.609375,temperature
2017-10-05T00:00:00Z,BARC,0,27.312083333333337,temperature
2017-10-06T00:00:00Z,BARC,0,27.607291666666665,temperature
2017-10-07T00:00:00Z,BARC,0,28.328541666666663,temperature
2017-10-08T00:00:00Z,BARC,0,28.40875,temperature
2017-10-09T00:00:00Z,BARC,0,28.974166666666665,temperature
2017-10-10T00:00:00Z,BARC,0,29.53,temperature
2017-10-11T00:00:00Z,BARC,0,29.579375,temperature
2017-10-12T00:00:00Z,BARC,0,29.24625,temperature
2017-10-13T00:00:00Z,BARC,0,28.796458333333337,temperature
2017-10-14T00:00:00Z,BARC,0,28.538541666666667,temperature
2017-10-15T00:00:00Z,BARC,0,28.58416666666667,temperature
2017-10-16T00:00:00Z,BARC,0,28.983958333333337,temperature
2017-10-17T00:00:00Z,BARC,0,28.313125,temperature
2017-10-18T00:00:00Z,BARC,0,27.128333333333337,temperature
2017-10-19T00:00:00Z,BARC,0,26.553333333333335,temperature
2017-10-20T00:00:00Z,BARC,0,26.417083333333338,temperature
2017-10-21T00:00:00Z,BARC,0,26.332291666666663,temperature
2017-10-22T00:00:00Z,BARC,0,26.4325,temperature
2017-10-23T00:00:00Z,BARC,0,26.562291666666667,temperature
2017-10-24T00:00:00Z,BARC,0,26.450833333333332,temperature
2017-10-25T00:00:00Z,BARC,0,25.845208333333332,temperature
2017-10-26T00:00:00Z,BARC,0,24.947916666666668,temperature
2017-10-27T00:00:00Z,BARC,0,24.329166666666666,temperature
2017-10-28T00:00:00Z,BARC,0,24.071041666666662,temperature
2017-10-29T00:00:00Z,BARC,0,23.815833333333337,temperature
2017-10-30T00:00:00Z,BARC,0,22.852916666666665,temperature
2017-10-31T00:00:00Z,BARC,0,22.392291666666665,temperature
2017-11-01T00:00:00Z,BARC,0,22.215625,temperature
2017-11-02T00:00:00Z,BARC,0,22.313333333333333,temperature
2017-11-03T00:00:00Z,BARC,0,22.544375,temperature
2017-11-04T00:00:00Z,BARC,0,22.671875,temperature
2017-11-05T00:00:00Z,BARC,0,22.707916666666662,temperature
2017-11-06T00:00:00Z,BARC,0,23.114166666666662,temperature
2017-11-07T00:00:00Z,BARC,0,23.655,temperature
2017-11-08T00:00:00Z,BARC,0,23.835208333333338,temperature
2017-11-09T00:00:00Z,BARC,0,23.800416666666667,temperature
2017-11-10T00:00:00Z,BARC,0,23.060625,temperature
2017-11-11T00:00:00Z,BARC,0,22.468541666666667,temperature
2017-11-12T00:00:00Z,BARC,0,22.279375,temperature
2017-11-13T00:00:00Z,BARC,0,22.414375,temperature
2017-11-14T00:00:00Z,BARC,0,22.20916666666667,temperature
2017-11-15T00:00:00Z,BARC,0,21.566666666666663,temperature
2017-11-16T00:00:00Z,BARC,0,21.06125,temperature
2017-11-17T00:00:00Z,BARC,0,20.897291666666668,temperature
2017-11-18T00:00:00Z,BARC,0,20.817291666666662,temperature
2017-11-19T00:00:00Z,BARC,0,20.734583333333333,temperature
2017-11-20T00:00:00Z,BARC,0,20.321666666666665,temperature
2017-11-21T00:00:00Z,BARC,0,20.155833333333337,temperature
2017-11-22T00:00:00Z,BARC,0,20.28875,temperature
2017-11-23T00:00:00Z,BARC,0,20.208125,temperature
2017-11-24T00:00:00Z,BARC,0,19.93375,temperature
2017-11-25T00:00:00Z,BARC,0,19.903958333333332,temperature
2017-11-26T00:00:00Z,BARC,0,19.930625,temperature
2017-11-27T00:00:00Z,BARC,0,19.860833333333332,temperature
2017-11-28T00:00:00Z,BARC,0,19.867659574468085,temperature
2017-11-29T00:00:00Z,BARC,0,20.13212765957447,temperature
2017-11-30T00:00:00Z,BARC,0,20.316739130434783,temperature
2017-12-01T00:00:00Z,BARC,0,20.566170212765957,temperature
2017-12-02T00:00:00Z,BARC,0,20.67086956521739,temperature
2017-12-03T00:00:00Z,BARC,0,20.708297872340427,temperature
2017-12-04T00:00:00Z,BARC,0,20.486875,temperature
2017-12-05T00:00:00Z,BARC,0,20.66,temperature
2017-12-06T00:00:00Z,BARC,0,20.95875,temperature
2017-12-07T00:00:00Z,BARC,0,20.492916666666662,temperature
2017-12-08T00:00:00Z,BARC,0,19.78625,temperature
2017-12-09T00:00:00Z,BARC,0,18.944375,temperature
2017-12-10T00:00:00Z,BARC,0,17.964791666666667,temperature
2017-12-11T00:00:00Z,BARC,0,17.368333333333332,temperature
2017-12-12T00:00:00Z,BARC,0,16.953541666666666,temperature
2017-12-13T00:00:00Z,BARC,0,16.623125,temperature
2017-12-14T00:00:00Z,BARC,0,16.456458333333334,temperature
2017-12-15T00:00:00Z,BARC,0,16.608918918918917,temperature
2017-12-19T00:00:00Z,BARC,0,19.936666666666667,temperature
2017-12-20T00:00:00Z,BARC,0,19.273,temperature
2017-12-21T00:00:00Z,BARC,0,19.744375,temperature
2017-12-22T00:00:00Z,BARC,0,20.14,temperature
2017-12-23T00:00:00Z,BARC,0,20.18125,temperature
2017-12-24T00:00:00Z,BARC,0,20.27375,temperature
2017-12-25T00:00:00Z,BARC,0,19.811666666666667,temperature
2017-12-26T00:00:00Z,BARC,0,18.418125,temperature
2017-12-27T00:00:00Z,BARC,0,18.085208333333338,temperature
2018-03-01T00:00:00Z,BARC,0,23.2421875,temperature
2018-03-02T00:00:00Z,BARC,0,22.922291666666663,temperature
2018-03-03T00:00:00Z,BARC,0,21.71875,temperature
2018-03-04T00:00:00Z,BARC,0,20.878333333333337,temperature
2018-03-05T00:00:00Z,BARC,0,20.599166666666665,temperature
2018-03-06T00:00:00Z,BARC,0,20.24625,temperature
2018-03-07T00:00:00Z,BARC,0,20.150625,temperature
2018-03-08T00:00:00Z,BARC,0,19.562571428571427,temperature
2018-03-09T00:00:00Z,BARC,0,19.4425,temperature
2018-03-10T00:00:00Z,BARC,0,19.12125,temperature
2018-03-11T00:00:00Z,BARC,0,19.370416666666667,temperature
2018-03-12T00:00:00Z,BARC,0,19.975208333333335,temperature
2018-03-13T00:00:00Z,BARC,0,19.210625,temperature
2018-03-14T00:00:00Z,BARC,0,18.942916666666665,temperature
2018-03-15T00:00:00Z,BARC,0,18.78,temperature
2018-03-16T00:00:00Z,BARC,0,18.812083333333337,temperature
2018-03-17T00:00:00Z,BARC,0,19.572708333333335,temperature
2018-03-18T00:00:00Z,BARC,0,20.359583333333333,temperature
2018-03-19T00:00:00Z,BARC,0,21.242291666666667,temperature
2018-03-20T00:00:00Z,BARC,0,20.8275,temperature
2018-03-21T00:00:00Z,BARC,0,20.013958333333335,temperature
2018-03-22T00:00:00Z,BARC,0,19.389583333333334,temperature
2018-03-23T00:00:00Z,BARC,0,19.271875,temperature
2018-03-24T00:00:00Z,BARC,0,19.617083333333333,temperature
2018-03-25T00:00:00Z,BARC,0,19.842291666666668,temperature
2018-03-26T00:00:00Z,BARC,0,20.044583333333332,temperature
2018-03-27T00:00:00Z,BARC,0,19.73212765957447,temperature
2018-03-28T00:00:00Z,BARC,0,20.4446511627907,temperature
2018-03-29T00:00:00Z,BARC,0,21.23375,temperature
2018-03-30T00:00:00Z,BARC,0,21.839791666666667,temperature
2018-03-31T00:00:00Z,BARC,0,21.492083333333333,temperature
2018-04-01T00:00:00Z,BARC,0,21.775833333333335,temperature
2018-04-02T00:00:00Z,BARC,0,22.739375,temperature
2018-04-03T00:00:00Z,BARC,0,23.545833333333334,temperature
2018-04-04T00:00:00Z,BARC,0,24.07875,temperature
2018-04-05T00:00:00Z,BARC,0,23.31854166666667,temperature
2018-04-06T00:00:00Z,BARC,0,23.241875,temperature
2018-04-07T00:00:00Z,BARC,0,23.697708333333335,temperature
2018-04-08T00:00:00Z,BARC,0,23.133125,temperature
2018-04-09T00:00:00Z,BARC,0,22.558958333333333,temperature
2018-04-10T00:00:00Z,BARC,0,22.109375,temperature
2018-04-11T00:00:00Z,BARC,0,21.89195121951219,temperature
2018-04-12T00:00:00Z,BARC,0,22.38595744680851,temperature
2018-04-13T00:00:00Z,BARC,0,22.86520833333333,temperature
2018-04-14T00:00:00Z,BARC,0,23.501666666666665,temperature
2018-04-15T00:00:00Z,BARC,0,23.942083333333333,temperature
2018-04-16T00:00:00Z,BARC,0,22.630208333333332,temperature
2018-04-17T00:00:00Z,BARC,0,22.44625,temperature
2018-04-18T00:00:00Z,BARC,0,22.782083333333333,temperature
2018-04-19T00:00:00Z,BARC,0,23.219791666666666,temperature
2018-04-20T00:00:00Z,BARC,0,23.290208333333332,temperature
2018-04-21T00:00:00Z,BARC,0,22.832916666666662,temperature
2018-04-22T00:00:00Z,BARC,0,22.87842105263158,temperature
2018-05-04T00:00:00Z,BARC,0,27.67692307692308,temperature
2018-05-05T00:00:00Z,BARC,0,26.377291666666668,temperature
2018-05-06T00:00:00Z,BARC,0,26.630416666666665,temperature
2018-05-07T00:00:00Z,BARC,0,27.055,temperature
2018-05-08T00:00:00Z,BARC,0,27.115,temperature
2018-05-09T00:00:00Z,BARC,0,27.09121951219512,temperature
2018-05-10T00:00:00Z,BARC,0,27.402083333333337,temperature
2018-05-11T00:00:00Z,BARC,0,27.822291666666665,temperature
2018-05-12T00:00:00Z,BARC,0,28.07625,temperature
2018-05-13T00:00:00Z,BARC,0,27.763125,temperature
2018-05-14T00:00:00Z,BARC,0,27.3625,temperature
2018-05-15T00:00:00Z,BARC,0,26.9875,temperature
2018-05-16T00:00:00Z,BARC,0,26.7725,temperature
2018-05-17T00:00:00Z,BARC,0,26.71625,temperature
2018-05-18T00:00:00Z,BARC,0,26.70875,temperature
2018-05-19T00:00:00Z,BARC,0,27.305208333333333,temperature
2018-05-20T00:00:00Z,BARC,0,26.893958333333337,temperature
2018-05-21T00:00:00Z,BARC,0,26.57581395348837,temperature
2018-05-22T00:00:00Z,BARC,0,26.779583333333335,temperature
2018-05-23T00:00:00Z,BARC,0,27.63625,temperature
2018-05-24T00:00:00Z,BARC,0,28.80638297872341,temperature
2018-05-25T00:00:00Z,BARC,0,28.675625,temperature
2018-05-26T00:00:00Z,BARC,0,28.7775,temperature
2018-05-27T00:00:00Z,BARC,0,28.138541666666665,temperature
2018-05-28T00:00:00Z,BARC,0,27.882916666666667,temperature
2018-05-29T00:00:00Z,BARC,0,28.043333333333333,temperature
2018-05-30T00:00:00Z,BARC,0,27.84583333333333,temperature
2018-05-31T00:00:00Z,BARC,0,28.148125,temperature
2018-06-01T00:00:00Z,BARC,0,28.894791666666663,temperature
2018-06-02T00:00:00Z,BARC,0,29.621458333333333,temperature
2018-06-03T00:00:00Z,BARC,0,29.669375,temperature
2018-06-04T00:00:00Z,BARC,0,28.08809523809524,temperature
2018-06-05T00:00:00Z,BARC,0,29.2,temperature
2018-06-06T00:00:00Z,BARC,0,30.9675,temperature
2018-06-07T00:00:00Z,BARC,0,28.734117647058824,temperature
2018-06-08T00:00:00Z,BARC,0,15.04,temperature
2018-06-10T00:00:00Z,BARC,0,24.45,temperature
2018-06-11T00:00:00Z,BARC,0,30.634285714285713,temperature
2018-06-12T00:00:00Z,BARC,0,33.24,temperature
2018-06-14T00:00:00Z,BARC,0,26.925,temperature
2018-06-15T00:00:00Z,BARC,0,28.625714285714288,temperature
2018-06-18T00:00:00Z,BARC,0,29.663888888888888,temperature
2018-06-19T00:00:00Z,BARC,0,31.129166666666663,temperature
2018-06-20T00:00:00Z,BARC,0,31.078260869565216,temperature
2018-06-21T00:00:00Z,BARC,0,31.05735294117647,temperature
2018-06-22T00:00:00Z,BARC,0,31.147083333333335,temperature
2018-06-23T00:00:00Z,BARC,0,31.342333333333332,temperature
2018-06-30T00:00:00Z,BARC,0,-0.14,temperature
2018-07-04T00:00:00Z,BARC,0,3.0299999999999994,temperature
2018-07-05T00:00:00Z,BARC,0,-0.14,temperature
2018-07-06T00:00:00Z,BARC,0,5.515454545454546,temperature
2018-07-07T00:00:00Z,BARC,0,-0.14,temperature
2018-07-08T00:00:00Z,BARC,0,28.387,temperature
2018-07-09T00:00:00Z,BARC,0,31.29531914893617,temperature
2018-07-10T00:00:00Z,BARC,0,31.686666666666667,temperature
2018-07-11T00:00:00Z,BARC,0,32.28375,temperature
2018-07-12T00:00:00Z,BARC,0,32.21270833333333,temperature
2018-07-13T00:00:00Z,BARC,0,32.49791666666667,temperature
2018-07-14T00:00:00Z,BARC,0,32.573125,temperature
2018-07-15T00:00:00Z,BARC,0,32.23375,temperature
2018-07-16T00:00:00Z,BARC,0,32.11270833333333,temperature
2018-07-17T00:00:00Z,BARC,0,31.889791666666667,temperature
2018-07-18T00:00:00Z,BARC,0,31.494545454545456,temperature
2018-07-19T00:00:00Z,BARC,0,31.19818181818182,temperature
2018-07-20T00:00:00Z,BARC,0,30.866458333333338,temperature
2018-07-21T00:00:00Z,BARC,0,30.780625,temperature
2018-07-22T00:00:00Z,BARC,0,30.2595,temperature
2018-07-23T00:00:00Z,BARC,0,29.876666666666665,temperature
2018-07-24T00:00:00Z,BARC,0,29.66875,temperature
2018-07-25T00:00:00Z,BARC,0,30.142291666666665,temperature
2018-07-26T00:00:00Z,BARC,0,30.219375,temperature
2018-07-27T00:00:00Z,BARC,0,30.42625,temperature
2018-07-28T00:00:00Z,BARC,0,31.240416666666665,temperature
2018-07-29T00:00:00Z,BARC,0,31.48125,temperature
2018-07-30T00:00:00Z,BARC,0,31.054166666666667,temperature
2018-07-31T00:00:00Z,BARC,0,30.54125,temperature
2018-08-01T00:00:00Z,BARC,0,30.597916666666663,temperature
2018-08-02T00:00:00Z,BARC,0,30.794583333333332,temperature
2018-08-03T00:00:00Z,BARC,0,30.925625,temperature
2018-08-04T00:00:00Z,BARC,0,29.76625,temperature
2018-08-05T00:00:00Z,BARC,0,28.931041666666665,temperature
2018-08-06T00:00:00Z,BARC,0,31.691666666666663,temperature
2018-08-07T00:00:00Z,BARC,0,31.514375,temperature
2018-08-08T00:00:00Z,BARC,0,32.130208333333336,temperature
2018-08-09T00:00:00Z,BARC,0,32.105000000000004,temperature
2018-08-10T00:00:00Z,BARC,0,31.856041666666663,temperature
2018-08-11T00:00:00Z,BARC,0,31.98,temperature
2018-08-12T00:00:00Z,BARC,0,32.118541666666665,temperature
2018-08-13T00:00:00Z,BARC,0,31.680416666666662,temperature
2018-08-14T00:00:00Z,BARC,0,31.626666666666665,temperature
2018-08-15T00:00:00Z,BARC,0,31.659375,temperature
2018-08-16T00:00:00Z,BARC,0,31.723541666666662,temperature
2018-08-17T00:00:00Z,BARC,0,31.474166666666665,temperature
2018-08-18T00:00:00Z,BARC,0,31.636041666666667,temperature
2018-08-19T00:00:00Z,BARC,0,31.936875,temperature
2018-08-20T00:00:00Z,BARC,0,31.893958333333337,temperature
2018-08-21T00:00:00Z,BARC,0,31.532083333333333,temperature
2018-08-22T00:00:00Z,BARC,0,31.4875,temperature
2018-08-23T00:00:00Z,BARC,0,32.0325,temperature
2018-08-24T00:00:00Z,BARC,0,31.72125,temperature
2018-08-25T00:00:00Z,BARC,0,31.715833333333332,temperature
2018-08-26T00:00:00Z,BARC,0,31.635833333333338,temperature
2018-11-19T00:00:00Z,BARC,0,22.494999999999997,temperature
2018-11-20T00:00:00Z,BARC,0,21.60809523809524,temperature
2018-11-21T00:00:00Z,BARC,0,21.454090909090908,temperature
2018-11-22T00:00:00Z,BARC,0,20.801,temperature
2018-11-23T00:00:00Z,BARC,0,20.646363636363635,temperature
2018-11-24T00:00:00Z,BARC,0,20.88571428571429,temperature
2018-11-25T00:00:00Z,BARC,0,21.281052631578948,temperature
2018-11-26T00:00:00Z,BARC,0,20.879375,temperature
2018-11-27T00:00:00Z,BARC,0,20.27,temperature
2018-11-28T00:00:00Z,BARC,0,19.234761904761903,temperature
2018-11-29T00:00:00Z,BARC,0,18.625,temperature
2018-11-30T00:00:00Z,BARC,0,18.4615,temperature
2018-12-01T00:00:00Z,BARC,0,18.494444444444444,temperature
2018-12-02T00:00:00Z,BARC,0,19.148260869565217,temperature
2018-12-03T00:00:00Z,BARC,0,20.317857142857143,temperature
2018-12-04T00:00:00Z,BARC,0,19.912380952380953,temperature
2018-12-05T00:00:00Z,BARC,0,18.580434782608695,temperature
2018-12-06T00:00:00Z,BARC,0,18.26058823529412,temperature
2018-12-07T00:00:00Z,BARC,0,17.931304347826085,temperature
2018-12-08T00:00:00Z,BARC,0,17.91037037037037,temperature
2018-12-09T00:00:00Z,BARC,0,18.1578125,temperature
2018-12-10T00:00:00Z,BARC,0,17.678541666666668,temperature
2018-12-11T00:00:00Z,BARC,0,17.08421052631579,temperature
2018-12-12T00:00:00Z,BARC,0,17,temperature
2018-12-13T00:00:00Z,BARC,0,16.549791666666668,temperature
2018-12-14T00:00:00Z,BARC,0,16.652564102564103,temperature
2018-12-15T00:00:00Z,BARC,0,17.019000000000002,temperature
2018-12-16T00:00:00Z,BARC,0,17.12,temperature
2018-12-17T00:00:00Z,BARC,0,16.968863636363636,temperature
2018-12-18T00:00:00Z,BARC,0,16.953023255813953,temperature
2018-12-19T00:00:00Z,BARC,0,16.815454545454546,temperature
2018-12-20T00:00:00Z,BARC,0,16.626041666666666,temperature
2018-12-21T00:00:00Z,BARC,0,16.578484848484848,temperature
2018-12-22T00:00:00Z,BARC,0,16.349117647058822,temperature
2018-12-23T00:00:00Z,BARC,0,16.22125,temperature
2018-12-24T00:00:00Z,BARC,0,16.207916666666666,temperature
2018-12-25T00:00:00Z,BARC,0,16.3525,temperature
2018-12-26T00:00:00Z,BARC,0,16.210208333333334,temperature
2018-12-27T00:00:00Z,BARC,0,16.387291666666666,temperature
2018-12-28T00:00:00Z,BARC,0,17.4875,temperature
2018-12-29T00:00:00Z,BARC,0,18.960416666666667,temperature
2018-12-30T00:00:00Z,BARC,0,19.481458333333332,temperature
2018-12-31T00:00:00Z,BARC,0,19.872708333333332,temperature
2019-01-01T00:00:00Z,BARC,0,20.444166666666668,temperature
2019-01-02T00:00:00Z,BARC,0,20.591041666666666,temperature
2019-01-03T00:00:00Z,BARC,0,20.535,temperature
2019-01-04T00:00:00Z,BARC,0,20.626458333333332,temperature
2019-01-05T00:00:00Z,BARC,0,19.430833333333332,temperature
2019-01-06T00:00:00Z,BARC,0,18.429791666666667,temperature
2019-01-07T00:00:00Z,BARC,0,18.129166666666663,temperature
2019-01-08T00:00:00Z,BARC,0,18.17875,temperature
2019-01-09T00:00:00Z,BARC,0,18.032083333333333,temperature
2019-01-10T00:00:00Z,BARC,0,17.461041666666667,temperature
2019-01-11T00:00:00Z,BARC,0,16.957083333333333,temperature
2019-01-12T00:00:00Z,BARC,0,16.798541666666665,temperature
2019-01-13T00:00:00Z,BARC,0,17.18166666666667,temperature
2019-01-14T00:00:00Z,BARC,0,17.202916666666667,temperature
2019-01-15T00:00:00Z,BARC,0,16.77625,temperature
2019-01-16T00:00:00Z,BARC,0,16.444166666666668,temperature
2019-01-17T00:00:00Z,BARC,0,16.307916666666667,temperature
2019-01-18T00:00:00Z,BARC,0,16.603541666666665,temperature
2019-01-19T00:00:00Z,BARC,0,16.950208333333332,temperature
2019-01-20T00:00:00Z,BARC,0,16.755625000000002,temperature
2019-01-21T00:00:00Z,BARC,0,15.916041666666668,temperature
2019-01-22T00:00:00Z,BARC,0,15.642916666666666,temperature
2019-01-23T00:00:00Z,BARC,0,16.09375,temperature
2019-01-24T00:00:00Z,BARC,0,16.899791666666665,temperature
2019-01-25T00:00:00Z,BARC,0,16.577708333333334,temperature
2019-01-26T00:00:00Z,BARC,0,15.939791666666666,temperature
2019-01-27T00:00:00Z,BARC,0,15.520208333333333,temperature
2019-01-28T00:00:00Z,BARC,0,15.044166666666667,temperature
2019-01-29T00:00:00Z,BARC,0,14.986666666666666,temperature
2019-01-30T00:00:00Z,BARC,0,14.676041666666666,temperature
2019-01-31T00:00:00Z,BARC,0,14.261739130434783,temperature
2019-02-01T00:00:00Z,BARC,0,14.296458333333334,temperature
2019-02-02T00:00:00Z,BARC,0,15.138125,temperature
2019-02-03T00:00:00Z,BARC,0,15.959583333333333,temperature
2019-02-04T00:00:00Z,BARC,0,16.295416666666668,temperature
2019-02-05T00:00:00Z,BARC,0,16.935625,temperature
2019-02-06T00:00:00Z,BARC,0,17.9775,temperature
2019-02-07T00:00:00Z,BARC,0,18.541041666666665,temperature
2019-02-08T00:00:00Z,BARC,0,19.23,temperature
2019-02-09T00:00:00Z,BARC,0,18.6025,temperature
2019-02-10T00:00:00Z,BARC,0,17.340208333333333,temperature
2019-02-11T00:00:00Z,BARC,0,18.208571428571428,temperature
2019-02-12T00:00:00Z,BARC,0,19.485,temperature
2019-02-13T00:00:00Z,BARC,0,19.257708333333333,temperature
2019-02-14T00:00:00Z,BARC,0,17.84625,temperature
2019-02-15T00:00:00Z,BARC,0,17.969583333333333,temperature
2019-02-16T00:00:00Z,BARC,0,18.067916666666665,temperature
2019-02-17T00:00:00Z,BARC,0,19.074375,temperature
2019-02-18T00:00:00Z,BARC,0,20.50875,temperature
2019-02-19T00:00:00Z,BARC,0,20.551666666666662,temperature
2019-02-20T00:00:00Z,BARC,0,20.153958333333332,temperature
2019-02-21T00:00:00Z,BARC,0,21.470208333333332,temperature
2019-02-22T00:00:00Z,BARC,0,22.535208333333333,temperature
2019-02-23T00:00:00Z,BARC,0,23.1125,temperature
2019-02-24T00:00:00Z,BARC,0,23.432708333333338,temperature
2019-02-25T00:00:00Z,BARC,0,21.652916666666663,temperature
2019-02-26T00:00:00Z,BARC,0,20.322291666666665,temperature
2019-02-27T00:00:00Z,BARC,0,20.429166666666667,temperature
2019-02-28T00:00:00Z,BARC,0,21.306060606060605,temperature
2019-03-01T00:00:00Z,BARC,0,21.599285714285713,temperature
2019-03-02T00:00:00Z,BARC,0,21.282083333333333,temperature
2019-03-03T00:00:00Z,BARC,0,21.246458333333333,temperature
2019-03-04T00:00:00Z,BARC,0,21.393541666666668,temperature
2019-03-05T00:00:00Z,BARC,0,20.392708333333335,temperature
2019-03-06T00:00:00Z,BARC,0,19.155416666666667,temperature
2019-03-07T00:00:00Z,BARC,0,18.959583333333335,temperature
2019-03-08T00:00:00Z,BARC,0,19.090416666666663,temperature
2019-03-09T00:00:00Z,BARC,0,19.723541666666662,temperature
2019-03-10T00:00:00Z,BARC,0,20.802083333333332,temperature
2019-03-11T00:00:00Z,BARC,0,22.115625,temperature
2019-03-12T00:00:00Z,BARC,0,22.492708333333333,temperature
2019-03-13T00:00:00Z,BARC,0,21.651041666666668,temperature
2019-03-14T00:00:00Z,BARC,0,21.69375,temperature
2019-03-15T00:00:00Z,BARC,0,22.40058823529412,temperature
2019-03-16T00:00:00Z,BARC,0,22.734166666666667,temperature
2019-03-17T00:00:00Z,BARC,0,21.35875,temperature
2019-03-18T00:00:00Z,BARC,0,20.358333333333334,temperature
2019-03-19T00:00:00Z,BARC,0,19.937083333333337,temperature
2019-03-20T00:00:00Z,BARC,0,19.479166666666668,temperature
2019-03-21T00:00:00Z,BARC,0,19.58395833333333,temperature
2019-03-22T00:00:00Z,BARC,0,19.645208333333333,temperature
2019-03-23T00:00:00Z,BARC,0,20.1,temperature
2019-03-24T00:00:00Z,BARC,0,20.377708333333334,temperature
2019-03-25T00:00:00Z,BARC,0,21.039583333333333,temperature
2019-03-26T00:00:00Z,BARC,0,21.435,temperature
2019-03-27T00:00:00Z,BARC,0,21.079166666666666,temperature
2019-03-28T00:00:00Z,BARC,0,20.486666666666668,temperature
2019-03-29T00:00:00Z,BARC,0,20.75208333333333,temperature
2019-03-30T00:00:00Z,BARC,0,21.63,temperature
2019-03-31T00:00:00Z,BARC,0,21.977916666666665,temperature
2019-04-01T00:00:00Z,BARC,0,21.665777777777777,temperature
2019-04-02T00:00:00Z,BARC,0,20.973636363636363,temperature
2019-04-03T00:00:00Z,BARC,0,20.940208333333334,temperature
2019-04-04T00:00:00Z,BARC,0,21.236875,temperature
2019-04-05T00:00:00Z,BARC,0,21.851458333333333,temperature
2019-04-06T00:00:00Z,BARC,0,22.633333333333333,temperature
2019-04-07T00:00:00Z,BARC,0,23.742291666666667,temperature
2019-04-08T00:00:00Z,BARC,0,24.422162162162163,temperature
2019-04-09T00:00:00Z,BARC,0,24.685625,temperature
2019-04-10T00:00:00Z,BARC,0,24.82,temperature
2019-04-11T00:00:00Z,BARC,0,24.736041666666665,temperature
2019-04-12T00:00:00Z,BARC,0,25.114166666666662,temperature
2019-04-13T00:00:00Z,BARC,0,26.190833333333337,temperature
2019-04-14T00:00:00Z,BARC,0,26.108333333333334,temperature
2019-04-15T00:00:00Z,BARC,0,25.282291666666666,temperature
2019-04-16T00:00:00Z,BARC,0,24.801041666666663,temperature
2019-04-17T00:00:00Z,BARC,0,24.794791666666665,temperature
2019-04-18T00:00:00Z,BARC,0,24.994375,temperature
2019-04-19T00:00:00Z,BARC,0,25.158958333333334,temperature
2019-04-20T00:00:00Z,BARC,0,24.025,temperature
2019-04-21T00:00:00Z,BARC,0,23.796041666666667,temperature
2019-04-22T00:00:00Z,BARC,0,24.260833333333338,temperature
2019-04-23T00:00:00Z,BARC,0,24.601875,temperature
2019-04-24T00:00:00Z,BARC,0,24.965625,temperature
2019-04-25T00:00:00Z,BARC,0,25.340425531914892,temperature
2019-04-26T00:00:00Z,BARC,0,25.305833333333332,temperature
2019-04-27T00:00:00Z,BARC,0,25.177083333333332,temperature
2019-04-28T00:00:00Z,BARC,0,25.803125,temperature
2019-04-29T00:00:00Z,BARC,0,26.047708333333333,temperature
2019-04-30T00:00:00Z,BARC,0,26.172916666666666,temperature
2019-05-01T00:00:00Z,BARC,0,26.448958333333337,temperature
2019-05-02T00:00:00Z,BARC,0,26.65375,temperature
2019-05-03T00:00:00Z,BARC,0,26.875,temperature
2019-05-04T00:00:00Z,BARC,0,27.192708333333332,temperature
2019-05-05T00:00:00Z,BARC,0,27.306875,temperature
2019-05-06T00:00:00Z,BARC,0,27.248333333333335,temperature
2019-05-07T00:00:00Z,BARC,0,27.968125,temperature
2019-05-08T00:00:00Z,BARC,0,27.851041666666667,temperature
2019-05-09T00:00:00Z,BARC,0,27.794545454545453,temperature
2019-05-10T00:00:00Z,BARC,0,28.209583333333335,temperature
2019-05-11T00:00:00Z,BARC,0,28.468125,temperature
2019-05-12T00:00:00Z,BARC,0,28.731458333333332,temperature
2019-05-13T00:00:00Z,BARC,0,28.579375,temperature
2019-05-14T00:00:00Z,BARC,0,28.449583333333333,temperature
2019-05-15T00:00:00Z,BARC,0,28.550208333333337,temperature
2019-05-16T00:00:00Z,BARC,0,28.699166666666667,temperature
2019-05-17T00:00:00Z,BARC,0,28.766666666666666,temperature
2019-05-18T00:00:00Z,BARC,0,28.914375,temperature
2019-05-19T00:00:00Z,BARC,0,29.005625,temperature
2019-05-20T00:00:00Z,BARC,0,29.598333333333333,temperature
2019-05-21T00:00:00Z,BARC,0,29.896041666666665,temperature
2019-05-22T00:00:00Z,BARC,0,30.01,temperature
2019-05-23T00:00:00Z,BARC,0,29.74217391304348,temperature
2019-05-24T00:00:00Z,BARC,0,29.776875,temperature
2019-05-25T00:00:00Z,BARC,0,30.038541666666667,temperature
2019-05-26T00:00:00Z,BARC,0,30.401875,temperature
2019-05-27T00:00:00Z,BARC,0,30.745,temperature
2019-05-28T00:00:00Z,BARC,0,30.8275,temperature
2019-05-29T00:00:00Z,BARC,0,30.632291666666667,temperature
2019-05-30T00:00:00Z,BARC,0,31.047708333333333,temperature
2019-05-31T00:00:00Z,BARC,0,31.031666666666663,temperature
2019-06-01T00:00:00Z,BARC,0,31.089375,temperature
2019-06-02T00:00:00Z,BARC,0,31.098125,temperature
2019-06-03T00:00:00Z,BARC,0,31.419583333333332,temperature
2019-06-04T00:00:00Z,BARC,0,31.719166666666663,temperature
2019-06-05T00:00:00Z,BARC,0,31.606041666666663,temperature
2019-06-06T00:00:00Z,BARC,0,31.497333333333337,temperature
2019-06-07T00:00:00Z,BARC,0,31.16,temperature
2019-06-08T00:00:00Z,BARC,0,30.788846153846155,temperature
2019-06-09T00:00:00Z,BARC,0,30.304545454545455,temperature
2019-06-10T00:00:00Z,BARC,0,29.995384615384616,temperature
2019-06-11T00:00:00Z,BARC,0,30.14148148148148,temperature
2019-06-12T00:00:00Z,BARC,0,29.8152,temperature
2019-06-13T00:00:00Z,BARC,0,29.3304,temperature
2019-06-14T00:00:00Z,BARC,0,29.376153846153848,temperature
2019-06-15T00:00:00Z,BARC,0,29.4575,temperature
2019-06-16T00:00:00Z,BARC,0,30.069545454545455,temperature
2019-06-17T00:00:00Z,BARC,0,29.810384615384617,temperature
2019-06-18T00:00:00Z,BARC,0,29.94037037037037,temperature
2019-06-19T00:00:00Z,BARC,0,29.60304347826087,temperature
2019-06-20T00:00:00Z,BARC,0,29.56923076923077,temperature
2019-06-21T00:00:00Z,BARC,0,30.195357142857144,temperature
2019-06-22T00:00:00Z,BARC,0,30.775,temperature
2019-06-23T00:00:00Z,BARC,0,31.315185185185182,temperature
2019-06-24T00:00:00Z,BARC,0,31.597142857142856,temperature
2019-06-25T00:00:00Z,BARC,0,31.866071428571427,temperature
2019-06-26T00:00:00Z,BARC,0,31.984285714285715,temperature
2019-06-27T00:00:00Z,BARC,0,31.773214285714285,temperature
2019-06-28T00:00:00Z,BARC,0,31.619629629629628,temperature
2019-06-29T00:00:00Z,BARC,0,31.527142857142856,temperature
2019-06-30T00:00:00Z,BARC,0,31.892222222222223,temperature
2019-07-01T00:00:00Z,BARC,0,31.92857142857143,temperature
2019-07-02T00:00:00Z,BARC,0,32.24884615384615,temperature
2019-07-03T00:00:00Z,BARC,0,32.35333333333333,temperature
2019-07-04T00:00:00Z,BARC,0,32.475,temperature
2019-07-05T00:00:00Z,BARC,0,31.83,temperature
2019-07-06T00:00:00Z,BARC,0,31.45863636363636,temperature
2019-07-07T00:00:00Z,BARC,0,31.2152,temperature
2019-07-08T00:00:00Z,BARC,0,31.90923076923077,temperature
2019-07-09T00:00:00Z,BARC,0,31.683333333333337,temperature
2019-07-10T00:00:00Z,BARC,0,31.477083333333333,temperature
2019-07-11T00:00:00Z,BARC,0,31.5975,temperature
2019-07-12T00:00:00Z,BARC,0,31.677692307692308,temperature
2019-07-13T00:00:00Z,BARC,0,31.873846153846156,temperature
2019-07-14T00:00:00Z,BARC,0,32.636428571428574,temperature
2019-07-15T00:00:00Z,BARC,0,32.67722222222222,temperature
2019-07-16T00:00:00Z,BARC,0,32.48520833333333,temperature
2019-07-17T00:00:00Z,BARC,0,32.337954545454544,temperature
2019-07-18T00:00:00Z,BARC,0,32.39678571428571,temperature
2019-07-19T00:00:00Z,BARC,0,32.346875,temperature
2019-07-20T00:00:00Z,BARC,0,32.47,temperature
2019-07-21T00:00:00Z,BARC,0,32.175,temperature
2019-07-22T00:00:00Z,BARC,0,32.11423076923077,temperature
2019-07-23T00:00:00Z,BARC,0,31.811458333333334,temperature
2019-07-24T00:00:00Z,BARC,0,31.393030303030304,temperature
2019-07-25T00:00:00Z,BARC,0,30.904444444444444,temperature
2019-07-26T00:00:00Z,BARC,0,30.548529411764704,temperature
2019-07-27T00:00:00Z,BARC,0,30.65888888888889,temperature
2019-07-28T00:00:00Z,BARC,0,30.46178571428571,temperature
2019-07-29T00:00:00Z,BARC,0,30.45,temperature
2019-07-30T00:00:00Z,BARC,0,31.084285714285713,temperature
2019-07-31T00:00:00Z,BARC,0,31.374074074074073,temperature
2019-08-01T00:00:00Z,BARC,0,30.93,temperature
2019-08-02T00:00:00Z,BARC,0,30.648,temperature
2019-08-03T00:00:00Z,BARC,0,31.5044,temperature
2019-08-04T00:00:00Z,BARC,0,31.463571428571427,temperature
2019-08-05T00:00:00Z,BARC,0,31.41464285714286,temperature
2019-08-06T00:00:00Z,BARC,0,31.594444444444445,temperature
2019-08-07T00:00:00Z,BARC,0,31.1492,temperature
2019-08-08T00:00:00Z,BARC,0,31.38,temperature
2019-08-09T00:00:00Z,BARC,0,31.55645833333333,temperature
2019-08-10T00:00:00Z,BARC,0,32.116571428571426,temperature
2019-08-11T00:00:00Z,BARC,0,32.32689655172414,temperature
2019-08-12T00:00:00Z,BARC,0,32.62888888888889,temperature
2019-08-13T00:00:00Z,BARC,0,32.7376,temperature
2019-08-14T00:00:00Z,BARC,0,32.43857142857143,temperature
2019-08-15T00:00:00Z,BARC,0,31.83,temperature
2019-08-16T00:00:00Z,BARC,0,31.1875,temperature
2019-08-17T00:00:00Z,BARC,0,30.32842105263158,temperature
2019-08-18T00:00:00Z,BARC,0,29.950454545454548,temperature
2019-08-19T00:00:00Z,BARC,0,30.3024,temperature
2019-08-20T00:00:00Z,BARC,0,30.35,temperature
2019-08-21T00:00:00Z,BARC,0,30.8396,temperature
2019-08-22T00:00:00Z,BARC,0,31.67,temperature
2019-08-23T00:00:00Z,BARC,0,31.3,temperature
2019-08-24T00:00:00Z,BARC,0,31.2928,temperature
2019-08-25T00:00:00Z,BARC,0,31.053333333333335,temperature
2019-08-26T00:00:00Z,BARC,0,31.325454545454544,temperature
2019-08-27T00:00:00Z,BARC,0,31.394583333333333,temperature
2019-08-28T00:00:00Z,BARC,0,31.300833333333333,temperature
2019-08-29T00:00:00Z,BARC,0,31.39,temperature
2019-08-30T00:00:00Z,BARC,0,30.8368,temperature
2019-08-31T00:00:00Z,BARC,0,30.963333333333335,temperature
2019-09-01T00:00:00Z,BARC,0,30.5328,temperature
2019-09-02T00:00:00Z,BARC,0,30.568076923076923,temperature
2019-09-03T00:00:00Z,BARC,0,30.32923076923077,temperature
2019-09-04T00:00:00Z,BARC,0,29.702,temperature
2019-09-05T00:00:00Z,BARC,0,29.7452,temperature
2019-09-06T00:00:00Z,BARC,0,30.2344,temperature
2019-09-07T00:00:00Z,BARC,0,30.907692307692308,temperature
2019-09-08T00:00:00Z,BARC,0,31.316,temperature
2019-09-09T00:00:00Z,BARC,0,31.56791666666667,temperature
2019-09-10T00:00:00Z,BARC,0,31.0288,temperature
2019-09-11T00:00:00Z,BARC,0,30.7172,temperature
2019-09-12T00:00:00Z,BARC,0,30.536428571428573,temperature
2019-09-13T00:00:00Z,BARC,0,30.285416666666663,temperature
2019-09-14T00:00:00Z,BARC,0,30.062083333333337,temperature
2019-09-15T00:00:00Z,BARC,0,30.080416666666668,temperature
2019-09-16T00:00:00Z,BARC,0,30.316,temperature
2019-09-17T00:00:00Z,BARC,0,30.382,temperature
2019-09-18T00:00:00Z,BARC,0,30.214782608695653,temperature
2019-09-19T00:00:00Z,BARC,0,29.66695652173913,temperature
2019-09-20T00:00:00Z,BARC,0,29.352916666666665,temperature
2019-09-21T00:00:00Z,BARC,0,28.99375,temperature
2019-09-22T00:00:00Z,BARC,0,28.894166666666667,temperature
2019-09-23T00:00:00Z,BARC,0,28.7812,temperature
2019-09-24T00:00:00Z,BARC,0,29.100416666666668,temperature
2019-09-25T00:00:00Z,BARC,0,29.3184,temperature
2019-09-26T00:00:00Z,BARC,0,29.40086956521739,temperature
2019-09-27T00:00:00Z,BARC,0,29.713636363636365,temperature
2019-09-28T00:00:00Z,BARC,0,29.156,temperature
2019-09-29T00:00:00Z,BARC,0,28.983333333333334,temperature
2019-09-30T00:00:00Z,BARC,0,29.022083333333335,temperature
2019-10-01T00:00:00Z,BARC,0,28.876666666666665,temperature
2019-10-02T00:00:00Z,BARC,0,28.892,temperature
2019-10-03T00:00:00Z,BARC,0,28.956,temperature
2019-10-04T00:00:00Z,BARC,0,29.2252,temperature
2019-10-05T00:00:00Z,BARC,0,28.685416666666665,temperature
2019-10-06T00:00:00Z,BARC,0,28.365757575757577,temperature
2019-10-07T00:00:00Z,BARC,0,28.231333333333332,temperature
2019-10-08T00:00:00Z,BARC,0,27.888461538461534,temperature
2019-10-09T00:00:00Z,BARC,0,27.720625,temperature
2019-10-10T00:00:00Z,BARC,0,27.492916666666662,temperature
2019-10-11T00:00:00Z,BARC,0,27.311666666666667,temperature
2019-10-12T00:00:00Z,BARC,0,27.294583333333332,temperature
2019-10-13T00:00:00Z,BARC,0,27.399375,temperature
2019-10-14T00:00:00Z,BARC,0,27.523125,temperature
2019-10-15T00:00:00Z,BARC,0,27.449375,temperature
2019-10-16T00:00:00Z,BARC,0,27.288958333333333,temperature
2019-10-17T00:00:00Z,BARC,0,27.066666666666663,temperature
2019-10-18T00:00:00Z,BARC,0,26.455416666666668,temperature
2019-10-19T00:00:00Z,BARC,0,25.930625,temperature
2019-10-20T00:00:00Z,BARC,0,26.05375,temperature
2019-10-21T00:00:00Z,BARC,0,26.09958333333333,temperature
2019-10-22T00:00:00Z,BARC,0,25.945151515151515,temperature
2019-10-27T00:00:00Z,BARC,0,25.96181818181818,temperature
2019-10-28T00:00:00Z,BARC,0,26.50875,temperature
2019-10-29T00:00:00Z,BARC,0,27.347291666666667,temperature
2019-10-30T00:00:00Z,BARC,0,27.319583333333338,temperature
2019-10-31T00:00:00Z,BARC,0,27.383333333333333,temperature
2019-11-01T00:00:00Z,BARC,0,26.576666666666668,temperature
2019-11-02T00:00:00Z,BARC,0,25.54625,temperature
2019-11-03T00:00:00Z,BARC,0,24.8,temperature
2019-11-04T00:00:00Z,BARC,0,24.31125,temperature
2019-11-05T00:00:00Z,BARC,0,24.371458333333333,temperature
2019-11-06T00:00:00Z,BARC,0,24.294583333333332,temperature
2019-11-07T00:00:00Z,BARC,0,24.248214285714287,temperature
2019-11-10T00:00:00Z,BARC,0,23.103846153846153,temperature
2019-11-11T00:00:00Z,BARC,0,22.94,temperature
2019-11-12T00:00:00Z,BARC,0,22.809375,temperature
2019-11-13T00:00:00Z,BARC,0,22.012083333333333,temperature
2019-11-14T00:00:00Z,BARC,0,21.125208333333333,temperature
2019-11-15T00:00:00Z,BARC,0,20.689375,temperature
2019-11-16T00:00:00Z,BARC,0,20.118333333333332,temperature
2019-11-17T00:00:00Z,BARC,0,19.164666666666665,temperature
2019-11-18T00:00:00Z,BARC,0,18.875208333333333,temperature
2019-11-19T00:00:00Z,BARC,0,18.737291666666668,temperature
2019-11-20T00:00:00Z,BARC,0,18.456,temperature
2019-11-26T00:00:00Z,BARC,0,19.05857142857143,temperature
2019-11-27T00:00:00Z,BARC,0,18.555416666666662,temperature
2019-11-28T00:00:00Z,BARC,0,19.066041666666667,temperature
2019-11-29T00:00:00Z,BARC,0,18.801041666666663,temperature
2019-11-30T00:00:00Z,BARC,0,18.889583333333334,temperature
2019-12-01T00:00:00Z,BARC,0,19.132708333333333,temperature
2019-12-02T00:00:00Z,BARC,0,19.055,temperature
2019-12-03T00:00:00Z,BARC,0,18.313055555555557,temperature
2019-12-04T00:00:00Z,BARC,0,17.693409090909093,temperature
2019-12-05T00:00:00Z,BARC,0,17.344583333333333,temperature
2019-12-06T00:00:00Z,BARC,0,17.21270833333333,temperature
2019-12-07T00:00:00Z,BARC,0,17.12125,temperature
2019-12-08T00:00:00Z,BARC,0,17.111458333333335,temperature
2019-12-09T00:00:00Z,BARC,0,17.757708333333333,temperature
2019-12-10T00:00:00Z,BARC,0,18.3325,temperature
2019-12-11T00:00:00Z,BARC,0,18.845625,temperature
2019-12-12T00:00:00Z,BARC,0,17.843958333333333,temperature
2019-12-13T00:00:00Z,BARC,0,18.033125,temperature
2019-12-14T00:00:00Z,BARC,0,18.346458333333334,temperature
2019-12-15T00:00:00Z,BARC,0,18.299375,temperature
2019-12-16T00:00:00Z,BARC,0,18.297708333333333,temperature
2019-12-17T00:00:00Z,BARC,0,18.929583333333333,temperature
2019-12-18T00:00:00Z,BARC,0,18.91657894736842,temperature
2019-12-31T00:00:00Z,BARC,0,19.275454545454547,temperature
2020-01-01T00:00:00Z,BARC,0,18.505,temperature
2020-01-02T00:00:00Z,BARC,0,18.249555555555556,temperature
2020-01-03T00:00:00Z,BARC,0,19.1784,temperature
2020-01-04T00:00:00Z,BARC,0,19.77375,temperature
2020-01-05T00:00:00Z,BARC,0,18.531136363636364,temperature
2020-01-06T00:00:00Z,BARC,0,17.919166666666666,temperature
2020-01-07T00:00:00Z,BARC,0,17.60625,temperature
2020-01-08T00:00:00Z,BARC,0,17.338958333333334,temperature
2020-01-09T00:00:00Z,BARC,0,16.994583333333335,temperature
2020-01-10T00:00:00Z,BARC,0,17.24416666666667,temperature
2020-01-11T00:00:00Z,BARC,0,18.16448275862069,temperature
2020-01-12T00:00:00Z,BARC,0,19.133958333333332,temperature
2020-01-13T00:00:00Z,BARC,0,20.454791666666665,temperature
2020-01-14T00:00:00Z,BARC,0,20.804375,temperature
2020-01-15T00:00:00Z,BARC,0,21.07229166666667,temperature
2020-01-16T00:00:00Z,BARC,0,21.208125,temperature
2020-01-17T00:00:00Z,BARC,0,20.193448275862067,temperature
2020-01-18T00:00:00Z,BARC,0,19.364166666666662,temperature
2020-01-19T00:00:00Z,BARC,0,19.484791666666663,temperature
2020-01-20T00:00:00Z,BARC,0,18.347391304347827,temperature
2020-01-21T00:00:00Z,BARC,0,17.622083333333332,temperature
2020-01-22T00:00:00Z,BARC,0,16.37217391304348,temperature
2020-01-23T00:00:00Z,BARC,0,15.79,temperature
2020-01-24T00:00:00Z,BARC,0,15.963958333333334,temperature
2020-01-25T00:00:00Z,BARC,0,16.243541666666665,temperature
2020-01-26T00:00:00Z,BARC,0,16.075833333333332,temperature
2020-01-27T00:00:00Z,BARC,0,16.061458333333334,temperature
2020-01-28T00:00:00Z,BARC,0,16.009791666666665,temperature
2020-01-29T00:00:00Z,BARC,0,15.788636363636364,temperature
2020-01-30T00:00:00Z,BARC,0,15.509791666666668,temperature
2020-01-31T00:00:00Z,BARC,0,15.611666666666666,temperature
2020-02-01T00:00:00Z,BARC,0,15.598333333333333,temperature
2020-02-02T00:00:00Z,BARC,0,15.483333333333333,temperature
2020-02-03T00:00:00Z,BARC,0,15.724166666666669,temperature
2020-02-04T00:00:00Z,BARC,0,16.010625,temperature
2020-02-05T00:00:00Z,BARC,0,16.295833333333334,temperature
2020-02-06T00:00:00Z,BARC,0,17.295208333333335,temperature
2020-02-07T00:00:00Z,BARC,0,17.4225,temperature
2020-02-08T00:00:00Z,BARC,0,16.882916666666667,temperature
2020-02-09T00:00:00Z,BARC,0,16.789791666666666,temperature
2020-02-10T00:00:00Z,BARC,0,17.159583333333334,temperature
2020-02-11T00:00:00Z,BARC,0,18.329791666666665,temperature
2020-02-12T00:00:00Z,BARC,0,19.458333333333332,temperature
2020-02-17T00:00:00Z,BARC,0,19.153157894736843,temperature
2020-02-18T00:00:00Z,BARC,0,19.465,temperature
2020-02-19T00:00:00Z,BARC,0,20.969375,temperature
2020-02-20T00:00:00Z,BARC,0,21.063333333333333,temperature
2020-02-21T00:00:00Z,BARC,0,19.086875,temperature
2020-02-22T00:00:00Z,BARC,0,17.493125,temperature
2020-02-23T00:00:00Z,BARC,0,17.541666666666668,temperature
2020-02-24T00:00:00Z,BARC,0,17.804583333333333,temperature
2020-02-25T00:00:00Z,BARC,0,18.058297872340425,temperature
2020-02-26T00:00:00Z,BARC,0,18.1225,temperature
2020-02-27T00:00:00Z,BARC,0,17.750208333333333,temperature
2020-02-28T00:00:00Z,BARC,0,17.429583333333333,temperature
2020-02-29T00:00:00Z,BARC,0,17.157708333333332,temperature
2020-03-01T00:00:00Z,BARC,0,17.215833333333332,temperature
2020-03-02T00:00:00Z,BARC,0,17.383333333333333,temperature
2020-03-03T00:00:00Z,BARC,0,17.925208333333334,temperature
2020-03-04T00:00:00Z,BARC,0,19.055625,temperature
2020-03-05T00:00:00Z,BARC,0,20.353125,temperature
2020-03-06T00:00:00Z,BARC,0,20.598333333333333,temperature
2020-03-07T00:00:00Z,BARC,0,19.235833333333332,temperature
2020-03-08T00:00:00Z,BARC,0,18.397291666666668,temperature
2020-03-09T00:00:00Z,BARC,0,18.2895,temperature
2020-03-10T00:00:00Z,BARC,0,18.882291666666667,temperature
2020-03-11T00:00:00Z,BARC,0,19.826666666666668,temperature
2020-03-12T00:00:00Z,BARC,0,20.636875,temperature
2020-03-13T00:00:00Z,BARC,0,21.210416666666667,temperature
2020-03-14T00:00:00Z,BARC,0,21.844375,temperature
2020-03-15T00:00:00Z,BARC,0,22.623541666666668,temperature
2020-03-16T00:00:00Z,BARC,0,22.855833333333333,temperature
2020-03-17T00:00:00Z,BARC,0,23.015625,temperature
2020-03-18T00:00:00Z,BARC,0,23.672083333333333,temperature
2020-03-19T00:00:00Z,BARC,0,23.848541666666662,temperature
2020-03-20T00:00:00Z,BARC,0,24.345208333333332,temperature
2020-03-21T00:00:00Z,BARC,0,24.823958333333337,temperature
2020-03-22T00:00:00Z,BARC,0,25.18541666666667,temperature
2020-03-23T00:00:00Z,BARC,0,25.380208333333332,temperature
2020-03-24T00:00:00Z,BARC,0,25.3025,temperature
2020-03-25T00:00:00Z,BARC,0,24.989375,temperature
2020-03-26T00:00:00Z,BARC,0,25.2325,temperature
2020-03-27T00:00:00Z,BARC,0,25.665,temperature
2020-03-28T00:00:00Z,BARC,0,26.102083333333333,temperature
2020-03-29T00:00:00Z,BARC,0,26.547083333333333,temperature
2020-03-30T00:00:00Z,BARC,0,26.914375,temperature
2020-03-31T00:00:00Z,BARC,0,26.695208333333333,temperature
2020-04-01T00:00:00Z,BARC,0,25.573125,temperature
2020-04-02T00:00:00Z,BARC,0,25.074166666666667,temperature
2020-04-03T00:00:00Z,BARC,0,25.014375,temperature
2020-04-04T00:00:00Z,BARC,0,25.002291666666668,temperature
2020-04-05T00:00:00Z,BARC,0,24.674583333333334,temperature
2020-04-06T00:00:00Z,BARC,0,24.321666666666665,temperature
2020-04-07T00:00:00Z,BARC,0,24.7925,temperature
2020-04-08T00:00:00Z,BARC,0,25.327708333333337,temperature
2020-04-09T00:00:00Z,BARC,0,25.33395833333333,temperature
2020-04-10T00:00:00Z,BARC,0,25.5175,temperature
2020-04-11T00:00:00Z,BARC,0,25.0325,temperature
2020-04-12T00:00:00Z,BARC,0,25.017083333333332,temperature
2020-04-13T00:00:00Z,BARC,0,25.41375,temperature
2020-04-14T00:00:00Z,BARC,0,25.5575,temperature
2020-04-15T00:00:00Z,BARC,0,25.377291666666665,temperature
2020-04-16T00:00:00Z,BARC,0,24.535833333333333,temperature
2020-04-17T00:00:00Z,BARC,0,24.286458333333332,temperature
2020-04-18T00:00:00Z,BARC,0,24.471666666666668,temperature
2020-04-19T00:00:00Z,BARC,0,24.879791666666662,temperature
2020-04-20T00:00:00Z,BARC,0,25.510208333333335,temperature
2020-04-21T00:00:00Z,BARC,0,25.8775,temperature
2020-04-22T00:00:00Z,BARC,0,25.878333333333337,temperature
2020-04-23T00:00:00Z,BARC,0,25.667708333333337,temperature
2020-04-24T00:00:00Z,BARC,0,25.551666666666662,temperature
2020-04-25T00:00:00Z,BARC,0,25.544375,temperature
2020-04-26T00:00:00Z,BARC,0,26.269791666666663,temperature
2020-04-27T00:00:00Z,BARC,0,25.782083333333333,temperature
2020-04-28T00:00:00Z,BARC,0,25.709791666666668,temperature
2020-04-29T00:00:00Z,BARC,0,25.588125,temperature
2020-04-30T00:00:00Z,BARC,0,25.680625,temperature
2020-05-01T00:00:00Z,BARC,0,25.61916666666667,temperature
2020-05-02T00:00:00Z,BARC,0,26.071458333333332,temperature
2020-05-03T00:00:00Z,BARC,0,26.294791666666665,temperature
2020-05-04T00:00:00Z,BARC,0,26.628541666666667,temperature
2020-05-05T00:00:00Z,BARC,0,26.651458333333338,temperature
2020-05-06T00:00:00Z,BARC,0,26.725208333333335,temperature
2020-05-07T00:00:00Z,BARC,0,26.315,temperature
2020-05-08T00:00:00Z,BARC,0,25.842083333333335,temperature
2020-05-09T00:00:00Z,BARC,0,25.72833333333333,temperature
2020-05-10T00:00:00Z,BARC,0,25.425625,temperature
2020-05-11T00:00:00Z,BARC,0,25.444166666666668,temperature
2020-05-12T00:00:00Z,BARC,0,25.601458333333333,temperature
2020-05-13T00:00:00Z,BARC,0,25.534791666666667,temperature
2020-05-14T00:00:00Z,BARC,0,25.582916666666662,temperature
2020-05-15T00:00:00Z,BARC,0,25.738958333333333,temperature
2020-05-16T00:00:00Z,BARC,0,26.01,temperature
2020-05-17T00:00:00Z,BARC,0,26.623541666666668,temperature
2020-05-18T00:00:00Z,BARC,0,26.925833333333333,temperature
2020-05-19T00:00:00Z,BARC,0,26.741041666666668,temperature
2020-05-20T00:00:00Z,BARC,0,27.064375,temperature
2020-05-21T00:00:00Z,BARC,0,27.494791666666668,temperature
2020-05-22T00:00:00Z,BARC,0,28.083958333333335,temperature
2020-05-23T00:00:00Z,BARC,0,28.55875,temperature
2020-05-24T00:00:00Z,BARC,0,28.581041666666668,temperature
2020-05-25T00:00:00Z,BARC,0,28.244791666666668,temperature
2020-05-26T00:00:00Z,BARC,0,27.809166666666663,temperature
2020-05-27T00:00:00Z,BARC,0,28.10125,temperature
2020-05-28T00:00:00Z,BARC,0,28.362291666666668,temperature
2020-05-29T00:00:00Z,BARC,0,28.202916666666667,temperature
2020-05-30T00:00:00Z,BARC,0,28.610416666666666,temperature
2020-05-31T00:00:00Z,BARC,0,29.428333333333335,temperature
2020-06-01T00:00:00Z,BARC,0,29.5,temperature
2020-06-02T00:00:00Z,BARC,0,28.907291666666666,temperature
2020-06-03T00:00:00Z,BARC,0,28.846875,temperature
2020-06-04T00:00:00Z,BARC,0,28.59625,temperature
2020-06-05T00:00:00Z,BARC,0,28.385833333333338,temperature
2020-06-06T00:00:00Z,BARC,0,28.188125,temperature
2020-06-07T00:00:00Z,BARC,0,27.807916666666667,temperature
2020-06-08T00:00:00Z,BARC,0,27.925,temperature
2020-06-09T00:00:00Z,BARC,0,28.82,temperature
2020-06-10T00:00:00Z,BARC,0,28.998333333333335,temperature
2020-06-11T00:00:00Z,BARC,0,29.326458333333335,temperature
2020-06-12T00:00:00Z,BARC,0,29.56625,temperature
2020-06-13T00:00:00Z,BARC,0,29.392083333333332,temperature
2020-06-14T00:00:00Z,BARC,0,29.330208333333335,temperature
2020-06-15T00:00:00Z,BARC,0,29.331891891891892,temperature
2020-06-16T00:00:00Z,BARC,0,29.300625,temperature
2020-06-17T00:00:00Z,BARC,0,29.51875,temperature
2020-06-18T00:00:00Z,BARC,0,29.82875,temperature
2020-06-19T00:00:00Z,BARC,0,30.197708333333335,temperature
2020-06-20T00:00:00Z,BARC,0,30.293541666666663,temperature
2020-06-21T00:00:00Z,BARC,0,30.68125,temperature
2020-06-22T00:00:00Z,BARC,0,30.804583333333333,temperature
2020-06-23T00:00:00Z,BARC,0,30.654583333333335,temperature
2020-06-24T00:00:00Z,BARC,0,30.693333333333335,temperature
2020-06-25T00:00:00Z,BARC,0,31.186875,temperature
2020-06-26T00:00:00Z,BARC,0,31.551666666666662,temperature
2020-06-27T00:00:00Z,BARC,0,31.531666666666663,temperature
2020-06-28T00:00:00Z,BARC,0,31.329375,temperature
2020-06-29T00:00:00Z,BARC,0,31.68875,temperature
2020-06-30T00:00:00Z,BARC,0,31.913333333333338,temperature
2020-07-01T00:00:00Z,BARC,0,31.657291666666666,temperature
2020-07-02T00:00:00Z,BARC,0,31.358125,temperature
2020-07-03T00:00:00Z,BARC,0,31.450208333333332,temperature
2020-07-04T00:00:00Z,BARC,0,31.273333333333333,temperature
2020-07-05T00:00:00Z,BARC,0,30.883541666666662,temperature
2020-07-06T00:00:00Z,BARC,0,30.583333333333332,temperature
2020-07-07T00:00:00Z,BARC,0,30.312916666666663,temperature
2020-07-08T00:00:00Z,BARC,0,30.273958333333333,temperature
2020-07-09T00:00:00Z,BARC,0,30.579375,temperature
2020-07-10T00:00:00Z,BARC,0,31.1975,temperature
2020-07-11T00:00:00Z,BARC,0,31.469375,temperature
2020-07-12T00:00:00Z,BARC,0,31.712291666666665,temperature
2020-07-13T00:00:00Z,BARC,0,31.724166666666665,temperature
2020-07-14T00:00:00Z,BARC,0,31.826666666666668,temperature
2020-07-15T00:00:00Z,BARC,0,32.07270833333333,temperature
2020-07-16T00:00:00Z,BARC,0,31.942916666666665,temperature
2020-07-17T00:00:00Z,BARC,0,31.939375,temperature
2020-07-18T00:00:00Z,BARC,0,31.774166666666662,temperature
2020-07-19T00:00:00Z,BARC,0,31.91875,temperature
2020-07-20T00:00:00Z,BARC,0,31.9975,temperature
2020-07-21T00:00:00Z,BARC,0,32.01958333333334,temperature
2020-07-22T00:00:00Z,BARC,0,31.845833333333335,temperature
2020-07-23T00:00:00Z,BARC,0,31.530833333333337,temperature
2020-07-24T00:00:00Z,BARC,0,31.424583333333334,temperature
2020-07-25T00:00:00Z,BARC,0,31.453125,temperature
2020-07-26T00:00:00Z,BARC,0,31.638958333333335,temperature
2020-07-27T00:00:00Z,BARC,0,31.688541666666666,temperature
2020-07-28T00:00:00Z,BARC,0,31.534375,temperature
2020-07-29T00:00:00Z,BARC,0,31.27520833333333,temperature
2020-07-30T00:00:00Z,BARC,0,31.181666666666665,temperature
2020-07-31T00:00:00Z,BARC,0,31.597083333333337,temperature
2020-08-01T00:00:00Z,BARC,0,32.09125,temperature
2020-08-02T00:00:00Z,BARC,0,31.946875,temperature
2020-08-03T00:00:00Z,BARC,0,31.756666666666668,temperature
2020-08-04T00:00:00Z,BARC,0,32.17791666666667,temperature
2020-08-05T00:00:00Z,BARC,0,32.304375,temperature
2020-08-06T00:00:00Z,BARC,0,32.30645833333333,temperature
2020-08-07T00:00:00Z,BARC,0,31.996041666666667,temperature
2020-08-08T00:00:00Z,BARC,0,31.851666666666667,temperature
2020-08-09T00:00:00Z,BARC,0,32.189791666666665,temperature
2020-08-10T00:00:00Z,BARC,0,32.2,temperature
2020-08-11T00:00:00Z,BARC,0,31.813958333333332,temperature
2020-08-12T00:00:00Z,BARC,0,31.651041666666668,temperature
2020-08-13T00:00:00Z,BARC,0,31.79875,temperature
2020-08-14T00:00:00Z,BARC,0,31.836666666666662,temperature
2020-08-15T00:00:00Z,BARC,0,31.76125,temperature
2020-08-16T00:00:00Z,BARC,0,31.814583333333335,temperature
2020-08-17T00:00:00Z,BARC,0,31.946458333333332,temperature
2020-08-18T00:00:00Z,BARC,0,31.6025,temperature
2020-08-19T00:00:00Z,BARC,0,31.139375,temperature
2020-08-20T00:00:00Z,BARC,0,31.042291666666667,temperature
2020-08-21T00:00:00Z,BARC,0,30.566458333333333,temperature
2020-08-22T00:00:00Z,BARC,0,30.243125,temperature
2020-08-23T00:00:00Z,BARC,0,30.306875,temperature
2020-08-24T00:00:00Z,BARC,0,30.483958333333337,temperature
2020-08-25T00:00:00Z,BARC,0,30.788333333333338,temperature
2020-08-26T00:00:00Z,BARC,0,31.063541666666666,temperature
2020-08-27T00:00:00Z,BARC,0,31.174166666666668,temperature
2020-08-28T00:00:00Z,BARC,0,31.279583333333335,temperature
2020-08-29T00:00:00Z,BARC,0,31.187708333333333,temperature
2020-08-30T00:00:00Z,BARC,0,30.905,temperature
2020-08-31T00:00:00Z,BARC,0,30.710416666666667,temperature
2020-09-01T00:00:00Z,BARC,0,30.675625,temperature
2020-09-02T00:00:00Z,BARC,0,31.370833333333337,temperature
2020-09-03T00:00:00Z,BARC,0,31.975208333333335,temperature
2020-09-04T00:00:00Z,BARC,0,31.952291666666667,temperature
2020-09-05T00:00:00Z,BARC,0,31.9975,temperature
2020-09-06T00:00:00Z,BARC,0,31.856458333333332,temperature
2020-09-07T00:00:00Z,BARC,0,31.38,temperature
2020-09-08T00:00:00Z,BARC,0,31.004375,temperature
2020-09-09T00:00:00Z,BARC,0,30.9075,temperature
2020-09-10T00:00:00Z,BARC,0,30.82777777777778,temperature
2020-09-11T00:00:00Z,BARC,0,30.684166666666663,temperature
2020-09-12T00:00:00Z,BARC,0,30.488333333333333,temperature
2020-09-13T00:00:00Z,BARC,0,30.308333333333337,temperature
2020-09-14T00:00:00Z,BARC,0,30.285208333333333,temperature
2020-09-15T00:00:00Z,BARC,0,30.146041666666665,temperature
2020-09-16T00:00:00Z,BARC,0,30.00625,temperature
2020-09-17T00:00:00Z,BARC,0,29.754166666666663,temperature
2020-09-18T00:00:00Z,BARC,0,29.670833333333334,temperature
2020-09-19T00:00:00Z,BARC,0,29.358125,temperature
2020-09-20T00:00:00Z,BARC,0,28.4825,temperature
2020-09-21T00:00:00Z,BARC,0,27.665416666666665,temperature
2020-09-22T00:00:00Z,BARC,0,27.266875,temperature
2020-09-23T00:00:00Z,BARC,0,27.167708333333337,temperature
2020-09-24T00:00:00Z,BARC,0,27.24276595744681,temperature
2020-09-25T00:00:00Z,BARC,0,28.06875,temperature
2020-09-26T00:00:00Z,BARC,0,28.732083333333332,temperature
2020-09-27T00:00:00Z,BARC,0,28.668125,temperature
2020-09-28T00:00:00Z,BARC,0,28.138541666666665,temperature
2020-09-29T00:00:00Z,BARC,0,28.043541666666663,temperature
2020-09-30T00:00:00Z,BARC,0,27.566041666666667,temperature
2020-10-01T00:00:00Z,BARC,0,27.277708333333333,temperature
2020-10-02T00:00:00Z,BARC,0,26.842291666666668,temperature
2020-10-03T00:00:00Z,BARC,0,26.311458333333334,temperature
2020-10-04T00:00:00Z,BARC,0,25.695833333333333,temperature
2020-10-05T00:00:00Z,BARC,0,25.19333333333333,temperature
2020-10-06T00:00:00Z,BARC,0,25.595,temperature
2020-10-07T00:00:00Z,BARC,0,26.669,temperature
2020-10-08T00:00:00Z,BARC,0,27.167291666666667,temperature
2020-10-09T00:00:00Z,BARC,0,27.137708333333332,temperature
2020-10-10T00:00:00Z,BARC,0,27.28875,temperature
2020-10-11T00:00:00Z,BARC,0,27.546666666666667,temperature
2020-10-12T00:00:00Z,BARC,0,27.49,temperature
2020-10-13T00:00:00Z,BARC,0,27.5925,temperature
2020-10-14T00:00:00Z,BARC,0,27.936875,temperature
2020-10-15T00:00:00Z,BARC,0,28.081041666666668,temperature
2020-10-16T00:00:00Z,BARC,0,28.058958333333333,temperature
2020-10-17T00:00:00Z,BARC,0,27.5625,temperature
2020-10-18T00:00:00Z,BARC,0,27.083958333333335,temperature
2020-10-19T00:00:00Z,BARC,0,26.891041666666663,temperature
2020-10-20T00:00:00Z,BARC,0,26.829166666666666,temperature
2020-10-21T00:00:00Z,BARC,0,26.756875,temperature
2020-10-22T00:00:00Z,BARC,0,26.7175,temperature
2020-10-23T00:00:00Z,BARC,0,26.75583333333333,temperature
2020-10-24T00:00:00Z,BARC,0,26.851666666666667,temperature
2020-10-25T00:00:00Z,BARC,0,27.147916666666667,temperature
2020-10-26T00:00:00Z,BARC,0,27.17375,temperature
2020-10-27T00:00:00Z,BARC,0,27.19708333333333,temperature
2020-10-28T00:00:00Z,BARC,0,27.32375,temperature
2020-10-29T00:00:00Z,BARC,0,27.351666666666667,temperature
2020-10-30T00:00:00Z,BARC,0,27.026666666666667,temperature
2020-10-31T00:00:00Z,BARC,0,26.419375,temperature
2020-11-01T00:00:00Z,BARC,0,26.241666666666667,temperature
2020-11-02T00:00:00Z,BARC,0,25.453333333333333,temperature
2020-11-03T00:00:00Z,BARC,0,24.277708333333333,temperature
2020-11-04T00:00:00Z,BARC,0,23.65,temperature
2020-11-05T00:00:00Z,BARC,0,23.449583333333333,temperature
2020-11-06T00:00:00Z,BARC,0,23.539791666666662,temperature
2020-11-07T00:00:00Z,BARC,0,23.721041666666668,temperature
2020-11-08T00:00:00Z,BARC,0,23.794375,temperature
2020-11-09T00:00:00Z,BARC,0,23.815625,temperature
2020-11-10T00:00:00Z,BARC,0,24.008125,temperature
2020-11-11T00:00:00Z,BARC,0,24.36541666666667,temperature
2020-11-12T00:00:00Z,BARC,0,24.275833333333335,temperature
2020-11-13T00:00:00Z,BARC,0,24.267708333333335,temperature
2020-11-14T00:00:00Z,BARC,0,24.278125,temperature
2020-11-15T00:00:00Z,BARC,0,24.443958333333335,temperature
2020-11-16T00:00:00Z,BARC,0,24.528958333333335,temperature
2020-11-17T00:00:00Z,BARC,0,23.886041666666667,temperature
2020-11-18T00:00:00Z,BARC,0,22.923023255813952,temperature
2020-11-19T00:00:00Z,BARC,0,21.876875,temperature
2020-11-20T00:00:00Z,BARC,0,21.455,temperature
2020-11-21T00:00:00Z,BARC,0,21.464375,temperature
2020-11-22T00:00:00Z,BARC,0,21.572708333333335,temperature
2020-11-23T00:00:00Z,BARC,0,21.692291666666662,temperature
2020-11-24T00:00:00Z,BARC,0,21.663541666666667,temperature
2020-11-25T00:00:00Z,BARC,0,21.737708333333337,temperature
2020-11-26T00:00:00Z,BARC,0,22.012708333333332,temperature
2020-11-27T00:00:00Z,BARC,0,22.399166666666662,temperature
2020-11-28T00:00:00Z,BARC,0,22.376041666666666,temperature
2020-11-29T00:00:00Z,BARC,0,22.202083333333334,temperature
2020-11-30T00:00:00Z,BARC,0,22.025625,temperature
2020-12-01T00:00:00Z,BARC,0,21.064375,temperature
2020-12-02T00:00:00Z,BARC,0,19.746875,temperature
2020-12-03T00:00:00Z,BARC,0,18.935208333333332,temperature
2020-12-04T00:00:00Z,BARC,0,18.879791666666662,temperature
2020-12-05T00:00:00Z,BARC,0,18.858333333333334,temperature
2020-12-06T00:00:00Z,BARC,0,18.547291666666663,temperature
2020-12-07T00:00:00Z,BARC,0,18.246666666666663,temperature
2020-12-08T00:00:00Z,BARC,0,17.666923076923077,temperature
2020-12-09T00:00:00Z,BARC,0,16.994375,temperature
2020-12-10T00:00:00Z,BARC,0,16.95375,temperature
2020-12-11T00:00:00Z,BARC,0,16.9275,temperature
2020-12-12T00:00:00Z,BARC,0,16.880416666666665,temperature
2020-12-13T00:00:00Z,BARC,0,17.645625,temperature
2020-12-14T00:00:00Z,BARC,0,17.956041666666668,temperature
2020-12-15T00:00:00Z,BARC,0,17.800416666666667,temperature
2020-12-16T00:00:00Z,BARC,0,17.517708333333335,temperature
2020-12-17T00:00:00Z,BARC,0,17.211041666666667,temperature
2020-12-18T00:00:00Z,BARC,0,16.60333333333333,temperature
2020-12-19T00:00:00Z,BARC,0,16.131458333333335,temperature
2020-12-20T00:00:00Z,BARC,0,16.069166666666668,temperature
2020-12-21T00:00:00Z,BARC,0,16.545208333333335,temperature
2020-12-22T00:00:00Z,BARC,0,16.519166666666667,temperature
2020-12-23T00:00:00Z,BARC,0,16.469375,temperature
2020-12-24T00:00:00Z,BARC,0,16.635833333333334,temperature
2020-12-25T00:00:00Z,BARC,0,16.237916666666667,temperature
2020-12-26T00:00:00Z,BARC,0,15.350625,temperature
2020-12-27T00:00:00Z,BARC,0,14.84375,temperature
2020-12-28T00:00:00Z,BARC,0,14.84,temperature
2020-12-29T00:00:00Z,BARC,0,15.007916666666668,temperature
2020-12-30T00:00:00Z,BARC,0,15.273958333333333,temperature
2020-12-31T00:00:00Z,BARC,0,16.00625,temperature
2021-01-01T00:00:00Z,BARC,0,17.283541666666668,temperature
2021-01-02T00:00:00Z,BARC,0,18.520416666666662,temperature
2021-01-03T00:00:00Z,BARC,0,18.998541666666668,temperature
2021-01-04T00:00:00Z,BARC,0,17.742916666666666,temperature
2021-01-05T00:00:00Z,BARC,0,16.741041666666668,temperature
2021-01-06T00:00:00Z,BARC,0,16.347916666666666,temperature
2021-01-07T00:00:00Z,BARC,0,16.138958333333335,temperature
2021-01-08T00:00:00Z,BARC,0,16.1225,temperature
2021-01-09T00:00:00Z,BARC,0,15.582916666666666,temperature
2021-01-10T00:00:00Z,BARC,0,15.03,temperature
2021-01-11T00:00:00Z,BARC,0,15.000416666666666,temperature
2021-01-12T00:00:00Z,BARC,0,15.410833333333333,temperature
2021-01-13T00:00:00Z,BARC,0,15.06125,temperature
2021-01-14T00:00:00Z,BARC,0,14.908125,temperature
2021-01-15T00:00:00Z,BARC,0,14.85125,temperature
2021-01-16T00:00:00Z,BARC,0,14.845625,temperature
2021-01-17T00:00:00Z,BARC,0,14.564375,temperature
2021-01-18T00:00:00Z,BARC,0,14.384791666666668,temperature
2021-01-19T00:00:00Z,BARC,0,14.357083333333334,temperature
2021-01-20T00:00:00Z,BARC,0,14.325208333333334,temperature
2021-01-21T00:00:00Z,BARC,0,14.521875,temperature
2021-01-22T00:00:00Z,BARC,0,15.199166666666668,temperature
2021-01-23T00:00:00Z,BARC,0,15.686875,temperature
2021-01-24T00:00:00Z,BARC,0,15.584166666666668,temperature
2021-01-25T00:00:00Z,BARC,0,16.285833333333333,temperature
2021-01-26T00:00:00Z,BARC,0,17.236458333333335,temperature
2021-01-27T00:00:00Z,BARC,0,17.970833333333335,temperature
2021-01-28T00:00:00Z,BARC,0,17.570416666666667,temperature
2021-01-29T00:00:00Z,BARC,0,16.491666666666667,temperature
2021-01-30T00:00:00Z,BARC,0,16.179166666666667,temperature
2021-01-31T00:00:00Z,BARC,0,16.205416666666668,temperature
2021-02-01T00:00:00Z,BARC,0,16.441458333333333,temperature
2021-02-02T00:00:00Z,BARC,0,15.39078947368421,temperature
2021-02-03T00:00:00Z,BARC,0,14.827708333333334,temperature
2021-02-04T00:00:00Z,BARC,0,14.6725,temperature
2021-02-05T00:00:00Z,BARC,0,14.572916666666666,temperature
2021-02-06T00:00:00Z,BARC,0,14.633541666666666,temperature
2021-02-07T00:00:00Z,BARC,0,15.095833333333331,temperature
2021-02-08T00:00:00Z,BARC,0,15.498125,temperature
2021-02-09T00:00:00Z,BARC,0,16.50125,temperature
2021-02-10T00:00:00Z,BARC,0,17.378541666666667,temperature
2021-02-11T00:00:00Z,BARC,0,19.12125,temperature
2021-02-12T00:00:00Z,BARC,0,20.264166666666668,temperature
2021-02-13T00:00:00Z,BARC,0,19.990625,temperature
2021-02-14T00:00:00Z,BARC,0,19.58875,temperature
2021-02-15T00:00:00Z,BARC,0,19.257083333333338,temperature
2021-02-16T00:00:00Z,BARC,0,19.325,temperature
2021-02-17T00:00:00Z,BARC,0,18.680625,temperature
2021-02-18T00:00:00Z,BARC,0,18.584791666666668,temperature
2021-02-19T00:00:00Z,BARC,0,19.6,temperature
2021-02-20T00:00:00Z,BARC,0,18.384375,temperature
2021-02-21T00:00:00Z,BARC,0,17.89125,temperature
2021-02-22T00:00:00Z,BARC,0,17.94729166666667,temperature
2021-02-23T00:00:00Z,BARC,0,18.691666666666663,temperature
2021-02-24T00:00:00Z,BARC,0,18.885,temperature
2021-02-25T00:00:00Z,BARC,0,19.080208333333335,temperature
2021-02-26T00:00:00Z,BARC,0,19.709375,temperature
2021-02-27T00:00:00Z,BARC,0,20.466666666666665,temperature
2021-02-28T00:00:00Z,BARC,0,21.428333333333335,temperature
2021-03-01T00:00:00Z,BARC,0,22.315208333333334,temperature
2021-03-02T00:00:00Z,BARC,0,21.969375,temperature
2021-03-03T00:00:00Z,BARC,0,20.49375,temperature
2021-03-04T00:00:00Z,BARC,0,20.015416666666667,temperature
2021-03-05T00:00:00Z,BARC,0,20.01125,temperature
2021-03-06T00:00:00Z,BARC,0,19.545416666666668,temperature
2021-03-07T00:00:00Z,BARC,0,18.853958333333335,temperature
2021-03-08T00:00:00Z,BARC,0,18.640833333333333,temperature
2021-03-09T00:00:00Z,BARC,0,18.63,temperature
2021-03-10T00:00:00Z,BARC,0,18.836666666666662,temperature
2021-03-11T00:00:00Z,BARC,0,19.266875,temperature
2021-03-12T00:00:00Z,BARC,0,20.187291666666667,temperature
2021-03-13T00:00:00Z,BARC,0,20.897916666666667,temperature
2021-03-14T00:00:00Z,BARC,0,21.511458333333337,temperature
2021-03-15T00:00:00Z,BARC,0,22.027291666666667,temperature
2021-03-16T00:00:00Z,BARC,0,22.208541666666665,temperature
2021-03-17T00:00:00Z,BARC,0,22.804791666666667,temperature
2021-03-18T00:00:00Z,BARC,0,23.16625,temperature
2021-03-19T00:00:00Z,BARC,0,22.225416666666668,temperature
2021-03-20T00:00:00Z,BARC,0,21.504375,temperature
2021-03-21T00:00:00Z,BARC,0,20.229166666666668,temperature
2021-06-08T00:00:00Z,BARC,0,30.656,temperature
2021-06-09T00:00:00Z,BARC,0,30.133125,temperature
2021-06-10T00:00:00Z,BARC,0,30.381458333333335,temperature
2021-06-11T00:00:00Z,BARC,0,30.588125,temperature
2021-06-12T00:00:00Z,BARC,0,30.449791666666663,temperature
2021-06-13T00:00:00Z,BARC,0,30.206666666666667,temperature
2021-06-14T00:00:00Z,BARC,0,29.760208333333335,temperature
2021-06-15T00:00:00Z,BARC,0,29.397916666666667,temperature
2021-06-16T00:00:00Z,BARC,0,29.016041666666663,temperature
2021-06-17T00:00:00Z,BARC,0,29.284117647058824,temperature
2021-06-18T00:00:00Z,BARC,0,29.788541666666667,temperature
2021-06-19T00:00:00Z,BARC,0,29.847708333333333,temperature
2021-06-20T00:00:00Z,BARC,0,29.752916666666668,temperature
2021-06-21T00:00:00Z,BARC,0,29.455,temperature
2021-06-22T00:00:00Z,BARC,0,28.94375,temperature
2021-06-23T00:00:00Z,BARC,0,28.899583333333332,temperature
2021-06-24T00:00:00Z,BARC,0,29.005625,temperature
2021-06-25T00:00:00Z,BARC,0,28.363541666666663,temperature
2021-06-26T00:00:00Z,BARC,0,28.351666666666667,temperature
2021-06-27T00:00:00Z,BARC,0,28.548958333333335,temperature
2021-06-28T00:00:00Z,BARC,0,29.155625,temperature
2021-06-29T00:00:00Z,BARC,0,29.179375,temperature
2021-06-30T00:00:00Z,BARC,0,28.911041666666662,temperature
2021-07-01T00:00:00Z,BARC,0,28.750416666666663,temperature
2021-07-02T00:00:00Z,BARC,0,28.828958333333333,temperature
2021-07-03T00:00:00Z,BARC,0,28.720208333333332,temperature
2021-07-04T00:00:00Z,BARC,0,28.461458333333333,temperature
2021-07-05T00:00:00Z,BARC,0,28.476458333333333,temperature
2021-07-06T00:00:00Z,BARC,0,28.920625,temperature
2021-07-07T00:00:00Z,BARC,0,28.524791666666665,temperature
2021-07-08T00:00:00Z,BARC,0,28.173541666666665,temperature
2021-07-09T00:00:00Z,BARC,0,29.16,temperature
2021-07-10T00:00:00Z,BARC,0,29.43,temperature
2021-07-11T00:00:00Z,BARC,0,30.14,temperature
2021-07-12T00:00:00Z,BARC,0,30.219791666666666,temperature
2021-07-13T00:00:00Z,BARC,0,30.113333333333333,temperature
2021-07-14T00:00:00Z,BARC,0,30.364583333333332,temperature
2021-07-15T00:00:00Z,BARC,0,30.767708333333335,temperature
2021-07-16T00:00:00Z,BARC,0,31.132083333333338,temperature
2021-07-17T00:00:00Z,BARC,0,31.439166666666665,temperature
2021-07-18T00:00:00Z,BARC,0,31.710625,temperature
2021-07-19T00:00:00Z,BARC,0,31.412916666666668,temperature
2021-07-20T00:00:00Z,BARC,0,31.126666666666665,temperature
2021-07-21T00:00:00Z,BARC,0,31.228125,temperature
2021-07-22T00:00:00Z,BARC,0,31.277083333333337,temperature
2021-07-23T00:00:00Z,BARC,0,31.734166666666667,temperature
2021-07-24T00:00:00Z,BARC,0,31.187708333333333,temperature
2021-07-25T00:00:00Z,BARC,0,31.158958333333334,temperature
2021-07-26T00:00:00Z,BARC,0,31.142916666666668,temperature
2021-07-27T00:00:00Z,BARC,0,31.321458333333332,temperature
2021-07-28T00:00:00Z,BARC,0,31.05625,temperature
2021-07-29T00:00:00Z,BARC,0,30.951875,temperature
2021-07-30T00:00:00Z,BARC,0,31.403541666666666,temperature
2021-07-31T00:00:00Z,BARC,0,31.699166666666667,temperature
2021-08-01T00:00:00Z,BARC,0,31.735625,temperature
2021-08-02T00:00:00Z,BARC,0,31.550416666666667,temperature
2021-08-03T00:00:00Z,BARC,0,30.895,temperature
2021-08-04T00:00:00Z,BARC,0,30.305416666666662,temperature
2021-08-05T00:00:00Z,BARC,0,29.924791666666668,temperature
2021-08-06T00:00:00Z,BARC,0,29.725416666666668,temperature
2021-08-07T00:00:00Z,BARC,0,30.260208333333335,temperature
2021-08-08T00:00:00Z,BARC,0,30.84958333333333,temperature
2021-08-09T00:00:00Z,BARC,0,31.197916666666668,temperature
2021-08-10T00:00:00Z,BARC,0,31.6875,temperature
2021-08-11T00:00:00Z,BARC,0,32.02127659574468,temperature
2021-08-12T00:00:00Z,BARC,0,32.00354166666666,temperature
2021-08-13T00:00:00Z,BARC,0,31.545416666666668,temperature
2021-08-14T00:00:00Z,BARC,0,31.199166666666667,temperature
2021-08-15T00:00:00Z,BARC,0,30.74395833333333,temperature
2021-08-16T00:00:00Z,BARC,0,30.513958333333335,temperature
2021-08-17T00:00:00Z,BARC,0,30.399375,temperature
2021-08-18T00:00:00Z,BARC,0,30.795208333333335,temperature
2021-08-19T00:00:00Z,BARC,0,31.69125,temperature
2021-08-20T00:00:00Z,BARC,0,31.702916666666667,temperature
2021-08-21T00:00:00Z,BARC,0,32.2125,temperature
2021-08-22T00:00:00Z,BARC,0,32.18416666666667,temperature
2021-08-23T00:00:00Z,BARC,0,31.79625,temperature
2021-08-24T00:00:00Z,BARC,0,31.525416666666665,temperature
2021-08-25T00:00:00Z,BARC,0,31.171794871794873,temperature
2021-08-26T00:00:00Z,BARC,0,30.944791666666667,temperature
2021-08-27T00:00:00Z,BARC,0,30.65,temperature
2021-08-28T00:00:00Z,BARC,0,30.642916666666668,temperature
2021-08-29T00:00:00Z,BARC,0,30.861875,temperature
2021-08-30T00:00:00Z,BARC,0,31.33,temperature
2021-08-31T00:00:00Z,BARC,0,31.620625,temperature
2021-09-01T00:00:00Z,BARC,0,30.916875,temperature
2021-09-02T00:00:00Z,BARC,0,30.286041666666662,temperature
2021-09-03T00:00:00Z,BARC,0,30.184375,temperature
2021-09-04T00:00:00Z,BARC,0,30.16979166666667,temperature
2021-09-05T00:00:00Z,BARC,0,30.326458333333335,temperature
2021-09-06T00:00:00Z,BARC,0,30.581666666666667,temperature
2021-09-07T00:00:00Z,BARC,0,30.615,temperature
2021-09-08T00:00:00Z,BARC,0,30.6675,temperature
2021-09-09T00:00:00Z,BARC,0,30.19125,temperature
2021-09-10T00:00:00Z,BARC,0,30.169583333333332,temperature
2021-09-11T00:00:00Z,BARC,0,29.943125,temperature
2021-09-12T00:00:00Z,BARC,0,29.821875,temperature
2021-09-13T00:00:00Z,BARC,0,30.0675,temperature
2021-09-14T00:00:00Z,BARC,0,30.107916666666668,temperature
2021-09-15T00:00:00Z,BARC,0,29.945,temperature
2021-09-16T00:00:00Z,BARC,0,29.955208333333335,temperature
2021-09-17T00:00:00Z,BARC,0,29.890625,temperature
2021-09-18T00:00:00Z,BARC,0,30.02520833333333,temperature
2021-09-19T00:00:00Z,BARC,0,30.057708333333338,temperature
2021-09-20T00:00:00Z,BARC,0,29.732708333333335,temperature
2021-09-21T00:00:00Z,BARC,0,29.7775,temperature
2021-09-22T00:00:00Z,BARC,0,29.93125,temperature
2021-09-23T00:00:00Z,BARC,0,29.890625,temperature
2021-09-24T00:00:00Z,BARC,0,29.468333333333337,temperature
2021-09-25T00:00:00Z,BARC,0,29.245625,temperature
2021-09-26T00:00:00Z,BARC,0,29.136041666666667,temperature
2021-09-27T00:00:00Z,BARC,0,29.0175,temperature
2021-09-28T00:00:00Z,BARC,0,28.877916666666668,temperature
2021-09-29T00:00:00Z,BARC,0,28.76625,temperature
2021-09-30T00:00:00Z,BARC,0,28.677083333333332,temperature
2021-10-01T00:00:00Z,BARC,0,28.538333333333338,temperature
2021-10-02T00:00:00Z,BARC,0,28.423541666666665,temperature
2021-10-03T00:00:00Z,BARC,0,28.363541666666663,temperature
2021-10-04T00:00:00Z,BARC,0,28.406363636363636,temperature
2021-10-05T00:00:00Z,BARC,0,28.262708333333332,temperature
2021-10-06T00:00:00Z,BARC,0,28.172708333333333,temperature
2021-10-07T00:00:00Z,BARC,0,28.19354166666667,temperature
2021-10-08T00:00:00Z,BARC,0,28.363333333333333,temperature
2021-10-09T00:00:00Z,BARC,0,28.16625,temperature
2021-10-10T00:00:00Z,BARC,0,28.154375,temperature
2021-10-11T00:00:00Z,BARC,0,27.9775,temperature
2021-10-12T00:00:00Z,BARC,0,27.897708333333338,temperature
2021-10-13T00:00:00Z,BARC,0,27.941666666666663,temperature
2021-10-14T00:00:00Z,BARC,0,28.060625,temperature
2021-10-15T00:00:00Z,BARC,0,28.295,temperature
2021-10-16T00:00:00Z,BARC,0,28.240208333333335,temperature
2021-10-17T00:00:00Z,BARC,0,27.735625,temperature
2021-10-18T00:00:00Z,BARC,0,26.946666666666665,temperature
2021-10-19T00:00:00Z,BARC,0,26.403125,temperature
2021-10-20T00:00:00Z,BARC,0,26.075208333333332,temperature
2021-10-21T00:00:00Z,BARC,0,26.054791666666667,temperature
2021-10-22T00:00:00Z,BARC,0,26.19625,temperature
2021-10-23T00:00:00Z,BARC,0,26.327916666666667,temperature
2021-10-24T00:00:00Z,BARC,0,26.161458333333332,temperature
2021-10-25T00:00:00Z,BARC,0,26.22875,temperature
2021-10-26T00:00:00Z,BARC,0,26.441875,temperature
2021-10-27T00:00:00Z,BARC,0,26.151458333333338,temperature
2021-10-28T00:00:00Z,BARC,0,25.5875,temperature
2021-10-29T00:00:00Z,BARC,0,25.042708333333337,temperature
2021-10-30T00:00:00Z,BARC,0,24.464166666666667,temperature
2021-10-31T00:00:00Z,BARC,0,23.821666666666665,temperature
2021-11-01T00:00:00Z,BARC,0,23.394791666666663,temperature
2021-11-02T00:00:00Z,BARC,0,23.441875,temperature
2021-11-03T00:00:00Z,BARC,0,23.400625,temperature
2021-11-04T00:00:00Z,BARC,0,23.041875,temperature
2021-11-05T00:00:00Z,BARC,0,22.382291666666667,temperature
2021-11-06T00:00:00Z,BARC,0,20.97,temperature
2021-11-07T00:00:00Z,BARC,0,19.812916666666663,temperature
2021-11-08T00:00:00Z,BARC,0,19.553333333333335,temperature
2021-11-09T00:00:00Z,BARC,0,19.465625,temperature
2021-11-10T00:00:00Z,BARC,0,19.661041666666662,temperature
2021-11-11T00:00:00Z,BARC,0,19.99041666666667,temperature
2021-11-12T00:00:00Z,BARC,0,20.449166666666667,temperature
2021-11-13T00:00:00Z,BARC,0,20.419791666666665,temperature
2021-11-14T00:00:00Z,BARC,0,19.983958333333337,temperature
2021-11-15T00:00:00Z,BARC,0,19.677916666666665,temperature
2021-11-16T00:00:00Z,BARC,0,19.529583333333335,temperature
2021-11-17T00:00:00Z,BARC,0,19.528541666666666,temperature
2021-11-18T00:00:00Z,BARC,0,19.81125,temperature
2021-11-19T00:00:00Z,BARC,0,20.246041666666667,temperature
2021-11-20T00:00:00Z,BARC,0,19.779375,temperature
2021-11-21T00:00:00Z,BARC,0,19.920625,temperature
2021-11-22T00:00:00Z,BARC,0,20.178125,temperature
2021-11-23T00:00:00Z,BARC,0,19.682916666666667,temperature
2021-11-24T00:00:00Z,BARC,0,18.946666666666665,temperature
2021-11-25T00:00:00Z,BARC,0,18.749166666666667,temperature
2021-11-26T00:00:00Z,BARC,0,18.592291666666668,temperature
2021-11-27T00:00:00Z,BARC,0,18.264166666666668,temperature
2021-11-28T00:00:00Z,BARC,0,17.886666666666667,temperature
2021-11-29T00:00:00Z,BARC,0,17.742083333333333,temperature
2021-11-30T00:00:00Z,BARC,0,17.58791666666667,temperature
2021-12-01T00:00:00Z,BARC,0,17.465,temperature
2021-12-02T00:00:00Z,BARC,0,17.614375,temperature
2021-12-03T00:00:00Z,BARC,0,17.618125,temperature
2021-12-04T00:00:00Z,BARC,0,17.69625,temperature
2021-12-05T00:00:00Z,BARC,0,17.773125,temperature
2021-12-06T00:00:00Z,BARC,0,18.067916666666665,temperature
2021-12-07T00:00:00Z,BARC,0,18.47625,temperature
2021-12-08T00:00:00Z,BARC,0,18.8,temperature
2021-12-09T00:00:00Z,BARC,0,19.13375,temperature
2021-12-10T00:00:00Z,BARC,0,19.182083333333335,temperature
2021-12-11T00:00:00Z,BARC,0,19.860416666666666,temperature
2021-12-12T00:00:00Z,BARC,0,20.342916666666667,temperature
2021-12-13T00:00:00Z,BARC,0,19.860833333333332,temperature
2021-12-14T00:00:00Z,BARC,0,19.700833333333332,temperature
2021-12-15T00:00:00Z,BARC,0,19.684791666666666,temperature
2021-12-16T00:00:00Z,BARC,0,20.248863636363637,temperature
2021-12-17T00:00:00Z,BARC,0,20.86375,temperature
2021-12-18T00:00:00Z,BARC,0,21.046666666666667,temperature
2021-12-19T00:00:00Z,BARC,0,21.319791666666667,temperature
2021-12-20T00:00:00Z,BARC,0,20.80625,temperature
2021-12-21T00:00:00Z,BARC,0,19.564791666666668,temperature
2021-12-22T00:00:00Z,BARC,0,18.862083333333334,temperature
2021-12-23T00:00:00Z,BARC,0,18.435833333333335,temperature
2021-12-24T00:00:00Z,BARC,0,18.293125,temperature
2021-12-25T00:00:00Z,BARC,0,18.29,temperature
2021-12-26T00:00:00Z,BARC,0,18.432708333333338,temperature
2021-12-27T00:00:00Z,BARC,0,18.770625,temperature
2021-12-28T00:00:00Z,BARC,0,18.92125,temperature
2021-12-29T00:00:00Z,BARC,0,19.276041666666668,temperature
2021-12-30T00:00:00Z,BARC,0,19.687083333333337,temperature
2021-12-31T00:00:00Z,BARC,0,20.404375,temperature
2022-01-01T00:00:00Z,BARC,0,21.053541666666668,temperature
2022-01-02T00:00:00Z,BARC,0,21.198958333333337,temperature
2022-01-03T00:00:00Z,BARC,0,20.617083333333333,temperature
2022-01-04T00:00:00Z,BARC,0,19.416666666666668,temperature
2022-01-05T00:00:00Z,BARC,0,19.093958333333333,temperature
2022-01-06T00:00:00Z,BARC,0,18.800666666666668,temperature
2022-01-25T00:00:00Z,BARC,0,14.523846153846154,temperature
2022-01-26T00:00:00Z,BARC,0,14.376041666666667,temperature
2022-01-27T00:00:00Z,BARC,0,14.351875,temperature
2022-01-28T00:00:00Z,BARC,0,14.410833333333333,temperature
2022-01-29T00:00:00Z,BARC,0,14.055,temperature
2022-01-30T00:00:00Z,BARC,0,13.602708333333334,temperature
2022-01-31T00:00:00Z,BARC,0,13.509375,temperature
2022-02-01T00:00:00Z,BARC,0,13.837916666666668,temperature
2022-02-02T00:00:00Z,BARC,0,14.058333333333334,temperature
2022-02-03T00:00:00Z,BARC,0,14.936041666666666,temperature
2022-02-04T00:00:00Z,BARC,0,16.175833333333333,temperature
2022-02-05T00:00:00Z,BARC,0,16.945208333333333,temperature
2022-02-06T00:00:00Z,BARC,0,15.888541666666669,temperature
2022-02-07T00:00:00Z,BARC,0,15.115833333333333,temperature
2022-02-08T00:00:00Z,BARC,0,14.770625,temperature
2022-02-09T00:00:00Z,BARC,0,14.652916666666666,temperature
2022-02-10T00:00:00Z,BARC,0,14.930625,temperature
2022-02-11T00:00:00Z,BARC,0,15.415416666666667,temperature
2022-02-12T00:00:00Z,BARC,0,16.264375,temperature
2022-02-13T00:00:00Z,BARC,0,17.109375,temperature
2022-02-14T00:00:00Z,BARC,0,15.750833333333333,temperature
2022-02-15T00:00:00Z,BARC,0,15.41875,temperature
2022-02-16T00:00:00Z,BARC,0,15.576666666666666,temperature
2022-02-17T00:00:00Z,BARC,0,16.560416666666665,temperature
2022-02-18T00:00:00Z,BARC,0,17.976458333333333,temperature
2022-02-19T00:00:00Z,BARC,0,18.726041666666667,temperature
2022-02-20T00:00:00Z,BARC,0,17.821875,temperature
2022-02-21T00:00:00Z,BARC,0,18.026458333333338,temperature
2022-02-22T00:00:00Z,BARC,0,18.851875,temperature
2022-02-23T00:00:00Z,BARC,0,20.09583333333333,temperature
2022-02-24T00:00:00Z,BARC,0,21.123958333333334,temperature
2022-02-25T00:00:00Z,BARC,0,21.617083333333333,temperature
2022-02-26T00:00:00Z,BARC,0,21.903333333333332,temperature
2022-02-27T00:00:00Z,BARC,0,22.292708333333337,temperature
2022-02-28T00:00:00Z,BARC,0,21.888333333333332,temperature
2022-03-01T00:00:00Z,BARC,0,20.424791666666668,temperature
2022-03-02T00:00:00Z,BARC,0,20.48875,temperature
2022-03-03T00:00:00Z,BARC,0,20.573958333333337,temperature
2022-03-04T00:00:00Z,BARC,0,20.636458333333337,temperature
2022-03-05T00:00:00Z,BARC,0,20.758958333333332,temperature
2022-03-06T00:00:00Z,BARC,0,21.235625,temperature
2022-03-07T00:00:00Z,BARC,0,21.926875,temperature
2022-03-08T00:00:00Z,BARC,0,22.769791666666663,temperature
2022-03-09T00:00:00Z,BARC,0,23.222916666666663,temperature
2022-03-10T00:00:00Z,BARC,0,22.849375,temperature
2022-03-11T00:00:00Z,BARC,0,22.189375,temperature
2022-03-12T00:00:00Z,BARC,0,21.741875,temperature
2022-03-13T00:00:00Z,BARC,0,20.43,temperature
2022-03-14T00:00:00Z,BARC,0,19.905625,temperature
2022-03-15T00:00:00Z,BARC,0,19.953541666666663,temperature
2022-03-16T00:00:00Z,BARC,0,20.042916666666667,temperature
2022-03-17T00:00:00Z,BARC,0,21.023125,temperature
2022-03-18T00:00:00Z,BARC,0,21.831458333333337,temperature
2022-03-19T00:00:00Z,BARC,0,22.14875,temperature
2022-03-20T00:00:00Z,BARC,0,22.483333333333334,temperature
2022-03-21T00:00:00Z,BARC,0,22.0190625,temperature
2022-03-30T00:00:00Z,BARC,0,23.3805,temperature
2022-03-31T00:00:00Z,BARC,0,22.897083333333335,temperature
2022-04-01T00:00:00Z,BARC,0,23.129375,temperature
2022-04-02T00:00:00Z,BARC,0,23.394166666666667,temperature
2022-04-03T00:00:00Z,BARC,0,22.844166666666663,temperature
2022-04-04T00:00:00Z,BARC,0,23.434375,temperature
2022-04-05T00:00:00Z,BARC,0,24.003888888888888,temperature
2022-04-06T00:00:00Z,BARC,0,24.46048780487805,temperature
2022-04-07T00:00:00Z,BARC,0,24.739791666666665,temperature
2022-04-08T00:00:00Z,BARC,0,24.3125,temperature
2022-04-09T00:00:00Z,BARC,0,23.168076923076924,temperature
2022-04-10T00:00:00Z,BARC,0,23.34740740740741,temperature
2022-04-11T00:00:00Z,BARC,0,23.295,temperature
2022-04-12T00:00:00Z,BARC,0,23.877027027027022,temperature
2022-04-13T00:00:00Z,BARC,0,24.203589743589745,temperature
2022-04-14T00:00:00Z,BARC,0,24.403777777777776,temperature
2022-04-15T00:00:00Z,BARC,0,24.8225,temperature
2022-04-16T00:00:00Z,BARC,0,25.834827586206895,temperature
2022-04-17T00:00:00Z,BARC,0,26.412222222222223,temperature
2022-04-18T00:00:00Z,BARC,0,25.88264705882353,temperature
2022-04-19T00:00:00Z,BARC,0,25.424615384615382,temperature
2022-04-20T00:00:00Z,BARC,0,24.79111111111111,temperature
2022-04-21T00:00:00Z,BARC,0,24.680625,temperature
2022-04-22T00:00:00Z,BARC,0,24.619714285714284,temperature
2022-04-23T00:00:00Z,BARC,0,24.71794117647059,temperature
2022-04-24T00:00:00Z,BARC,0,25.01058823529412,temperature
2022-04-25T00:00:00Z,BARC,0,25.584705882352942,temperature
2022-04-26T00:00:00Z,BARC,0,26.23294117647059,temperature
2022-04-27T00:00:00Z,BARC,0,26.803529411764707,temperature
2022-04-28T00:00:00Z,BARC,0,26.08923076923077,temperature
2022-04-29T00:00:00Z,BARC,0,25.994,temperature
2022-04-30T00:00:00Z,BARC,0,26.082592592592594,temperature
2022-05-01T00:00:00Z,BARC,0,26.64,temperature
2022-05-02T00:00:00Z,BARC,0,27.34,temperature
2022-05-03T00:00:00Z,BARC,0,27.421935483870968,temperature
2022-05-04T00:00:00Z,BARC,0,28.01823529411765,temperature
2022-05-05T00:00:00Z,BARC,0,28.60151515151515,temperature
2022-05-06T00:00:00Z,BARC,0,28.32296296296296,temperature
2022-05-07T00:00:00Z,BARC,0,28.14862068965517,temperature
2022-05-08T00:00:00Z,BARC,0,28.26074074074074,temperature
2022-05-09T00:00:00Z,BARC,0,27.758214285714285,temperature
2022-05-10T00:00:00Z,BARC,0,27.376296296296296,temperature
2022-05-11T00:00:00Z,BARC,0,27.13074074074074,temperature
2022-05-12T00:00:00Z,BARC,0,26.925555555555555,temperature
2022-05-13T00:00:00Z,BARC,0,26.826153846153847,temperature
2022-05-14T00:00:00Z,BARC,0,27.78555555555555,temperature
2022-05-15T00:00:00Z,BARC,0,27.88086956521739,temperature
2022-05-16T00:00:00Z,BARC,0,27.7856,temperature
2022-05-17T00:00:00Z,BARC,0,28.166666666666668,temperature
2022-05-18T00:00:00Z,BARC,0,28.995,temperature
2022-05-19T00:00:00Z,BARC,0,29.320625,temperature
2022-05-20T00:00:00Z,BARC,0,29.439166666666665,temperature
2022-05-21T00:00:00Z,BARC,0,28.89270833333333,temperature
2022-05-22T00:00:00Z,BARC,0,28.752708333333334,temperature
2022-05-23T00:00:00Z,BARC,0,29.497083333333332,temperature
2022-05-24T00:00:00Z,BARC,0,29.883125,temperature
2022-05-25T00:00:00Z,BARC,0,29.58770833333333,temperature
2022-05-26T00:00:00Z,BARC,0,29.485625,temperature
2022-05-27T00:00:00Z,BARC,0,29.339791666666667,temperature
2022-05-28T00:00:00Z,BARC,0,29.220833333333335,temperature
2022-05-29T00:00:00Z,BARC,0,29.858333333333334,temperature
2022-05-30T00:00:00Z,BARC,0,29.919375,temperature
2022-05-31T00:00:00Z,BARC,0,29.793541666666663,temperature
2022-06-01T00:00:00Z,BARC,0,29.715217391304343,temperature
2022-06-02T00:00:00Z,BARC,0,30.255833333333335,temperature
2022-06-03T00:00:00Z,BARC,0,30.468541666666667,temperature
2022-06-04T00:00:00Z,BARC,0,30.285208333333333,temperature
2022-06-05T00:00:00Z,BARC,0,30.275625,temperature
2022-06-06T00:00:00Z,BARC,0,30.367916666666662,temperature
2022-06-07T00:00:00Z,BARC,0,30.629791666666662,temperature
2022-06-08T00:00:00Z,BARC,0,31.125,temperature
2022-06-09T00:00:00Z,BARC,0,31.120416666666667,temperature
2022-06-10T00:00:00Z,BARC,0,31.081041666666668,temperature
2022-06-11T00:00:00Z,BARC,0,30.999166666666667,temperature
2022-06-12T00:00:00Z,BARC,0,30.796041666666667,temperature
2022-06-13T00:00:00Z,BARC,0,30.898541666666667,temperature
2022-06-14T00:00:00Z,BARC,0,31.50212765957447,temperature
2022-06-15T00:00:00Z,BARC,0,31.7575,temperature
2022-06-16T00:00:00Z,BARC,0,32.038125,temperature
2022-06-17T00:00:00Z,BARC,0,32.13875,temperature
2022-06-18T00:00:00Z,BARC,0,32.05833333333333,temperature
2022-06-19T00:00:00Z,BARC,0,32.025416666666665,temperature
2022-06-20T00:00:00Z,BARC,0,31.8225,temperature
2022-06-21T00:00:00Z,BARC,0,31.673541666666665,temperature
2022-06-22T00:00:00Z,BARC,0,31.681458333333335,temperature
2022-06-23T00:00:00Z,BARC,0,31.633958333333332,temperature
2022-06-24T00:00:00Z,BARC,0,31.597291666666667,temperature
2022-06-25T00:00:00Z,BARC,0,31.270208333333333,temperature
2022-06-26T00:00:00Z,BARC,0,31.154791666666668,temperature
2022-06-27T00:00:00Z,BARC,0,30.868333333333332,temperature
2022-06-28T00:00:00Z,BARC,0,30.95916666666667,temperature
2022-06-29T00:00:00Z,BARC,0,31.286666666666665,temperature
2022-06-30T00:00:00Z,BARC,0,31.424375,temperature
2022-07-01T00:00:00Z,BARC,0,31.180833333333332,temperature
2022-07-02T00:00:00Z,BARC,0,31.052291666666665,temperature
2022-07-03T00:00:00Z,BARC,0,31.004583333333333,temperature
2022-07-04T00:00:00Z,BARC,0,31.222708333333333,temperature
2022-07-05T00:00:00Z,BARC,0,31.481875,temperature
2022-07-06T00:00:00Z,BARC,0,31.616875,temperature
2022-07-07T00:00:00Z,BARC,0,31.98125,temperature
2022-07-08T00:00:00Z,BARC,0,31.746875,temperature
2022-07-09T00:00:00Z,BARC,0,31.651666666666667,temperature
2022-07-10T00:00:00Z,BARC,0,31.384791666666665,temperature
2022-07-11T00:00:00Z,BARC,0,31.300416666666667,temperature
2022-07-12T00:00:00Z,BARC,0,31.409583333333337,temperature
2022-07-13T00:00:00Z,BARC,0,31.764791666666667,temperature
2022-07-14T00:00:00Z,BARC,0,32.18208333333333,temperature
2022-07-15T00:00:00Z,BARC,0,32.08125,temperature
2022-07-16T00:00:00Z,BARC,0,31.89125,temperature
2022-07-17T00:00:00Z,BARC,0,31.757291666666667,temperature
2022-07-18T00:00:00Z,BARC,0,31.476458333333333,temperature
2022-07-19T00:00:00Z,BARC,0,31.20952380952381,temperature
2022-07-20T00:00:00Z,BARC,0,31.366,temperature
2022-07-21T00:00:00Z,BARC,0,31.314791666666668,temperature
2022-07-22T00:00:00Z,BARC,0,31.93125,temperature
2022-07-23T00:00:00Z,BARC,0,31.863333333333333,temperature
2022-07-24T00:00:00Z,BARC,0,31.703333333333333,temperature
2022-07-25T00:00:00Z,BARC,0,31.687083333333337,temperature
2022-07-26T00:00:00Z,BARC,0,31.819166666666668,temperature
2022-07-27T00:00:00Z,BARC,0,31.87282051282051,temperature
2022-07-28T00:00:00Z,BARC,0,31.94333333333333,temperature
2022-07-29T00:00:00Z,BARC,0,32.35270833333333,temperature
2022-07-30T00:00:00Z,BARC,0,32.712291666666665,temperature
2022-07-31T00:00:00Z,BARC,0,32.83354166666667,temperature
2022-08-01T00:00:00Z,BARC,0,33.00625,temperature
2022-08-02T00:00:00Z,BARC,0,33.010625,temperature
2022-08-03T00:00:00Z,BARC,0,33.065625,temperature
2022-08-04T00:00:00Z,BARC,0,32.76083333333333,temperature
2022-08-05T00:00:00Z,BARC,0,32.71395833333333,temperature
2022-08-06T00:00:00Z,BARC,0,32.593125,temperature
2022-08-07T00:00:00Z,BARC,0,32.49645833333334,temperature
2022-08-08T00:00:00Z,BARC,0,32.18145833333333,temperature
2022-08-09T00:00:00Z,BARC,0,31.88304347826087,temperature
2022-08-10T00:00:00Z,BARC,0,31.956666666666667,temperature
2022-08-11T00:00:00Z,BARC,0,31.871041666666667,temperature
2022-08-12T00:00:00Z,BARC,0,31.570833333333333,temperature
2022-08-13T00:00:00Z,BARC,0,31.329583333333332,temperature
2022-08-14T00:00:00Z,BARC,0,31.132083333333338,temperature
2022-08-15T00:00:00Z,BARC,0,31.239375,temperature
2022-08-16T00:00:00Z,BARC,0,31.285,temperature
2022-08-17T00:00:00Z,BARC,0,31.480416666666667,temperature
2022-08-18T00:00:00Z,BARC,0,31.305416666666662,temperature
2022-08-19T00:00:00Z,BARC,0,31.088125,temperature
2022-08-20T00:00:00Z,BARC,0,31.54,temperature
2022-08-21T00:00:00Z,BARC,0,31.619166666666665,temperature
2022-08-22T00:00:00Z,BARC,0,31.237916666666667,temperature
2022-08-23T00:00:00Z,BARC,0,31.199565217391303,temperature
2022-08-24T00:00:00Z,BARC,0,31.305833333333332,temperature
2022-08-25T00:00:00Z,BARC,0,31.456458333333337,temperature
2022-08-26T00:00:00Z,BARC,0,31.511875,temperature
2022-08-27T00:00:00Z,BARC,0,31.512916666666666,temperature
2022-08-28T00:00:00Z,BARC,0,31.482916666666668,temperature
2022-08-29T00:00:00Z,BARC,0,31.310208333333332,temperature
2022-08-30T00:00:00Z,BARC,0,31.298125,temperature
2022-08-31T00:00:00Z,BARC,0,31.3175,temperature
2022-09-01T00:00:00Z,BARC,0,31.425208333333337,temperature
2022-09-02T00:00:00Z,BARC,0,30.885,temperature
2022-09-03T00:00:00Z,BARC,0,30.706666666666667,temperature
2022-09-04T00:00:00Z,BARC,0,30.777916666666663,temperature
2022-09-05T00:00:00Z,BARC,0,31.248125,temperature
2022-09-06T00:00:00Z,BARC,0,31.856170212765957,temperature
2022-09-07T00:00:00Z,BARC,0,31.927708333333335,temperature
2022-09-08T00:00:00Z,BARC,0,31.2175,temperature
2022-09-09T00:00:00Z,BARC,0,30.541875,temperature
2022-09-10T00:00:00Z,BARC,0,30.217708333333334,temperature
2022-09-11T00:00:00Z,BARC,0,30.296458333333337,temperature
2022-09-12T00:00:00Z,BARC,0,30.280208333333334,temperature
2022-09-13T00:00:00Z,BARC,0,30.12125,temperature
2022-09-14T00:00:00Z,BARC,0,30.051458333333333,temperature
2022-09-15T00:00:00Z,BARC,0,29.899375,temperature
2022-09-16T00:00:00Z,BARC,0,29.701875,temperature
2022-09-17T00:00:00Z,BARC,0,29.540416666666665,temperature
2022-09-18T00:00:00Z,BARC,0,29.346041666666668,temperature
2022-09-19T00:00:00Z,BARC,0,29.26375,temperature
2022-09-20T00:00:00Z,BARC,0,29.43090909090909,temperature
2022-09-21T00:00:00Z,BARC,0,29.4275,temperature
2022-09-22T00:00:00Z,BARC,0,29.755625,temperature
2022-09-23T00:00:00Z,BARC,0,29.647083333333335,temperature
2022-09-24T00:00:00Z,BARC,0,29.221041666666668,temperature
2022-09-25T00:00:00Z,BARC,0,29.468125,temperature
2022-09-26T00:00:00Z,BARC,0,29.657291666666666,temperature
2022-09-27T00:00:00Z,BARC,0,29.39625,temperature
2022-09-28T00:00:00Z,BARC,0,28.440625,temperature
2022-09-29T00:00:00Z,BARC,0,26.658541666666668,temperature
2022-09-30T00:00:00Z,BARC,0,25.156666666666663,temperature
2022-10-01T00:00:00Z,BARC,0,25.395833333333332,temperature
2022-10-02T00:00:00Z,BARC,0,25.590208333333333,temperature
2022-10-03T00:00:00Z,BARC,0,25.440833333333337,temperature
2022-10-04T00:00:00Z,BARC,0,24.955416666666668,temperature
2022-10-05T00:00:00Z,BARC,0,24.9775,temperature
2022-10-06T00:00:00Z,BARC,0,25.2,temperature
2022-10-07T00:00:00Z,BARC,0,25.331875,temperature
2022-10-08T00:00:00Z,BARC,0,25.327291666666667,temperature
2022-10-09T00:00:00Z,BARC,0,25.384375,temperature
2022-10-10T00:00:00Z,BARC,0,25.6725,temperature
2022-10-11T00:00:00Z,BARC,0,25.891875,temperature
2022-10-12T00:00:00Z,BARC,0,26.121458333333333,temperature
2022-10-13T00:00:00Z,BARC,0,26.313125,temperature
2022-10-14T00:00:00Z,BARC,0,26.452708333333337,temperature
2022-10-15T00:00:00Z,BARC,0,26.29,temperature
2022-10-16T00:00:00Z,BARC,0,26.419583333333332,temperature
2022-10-17T00:00:00Z,BARC,0,26.402083333333337,temperature
2022-10-18T00:00:00Z,BARC,0,26.106041666666663,temperature
2022-10-19T00:00:00Z,BARC,0,24.99416666666667,temperature
2022-10-20T00:00:00Z,BARC,0,24.019791666666663,temperature
2022-10-21T00:00:00Z,BARC,0,23.442708333333332,temperature
2022-10-22T00:00:00Z,BARC,0,23.007291666666667,temperature
2022-10-23T00:00:00Z,BARC,0,23.055416666666662,temperature
2022-10-24T00:00:00Z,BARC,0,23.173125,temperature
2022-10-25T00:00:00Z,BARC,0,23.470416666666665,temperature
2022-10-26T00:00:00Z,BARC,0,23.48125,temperature
2022-10-27T00:00:00Z,BARC,0,24.000416666666663,temperature
2022-10-28T00:00:00Z,BARC,0,23.913541666666667,temperature
2022-10-29T00:00:00Z,BARC,0,23.480625,temperature
2022-10-30T00:00:00Z,BARC,0,23.472916666666663,temperature
2022-10-31T00:00:00Z,BARC,0,24.010208333333335,temperature
2022-11-01T00:00:00Z,BARC,0,24.731666666666666,temperature
2022-11-02T00:00:00Z,BARC,0,24.845833333333335,temperature
2022-11-03T00:00:00Z,BARC,0,24.74416666666667,temperature
2022-11-04T00:00:00Z,BARC,0,24.375833333333333,temperature
2022-11-05T00:00:00Z,BARC,0,24.552708333333335,temperature
2022-11-06T00:00:00Z,BARC,0,24.796458333333337,temperature
2022-11-07T00:00:00Z,BARC,0,24.52541666666667,temperature
2022-11-08T00:00:00Z,BARC,0,24.433958333333333,temperature
2022-11-09T00:00:00Z,BARC,0,23.737291666666668,temperature
2022-11-10T00:00:00Z,BARC,0,22.747659574468084,temperature
2022-11-11T00:00:00Z,BARC,0,22.59375,temperature
2022-11-12T00:00:00Z,BARC,0,22.94708333333333,temperature
2022-11-13T00:00:00Z,BARC,0,22.928333333333335,temperature
2022-11-14T00:00:00Z,BARC,0,22.293958333333332,temperature
2022-11-15T00:00:00Z,BARC,0,22.128,temperature
2022-11-16T00:00:00Z,BARC,0,22.123333333333335,temperature
2022-11-17T00:00:00Z,BARC,0,21.529791666666668,temperature
2022-11-18T00:00:00Z,BARC,0,20.715,temperature
2022-11-19T00:00:00Z,BARC,0,19.987708333333337,temperature
2022-11-20T00:00:00Z,BARC,0,19.282083333333333,temperature
2022-11-21T00:00:00Z,BARC,0,18.72125,temperature
2022-11-22T00:00:00Z,BARC,0,18.748541666666668,temperature
2022-11-23T00:00:00Z,BARC,0,18.768125,temperature
2022-11-24T00:00:00Z,BARC,0,19.300416666666667,temperature
2022-11-25T00:00:00Z,BARC,0,20.62,temperature
2022-11-26T00:00:00Z,BARC,0,21.207291666666663,temperature
2022-11-27T00:00:00Z,BARC,0,21.447916666666668,temperature
2022-11-28T00:00:00Z,BARC,0,20.94909090909091,temperature
2022-11-29T00:00:00Z,BARC,0,20.66631578947369,temperature
2022-11-30T00:00:00Z,BARC,0,20.847,temperature
2022-12-01T00:00:00Z,BARC,0,20.283958333333334,temperature
2022-12-02T00:00:00Z,BARC,0,20.029166666666665,temperature
2022-12-03T00:00:00Z,BARC,0,20.310833333333335,temperature
2022-12-04T00:00:00Z,BARC,0,20.258541666666662,temperature
2022-12-05T00:00:00Z,BARC,0,20.616666666666667,temperature
2022-12-06T00:00:00Z,BARC,0,21.005625,temperature
2022-12-07T00:00:00Z,BARC,0,21.31875,temperature
2022-12-08T00:00:00Z,BARC,0,21.266666666666666,temperature
2022-12-09T00:00:00Z,BARC,0,21.217291666666668,temperature
2022-12-10T00:00:00Z,BARC,0,21.109791666666663,temperature
2022-12-11T00:00:00Z,BARC,0,20.839583333333337,temperature
2022-12-12T00:00:00Z,BARC,0,20.651666666666667,temperature
2022-12-13T00:00:00Z,BARC,0,20.46291666666667,temperature
2022-12-14T00:00:00Z,BARC,0,20.39125,temperature
2022-12-15T00:00:00Z,BARC,0,20.579583333333332,temperature
2022-12-16T00:00:00Z,BARC,0,20.238333333333333,temperature
2022-12-17T00:00:00Z,BARC,0,19.755416666666665,temperature
2022-12-18T00:00:00Z,BARC,0,19.250625,temperature
2022-12-19T00:00:00Z,BARC,0,18.650909090909092,temperature
2022-12-20T00:00:00Z,BARC,0,18.225833333333338,temperature
2022-12-21T00:00:00Z,BARC,0,17.916458333333335,temperature
2022-12-22T00:00:00Z,BARC,0,17.616875,temperature
2022-12-23T00:00:00Z,BARC,0,17.50604166666667,temperature
2022-12-24T00:00:00Z,BARC,0,16.518541666666668,temperature
2022-12-25T00:00:00Z,BARC,0,15.274166666666666,temperature
2022-12-26T00:00:00Z,BARC,0,14.5525,temperature
2022-12-27T00:00:00Z,BARC,0,14.064375,temperature
2022-12-28T00:00:00Z,BARC,0,13.98,temperature
2022-12-29T00:00:00Z,BARC,0,14.227083333333333,temperature
2022-12-30T00:00:00Z,BARC,0,14.981666666666667,temperature
2022-12-31T00:00:00Z,BARC,0,15.815,temperature
2023-01-01T00:00:00Z,BARC,0,16.77166666666667,temperature
2023-01-02T00:00:00Z,BARC,0,17.223333333333333,temperature
2023-01-03T00:00:00Z,BARC,0,17.905833333333334,temperature
2023-01-04T00:00:00Z,BARC,0,18.57625,temperature
2023-01-05T00:00:00Z,BARC,0,18.906458333333333,temperature
2023-01-06T00:00:00Z,BARC,0,17.773125,temperature
2023-01-07T00:00:00Z,BARC,0,16.598541666666666,temperature
2023-01-08T00:00:00Z,BARC,0,16.392500000000002,temperature
2023-01-09T00:00:00Z,BARC,0,16.596458333333334,temperature
2023-01-10T00:00:00Z,BARC,0,16.495833333333334,temperature
2023-01-11T00:00:00Z,BARC,0,16.444583333333334,temperature
2023-01-12T00:00:00Z,BARC,0,16.41604166666667,temperature
2023-01-13T00:00:00Z,BARC,0,16.468541666666667,temperature
2023-01-14T00:00:00Z,BARC,0,15.804166666666667,temperature
2023-01-15T00:00:00Z,BARC,0,15.292291666666667,temperature
2023-01-16T00:00:00Z,BARC,0,15.131458333333333,temperature
2023-01-17T00:00:00Z,BARC,0,14.945416666666668,temperature
2023-01-18T00:00:00Z,BARC,0,15.446666666666667,temperature
2023-01-19T00:00:00Z,BARC,0,16.046666666666667,temperature
2023-01-20T00:00:00Z,BARC,0,16.877083333333335,temperature
2023-01-21T00:00:00Z,BARC,0,16.659111111111113,temperature
2023-01-22T00:00:00Z,BARC,0,16.333125,temperature
2023-01-23T00:00:00Z,BARC,0,17.018958333333334,temperature
2023-01-24T00:00:00Z,BARC,0,16.653617021276595,temperature
2023-01-25T00:00:00Z,BARC,0,16.850833333333334,temperature
2023-01-26T00:00:00Z,BARC,0,17.152083333333334,temperature
2023-01-27T00:00:00Z,BARC,0,16.770625,temperature
2023-01-28T00:00:00Z,BARC,0,16.362291666666668,temperature
2023-01-29T00:00:00Z,BARC,0,16.494583333333335,temperature
2023-01-30T00:00:00Z,BARC,0,17.848958333333332,temperature
2023-01-31T00:00:00Z,BARC,0,19.499166666666667,temperature
2023-02-01T00:00:00Z,BARC,0,20.339166666666667,temperature
2023-02-02T00:00:00Z,BARC,0,20.287708333333335,temperature
2023-02-03T00:00:00Z,BARC,0,19.858125,temperature
2023-02-04T00:00:00Z,BARC,0,18.105833333333333,temperature
2023-02-05T00:00:00Z,BARC,0,17.998333333333335,temperature
2023-02-06T00:00:00Z,BARC,0,18.096875,temperature
2023-02-07T00:00:00Z,BARC,0,18.105833333333333,temperature
2023-02-08T00:00:00Z,BARC,0,18.4725,temperature
2023-02-09T00:00:00Z,BARC,0,18.92791666666667,temperature
2023-02-10T00:00:00Z,BARC,0,19.719375,temperature
2023-02-11T00:00:00Z,BARC,0,20.050416666666667,temperature
2023-02-12T00:00:00Z,BARC,0,19.286041666666662,temperature
2023-02-13T00:00:00Z,BARC,0,18.5425,temperature
2023-02-14T00:00:00Z,BARC,0,18.51875,temperature
2023-02-15T00:00:00Z,BARC,0,18.83125,temperature
2023-02-16T00:00:00Z,BARC,0,19.625208333333333,temperature
2023-02-17T00:00:00Z,BARC,0,20.143541666666668,temperature
2023-02-18T00:00:00Z,BARC,0,19.457083333333333,temperature
2023-02-19T00:00:00Z,BARC,0,19.210625,temperature
2023-02-20T00:00:00Z,BARC,0,19.598333333333333,temperature
2023-02-21T00:00:00Z,BARC,0,19.706875,temperature
2023-02-22T00:00:00Z,BARC,0,20.60625,temperature
2023-02-23T00:00:00Z,BARC,0,21.519111111111112,temperature
2023-02-24T00:00:00Z,BARC,0,22.67875,temperature
2023-02-25T00:00:00Z,BARC,0,23.139166666666668,temperature
2023-02-26T00:00:00Z,BARC,0,23.14645833333333,temperature
2023-02-27T00:00:00Z,BARC,0,22.977083333333333,temperature
2023-02-28T00:00:00Z,BARC,0,23.007083333333338,temperature
2023-03-01T00:00:00Z,BARC,0,23.37375,temperature
2023-03-02T00:00:00Z,BARC,0,23.47875,temperature
2023-03-03T00:00:00Z,BARC,0,23.285208333333333,temperature
2023-03-04T00:00:00Z,BARC,0,23.25125,temperature
2023-03-05T00:00:00Z,BARC,0,23.698958333333337,temperature
2023-03-06T00:00:00Z,BARC,0,24.27,temperature
2023-03-07T00:00:00Z,BARC,0,24.35875,temperature
2023-03-08T00:00:00Z,BARC,0,24.297083333333333,temperature
2023-03-09T00:00:00Z,BARC,0,23.736458333333335,temperature
2023-03-10T00:00:00Z,BARC,0,23.390833333333333,temperature
2023-03-11T00:00:00Z,BARC,0,23.365625,temperature
2023-03-12T00:00:00Z,BARC,0,23.163333333333338,temperature
2023-03-13T00:00:00Z,BARC,0,23.078541666666663,temperature
2023-03-14T00:00:00Z,BARC,0,22.592083333333335,temperature
2023-03-15T00:00:00Z,BARC,0,21.851666666666667,temperature
2023-03-16T00:00:00Z,BARC,0,21.528958333333332,temperature
2023-03-17T00:00:00Z,BARC,0,21.547083333333333,temperature
2023-03-18T00:00:00Z,BARC,0,21.515625,temperature
2023-03-19T00:00:00Z,BARC,0,20.873958333333334,temperature
2023-03-20T00:00:00Z,BARC,0,20.492916666666662,temperature
2023-03-21T00:00:00Z,BARC,0,20.11375,temperature
2023-03-22T00:00:00Z,BARC,0,20.63104166666667,temperature
2023-03-23T00:00:00Z,BARC,0,21.762916666666666,temperature
2023-03-24T00:00:00Z,BARC,0,22.585416666666667,temperature
2023-03-25T00:00:00Z,BARC,0,23.128333333333337,temperature
2023-03-26T00:00:00Z,BARC,0,23.817291666666662,temperature
2023-03-27T00:00:00Z,BARC,0,24.612083333333334,temperature
2023-03-28T00:00:00Z,BARC,0,24.979166666666668,temperature
2023-03-29T00:00:00Z,BARC,0,24.405208333333334,temperature
2023-03-30T00:00:00Z,BARC,0,23.707916666666662,temperature
2023-03-31T00:00:00Z,BARC,0,23.688125,temperature
2023-04-01T00:00:00Z,BARC,0,24.025833333333335,temperature
2023-04-02T00:00:00Z,BARC,0,24.648333333333333,temperature
2023-04-03T00:00:00Z,BARC,0,24.937291666666667,temperature
2023-04-04T00:00:00Z,BARC,0,25.51311111111111,temperature
2023-04-05T00:00:00Z,BARC,0,25.857291666666665,temperature
2023-04-06T00:00:00Z,BARC,0,26.3525,temperature
2023-04-07T00:00:00Z,BARC,0,26.741458333333338,temperature
2023-04-08T00:00:00Z,BARC,0,26.622291666666666,temperature
2023-04-09T00:00:00Z,BARC,0,25.638125,temperature
2023-04-10T00:00:00Z,BARC,0,24.120625,temperature
2023-04-11T00:00:00Z,BARC,0,23.6475,temperature
2023-04-12T00:00:00Z,BARC,0,23.455833333333334,temperature
2023-04-13T00:00:00Z,BARC,0,23.70375,temperature
2023-04-14T00:00:00Z,BARC,0,24.271875,temperature
2023-04-15T00:00:00Z,BARC,0,25.092916666666667,temperature
2023-04-16T00:00:00Z,BARC,0,25.532083333333333,temperature
2023-04-17T00:00:00Z,BARC,0,25.303958333333338,temperature
2023-04-18T00:00:00Z,BARC,0,24.86875,temperature
2023-04-19T00:00:00Z,BARC,0,24.672291666666663,temperature
2023-04-20T00:00:00Z,BARC,0,24.578125,temperature
2023-04-21T00:00:00Z,BARC,0,24.808333333333337,temperature
2023-04-22T00:00:00Z,BARC,0,25.256875,temperature
2023-04-23T00:00:00Z,BARC,0,25.145208333333333,temperature
2023-04-24T00:00:00Z,BARC,0,24.942916666666665,temperature
2023-04-25T00:00:00Z,BARC,0,24.889166666666668,temperature
2023-04-26T00:00:00Z,BARC,0,25.167916666666667,temperature
2023-04-27T00:00:00Z,BARC,0,25.427916666666665,temperature
2023-04-28T00:00:00Z,BARC,0,25.269375,temperature
2023-04-29T00:00:00Z,BARC,0,25.578333333333333,temperature
2023-04-30T00:00:00Z,BARC,0,25.303333333333335,temperature
2023-05-01T00:00:00Z,BARC,0,25.224468085106384,temperature
2023-05-02T00:00:00Z,BARC,0,25.222916666666663,temperature
2023-05-03T00:00:00Z,BARC,0,25.199375,temperature
2023-05-04T00:00:00Z,BARC,0,25.463333333333335,temperature
2023-05-05T00:00:00Z,BARC,0,25.571041666666662,temperature
2023-05-06T00:00:00Z,BARC,0,25.457916666666662,temperature
2023-05-07T00:00:00Z,BARC,0,25.513333333333332,temperature
2023-05-08T00:00:00Z,BARC,0,25.93166666666667,temperature
2023-05-09T00:00:00Z,BARC,0,26.605208333333337,temperature
2023-05-10T00:00:00Z,BARC,0,27.05270833333333,temperature
2023-05-11T00:00:00Z,BARC,0,27.212916666666665,temperature
2023-05-12T00:00:00Z,BARC,0,27.515833333333333,temperature
2023-05-13T00:00:00Z,BARC,0,27.709583333333335,temperature
2023-05-14T00:00:00Z,BARC,0,28.068125,temperature
2023-05-15T00:00:00Z,BARC,0,28.034166666666668,temperature
2023-05-16T00:00:00Z,BARC,0,28.301875,temperature
2023-05-17T00:00:00Z,BARC,0,28.381666666666668,temperature
2023-05-18T00:00:00Z,BARC,0,28.55608695652174,temperature
2023-05-19T00:00:00Z,BARC,0,28.762291666666663,temperature
2023-05-20T00:00:00Z,BARC,0,29.125833333333333,temperature
2023-05-21T00:00:00Z,BARC,0,29.596458333333334,temperature
2023-05-22T00:00:00Z,BARC,0,29.296666666666667,temperature
2023-05-23T00:00:00Z,BARC,0,28.83416666666667,temperature
2023-05-24T00:00:00Z,BARC,0,28.491458333333338,temperature
2023-05-25T00:00:00Z,BARC,0,28.171458333333337,temperature
2023-05-26T00:00:00Z,BARC,0,27.683541666666667,temperature
2023-05-27T00:00:00Z,BARC,0,26.88875,temperature
2023-05-28T00:00:00Z,BARC,0,26.872291666666666,temperature
2023-05-29T00:00:00Z,BARC,0,27.240208333333335,temperature
2023-05-30T00:00:00Z,BARC,0,27.500833333333333,temperature
2023-05-31T00:00:00Z,BARC,0,27.636666666666667,temperature
2023-06-01T00:00:00Z,BARC,0,27.600208333333335,temperature
2023-06-02T00:00:00Z,BARC,0,27.74791666666667,temperature
2023-06-03T00:00:00Z,BARC,0,27.856041666666663,temperature
2023-06-04T00:00:00Z,BARC,0,27.903958333333332,temperature
2023-06-05T00:00:00Z,BARC,0,27.795625,temperature
2023-06-06T00:00:00Z,BARC,0,29.535,temperature
2023-06-07T00:00:00Z,BARC,0,28.478541666666665,temperature
2023-06-08T00:00:00Z,BARC,0,28.390434782608697,temperature
2023-06-09T00:00:00Z,BARC,0,28.561458333333334,temperature
2023-06-10T00:00:00Z,BARC,0,28.835208333333338,temperature
2023-06-11T00:00:00Z,BARC,0,29.329166666666666,temperature
2023-06-12T00:00:00Z,BARC,0,29.309583333333332,temperature
2023-06-13T00:00:00Z,BARC,0,29.378333333333337,temperature
2023-06-14T00:00:00Z,BARC,0,29.73625,temperature
2023-06-15T00:00:00Z,BARC,0,29.485416666666666,temperature
2023-06-16T00:00:00Z,BARC,0,28.817083333333333,temperature
2023-06-17T00:00:00Z,BARC,0,28.829791666666665,temperature
2023-06-18T00:00:00Z,BARC,0,29.241041666666668,temperature
2023-06-19T00:00:00Z,BARC,0,29.75,temperature
2023-06-20T00:00:00Z,BARC,0,29.479166666666668,temperature
2023-06-21T00:00:00Z,BARC,0,29.051666666666662,temperature
2023-06-22T00:00:00Z,BARC,0,28.663333333333338,temperature
2023-06-23T00:00:00Z,BARC,0,28.413333333333338,temperature
2023-06-24T00:00:00Z,BARC,0,28.810833333333335,temperature
2023-06-25T00:00:00Z,BARC,0,29.400416666666665,temperature
2023-06-26T00:00:00Z,BARC,0,30.0575,temperature
2023-06-27T00:00:00Z,BARC,0,30.19125,temperature
2023-06-28T00:00:00Z,BARC,0,30.735,temperature
2023-06-29T00:00:00Z,BARC,0,31.226458333333333,temperature
2023-06-30T00:00:00Z,BARC,0,31.204375,temperature
2023-07-01T00:00:00Z,BARC,0,31.400833333333335,temperature
2023-07-02T00:00:00Z,BARC,0,31.765208333333337,temperature
2023-07-03T00:00:00Z,BARC,0,31.9725,temperature
2023-07-04T00:00:00Z,BARC,0,32.366521739130434,temperature
2023-07-05T00:00:00Z,BARC,0,32.643541666666664,temperature
2023-07-06T00:00:00Z,BARC,0,32.556170212765956,temperature
2023-07-07T00:00:00Z,BARC,0,32.54604166666667,temperature
2023-07-08T00:00:00Z,BARC,0,32.28541666666667,temperature
2023-07-09T00:00:00Z,BARC,0,32.12520833333333,temperature
2023-07-10T00:00:00Z,BARC,0,31.94625,temperature
2023-07-11T00:00:00Z,BARC,0,31.442916666666665,temperature
2023-07-12T00:00:00Z,BARC,0,31.740833333333335,temperature
2023-07-13T00:00:00Z,BARC,0,31.897708333333338,temperature
2023-07-14T00:00:00Z,BARC,0,32.092708333333334,temperature
2023-07-15T00:00:00Z,BARC,0,31.98375,temperature
2023-07-16T00:00:00Z,BARC,0,31.867083333333333,temperature
2023-07-17T00:00:00Z,BARC,0,31.615833333333335,temperature
2023-07-18T00:00:00Z,BARC,0,31.799166666666668,temperature
2023-07-19T00:00:00Z,BARC,0,32.13729166666667,temperature
2023-07-20T00:00:00Z,BARC,0,32.633541666666666,temperature
2023-07-21T00:00:00Z,BARC,0,32.88625,temperature
2023-07-22T00:00:00Z,BARC,0,32.621875,temperature
2023-07-23T00:00:00Z,BARC,0,32.184583333333336,temperature
2023-07-24T00:00:00Z,BARC,0,31.836041666666667,temperature
2023-07-25T00:00:00Z,BARC,0,31.672083333333333,temperature
2023-07-26T00:00:00Z,BARC,0,31.849375,temperature
2023-07-27T00:00:00Z,BARC,0,31.818125,temperature
2023-07-28T00:00:00Z,BARC,0,31.56,temperature
2023-07-29T00:00:00Z,BARC,0,31.734166666666667,temperature
2023-07-30T00:00:00Z,BARC,0,31.961666666666662,temperature
2023-07-31T00:00:00Z,BARC,0,31.6925,temperature
2023-08-01T00:00:00Z,BARC,0,31.890625,temperature
2023-08-02T00:00:00Z,BARC,0,31.76195652173913,temperature
2023-08-03T00:00:00Z,BARC,0,31.94,temperature
2023-08-04T00:00:00Z,BARC,0,31.840208333333333,temperature
2023-08-05T00:00:00Z,BARC,0,31.589791666666667,temperature
2023-08-06T00:00:00Z,BARC,0,31.971041666666668,temperature
2023-08-07T00:00:00Z,BARC,0,32.0628125,temperature
2023-08-08T00:00:00Z,BARC,0,33.12125,temperature
2023-08-09T00:00:00Z,BARC,0,32.84125,temperature
2023-08-10T00:00:00Z,BARC,0,32.993125,temperature
2023-08-11T00:00:00Z,BARC,0,33.19020833333333,temperature
2023-08-12T00:00:00Z,BARC,0,33.551458333333336,temperature
2023-08-13T00:00:00Z,BARC,0,34.084375,temperature
2023-08-14T00:00:00Z,BARC,0,33.86291666666666,temperature
2023-08-15T00:00:00Z,BARC,0,33.45166666666667,temperature
2023-08-16T00:00:00Z,BARC,0,33.01708333333333,temperature
2023-08-17T00:00:00Z,BARC,0,32.60604166666667,temperature
2023-08-18T00:00:00Z,BARC,0,32.36,temperature
2023-08-19T00:00:00Z,BARC,0,32.4875,temperature
2023-08-20T00:00:00Z,BARC,0,32.11145833333333,temperature
2023-08-21T00:00:00Z,BARC,0,32.02645833333333,temperature
2023-08-22T00:00:00Z,BARC,0,32.17125,temperature
2023-08-23T00:00:00Z,BARC,0,32.233333333333334,temperature
2023-08-24T00:00:00Z,BARC,0,32.034375,temperature
2023-08-25T00:00:00Z,BARC,0,32.1775,temperature
2023-08-26T00:00:00Z,BARC,0,32.403958333333335,temperature
2023-08-27T00:00:00Z,BARC,0,32.34395833333333,temperature
2023-08-28T00:00:00Z,BARC,0,32.404375,temperature
2023-08-29T00:00:00Z,BARC,0,32.39625,temperature
2023-08-30T00:00:00Z,BARC,0,31.58395833333333,temperature
2023-08-31T00:00:00Z,BARC,0,31.495,temperature
2023-09-01T00:00:00Z,BARC,0,31.230208333333337,temperature
2023-09-02T00:00:00Z,BARC,0,30.689791666666668,temperature
2023-09-03T00:00:00Z,BARC,0,30.63125,temperature
2023-09-04T00:00:00Z,BARC,0,30.703958333333333,temperature
2023-09-05T00:00:00Z,BARC,0,30.785416666666663,temperature
2023-09-06T00:00:00Z,BARC,0,31.050425531914893,temperature
2023-09-07T00:00:00Z,BARC,0,31.3875,temperature
2023-09-08T00:00:00Z,BARC,0,31.014166666666668,temperature
2023-09-09T00:00:00Z,BARC,0,30.607708333333335,temperature
2023-09-10T00:00:00Z,BARC,0,30.809791666666666,temperature
2023-09-11T00:00:00Z,BARC,0,31.065416666666668,temperature
2023-09-12T00:00:00Z,BARC,0,31.043958333333332,temperature
2023-09-13T00:00:00Z,BARC,0,31.237291666666668,temperature
2023-09-14T00:00:00Z,BARC,0,31.3325,temperature
2023-09-15T00:00:00Z,BARC,0,31.286875,temperature
2023-09-16T00:00:00Z,BARC,0,30.96,temperature
2023-09-17T00:00:00Z,BARC,0,30.961875,temperature
2023-09-18T00:00:00Z,BARC,0,30.94375,temperature
2023-09-19T00:00:00Z,BARC,0,30.656041666666667,temperature
2023-09-20T00:00:00Z,BARC,0,30.272708333333338,temperature
2023-09-21T00:00:00Z,BARC,0,30.087291666666665,temperature
2023-09-22T00:00:00Z,BARC,0,29.85875,temperature
2023-09-23T00:00:00Z,BARC,0,29.677291666666665,temperature
2023-09-24T00:00:00Z,BARC,0,29.634791666666665,temperature
2023-09-25T00:00:00Z,BARC,0,29.467083333333335,temperature
2023-09-26T00:00:00Z,BARC,0,29.217291666666668,temperature
2023-09-27T00:00:00Z,BARC,0,28.993030303030302,temperature
2023-10-02T00:00:00Z,BARC,0,27.660588235294117,temperature
2023-10-03T00:00:00Z,BARC,0,27.297291666666663,temperature
2023-10-04T00:00:00Z,BARC,0,27.233333333333334,temperature
2023-10-05T00:00:00Z,BARC,0,27.315416666666668,temperature
2023-10-06T00:00:00Z,BARC,0,27.55645833333333,temperature
2023-10-07T00:00:00Z,BARC,0,27.596458333333334,temperature
2023-10-08T00:00:00Z,BARC,0,26.977291666666662,temperature
2023-10-09T00:00:00Z,BARC,0,26.200416666666666,temperature
2023-10-10T00:00:00Z,BARC,0,25.86304347826087,temperature
2023-10-11T00:00:00Z,BARC,0,25.533125,temperature
2023-10-12T00:00:00Z,BARC,0,25.33416666666667,temperature
2023-10-13T00:00:00Z,BARC,0,25.92625,temperature
2023-10-14T00:00:00Z,BARC,0,26.11375,temperature
2023-10-15T00:00:00Z,BARC,0,25.776875,temperature
2023-10-16T00:00:00Z,BARC,0,25.307916666666667,temperature
2023-10-17T00:00:00Z,BARC,0,24.672708333333333,temperature
2023-10-18T00:00:00Z,BARC,0,24.273478260869567,temperature
2023-10-19T00:00:00Z,BARC,0,24.22833333333333,temperature
2023-10-20T00:00:00Z,BARC,0,24.060208333333332,temperature
2023-10-21T00:00:00Z,BARC,0,24.089375,temperature
2023-10-22T00:00:00Z,BARC,0,24.05375,temperature
2023-10-23T00:00:00Z,BARC,0,23.965416666666663,temperature
2023-10-24T00:00:00Z,BARC,0,23.866666666666667,temperature
2023-10-25T00:00:00Z,BARC,0,23.91625,temperature
2023-10-26T00:00:00Z,BARC,0,24.025416666666665,temperature
2023-10-27T00:00:00Z,BARC,0,24.131458333333335,temperature
2023-10-28T00:00:00Z,BARC,0,24.2725,temperature
2023-10-29T00:00:00Z,BARC,0,24.457916666666662,temperature
2023-10-30T00:00:00Z,BARC,0,24.930208333333333,temperature
2023-10-31T00:00:00Z,BARC,0,25.033958333333334,temperature
2023-11-01T00:00:00Z,BARC,0,24.521875,temperature
2023-11-02T00:00:00Z,BARC,0,23.373958333333334,temperature
2023-11-03T00:00:00Z,BARC,0,22.629791666666662,temperature
2023-11-04T00:00:00Z,BARC,0,22.143958333333337,temperature
2023-11-05T00:00:00Z,BARC,0,21.860208333333333,temperature
2023-11-06T00:00:00Z,BARC,0,21.703333333333333,temperature
2023-11-07T00:00:00Z,BARC,0,21.705833333333334,temperature
2023-11-08T00:00:00Z,BARC,0,21.800416666666667,temperature
2023-11-09T00:00:00Z,BARC,0,21.960416666666667,temperature
2023-11-10T00:00:00Z,BARC,0,22.234375,temperature
2023-11-11T00:00:00Z,BARC,0,22.563541666666666,temperature
2023-11-12T00:00:00Z,BARC,0,22.217083333333335,temperature
2023-11-13T00:00:00Z,BARC,0,21.606041666666663,temperature
2023-11-14T00:00:00Z,BARC,0,21.20375,temperature
2023-11-15T00:00:00Z,BARC,0,20.89375,temperature
2023-11-16T00:00:00Z,BARC,0,20.9675,temperature
2023-11-17T00:00:00Z,BARC,0,20.981875,temperature
2023-11-18T00:00:00Z,BARC,0,21.307083333333335,temperature
2023-11-19T00:00:00Z,BARC,0,21.794375,temperature
2023-11-20T00:00:00Z,BARC,0,21.84625,temperature
2023-11-21T00:00:00Z,BARC,0,21.765833333333333,temperature
2023-11-22T00:00:00Z,BARC,0,21.751875,temperature
2023-11-23T00:00:00Z,BARC,0,21.339791666666667,temperature
2023-11-24T00:00:00Z,BARC,0,20.77541666666667,temperature
2023-11-25T00:00:00Z,BARC,0,20.34979166666667,temperature
2023-11-26T00:00:00Z,BARC,0,20.111041666666665,temperature
2023-11-27T00:00:00Z,BARC,0,19.939583333333335,temperature
2023-11-28T00:00:00Z,BARC,0,19.444791666666667,temperature
2023-11-29T00:00:00Z,BARC,0,18.671111111111113,temperature
2023-11-30T00:00:00Z,BARC,0,18.137916666666666,temperature
2023-12-01T00:00:00Z,BARC,0,18.213541666666668,temperature
2023-12-02T00:00:00Z,BARC,0,19.284375,temperature
2023-12-03T00:00:00Z,BARC,0,20.324583333333333,temperature
2023-12-04T00:00:00Z,BARC,0,20.32375,temperature
2023-12-05T00:00:00Z,BARC,0,19.182368421052633,temperature
2023-12-06T00:00:00Z,BARC,0,18.412083333333335,temperature
2023-12-07T00:00:00Z,BARC,0,18.097916666666663,temperature
2023-12-08T00:00:00Z,BARC,0,17.838541666666668,temperature
2023-12-09T00:00:00Z,BARC,0,18.176041666666663,temperature
2023-12-10T00:00:00Z,BARC,0,18.633125,temperature
2023-12-11T00:00:00Z,BARC,0,18.363541666666663,temperature
2023-12-12T00:00:00Z,BARC,0,17.794791666666665,temperature
2023-12-13T00:00:00Z,BARC,0,17.378958333333333,temperature
2023-12-14T00:00:00Z,BARC,0,17.02916666666667,temperature
2023-12-15T00:00:00Z,BARC,0,16.9275,temperature
2023-12-16T00:00:00Z,BARC,0,16.9475,temperature
2023-12-17T00:00:00Z,BARC,0,17.197916666666668,temperature
2023-12-18T00:00:00Z,BARC,0,17.195416666666667,temperature
2023-12-19T00:00:00Z,BARC,0,16.857916666666668,temperature
2023-12-20T00:00:00Z,BARC,0,16.271875,temperature
2023-12-21T00:00:00Z,BARC,0,15.989166666666666,temperature
2023-12-22T00:00:00Z,BARC,0,16.052083333333332,temperature
2023-12-23T00:00:00Z,BARC,0,16.312291666666667,temperature
2023-12-24T00:00:00Z,BARC,0,16.512916666666666,temperature
2023-12-25T00:00:00Z,BARC,0,16.835208333333334,temperature
2023-12-26T00:00:00Z,BARC,0,17.513958333333335,temperature
2023-12-27T00:00:00Z,BARC,0,17.661875,temperature
2023-12-28T00:00:00Z,BARC,0,17.182083333333335,temperature
2023-12-29T00:00:00Z,BARC,0,16.658958333333334,temperature
2023-12-30T00:00:00Z,BARC,0,16.159583333333334,temperature
2023-12-31T00:00:00Z,BARC,0,15.8625,temperature
2024-01-01T00:00:00Z,BARC,0,15.725208333333333,temperature
2024-01-02T00:00:00Z,BARC,0,15.656458333333331,temperature
2024-01-03T00:00:00Z,BARC,0,15.429791666666668,temperature
2024-01-04T00:00:00Z,BARC,0,15.404791666666666,temperature
2024-01-05T00:00:00Z,BARC,0,15.311666666666667,temperature
2024-01-06T00:00:00Z,BARC,0,15.870625,temperature
2024-01-07T00:00:00Z,BARC,0,16.223125,temperature
2024-01-08T00:00:00Z,BARC,0,15.7425,temperature
2024-01-09T00:00:00Z,BARC,0,15.703333333333331,temperature
2024-01-10T00:00:00Z,BARC,0,15.639791666666667,temperature
2024-01-11T00:00:00Z,BARC,0,15.604565217391304,temperature
2024-01-12T00:00:00Z,BARC,0,15.668541666666666,temperature
2024-01-13T00:00:00Z,BARC,0,16.234166666666667,temperature
2024-01-14T00:00:00Z,BARC,0,15.518541666666666,temperature
2024-01-15T00:00:00Z,BARC,0,15.508541666666666,temperature
2024-01-16T00:00:00Z,BARC,0,16.293125,temperature
2024-01-17T00:00:00Z,BARC,0,15.249545454545457,temperature
2024-01-18T00:00:00Z,BARC,0,14.708958333333332,temperature
2024-01-19T00:00:00Z,BARC,0,14.591041666666667,temperature
2024-01-20T00:00:00Z,BARC,0,14.474791666666668,temperature
2024-01-21T00:00:00Z,BARC,0,13.757916666666668,temperature
2024-01-22T00:00:00Z,BARC,0,13.39875,temperature
2024-01-23T00:00:00Z,BARC,0,14.006041666666668,temperature
2024-01-24T00:00:00Z,BARC,0,15.274791666666667,temperature
2024-01-25T00:00:00Z,BARC,0,17.12608695652174,temperature
2024-01-26T00:00:00Z,BARC,0,19.100208333333335,temperature
2024-01-27T00:00:00Z,BARC,0,19.86625,temperature
2024-01-28T00:00:00Z,BARC,0,19.876458333333332,temperature
2024-01-29T00:00:00Z,BARC,0,17.698333333333334,temperature
2024-01-30T00:00:00Z,BARC,0,16.689166666666665,temperature
2024-01-31T00:00:00Z,BARC,0,16.244166666666665,temperature
2024-02-01T00:00:00Z,BARC,0,16.071875,temperature
2024-02-02T00:00:00Z,BARC,0,16.032708333333332,temperature
2024-02-03T00:00:00Z,BARC,0,16.066875,temperature
2024-02-04T00:00:00Z,BARC,0,16.249791666666667,temperature
2024-02-05T00:00:00Z,BARC,0,16.225625,temperature
2024-02-06T00:00:00Z,BARC,0,15.958125,temperature
2024-02-07T00:00:00Z,BARC,0,15.840208333333331,temperature
2024-02-08T00:00:00Z,BARC,0,15.877708333333333,temperature
2024-02-09T00:00:00Z,BARC,0,16.383958333333332,temperature
2024-02-10T00:00:00Z,BARC,0,16.877291666666668,temperature
2024-02-11T00:00:00Z,BARC,0,17.385625,temperature
2024-02-12T00:00:00Z,BARC,0,18.151458333333338,temperature
2024-02-13T00:00:00Z,BARC,0,18.055208333333333,temperature
2024-02-14T00:00:00Z,BARC,0,17.597708333333333,temperature
2024-02-15T00:00:00Z,BARC,0,17.443125,temperature
2024-02-16T00:00:00Z,BARC,0,17.413333333333334,temperature
2024-02-17T00:00:00Z,BARC,0,17.365208333333335,temperature
2024-02-18T00:00:00Z,BARC,0,16.9625,temperature
2024-02-19T00:00:00Z,BARC,0,16.692083333333333,temperature
2024-02-20T00:00:00Z,BARC,0,16.909791666666667,temperature
2024-02-21T00:00:00Z,BARC,0,16.769166666666667,temperature
2024-02-22T00:00:00Z,BARC,0,16.907708333333332,temperature
2024-02-23T00:00:00Z,BARC,0,16.921041666666667,temperature
2024-02-24T00:00:00Z,BARC,0,16.919375,temperature
2024-02-25T00:00:00Z,BARC,0,17.218541666666667,temperature
2024-02-26T00:00:00Z,BARC,0,17.506875,temperature
2024-02-27T00:00:00Z,BARC,0,17.806875,temperature
2024-02-28T00:00:00Z,BARC,0,18.293333333333333,temperature
2024-02-29T00:00:00Z,BARC,0,18.903541666666666,temperature
2024-03-01T00:00:00Z,BARC,0,18.85333333333333,temperature
2024-03-02T00:00:00Z,BARC,0,19.75604166666667,temperature
2024-03-03T00:00:00Z,BARC,0,20.351041666666667,temperature
2024-03-04T00:00:00Z,BARC,0,20.641063829787235,temperature
2024-03-05T00:00:00Z,BARC,0,20.939166666666665,temperature
2024-03-06T00:00:00Z,BARC,0,21.08375,temperature
2024-03-07T00:00:00Z,BARC,0,21.845208333333332,temperature
2024-03-08T00:00:00Z,BARC,0,22.030208333333334,temperature
2024-03-09T00:00:00Z,BARC,0,22.428958333333338,temperature
2024-03-10T00:00:00Z,BARC,0,22.640833333333333,temperature
2024-03-11T00:00:00Z,BARC,0,21.676875,temperature
2024-03-12T00:00:00Z,BARC,0,21.4625,temperature
2024-03-13T00:00:00Z,BARC,0,21.853125,temperature
2024-03-14T00:00:00Z,BARC,0,22.061875,temperature
2024-03-15T00:00:00Z,BARC,0,22.342708333333334,temperature
2024-03-16T00:00:00Z,BARC,0,23.007916666666667,temperature
2024-03-17T00:00:00Z,BARC,0,23.784375,temperature
2024-03-18T00:00:00Z,BARC,0,23.895416666666662,temperature
2024-03-19T00:00:00Z,BARC,0,22.695208333333333,temperature
2024-03-20T00:00:00Z,BARC,0,22.011041666666667,temperature
2024-03-21T00:00:00Z,BARC,0,21.891875,temperature
2024-03-22T00:00:00Z,BARC,0,21.745208333333338,temperature
2024-03-23T00:00:00Z,BARC,0,21.776666666666667,temperature
2024-03-24T00:00:00Z,BARC,0,21.7225,temperature
2024-03-25T00:00:00Z,BARC,0,21.341458333333332,temperature
2024-03-26T00:00:00Z,BARC,0,21.743541666666665,temperature
2024-03-27T00:00:00Z,BARC,0,22.303125,temperature
2024-03-28T00:00:00Z,BARC,0,21.951458333333335,temperature
2024-03-29T00:00:00Z,BARC,0,22.16604166666667,temperature
2024-03-30T00:00:00Z,BARC,0,22.3075,temperature
2024-03-31T00:00:00Z,BARC,0,22.462083333333332,temperature
2024-04-01T00:00:00Z,BARC,0,22.831458333333337,temperature
2024-04-02T00:00:00Z,BARC,0,23.239791666666665,temperature
2024-04-03T00:00:00Z,BARC,0,23.209791666666668,temperature
2024-04-04T00:00:00Z,BARC,0,22.507708333333333,temperature
2024-04-05T00:00:00Z,BARC,0,22.37708333333333,temperature
2024-04-06T00:00:00Z,BARC,0,22.49,temperature
2024-04-07T00:00:00Z,BARC,0,22.588958333333338,temperature
2024-04-08T00:00:00Z,BARC,0,22.693125,temperature
2024-04-09T00:00:00Z,BARC,0,22.834375,temperature
2024-04-10T00:00:00Z,BARC,0,23.08416666666667,temperature
2024-04-11T00:00:00Z,BARC,0,23.184375,temperature
2024-04-12T00:00:00Z,BARC,0,23.016666666666666,temperature
2024-04-13T00:00:00Z,BARC,0,23.158541666666668,temperature
2024-04-14T00:00:00Z,BARC,0,23.74125,temperature
2024-04-15T00:00:00Z,BARC,0,24.659375,temperature
2024-04-16T00:00:00Z,BARC,0,24.86375,temperature
2024-04-17T00:00:00Z,BARC,0,24.989375,temperature
2024-04-18T00:00:00Z,BARC,0,26.254791666666662,temperature
2024-04-19T00:00:00Z,BARC,0,26.750416666666663,temperature
2024-04-20T00:00:00Z,BARC,0,26.909166666666668,temperature
2024-04-21T00:00:00Z,BARC,0,26.775,temperature
2024-04-22T00:00:00Z,BARC,0,26.11375,temperature
2024-04-23T00:00:00Z,BARC,0,25.555,temperature
2024-04-24T00:00:00Z,BARC,0,25.53625,temperature
2024-04-25T00:00:00Z,BARC,0,25.981875,temperature
2024-04-26T00:00:00Z,BARC,0,25.99375,temperature
2024-04-27T00:00:00Z,BARC,0,25.58125,temperature
2024-04-28T00:00:00Z,BARC,0,25.343541666666667,temperature
2024-04-29T00:00:00Z,BARC,0,25.551458333333333,temperature
2024-04-30T00:00:00Z,BARC,0,25.96638297872341,temperature
2024-05-01T00:00:00Z,BARC,0,26.651875,temperature
2024-05-02T00:00:00Z,BARC,0,27.462291666666665,temperature
2024-05-03T00:00:00Z,BARC,0,27.622291666666666,temperature
2024-05-04T00:00:00Z,BARC,0,27.802708333333335,temperature
2024-05-05T00:00:00Z,BARC,0,27.882708333333333,temperature
2024-05-06T00:00:00Z,BARC,0,28.130416666666665,temperature
2024-05-07T00:00:00Z,BARC,0,28.4925,temperature
2024-05-08T00:00:00Z,BARC,0,28.96875,temperature
2024-05-09T00:00:00Z,BARC,0,29.328125,temperature
2024-05-10T00:00:00Z,BARC,0,29.066666666666663,temperature
2024-05-11T00:00:00Z,BARC,0,28.834791666666668,temperature
2024-05-12T00:00:00Z,BARC,0,28.625208333333333,temperature
2024-05-13T00:00:00Z,BARC,0,28.102083333333333,temperature
2024-05-14T00:00:00Z,BARC,0,27.718125,temperature
2024-05-15T00:00:00Z,BARC,0,27.895833333333332,temperature
2024-05-16T00:00:00Z,BARC,0,28.31,temperature
2024-05-17T00:00:00Z,BARC,0,28.714583333333337,temperature
2024-05-18T00:00:00Z,BARC,0,28.49625,temperature
2024-05-19T00:00:00Z,BARC,0,28.467083333333335,temperature
2024-05-20T00:00:00Z,BARC,0,28.482708333333335,temperature
2024-05-21T00:00:00Z,BARC,0,28.342916666666667,temperature
2024-05-22T00:00:00Z,BARC,0,28.54479166666667,temperature
2024-05-23T00:00:00Z,BARC,0,28.733947368421052,temperature
2024-05-24T00:00:00Z,BARC,0,29.222083333333337,temperature
2024-05-25T00:00:00Z,BARC,0,29.652708333333333,temperature
2024-05-26T00:00:00Z,BARC,0,30.105208333333337,temperature
2024-05-27T00:00:00Z,BARC,0,30.399166666666662,temperature
2024-05-28T00:00:00Z,BARC,0,30.451458333333335,temperature
2024-05-29T00:00:00Z,BARC,0,30.571702127659577,temperature
2024-05-30T00:00:00Z,BARC,0,30.391458333333333,temperature
2024-05-31T00:00:00Z,BARC,0,30.206458333333337,temperature
2024-06-01T00:00:00Z,BARC,0,29.797708333333333,temperature
2024-06-02T00:00:00Z,BARC,0,29.473333333333333,temperature
2024-06-03T00:00:00Z,BARC,0,29.33,temperature
2024-06-04T00:00:00Z,BARC,0,29.276875,temperature
2024-06-05T00:00:00Z,BARC,0,29.65914893617021,temperature
2024-06-06T00:00:00Z,BARC,0,29.93541666666667,temperature
2024-06-07T00:00:00Z,BARC,0,30.3575,temperature
2024-06-08T00:00:00Z,BARC,0,30.715416666666663,temperature
2024-06-09T00:00:00Z,BARC,0,31.03375,temperature
2024-06-10T00:00:00Z,BARC,0,31.128125,temperature
2024-06-11T00:00:00Z,BARC,0,31.258958333333332,temperature
2024-06-12T00:00:00Z,BARC,0,31.2275,temperature
2024-06-13T00:00:00Z,BARC,0,31.217083333333335,temperature
2024-06-14T00:00:00Z,BARC,0,31.335416666666667,temperature
2024-06-15T00:00:00Z,BARC,0,31.605833333333333,temperature
2024-06-16T00:00:00Z,BARC,0,31.61375,temperature
2024-06-17T00:00:00Z,BARC,0,31.33875,temperature
2024-06-18T00:00:00Z,BARC,0,31.00958333333333,temperature
2024-06-19T00:00:00Z,BARC,0,30.601458333333333,temperature
2024-06-20T00:00:00Z,BARC,0,30.363617021276596,temperature
2024-06-21T00:00:00Z,BARC,0,30.405,temperature
2024-06-22T00:00:00Z,BARC,0,30.847916666666663,temperature
2024-06-23T00:00:00Z,BARC,0,30.878125,temperature
2024-06-24T00:00:00Z,BARC,0,31.0075,temperature
2024-06-25T00:00:00Z,BARC,0,31.210833333333333,temperature
2024-06-26T00:00:00Z,BARC,0,31.226458333333333,temperature
2024-06-27T00:00:00Z,BARC,0,31.264791666666667,temperature
2024-06-28T00:00:00Z,BARC,0,31.368125,temperature
2024-06-29T00:00:00Z,BARC,0,31.04875,temperature
2024-06-30T00:00:00Z,BARC,0,31.196875,temperature
2024-07-01T00:00:00Z,BARC,0,31.2975,temperature
2024-07-02T00:00:00Z,BARC,0,31.690625,temperature
2024-07-03T00:00:00Z,BARC,0,31.751875,temperature
2024-07-04T00:00:00Z,BARC,0,31.955625,temperature
2024-07-05T00:00:00Z,BARC,0,31.950833333333332,temperature
2024-07-06T00:00:00Z,BARC,0,31.968125,temperature
2024-07-07T00:00:00Z,BARC,0,32.231458333333336,temperature
2024-07-08T00:00:00Z,BARC,0,32.04541666666667,temperature
2024-07-09T00:00:00Z,BARC,0,31.695625,temperature
2024-07-10T00:00:00Z,BARC,0,31.628125,temperature
2024-07-11T00:00:00Z,BARC,0,31.62375,temperature
2024-07-12T00:00:00Z,BARC,0,31.760625,temperature
2024-07-13T00:00:00Z,BARC,0,31.961041666666667,temperature
2024-07-14T00:00:00Z,BARC,0,31.899791666666665,temperature
2024-07-15T00:00:00Z,BARC,0,31.63,temperature
2024-07-16T00:00:00Z,BARC,0,31.65458333333333,temperature
2024-07-17T00:00:00Z,BARC,0,31.661458333333332,temperature
2024-07-18T00:00:00Z,BARC,0,31.653958333333332,temperature
2024-07-19T00:00:00Z,BARC,0,31.747083333333332,temperature
2024-07-20T00:00:00Z,BARC,0,31.66208333333333,temperature
2024-07-21T00:00:00Z,BARC,0,31.808541666666667,temperature
2024-07-22T00:00:00Z,BARC,0,31.850208333333335,temperature
2024-07-23T00:00:00Z,BARC,0,32.090625,temperature
2024-07-24T00:00:00Z,BARC,0,32.06625,temperature
2024-07-25T00:00:00Z,BARC,0,31.752916666666668,temperature
2024-07-26T00:00:00Z,BARC,0,31.530833333333337,temperature
2024-07-27T00:00:00Z,BARC,0,31.273333333333333,temperature
2024-07-28T00:00:00Z,BARC,0,30.876458333333332,temperature
2024-07-29T00:00:00Z,BARC,0,31.075208333333332,temperature
2024-07-30T00:00:00Z,BARC,0,31.42395833333333,temperature
2024-07-31T00:00:00Z,BARC,0,31.674375,temperature
2024-08-01T00:00:00Z,BARC,0,31.631875,temperature
2024-08-02T00:00:00Z,BARC,0,31.820208333333333,temperature
2024-08-03T00:00:00Z,BARC,0,31.79104166666667,temperature
2024-08-04T00:00:00Z,BARC,0,31.466666666666665,temperature
2024-08-05T00:00:00Z,BARC,0,30.217291666666668,temperature
2024-08-06T00:00:00Z,BARC,0,28.918125,temperature
2024-08-07T00:00:00Z,BARC,0,28.976666666666667,temperature
2024-08-08T00:00:00Z,BARC,0,29.998333333333335,temperature
2024-08-09T00:00:00Z,BARC,0,30.931627906976743,temperature
2024-08-10T00:00:00Z,BARC,0,30.985833333333332,temperature
2024-08-11T00:00:00Z,BARC,0,30.836875,temperature
2024-08-12T00:00:00Z,BARC,0,31.396875,temperature
2024-08-13T00:00:00Z,BARC,0,31.895416666666662,temperature
2024-08-14T00:00:00Z,BARC,0,32.205,temperature
2024-08-15T00:00:00Z,BARC,0,31.905208333333334,temperature
2024-08-16T00:00:00Z,BARC,0,31.36625,temperature
2024-08-17T00:00:00Z,BARC,0,31.34,temperature
2024-08-18T00:00:00Z,BARC,0,31.55270833333333,temperature
2024-08-19T00:00:00Z,BARC,0,31.562916666666663,temperature
2024-08-20T00:00:00Z,BARC,0,31.7025,temperature
2024-08-21T00:00:00Z,BARC,0,32.19291666666667,temperature
2024-08-22T00:00:00Z,BARC,0,31.789583333333333,temperature
2024-08-23T00:00:00Z,BARC,0,31.372708333333332,temperature
2024-08-24T00:00:00Z,BARC,0,31.167291666666667,temperature
2024-08-25T00:00:00Z,BARC,0,31.45875,temperature
2024-08-26T00:00:00Z,BARC,0,31.45625,temperature
2024-08-27T00:00:00Z,BARC,0,31.61,temperature
2024-08-28T00:00:00Z,BARC,0,31.804583333333333,temperature
2024-08-29T00:00:00Z,BARC,0,31.70520833333333,temperature
2024-08-30T00:00:00Z,BARC,0,31.677291666666665,temperature
2024-08-31T00:00:00Z,BARC,0,31.653333333333332,temperature
2024-09-01T00:00:00Z,BARC,0,31.638333333333332,temperature
2024-09-02T00:00:00Z,BARC,0,31.805416666666662,temperature
2024-09-03T00:00:00Z,BARC,0,31.676666666666662,temperature
2024-09-04T00:00:00Z,BARC,0,31.269791666666663,temperature
2024-09-05T00:00:00Z,BARC,0,31.179024390243903,temperature
2024-09-06T00:00:00Z,BARC,0,31.227916666666665,temperature
2024-09-07T00:00:00Z,BARC,0,30.892708333333335,temperature
2024-09-08T00:00:00Z,BARC,0,30.635625,temperature
2024-09-09T00:00:00Z,BARC,0,30.391063829787235,temperature
2024-09-10T00:00:00Z,BARC,0,30.14875,temperature
2024-09-11T00:00:00Z,BARC,0,29.842916666666667,temperature
2024-09-12T00:00:00Z,BARC,0,29.42791666666667,temperature
2024-09-13T00:00:00Z,BARC,0,29.038125,temperature
2024-09-14T00:00:00Z,BARC,0,29.19375,temperature
2024-09-15T00:00:00Z,BARC,0,29.028541666666666,temperature
2024-09-16T00:00:00Z,BARC,0,28.724375,temperature
2024-09-17T00:00:00Z,BARC,0,29.155625,temperature
2024-09-18T00:00:00Z,BARC,0,29.442708333333332,temperature
2024-09-19T00:00:00Z,BARC,0,29.42921052631579,temperature
2024-09-20T00:00:00Z,BARC,0,29.785208333333333,temperature
2024-09-21T00:00:00Z,BARC,0,29.640208333333337,temperature
2024-09-22T00:00:00Z,BARC,0,29.547291666666663,temperature
2024-09-23T00:00:00Z,BARC,0,29.8075,temperature
2024-09-24T00:00:00Z,BARC,0,29.798541666666665,temperature
2024-09-25T00:00:00Z,BARC,0,29.578541666666663,temperature
2024-09-26T00:00:00Z,BARC,0,29.213125,temperature
2024-09-27T00:00:00Z,BARC,0,28.78708333333333,temperature
2024-09-28T00:00:00Z,BARC,0,28.880208333333332,temperature
2024-09-29T00:00:00Z,BARC,0,29.15,temperature
2024-09-30T00:00:00Z,BARC,0,29.403333333333332,temperature
2024-10-01T00:00:00Z,BARC,0,29.707291666666663,temperature
2024-10-02T00:00:00Z,BARC,0,29.888125,temperature
2024-10-03T00:00:00Z,BARC,0,29.690833333333337,temperature
2024-10-04T00:00:00Z,BARC,0,29.66,temperature
2024-10-05T00:00:00Z,BARC,0,29.445625,temperature
2024-10-06T00:00:00Z,BARC,0,28.937916666666663,temperature
2024-10-07T00:00:00Z,BARC,0,28.357916666666668,temperature
2024-10-08T00:00:00Z,BARC,0,28.02125,temperature
2024-10-09T00:00:00Z,BARC,0,27.619166666666665,temperature
2024-10-10T00:00:00Z,BARC,0,26.40041666666667,temperature
2024-10-11T00:00:00Z,BARC,0,25.887916666666666,temperature
2024-10-12T00:00:00Z,BARC,0,25.824791666666663,temperature
2024-10-13T00:00:00Z,BARC,0,26.1825,temperature
2024-10-14T00:00:00Z,BARC,0,26.072916666666668,temperature
2024-10-15T00:00:00Z,BARC,0,26.178958333333338,temperature
2024-10-16T00:00:00Z,BARC,0,25.67770833333333,temperature
2024-10-17T00:00:00Z,BARC,0,24.426666666666662,temperature
2024-10-18T00:00:00Z,BARC,0,23.604583333333338,temperature
2024-10-19T00:00:00Z,BARC,0,23.201666666666668,temperature
2024-10-20T00:00:00Z,BARC,0,23.043958333333332,temperature
2024-10-21T00:00:00Z,BARC,0,23.01375,temperature
2024-10-22T00:00:00Z,BARC,0,23.274583333333332,temperature
2024-10-23T00:00:00Z,BARC,0,23.656666666666663,temperature
2024-10-24T00:00:00Z,BARC,0,24.0675,temperature
2024-10-25T00:00:00Z,BARC,0,24.63,temperature
2024-10-26T00:00:00Z,BARC,0,24.815625,temperature
2024-10-27T00:00:00Z,BARC,0,24.74375,temperature
2024-10-28T00:00:00Z,BARC,0,24.379375,temperature
2024-10-29T00:00:00Z,BARC,0,24.08063829787234,temperature
2024-10-30T00:00:00Z,BARC,0,24.242916666666662,temperature
2024-10-31T00:00:00Z,BARC,0,24.336458333333333,temperature
2024-11-01T00:00:00Z,BARC,0,24.657708333333332,temperature
2024-11-02T00:00:00Z,BARC,0,24.809375,temperature
2024-11-03T00:00:00Z,BARC,0,24.983541666666667,temperature
2024-11-04T00:00:00Z,BARC,0,24.964583333333337,temperature
2024-11-05T00:00:00Z,BARC,0,24.979583333333338,temperature
2024-11-06T00:00:00Z,BARC,0,25.265416666666667,temperature
2024-11-07T00:00:00Z,BARC,0,25.601875,temperature
2024-11-08T00:00:00Z,BARC,0,25.889791666666667,temperature
2024-11-09T00:00:00Z,BARC,0,25.682916666666667,temperature
2024-11-10T00:00:00Z,BARC,0,25.366041666666668,temperature
2024-11-11T00:00:00Z,BARC,0,25.619375,temperature
2024-11-12T00:00:00Z,BARC,0,25.660416666666663,temperature
2024-11-13T00:00:00Z,BARC,0,25.244583333333335,temperature
2024-11-14T00:00:00Z,BARC,0,24.125208333333333,temperature
2024-11-15T00:00:00Z,BARC,0,14.771874999999998,temperature
2024-11-16T00:00:00Z,BARC,0,24.272291666666668,temperature
2024-11-17T00:00:00Z,BARC,0,24.036875,temperature
2024-11-18T00:00:00Z,BARC,0,23.777083333333337,temperature
2024-11-19T00:00:00Z,BARC,0,23.45,temperature
2024-11-20T00:00:00Z,BARC,0,23.403541666666666,temperature
2024-11-21T00:00:00Z,BARC,0,22.952916666666667,temperature
2024-11-22T00:00:00Z,BARC,0,21.9025,temperature
2024-11-23T00:00:00Z,BARC,0,21.028958333333332,temperature
2024-11-24T00:00:00Z,BARC,0,20.647291666666668,temperature
2024-11-25T00:00:00Z,BARC,0,20.436458333333334,temperature
2024-11-26T00:00:00Z,BARC,0,20.182708333333338,temperature
2024-11-27T00:00:00Z,BARC,0,20.42125,temperature
2024-11-28T00:00:00Z,BARC,0,20.592083333333335,temperature
2024-11-29T00:00:00Z,BARC,0,20.56125,temperature
2024-11-30T00:00:00Z,BARC,0,19.601458333333333,temperature
2024-12-01T00:00:00Z,BARC,0,18.846041666666668,temperature
2024-12-02T00:00:00Z,BARC,0,18.190625,temperature
2024-12-03T00:00:00Z,BARC,0,17.594166666666666,temperature
2024-12-04T00:00:00Z,BARC,0,16.95064516129032,temperature
2024-12-05T00:00:00Z,BARC,0,17.02307692307692,temperature
2024-12-06T00:00:00Z,BARC,0,16.955000000000002,temperature
2024-12-07T00:00:00Z,BARC,0,16.442291666666666,temperature
2024-12-08T00:00:00Z,BARC,0,16.38625,temperature
2024-12-09T00:00:00Z,BARC,0,16.531666666666666,temperature
2024-12-10T00:00:00Z,BARC,0,16.983541666666667,temperature
2024-12-11T00:00:00Z,BARC,0,17.556875,temperature
2024-12-12T00:00:00Z,BARC,0,16.575625,temperature
2024-12-13T00:00:00Z,BARC,0,16.165416666666665,temperature
2024-12-14T00:00:00Z,BARC,0,16.292083333333334,temperature
2024-12-15T00:00:00Z,BARC,0,16.79625,temperature
2024-12-16T00:00:00Z,BARC,0,17.182291666666668,temperature
2024-12-17T00:00:00Z,BARC,0,18.177708333333335,temperature
2024-12-18T00:00:00Z,BARC,0,19.355,temperature
2024-12-19T00:00:00Z,BARC,0,19.8,temperature
2024-12-20T00:00:00Z,BARC,0,19.282291666666666,temperature
2024-12-21T00:00:00Z,BARC,0,17.750416666666666,temperature
2024-12-22T00:00:00Z,BARC,0,17.02125,temperature
2024-12-23T00:00:00Z,BARC,0,16.539791666666666,temperature
2024-12-24T00:00:00Z,BARC,0,16.227083333333333,temperature
2024-12-25T00:00:00Z,BARC,0,15.9475,temperature
2024-12-26T00:00:00Z,BARC,0,15.954583333333334,temperature
2024-12-27T00:00:00Z,BARC,0,16.184375,temperature
2024-12-28T00:00:00Z,BARC,0,17.122291666666666,temperature
2024-12-29T00:00:00Z,BARC,0,17.985833333333332,temperature
2024-12-30T00:00:00Z,BARC,0,18.025,temperature
2024-12-31T00:00:00Z,BARC,0,18.88875,temperature
2025-01-01T00:00:00Z,BARC,0,18.648541666666667,temperature
2025-01-02T00:00:00Z,BARC,0,17.570833333333333,temperature
2025-01-03T00:00:00Z,BARC,0,16.914375,temperature
2025-01-04T00:00:00Z,BARC,0,16.458958333333335,temperature
2025-01-05T00:00:00Z,BARC,0,16.171875,temperature
2025-01-06T00:00:00Z,BARC,0,16.046666666666667,temperature
2025-01-07T00:00:00Z,BARC,0,15.543958333333332,temperature
2025-01-08T00:00:00Z,BARC,0,14.96875,temperature
2025-01-09T00:00:00Z,BARC,0,14.360208333333333,temperature
2025-01-10T00:00:00Z,BARC,0,13.965,temperature
2025-01-11T00:00:00Z,BARC,0,14.23,temperature
2025-01-12T00:00:00Z,BARC,0,13.805208333333333,temperature
2025-01-13T00:00:00Z,BARC,0,13.689791666666666,temperature
2025-01-14T00:00:00Z,BARC,0,13.489583333333334,temperature
2025-01-15T00:00:00Z,BARC,0,13.397872340425533,temperature
2025-01-16T00:00:00Z,BARC,0,13.304583333333332,temperature
2025-01-17T00:00:00Z,BARC,0,13.428333333333333,temperature
2025-01-18T00:00:00Z,BARC,0,13.997083333333332,temperature
2025-01-19T00:00:00Z,BARC,0,14.977291666666666,temperature
2025-01-20T00:00:00Z,BARC,0,14.115,temperature
2025-01-21T00:00:00Z,BARC,0,13.32195652173913,temperature
2025-01-22T00:00:00Z,BARC,0,12.433125,temperature
2025-01-23T00:00:00Z,BARC,0,11.82875,temperature
2025-01-24T00:00:00Z,BARC,0,11.577291666666667,temperature
2025-01-25T00:00:00Z,BARC,0,11.509583333333332,temperature
2025-01-26T00:00:00Z,BARC,0,12.049375,temperature
2025-01-27T00:00:00Z,BARC,0,12.689375,temperature
2025-01-28T00:00:00Z,BARC,0,13.501875,temperature
2025-01-29T00:00:00Z,BARC,0,13.974583333333332,temperature
2025-01-30T00:00:00Z,BARC,0,14.464166666666667,temperature
2025-01-31T00:00:00Z,BARC,0,15.439375,temperature
2025-02-01T00:00:00Z,BARC,0,16.890416666666667,temperature
2025-02-02T00:00:00Z,BARC,0,16.790625,temperature
2025-02-03T00:00:00Z,BARC,0,17.237916666666667,temperature
2025-02-04T00:00:00Z,BARC,0,18.163333333333338,temperature
2025-02-05T00:00:00Z,BARC,0,18.740833333333335,temperature
2025-02-06T00:00:00Z,BARC,0,19.424791666666668,temperature
2025-02-07T00:00:00Z,BARC,0,19.838333333333335,temperature
2025-02-08T00:00:00Z,BARC,0,19.970833333333335,temperature
2025-02-09T00:00:00Z,BARC,0,20.115,temperature
2025-02-10T00:00:00Z,BARC,0,20.514166666666668,temperature
2025-02-11T00:00:00Z,BARC,0,20.541666666666668,temperature
2025-02-12T00:00:00Z,BARC,0,20.737291666666668,temperature
2025-02-13T00:00:00Z,BARC,0,21.307291666666668,temperature
2025-02-14T00:00:00Z,BARC,0,21.281458333333333,temperature
2025-02-15T00:00:00Z,BARC,0,20.699583333333333,temperature
2025-02-16T00:00:00Z,BARC,0,20.842916666666667,temperature
2025-02-17T00:00:00Z,BARC,0,19.74020833333333,temperature
2025-02-18T00:00:00Z,BARC,0,19.162708333333335,temperature
2025-02-19T00:00:00Z,BARC,0,18.848958333333332,temperature
2025-02-20T00:00:00Z,BARC,0,18.295833333333334,temperature
2025-02-21T00:00:00Z,BARC,0,17.309166666666666,temperature
2025-02-22T00:00:00Z,BARC,0,16.721875,temperature
2025-02-23T00:00:00Z,BARC,0,17.05,temperature
2025-02-24T00:00:00Z,BARC,0,17.308541666666667,temperature
2025-02-25T00:00:00Z,BARC,0,16.833958333333335,temperature
2025-02-26T00:00:00Z,BARC,0,17.751666666666665,temperature
2025-02-27T00:00:00Z,BARC,0,18.35625,temperature
2025-02-28T00:00:00Z,BARC,0,18.606666666666666,temperature
2025-03-01T00:00:00Z,BARC,0,18.436666666666667,temperature
2025-03-02T00:00:00Z,BARC,0,18.507291666666667,temperature
2025-03-03T00:00:00Z,BARC,0,18.316666666666663,temperature
2025-03-04T00:00:00Z,BARC,0,18.395,temperature
2025-03-05T00:00:00Z,BARC,0,18.72782608695652,temperature
2025-03-06T00:00:00Z,BARC,0,18.414375,temperature
2025-03-07T00:00:00Z,BARC,0,18.474791666666665,temperature
2025-03-08T00:00:00Z,BARC,0,18.39375,temperature
2025-03-09T00:00:00Z,BARC,0,18.657291666666666,temperature
2025-03-10T00:00:00Z,BARC,0,19.225416666666668,temperature
2025-03-11T00:00:00Z,BARC,0,18.905625,temperature
2025-03-12T00:00:00Z,BARC,0,19.400833333333335,temperature
2025-03-13T00:00:00Z,BARC,0,19.709791666666668,temperature
2025-03-14T00:00:00Z,BARC,0,20.358541666666667,temperature
2025-03-15T00:00:00Z,BARC,0,20.843125,temperature
2025-03-16T00:00:00Z,BARC,0,20.942708333333332,temperature
2025-03-17T00:00:00Z,BARC,0,20.374583333333337,temperature
2025-03-18T00:00:00Z,BARC,0,20.030625,temperature
2025-03-19T00:00:00Z,BARC,0,20.352708333333332,temperature
2025-03-20T00:00:00Z,BARC,0,20.4875,temperature
2025-03-21T00:00:00Z,BARC,0,19.928958333333338,temperature
2025-03-22T00:00:00Z,BARC,0,19.945625,temperature
2025-03-23T00:00:00Z,BARC,0,20.126666666666665,temperature
2025-03-24T00:00:00Z,BARC,0,20.495625,temperature
2025-03-25T00:00:00Z,BARC,0,21.255208333333332,temperature
2025-03-26T00:00:00Z,BARC,0,22.085416666666667,temperature
2025-03-27T00:00:00Z,BARC,0,21.973333333333333,temperature
2025-03-28T00:00:00Z,BARC,0,21.810625,temperature
2025-03-29T00:00:00Z,BARC,0,21.933958333333333,temperature
2025-03-30T00:00:00Z,BARC,0,22.073958333333337,temperature
2025-03-31T00:00:00Z,BARC,0,22.255833333333335,temperature
2025-04-01T00:00:00Z,BARC,0,23.62375,temperature
2025-04-02T00:00:00Z,BARC,0,24.754583333333333,temperature
2025-04-03T00:00:00Z,BARC,0,25.37,temperature
2025-04-04T00:00:00Z,BARC,0,25.895833333333332,temperature
2025-04-05T00:00:00Z,BARC,0,26.276458333333338,temperature
2025-04-06T00:00:00Z,BARC,0,26.828333333333333,temperature
2025-04-07T00:00:00Z,BARC,0,26.827708333333337,temperature
2025-04-08T00:00:00Z,BARC,0,26.117083333333333,temperature
2025-04-09T00:00:00Z,BARC,0,25.487916666666667,temperature
2025-04-10T00:00:00Z,BARC,0,25.239166666666662,temperature
2025-04-11T00:00:00Z,BARC,0,25.169791666666665,temperature
2025-04-12T00:00:00Z,BARC,0,24.719375,temperature
2025-04-13T00:00:00Z,BARC,0,24.527708333333333,temperature
2025-04-14T00:00:00Z,BARC,0,24.571666666666665,temperature
2025-04-15T00:00:00Z,BARC,0,24.592291666666668,temperature
2025-04-16T00:00:00Z,BARC,0,24.693125,temperature
2025-04-17T00:00:00Z,BARC,0,24.842916666666667,temperature
2025-04-18T00:00:00Z,BARC,0,24.936666666666667,temperature
2025-04-19T00:00:00Z,BARC,0,25.256875,temperature
2025-04-20T00:00:00Z,BARC,0,25.610625,temperature
2025-04-21T00:00:00Z,BARC,0,25.985833333333332,temperature
2025-04-22T00:00:00Z,BARC,0,26.42875,temperature
2025-04-23T00:00:00Z,BARC,0,26.656458333333333,temperature
2025-04-24T00:00:00Z,BARC,0,26.543333333333333,temperature
2025-04-25T00:00:00Z,BARC,0,26.598958333333332,temperature
2025-04-26T00:00:00Z,BARC,0,27.16625,temperature
2025-04-27T00:00:00Z,BARC,0,27.835208333333338,temperature
2025-04-28T00:00:00Z,BARC,0,27.909791666666667,temperature
2025-04-29T00:00:00Z,BARC,0,27.49020833333333,temperature
2025-04-30T00:00:00Z,BARC,0,27.511875,temperature
2025-05-01T00:00:00Z,BARC,0,27.515,temperature
2025-05-02T00:00:00Z,BARC,0,27.649791666666665,temperature
2025-05-03T00:00:00Z,BARC,0,27.596458333333334,temperature
2025-05-04T00:00:00Z,BARC,0,27.556041666666665,temperature
2025-05-05T00:00:00Z,BARC,0,27.651458333333338,temperature
2025-05-06T00:00:00Z,BARC,0,27.991458333333338,temperature
2025-05-07T00:00:00Z,BARC,0,28.315208333333334,temperature
2025-05-08T00:00:00Z,BARC,0,28.227708333333332,temperature
2025-05-09T00:00:00Z,BARC,0,28.398333333333333,temperature
2025-05-10T00:00:00Z,BARC,0,28.340625,temperature
2025-05-11T00:00:00Z,BARC,0,27.76,temperature
2025-05-12T00:00:00Z,BARC,0,27.458333333333332,temperature
2025-05-13T00:00:00Z,BARC,0,27.57108695652174,temperature
2025-05-14T00:00:00Z,BARC,0,27.745,temperature
2025-05-15T00:00:00Z,BARC,0,28.15875,temperature
2025-05-16T00:00:00Z,BARC,0,28.439375,temperature
2025-05-17T00:00:00Z,BARC,0,28.83625,temperature
2025-05-18T00:00:00Z,BARC,0,29.247083333333332,temperature
2025-05-19T00:00:00Z,BARC,0,29.670833333333334,temperature
2025-05-20T00:00:00Z,BARC,0,30.01125,temperature
2025-05-21T00:00:00Z,BARC,0,29.991875,temperature
2025-05-22T00:00:00Z,BARC,0,29.848333333333333,temperature
2025-05-23T00:00:00Z,BARC,0,29.809375,temperature
2025-05-24T00:00:00Z,BARC,0,30.133958333333332,temperature
2025-05-25T00:00:00Z,BARC,0,30.163541666666667,temperature
2025-05-26T00:00:00Z,BARC,0,30.4375,temperature
2025-05-27T00:00:00Z,BARC,0,30.718297872340425,temperature
2025-05-28T00:00:00Z,BARC,0,30.702083333333334,temperature
2025-05-29T00:00:00Z,BARC,0,30.647708333333338,temperature
2025-05-30T00:00:00Z,BARC,0,30.446458333333332,temperature
2025-05-31T00:00:00Z,BARC,0,30.4275,temperature
2025-06-01T00:00:00Z,BARC,0,30.339375,temperature
2025-06-02T00:00:00Z,BARC,0,30.304375,temperature
2025-06-03T00:00:00Z,BARC,0,29.916875,temperature
2025-06-04T00:00:00Z,BARC,0,29.500416666666663,temperature
2025-06-05T00:00:00Z,BARC,0,29.506875,temperature
2025-06-06T00:00:00Z,BARC,0,29.814375,temperature
2025-06-07T00:00:00Z,BARC,0,30.09375,temperature
2025-06-08T00:00:00Z,BARC,0,30.190416666666668,temperature
2025-06-09T00:00:00Z,BARC,0,30.301666666666662,temperature
2025-06-10T00:00:00Z,BARC,0,30.624166666666667,temperature
2025-06-11T00:00:00Z,BARC,0,30.839375,temperature
2025-06-12T00:00:00Z,BARC,0,31.061041666666668,temperature
2025-06-13T00:00:00Z,BARC,0,31.121875,temperature
2025-06-14T00:00:00Z,BARC,0,31.16979166666667,temperature
2025-06-15T00:00:00Z,BARC,0,31.31875,temperature
2025-06-16T00:00:00Z,BARC,0,31.46270833333333,temperature
2025-06-17T00:00:00Z,BARC,0,31.510416666666668,temperature
2025-06-18T00:00:00Z,BARC,0,31.576666666666668,temperature
2025-06-19T00:00:00Z,BARC,0,31.555833333333332,temperature
2025-06-20T00:00:00Z,BARC,0,31.57625,temperature
2025-06-21T00:00:00Z,BARC,0,31.614375,temperature
2025-06-22T00:00:00Z,BARC,0,31.663125,temperature
2025-06-23T00:00:00Z,BARC,0,31.761666666666667,temperature
2025-06-24T00:00:00Z,BARC,0,31.870217391304347,temperature
2025-06-25T00:00:00Z,BARC,0,32.015,temperature
2025-06-26T00:00:00Z,BARC,0,32.017291666666665,temperature
2025-06-27T00:00:00Z,BARC,0,31.984791666666663,temperature
2025-06-28T00:00:00Z,BARC,0,31.57125,temperature
2025-06-29T00:00:00Z,BARC,0,31.242083333333333,temperature
2025-06-30T00:00:00Z,BARC,0,30.847916666666663,temperature
2025-07-01T00:00:00Z,BARC,0,30.57625,temperature
2025-07-02T00:00:00Z,BARC,0,30.562291666666667,temperature
2025-07-03T00:00:00Z,BARC,0,30.612083333333334,temperature
2025-07-04T00:00:00Z,BARC,0,30.747916666666665,temperature
2025-07-05T00:00:00Z,BARC,0,30.750208333333333,temperature
2025-07-06T00:00:00Z,BARC,0,30.867291666666667,temperature
2025-07-07T00:00:00Z,BARC,0,30.978958333333335,temperature
2025-07-08T00:00:00Z,BARC,0,31.32208333333333,temperature
2025-07-09T00:00:00Z,BARC,0,31.205625,temperature
2025-07-10T00:00:00Z,BARC,0,30.903333333333332,temperature
2025-07-11T00:00:00Z,BARC,0,31.197708333333335,temperature
2025-07-12T00:00:00Z,BARC,0,31.364791666666665,temperature
2025-07-13T00:00:00Z,BARC,0,31.245416666666667,temperature
2025-07-14T00:00:00Z,BARC,0,31.135625,temperature
2025-07-15T00:00:00Z,BARC,0,30.761666666666667,temperature
2025-07-16T00:00:00Z,BARC,0,30.5125,temperature
2025-07-17T00:00:00Z,BARC,0,31.198541666666667,temperature
2025-07-18T00:00:00Z,BARC,0,31.884166666666665,temperature
2025-07-19T00:00:00Z,BARC,0,32.523125,temperature
2025-07-20T00:00:00Z,BARC,0,32.441875,temperature
2025-07-21T00:00:00Z,BARC,0,32.48354166666667,temperature
2025-07-22T00:00:00Z,BARC,0,31.958125,temperature
2025-07-23T00:00:00Z,BARC,0,31.761458333333337,temperature
2025-07-24T00:00:00Z,BARC,0,31.757083333333338,temperature
2025-07-25T00:00:00Z,BARC,0,32.035833333333336,temperature
2025-07-26T00:00:00Z,BARC,0,32.608333333333334,temperature
2025-07-27T00:00:00Z,BARC,0,32.697291666666665,temperature
2025-07-28T00:00:00Z,BARC,0,33.245416666666664,temperature
2025-07-29T00:00:00Z,BARC,0,33.684583333333336,temperature
2025-07-30T00:00:00Z,BARC,0,33.50325581395349,temperature
2025-07-31T00:00:00Z,BARC,0,33.57458333333334,temperature
2025-08-01T00:00:00Z,BARC,0,33.57416666666667,temperature
2025-08-02T00:00:00Z,BARC,0,33.376666666666665,temperature
2025-08-03T00:00:00Z,BARC,0,33.18,temperature
2025-08-04T00:00:00Z,BARC,0,32.91791666666667,temperature
2025-08-05T00:00:00Z,BARC,0,32.795625,temperature
2025-08-06T00:00:00Z,BARC,0,32.74625,temperature
2025-08-07T00:00:00Z,BARC,0,32.61895833333333,temperature
2025-08-08T00:00:00Z,BARC,0,32.331041666666664,temperature
2025-08-09T00:00:00Z,BARC,0,31.99416666666667,temperature
2025-08-10T00:00:00Z,BARC,0,31.878958333333333,temperature
2025-08-11T00:00:00Z,BARC,0,31.874166666666667,temperature
2025-08-12T00:00:00Z,BARC,0,32.24395833333333,temperature
2025-08-13T00:00:00Z,BARC,0,32.53854166666667,temperature
2025-08-14T00:00:00Z,BARC,0,32.66125,temperature
2025-08-15T00:00:00Z,BARC,0,32.922291666666666,temperature
2025-08-16T00:00:00Z,BARC,0,32.92625,temperature
2025-08-17T00:00:00Z,BARC,0,32.57333333333333,temperature
2025-08-18T00:00:00Z,BARC,0,32.44583333333333,temperature
2025-08-19T00:00:00Z,BARC,0,32.274791666666665,temperature
2025-08-20T00:00:00Z,BARC,0,32.189166666666665,temperature
2025-08-21T00:00:00Z,BARC,0,32.3075,temperature
2025-08-22T00:00:00Z,BARC,0,32.028333333333336,temperature
2025-08-23T00:00:00Z,BARC,0,32.2,temperature
2025-08-24T00:00:00Z,BARC,0,31.952708333333337,temperature
2025-08-25T00:00:00Z,BARC,0,31.864375,temperature
2025-08-26T00:00:00Z,BARC,0,32.002291666666665,temperature
2025-08-27T00:00:00Z,BARC,0,31.997291666666666,temperature
2025-08-28T00:00:00Z,BARC,0,31.872916666666665,temperature
2025-08-29T00:00:00Z,BARC,0,31.639166666666668,temperature
2025-08-30T00:00:00Z,BARC,0,31.414375,temperature
2025-08-31T00:00:00Z,BARC,0,31.056041666666665,temperature
2025-09-01T00:00:00Z,BARC,0,30.422916666666666,temperature
2025-09-02T00:00:00Z,BARC,0,29.761875,temperature
2025-09-03T00:00:00Z,BARC,0,29.61477272727273,temperature
2025-09-04T00:00:00Z,BARC,0,29.741458333333338,temperature
2025-09-05T00:00:00Z,BARC,0,29.849166666666665,temperature
2025-09-06T00:00:00Z,BARC,0,29.873125,temperature
2025-09-07T00:00:00Z,BARC,0,30.111875,temperature
2025-09-08T00:00:00Z,BARC,0,29.819166666666668,temperature
2025-09-09T00:00:00Z,BARC,0,29.266875,temperature
2025-09-10T00:00:00Z,BARC,0,28.923125,temperature
2025-09-11T00:00:00Z,BARC,0,28.880625,temperature
2025-09-12T00:00:00Z,BARC,0,28.663125,temperature
2025-09-13T00:00:00Z,BARC,0,28.403333333333332,temperature
2025-09-14T00:00:00Z,BARC,0,28.331666666666667,temperature
2025-09-15T00:00:00Z,BARC,0,28.25375,temperature
2025-09-16T00:00:00Z,BARC,0,28.252291666666668,temperature
2025-09-17T00:00:00Z,BARC,0,28.33888888888889,temperature
2025-09-18T00:00:00Z,BARC,0,28.307708333333338,temperature
2025-09-19T00:00:00Z,BARC,0,28.542708333333337,temperature
2025-09-20T00:00:00Z,BARC,0,28.757708333333333,temperature
2025-09-21T00:00:00Z,BARC,0,28.759375,temperature
2025-09-22T00:00:00Z,BARC,0,29.085416666666667,temperature
2025-09-23T00:00:00Z,BARC,0,29.347083333333337,temperature
2025-09-24T00:00:00Z,BARC,0,29.877083333333335,temperature
2025-09-25T00:00:00Z,BARC,0,30.139791666666667,temperature
2025-09-26T00:00:00Z,BARC,0,29.898333333333333,temperature
2025-09-27T00:00:00Z,BARC,0,29.591666666666665,temperature
2025-09-28T00:00:00Z,BARC,0,29.5025,temperature
2025-09-29T00:00:00Z,BARC,0,29.27916666666667,temperature
2025-09-30T00:00:00Z,BARC,0,28.796666666666667,temperature
2025-10-01T00:00:00Z,BARC,0,28.382291666666667,temperature
2025-10-02T00:00:00Z,BARC,0,27.913333333333338,temperature
2025-10-03T00:00:00Z,BARC,0,27.576875,temperature
2025-10-04T00:00:00Z,BARC,0,27.23375,temperature
2025-10-05T00:00:00Z,BARC,0,27.085833333333333,temperature
2025-10-06T00:00:00Z,BARC,0,27.022291666666668,temperature
2025-10-07T00:00:00Z,BARC,0,27.1625,temperature
2025-10-08T00:00:00Z,BARC,0,27.30125,temperature
2025-10-09T00:00:00Z,BARC,0,27.2175,temperature
2025-10-10T00:00:00Z,BARC,0,26.818125,temperature
2025-10-11T00:00:00Z,BARC,0,26.019583333333333,temperature
2025-10-12T00:00:00Z,BARC,0,25.495833333333337,temperature
2025-10-13T00:00:00Z,BARC,0,25.606666666666666,temperature
2025-10-14T00:00:00Z,BARC,0,25.771875,temperature
2025-10-15T00:00:00Z,BARC,0,25.609791666666663,temperature
2025-10-16T00:00:00Z,BARC,0,25.494791666666668,temperature
2025-10-17T00:00:00Z,BARC,0,25.409791666666667,temperature
2025-10-18T00:00:00Z,BARC,0,25.294583333333332,temperature
2025-10-19T00:00:00Z,BARC,0,25.137708333333332,temperature
2025-10-20T00:00:00Z,BARC,0,25.100625,temperature
2025-10-21T00:00:00Z,BARC,0,25.325208333333332,temperature
2025-10-22T00:00:00Z,BARC,0,25.415434782608695,temperature
2025-10-23T00:00:00Z,BARC,0,25.105625,temperature
2025-10-24T00:00:00Z,BARC,0,24.516875,temperature
2025-10-25T00:00:00Z,BARC,0,24.28375,temperature
2025-10-26T00:00:00Z,BARC,0,24.205208333333335,temperature
2025-10-27T00:00:00Z,BARC,0,24.461041666666667,temperature
2025-10-28T00:00:00Z,BARC,0,24.175,temperature
2025-10-29T00:00:00Z,BARC,0,23.765,temperature
2025-10-30T00:00:00Z,BARC,0,23.302708333333335,temperature
2025-10-31T00:00:00Z,BARC,0,22.538958333333333,temperature
