datetime,site_id,depth,observation,variable
2017-08-19T00:00:00Z,SUGG,0,31.06595744680851,temperature
2017-08-20T00:00:00Z,SUGG,0,31.602978723404256,temperature
2017-08-21T00:00:00Z,SUGG,0,29.682916666666667,temperature
2017-08-22T00:00:00Z,SUGG,0,30.59125,temperature
2017-08-23T00:00:00Z,SUGG,0,30.56793103448276,temperature
2017-08-25T00:00:00Z,SUGG,0,30.6975,temperature
2017-08-26T00:00:00Z,SUGG,0,30.407916666666665,temperature
2017-08-27T00:00:00Z,SUGG,0,29.6625,temperature
2017-08-28T00:00:00Z,SUGG,0,29.120208333333338,temperature
2017-08-29T00:00:00Z,SUGG,0,29.900625,temperature
2017-08-30T00:00:00Z,SUGG,0,30.87127659574468,temperature
2017-08-31T00:00:00Z,SUGG,0,30.474375,temperature
2017-09-01T00:00:00Z,SUGG,0,30.59979166666667,temperature
2017-09-02T00:00:00Z,SUGG,0,29.401041666666668,temperature
2017-09-03T00:00:00Z,SUGG,0,30.326041666666665,temperature
2017-09-04T00:00:00Z,SUGG,0,30.781041666666667,temperature
2017-09-05T00:00:00Z,SUGG,0,29.827446808510636,temperature
2017-09-06T00:00:00Z,SUGG,0,29.291875,temperature
2017-09-07T00:00:00Z,SUGG,0,28.63625,temperature
2017-09-08T00:00:00Z,SUGG,0,28.158958333333334,temperature
2017-09-09T00:00:00Z,SUGG,0,27.679791666666667,temperature
2017-09-10T00:00:00Z,SUGG,0,27.016666666666666,temperature
2017-09-11T00:00:00Z,SUGG,0,25.212083333333332,temperature
2017-09-12T00:00:00Z,SUGG,0,24.840416666666663,temperature
2017-09-13T00:00:00Z,SUGG,0,26.548333333333332,temperature
2017-09-14T00:00:00Z,SUGG,0,29.982291666666665,temperature
2017-09-15T00:00:00Z,SUGG,0,28.769375,temperature
2017-09-16T00:00:00Z,SUGG,0,27.719166666666663,temperature
2017-09-17T00:00:00Z,SUGG,0,27.609583333333333,temperature
2017-09-18T00:00:00Z,SUGG,0,27.852916666666665,temperature
2017-09-19T00:00:00Z,SUGG,0,28.190416666666668,temperature
2017-09-20T00:00:00Z,SUGG,0,28.873404255319148,temperature
2017-09-21T00:00:00Z,SUGG,0,28.090625,temperature
2017-09-22T00:00:00Z,SUGG,0,27.694791666666667,temperature
2017-09-23T00:00:00Z,SUGG,0,27.459375,temperature
2017-09-24T00:00:00Z,SUGG,0,27.606666666666666,temperature
2017-09-25T00:00:00Z,SUGG,0,28.363125,temperature
2017-09-26T00:00:00Z,SUGG,0,29.328125,temperature
2017-09-27T00:00:00Z,SUGG,0,29.976666666666667,temperature
2017-09-28T00:00:00Z,SUGG,0,30.49020833333333,temperature
2017-09-29T00:00:00Z,SUGG,0,28.754791666666662,temperature
2017-09-30T00:00:00Z,SUGG,0,27.854791666666667,temperature
2017-10-01T00:00:00Z,SUGG,0,26.632916666666667,temperature
2017-10-02T00:00:00Z,SUGG,0,25.833541666666665,temperature
2017-10-03T00:00:00Z,SUGG,0,25.745416666666667,temperature
2017-10-04T00:00:00Z,SUGG,0,25.729791666666667,temperature
2017-10-05T00:00:00Z,SUGG,0,25.641666666666666,temperature
2017-10-06T00:00:00Z,SUGG,0,26.51625,temperature
2017-10-07T00:00:00Z,SUGG,0,27.517708333333335,temperature
2017-10-08T00:00:00Z,SUGG,0,27.75875,temperature
2017-10-09T00:00:00Z,SUGG,0,28.75125,temperature
2017-10-10T00:00:00Z,SUGG,0,29.4,temperature
2017-10-11T00:00:00Z,SUGG,0,29.040416666666665,temperature
2017-10-12T00:00:00Z,SUGG,0,28.171875,temperature
2017-10-13T00:00:00Z,SUGG,0,27.847916666666663,temperature
2017-10-14T00:00:00Z,SUGG,0,27.180416666666662,temperature
2017-10-15T00:00:00Z,SUGG,0,27.230416666666667,temperature
2017-10-16T00:00:00Z,SUGG,0,28.242916666666662,temperature
2017-10-17T00:00:00Z,SUGG,0,26.911666666666665,temperature
2017-10-18T00:00:00Z,SUGG,0,25.109583333333333,temperature
2017-10-19T00:00:00Z,SUGG,0,24.701875,temperature
2017-10-20T00:00:00Z,SUGG,0,24.800416666666667,temperature
2017-10-21T00:00:00Z,SUGG,0,24.975,temperature
2017-10-22T00:00:00Z,SUGG,0,25.28375,temperature
2017-10-23T00:00:00Z,SUGG,0,25.625208333333333,temperature
2017-10-24T00:00:00Z,SUGG,0,25.607916666666668,temperature
2017-10-25T00:00:00Z,SUGG,0,24.494166666666665,temperature
2017-10-26T00:00:00Z,SUGG,0,23.160833333333333,temperature
2017-10-27T00:00:00Z,SUGG,0,22.366458333333338,temperature
2017-10-28T00:00:00Z,SUGG,0,22.428541666666668,temperature
2017-10-29T00:00:00Z,SUGG,0,22.172291666666663,temperature
2017-10-30T00:00:00Z,SUGG,0,20.6175,temperature
2017-10-31T00:00:00Z,SUGG,0,20.40875,temperature
2017-11-01T00:00:00Z,SUGG,0,20.349583333333335,temperature
2017-11-02T00:00:00Z,SUGG,0,20.933125,temperature
2017-11-03T00:00:00Z,SUGG,0,21.30125,temperature
2017-11-04T00:00:00Z,SUGG,0,21.640731707317073,temperature
2017-11-06T00:00:00Z,SUGG,0,25.074,temperature
2017-11-07T00:00:00Z,SUGG,0,24.313958333333332,temperature
2017-11-08T00:00:00Z,SUGG,0,24.565625,temperature
2017-11-09T00:00:00Z,SUGG,0,24.288333333333338,temperature
2017-11-10T00:00:00Z,SUGG,0,21.6725,temperature
2017-11-11T00:00:00Z,SUGG,0,20.286666666666665,temperature
2017-11-12T00:00:00Z,SUGG,0,20.519375,temperature
2017-11-13T00:00:00Z,SUGG,0,21.178541666666668,temperature
2017-11-14T00:00:00Z,SUGG,0,20.861666666666668,temperature
2017-11-15T00:00:00Z,SUGG,0,19.777291666666667,temperature
2017-11-16T00:00:00Z,SUGG,0,19.343958333333333,temperature
2017-11-17T00:00:00Z,SUGG,0,19.284583333333337,temperature
2017-11-18T00:00:00Z,SUGG,0,19.37375,temperature
2017-11-19T00:00:00Z,SUGG,0,19.496875,temperature
2017-11-20T00:00:00Z,SUGG,0,18.502083333333335,temperature
2017-11-21T00:00:00Z,SUGG,0,18.66,temperature
2017-11-22T00:00:00Z,SUGG,0,19.1575,temperature
2017-11-23T00:00:00Z,SUGG,0,18.935833333333335,temperature
2017-11-24T00:00:00Z,SUGG,0,18.711875,temperature
2017-11-25T00:00:00Z,SUGG,0,18.988958333333333,temperature
2017-11-26T00:00:00Z,SUGG,0,19.120833333333337,temperature
2017-11-27T00:00:00Z,SUGG,0,18.820833333333333,temperature
2017-11-28T00:00:00Z,SUGG,0,18.589791666666667,temperature
2017-11-29T00:00:00Z,SUGG,0,19.168541666666663,temperature
2017-11-30T00:00:00Z,SUGG,0,19.6025,temperature
2017-12-01T00:00:00Z,SUGG,0,21.035208333333333,temperature
2017-12-02T00:00:00Z,SUGG,0,20.794583333333332,temperature
2017-12-03T00:00:00Z,SUGG,0,20.456666666666667,temperature
2017-12-04T00:00:00Z,SUGG,0,19.44625,temperature
2017-12-05T00:00:00Z,SUGG,0,19.999375,temperature
2017-12-06T00:00:00Z,SUGG,0,20.629583333333333,temperature
2017-12-07T00:00:00Z,SUGG,0,19.470625,temperature
2017-12-08T00:00:00Z,SUGG,0,18.24,temperature
2017-12-09T00:00:00Z,SUGG,0,16.95916666666667,temperature
2017-12-10T00:00:00Z,SUGG,0,15.60125,temperature
2017-12-11T00:00:00Z,SUGG,0,14.960416666666667,temperature
2017-12-12T00:00:00Z,SUGG,0,14.612708333333334,temperature
2017-12-13T00:00:00Z,SUGG,0,14.263333333333334,temperature
2017-12-14T00:00:00Z,SUGG,0,14.540833333333332,temperature
2017-12-15T00:00:00Z,SUGG,0,15.5825,temperature
2017-12-16T00:00:00Z,SUGG,0,15.193541666666668,temperature
2017-12-17T00:00:00Z,SUGG,0,15.176458333333333,temperature
2017-12-18T00:00:00Z,SUGG,0,16.4775,temperature
2017-12-19T00:00:00Z,SUGG,0,18.737291666666668,temperature
2017-12-20T00:00:00Z,SUGG,0,19.12375,temperature
2017-12-21T00:00:00Z,SUGG,0,19.407916666666665,temperature
2017-12-22T00:00:00Z,SUGG,0,20.032291666666666,temperature
2017-12-23T00:00:00Z,SUGG,0,19.89,temperature
2017-12-24T00:00:00Z,SUGG,0,19.9125,temperature
2017-12-25T00:00:00Z,SUGG,0,19.485625,temperature
2017-12-26T00:00:00Z,SUGG,0,17.517708333333335,temperature
2017-12-27T00:00:00Z,SUGG,0,17.051458333333333,temperature
2017-12-28T00:00:00Z,SUGG,0,16.477083333333333,temperature
2017-12-29T00:00:00Z,SUGG,0,15.598958333333334,temperature
2017-12-30T00:00:00Z,SUGG,0,14.810208333333334,temperature
2017-12-31T00:00:00Z,SUGG,0,14.928297872340426,temperature
2018-01-01T00:00:00Z,SUGG,0,13.969375,temperature
2018-01-02T00:00:00Z,SUGG,0,11.768333333333333,temperature
2018-01-03T00:00:00Z,SUGG,0,10.197916666666666,temperature
2018-01-04T00:00:00Z,SUGG,0,9.274166666666666,temperature
2018-01-05T00:00:00Z,SUGG,0,8.889583333333333,temperature
2018-01-06T00:00:00Z,SUGG,0,8.633541666666666,temperature
2018-01-07T00:00:00Z,SUGG,0,8.634166666666667,temperature
2018-01-08T00:00:00Z,SUGG,0,9.240833333333333,temperature
2018-01-09T00:00:00Z,SUGG,0,10.453333333333331,temperature
2018-01-11T00:00:00Z,SUGG,0,16.76,temperature
2018-01-12T00:00:00Z,SUGG,0,16.163125,temperature
2018-01-13T00:00:00Z,SUGG,0,14.9225,temperature
2018-01-14T00:00:00Z,SUGG,0,12.939791666666666,temperature
2018-01-15T00:00:00Z,SUGG,0,12.044583333333334,temperature
2018-01-16T00:00:00Z,SUGG,0,12.1775,temperature
2018-01-17T00:00:00Z,SUGG,0,12.369787234042551,temperature
2018-01-18T00:00:00Z,SUGG,0,10.956458333333334,temperature
2018-01-19T00:00:00Z,SUGG,0,11.130833333333332,temperature
2018-01-20T00:00:00Z,SUGG,0,11.633958333333334,temperature
2018-01-21T00:00:00Z,SUGG,0,12.203125,temperature
2018-01-22T00:00:00Z,SUGG,0,13.164791666666666,temperature
2018-01-23T00:00:00Z,SUGG,0,14.771041666666669,temperature
2018-01-24T00:00:00Z,SUGG,0,14.914583333333333,temperature
2018-01-25T00:00:00Z,SUGG,0,13.88375,temperature
2018-01-26T00:00:00Z,SUGG,0,12.760625,temperature
2018-01-27T00:00:00Z,SUGG,0,13.52375,temperature
2018-01-28T00:00:00Z,SUGG,0,14.692916666666669,temperature
2018-01-29T00:00:00Z,SUGG,0,15.670416666666666,temperature
2018-01-30T00:00:00Z,SUGG,0,14.870416666666667,temperature
2018-01-31T00:00:00Z,SUGG,0,14.225208333333333,temperature
2018-02-01T00:00:00Z,SUGG,0,14.613333333333332,temperature
2018-02-02T00:00:00Z,SUGG,0,15.438541666666667,temperature
2018-02-03T00:00:00Z,SUGG,0,14.413333333333334,temperature
2018-02-04T00:00:00Z,SUGG,0,14.4225,temperature
2018-02-05T00:00:00Z,SUGG,0,15.6625,temperature
2018-02-06T00:00:00Z,SUGG,0,16.093333333333334,temperature
2018-02-07T00:00:00Z,SUGG,0,17.11,temperature
2018-02-08T00:00:00Z,SUGG,0,17.987916666666667,temperature
2018-02-09T00:00:00Z,SUGG,0,17.937291666666667,temperature
2018-02-10T00:00:00Z,SUGG,0,19.44708333333333,temperature
2018-02-11T00:00:00Z,SUGG,0,20.35333333333333,temperature
2018-02-12T00:00:00Z,SUGG,0,21.590833333333332,temperature
2018-02-13T00:00:00Z,SUGG,0,20.840416666666663,temperature
2018-02-14T00:00:00Z,SUGG,0,19.10897435897436,temperature
2018-02-27T00:00:00Z,SUGG,0,23.720714285714287,temperature
2018-02-28T00:00:00Z,SUGG,0,22.529148936170213,temperature
2018-03-01T00:00:00Z,SUGG,0,22.93541666666667,temperature
2018-03-02T00:00:00Z,SUGG,0,22.592708333333334,temperature
2018-03-03T00:00:00Z,SUGG,0,21.553958333333338,temperature
2018-03-04T00:00:00Z,SUGG,0,20.351458333333333,temperature
2018-03-05T00:00:00Z,SUGG,0,20.447916666666668,temperature
2018-03-06T00:00:00Z,SUGG,0,19.501666666666665,temperature
2018-03-07T00:00:00Z,SUGG,0,19.3325,temperature
2018-03-08T00:00:00Z,SUGG,0,18.712916666666665,temperature
2018-03-09T00:00:00Z,SUGG,0,18.691041666666667,temperature
2018-03-10T00:00:00Z,SUGG,0,18.258541666666662,temperature
2018-03-11T00:00:00Z,SUGG,0,18.930833333333332,temperature
2018-03-12T00:00:00Z,SUGG,0,19.2325,temperature
2018-03-13T00:00:00Z,SUGG,0,18.048541666666665,temperature
2018-03-14T00:00:00Z,SUGG,0,17.879791666666666,temperature
2018-03-15T00:00:00Z,SUGG,0,17.756875,temperature
2018-03-16T00:00:00Z,SUGG,0,18.042708333333337,temperature
2018-03-17T00:00:00Z,SUGG,0,19.182291666666668,temperature
2018-03-18T00:00:00Z,SUGG,0,20.407083333333333,temperature
2018-03-19T00:00:00Z,SUGG,0,21.08875,temperature
2018-03-20T00:00:00Z,SUGG,0,20.261041666666667,temperature
2018-03-21T00:00:00Z,SUGG,0,19.377708333333334,temperature
2018-03-22T00:00:00Z,SUGG,0,18.704166666666666,temperature
2018-03-23T00:00:00Z,SUGG,0,18.552291666666665,temperature
2018-03-24T00:00:00Z,SUGG,0,19.522083333333335,temperature
2018-03-25T00:00:00Z,SUGG,0,19.525833333333335,temperature
2018-03-26T00:00:00Z,SUGG,0,19.635416666666668,temperature
2018-03-27T00:00:00Z,SUGG,0,19.23723404255319,temperature
2018-03-28T00:00:00Z,SUGG,0,20.643541666666668,temperature
2018-03-29T00:00:00Z,SUGG,0,21.69441860465116,temperature
2018-03-30T00:00:00Z,SUGG,0,22.061458333333334,temperature
2018-03-31T00:00:00Z,SUGG,0,21.637708333333332,temperature
2018-04-01T00:00:00Z,SUGG,0,22.160625,temperature
2018-04-02T00:00:00Z,SUGG,0,23.397916666666667,temperature
2018-04-03T00:00:00Z,SUGG,0,24.52,temperature
2018-04-04T00:00:00Z,SUGG,0,25.107291666666665,temperature
2018-04-05T00:00:00Z,SUGG,0,23.574791666666663,temperature
2018-04-06T00:00:00Z,SUGG,0,23.66208333333333,temperature
2018-04-07T00:00:00Z,SUGG,0,23.984583333333333,temperature
2018-04-08T00:00:00Z,SUGG,0,22.747083333333332,temperature
2018-04-09T00:00:00Z,SUGG,0,21.845208333333332,temperature
2018-04-10T00:00:00Z,SUGG,0,21.285208333333333,temperature
2018-04-11T00:00:00Z,SUGG,0,20.97340909090909,temperature
2018-04-12T00:00:00Z,SUGG,0,21.917916666666667,temperature
2018-04-13T00:00:00Z,SUGG,0,22.49625,temperature
2018-04-14T00:00:00Z,SUGG,0,23.485625,temperature
2018-04-15T00:00:00Z,SUGG,0,23.481666666666666,temperature
2018-04-16T00:00:00Z,SUGG,0,21.23125,temperature
2018-04-17T00:00:00Z,SUGG,0,21.415416666666665,temperature
2018-04-18T00:00:00Z,SUGG,0,22.446458333333332,temperature
2018-04-19T00:00:00Z,SUGG,0,22.985625,temperature
2018-04-20T00:00:00Z,SUGG,0,22.590208333333333,temperature
2018-04-21T00:00:00Z,SUGG,0,21.657708333333332,temperature
2018-04-22T00:00:00Z,SUGG,0,21.97479166666667,temperature
2018-04-23T00:00:00Z,SUGG,0,22.593541666666667,temperature
2018-04-24T00:00:00Z,SUGG,0,23.821956521739132,temperature
2018-04-25T00:00:00Z,SUGG,0,23.988205128205127,temperature
2018-04-26T00:00:00Z,SUGG,0,24.974166666666665,temperature
2018-04-27T00:00:00Z,SUGG,0,25.023541666666667,temperature
2018-04-28T00:00:00Z,SUGG,0,25.03125,temperature
2018-04-29T00:00:00Z,SUGG,0,26.039166666666667,temperature
2018-04-30T00:00:00Z,SUGG,0,25.501875,temperature
2018-05-01T00:00:00Z,SUGG,0,24.970625,temperature
2018-05-02T00:00:00Z,SUGG,0,25.044791666666665,temperature
2018-05-03T00:00:00Z,SUGG,0,25.296666666666667,temperature
2018-05-04T00:00:00Z,SUGG,0,26.2625,temperature
2018-05-05T00:00:00Z,SUGG,0,26.281875,temperature
2018-05-06T00:00:00Z,SUGG,0,27.225625,temperature
2018-05-07T00:00:00Z,SUGG,0,27.900625,temperature
2018-05-08T00:00:00Z,SUGG,0,27.1,temperature
2018-06-07T00:00:00Z,SUGG,0,34.4325,temperature
2018-06-18T00:00:00Z,SUGG,0,32.93214285714286,temperature
2018-06-19T00:00:00Z,SUGG,0,30.899375,temperature
2018-06-20T00:00:00Z,SUGG,0,29.895208333333333,temperature
2018-06-21T00:00:00Z,SUGG,0,30.010416666666668,temperature
2018-06-22T00:00:00Z,SUGG,0,30.565,temperature
2018-06-23T00:00:00Z,SUGG,0,31.296111111111113,temperature
2018-07-10T00:00:00Z,SUGG,0,34.375,temperature
2018-07-11T00:00:00Z,SUGG,0,32.0485,temperature
2018-07-12T00:00:00Z,SUGG,0,32.39553191489362,temperature
2018-07-13T00:00:00Z,SUGG,0,32.85288888888889,temperature
2018-07-14T00:00:00Z,SUGG,0,32.759574468085106,temperature
2018-07-15T00:00:00Z,SUGG,0,31.750212765957446,temperature
2018-07-16T00:00:00Z,SUGG,0,31.002708333333334,temperature
2018-07-17T00:00:00Z,SUGG,0,30.122083333333332,temperature
2018-07-18T00:00:00Z,SUGG,0,29.15157894736842,temperature
2018-07-19T00:00:00Z,SUGG,0,28.980833333333333,temperature
2018-07-20T00:00:00Z,SUGG,0,28.684791666666666,temperature
2018-07-21T00:00:00Z,SUGG,0,29.131458333333335,temperature
2018-07-22T00:00:00Z,SUGG,0,28.378125,temperature
2018-07-23T00:00:00Z,SUGG,0,27.654166666666665,temperature
2018-07-24T00:00:00Z,SUGG,0,28.127916666666668,temperature
2018-07-25T00:00:00Z,SUGG,0,28.979166666666668,temperature
2018-07-26T00:00:00Z,SUGG,0,29.767083333333332,temperature
2018-07-27T00:00:00Z,SUGG,0,29.94,temperature
2018-07-28T00:00:00Z,SUGG,0,31.67791666666667,temperature
2018-07-29T00:00:00Z,SUGG,0,31.800208333333337,temperature
2018-07-30T00:00:00Z,SUGG,0,30.115,temperature
2018-07-31T00:00:00Z,SUGG,0,28.724117647058826,temperature
2018-08-01T00:00:00Z,SUGG,0,29.279375,temperature
2018-08-02T00:00:00Z,SUGG,0,29.882916666666667,temperature
2018-08-03T00:00:00Z,SUGG,0,29.899583333333332,temperature
2018-08-04T00:00:00Z,SUGG,0,31.19708333333333,temperature
2018-08-05T00:00:00Z,SUGG,0,30.64875,temperature
2018-08-06T00:00:00Z,SUGG,0,30.9968085106383,temperature
2018-08-07T00:00:00Z,SUGG,0,31.459756097560977,temperature
2018-08-08T00:00:00Z,SUGG,0,31.480416666666667,temperature
2018-08-09T00:00:00Z,SUGG,0,31.733333333333334,temperature
2018-08-10T00:00:00Z,SUGG,0,31.0425,temperature
2018-08-11T00:00:00Z,SUGG,0,31.534791666666667,temperature
2018-08-12T00:00:00Z,SUGG,0,31.907659574468084,temperature
2018-08-13T00:00:00Z,SUGG,0,30.28875,temperature
2018-08-14T00:00:00Z,SUGG,0,30.68166666666667,temperature
2018-08-15T00:00:00Z,SUGG,0,30.952291666666667,temperature
2018-08-16T00:00:00Z,SUGG,0,30.988333333333333,temperature
2018-08-17T00:00:00Z,SUGG,0,30.470625,temperature
2018-08-18T00:00:00Z,SUGG,0,30.997391304347826,temperature
2018-08-19T00:00:00Z,SUGG,0,31.659166666666668,temperature
2018-08-20T00:00:00Z,SUGG,0,31.038695652173914,temperature
2018-08-21T00:00:00Z,SUGG,0,30.35875,temperature
2018-08-22T00:00:00Z,SUGG,0,30.113541666666663,temperature
2018-08-23T00:00:00Z,SUGG,0,31.5231914893617,temperature
2018-08-24T00:00:00Z,SUGG,0,30.446875,temperature
2018-08-25T00:00:00Z,SUGG,0,30.37468085106383,temperature
2018-08-26T00:00:00Z,SUGG,0,29.854255319148937,temperature
2018-08-27T00:00:00Z,SUGG,0,29.682083333333335,temperature
2018-08-28T00:00:00Z,SUGG,0,29.94125,temperature
2018-08-29T00:00:00Z,SUGG,0,29.196666666666665,temperature
2018-08-30T00:00:00Z,SUGG,0,28.167708333333337,temperature
2018-08-31T00:00:00Z,SUGG,0,28.147708333333338,temperature
2018-09-01T00:00:00Z,SUGG,0,28.90020833333333,temperature
2018-09-02T00:00:00Z,SUGG,0,29.12,temperature
2018-09-03T00:00:00Z,SUGG,0,28.859583333333333,temperature
2018-09-04T00:00:00Z,SUGG,0,28.590625,temperature
2018-09-05T00:00:00Z,SUGG,0,29.272916666666667,temperature
2018-09-06T00:00:00Z,SUGG,0,29.935625,temperature
2018-09-07T00:00:00Z,SUGG,0,30.058125,temperature
2018-09-08T00:00:00Z,SUGG,0,29.94354166666667,temperature
2018-09-09T00:00:00Z,SUGG,0,30.378958333333333,temperature
2018-09-10T00:00:00Z,SUGG,0,30.770851063829788,temperature
2018-09-11T00:00:00Z,SUGG,0,30.150625,temperature
2018-09-12T00:00:00Z,SUGG,0,30.08395833333333,temperature
2018-09-13T00:00:00Z,SUGG,0,31.113541666666663,temperature
2018-09-14T00:00:00Z,SUGG,0,31.3425,temperature
2018-09-15T00:00:00Z,SUGG,0,31.565,temperature
2018-09-16T00:00:00Z,SUGG,0,31.322916666666668,temperature
2018-09-17T00:00:00Z,SUGG,0,31.698333333333338,temperature
2018-09-18T00:00:00Z,SUGG,0,32.115208333333335,temperature
2018-09-19T00:00:00Z,SUGG,0,32.34625,temperature
2018-09-20T00:00:00Z,SUGG,0,31.3425,temperature
2018-09-21T00:00:00Z,SUGG,0,30.88,temperature
2018-09-22T00:00:00Z,SUGG,0,30.089791666666667,temperature
2018-09-23T00:00:00Z,SUGG,0,29.820208333333333,temperature
2018-09-24T00:00:00Z,SUGG,0,29.515625,temperature
2018-09-25T00:00:00Z,SUGG,0,29.48375,temperature
2018-09-26T00:00:00Z,SUGG,0,30.18065217391304,temperature
2018-09-27T00:00:00Z,SUGG,0,29.836666666666662,temperature
2018-09-28T00:00:00Z,SUGG,0,31.132916666666667,temperature
2018-09-29T00:00:00Z,SUGG,0,30.467083333333335,temperature
2018-09-30T00:00:00Z,SUGG,0,29.804791666666667,temperature
2018-10-01T00:00:00Z,SUGG,0,29.269583333333333,temperature
2018-10-02T00:00:00Z,SUGG,0,28.646041666666665,temperature
2018-10-03T00:00:00Z,SUGG,0,28.42375,temperature
2018-10-04T00:00:00Z,SUGG,0,28.391875,temperature
2018-10-05T00:00:00Z,SUGG,0,28.470625,temperature
2018-10-06T00:00:00Z,SUGG,0,28.377708333333334,temperature
2018-10-07T00:00:00Z,SUGG,0,28.042083333333338,temperature
2018-10-08T00:00:00Z,SUGG,0,27.783958333333334,temperature
2018-10-09T00:00:00Z,SUGG,0,27.57625,temperature
2018-10-10T00:00:00Z,SUGG,0,27.55625,temperature
2018-10-11T00:00:00Z,SUGG,0,27.75208333333333,temperature
2018-10-12T00:00:00Z,SUGG,0,28.389166666666668,temperature
2018-10-13T00:00:00Z,SUGG,0,27.71875,temperature
2018-10-14T00:00:00Z,SUGG,0,27.095277777777778,temperature
2018-10-15T00:00:00Z,SUGG,0,28.441944444444445,temperature
2018-10-16T00:00:00Z,SUGG,0,29.077291666666667,temperature
2018-10-17T00:00:00Z,SUGG,0,29.925,temperature
2018-10-18T00:00:00Z,SUGG,0,29.253125,temperature
2018-10-19T00:00:00Z,SUGG,0,27.619583333333335,temperature
2018-10-20T00:00:00Z,SUGG,0,28.079166666666666,temperature
2018-10-21T00:00:00Z,SUGG,0,27.284375,temperature
2018-10-22T00:00:00Z,SUGG,0,25.16625,temperature
2018-10-23T00:00:00Z,SUGG,0,24.63125,temperature
2018-10-24T00:00:00Z,SUGG,0,24.278958333333332,temperature
2018-10-25T00:00:00Z,SUGG,0,23.834375,temperature
2018-10-26T00:00:00Z,SUGG,0,23.604375,temperature
2018-10-27T00:00:00Z,SUGG,0,23.211041666666667,temperature
2018-10-28T00:00:00Z,SUGG,0,22.592708333333334,temperature
2018-10-29T00:00:00Z,SUGG,0,22.635416666666668,temperature
2018-10-30T00:00:00Z,SUGG,0,22.853125,temperature
2018-10-31T00:00:00Z,SUGG,0,22.894375,temperature
2018-11-01T00:00:00Z,SUGG,0,22.673333333333332,temperature
2018-11-02T00:00:00Z,SUGG,0,22.776041666666668,temperature
2018-11-03T00:00:00Z,SUGG,0,21.975,temperature
2018-11-04T00:00:00Z,SUGG,0,21.218125,temperature
2018-11-05T00:00:00Z,SUGG,0,22.359166666666667,temperature
2018-11-06T00:00:00Z,SUGG,0,23.671458333333337,temperature
2018-11-07T00:00:00Z,SUGG,0,25.52872340425532,temperature
2018-11-08T00:00:00Z,SUGG,0,25.623478260869565,temperature
2018-11-09T00:00:00Z,SUGG,0,25.35875,temperature
2018-11-10T00:00:00Z,SUGG,0,25.029375,temperature
2018-11-11T00:00:00Z,SUGG,0,22.472916666666663,temperature
2018-11-12T00:00:00Z,SUGG,0,22.566666666666663,temperature
2018-11-13T00:00:00Z,SUGG,0,23.938541666666666,temperature
2018-11-14T00:00:00Z,SUGG,0,23.565833333333337,temperature
2018-11-15T00:00:00Z,SUGG,0,22.263125,temperature
2018-11-16T00:00:00Z,SUGG,0,20.549791666666668,temperature
2018-11-17T00:00:00Z,SUGG,0,19.628333333333337,temperature
2018-11-18T00:00:00Z,SUGG,0,20.33375,temperature
2018-11-19T00:00:00Z,SUGG,0,21.079791666666665,temperature
2018-11-20T00:00:00Z,SUGG,0,20.692083333333333,temperature
2018-11-21T00:00:00Z,SUGG,0,19.770833333333332,temperature
2018-11-22T00:00:00Z,SUGG,0,18.984583333333333,temperature
2018-11-23T00:00:00Z,SUGG,0,18.640208333333337,temperature
2018-11-24T00:00:00Z,SUGG,0,19.438541666666666,temperature
2018-11-25T00:00:00Z,SUGG,0,20.564583333333335,temperature
2018-11-26T00:00:00Z,SUGG,0,19.965625,temperature
2018-11-27T00:00:00Z,SUGG,0,18.900625,temperature
2018-11-28T00:00:00Z,SUGG,0,17.147708333333334,temperature
2018-11-29T00:00:00Z,SUGG,0,16.22833333333333,temperature
2018-11-30T00:00:00Z,SUGG,0,16.04,temperature
2018-12-01T00:00:00Z,SUGG,0,16.807708333333334,temperature
2018-12-02T00:00:00Z,SUGG,0,17.343333333333334,temperature
2018-12-03T00:00:00Z,SUGG,0,19.064375,temperature
2018-12-04T00:00:00Z,SUGG,0,19.531041666666667,temperature
2018-12-05T00:00:00Z,SUGG,0,17.96666666666667,temperature
2018-12-06T00:00:00Z,SUGG,0,16.84979166666667,temperature
2018-12-07T00:00:00Z,SUGG,0,16.437083333333334,temperature
2018-12-08T00:00:00Z,SUGG,0,16.173958333333335,temperature
2018-12-09T00:00:00Z,SUGG,0,16.97375,temperature
2018-12-10T00:00:00Z,SUGG,0,16.562916666666666,temperature
2018-12-11T00:00:00Z,SUGG,0,15.343684210526316,temperature
2018-12-13T00:00:00Z,SUGG,0,15.17923076923077,temperature
2018-12-14T00:00:00Z,SUGG,0,15.300833333333332,temperature
2018-12-15T00:00:00Z,SUGG,0,15.899583333333334,temperature
2018-12-16T00:00:00Z,SUGG,0,16.50375,temperature
2018-12-17T00:00:00Z,SUGG,0,16.173333333333332,temperature
2018-12-18T00:00:00Z,SUGG,0,16.733333333333334,temperature
2018-12-19T00:00:00Z,SUGG,0,16.441875,temperature
2018-12-20T00:00:00Z,SUGG,0,15.58625,temperature
2018-12-21T00:00:00Z,SUGG,0,15.4975,temperature
2018-12-22T00:00:00Z,SUGG,0,15.049583333333333,temperature
2018-12-23T00:00:00Z,SUGG,0,15.554375,temperature
2018-12-24T00:00:00Z,SUGG,0,15.531041666666669,temperature
2018-12-25T00:00:00Z,SUGG,0,15.49375,temperature
2018-12-26T00:00:00Z,SUGG,0,15.0625,temperature
2018-12-27T00:00:00Z,SUGG,0,14.96,temperature
2019-01-07T00:00:00Z,SUGG,0,18.249583333333337,temperature
2019-01-08T00:00:00Z,SUGG,0,18.295416666666668,temperature
2019-01-09T00:00:00Z,SUGG,0,17.83829268292683,temperature
2019-01-10T00:00:00Z,SUGG,0,16.443870967741937,temperature
2019-01-17T00:00:00Z,SUGG,0,17.495,temperature
2019-01-18T00:00:00Z,SUGG,0,16.37936170212766,temperature
2019-01-19T00:00:00Z,SUGG,0,15.995208333333332,temperature
2019-01-20T00:00:00Z,SUGG,0,15.788541666666667,temperature
2019-01-21T00:00:00Z,SUGG,0,14.591666666666669,temperature
2019-01-22T00:00:00Z,SUGG,0,14.042916666666668,temperature
2019-01-23T00:00:00Z,SUGG,0,14.906041666666669,temperature
2019-01-24T00:00:00Z,SUGG,0,16.277083333333334,temperature
2019-01-25T00:00:00Z,SUGG,0,15.904375,temperature
2019-01-26T00:00:00Z,SUGG,0,15.188958333333334,temperature
2019-01-27T00:00:00Z,SUGG,0,14.257708333333332,temperature
2019-01-28T00:00:00Z,SUGG,0,13.563125,temperature
2019-01-29T00:00:00Z,SUGG,0,13.748333333333331,temperature
2019-01-30T00:00:00Z,SUGG,0,13.270625,temperature
2019-01-31T00:00:00Z,SUGG,0,12.10451612903226,temperature
2019-02-07T00:00:00Z,SUGG,0,20.944444444444443,temperature
2019-02-08T00:00:00Z,SUGG,0,20.933958333333333,temperature
2019-02-09T00:00:00Z,SUGG,0,18.00604166666667,temperature
2019-02-10T00:00:00Z,SUGG,0,16.213541666666668,temperature
2019-02-11T00:00:00Z,SUGG,0,17.599166666666665,temperature
2019-02-12T00:00:00Z,SUGG,0,19.323541666666667,temperature
2019-02-13T00:00:00Z,SUGG,0,18.89125,temperature
2019-02-14T00:00:00Z,SUGG,0,17.595333333333333,temperature
2019-02-15T00:00:00Z,SUGG,0,18.193125,temperature
2019-02-16T00:00:00Z,SUGG,0,18.169375,temperature
2019-02-17T00:00:00Z,SUGG,0,19.46875,temperature
2019-02-18T00:00:00Z,SUGG,0,21.257083333333338,temperature
2019-02-19T00:00:00Z,SUGG,0,20.875625,temperature
2019-02-20T00:00:00Z,SUGG,0,20.511875,temperature
2019-02-21T00:00:00Z,SUGG,0,22.393125,temperature
2019-02-22T00:00:00Z,SUGG,0,24.061875,temperature
2019-02-23T00:00:00Z,SUGG,0,23.922916666666666,temperature
2019-02-24T00:00:00Z,SUGG,0,23.887083333333333,temperature
2019-02-25T00:00:00Z,SUGG,0,21.698541666666667,temperature
2019-02-26T00:00:00Z,SUGG,0,20.076875,temperature
2019-02-27T00:00:00Z,SUGG,0,20.76395833333333,temperature
2019-02-28T00:00:00Z,SUGG,0,21.2475,temperature
2019-03-01T00:00:00Z,SUGG,0,21.977083333333333,temperature
2019-03-02T00:00:00Z,SUGG,0,21.43,temperature
2019-03-03T00:00:00Z,SUGG,0,21.26875,temperature
2019-03-04T00:00:00Z,SUGG,0,21.316041666666667,temperature
2019-03-05T00:00:00Z,SUGG,0,19.86895833333333,temperature
2019-03-06T00:00:00Z,SUGG,0,18.346458333333334,temperature
2019-03-07T00:00:00Z,SUGG,0,18.487083333333334,temperature
2019-03-08T00:00:00Z,SUGG,0,18.678125,temperature
2019-03-09T00:00:00Z,SUGG,0,19.646041666666665,temperature
2019-03-10T00:00:00Z,SUGG,0,21.121041666666667,temperature
2019-03-11T00:00:00Z,SUGG,0,23.55291666666667,temperature
2019-03-12T00:00:00Z,SUGG,0,23.4325,temperature
2019-03-13T00:00:00Z,SUGG,0,21.773333333333333,temperature
2019-03-14T00:00:00Z,SUGG,0,22.033541666666668,temperature
2019-03-15T00:00:00Z,SUGG,0,22.907435897435896,temperature
2019-03-16T00:00:00Z,SUGG,0,23.806875,temperature
2019-03-17T00:00:00Z,SUGG,0,21.24875,temperature
2019-03-18T00:00:00Z,SUGG,0,19.705416666666668,temperature
2019-03-19T00:00:00Z,SUGG,0,19.297708333333333,temperature
2019-03-20T00:00:00Z,SUGG,0,18.71875,temperature
2019-03-21T00:00:00Z,SUGG,0,19.145,temperature
2019-03-22T00:00:00Z,SUGG,0,19.250833333333333,temperature
2019-03-23T00:00:00Z,SUGG,0,20.149375,temperature
2019-03-24T00:00:00Z,SUGG,0,20.400625,temperature
2019-03-25T00:00:00Z,SUGG,0,21.629791666666662,temperature
2019-03-26T00:00:00Z,SUGG,0,21.95625,temperature
2019-03-27T00:00:00Z,SUGG,0,21.059166666666663,temperature
2019-03-28T00:00:00Z,SUGG,0,20.24553191489362,temperature
2019-03-29T00:00:00Z,SUGG,0,20.767083333333332,temperature
2019-03-30T00:00:00Z,SUGG,0,21.865625,temperature
2019-03-31T00:00:00Z,SUGG,0,23.067916666666665,temperature
2019-04-01T00:00:00Z,SUGG,0,22.0125,temperature
2019-04-02T00:00:00Z,SUGG,0,20.520625,temperature
2019-04-03T00:00:00Z,SUGG,0,20.779583333333335,temperature
2019-04-04T00:00:00Z,SUGG,0,21.191875,temperature
2019-04-05T00:00:00Z,SUGG,0,22.082291666666663,temperature
2019-04-06T00:00:00Z,SUGG,0,23.490208333333335,temperature
2019-04-07T00:00:00Z,SUGG,0,25.161666666666665,temperature
2019-04-08T00:00:00Z,SUGG,0,25.58825,temperature
2019-04-09T00:00:00Z,SUGG,0,25.45916666666667,temperature
2019-04-10T00:00:00Z,SUGG,0,25.855744680851064,temperature
2019-04-11T00:00:00Z,SUGG,0,25.15,temperature
2019-04-12T00:00:00Z,SUGG,0,25.863958333333333,temperature
2019-04-13T00:00:00Z,SUGG,0,27.31,temperature
2019-04-14T00:00:00Z,SUGG,0,26.642291666666665,temperature
2019-04-15T00:00:00Z,SUGG,0,25.356666666666666,temperature
2019-04-16T00:00:00Z,SUGG,0,24.888333333333332,temperature
2019-04-17T00:00:00Z,SUGG,0,25.085,temperature
2019-04-18T00:00:00Z,SUGG,0,25.373541666666668,temperature
2019-04-19T00:00:00Z,SUGG,0,25.222083333333337,temperature
2019-04-20T00:00:00Z,SUGG,0,23.467916666666667,temperature
2019-04-21T00:00:00Z,SUGG,0,23.167916666666667,temperature
2019-04-22T00:00:00Z,SUGG,0,24.989166666666662,temperature
2019-04-23T00:00:00Z,SUGG,0,24.878444444444444,temperature
2019-04-24T00:00:00Z,SUGG,0,25.984791666666663,temperature
2019-04-25T00:00:00Z,SUGG,0,26.367234042553193,temperature
2019-04-26T00:00:00Z,SUGG,0,25.669166666666666,temperature
2019-04-27T00:00:00Z,SUGG,0,25.771458333333335,temperature
2019-04-28T00:00:00Z,SUGG,0,27.2425,temperature
2019-04-29T00:00:00Z,SUGG,0,26.4125,temperature
2019-04-30T00:00:00Z,SUGG,0,26.727291666666662,temperature
2019-05-01T00:00:00Z,SUGG,0,27.091875,temperature
2019-05-02T00:00:00Z,SUGG,0,27.216458333333332,temperature
2019-05-03T00:00:00Z,SUGG,0,27.409791666666667,temperature
2019-05-04T00:00:00Z,SUGG,0,27.909791666666667,temperature
2019-05-05T00:00:00Z,SUGG,0,27.600625,temperature
2019-05-06T00:00:00Z,SUGG,0,28.267708333333335,temperature
2019-05-07T00:00:00Z,SUGG,0,28.676041666666663,temperature
2019-05-08T00:00:00Z,SUGG,0,28.066875,temperature
2019-05-09T00:00:00Z,SUGG,0,27.823947368421052,temperature
2019-05-10T00:00:00Z,SUGG,0,28.130208333333332,temperature
2019-05-11T00:00:00Z,SUGG,0,28.785,temperature
2019-05-12T00:00:00Z,SUGG,0,29.402291666666667,temperature
2019-05-13T00:00:00Z,SUGG,0,28.631875,temperature
2019-05-14T00:00:00Z,SUGG,0,28.487916666666667,temperature
2019-05-15T00:00:00Z,SUGG,0,28.367291666666667,temperature
2019-05-16T00:00:00Z,SUGG,0,28.858541666666667,temperature
2019-05-17T00:00:00Z,SUGG,0,28.833125,temperature
2019-05-18T00:00:00Z,SUGG,0,28.9425,temperature
2019-05-19T00:00:00Z,SUGG,0,29.161458333333332,temperature
2019-05-20T00:00:00Z,SUGG,0,30.195625,temperature
2019-05-21T00:00:00Z,SUGG,0,30.70895833333333,temperature
2019-05-22T00:00:00Z,SUGG,0,29.644583333333333,temperature
2019-05-23T00:00:00Z,SUGG,0,29.06934782608696,temperature
2019-05-24T00:00:00Z,SUGG,0,29.454375,temperature
2019-05-25T00:00:00Z,SUGG,0,29.897291666666668,temperature
2019-05-26T00:00:00Z,SUGG,0,31.240416666666665,temperature
2019-05-27T00:00:00Z,SUGG,0,31.523541666666667,temperature
2019-05-28T00:00:00Z,SUGG,0,31.631875,temperature
2019-05-29T00:00:00Z,SUGG,0,30.429583333333333,temperature
2019-05-30T00:00:00Z,SUGG,0,31.704583333333332,temperature
2019-05-31T00:00:00Z,SUGG,0,31.459583333333335,temperature
2019-06-01T00:00:00Z,SUGG,0,31.184583333333332,temperature
2019-06-02T00:00:00Z,SUGG,0,30.9025,temperature
2019-06-03T00:00:00Z,SUGG,0,31.887291666666663,temperature
2019-06-04T00:00:00Z,SUGG,0,32.48458333333333,temperature
2019-06-05T00:00:00Z,SUGG,0,31.526666666666667,temperature
2019-06-06T00:00:00Z,SUGG,0,31.37794871794872,temperature
2019-06-07T00:00:00Z,SUGG,0,30.684583333333332,temperature
2019-06-08T00:00:00Z,SUGG,0,29.544583333333332,temperature
2019-06-09T00:00:00Z,SUGG,0,28.955625,temperature
2019-06-10T00:00:00Z,SUGG,0,28.151666666666667,temperature
2019-06-11T00:00:00Z,SUGG,0,29.08125,temperature
2019-06-12T00:00:00Z,SUGG,0,29.083958333333335,temperature
2019-06-13T00:00:00Z,SUGG,0,28.014375,temperature
2019-06-14T00:00:00Z,SUGG,0,28.05666666666667,temperature
2019-06-15T00:00:00Z,SUGG,0,28.519166666666667,temperature
2019-06-16T00:00:00Z,SUGG,0,29.1525,temperature
2019-06-17T00:00:00Z,SUGG,0,29.170208333333335,temperature
2019-06-18T00:00:00Z,SUGG,0,29.497708333333332,temperature
2019-06-19T00:00:00Z,SUGG,0,29.183958333333333,temperature
2019-06-20T00:00:00Z,SUGG,0,28.371875,temperature
2019-06-21T00:00:00Z,SUGG,0,29.715,temperature
2019-06-22T00:00:00Z,SUGG,0,30.921875,temperature
2019-06-23T00:00:00Z,SUGG,0,32.293125,temperature
2019-06-24T00:00:00Z,SUGG,0,32.857083333333335,temperature
2019-06-25T00:00:00Z,SUGG,0,32.628510638297875,temperature
2019-06-26T00:00:00Z,SUGG,0,33.13395833333333,temperature
2019-06-27T00:00:00Z,SUGG,0,32.390625,temperature
2019-06-28T00:00:00Z,SUGG,0,31.804166666666667,temperature
2019-06-29T00:00:00Z,SUGG,0,31.332083333333333,temperature
2019-06-30T00:00:00Z,SUGG,0,31.688085106382974,temperature
2019-07-01T00:00:00Z,SUGG,0,31.898958333333333,temperature
2019-07-02T00:00:00Z,SUGG,0,32.176875,temperature
2019-07-03T00:00:00Z,SUGG,0,32.50235294117647,temperature
2019-07-04T00:00:00Z,SUGG,0,32.262702702702704,temperature
2019-07-08T00:00:00Z,SUGG,0,34.26461538461538,temperature
2019-07-09T00:00:00Z,SUGG,0,31.501041666666666,temperature
2019-07-10T00:00:00Z,SUGG,0,31.045208333333335,temperature
2019-07-11T00:00:00Z,SUGG,0,31.336875,temperature
2019-07-12T00:00:00Z,SUGG,0,31.135,temperature
2019-07-13T00:00:00Z,SUGG,0,31.328958333333333,temperature
2019-07-14T00:00:00Z,SUGG,0,32.69230769230769,temperature
2019-07-15T00:00:00Z,SUGG,0,33.50568181818182,temperature
2019-07-16T00:00:00Z,SUGG,0,32.82288888888889,temperature
2019-07-17T00:00:00Z,SUGG,0,32.081875,temperature
2019-07-18T00:00:00Z,SUGG,0,31.30977272727273,temperature
2019-07-19T00:00:00Z,SUGG,0,32.40604166666667,temperature
2019-07-20T00:00:00Z,SUGG,0,31.058695652173913,temperature
2019-07-21T00:00:00Z,SUGG,0,31.290208333333332,temperature
2019-07-22T00:00:00Z,SUGG,0,30.737083333333334,temperature
2019-07-23T00:00:00Z,SUGG,0,31.111875,temperature
2019-07-24T00:00:00Z,SUGG,0,30.07375,temperature
2019-07-25T00:00:00Z,SUGG,0,29.083333333333332,temperature
2019-07-26T00:00:00Z,SUGG,0,28.76770833333333,temperature
2019-07-27T00:00:00Z,SUGG,0,28.899583333333332,temperature
2019-07-28T00:00:00Z,SUGG,0,29.386875,temperature
2019-07-29T00:00:00Z,SUGG,0,29.489583333333332,temperature
2019-07-30T00:00:00Z,SUGG,0,30.86958333333333,temperature
2019-07-31T00:00:00Z,SUGG,0,31.042291666666667,temperature
2019-08-01T00:00:00Z,SUGG,0,30.369375,temperature
2019-08-02T00:00:00Z,SUGG,0,29.519791666666663,temperature
2019-08-03T00:00:00Z,SUGG,0,30.789574468085107,temperature
2019-08-04T00:00:00Z,SUGG,0,31.869791666666668,temperature
2019-08-05T00:00:00Z,SUGG,0,31.78125,temperature
2019-08-06T00:00:00Z,SUGG,0,31.77166666666667,temperature
2019-08-07T00:00:00Z,SUGG,0,31.135,temperature
2019-08-08T00:00:00Z,SUGG,0,30.683958333333333,temperature
2019-08-09T00:00:00Z,SUGG,0,31.659583333333337,temperature
2019-08-10T00:00:00Z,SUGG,0,32.563541666666666,temperature
2019-08-11T00:00:00Z,SUGG,0,33.153617021276595,temperature
2019-08-12T00:00:00Z,SUGG,0,32.403999999999996,temperature
2019-08-13T00:00:00Z,SUGG,0,32.702444444444446,temperature
2019-08-14T00:00:00Z,SUGG,0,32.50435897435897,temperature
2019-08-15T00:00:00Z,SUGG,0,31.176041666666663,temperature
2019-08-16T00:00:00Z,SUGG,0,29.740833333333335,temperature
2019-08-17T00:00:00Z,SUGG,0,28.423333333333332,temperature
2019-08-18T00:00:00Z,SUGG,0,27.962083333333332,temperature
2019-08-19T00:00:00Z,SUGG,0,28.611666666666668,temperature
2019-08-20T00:00:00Z,SUGG,0,29.605208333333337,temperature
2019-08-21T00:00:00Z,SUGG,0,30.356666666666666,temperature
2019-08-22T00:00:00Z,SUGG,0,31.05372093023256,temperature
2019-08-23T00:00:00Z,SUGG,0,31.284166666666668,temperature
2019-08-24T00:00:00Z,SUGG,0,31.360208333333333,temperature
2019-08-25T00:00:00Z,SUGG,0,30.91375,temperature
2019-08-26T00:00:00Z,SUGG,0,30.46808510638298,temperature
2019-08-27T00:00:00Z,SUGG,0,31.247872340425538,temperature
2019-08-28T00:00:00Z,SUGG,0,30.814583333333335,temperature
2019-08-29T00:00:00Z,SUGG,0,31.254791666666662,temperature
2019-08-30T00:00:00Z,SUGG,0,30.49,temperature
2019-08-31T00:00:00Z,SUGG,0,29.755416666666665,temperature
2019-09-01T00:00:00Z,SUGG,0,29.71625,temperature
2019-09-02T00:00:00Z,SUGG,0,29.53375,temperature
2019-09-03T00:00:00Z,SUGG,0,29.37,temperature
2019-09-04T00:00:00Z,SUGG,0,28.732708333333335,temperature
2019-09-05T00:00:00Z,SUGG,0,28.569791666666667,temperature
2019-09-06T00:00:00Z,SUGG,0,29.961875,temperature
2019-09-07T00:00:00Z,SUGG,0,31.564791666666668,temperature
2019-09-08T00:00:00Z,SUGG,0,32.35375,temperature
2019-09-09T00:00:00Z,SUGG,0,32.23021739130435,temperature
2019-09-10T00:00:00Z,SUGG,0,30.637083333333333,temperature
2019-09-11T00:00:00Z,SUGG,0,30.102083333333333,temperature
2019-09-12T00:00:00Z,SUGG,0,29.9205,temperature
2019-09-13T00:00:00Z,SUGG,0,29.549166666666668,temperature
2019-09-14T00:00:00Z,SUGG,0,28.961041666666667,temperature
2019-09-15T00:00:00Z,SUGG,0,29.092291666666668,temperature
2019-09-16T00:00:00Z,SUGG,0,29.581666666666667,temperature
2019-09-17T00:00:00Z,SUGG,0,30.281666666666663,temperature
2019-09-18T00:00:00Z,SUGG,0,29.85875,temperature
2019-09-19T00:00:00Z,SUGG,0,28.866666666666667,temperature
2019-09-20T00:00:00Z,SUGG,0,28.141041666666663,temperature
2019-09-21T00:00:00Z,SUGG,0,27.747083333333332,temperature
2019-09-22T00:00:00Z,SUGG,0,27.622708333333332,temperature
2019-09-23T00:00:00Z,SUGG,0,27.825,temperature
2019-09-24T00:00:00Z,SUGG,0,28.31553191489362,temperature
2019-09-25T00:00:00Z,SUGG,0,29.577291666666667,temperature
2019-09-26T00:00:00Z,SUGG,0,30.180208333333333,temperature
2019-09-27T00:00:00Z,SUGG,0,30.389583333333334,temperature
2019-09-28T00:00:00Z,SUGG,0,28.825625,temperature
2019-09-29T00:00:00Z,SUGG,0,28.264166666666668,temperature
2019-09-30T00:00:00Z,SUGG,0,28.37625,temperature
2019-10-01T00:00:00Z,SUGG,0,28.616875,temperature
2019-10-02T00:00:00Z,SUGG,0,28.444791666666667,temperature
2019-10-03T00:00:00Z,SUGG,0,28.597083333333337,temperature
2019-10-04T00:00:00Z,SUGG,0,28.847916666666663,temperature
2019-10-05T00:00:00Z,SUGG,0,28.458125,temperature
2019-10-06T00:00:00Z,SUGG,0,27.668333333333333,temperature
2019-10-07T00:00:00Z,SUGG,0,27.231041666666663,temperature
2019-10-08T00:00:00Z,SUGG,0,26.89125,temperature
2019-10-09T00:00:00Z,SUGG,0,26.924583333333334,temperature
2019-10-10T00:00:00Z,SUGG,0,26.536041666666662,temperature
2019-10-11T00:00:00Z,SUGG,0,26.425416666666667,temperature
2019-10-12T00:00:00Z,SUGG,0,26.717708333333334,temperature
2019-10-13T00:00:00Z,SUGG,0,27.13625,temperature
2019-10-14T00:00:00Z,SUGG,0,27.325833333333332,temperature
2019-10-15T00:00:00Z,SUGG,0,27.162708333333335,temperature
2019-10-16T00:00:00Z,SUGG,0,26.53625,temperature
2019-10-17T00:00:00Z,SUGG,0,26.250416666666663,temperature
2019-10-18T00:00:00Z,SUGG,0,25.069791666666667,temperature
2019-10-19T00:00:00Z,SUGG,0,24.293958333333332,temperature
2019-10-20T00:00:00Z,SUGG,0,25.02125,temperature
2019-10-21T00:00:00Z,SUGG,0,25.474375,temperature
2019-10-22T00:00:00Z,SUGG,0,25.625208333333333,temperature
2019-10-23T00:00:00Z,SUGG,0,25.46270833333333,temperature
2019-10-24T00:00:00Z,SUGG,0,24.553541666666668,temperature
2019-10-25T00:00:00Z,SUGG,0,24.838333333333335,temperature
2019-10-26T00:00:00Z,SUGG,0,25.25604166666667,temperature
2019-10-27T00:00:00Z,SUGG,0,25.822083333333335,temperature
2019-10-28T00:00:00Z,SUGG,0,26.921875,temperature
2019-10-29T00:00:00Z,SUGG,0,28.074375,temperature
2019-10-30T00:00:00Z,SUGG,0,27.92395833333333,temperature
2019-10-31T00:00:00Z,SUGG,0,27.852708333333332,temperature
2019-11-01T00:00:00Z,SUGG,0,26.207708333333333,temperature
2019-11-02T00:00:00Z,SUGG,0,24.080416666666668,temperature
2019-11-03T00:00:00Z,SUGG,0,22.91583333333333,temperature
2019-11-04T00:00:00Z,SUGG,0,22.454375,temperature
2019-11-05T00:00:00Z,SUGG,0,23.091875,temperature
2019-11-06T00:00:00Z,SUGG,0,23.005,temperature
2019-11-07T00:00:00Z,SUGG,0,24.19238095238095,temperature
2019-11-08T00:00:00Z,SUGG,0,24.475625,temperature
2019-11-09T00:00:00Z,SUGG,0,22.105416666666667,temperature
2019-11-10T00:00:00Z,SUGG,0,21.252708333333334,temperature
2019-11-11T00:00:00Z,SUGG,0,21.343541666666667,temperature
2019-11-12T00:00:00Z,SUGG,0,21.731041666666663,temperature
2019-11-13T00:00:00Z,SUGG,0,20.00875,temperature
2019-11-14T00:00:00Z,SUGG,0,18.5225,temperature
2019-11-15T00:00:00Z,SUGG,0,18.167083333333338,temperature
2019-11-16T00:00:00Z,SUGG,0,17.522083333333335,temperature
2019-11-17T00:00:00Z,SUGG,0,16.272916666666667,temperature
2019-11-18T00:00:00Z,SUGG,0,16.055208333333333,temperature
2019-11-19T00:00:00Z,SUGG,0,16.368333333333332,temperature
2019-11-20T00:00:00Z,SUGG,0,16.05090909090909,temperature
2019-11-26T00:00:00Z,SUGG,0,18.55,temperature
2019-11-27T00:00:00Z,SUGG,0,18.186458333333334,temperature
2019-11-28T00:00:00Z,SUGG,0,19.133541666666662,temperature
2019-11-29T00:00:00Z,SUGG,0,18.524791666666665,temperature
2019-11-30T00:00:00Z,SUGG,0,18.627083333333335,temperature
2019-12-01T00:00:00Z,SUGG,0,19.169791666666665,temperature
2019-12-02T00:00:00Z,SUGG,0,18.803958333333338,temperature
2019-12-03T00:00:00Z,SUGG,0,17.198205128205128,temperature
2019-12-04T00:00:00Z,SUGG,0,16.242708333333333,temperature
2019-12-05T00:00:00Z,SUGG,0,16.092291666666668,temperature
2019-12-06T00:00:00Z,SUGG,0,16.135416666666668,temperature
2019-12-07T00:00:00Z,SUGG,0,15.9775,temperature
2019-12-08T00:00:00Z,SUGG,0,15.939166666666669,temperature
2019-12-09T00:00:00Z,SUGG,0,17.595,temperature
2019-12-10T00:00:00Z,SUGG,0,18.678541666666668,temperature
2019-12-11T00:00:00Z,SUGG,0,19.486666666666668,temperature
2019-12-12T00:00:00Z,SUGG,0,17.793541666666666,temperature
2019-12-13T00:00:00Z,SUGG,0,18.065833333333337,temperature
2019-12-14T00:00:00Z,SUGG,0,18.545,temperature
2019-12-15T00:00:00Z,SUGG,0,18.627916666666668,temperature
2019-12-16T00:00:00Z,SUGG,0,18.426875,temperature
2019-12-17T00:00:00Z,SUGG,0,19.17,temperature
2019-12-18T00:00:00Z,SUGG,0,18.992291666666667,temperature
2019-12-19T00:00:00Z,SUGG,0,17.149166666666666,temperature
2019-12-20T00:00:00Z,SUGG,0,16.156666666666666,temperature
2019-12-21T00:00:00Z,SUGG,0,16.307916666666667,temperature
2019-12-22T00:00:00Z,SUGG,0,16.864375,temperature
2019-12-23T00:00:00Z,SUGG,0,17.875833333333333,temperature
2019-12-24T00:00:00Z,SUGG,0,17.315833333333334,temperature
2019-12-25T00:00:00Z,SUGG,0,17.147083333333335,temperature
2019-12-26T00:00:00Z,SUGG,0,17.535833333333333,temperature
2019-12-27T00:00:00Z,SUGG,0,18.227291666666662,temperature
2019-12-28T00:00:00Z,SUGG,0,19.27125,temperature
2019-12-29T00:00:00Z,SUGG,0,20.439791666666665,temperature
2019-12-30T00:00:00Z,SUGG,0,21.111875,temperature
2019-12-31T00:00:00Z,SUGG,0,20.13681818181818,temperature
2020-01-01T00:00:00Z,SUGG,0,18.605625,temperature
2020-01-02T00:00:00Z,SUGG,0,18.165625,temperature
2020-01-03T00:00:00Z,SUGG,0,18.705208333333335,temperature
2020-01-04T00:00:00Z,SUGG,0,19.793333333333333,temperature
2020-01-05T00:00:00Z,SUGG,0,18.4175,temperature
2020-01-06T00:00:00Z,SUGG,0,17.32604166666667,temperature
2020-01-07T00:00:00Z,SUGG,0,17.008333333333333,temperature
2020-01-08T00:00:00Z,SUGG,0,16.607916666666668,temperature
2020-01-09T00:00:00Z,SUGG,0,15.835625,temperature
2020-01-10T00:00:00Z,SUGG,0,16.336041666666667,temperature
2020-01-11T00:00:00Z,SUGG,0,17.368125,temperature
2020-01-12T00:00:00Z,SUGG,0,18.470208333333332,temperature
2020-01-13T00:00:00Z,SUGG,0,18.702916666666667,temperature
2020-01-14T00:00:00Z,SUGG,0,18.879583333333333,temperature
2020-01-15T00:00:00Z,SUGG,0,19.0875,temperature
2020-01-16T00:00:00Z,SUGG,0,19.299791666666668,temperature
2020-01-17T00:00:00Z,SUGG,0,19.554583333333333,temperature
2020-01-18T00:00:00Z,SUGG,0,19.226666666666667,temperature
2020-01-19T00:00:00Z,SUGG,0,19.40020833333333,temperature
2020-01-20T00:00:00Z,SUGG,0,18.49395833333333,temperature
2020-01-21T00:00:00Z,SUGG,0,16.777708333333333,temperature
2020-01-22T00:00:00Z,SUGG,0,14.663541666666667,temperature
2020-01-23T00:00:00Z,SUGG,0,13.872619047619049,temperature
2020-01-24T00:00:00Z,SUGG,0,14.278958333333334,temperature
2020-01-25T00:00:00Z,SUGG,0,14.972916666666666,temperature
2020-01-26T00:00:00Z,SUGG,0,14.8875,temperature
2020-01-27T00:00:00Z,SUGG,0,14.898541666666668,temperature
2020-01-28T00:00:00Z,SUGG,0,14.985416666666666,temperature
2020-01-29T00:00:00Z,SUGG,0,14.97547619047619,temperature
2020-01-30T00:00:00Z,SUGG,0,14.5425,temperature
2020-01-31T00:00:00Z,SUGG,0,14.473541666666666,temperature
2020-02-01T00:00:00Z,SUGG,0,14.688541666666667,temperature
2020-02-02T00:00:00Z,SUGG,0,14.567291666666666,temperature
2020-02-03T00:00:00Z,SUGG,0,14.382916666666668,temperature
2020-02-04T00:00:00Z,SUGG,0,14.522708333333334,temperature
2020-02-05T00:00:00Z,SUGG,0,15.290208333333334,temperature
2020-02-06T00:00:00Z,SUGG,0,16.788333333333334,temperature
2020-02-07T00:00:00Z,SUGG,0,17.73229166666667,temperature
2020-02-08T00:00:00Z,SUGG,0,16.715208333333333,temperature
2020-02-09T00:00:00Z,SUGG,0,16.6175,temperature
2020-02-10T00:00:00Z,SUGG,0,17.17375,temperature
2020-02-11T00:00:00Z,SUGG,0,17.61,temperature
2020-02-18T00:00:00Z,SUGG,0,19.63642857142857,temperature
2020-02-19T00:00:00Z,SUGG,0,19.513541666666665,temperature
2020-02-20T00:00:00Z,SUGG,0,19.795833333333334,temperature
2020-02-24T00:00:00Z,SUGG,0,17.148333333333333,temperature
2020-02-25T00:00:00Z,SUGG,0,17.199259259259257,temperature
2020-02-26T00:00:00Z,SUGG,0,17.6975,temperature
2020-02-27T00:00:00Z,SUGG,0,17.293541666666666,temperature
2020-02-28T00:00:00Z,SUGG,0,16.784375,temperature
2020-02-29T00:00:00Z,SUGG,0,16.498333333333335,temperature
2020-03-01T00:00:00Z,SUGG,0,16.0575,temperature
2020-03-02T00:00:00Z,SUGG,0,16.596458333333334,temperature
2020-03-03T00:00:00Z,SUGG,0,17.831666666666667,temperature
2020-03-04T00:00:00Z,SUGG,0,19.368541666666665,temperature
2020-03-05T00:00:00Z,SUGG,0,20.575,temperature
2020-03-06T00:00:00Z,SUGG,0,21.174791666666668,temperature
2020-03-07T00:00:00Z,SUGG,0,19.667083333333338,temperature
2020-03-08T00:00:00Z,SUGG,0,18.530625,temperature
2020-03-09T00:00:00Z,SUGG,0,18.33325581395349,temperature
2020-03-10T00:00:00Z,SUGG,0,18.685833333333335,temperature
2020-03-11T00:00:00Z,SUGG,0,18.743333333333332,temperature
2020-03-12T00:00:00Z,SUGG,0,18.840208333333333,temperature
2020-03-13T00:00:00Z,SUGG,0,18.969166666666663,temperature
2020-03-14T00:00:00Z,SUGG,0,19.153958333333332,temperature
2020-03-15T00:00:00Z,SUGG,0,19.349166666666665,temperature
2020-03-16T00:00:00Z,SUGG,0,19.619791666666668,temperature
2020-03-17T00:00:00Z,SUGG,0,20.551875,temperature
2020-03-18T00:00:00Z,SUGG,0,21.019583333333333,temperature
2020-03-19T00:00:00Z,SUGG,0,21.703333333333333,temperature
2020-03-20T00:00:00Z,SUGG,0,22.102291666666662,temperature
2020-03-21T00:00:00Z,SUGG,0,22.295833333333334,temperature
2020-03-22T00:00:00Z,SUGG,0,22.369791666666668,temperature
2020-03-23T00:00:00Z,SUGG,0,22.573958333333337,temperature
2020-03-24T00:00:00Z,SUGG,0,23.54875,temperature
2020-03-25T00:00:00Z,SUGG,0,24.207083333333333,temperature
2020-03-26T00:00:00Z,SUGG,0,24.485,temperature
2020-03-27T00:00:00Z,SUGG,0,24.351458333333333,temperature
2020-03-28T00:00:00Z,SUGG,0,24.205416666666668,temperature
2020-03-29T00:00:00Z,SUGG,0,24.326458333333335,temperature
2020-03-30T00:00:00Z,SUGG,0,24.499166666666667,temperature
2020-03-31T00:00:00Z,SUGG,0,25.262083333333333,temperature
2020-04-01T00:00:00Z,SUGG,0,24.72375,temperature
2020-04-02T00:00:00Z,SUGG,0,23.5975,temperature
2020-04-03T00:00:00Z,SUGG,0,23.047291666666663,temperature
2020-04-04T00:00:00Z,SUGG,0,22.903958333333332,temperature
2020-04-05T00:00:00Z,SUGG,0,22.965416666666663,temperature
2020-04-06T00:00:00Z,SUGG,0,22.85875,temperature
2020-04-07T00:00:00Z,SUGG,0,23.009375,temperature
2020-04-08T00:00:00Z,SUGG,0,23.284791666666667,temperature
2020-04-09T00:00:00Z,SUGG,0,24.569583333333338,temperature
2020-04-10T00:00:00Z,SUGG,0,24.95916666666667,temperature
2020-04-11T00:00:00Z,SUGG,0,23.879375,temperature
2020-04-12T00:00:00Z,SUGG,0,24.161063829787235,temperature
2020-04-13T00:00:00Z,SUGG,0,25.162708333333335,temperature
2020-04-14T00:00:00Z,SUGG,0,25.4875,temperature
2020-04-15T00:00:00Z,SUGG,0,25.166458333333335,temperature
2020-04-16T00:00:00Z,SUGG,0,23.824375,temperature
2020-04-17T00:00:00Z,SUGG,0,23.102083333333333,temperature
2020-04-18T00:00:00Z,SUGG,0,23.57229166666667,temperature
2020-04-19T00:00:00Z,SUGG,0,24.065208333333334,temperature
2020-04-20T00:00:00Z,SUGG,0,25.460833333333333,temperature
2020-04-21T00:00:00Z,SUGG,0,25.584583333333335,temperature
2020-04-22T00:00:00Z,SUGG,0,25.482708333333335,temperature
2020-04-23T00:00:00Z,SUGG,0,25.723333333333333,temperature
2020-04-24T00:00:00Z,SUGG,0,25.657083333333333,temperature
2020-04-25T00:00:00Z,SUGG,0,25.240833333333335,temperature
2020-04-26T00:00:00Z,SUGG,0,26.027291666666667,temperature
2020-04-27T00:00:00Z,SUGG,0,25.496041666666667,temperature
2020-04-28T00:00:00Z,SUGG,0,24.982708333333335,temperature
2020-04-29T00:00:00Z,SUGG,0,25.285208333333333,temperature
2020-04-30T00:00:00Z,SUGG,0,25.774583333333332,temperature
2020-05-01T00:00:00Z,SUGG,0,25.552916666666665,temperature
2020-05-02T00:00:00Z,SUGG,0,24.908541666666668,temperature
2020-05-03T00:00:00Z,SUGG,0,24.626041666666666,temperature
2020-05-04T00:00:00Z,SUGG,0,24.884166666666665,temperature
2020-05-05T00:00:00Z,SUGG,0,25.271875,temperature
2020-05-06T00:00:00Z,SUGG,0,26.139791666666667,temperature
2020-05-07T00:00:00Z,SUGG,0,25.888333333333332,temperature
2020-05-08T00:00:00Z,SUGG,0,25.0825,temperature
2020-05-09T00:00:00Z,SUGG,0,24.803958333333338,temperature
2020-05-10T00:00:00Z,SUGG,0,24.385833333333338,temperature
2020-05-11T00:00:00Z,SUGG,0,24.175208333333337,temperature
2020-05-12T00:00:00Z,SUGG,0,24.41625,temperature
2020-05-13T00:00:00Z,SUGG,0,24.959583333333335,temperature
2020-05-14T00:00:00Z,SUGG,0,25.20125,temperature
2020-05-15T00:00:00Z,SUGG,0,25.412708333333335,temperature
2020-05-16T00:00:00Z,SUGG,0,25.796458333333337,temperature
2020-05-17T00:00:00Z,SUGG,0,26.164791666666662,temperature
2020-05-18T00:00:00Z,SUGG,0,26.534791666666667,temperature
2020-05-19T00:00:00Z,SUGG,0,26.911875,temperature
2020-05-20T00:00:00Z,SUGG,0,27.238958333333333,temperature
2020-05-21T00:00:00Z,SUGG,0,27.15875,temperature
2020-05-22T00:00:00Z,SUGG,0,27.24395833333333,temperature
2020-05-23T00:00:00Z,SUGG,0,27.993333333333332,temperature
2020-05-24T00:00:00Z,SUGG,0,27.95875,temperature
2020-05-25T00:00:00Z,SUGG,0,28.356666666666666,temperature
2020-05-26T00:00:00Z,SUGG,0,27.288541666666667,temperature
2020-05-27T00:00:00Z,SUGG,0,27.431875,temperature
2020-05-28T00:00:00Z,SUGG,0,27.640833333333333,temperature
2020-05-29T00:00:00Z,SUGG,0,27.460833333333333,temperature
2020-05-30T00:00:00Z,SUGG,0,27.57375,temperature
2020-05-31T00:00:00Z,SUGG,0,27.790208333333332,temperature
2020-06-01T00:00:00Z,SUGG,0,27.998936170212765,temperature
2020-06-02T00:00:00Z,SUGG,0,28.679166666666667,temperature
2020-06-03T00:00:00Z,SUGG,0,28.216458333333332,temperature
2020-06-04T00:00:00Z,SUGG,0,27.813958333333332,temperature
2020-06-05T00:00:00Z,SUGG,0,27.43875,temperature
2020-06-06T00:00:00Z,SUGG,0,27.3325,temperature
2020-06-07T00:00:00Z,SUGG,0,26.700416666666666,temperature
2020-06-08T00:00:00Z,SUGG,0,26.59958333333333,temperature
2020-06-09T00:00:00Z,SUGG,0,26.744583333333335,temperature
2020-06-10T00:00:00Z,SUGG,0,26.861458333333335,temperature
2020-06-11T00:00:00Z,SUGG,0,27.047708333333333,temperature
2020-06-12T00:00:00Z,SUGG,0,27.11375,temperature
2020-06-13T00:00:00Z,SUGG,0,27.730208333333337,temperature
2020-06-14T00:00:00Z,SUGG,0,27.904791666666668,temperature
2020-06-15T00:00:00Z,SUGG,0,28.371,temperature
2020-06-16T00:00:00Z,SUGG,0,28.0875,temperature
2020-06-17T00:00:00Z,SUGG,0,27.953333333333333,temperature
2020-06-18T00:00:00Z,SUGG,0,27.849791666666665,temperature
2020-06-19T00:00:00Z,SUGG,0,27.760833333333338,temperature
2020-06-20T00:00:00Z,SUGG,0,28.2275,temperature
2020-06-21T00:00:00Z,SUGG,0,28.215416666666663,temperature
2020-06-22T00:00:00Z,SUGG,0,28.220208333333332,temperature
2020-06-23T00:00:00Z,SUGG,0,28.799375,temperature
2020-06-24T00:00:00Z,SUGG,0,29.306041666666665,temperature
2020-06-25T00:00:00Z,SUGG,0,29.256666666666668,temperature
2020-06-26T00:00:00Z,SUGG,0,29.368333333333332,temperature
2020-06-27T00:00:00Z,SUGG,0,29.4175,temperature
2020-06-28T00:00:00Z,SUGG,0,29.693958333333335,temperature
2020-06-29T00:00:00Z,SUGG,0,29.551875,temperature
2020-06-30T00:00:00Z,SUGG,0,29.81625,temperature
2020-07-01T00:00:00Z,SUGG,0,30.358541666666667,temperature
2020-07-02T00:00:00Z,SUGG,0,30.410833333333333,temperature
2020-07-03T00:00:00Z,SUGG,0,30.028125,temperature
2020-07-04T00:00:00Z,SUGG,0,29.65625,temperature
2020-07-05T00:00:00Z,SUGG,0,29.268333333333334,temperature
2020-07-06T00:00:00Z,SUGG,0,28.867083333333333,temperature
2020-07-07T00:00:00Z,SUGG,0,28.733958333333337,temperature
2020-07-08T00:00:00Z,SUGG,0,28.995,temperature
2020-07-09T00:00:00Z,SUGG,0,29.08770833333333,temperature
2020-07-10T00:00:00Z,SUGG,0,29.219166666666663,temperature
2020-09-07T00:00:00Z,SUGG,0,29.803103448275863,temperature
2020-09-08T00:00:00Z,SUGG,0,29.473958333333332,temperature
2020-09-09T00:00:00Z,SUGG,0,29.217916666666667,temperature
2020-09-10T00:00:00Z,SUGG,0,29.201282051282053,temperature
2020-09-11T00:00:00Z,SUGG,0,29.272083333333335,temperature
2020-09-12T00:00:00Z,SUGG,0,29.335,temperature
2020-09-13T00:00:00Z,SUGG,0,29.144375,temperature
2020-09-14T00:00:00Z,SUGG,0,29.191041666666667,temperature
2020-09-15T00:00:00Z,SUGG,0,29.21125,temperature
2020-09-16T00:00:00Z,SUGG,0,29.124166666666667,temperature
2020-09-17T00:00:00Z,SUGG,0,28.865625,temperature
2020-09-18T00:00:00Z,SUGG,0,28.802291666666665,temperature
2020-09-19T00:00:00Z,SUGG,0,28.437291666666667,temperature
2020-09-20T00:00:00Z,SUGG,0,27.192291666666662,temperature
2020-09-21T00:00:00Z,SUGG,0,26.183958333333333,temperature
2020-09-22T00:00:00Z,SUGG,0,25.845625,temperature
2020-09-23T00:00:00Z,SUGG,0,25.523125,temperature
2020-09-24T00:00:00Z,SUGG,0,25.858958333333337,temperature
2020-09-25T00:00:00Z,SUGG,0,26.281666666666663,temperature
2020-09-26T00:00:00Z,SUGG,0,26.247291666666666,temperature
2020-09-27T00:00:00Z,SUGG,0,26.344583333333333,temperature
2020-09-28T00:00:00Z,SUGG,0,26.66875,temperature
2020-09-29T00:00:00Z,SUGG,0,27.075,temperature
2020-09-30T00:00:00Z,SUGG,0,26.264791666666667,temperature
2020-10-01T00:00:00Z,SUGG,0,25.583541666666665,temperature
2020-10-02T00:00:00Z,SUGG,0,25.242083333333333,temperature
2020-10-03T00:00:00Z,SUGG,0,24.793125,temperature
2020-10-04T00:00:00Z,SUGG,0,24.140833333333333,temperature
2020-10-05T00:00:00Z,SUGG,0,23.624583333333337,temperature
2020-10-06T00:00:00Z,SUGG,0,23.6125,temperature
2020-10-07T00:00:00Z,SUGG,0,23.907073170731707,temperature
2020-10-08T00:00:00Z,SUGG,0,24.295833333333334,temperature
2020-10-09T00:00:00Z,SUGG,0,24.630208333333332,temperature
2020-10-10T00:00:00Z,SUGG,0,25.26125,temperature
2020-10-11T00:00:00Z,SUGG,0,26.461489361702128,temperature
2020-10-12T00:00:00Z,SUGG,0,26.530833333333337,temperature
2020-10-13T00:00:00Z,SUGG,0,26.735208333333333,temperature
2020-10-14T00:00:00Z,SUGG,0,26.739791666666665,temperature
2020-10-15T00:00:00Z,SUGG,0,26.632708333333333,temperature
2020-10-16T00:00:00Z,SUGG,0,26.521458333333335,temperature
2020-10-17T00:00:00Z,SUGG,0,26.379166666666663,temperature
2020-10-18T00:00:00Z,SUGG,0,25.8975,temperature
2020-10-19T00:00:00Z,SUGG,0,25.783333333333335,temperature
2020-10-20T00:00:00Z,SUGG,0,25.824791666666663,temperature
2020-10-21T00:00:00Z,SUGG,0,25.854166666666668,temperature
2020-10-22T00:00:00Z,SUGG,0,25.69125,temperature
2020-10-23T00:00:00Z,SUGG,0,25.929166666666667,temperature
2020-10-24T00:00:00Z,SUGG,0,25.750416666666663,temperature
2020-10-25T00:00:00Z,SUGG,0,25.807083333333335,temperature
2020-10-26T00:00:00Z,SUGG,0,25.829791666666665,temperature
2020-10-27T00:00:00Z,SUGG,0,26.356666666666666,temperature
2020-10-28T00:00:00Z,SUGG,0,26.572916666666668,temperature
2020-10-29T00:00:00Z,SUGG,0,26.812708333333333,temperature
2020-10-30T00:00:00Z,SUGG,0,26.123333333333335,temperature
2020-10-31T00:00:00Z,SUGG,0,25.004166666666663,temperature
2020-11-01T00:00:00Z,SUGG,0,24.934375,temperature
2020-11-02T00:00:00Z,SUGG,0,24.061875,temperature
2020-11-03T00:00:00Z,SUGG,0,22.283125,temperature
2020-11-04T00:00:00Z,SUGG,0,21.6525,temperature
2020-11-05T00:00:00Z,SUGG,0,21.606666666666666,temperature
2020-11-06T00:00:00Z,SUGG,0,22.130416666666665,temperature
2020-11-07T00:00:00Z,SUGG,0,22.68875,temperature
2020-11-08T00:00:00Z,SUGG,0,23.106875,temperature
2020-11-09T00:00:00Z,SUGG,0,23.284791666666667,temperature
2020-11-10T00:00:00Z,SUGG,0,23.58625,temperature
2020-11-11T00:00:00Z,SUGG,0,24.028958333333332,temperature
2020-11-12T00:00:00Z,SUGG,0,24.092708333333334,temperature
2020-11-13T00:00:00Z,SUGG,0,23.901458333333338,temperature
2020-11-14T00:00:00Z,SUGG,0,23.697708333333335,temperature
2020-11-15T00:00:00Z,SUGG,0,23.730416666666667,temperature
2020-11-16T00:00:00Z,SUGG,0,23.84875,temperature
2020-11-17T00:00:00Z,SUGG,0,23.307727272727274,temperature
2020-11-18T00:00:00Z,SUGG,0,21.792083333333338,temperature
2020-11-19T00:00:00Z,SUGG,0,20.313333333333333,temperature
2020-11-20T00:00:00Z,SUGG,0,19.703125,temperature
2020-11-21T00:00:00Z,SUGG,0,19.94625,temperature
2020-11-22T00:00:00Z,SUGG,0,20.430416666666662,temperature
2020-11-23T00:00:00Z,SUGG,0,20.868333333333332,temperature
2020-11-24T00:00:00Z,SUGG,0,20.846875,temperature
2020-11-25T00:00:00Z,SUGG,0,20.781875,temperature
2020-11-26T00:00:00Z,SUGG,0,21.08375,temperature
2020-11-27T00:00:00Z,SUGG,0,21.225,temperature
2020-11-28T00:00:00Z,SUGG,0,21.265416666666667,temperature
2020-11-29T00:00:00Z,SUGG,0,21.327291666666667,temperature
2020-11-30T00:00:00Z,SUGG,0,21.490833333333335,temperature
2020-12-01T00:00:00Z,SUGG,0,19.832083333333333,temperature
2020-12-02T00:00:00Z,SUGG,0,17.728958333333335,temperature
2020-12-03T00:00:00Z,SUGG,0,16.234791666666666,temperature
2020-12-04T00:00:00Z,SUGG,0,16.7475,temperature
2020-12-05T00:00:00Z,SUGG,0,16.97479166666667,temperature
2020-12-06T00:00:00Z,SUGG,0,16.570833333333333,temperature
2020-12-07T00:00:00Z,SUGG,0,16.479166666666668,temperature
2020-12-08T00:00:00Z,SUGG,0,15.667291666666667,temperature
2020-12-09T00:00:00Z,SUGG,0,14.895208333333333,temperature
2020-12-10T00:00:00Z,SUGG,0,14.469375,temperature
2020-12-11T00:00:00Z,SUGG,0,14.388125,temperature
2020-12-12T00:00:00Z,SUGG,0,14.5975,temperature
2020-12-13T00:00:00Z,SUGG,0,14.67,temperature
2020-12-14T00:00:00Z,SUGG,0,15.326875,temperature
2020-12-15T00:00:00Z,SUGG,0,15.898958333333333,temperature
2020-12-16T00:00:00Z,SUGG,0,16.078958333333333,temperature
2020-12-17T00:00:00Z,SUGG,0,15.967708333333333,temperature
2020-12-18T00:00:00Z,SUGG,0,14.902291666666668,temperature
2020-12-19T00:00:00Z,SUGG,0,14.114583333333334,temperature
2020-12-20T00:00:00Z,SUGG,0,14.387708333333334,temperature
2020-12-21T00:00:00Z,SUGG,0,15.143333333333333,temperature
2021-04-07T00:00:00Z,SUGG,0,20.0825,temperature
2021-04-08T00:00:00Z,SUGG,0,20.649583333333332,temperature
2021-04-09T00:00:00Z,SUGG,0,20.847916666666663,temperature
2021-04-10T00:00:00Z,SUGG,0,22.286041666666662,temperature
2021-04-11T00:00:00Z,SUGG,0,22.364375,temperature
2021-04-12T00:00:00Z,SUGG,0,21.612708333333337,temperature
2021-04-13T00:00:00Z,SUGG,0,21.958333333333332,temperature
2021-04-14T00:00:00Z,SUGG,0,22.225416666666668,temperature
2021-04-15T00:00:00Z,SUGG,0,23.228125,temperature
2021-04-16T00:00:00Z,SUGG,0,23.403333333333332,temperature
2021-04-17T00:00:00Z,SUGG,0,22.93375,temperature
2021-04-18T00:00:00Z,SUGG,0,22.968125,temperature
2021-04-19T00:00:00Z,SUGG,0,23.101458333333333,temperature
2021-04-20T00:00:00Z,SUGG,0,23.344146341463414,temperature
2021-04-21T00:00:00Z,SUGG,0,24.525416666666665,temperature
2021-04-22T00:00:00Z,SUGG,0,24.315833333333337,temperature
2021-04-23T00:00:00Z,SUGG,0,23.538333333333338,temperature
2021-04-24T00:00:00Z,SUGG,0,23.419375,temperature
2021-04-25T00:00:00Z,SUGG,0,24.706458333333337,temperature
2021-04-26T00:00:00Z,SUGG,0,25.692916666666665,temperature
2021-04-27T00:00:00Z,SUGG,0,25.582708333333333,temperature
2021-04-28T00:00:00Z,SUGG,0,26.156458333333333,temperature
2021-04-29T00:00:00Z,SUGG,0,26.587291666666665,temperature
2021-04-30T00:00:00Z,SUGG,0,27.642916666666668,temperature
2021-05-01T00:00:00Z,SUGG,0,28.219574468085103,temperature
2021-05-02T00:00:00Z,SUGG,0,27.612916666666667,temperature
2021-05-03T00:00:00Z,SUGG,0,27.781666666666663,temperature
2021-05-04T00:00:00Z,SUGG,0,28.585416666666667,temperature
2021-05-05T00:00:00Z,SUGG,0,29.262666666666668,temperature
2021-05-06T00:00:00Z,SUGG,0,28.98125,temperature
2021-05-07T00:00:00Z,SUGG,0,27.933958333333333,temperature
2021-05-08T00:00:00Z,SUGG,0,27.332916666666662,temperature
2021-05-09T00:00:00Z,SUGG,0,27.0225,temperature
2021-05-10T00:00:00Z,SUGG,0,27.377297297297297,temperature
2021-05-11T00:00:00Z,SUGG,0,27.930833333333332,temperature
2021-05-12T00:00:00Z,SUGG,0,28.211875,temperature
2021-05-13T00:00:00Z,SUGG,0,27.135833333333338,temperature
2021-05-14T00:00:00Z,SUGG,0,25.173958333333335,temperature
2021-05-15T00:00:00Z,SUGG,0,24.72458333333333,temperature
2021-05-16T00:00:00Z,SUGG,0,24.758541666666662,temperature
2021-05-17T00:00:00Z,SUGG,0,24.98625,temperature
2021-05-18T00:00:00Z,SUGG,0,25.350833333333338,temperature
2021-05-19T00:00:00Z,SUGG,0,25.467291666666668,temperature
2021-05-20T00:00:00Z,SUGG,0,25.29934782608696,temperature
2021-05-21T00:00:00Z,SUGG,0,25.38458333333333,temperature
2021-05-22T00:00:00Z,SUGG,0,25.755,temperature
2021-05-23T00:00:00Z,SUGG,0,26.605,temperature
2021-05-24T00:00:00Z,SUGG,0,27.037916666666668,temperature
2021-05-25T00:00:00Z,SUGG,0,28.10875,temperature
2021-05-26T00:00:00Z,SUGG,0,28.792916666666667,temperature
2021-05-27T00:00:00Z,SUGG,0,29.7145,temperature
2021-05-28T00:00:00Z,SUGG,0,30.16229166666667,temperature
2021-05-29T00:00:00Z,SUGG,0,29.439791666666668,temperature
2021-05-30T00:00:00Z,SUGG,0,28.881875,temperature
2021-05-31T00:00:00Z,SUGG,0,28.278541666666666,temperature
2021-06-01T00:00:00Z,SUGG,0,27.832083333333333,temperature
2021-06-02T00:00:00Z,SUGG,0,28.472291666666667,temperature
2021-06-03T00:00:00Z,SUGG,0,28.579791666666665,temperature
2021-06-04T00:00:00Z,SUGG,0,28.9025,temperature
2021-06-05T00:00:00Z,SUGG,0,29.163541666666667,temperature
2021-06-06T00:00:00Z,SUGG,0,29.905416666666667,temperature
2021-06-07T00:00:00Z,SUGG,0,29.96625,temperature
2021-06-08T00:00:00Z,SUGG,0,30.095416666666665,temperature
2021-06-09T00:00:00Z,SUGG,0,30.679166666666667,temperature
2021-06-10T00:00:00Z,SUGG,0,30.735,temperature
2021-06-11T00:00:00Z,SUGG,0,30.993333333333332,temperature
2021-06-12T00:00:00Z,SUGG,0,30.451458333333335,temperature
2021-06-13T00:00:00Z,SUGG,0,29.950625,temperature
2021-06-14T00:00:00Z,SUGG,0,29.130833333333335,temperature
2021-06-15T00:00:00Z,SUGG,0,28.4175,temperature
2021-06-16T00:00:00Z,SUGG,0,27.952291666666667,temperature
2021-06-17T00:00:00Z,SUGG,0,28.927297297297297,temperature
2021-06-18T00:00:00Z,SUGG,0,30.390625,temperature
2021-06-19T00:00:00Z,SUGG,0,30.004375,temperature
2021-06-20T00:00:00Z,SUGG,0,29.483125,temperature
2021-06-21T00:00:00Z,SUGG,0,28.87625,temperature
2021-06-22T00:00:00Z,SUGG,0,27.835416666666667,temperature
2021-06-23T00:00:00Z,SUGG,0,28.18375,temperature
2021-06-24T00:00:00Z,SUGG,0,28.439791666666665,temperature
2021-06-25T00:00:00Z,SUGG,0,27.144375,temperature
2021-06-26T00:00:00Z,SUGG,0,27.088333333333335,temperature
2021-06-27T00:00:00Z,SUGG,0,27.566041666666667,temperature
2021-06-28T00:00:00Z,SUGG,0,28.584791666666668,temperature
2021-06-29T00:00:00Z,SUGG,0,28.80625,temperature
2021-06-30T00:00:00Z,SUGG,0,28.470625,temperature
2021-07-01T00:00:00Z,SUGG,0,28.265,temperature
2021-07-02T00:00:00Z,SUGG,0,28.44625,temperature
2021-07-03T00:00:00Z,SUGG,0,28.404583333333335,temperature
2021-07-04T00:00:00Z,SUGG,0,27.905416666666667,temperature
2021-07-05T00:00:00Z,SUGG,0,27.850416666666668,temperature
2021-07-06T00:00:00Z,SUGG,0,28.688958333333332,temperature
2021-07-07T00:00:00Z,SUGG,0,27.721458333333334,temperature
2021-07-08T00:00:00Z,SUGG,0,27.350625,temperature
2021-07-09T00:00:00Z,SUGG,0,29.097291666666667,temperature
2021-07-10T00:00:00Z,SUGG,0,29.742291666666667,temperature
2021-07-11T00:00:00Z,SUGG,0,30.68125,temperature
2021-07-12T00:00:00Z,SUGG,0,30.312083333333337,temperature
2021-07-13T00:00:00Z,SUGG,0,29.97833333333333,temperature
2021-07-14T00:00:00Z,SUGG,0,29.875625,temperature
2021-07-15T00:00:00Z,SUGG,0,30.319791666666667,temperature
2021-07-16T00:00:00Z,SUGG,0,31.223333333333333,temperature
2021-07-17T00:00:00Z,SUGG,0,30.961666666666662,temperature
2021-07-18T00:00:00Z,SUGG,0,31.320833333333333,temperature
2021-07-19T00:00:00Z,SUGG,0,30.785416666666663,temperature
2021-07-20T00:00:00Z,SUGG,0,30.16375,temperature
2021-07-21T00:00:00Z,SUGG,0,30.772083333333335,temperature
2021-07-22T00:00:00Z,SUGG,0,30.924375,temperature
2021-07-23T00:00:00Z,SUGG,0,31.717916666666667,temperature
2021-07-24T00:00:00Z,SUGG,0,30.358958333333337,temperature
2021-07-25T00:00:00Z,SUGG,0,30.477291666666662,temperature
2021-07-26T00:00:00Z,SUGG,0,30.449166666666667,temperature
2021-07-27T00:00:00Z,SUGG,0,31.34375,temperature
2021-07-28T00:00:00Z,SUGG,0,30.715625,temperature
2021-07-29T00:00:00Z,SUGG,0,30.269583333333333,temperature
2021-07-30T00:00:00Z,SUGG,0,31.039166666666667,temperature
2021-07-31T00:00:00Z,SUGG,0,31.380416666666665,temperature
2021-08-01T00:00:00Z,SUGG,0,31.460208333333338,temperature
2021-08-02T00:00:00Z,SUGG,0,31.012083333333333,temperature
2021-08-03T00:00:00Z,SUGG,0,29.74375,temperature
2021-08-04T00:00:00Z,SUGG,0,28.854375,temperature
2021-08-05T00:00:00Z,SUGG,0,28.39270833333333,temperature
2021-08-06T00:00:00Z,SUGG,0,28.331666666666667,temperature
2021-08-07T00:00:00Z,SUGG,0,29.896041666666665,temperature
2021-08-08T00:00:00Z,SUGG,0,31.142708333333335,temperature
2021-08-09T00:00:00Z,SUGG,0,31.20375,temperature
2021-08-10T00:00:00Z,SUGG,0,31.503333333333337,temperature
2021-08-11T00:00:00Z,SUGG,0,31.003863636363636,temperature
2021-08-12T00:00:00Z,SUGG,0,30.836041666666667,temperature
2021-08-13T00:00:00Z,SUGG,0,30.154583333333335,temperature
2021-08-14T00:00:00Z,SUGG,0,29.753958333333333,temperature
2021-08-15T00:00:00Z,SUGG,0,28.988333333333333,temperature
2021-08-16T00:00:00Z,SUGG,0,29.05625,temperature
2021-08-17T00:00:00Z,SUGG,0,29.042916666666667,temperature
2021-08-18T00:00:00Z,SUGG,0,30.429791666666667,temperature
2021-08-19T00:00:00Z,SUGG,0,31.843333333333337,temperature
2021-08-20T00:00:00Z,SUGG,0,31.179791666666667,temperature
2021-08-21T00:00:00Z,SUGG,0,32.28458333333333,temperature
2021-08-22T00:00:00Z,SUGG,0,32.13375,temperature
2021-08-23T00:00:00Z,SUGG,0,31.198541666666667,temperature
2021-08-24T00:00:00Z,SUGG,0,30.61875,temperature
2021-08-25T00:00:00Z,SUGG,0,29.433333333333337,temperature
2021-08-26T00:00:00Z,SUGG,0,29.56125,temperature
2021-08-27T00:00:00Z,SUGG,0,29.158958333333334,temperature
2021-08-28T00:00:00Z,SUGG,0,29.280625,temperature
2021-08-29T00:00:00Z,SUGG,0,29.864375,temperature
2021-08-30T00:00:00Z,SUGG,0,31.17872340425532,temperature
2021-08-31T00:00:00Z,SUGG,0,31.429791666666667,temperature
2021-09-01T00:00:00Z,SUGG,0,29.842708333333334,temperature
2021-09-02T00:00:00Z,SUGG,0,28.91,temperature
2021-09-03T00:00:00Z,SUGG,0,29.152916666666663,temperature
2021-09-04T00:00:00Z,SUGG,0,29.108125,temperature
2021-09-05T00:00:00Z,SUGG,0,29.675208333333337,temperature
2021-09-06T00:00:00Z,SUGG,0,30.765208333333337,temperature
2021-09-07T00:00:00Z,SUGG,0,30.344166666666663,temperature
2021-09-08T00:00:00Z,SUGG,0,30.159583333333337,temperature
2021-09-09T00:00:00Z,SUGG,0,28.966666666666665,temperature
2021-09-10T00:00:00Z,SUGG,0,29.008125,temperature
2021-09-11T00:00:00Z,SUGG,0,28.714791666666667,temperature
2021-09-12T00:00:00Z,SUGG,0,28.511041666666667,temperature
2021-09-13T00:00:00Z,SUGG,0,29.218541666666667,temperature
2021-09-14T00:00:00Z,SUGG,0,29.294583333333332,temperature
2021-09-15T00:00:00Z,SUGG,0,28.964791666666667,temperature
2021-09-16T00:00:00Z,SUGG,0,29.318958333333335,temperature
2021-09-17T00:00:00Z,SUGG,0,29.2225,temperature
2021-09-18T00:00:00Z,SUGG,0,28.977708333333332,temperature
2021-09-19T00:00:00Z,SUGG,0,28.795,temperature
2021-09-20T00:00:00Z,SUGG,0,28.383125,temperature
2021-09-21T00:00:00Z,SUGG,0,28.620833333333337,temperature
2021-09-22T00:00:00Z,SUGG,0,28.948125,temperature
2021-09-23T00:00:00Z,SUGG,0,29.320416666666667,temperature
2021-09-24T00:00:00Z,SUGG,0,28.155416666666667,temperature
2021-09-25T00:00:00Z,SUGG,0,27.908125,temperature
2021-09-26T00:00:00Z,SUGG,0,27.864166666666662,temperature
2021-09-27T00:00:00Z,SUGG,0,27.724583333333335,temperature
2021-09-28T00:00:00Z,SUGG,0,27.811666666666667,temperature
2021-09-29T00:00:00Z,SUGG,0,27.52375,temperature
2021-09-30T00:00:00Z,SUGG,0,27.3375,temperature
2021-10-01T00:00:00Z,SUGG,0,27.4525,temperature
2021-10-02T00:00:00Z,SUGG,0,27.335833333333333,temperature
2021-10-03T00:00:00Z,SUGG,0,27.17375,temperature
2021-10-04T00:00:00Z,SUGG,0,27.335744680851064,temperature
2021-10-05T00:00:00Z,SUGG,0,27.326875,temperature
2021-10-06T00:00:00Z,SUGG,0,27.358333333333334,temperature
2021-10-07T00:00:00Z,SUGG,0,27.243333333333332,temperature
2021-10-08T00:00:00Z,SUGG,0,27.588125,temperature
2021-10-09T00:00:00Z,SUGG,0,27.314375,temperature
2021-10-10T00:00:00Z,SUGG,0,27.389791666666667,temperature
2021-10-11T00:00:00Z,SUGG,0,27.183125,temperature
2021-10-12T00:00:00Z,SUGG,0,27.1725,temperature
2021-10-13T00:00:00Z,SUGG,0,27.358125,temperature
2021-10-14T00:00:00Z,SUGG,0,27.713958333333338,temperature
2021-10-15T00:00:00Z,SUGG,0,27.842291666666668,temperature
2021-10-16T00:00:00Z,SUGG,0,28.075625,temperature
2021-10-17T00:00:00Z,SUGG,0,26.66625,temperature
2021-10-18T00:00:00Z,SUGG,0,25.435208333333332,temperature
2021-10-19T00:00:00Z,SUGG,0,24.861458333333335,temperature
2021-10-20T00:00:00Z,SUGG,0,24.707708333333333,temperature
2021-10-21T00:00:00Z,SUGG,0,24.976875,temperature
2021-10-22T00:00:00Z,SUGG,0,25.71,temperature
2021-10-23T00:00:00Z,SUGG,0,26.176666666666662,temperature
2021-10-24T00:00:00Z,SUGG,0,25.434418604651164,temperature
2021-10-25T00:00:00Z,SUGG,0,25.515,temperature
2021-10-26T00:00:00Z,SUGG,0,26.084375,temperature
2021-10-27T00:00:00Z,SUGG,0,25.545,temperature
2021-10-28T00:00:00Z,SUGG,0,24.4625,temperature
2021-10-29T00:00:00Z,SUGG,0,23.602916666666665,temperature
2021-10-30T00:00:00Z,SUGG,0,22.824791666666663,temperature
2021-10-31T00:00:00Z,SUGG,0,21.88875,temperature
2021-11-01T00:00:00Z,SUGG,0,21.4825,temperature
2021-11-02T00:00:00Z,SUGG,0,22.011458333333337,temperature
2021-11-03T00:00:00Z,SUGG,0,22.201458333333335,temperature
2021-11-04T00:00:00Z,SUGG,0,21.423333333333332,temperature
2021-11-05T00:00:00Z,SUGG,0,20.3975,temperature
2021-11-06T00:00:00Z,SUGG,0,18.551041666666663,temperature
2021-11-07T00:00:00Z,SUGG,0,17.127708333333334,temperature
2021-11-08T00:00:00Z,SUGG,0,17.123541666666668,temperature
2021-11-09T00:00:00Z,SUGG,0,17.390625,temperature
2021-11-10T00:00:00Z,SUGG,0,18.2325,temperature
2021-11-11T00:00:00Z,SUGG,0,19.112916666666667,temperature
2021-11-12T00:00:00Z,SUGG,0,20.157708333333332,temperature
2021-11-13T00:00:00Z,SUGG,0,20.356458333333332,temperature
2021-11-14T00:00:00Z,SUGG,0,19.115625,temperature
2021-11-15T00:00:00Z,SUGG,0,18.494222222222223,temperature
2021-11-16T00:00:00Z,SUGG,0,19.520000000000003,temperature
2021-11-17T00:00:00Z,SUGG,0,18.401458333333338,temperature
2021-11-18T00:00:00Z,SUGG,0,19.330833333333334,temperature
2021-11-19T00:00:00Z,SUGG,0,19.961458333333333,temperature
2021-11-20T00:00:00Z,SUGG,0,19.031666666666663,temperature
2021-11-21T00:00:00Z,SUGG,0,19.235833333333332,temperature
2021-11-22T00:00:00Z,SUGG,0,19.721875,temperature
2021-11-23T00:00:00Z,SUGG,0,18.907291666666666,temperature
2021-11-24T00:00:00Z,SUGG,0,17.587291666666665,temperature
2021-11-25T00:00:00Z,SUGG,0,17.726458333333333,temperature
2021-11-26T00:00:00Z,SUGG,0,17.61895833333333,temperature
2021-11-27T00:00:00Z,SUGG,0,17.075833333333332,temperature
2021-11-28T00:00:00Z,SUGG,0,16.783541666666668,temperature
2021-11-29T00:00:00Z,SUGG,0,16.434375,temperature
2021-11-30T00:00:00Z,SUGG,0,16.4075,temperature
2021-12-01T00:00:00Z,SUGG,0,16.390625,temperature
2021-12-02T00:00:00Z,SUGG,0,16.888541666666665,temperature
2021-12-03T00:00:00Z,SUGG,0,16.82625,temperature
2021-12-04T00:00:00Z,SUGG,0,17.357083333333332,temperature
2021-12-05T00:00:00Z,SUGG,0,17.36895833333333,temperature
2021-12-06T00:00:00Z,SUGG,0,18.056041666666665,temperature
2021-12-07T00:00:00Z,SUGG,0,18.53875,temperature
2021-12-08T00:00:00Z,SUGG,0,18.89375,temperature
2021-12-09T00:00:00Z,SUGG,0,18.938958333333332,temperature
2021-12-10T00:00:00Z,SUGG,0,19.708541666666665,temperature
2021-12-11T00:00:00Z,SUGG,0,20.855416666666667,temperature
2021-12-12T00:00:00Z,SUGG,0,21.012083333333333,temperature
2021-12-13T00:00:00Z,SUGG,0,19.932291666666668,temperature
2021-12-14T00:00:00Z,SUGG,0,19.679583333333333,temperature
2021-12-15T00:00:00Z,SUGG,0,19.461025641025643,temperature
2021-12-16T00:00:00Z,SUGG,0,20.36625,temperature
2021-12-17T00:00:00Z,SUGG,0,21.446666666666665,temperature
2021-12-18T00:00:00Z,SUGG,0,21.578958333333333,temperature
2021-12-19T00:00:00Z,SUGG,0,21.946875,temperature
2021-12-20T00:00:00Z,SUGG,0,20.82375,temperature
2021-12-21T00:00:00Z,SUGG,0,18.779166666666665,temperature
2021-12-22T00:00:00Z,SUGG,0,17.681875,temperature
2021-12-23T00:00:00Z,SUGG,0,16.987083333333334,temperature
2021-12-24T00:00:00Z,SUGG,0,17.129375,temperature
2021-12-25T00:00:00Z,SUGG,0,17.446458333333332,temperature
2021-12-26T00:00:00Z,SUGG,0,17.736458333333335,temperature
2021-12-27T00:00:00Z,SUGG,0,18.6575,temperature
2021-12-28T00:00:00Z,SUGG,0,19.063125,temperature
2021-12-29T00:00:00Z,SUGG,0,19.408958333333334,temperature
2021-12-30T00:00:00Z,SUGG,0,20.15125,temperature
2021-12-31T00:00:00Z,SUGG,0,21.20375,temperature
2022-01-01T00:00:00Z,SUGG,0,22.031458333333333,temperature
2022-01-02T00:00:00Z,SUGG,0,21.972916666666663,temperature
2022-01-03T00:00:00Z,SUGG,0,20.909375,temperature
2022-01-04T00:00:00Z,SUGG,0,18.857083333333332,temperature
2022-01-05T00:00:00Z,SUGG,0,18.358958333333337,temperature
2022-01-06T00:00:00Z,SUGG,0,18.281875,temperature
2022-01-07T00:00:00Z,SUGG,0,18.12969696969697,temperature
2022-01-13T00:00:00Z,SUGG,0,17.605,temperature
2022-01-14T00:00:00Z,SUGG,0,16.721458333333334,temperature
2022-01-15T00:00:00Z,SUGG,0,16.648125,temperature
2022-01-16T00:00:00Z,SUGG,0,16.145208333333333,temperature
2022-01-17T00:00:00Z,SUGG,0,15.258125,temperature
2022-01-18T00:00:00Z,SUGG,0,14.683191489361702,temperature
2022-01-19T00:00:00Z,SUGG,0,14.710208333333334,temperature
2022-01-20T00:00:00Z,SUGG,0,15.441666666666666,temperature
2022-01-21T00:00:00Z,SUGG,0,15.698958333333334,temperature
2022-01-22T00:00:00Z,SUGG,0,14.32875,temperature
2022-01-23T00:00:00Z,SUGG,0,13.139375,temperature
2022-01-24T00:00:00Z,SUGG,0,13.035,temperature
2022-01-25T00:00:00Z,SUGG,0,13.33,temperature
2022-01-26T00:00:00Z,SUGG,0,12.957916666666666,temperature
2022-01-27T00:00:00Z,SUGG,0,12.979791666666667,temperature
2022-01-28T00:00:00Z,SUGG,0,13.1875,temperature
2022-01-29T00:00:00Z,SUGG,0,12.7275,temperature
2022-01-30T00:00:00Z,SUGG,0,12.027708333333331,temperature
2022-01-31T00:00:00Z,SUGG,0,12.22625,temperature
2022-02-01T00:00:00Z,SUGG,0,12.772083333333333,temperature
2022-02-02T00:00:00Z,SUGG,0,13.166458333333331,temperature
2022-02-03T00:00:00Z,SUGG,0,14.72375,temperature
2022-02-04T00:00:00Z,SUGG,0,16.36541666666667,temperature
2022-02-05T00:00:00Z,SUGG,0,17.379583333333333,temperature
2022-02-06T00:00:00Z,SUGG,0,15.818958333333333,temperature
2022-02-07T00:00:00Z,SUGG,0,14.786875,temperature
2022-02-08T00:00:00Z,SUGG,0,14.218125,temperature
2022-02-09T00:00:00Z,SUGG,0,14.058333333333334,temperature
2022-02-10T00:00:00Z,SUGG,0,14.569583333333334,temperature
2022-02-11T00:00:00Z,SUGG,0,15.620208333333334,temperature
2022-02-12T00:00:00Z,SUGG,0,16.94375,temperature
2022-02-13T00:00:00Z,SUGG,0,17.969375,temperature
2022-02-14T00:00:00Z,SUGG,0,15.361458333333331,temperature
2022-02-15T00:00:00Z,SUGG,0,14.897083333333333,temperature
2022-02-16T00:00:00Z,SUGG,0,15.12875,temperature
2022-02-17T00:00:00Z,SUGG,0,16.569791666666667,temperature
2022-02-18T00:00:00Z,SUGG,0,18.435416666666665,temperature
2022-02-19T00:00:00Z,SUGG,0,19.356041666666663,temperature
2022-02-20T00:00:00Z,SUGG,0,18.291666666666668,temperature
2022-02-21T00:00:00Z,SUGG,0,18.641666666666666,temperature
2022-02-22T00:00:00Z,SUGG,0,19.826041666666665,temperature
2022-02-23T00:00:00Z,SUGG,0,21.978541666666665,temperature
2022-02-24T00:00:00Z,SUGG,0,23.666875,temperature
2022-02-25T00:00:00Z,SUGG,0,23.739375,temperature
2022-02-26T00:00:00Z,SUGG,0,23.647083333333335,temperature
2022-02-27T00:00:00Z,SUGG,0,23.542916666666667,temperature
2022-02-28T00:00:00Z,SUGG,0,22.70520833333333,temperature
2022-03-01T00:00:00Z,SUGG,0,20.184375,temperature
2022-03-02T00:00:00Z,SUGG,0,20.577083333333334,temperature
2022-03-03T00:00:00Z,SUGG,0,21.173125,temperature
2022-03-04T00:00:00Z,SUGG,0,20.948297872340422,temperature
2022-03-05T00:00:00Z,SUGG,0,20.797916666666666,temperature
2022-03-06T00:00:00Z,SUGG,0,21.57875,temperature
2022-03-07T00:00:00Z,SUGG,0,22.638333333333332,temperature
2022-03-08T00:00:00Z,SUGG,0,23.80270833333333,temperature
2022-03-09T00:00:00Z,SUGG,0,24.126666666666665,temperature
2022-03-10T00:00:00Z,SUGG,0,23.141875,temperature
2022-03-11T00:00:00Z,SUGG,0,22.00208333333333,temperature
2022-03-12T00:00:00Z,SUGG,0,21.293958333333332,temperature
2022-03-13T00:00:00Z,SUGG,0,19.185625,temperature
2022-03-14T00:00:00Z,SUGG,0,18.265,temperature
2022-03-15T00:00:00Z,SUGG,0,18.651666666666667,temperature
2022-03-16T00:00:00Z,SUGG,0,19.0075,temperature
2022-03-17T00:00:00Z,SUGG,0,20.821666666666665,temperature
2022-03-18T00:00:00Z,SUGG,0,22.154166666666665,temperature
2022-03-19T00:00:00Z,SUGG,0,22.030416666666667,temperature
2022-03-20T00:00:00Z,SUGG,0,22.399791666666665,temperature
2022-03-21T00:00:00Z,SUGG,0,21.6690625,temperature
2022-03-22T00:00:00Z,SUGG,0,23.17,temperature
2022-03-23T00:00:00Z,SUGG,0,22.2875,temperature
2022-03-24T00:00:00Z,SUGG,0,21.9925,temperature
2022-03-25T00:00:00Z,SUGG,0,21.465833333333332,temperature
2022-03-26T00:00:00Z,SUGG,0,21.116041666666668,temperature
2022-03-27T00:00:00Z,SUGG,0,20.996458333333333,temperature
2022-03-28T00:00:00Z,SUGG,0,21.563125,temperature
2022-03-29T00:00:00Z,SUGG,0,24.2325,temperature
2022-03-30T00:00:00Z,SUGG,0,23.622708333333332,temperature
2022-03-31T00:00:00Z,SUGG,0,22.459583333333335,temperature
2022-04-01T00:00:00Z,SUGG,0,23.34979166666667,temperature
2022-04-02T00:00:00Z,SUGG,0,23.521458333333335,temperature
2022-04-03T00:00:00Z,SUGG,0,22.530625,temperature
2022-04-04T00:00:00Z,SUGG,0,23.689791666666668,temperature
2022-04-05T00:00:00Z,SUGG,0,23.873260869565215,temperature
2022-04-06T00:00:00Z,SUGG,0,24.478125,temperature
2022-04-07T00:00:00Z,SUGG,0,24.910625,temperature
2022-04-08T00:00:00Z,SUGG,0,23.97375,temperature
2022-04-09T00:00:00Z,SUGG,0,22.484583333333333,temperature
2022-04-10T00:00:00Z,SUGG,0,22.70916666666667,temperature
2022-04-11T00:00:00Z,SUGG,0,22.812916666666663,temperature
2022-04-12T00:00:00Z,SUGG,0,23.73645833333333,temperature
2022-04-13T00:00:00Z,SUGG,0,24.348541666666662,temperature
2022-04-14T00:00:00Z,SUGG,0,24.760208333333335,temperature
2022-04-15T00:00:00Z,SUGG,0,25.247291666666666,temperature
2022-04-16T00:00:00Z,SUGG,0,26.347291666666667,temperature
2022-04-17T00:00:00Z,SUGG,0,27.694375,temperature
2022-04-18T00:00:00Z,SUGG,0,26.438541666666666,temperature
2022-04-19T00:00:00Z,SUGG,0,25.551875,temperature
2022-04-20T00:00:00Z,SUGG,0,24.348958333333332,temperature
2022-04-21T00:00:00Z,SUGG,0,23.927708333333335,temperature
2022-04-22T00:00:00Z,SUGG,0,23.870416666666667,temperature
2022-04-23T00:00:00Z,SUGG,0,24.168958333333332,temperature
2022-04-24T00:00:00Z,SUGG,0,24.647291666666668,temperature
2022-04-25T00:00:00Z,SUGG,0,25.861666666666668,temperature
2022-04-26T00:00:00Z,SUGG,0,27.120625,temperature
2022-04-27T00:00:00Z,SUGG,0,27.96875,temperature
2022-04-28T00:00:00Z,SUGG,0,26.2175,temperature
2022-04-29T00:00:00Z,SUGG,0,25.5175,temperature
2022-04-30T00:00:00Z,SUGG,0,25.566458333333333,temperature
2022-05-01T00:00:00Z,SUGG,0,26.68,temperature
2022-05-02T00:00:00Z,SUGG,0,27.671458333333337,temperature
2022-05-03T00:00:00Z,SUGG,0,27.824166666666667,temperature
2022-05-04T00:00:00Z,SUGG,0,28.52777777777778,temperature
2022-05-05T00:00:00Z,SUGG,0,30.053125,temperature
2022-05-06T00:00:00Z,SUGG,0,29.236875,temperature
2022-05-07T00:00:00Z,SUGG,0,28.013333333333332,temperature
2022-05-08T00:00:00Z,SUGG,0,28.2525,temperature
2022-05-09T00:00:00Z,SUGG,0,26.799166666666668,temperature
2022-05-10T00:00:00Z,SUGG,0,25.993333333333332,temperature
2022-05-11T00:00:00Z,SUGG,0,25.91,temperature
2022-05-12T00:00:00Z,SUGG,0,25.812708333333333,temperature
2022-05-13T00:00:00Z,SUGG,0,26.221458333333334,temperature
2022-05-14T00:00:00Z,SUGG,0,27.926458333333333,temperature
2022-05-15T00:00:00Z,SUGG,0,28.989791666666665,temperature
2022-05-16T00:00:00Z,SUGG,0,27.439791666666668,temperature
2022-05-17T00:00:00Z,SUGG,0,29.354166666666668,temperature
2022-05-18T00:00:00Z,SUGG,0,29.659,temperature
2022-05-19T00:00:00Z,SUGG,0,31.92111111111111,temperature
2022-05-20T00:00:00Z,SUGG,0,30.2075,temperature
2022-05-21T00:00:00Z,SUGG,0,28.341041666666666,temperature
2022-05-22T00:00:00Z,SUGG,0,28.21,temperature
2022-05-23T00:00:00Z,SUGG,0,29.971041666666668,temperature
2022-05-24T00:00:00Z,SUGG,0,30.728958333333335,temperature
2022-05-25T00:00:00Z,SUGG,0,29.687708333333333,temperature
2022-05-26T00:00:00Z,SUGG,0,29.10333333333333,temperature
2022-05-27T00:00:00Z,SUGG,0,28.74875,temperature
2022-05-28T00:00:00Z,SUGG,0,28.682083333333335,temperature
2022-05-29T00:00:00Z,SUGG,0,30.588125,temperature
2022-05-30T00:00:00Z,SUGG,0,29.698958333333337,temperature
2022-05-31T00:00:00Z,SUGG,0,29.355625,temperature
2022-06-01T00:00:00Z,SUGG,0,29.159166666666668,temperature
2022-06-02T00:00:00Z,SUGG,0,30.659347826086957,temperature
2022-06-03T00:00:00Z,SUGG,0,30.446041666666662,temperature
2022-06-04T00:00:00Z,SUGG,0,29.894166666666667,temperature
2022-06-05T00:00:00Z,SUGG,0,29.897083333333335,temperature
2022-06-06T00:00:00Z,SUGG,0,30.015416666666667,temperature
2022-06-07T00:00:00Z,SUGG,0,30.598958333333332,temperature
2022-06-08T00:00:00Z,SUGG,0,31.901739130434784,temperature
2022-06-09T00:00:00Z,SUGG,0,31.38458333333333,temperature
2022-06-10T00:00:00Z,SUGG,0,31.227708333333332,temperature
2022-06-11T00:00:00Z,SUGG,0,30.781458333333333,temperature
2022-06-12T00:00:00Z,SUGG,0,29.969375,temperature
2022-06-13T00:00:00Z,SUGG,0,30.375625,temperature
2022-06-14T00:00:00Z,SUGG,0,32.11875,temperature
2022-06-15T00:00:00Z,SUGG,0,32.09725,temperature
2022-06-16T00:00:00Z,SUGG,0,32.39978260869565,temperature
2022-06-17T00:00:00Z,SUGG,0,32.680851063829785,temperature
2022-06-18T00:00:00Z,SUGG,0,32.169583333333335,temperature
2022-06-19T00:00:00Z,SUGG,0,31.806666666666665,temperature
2022-06-20T00:00:00Z,SUGG,0,31.321875,temperature
2022-06-21T00:00:00Z,SUGG,0,31.03875,temperature
2022-06-22T00:00:00Z,SUGG,0,31.92125,temperature
2022-06-23T00:00:00Z,SUGG,0,31.597083333333337,temperature
2022-06-24T00:00:00Z,SUGG,0,31.599375,temperature
2022-06-25T00:00:00Z,SUGG,0,30.39875,temperature
2022-06-26T00:00:00Z,SUGG,0,30.388333333333332,temperature
2022-06-27T00:00:00Z,SUGG,0,29.989375,temperature
2022-06-28T00:00:00Z,SUGG,0,30.800208333333337,temperature
2022-06-29T00:00:00Z,SUGG,0,31.06375,temperature
2022-06-30T00:00:00Z,SUGG,0,31.035833333333333,temperature
2022-07-01T00:00:00Z,SUGG,0,30.398333333333333,temperature
2022-07-02T00:00:00Z,SUGG,0,30.355625,temperature
2022-07-03T00:00:00Z,SUGG,0,30.534166666666668,temperature
2022-07-04T00:00:00Z,SUGG,0,31.14,temperature
2022-07-05T00:00:00Z,SUGG,0,31.592083333333335,temperature
2022-07-06T00:00:00Z,SUGG,0,32.12804347826087,temperature
2022-07-07T00:00:00Z,SUGG,0,32.56318181818182,temperature
2022-07-08T00:00:00Z,SUGG,0,31.718958333333333,temperature
2022-07-09T00:00:00Z,SUGG,0,31.445416666666667,temperature
2022-07-10T00:00:00Z,SUGG,0,30.631458333333335,temperature
2022-07-11T00:00:00Z,SUGG,0,30.559166666666663,temperature
2022-07-12T00:00:00Z,SUGG,0,31.030416666666667,temperature
2022-07-13T00:00:00Z,SUGG,0,32.04,temperature
2022-07-14T00:00:00Z,SUGG,0,33.087291666666665,temperature
2022-07-15T00:00:00Z,SUGG,0,31.93375,temperature
2022-07-16T00:00:00Z,SUGG,0,31.223958333333332,temperature
2022-07-17T00:00:00Z,SUGG,0,31.373125,temperature
2022-07-18T00:00:00Z,SUGG,0,30.8175,temperature
2022-07-19T00:00:00Z,SUGG,0,30.293333333333333,temperature
2022-07-20T00:00:00Z,SUGG,0,30.758125,temperature
2022-07-21T00:00:00Z,SUGG,0,31.034375,temperature
2022-07-22T00:00:00Z,SUGG,0,32.97708333333333,temperature
2022-07-23T00:00:00Z,SUGG,0,32.02770833333334,temperature
2022-07-24T00:00:00Z,SUGG,0,31.1225,temperature
2022-07-25T00:00:00Z,SUGG,0,31.04875,temperature
2022-07-26T00:00:00Z,SUGG,0,31.580416666666668,temperature
2022-07-27T00:00:00Z,SUGG,0,31.608958333333337,temperature
2022-07-28T00:00:00Z,SUGG,0,31.515641025641024,temperature
2022-07-29T00:00:00Z,SUGG,0,32.682307692307695,temperature
2022-07-30T00:00:00Z,SUGG,0,33.03564102564103,temperature
2022-07-31T00:00:00Z,SUGG,0,33.15318181818182,temperature
2022-08-01T00:00:00Z,SUGG,0,32.835,temperature
2022-08-02T00:00:00Z,SUGG,0,33.053958333333334,temperature
2022-08-03T00:00:00Z,SUGG,0,32.97642857142857,temperature
2022-08-04T00:00:00Z,SUGG,0,32.03666666666667,temperature
2022-08-05T00:00:00Z,SUGG,0,31.8675,temperature
2022-08-06T00:00:00Z,SUGG,0,31.882916666666667,temperature
2022-08-07T00:00:00Z,SUGG,0,31.780416666666667,temperature
2022-08-08T00:00:00Z,SUGG,0,31.205625,temperature
2022-08-09T00:00:00Z,SUGG,0,30.941666666666663,temperature
2022-08-10T00:00:00Z,SUGG,0,31.807333333333332,temperature
2022-08-11T00:00:00Z,SUGG,0,31.510416666666668,temperature
2022-08-12T00:00:00Z,SUGG,0,30.650833333333335,temperature
2022-08-13T00:00:00Z,SUGG,0,30.3925,temperature
2022-08-14T00:00:00Z,SUGG,0,30.287916666666668,temperature
2022-08-15T00:00:00Z,SUGG,0,31.075,temperature
2022-08-16T00:00:00Z,SUGG,0,31.375625,temperature
2022-08-17T00:00:00Z,SUGG,0,31.83020833333333,temperature
2022-08-18T00:00:00Z,SUGG,0,31.015416666666667,temperature
2022-08-19T00:00:00Z,SUGG,0,30.613541666666663,temperature
2022-08-20T00:00:00Z,SUGG,0,31.46282608695652,temperature
2022-08-21T00:00:00Z,SUGG,0,31.590208333333333,temperature
2022-08-22T00:00:00Z,SUGG,0,30.602083333333333,temperature
2022-08-23T00:00:00Z,SUGG,0,30.547291666666663,temperature
2022-08-24T00:00:00Z,SUGG,0,30.715416666666663,temperature
2022-08-25T00:00:00Z,SUGG,0,31.457555555555555,temperature
2022-08-26T00:00:00Z,SUGG,0,31.515,temperature
2022-08-27T00:00:00Z,SUGG,0,31.617291666666667,temperature
2022-08-28T00:00:00Z,SUGG,0,31.439166666666665,temperature
2022-08-29T00:00:00Z,SUGG,0,30.663541666666667,temperature
2022-08-30T00:00:00Z,SUGG,0,30.710833333333333,temperature
2022-08-31T00:00:00Z,SUGG,0,30.975416666666668,temperature
2022-09-01T00:00:00Z,SUGG,0,31.093125,temperature
2022-09-02T00:00:00Z,SUGG,0,29.623333333333335,temperature
2022-09-03T00:00:00Z,SUGG,0,29.699791666666663,temperature
2022-09-04T00:00:00Z,SUGG,0,30.325625,temperature
2022-09-05T00:00:00Z,SUGG,0,31.218666666666667,temperature
2022-09-06T00:00:00Z,SUGG,0,32.48854166666667,temperature
2022-09-07T00:00:00Z,SUGG,0,32.42326086956522,temperature
2022-09-08T00:00:00Z,SUGG,0,30.078958333333333,temperature
2022-09-09T00:00:00Z,SUGG,0,29.121875,temperature
2022-09-10T00:00:00Z,SUGG,0,28.763333333333332,temperature
2022-09-11T00:00:00Z,SUGG,0,29.42,temperature
2022-09-12T00:00:00Z,SUGG,0,29.715,temperature
2022-09-13T00:00:00Z,SUGG,0,29.53125,temperature
2022-09-14T00:00:00Z,SUGG,0,29.402083333333337,temperature
2022-09-15T00:00:00Z,SUGG,0,28.993125,temperature
2022-09-16T00:00:00Z,SUGG,0,28.682291666666668,temperature
2022-09-17T00:00:00Z,SUGG,0,28.299166666666668,temperature
2022-09-18T00:00:00Z,SUGG,0,28.02375,temperature
2022-09-19T00:00:00Z,SUGG,0,28.331458333333337,temperature
2022-09-20T00:00:00Z,SUGG,0,28.7675,temperature
2022-09-21T00:00:00Z,SUGG,0,28.893863636363637,temperature
2022-09-22T00:00:00Z,SUGG,0,29.656875,temperature
2022-09-23T00:00:00Z,SUGG,0,29.477916666666665,temperature
2022-09-24T00:00:00Z,SUGG,0,28.21625,temperature
2022-09-25T00:00:00Z,SUGG,0,29.35729166666667,temperature
2022-09-26T00:00:00Z,SUGG,0,29.867083333333333,temperature
2022-09-27T00:00:00Z,SUGG,0,28.808541666666667,temperature
2022-09-28T00:00:00Z,SUGG,0,26.706666666666667,temperature
2022-09-29T00:00:00Z,SUGG,0,24.38375,temperature
2022-09-30T00:00:00Z,SUGG,0,22.61125,temperature
2022-10-01T00:00:00Z,SUGG,0,24.3025,temperature
2022-10-02T00:00:00Z,SUGG,0,24.829375,temperature
2022-10-03T00:00:00Z,SUGG,0,24.288958333333333,temperature
2022-10-04T00:00:00Z,SUGG,0,23.296041666666667,temperature
2022-10-05T00:00:00Z,SUGG,0,24.153125,temperature
2022-10-06T00:00:00Z,SUGG,0,25.357291666666665,temperature
2022-10-07T00:00:00Z,SUGG,0,25.777916666666663,temperature
2022-10-08T00:00:00Z,SUGG,0,25.480625,temperature
2022-10-09T00:00:00Z,SUGG,0,24.973958333333332,temperature
2022-10-10T00:00:00Z,SUGG,0,25.630208333333332,temperature
2022-10-11T00:00:00Z,SUGG,0,25.764375,temperature
2022-10-12T00:00:00Z,SUGG,0,26.26,temperature
2022-10-13T00:00:00Z,SUGG,0,26.6275,temperature
2022-10-14T00:00:00Z,SUGG,0,26.69125,temperature
2022-10-15T00:00:00Z,SUGG,0,25.856041666666663,temperature
2022-10-16T00:00:00Z,SUGG,0,26.107708333333335,temperature
2022-10-17T00:00:00Z,SUGG,0,25.952765957446807,temperature
2022-10-18T00:00:00Z,SUGG,0,25.315,temperature
2022-10-19T00:00:00Z,SUGG,0,23.019791666666663,temperature
2022-10-20T00:00:00Z,SUGG,0,21.966666666666665,temperature
2022-10-21T00:00:00Z,SUGG,0,21.27375,temperature
2022-10-22T00:00:00Z,SUGG,0,20.874375,temperature
2022-10-23T00:00:00Z,SUGG,0,21.886875,temperature
2022-10-24T00:00:00Z,SUGG,0,22.381875,temperature
2022-10-25T00:00:00Z,SUGG,0,23.65595744680851,temperature
2022-10-26T00:00:00Z,SUGG,0,23.221458333333334,temperature
2022-10-27T00:00:00Z,SUGG,0,23.78,temperature
2022-10-28T00:00:00Z,SUGG,0,22.970625,temperature
2022-10-29T00:00:00Z,SUGG,0,22.559583333333332,temperature
2022-10-30T00:00:00Z,SUGG,0,22.571875,temperature
2022-10-31T00:00:00Z,SUGG,0,24.373125,temperature
2022-11-01T00:00:00Z,SUGG,0,26.134375,temperature
2022-11-02T00:00:00Z,SUGG,0,25.504583333333333,temperature
2022-11-03T00:00:00Z,SUGG,0,24.822291666666665,temperature
2022-11-04T00:00:00Z,SUGG,0,23.755625,temperature
2022-11-05T00:00:00Z,SUGG,0,24.15625,temperature
2022-11-06T00:00:00Z,SUGG,0,24.701041666666665,temperature
2022-11-07T00:00:00Z,SUGG,0,24.45625,temperature
2022-11-08T00:00:00Z,SUGG,0,23.77145833333333,temperature
2022-11-09T00:00:00Z,SUGG,0,22.553333333333335,temperature
2022-11-10T00:00:00Z,SUGG,0,21.156666666666663,temperature
2022-11-11T00:00:00Z,SUGG,0,21.391041666666663,temperature
2022-11-12T00:00:00Z,SUGG,0,22.156458333333333,temperature
2022-11-13T00:00:00Z,SUGG,0,22.220416666666665,temperature
2022-11-14T00:00:00Z,SUGG,0,20.956666666666667,temperature
2022-11-15T00:00:00Z,SUGG,0,21.134375,temperature
2022-11-16T00:00:00Z,SUGG,0,21.375,temperature
2022-11-17T00:00:00Z,SUGG,0,20.055,temperature
2022-11-18T00:00:00Z,SUGG,0,19.023541666666667,temperature
2022-11-19T00:00:00Z,SUGG,0,17.936875,temperature
2022-11-20T00:00:00Z,SUGG,0,17.104791666666667,temperature
2022-11-21T00:00:00Z,SUGG,0,16.476458333333333,temperature
2022-11-22T00:00:00Z,SUGG,0,17.019166666666667,temperature
2022-11-23T00:00:00Z,SUGG,0,17.306041666666665,temperature
2022-11-24T00:00:00Z,SUGG,0,18.395833333333332,temperature
2022-11-25T00:00:00Z,SUGG,0,20.35,temperature
2022-11-26T00:00:00Z,SUGG,0,21.100625,temperature
2022-11-27T00:00:00Z,SUGG,0,21.325,temperature
2022-11-28T00:00:00Z,SUGG,0,20.692916666666665,temperature
2022-11-29T00:00:00Z,SUGG,0,20.562708333333333,temperature
2022-11-30T00:00:00Z,SUGG,0,20.519583333333333,temperature
2022-12-01T00:00:00Z,SUGG,0,19.841458333333332,temperature
2022-12-02T00:00:00Z,SUGG,0,19.250416666666663,temperature
2022-12-03T00:00:00Z,SUGG,0,20.273541666666667,temperature
2022-12-04T00:00:00Z,SUGG,0,20.33416666666667,temperature
2022-12-05T00:00:00Z,SUGG,0,20.98875,temperature
2022-12-06T00:00:00Z,SUGG,0,22.093125,temperature
2022-12-07T00:00:00Z,SUGG,0,22.380208333333332,temperature
2022-12-08T00:00:00Z,SUGG,0,21.790416666666665,temperature
2022-12-09T00:00:00Z,SUGG,0,21.484583333333333,temperature
2022-12-10T00:00:00Z,SUGG,0,21.093958333333333,temperature
2022-12-11T00:00:00Z,SUGG,0,20.262083333333333,temperature
2022-12-12T00:00:00Z,SUGG,0,19.795208333333335,temperature
2022-12-13T00:00:00Z,SUGG,0,19.418125,temperature
2022-12-14T00:00:00Z,SUGG,0,19.384166666666665,temperature
2022-12-15T00:00:00Z,SUGG,0,19.861875,temperature
2022-12-16T00:00:00Z,SUGG,0,19.426875,temperature
2022-12-17T00:00:00Z,SUGG,0,18.759375,temperature
2022-12-18T00:00:00Z,SUGG,0,17.827708333333334,temperature
2022-12-19T00:00:00Z,SUGG,0,16.701458333333335,temperature
2022-12-20T00:00:00Z,SUGG,0,16.573953488372094,temperature
2022-12-21T00:00:00Z,SUGG,0,16.069791666666667,temperature
2022-12-22T00:00:00Z,SUGG,0,15.983333333333334,temperature
2022-12-23T00:00:00Z,SUGG,0,16.036041666666666,temperature
2022-12-24T00:00:00Z,SUGG,0,14.164791666666666,temperature
2022-12-25T00:00:00Z,SUGG,0,12.294375,temperature
2022-12-26T00:00:00Z,SUGG,0,11.302083333333334,temperature
2022-12-27T00:00:00Z,SUGG,0,10.907916666666669,temperature
2022-12-28T00:00:00Z,SUGG,0,11.347708333333332,temperature
2022-12-29T00:00:00Z,SUGG,0,12.005625,temperature
2022-12-30T00:00:00Z,SUGG,0,13.952708333333334,temperature
2022-12-31T00:00:00Z,SUGG,0,15.241666666666667,temperature
2023-01-01T00:00:00Z,SUGG,0,17.008125,temperature
2023-01-02T00:00:00Z,SUGG,0,18.049166666666668,temperature
2023-01-03T00:00:00Z,SUGG,0,18.232708333333335,temperature
2023-01-04T00:00:00Z,SUGG,0,18.797857142857143,temperature
2023-01-05T00:00:00Z,SUGG,0,18.7575,temperature
2023-01-06T00:00:00Z,SUGG,0,17.622083333333332,temperature
2023-01-07T00:00:00Z,SUGG,0,16.218541666666667,temperature
2023-01-08T00:00:00Z,SUGG,0,16.178333333333335,temperature
2023-01-09T00:00:00Z,SUGG,0,16.557916666666667,temperature
2023-01-10T00:00:00Z,SUGG,0,16.455,temperature
2023-01-11T00:00:00Z,SUGG,0,16.568695652173915,temperature
2023-01-12T00:00:00Z,SUGG,0,16.245833333333334,temperature
2023-01-13T00:00:00Z,SUGG,0,16.098541666666666,temperature
2023-01-14T00:00:00Z,SUGG,0,14.766458333333333,temperature
2023-01-15T00:00:00Z,SUGG,0,13.840625,temperature
2023-01-16T00:00:00Z,SUGG,0,14.004166666666666,temperature
2023-01-17T00:00:00Z,SUGG,0,13.759791666666668,temperature
2023-01-18T00:00:00Z,SUGG,0,14.488958333333333,temperature
2023-01-19T00:00:00Z,SUGG,0,15.554375,temperature
2023-01-20T00:00:00Z,SUGG,0,16.476304347826087,temperature
2023-01-21T00:00:00Z,SUGG,0,16.477291666666666,temperature
2023-01-22T00:00:00Z,SUGG,0,15.925208333333334,temperature
2023-01-23T00:00:00Z,SUGG,0,16.815625,temperature
2023-01-24T00:00:00Z,SUGG,0,16.397446808510637,temperature
2023-01-25T00:00:00Z,SUGG,0,16.746041666666667,temperature
2023-01-26T00:00:00Z,SUGG,0,17.22479166666667,temperature
2023-01-27T00:00:00Z,SUGG,0,16.480833333333333,temperature
2023-01-28T00:00:00Z,SUGG,0,15.784375,temperature
2023-01-29T00:00:00Z,SUGG,0,16.12625,temperature
2023-01-30T00:00:00Z,SUGG,0,17.88479166666667,temperature
2023-01-31T00:00:00Z,SUGG,0,20.529583333333335,temperature
2023-02-01T00:00:00Z,SUGG,0,21.948125,temperature
2023-02-02T00:00:00Z,SUGG,0,21.461666666666662,temperature
2023-02-03T00:00:00Z,SUGG,0,20.28875,temperature
2023-02-04T00:00:00Z,SUGG,0,17.75604166666667,temperature
2023-02-05T00:00:00Z,SUGG,0,17.559375,temperature
2023-02-06T00:00:00Z,SUGG,0,18.116458333333338,temperature
2023-02-07T00:00:00Z,SUGG,0,17.84875,temperature
2023-02-08T00:00:00Z,SUGG,0,18.400625,temperature
2023-02-09T00:00:00Z,SUGG,0,19.3325,temperature
2023-02-10T00:00:00Z,SUGG,0,20.309166666666663,temperature
2023-02-11T00:00:00Z,SUGG,0,20.403958333333332,temperature
2023-02-12T00:00:00Z,SUGG,0,19.27166666666667,temperature
2023-02-13T00:00:00Z,SUGG,0,18.091875,temperature
2023-02-14T00:00:00Z,SUGG,0,18.08375,temperature
2023-02-15T00:00:00Z,SUGG,0,18.711739130434783,temperature
2023-02-16T00:00:00Z,SUGG,0,19.703125,temperature
2023-02-17T00:00:00Z,SUGG,0,20.377291666666668,temperature
2023-02-18T00:00:00Z,SUGG,0,19.338958333333338,temperature
2023-02-19T00:00:00Z,SUGG,0,18.94375,temperature
2023-02-20T00:00:00Z,SUGG,0,19.71875,temperature
2023-02-21T00:00:00Z,SUGG,0,19.63375,temperature
2023-02-22T00:00:00Z,SUGG,0,20.841875,temperature
2023-02-23T00:00:00Z,SUGG,0,21.948260869565217,temperature
2023-02-24T00:00:00Z,SUGG,0,23.787446808510637,temperature
2023-02-25T00:00:00Z,SUGG,0,24.508333333333333,temperature
2023-02-26T00:00:00Z,SUGG,0,24.281041666666667,temperature
2023-02-27T00:00:00Z,SUGG,0,23.728125,temperature
2023-02-28T00:00:00Z,SUGG,0,23.420833333333334,temperature
2023-03-01T00:00:00Z,SUGG,0,23.88375,temperature
2023-03-02T00:00:00Z,SUGG,0,24.016041666666663,temperature
2023-03-03T00:00:00Z,SUGG,0,23.536041666666662,temperature
2023-03-04T00:00:00Z,SUGG,0,23.465208333333333,temperature
2023-03-05T00:00:00Z,SUGG,0,24.221458333333334,temperature
2023-03-06T00:00:00Z,SUGG,0,24.90086956521739,temperature
2023-03-07T00:00:00Z,SUGG,0,24.841875,temperature
2023-03-08T00:00:00Z,SUGG,0,24.33770833333333,temperature
2023-03-09T00:00:00Z,SUGG,0,23.336041666666667,temperature
2023-03-10T00:00:00Z,SUGG,0,22.866041666666668,temperature
2023-03-11T00:00:00Z,SUGG,0,23.15020833333333,temperature
2023-03-12T00:00:00Z,SUGG,0,22.81,temperature
2023-03-13T00:00:00Z,SUGG,0,22.629166666666663,temperature
2023-03-14T00:00:00Z,SUGG,0,21.781041666666667,temperature
2023-03-15T00:00:00Z,SUGG,0,20.624583333333337,temperature
2023-03-16T00:00:00Z,SUGG,0,20.446875,temperature
2023-03-17T00:00:00Z,SUGG,0,20.80625,temperature
2023-03-18T00:00:00Z,SUGG,0,20.641666666666666,temperature
2023-03-19T00:00:00Z,SUGG,0,19.657083333333333,temperature
2023-03-20T00:00:00Z,SUGG,0,19.149375,temperature
2023-03-21T00:00:00Z,SUGG,0,18.608541666666667,temperature
2023-03-22T00:00:00Z,SUGG,0,20.004791666666662,temperature
2023-03-23T00:00:00Z,SUGG,0,22.228297872340427,temperature
2023-03-24T00:00:00Z,SUGG,0,23.31,temperature
2023-03-25T00:00:00Z,SUGG,0,24.079375,temperature
2023-03-26T00:00:00Z,SUGG,0,24.793541666666663,temperature
2023-03-27T00:00:00Z,SUGG,0,25.821875,temperature
2023-03-28T00:00:00Z,SUGG,0,26.254375,temperature
2023-03-29T00:00:00Z,SUGG,0,24.914375,temperature
2023-03-30T00:00:00Z,SUGG,0,23.715208333333333,temperature
2023-03-31T00:00:00Z,SUGG,0,23.68875,temperature
2023-04-01T00:00:00Z,SUGG,0,24.1975,temperature
2023-04-02T00:00:00Z,SUGG,0,25.156875,temperature
2023-04-03T00:00:00Z,SUGG,0,25.994791666666668,temperature
2023-04-04T00:00:00Z,SUGG,0,26.739791666666665,temperature
2023-04-05T00:00:00Z,SUGG,0,26.661162790697674,temperature
2023-04-06T00:00:00Z,SUGG,0,27.299375,temperature
2023-04-07T00:00:00Z,SUGG,0,27.826041666666665,temperature
2023-04-08T00:00:00Z,SUGG,0,27.399583333333332,temperature
2023-04-09T00:00:00Z,SUGG,0,24.845208333333332,temperature
2023-04-10T00:00:00Z,SUGG,0,22.481875,temperature
2023-04-11T00:00:00Z,SUGG,0,22.034791666666667,temperature
2023-04-12T00:00:00Z,SUGG,0,22.016875,temperature
2023-04-13T00:00:00Z,SUGG,0,22.927083333333332,temperature
2023-04-14T00:00:00Z,SUGG,0,23.876041666666666,temperature
2023-04-15T00:00:00Z,SUGG,0,25.910833333333333,temperature
2023-04-16T00:00:00Z,SUGG,0,26.307916666666667,temperature
2023-04-17T00:00:00Z,SUGG,0,25.668541666666663,temperature
2023-04-18T00:00:00Z,SUGG,0,24.446875,temperature
2023-04-19T00:00:00Z,SUGG,0,24.063125,temperature
2023-04-20T00:00:00Z,SUGG,0,23.812391304347827,temperature
2023-04-21T00:00:00Z,SUGG,0,24.40020833333333,temperature
2023-04-22T00:00:00Z,SUGG,0,25.87625,temperature
2023-04-23T00:00:00Z,SUGG,0,25.154166666666665,temperature
2023-04-24T00:00:00Z,SUGG,0,24.444166666666668,temperature
2023-04-25T00:00:00Z,SUGG,0,24.20125,temperature
2023-04-26T00:00:00Z,SUGG,0,24.909166666666668,temperature
2023-04-27T00:00:00Z,SUGG,0,25.471041666666668,temperature
2023-04-28T00:00:00Z,SUGG,0,25.001875,temperature
2023-04-29T00:00:00Z,SUGG,0,25.733125,temperature
2023-04-30T00:00:00Z,SUGG,0,25.188541666666666,temperature
2023-05-01T00:00:00Z,SUGG,0,24.81125,temperature
2023-05-02T00:00:00Z,SUGG,0,24.99148936170213,temperature
2023-05-03T00:00:00Z,SUGG,0,24.754375,temperature
2023-05-04T00:00:00Z,SUGG,0,25.61520833333333,temperature
2023-05-05T00:00:00Z,SUGG,0,25.740625,temperature
2023-05-06T00:00:00Z,SUGG,0,25.27,temperature
2023-05-07T00:00:00Z,SUGG,0,25.14625,temperature
2023-05-08T00:00:00Z,SUGG,0,26.583125,temperature
2023-05-09T00:00:00Z,SUGG,0,27.864583333333332,temperature
2023-05-10T00:00:00Z,SUGG,0,28.29340425531915,temperature
2023-05-11T00:00:00Z,SUGG,0,27.715625,temperature
2023-05-12T00:00:00Z,SUGG,0,28.153333333333332,temperature
2023-05-13T00:00:00Z,SUGG,0,28.495,temperature
2023-05-14T00:00:00Z,SUGG,0,28.852916666666665,temperature
2023-05-15T00:00:00Z,SUGG,0,28.33,temperature
2023-05-16T00:00:00Z,SUGG,0,29.29083333333333,temperature
2023-05-17T00:00:00Z,SUGG,0,29.255,temperature
2023-05-18T00:00:00Z,SUGG,0,29.224255319148934,temperature
2023-05-19T00:00:00Z,SUGG,0,29.446041666666662,temperature
2023-05-20T00:00:00Z,SUGG,0,29.833333333333332,temperature
2023-05-21T00:00:00Z,SUGG,0,30.766875,temperature
2023-05-22T00:00:00Z,SUGG,0,29.113958333333333,temperature
2023-05-23T00:00:00Z,SUGG,0,27.946666666666665,temperature
2023-05-24T00:00:00Z,SUGG,0,27.429583333333333,temperature
2023-05-25T00:00:00Z,SUGG,0,27.192916666666665,temperature
2023-05-26T00:00:00Z,SUGG,0,26.586458333333333,temperature
2023-05-27T00:00:00Z,SUGG,0,25.412083333333335,temperature
2023-05-28T00:00:00Z,SUGG,0,25.843125,temperature
2023-05-29T00:00:00Z,SUGG,0,27.3075,temperature
2023-05-30T00:00:00Z,SUGG,0,28.02212765957447,temperature
2023-05-31T00:00:00Z,SUGG,0,27.8075,temperature
2023-06-01T00:00:00Z,SUGG,0,27.385,temperature
2023-06-02T00:00:00Z,SUGG,0,27.435833333333335,temperature
2023-06-03T00:00:00Z,SUGG,0,27.8,temperature
2023-06-04T00:00:00Z,SUGG,0,27.692708333333332,temperature
2023-06-05T00:00:00Z,SUGG,0,27.15375,temperature
2023-06-06T00:00:00Z,SUGG,0,32.446666666666665,temperature
2023-06-07T00:00:00Z,SUGG,0,29.33590909090909,temperature
2023-06-08T00:00:00Z,SUGG,0,28.830833333333334,temperature
2023-06-09T00:00:00Z,SUGG,0,28.97875,temperature
2023-06-10T00:00:00Z,SUGG,0,29.280425531914897,temperature
2023-06-11T00:00:00Z,SUGG,0,30.269791666666663,temperature
2023-06-12T00:00:00Z,SUGG,0,29.775,temperature
2023-06-13T00:00:00Z,SUGG,0,29.713333333333335,temperature
2023-06-14T00:00:00Z,SUGG,0,30.25208333333333,temperature
2023-06-15T00:00:00Z,SUGG,0,29.115833333333335,temperature
2023-06-16T00:00:00Z,SUGG,0,27.760625,temperature
2023-06-17T00:00:00Z,SUGG,0,28.195833333333333,temperature
2023-06-18T00:00:00Z,SUGG,0,29.417083333333338,temperature
2023-06-19T00:00:00Z,SUGG,0,30.773958333333333,temperature
2023-06-20T00:00:00Z,SUGG,0,29.570833333333333,temperature
2023-06-21T00:00:00Z,SUGG,0,28.453125,temperature
2023-06-22T00:00:00Z,SUGG,0,27.715208333333333,temperature
2023-06-23T00:00:00Z,SUGG,0,27.283125,temperature
2023-06-24T00:00:00Z,SUGG,0,28.359166666666667,temperature
2023-06-25T00:00:00Z,SUGG,0,29.856666666666666,temperature
2023-06-26T00:00:00Z,SUGG,0,31.354166666666668,temperature
2023-06-27T00:00:00Z,SUGG,0,31.012083333333333,temperature
2023-06-28T00:00:00Z,SUGG,0,31.611666666666668,temperature
2023-06-29T00:00:00Z,SUGG,0,32.428125,temperature
2023-06-30T00:00:00Z,SUGG,0,31.847916666666663,temperature
2023-07-01T00:00:00Z,SUGG,0,31.728541666666665,temperature
2023-07-02T00:00:00Z,SUGG,0,32.583125,temperature
2023-07-03T00:00:00Z,SUGG,0,32.66590909090909,temperature
2023-07-04T00:00:00Z,SUGG,0,32.58675,temperature
2023-07-05T00:00:00Z,SUGG,0,33.76978723404255,temperature
2023-07-06T00:00:00Z,SUGG,0,32.990208333333335,temperature
2023-07-07T00:00:00Z,SUGG,0,32.48083333333334,temperature
2023-07-08T00:00:00Z,SUGG,0,31.571666666666665,temperature
2023-07-09T00:00:00Z,SUGG,0,31.265,temperature
2023-07-10T00:00:00Z,SUGG,0,30.8225,temperature
2023-07-11T00:00:00Z,SUGG,0,29.887083333333333,temperature
2023-07-12T00:00:00Z,SUGG,0,31.145227272727272,temperature
2023-07-13T00:00:00Z,SUGG,0,32.338125,temperature
2023-07-14T00:00:00Z,SUGG,0,32.67395833333333,temperature
2023-07-15T00:00:00Z,SUGG,0,32.07333333333333,temperature
2023-07-16T00:00:00Z,SUGG,0,31.549166666666668,temperature
2023-07-17T00:00:00Z,SUGG,0,30.83020833333333,temperature
2023-07-18T00:00:00Z,SUGG,0,31.786875,temperature
2023-07-19T00:00:00Z,SUGG,0,31.727435897435896,temperature
2023-07-20T00:00:00Z,SUGG,0,35.102000000000004,temperature
2023-07-21T00:00:00Z,SUGG,0,33.7425,temperature
2023-07-22T00:00:00Z,SUGG,0,32.76583333333333,temperature
2023-07-23T00:00:00Z,SUGG,0,31.333125,temperature
2023-07-24T00:00:00Z,SUGG,0,30.530625,temperature
2023-07-25T00:00:00Z,SUGG,0,30.802083333333332,temperature
2023-07-26T00:00:00Z,SUGG,0,31.383333333333333,temperature
2023-07-27T00:00:00Z,SUGG,0,31.505625,temperature
2023-07-28T00:00:00Z,SUGG,0,30.674375,temperature
2023-07-29T00:00:00Z,SUGG,0,31.521875,temperature
2023-07-30T00:00:00Z,SUGG,0,31.598541666666662,temperature
2023-07-31T00:00:00Z,SUGG,0,30.728958333333335,temperature
2023-08-01T00:00:00Z,SUGG,0,31.01630434782609,temperature
2023-08-02T00:00:00Z,SUGG,0,30.711739130434783,temperature
2023-08-03T00:00:00Z,SUGG,0,31.67148936170213,temperature
2023-08-04T00:00:00Z,SUGG,0,31.267916666666668,temperature
2023-08-05T00:00:00Z,SUGG,0,30.555833333333332,temperature
2023-08-06T00:00:00Z,SUGG,0,31.827916666666667,temperature
2023-08-07T00:00:00Z,SUGG,0,32.780625,temperature
2023-08-08T00:00:00Z,SUGG,0,32.99583333333334,temperature
2023-08-09T00:00:00Z,SUGG,0,33.35145833333333,temperature
2023-08-10T00:00:00Z,SUGG,0,33.50020833333333,temperature
2023-08-11T00:00:00Z,SUGG,0,33.636875,temperature
2023-08-12T00:00:00Z,SUGG,0,33.72783783783784,temperature
2023-08-13T00:00:00Z,SUGG,0,34.301,temperature
2023-08-14T00:00:00Z,SUGG,0,33.36953488372093,temperature
2023-08-15T00:00:00Z,SUGG,0,32.488958333333336,temperature
2023-08-16T00:00:00Z,SUGG,0,31.783125,temperature
2023-08-17T00:00:00Z,SUGG,0,31.13458333333333,temperature
2023-08-18T00:00:00Z,SUGG,0,31.491666666666667,temperature
2023-08-19T00:00:00Z,SUGG,0,32.268125,temperature
2023-08-20T00:00:00Z,SUGG,0,30.934791666666666,temperature
2023-08-21T00:00:00Z,SUGG,0,30.863958333333333,temperature
2023-08-22T00:00:00Z,SUGG,0,31.704375,temperature
2023-08-23T00:00:00Z,SUGG,0,31.831666666666667,temperature
2023-08-24T00:00:00Z,SUGG,0,31.14125,temperature
2023-08-25T00:00:00Z,SUGG,0,31.65125,temperature
2023-08-26T00:00:00Z,SUGG,0,32.31979166666667,temperature
2023-08-27T00:00:00Z,SUGG,0,31.607916666666668,temperature
2023-08-28T00:00:00Z,SUGG,0,31.4425,temperature
2023-08-29T00:00:00Z,SUGG,0,31.9075,temperature
2023-08-30T00:00:00Z,SUGG,0,29.973958333333332,temperature
2023-08-31T00:00:00Z,SUGG,0,30.63,temperature
2023-09-01T00:00:00Z,SUGG,0,29.938125,temperature
2023-09-02T00:00:00Z,SUGG,0,29.087916666666665,temperature
2023-09-03T00:00:00Z,SUGG,0,29.320625,temperature
2023-09-04T00:00:00Z,SUGG,0,29.945416666666667,temperature
2023-09-05T00:00:00Z,SUGG,0,30.621666666666663,temperature
2023-09-06T00:00:00Z,SUGG,0,31.41851063829787,temperature
2023-09-07T00:00:00Z,SUGG,0,32.03395833333333,temperature
2023-09-08T00:00:00Z,SUGG,0,30.695625,temperature
2023-09-09T00:00:00Z,SUGG,0,29.477708333333332,temperature
2023-09-10T00:00:00Z,SUGG,0,30.530833333333337,temperature
2023-09-11T00:00:00Z,SUGG,0,31.047083333333333,temperature
2023-09-12T00:00:00Z,SUGG,0,30.34212765957447,temperature
2023-09-13T00:00:00Z,SUGG,0,31.154791666666668,temperature
2023-09-14T00:00:00Z,SUGG,0,31.082916666666662,temperature
2023-09-15T00:00:00Z,SUGG,0,30.78625,temperature
2023-09-16T00:00:00Z,SUGG,0,29.793958333333332,temperature
2023-09-17T00:00:00Z,SUGG,0,29.562291666666667,temperature
2023-09-18T00:00:00Z,SUGG,0,30.010416666666668,temperature
2023-09-19T00:00:00Z,SUGG,0,29.423958333333335,temperature
2023-09-20T00:00:00Z,SUGG,0,28.851458333333333,temperature
2023-09-21T00:00:00Z,SUGG,0,28.858958333333337,temperature
2023-09-22T00:00:00Z,SUGG,0,28.65125,temperature
2023-09-23T00:00:00Z,SUGG,0,28.663333333333338,temperature
2023-09-24T00:00:00Z,SUGG,0,29.639375,temperature
2023-09-25T00:00:00Z,SUGG,0,28.870833333333337,temperature
2023-09-26T00:00:00Z,SUGG,0,28.221458333333334,temperature
2023-09-27T00:00:00Z,SUGG,0,28.167083333333338,temperature
2023-09-28T00:00:00Z,SUGG,0,27.305,temperature
2023-09-29T00:00:00Z,SUGG,0,26.437291666666667,temperature
2023-09-30T00:00:00Z,SUGG,0,26.346666666666668,temperature
2023-10-01T00:00:00Z,SUGG,0,26.16125,temperature
2023-10-02T00:00:00Z,SUGG,0,26.144166666666667,temperature
2023-10-03T00:00:00Z,SUGG,0,26.155625,temperature
2023-10-04T00:00:00Z,SUGG,0,26.237083333333334,temperature
2023-10-05T00:00:00Z,SUGG,0,26.581041666666668,temperature
2023-10-06T00:00:00Z,SUGG,0,27.407708333333332,temperature
2023-10-07T00:00:00Z,SUGG,0,27.692708333333332,temperature
2023-10-08T00:00:00Z,SUGG,0,26.011458333333337,temperature
2023-10-09T00:00:00Z,SUGG,0,24.913958333333333,temperature
2023-10-10T00:00:00Z,SUGG,0,25.167391304347827,temperature
2023-10-11T00:00:00Z,SUGG,0,24.525625,temperature
2023-10-12T00:00:00Z,SUGG,0,23.934375,temperature
2023-10-13T00:00:00Z,SUGG,0,25.781458333333333,temperature
2023-10-14T00:00:00Z,SUGG,0,26.017083333333332,temperature
2023-10-15T00:00:00Z,SUGG,0,24.938125,temperature
2023-10-16T00:00:00Z,SUGG,0,24.060208333333332,temperature
2023-10-17T00:00:00Z,SUGG,0,23.26,temperature
2023-10-18T00:00:00Z,SUGG,0,22.974375,temperature
2023-10-19T00:00:00Z,SUGG,0,23.609583333333333,temperature
2023-10-20T00:00:00Z,SUGG,0,23.203541666666663,temperature
2023-10-21T00:00:00Z,SUGG,0,23.239375,temperature
2023-10-22T00:00:00Z,SUGG,0,23.415208333333332,temperature
2023-10-23T00:00:00Z,SUGG,0,23.270625,temperature
2023-10-24T00:00:00Z,SUGG,0,22.91875,temperature
2023-10-25T00:00:00Z,SUGG,0,23.235833333333332,temperature
2023-10-26T00:00:00Z,SUGG,0,23.671875,temperature
2023-10-27T00:00:00Z,SUGG,0,23.9275,temperature
2023-10-28T00:00:00Z,SUGG,0,24.000625,temperature
2023-10-29T00:00:00Z,SUGG,0,24.505625,temperature
2023-10-30T00:00:00Z,SUGG,0,25.158958333333334,temperature
2023-10-31T00:00:00Z,SUGG,0,25.319791666666667,temperature
2023-11-01T00:00:00Z,SUGG,0,24.13875,temperature
2023-11-02T00:00:00Z,SUGG,0,21.91875,temperature
2023-11-03T00:00:00Z,SUGG,0,21.077083333333334,temperature
2023-11-04T00:00:00Z,SUGG,0,20.59979166666667,temperature
2023-11-05T00:00:00Z,SUGG,0,20.406666666666663,temperature
2023-11-06T00:00:00Z,SUGG,0,20.784893617021275,temperature
2023-11-07T00:00:00Z,SUGG,0,21.664375,temperature
2023-11-08T00:00:00Z,SUGG,0,21.960416666666667,temperature
2023-11-09T00:00:00Z,SUGG,0,22.306041666666665,temperature
2023-11-10T00:00:00Z,SUGG,0,22.904166666666665,temperature
2023-11-11T00:00:00Z,SUGG,0,23.108125,temperature
2023-11-12T00:00:00Z,SUGG,0,21.83125,temperature
2023-11-13T00:00:00Z,SUGG,0,20.369583333333335,temperature
2023-11-14T00:00:00Z,SUGG,0,19.840625,temperature
2023-11-15T00:00:00Z,SUGG,0,19.73625,temperature
2023-11-21T00:00:00Z,SUGG,0,22.36625,temperature
2023-11-22T00:00:00Z,SUGG,0,21.573541666666667,temperature
2023-11-23T00:00:00Z,SUGG,0,20.525416666666665,temperature
2023-11-24T00:00:00Z,SUGG,0,19.622083333333332,temperature
2023-11-25T00:00:00Z,SUGG,0,19.107083333333332,temperature
2023-11-26T00:00:00Z,SUGG,0,18.901666666666667,temperature
2023-11-27T00:00:00Z,SUGG,0,18.742083333333333,temperature
2023-11-28T00:00:00Z,SUGG,0,17.965,temperature
2023-11-29T00:00:00Z,SUGG,0,16.968947368421052,temperature
2023-11-30T00:00:00Z,SUGG,0,16.293333333333333,temperature
2023-12-01T00:00:00Z,SUGG,0,16.922444444444444,temperature
2023-12-02T00:00:00Z,SUGG,0,19.09875,temperature
2023-12-03T00:00:00Z,SUGG,0,20.434791666666666,temperature
2023-12-04T00:00:00Z,SUGG,0,20.039791666666662,temperature
2023-12-05T00:00:00Z,SUGG,0,18.904375,temperature
2023-12-06T00:00:00Z,SUGG,0,17.447916666666668,temperature
2023-12-07T00:00:00Z,SUGG,0,17.1325,temperature
2023-12-08T00:00:00Z,SUGG,0,16.8275,temperature
2023-12-09T00:00:00Z,SUGG,0,17.609375,temperature
2023-12-10T00:00:00Z,SUGG,0,18.495833333333337,temperature
2023-12-11T00:00:00Z,SUGG,0,17.675416666666667,temperature
2023-12-12T00:00:00Z,SUGG,0,16.593541666666667,temperature
2023-12-13T00:00:00Z,SUGG,0,16.23875,temperature
2023-12-14T00:00:00Z,SUGG,0,15.807291666666666,temperature
2023-12-15T00:00:00Z,SUGG,0,15.905,temperature
2023-12-16T00:00:00Z,SUGG,0,16.036666666666665,temperature
2023-12-17T00:00:00Z,SUGG,0,16.597916666666666,temperature
2023-12-18T00:00:00Z,SUGG,0,16.750625,temperature
2023-12-19T00:00:00Z,SUGG,0,16.081458333333334,temperature
2023-12-20T00:00:00Z,SUGG,0,14.998125,temperature
2023-12-21T00:00:00Z,SUGG,0,14.748125,temperature
2023-12-22T00:00:00Z,SUGG,0,15.119375,temperature
2023-12-23T00:00:00Z,SUGG,0,15.60375,temperature
2023-12-24T00:00:00Z,SUGG,0,15.776458333333332,temperature
2023-12-25T00:00:00Z,SUGG,0,16.2175,temperature
2023-12-26T00:00:00Z,SUGG,0,17.436666666666667,temperature
2023-12-27T00:00:00Z,SUGG,0,17.734583333333333,temperature
2023-12-28T00:00:00Z,SUGG,0,17.082916666666666,temperature
2023-12-29T00:00:00Z,SUGG,0,16.076666666666668,temperature
2023-12-30T00:00:00Z,SUGG,0,15.301041666666666,temperature
2023-12-31T00:00:00Z,SUGG,0,15.077291666666667,temperature
2024-01-01T00:00:00Z,SUGG,0,14.918541666666666,temperature
2024-01-02T00:00:00Z,SUGG,0,14.904166666666669,temperature
2024-01-03T00:00:00Z,SUGG,0,14.2984375,temperature
2024-01-04T00:00:00Z,SUGG,0,12.869,temperature
2024-01-05T00:00:00Z,SUGG,0,11.675,temperature
2024-01-06T00:00:00Z,SUGG,0,16.239285714285714,temperature
2024-01-07T00:00:00Z,SUGG,0,13.686428571428571,temperature
2024-01-08T00:00:00Z,SUGG,0,12.327708333333334,temperature
2024-01-09T00:00:00Z,SUGG,0,15.566170212765956,temperature
2024-01-10T00:00:00Z,SUGG,0,12.8845,temperature
2024-01-11T00:00:00Z,SUGG,0,12.470416666666669,temperature
2024-01-12T00:00:00Z,SUGG,0,15.346458333333333,temperature
2024-01-13T00:00:00Z,SUGG,0,15.799166666666666,temperature
2024-01-14T00:00:00Z,SUGG,0,14.943958333333333,temperature
2024-01-15T00:00:00Z,SUGG,0,14.903958333333334,temperature
2024-01-16T00:00:00Z,SUGG,0,16.241458333333334,temperature
2024-01-17T00:00:00Z,SUGG,0,14.328222222222225,temperature
2024-01-18T00:00:00Z,SUGG,0,13.624375,temperature
2024-01-19T00:00:00Z,SUGG,0,13.613958333333333,temperature
2024-01-20T00:00:00Z,SUGG,0,13.4675,temperature
2024-01-21T00:00:00Z,SUGG,0,12.247291666666667,temperature
2024-01-22T00:00:00Z,SUGG,0,11.766666666666667,temperature
2024-01-23T00:00:00Z,SUGG,0,12.686875,temperature
2024-01-24T00:00:00Z,SUGG,0,14.215833333333334,temperature
2024-01-25T00:00:00Z,SUGG,0,16.492708333333333,temperature
2024-01-26T00:00:00Z,SUGG,0,19.220625,temperature
2024-01-27T00:00:00Z,SUGG,0,20.260833333333338,temperature
2024-01-28T00:00:00Z,SUGG,0,19.607083333333332,temperature
2024-01-29T00:00:00Z,SUGG,0,17.434791666666666,temperature
2024-01-30T00:00:00Z,SUGG,0,16.715625,temperature
2024-01-31T00:00:00Z,SUGG,0,16.204791666666665,temperature
2024-02-01T00:00:00Z,SUGG,0,16.138958333333335,temperature
2024-02-02T00:00:00Z,SUGG,0,16.072857142857142,temperature
2024-02-06T00:00:00Z,SUGG,0,16.039166666666667,temperature
2024-02-07T00:00:00Z,SUGG,0,15.4,temperature
2024-02-08T00:00:00Z,SUGG,0,15.387916666666667,temperature
2024-02-09T00:00:00Z,SUGG,0,16.51375,temperature
2024-02-10T00:00:00Z,SUGG,0,17.354791666666667,temperature
2024-02-11T00:00:00Z,SUGG,0,17.941041666666667,temperature
2024-02-12T00:00:00Z,SUGG,0,18.536875,temperature
2024-02-13T00:00:00Z,SUGG,0,18.104565217391304,temperature
2024-02-14T00:00:00Z,SUGG,0,17.58075,temperature
2024-02-15T00:00:00Z,SUGG,0,18.356470588235293,temperature
2024-02-16T00:00:00Z,SUGG,0,17.620208333333334,temperature
2024-02-17T00:00:00Z,SUGG,0,17.628125,temperature
2024-02-18T00:00:00Z,SUGG,0,16.600208333333335,temperature
2024-02-19T00:00:00Z,SUGG,0,16.108333333333334,temperature
2024-02-20T00:00:00Z,SUGG,0,16.62333333333333,temperature
2024-02-21T00:00:00Z,SUGG,0,16.280833333333334,temperature
2024-02-22T00:00:00Z,SUGG,0,16.636458333333334,temperature
2024-02-23T00:00:00Z,SUGG,0,16.6025,temperature
2024-02-24T00:00:00Z,SUGG,0,16.354375,temperature
2024-02-25T00:00:00Z,SUGG,0,17.07875,temperature
2024-02-26T00:00:00Z,SUGG,0,17.845,temperature
2024-02-27T00:00:00Z,SUGG,0,18.063125,temperature
2024-02-28T00:00:00Z,SUGG,0,18.533333333333335,temperature
2024-02-29T00:00:00Z,SUGG,0,19.124166666666667,temperature
2024-03-01T00:00:00Z,SUGG,0,18.913125,temperature
2024-03-02T00:00:00Z,SUGG,0,20.320625,temperature
2024-03-03T00:00:00Z,SUGG,0,21.039583333333333,temperature
2024-03-04T00:00:00Z,SUGG,0,21.2845,temperature
2024-03-05T00:00:00Z,SUGG,0,21.59,temperature
2024-03-06T00:00:00Z,SUGG,0,21.607916666666668,temperature
2024-03-07T00:00:00Z,SUGG,0,22.984166666666667,temperature
2024-03-08T00:00:00Z,SUGG,0,22.498541666666668,temperature
2024-03-09T00:00:00Z,SUGG,0,22.824375,temperature
2024-03-10T00:00:00Z,SUGG,0,22.821666666666665,temperature
2024-03-11T00:00:00Z,SUGG,0,21.52875,temperature
2024-03-12T00:00:00Z,SUGG,0,21.913958333333333,temperature
2024-03-13T00:00:00Z,SUGG,0,22.883125,temperature
2024-03-14T00:00:00Z,SUGG,0,23.386875,temperature
2024-03-15T00:00:00Z,SUGG,0,23.15125,temperature
2024-03-16T00:00:00Z,SUGG,0,23.877916666666668,temperature
2024-03-17T00:00:00Z,SUGG,0,24.8025,temperature
2024-03-18T00:00:00Z,SUGG,0,24.54083333333333,temperature
2024-03-19T00:00:00Z,SUGG,0,21.99395833333333,temperature
2024-03-20T00:00:00Z,SUGG,0,21.368125,temperature
2024-03-21T00:00:00Z,SUGG,0,21.394166666666667,temperature
2024-03-22T00:00:00Z,SUGG,0,21.06625,temperature
2024-03-23T00:00:00Z,SUGG,0,21.129375,temperature
2024-03-24T00:00:00Z,SUGG,0,20.971666666666668,temperature
2024-03-25T00:00:00Z,SUGG,0,20.388333333333332,temperature
2024-03-26T00:00:00Z,SUGG,0,21.232291666666665,temperature
2024-03-27T00:00:00Z,SUGG,0,22.120416666666667,temperature
2024-03-28T00:00:00Z,SUGG,0,21.528125,temperature
2024-03-29T00:00:00Z,SUGG,0,21.970625,temperature
2024-03-30T00:00:00Z,SUGG,0,22.372708333333332,temperature
2024-03-31T00:00:00Z,SUGG,0,22.732083333333332,temperature
2024-04-01T00:00:00Z,SUGG,0,23.228125,temperature
2024-04-02T00:00:00Z,SUGG,0,23.894583333333333,temperature
2024-04-03T00:00:00Z,SUGG,0,23.328541666666663,temperature
2024-04-04T00:00:00Z,SUGG,0,21.971875,temperature
2024-04-05T00:00:00Z,SUGG,0,21.695833333333333,temperature
2024-04-06T00:00:00Z,SUGG,0,22.070625,temperature
2024-04-07T00:00:00Z,SUGG,0,22.034791666666667,temperature
2024-04-08T00:00:00Z,SUGG,0,22.169791666666665,temperature
2024-04-09T00:00:00Z,SUGG,0,22.599375,temperature
2024-04-10T00:00:00Z,SUGG,0,22.91,temperature
2024-04-11T00:00:00Z,SUGG,0,22.785416666666663,temperature
2024-04-12T00:00:00Z,SUGG,0,22.378958333333333,temperature
2024-04-13T00:00:00Z,SUGG,0,22.645,temperature
2024-04-14T00:00:00Z,SUGG,0,24.450416666666666,temperature
2024-04-15T00:00:00Z,SUGG,0,26.550416666666667,temperature
2024-04-16T00:00:00Z,SUGG,0,26.082291666666663,temperature
2024-04-17T00:00:00Z,SUGG,0,25.55,temperature
2024-04-18T00:00:00Z,SUGG,0,28.032916666666665,temperature
2024-04-19T00:00:00Z,SUGG,0,28.531458333333333,temperature
2024-04-20T00:00:00Z,SUGG,0,28.439583333333335,temperature
2024-04-21T00:00:00Z,SUGG,0,27.126041666666666,temperature
2024-04-22T00:00:00Z,SUGG,0,25.366041666666668,temperature
2024-04-23T00:00:00Z,SUGG,0,24.279166666666665,temperature
2024-04-24T00:00:00Z,SUGG,0,24.95875,temperature
2024-04-25T00:00:00Z,SUGG,0,26.858958333333337,temperature
2024-04-26T00:00:00Z,SUGG,0,26.50375,temperature
2024-04-27T00:00:00Z,SUGG,0,24.913125,temperature
2024-04-28T00:00:00Z,SUGG,0,24.221041666666668,temperature
2024-04-29T00:00:00Z,SUGG,0,24.712083333333332,temperature
2024-04-30T00:00:00Z,SUGG,0,25.966041666666666,temperature
2024-05-01T00:00:00Z,SUGG,0,28.44708333333333,temperature
2024-05-02T00:00:00Z,SUGG,0,29.160833333333333,temperature
2024-05-03T00:00:00Z,SUGG,0,28.74020833333333,temperature
2024-05-04T00:00:00Z,SUGG,0,28.48604166666667,temperature
2024-05-05T00:00:00Z,SUGG,0,28.643333333333334,temperature
2024-05-06T00:00:00Z,SUGG,0,28.916875,temperature
2024-05-07T00:00:00Z,SUGG,0,29.495208333333338,temperature
2024-05-08T00:00:00Z,SUGG,0,30.296041666666667,temperature
2024-05-09T00:00:00Z,SUGG,0,30.311666666666667,temperature
2024-05-10T00:00:00Z,SUGG,0,28.967916666666667,temperature
2024-05-11T00:00:00Z,SUGG,0,28.487291666666668,temperature
2024-05-12T00:00:00Z,SUGG,0,28.24041666666667,temperature
2024-05-13T00:00:00Z,SUGG,0,27.079583333333332,temperature
2024-05-14T00:00:00Z,SUGG,0,26.329166666666666,temperature
2024-05-15T00:00:00Z,SUGG,0,27.067083333333333,temperature
2024-05-16T00:00:00Z,SUGG,0,28.289791666666662,temperature
2024-05-17T00:00:00Z,SUGG,0,29.239166666666662,temperature
2024-05-18T00:00:00Z,SUGG,0,28.732083333333332,temperature
2024-05-19T00:00:00Z,SUGG,0,28.17375,temperature
2024-05-20T00:00:00Z,SUGG,0,28.231875,temperature
2024-05-21T00:00:00Z,SUGG,0,27.903958333333332,temperature
2024-05-22T00:00:00Z,SUGG,0,28.443125,temperature
2024-05-23T00:00:00Z,SUGG,0,29.2375,temperature
2024-05-24T00:00:00Z,SUGG,0,30.155208333333334,temperature
2024-05-25T00:00:00Z,SUGG,0,30.952916666666667,temperature
2024-05-26T00:00:00Z,SUGG,0,31.59,temperature
2024-05-27T00:00:00Z,SUGG,0,31.897916666666667,temperature
2024-05-28T00:00:00Z,SUGG,0,31.341041666666666,temperature
2024-05-29T00:00:00Z,SUGG,0,31.365348837209304,temperature
2024-05-30T00:00:00Z,SUGG,0,30.595416666666665,temperature
2024-05-31T00:00:00Z,SUGG,0,29.97625,temperature
2024-06-01T00:00:00Z,SUGG,0,28.9,temperature
2024-06-02T00:00:00Z,SUGG,0,28.462083333333332,temperature
2024-06-03T00:00:00Z,SUGG,0,28.260625,temperature
2024-06-04T00:00:00Z,SUGG,0,28.297708333333333,temperature
2024-06-05T00:00:00Z,SUGG,0,29.511041666666667,temperature
2024-06-06T00:00:00Z,SUGG,0,29.877291666666668,temperature
2024-06-07T00:00:00Z,SUGG,0,31.005625,temperature
2024-06-08T00:00:00Z,SUGG,0,31.641702127659578,temperature
2024-06-09T00:00:00Z,SUGG,0,32.418125,temperature
2024-06-10T00:00:00Z,SUGG,0,32.03458333333333,temperature
2024-06-11T00:00:00Z,SUGG,0,31.816666666666663,temperature
2024-06-12T00:00:00Z,SUGG,0,31.435,temperature
2024-06-13T00:00:00Z,SUGG,0,31.304375,temperature
2024-06-14T00:00:00Z,SUGG,0,31.01625,temperature
2024-06-15T00:00:00Z,SUGG,0,31.356875,temperature
2024-06-16T00:00:00Z,SUGG,0,31.176458333333333,temperature
2024-06-17T00:00:00Z,SUGG,0,30.708333333333332,temperature
2024-06-18T00:00:00Z,SUGG,0,30.052708333333335,temperature
2024-06-19T00:00:00Z,SUGG,0,29.496875,temperature
2024-06-20T00:00:00Z,SUGG,0,29.212553191489363,temperature
2024-06-21T00:00:00Z,SUGG,0,29.432291666666668,temperature
2024-06-22T00:00:00Z,SUGG,0,30.875416666666663,temperature
2024-06-23T00:00:00Z,SUGG,0,31.067291666666662,temperature
2024-06-24T00:00:00Z,SUGG,0,31.438333333333333,temperature
2024-06-25T00:00:00Z,SUGG,0,31.59375,temperature
2024-06-26T00:00:00Z,SUGG,0,31.4225,temperature
2024-06-27T00:00:00Z,SUGG,0,31.48229166666667,temperature
2024-06-28T00:00:00Z,SUGG,0,31.611041666666665,temperature
2024-06-29T00:00:00Z,SUGG,0,30.7075,temperature
2024-06-30T00:00:00Z,SUGG,0,31.044583333333332,temperature
2024-07-01T00:00:00Z,SUGG,0,31.363958333333333,temperature
2024-07-02T00:00:00Z,SUGG,0,32.33291666666667,temperature
2024-07-03T00:00:00Z,SUGG,0,32.00782608695652,temperature
2024-07-04T00:00:00Z,SUGG,0,32.60270833333333,temperature
2024-07-05T00:00:00Z,SUGG,0,32.038333333333334,temperature
2024-07-06T00:00:00Z,SUGG,0,32.16041666666667,temperature
2024-07-07T00:00:00Z,SUGG,0,32.49395833333333,temperature
2024-07-08T00:00:00Z,SUGG,0,32.26708333333333,temperature
2024-07-09T00:00:00Z,SUGG,0,31.186875,temperature
2024-07-10T00:00:00Z,SUGG,0,31.114583333333332,temperature
2024-07-11T00:00:00Z,SUGG,0,31.17791666666667,temperature
2024-07-12T00:00:00Z,SUGG,0,32.189375,temperature
2024-07-13T00:00:00Z,SUGG,0,32.860416666666666,temperature
2024-07-14T00:00:00Z,SUGG,0,32.59361702127659,temperature
2024-07-15T00:00:00Z,SUGG,0,31.7575,temperature
2024-07-16T00:00:00Z,SUGG,0,31.425744680851064,temperature
2024-07-17T00:00:00Z,SUGG,0,31.377916666666668,temperature
2024-07-18T00:00:00Z,SUGG,0,31.880416666666665,temperature
2024-07-19T00:00:00Z,SUGG,0,31.958958333333335,temperature
2024-07-20T00:00:00Z,SUGG,0,31.730208333333337,temperature
2024-07-21T00:00:00Z,SUGG,0,31.741875,temperature
2024-07-22T00:00:00Z,SUGG,0,31.523541666666667,temperature
2024-07-23T00:00:00Z,SUGG,0,32.108958333333334,temperature
2024-07-24T00:00:00Z,SUGG,0,32.219791666666666,temperature
2024-07-25T00:00:00Z,SUGG,0,31.52520833333333,temperature
2024-07-26T00:00:00Z,SUGG,0,31.334375,temperature
2024-07-27T00:00:00Z,SUGG,0,30.868958333333335,temperature
2024-07-28T00:00:00Z,SUGG,0,29.91125,temperature
2024-07-29T00:00:00Z,SUGG,0,30.400416666666665,temperature
2024-07-30T00:00:00Z,SUGG,0,31.57875,temperature
2024-07-31T00:00:00Z,SUGG,0,31.74531914893617,temperature
2024-08-01T00:00:00Z,SUGG,0,31.468541666666667,temperature
2024-08-02T00:00:00Z,SUGG,0,31.868333333333332,temperature
2024-08-03T00:00:00Z,SUGG,0,31.650625,temperature
2024-08-04T00:00:00Z,SUGG,0,30.762291666666663,temperature
2024-08-05T00:00:00Z,SUGG,0,28.535,temperature
2024-08-06T00:00:00Z,SUGG,0,27.109166666666667,temperature
2024-08-07T00:00:00Z,SUGG,0,27.804583333333333,temperature
2024-08-08T00:00:00Z,SUGG,0,29.916976744186048,temperature
2024-08-09T00:00:00Z,SUGG,0,31.346666666666668,temperature
2024-08-10T00:00:00Z,SUGG,0,31.236875,temperature
2024-08-11T00:00:00Z,SUGG,0,30.941458333333333,temperature
2024-08-12T00:00:00Z,SUGG,0,31.831875,temperature
2024-08-13T00:00:00Z,SUGG,0,32.584583333333335,temperature
2024-08-14T00:00:00Z,SUGG,0,32.97020833333333,temperature
2024-08-15T00:00:00Z,SUGG,0,31.836041666666667,temperature
2024-08-16T00:00:00Z,SUGG,0,30.910833333333333,temperature
2024-08-17T00:00:00Z,SUGG,0,31.01375,temperature
2024-08-18T00:00:00Z,SUGG,0,31.754583333333333,temperature
2024-08-19T00:00:00Z,SUGG,0,31.601666666666667,temperature
2024-08-20T00:00:00Z,SUGG,0,31.631914893617022,temperature
2024-08-21T00:00:00Z,SUGG,0,32.62826086956522,temperature
2024-08-22T00:00:00Z,SUGG,0,31.045416666666668,temperature
2024-08-23T00:00:00Z,SUGG,0,30.385625,temperature
2024-08-24T00:00:00Z,SUGG,0,29.902083333333337,temperature
2024-08-25T00:00:00Z,SUGG,0,30.938125,temperature
2024-08-26T00:00:00Z,SUGG,0,30.855416666666667,temperature
2024-08-27T00:00:00Z,SUGG,0,31.058541666666667,temperature
2024-08-28T00:00:00Z,SUGG,0,30.929166666666667,temperature
2024-08-29T00:00:00Z,SUGG,0,30.897083333333335,temperature
2024-08-30T00:00:00Z,SUGG,0,31.12,temperature
2024-08-31T00:00:00Z,SUGG,0,30.992916666666662,temperature
2024-09-01T00:00:00Z,SUGG,0,31.101041666666667,temperature
2024-09-02T00:00:00Z,SUGG,0,31.851666666666667,temperature
2024-09-03T00:00:00Z,SUGG,0,31.332916666666662,temperature
2024-09-04T00:00:00Z,SUGG,0,30.057872340425533,temperature
2024-09-05T00:00:00Z,SUGG,0,30.316976744186046,temperature
2024-09-06T00:00:00Z,SUGG,0,30.605,temperature
2024-09-07T00:00:00Z,SUGG,0,30.107083333333332,temperature
2024-09-08T00:00:00Z,SUGG,0,29.7275,temperature
2024-09-09T00:00:00Z,SUGG,0,29.24148936170213,temperature
2024-09-10T00:00:00Z,SUGG,0,29.023333333333333,temperature
2024-09-11T00:00:00Z,SUGG,0,28.602916666666665,temperature
2024-09-12T00:00:00Z,SUGG,0,28.107083333333332,temperature
2024-09-13T00:00:00Z,SUGG,0,27.818333333333335,temperature
2024-09-14T00:00:00Z,SUGG,0,28.241666666666667,temperature
2024-09-15T00:00:00Z,SUGG,0,28.246875,temperature
2024-09-16T00:00:00Z,SUGG,0,27.75625,temperature
2024-09-17T00:00:00Z,SUGG,0,29.094791666666666,temperature
2024-09-18T00:00:00Z,SUGG,0,29.573958333333337,temperature
2024-09-19T00:00:00Z,SUGG,0,29.055925925925926,temperature
2024-10-01T00:00:00Z,SUGG,0,30.33962962962963,temperature
2024-10-02T00:00:00Z,SUGG,0,29.913958333333333,temperature
2024-10-03T00:00:00Z,SUGG,0,29.205,temperature
2024-10-04T00:00:00Z,SUGG,0,28.94875,temperature
2024-10-05T00:00:00Z,SUGG,0,28.675625,temperature
2024-10-06T00:00:00Z,SUGG,0,27.784166666666668,temperature
2024-10-07T00:00:00Z,SUGG,0,26.9925,temperature
2024-10-08T00:00:00Z,SUGG,0,26.71608695652174,temperature
2024-10-09T00:00:00Z,SUGG,0,26.3575,temperature
2024-10-10T00:00:00Z,SUGG,0,24.88,temperature
2024-10-11T00:00:00Z,SUGG,0,24.317708333333332,temperature
2024-10-12T00:00:00Z,SUGG,0,24.592083333333335,temperature
2024-10-13T00:00:00Z,SUGG,0,25.699166666666667,temperature
2024-10-14T00:00:00Z,SUGG,0,25.505416666666665,temperature
2024-10-15T00:00:00Z,SUGG,0,25.922083333333333,temperature
2024-10-16T00:00:00Z,SUGG,0,24.712291666666665,temperature
2024-10-17T00:00:00Z,SUGG,0,22.306875,temperature
2024-10-18T00:00:00Z,SUGG,0,21.426458333333333,temperature
2024-10-19T00:00:00Z,SUGG,0,21.338541666666668,temperature
2024-10-20T00:00:00Z,SUGG,0,21.436875,temperature
2024-10-21T00:00:00Z,SUGG,0,21.629583333333333,temperature
2024-10-22T00:00:00Z,SUGG,0,22.30375,temperature
2024-10-23T00:00:00Z,SUGG,0,23.143541666666668,temperature
2024-10-24T00:00:00Z,SUGG,0,24.20127659574468,temperature
2024-10-25T00:00:00Z,SUGG,0,25.39063829787234,temperature
2024-10-26T00:00:00Z,SUGG,0,25.130625,temperature
2024-10-27T00:00:00Z,SUGG,0,24.93375,temperature
2024-10-28T00:00:00Z,SUGG,0,24.13978260869565,temperature
2024-10-29T00:00:00Z,SUGG,0,23.145416666666662,temperature
2024-10-30T00:00:00Z,SUGG,0,23.570416666666667,temperature
2024-10-31T00:00:00Z,SUGG,0,23.859583333333333,temperature
2024-11-01T00:00:00Z,SUGG,0,24.293125,temperature
2024-11-02T00:00:00Z,SUGG,0,24.274166666666662,temperature
2024-11-03T00:00:00Z,SUGG,0,24.285625,temperature
2024-11-04T00:00:00Z,SUGG,0,24.473958333333332,temperature
2024-11-05T00:00:00Z,SUGG,0,24.522291666666668,temperature
2024-11-06T00:00:00Z,SUGG,0,25.00375,temperature
2024-11-07T00:00:00Z,SUGG,0,25.542708333333337,temperature
2024-11-08T00:00:00Z,SUGG,0,26.054166666666667,temperature
2024-11-09T00:00:00Z,SUGG,0,25.718333333333337,temperature
2024-11-10T00:00:00Z,SUGG,0,25.183333333333337,temperature
2024-11-11T00:00:00Z,SUGG,0,25.75340425531915,temperature
2024-11-12T00:00:00Z,SUGG,0,25.904583333333335,temperature
2024-11-13T00:00:00Z,SUGG,0,24.941,temperature
2024-11-19T00:00:00Z,SUGG,0,22.646,temperature
2024-11-20T00:00:00Z,SUGG,0,22.473125,temperature
2024-11-21T00:00:00Z,SUGG,0,21.81,temperature
2024-11-22T00:00:00Z,SUGG,0,20.261666666666667,temperature
2024-11-23T00:00:00Z,SUGG,0,19.105416666666667,temperature
2024-11-24T00:00:00Z,SUGG,0,19.105625,temperature
2024-11-25T00:00:00Z,SUGG,0,19.461666666666662,temperature
2024-11-26T00:00:00Z,SUGG,0,18.962291666666665,temperature
2024-11-27T00:00:00Z,SUGG,0,19.406875,temperature
2024-11-28T00:00:00Z,SUGG,0,19.816666666666663,temperature
2024-11-29T00:00:00Z,SUGG,0,19.791458333333335,temperature
2024-11-30T00:00:00Z,SUGG,0,17.916666666666668,temperature
2024-12-01T00:00:00Z,SUGG,0,16.826875,temperature
2024-12-02T00:00:00Z,SUGG,0,16.158333333333335,temperature
2024-12-03T00:00:00Z,SUGG,0,15.441041666666669,temperature
2024-12-04T00:00:00Z,SUGG,0,14.891041666666666,temperature
2024-12-05T00:00:00Z,SUGG,0,14.758333333333333,temperature
2024-12-06T00:00:00Z,SUGG,0,15.419583333333334,temperature
2024-12-07T00:00:00Z,SUGG,0,14.656875,temperature
2024-12-08T00:00:00Z,SUGG,0,14.919583333333334,temperature
2024-12-09T00:00:00Z,SUGG,0,15.7275,temperature
2024-12-10T00:00:00Z,SUGG,0,16.173333333333332,temperature
2024-12-11T00:00:00Z,SUGG,0,16.8075,temperature
2024-12-12T00:00:00Z,SUGG,0,15.430833333333334,temperature
2024-12-13T00:00:00Z,SUGG,0,14.778958333333334,temperature
2024-12-14T00:00:00Z,SUGG,0,15.333541666666669,temperature
2024-12-15T00:00:00Z,SUGG,0,16.209583333333335,temperature
2024-12-16T00:00:00Z,SUGG,0,16.720416666666665,temperature
2024-12-17T00:00:00Z,SUGG,0,18.11541666666667,temperature
2024-12-18T00:00:00Z,SUGG,0,19.66090909090909,temperature
2024-12-19T00:00:00Z,SUGG,0,20.562708333333333,temperature
2024-12-20T00:00:00Z,SUGG,0,19.52875,temperature
2024-12-21T00:00:00Z,SUGG,0,17.478541666666665,temperature
2024-12-22T00:00:00Z,SUGG,0,16.083125,temperature
2024-12-23T00:00:00Z,SUGG,0,15.535,temperature
2024-12-24T00:00:00Z,SUGG,0,15.151666666666667,temperature
2024-12-25T00:00:00Z,SUGG,0,14.692916666666669,temperature
2024-12-26T00:00:00Z,SUGG,0,14.880833333333332,temperature
2024-12-27T00:00:00Z,SUGG,0,15.333125,temperature
2024-12-28T00:00:00Z,SUGG,0,16.49125,temperature
2024-12-29T00:00:00Z,SUGG,0,17.496458333333333,temperature
2024-12-30T00:00:00Z,SUGG,0,18.395416666666662,temperature
2024-12-31T00:00:00Z,SUGG,0,19.47625,temperature
2025-01-01T00:00:00Z,SUGG,0,18.767291666666665,temperature
2025-01-02T00:00:00Z,SUGG,0,17.486041666666665,temperature
2025-01-03T00:00:00Z,SUGG,0,16.606666666666666,temperature
2025-01-04T00:00:00Z,SUGG,0,15.767916666666666,temperature
2025-01-05T00:00:00Z,SUGG,0,15.445208333333332,temperature
2025-01-06T00:00:00Z,SUGG,0,15.377083333333331,temperature
2025-01-07T00:00:00Z,SUGG,0,14.484791666666666,temperature
2025-01-08T00:00:00Z,SUGG,0,13.522291666666666,temperature
2025-01-09T00:00:00Z,SUGG,0,12.66375,temperature
2025-01-10T00:00:00Z,SUGG,0,12.216041666666667,temperature
2025-01-11T00:00:00Z,SUGG,0,12.913125,temperature
2025-01-12T00:00:00Z,SUGG,0,12.496875,temperature
2025-01-13T00:00:00Z,SUGG,0,12.610975609756098,temperature
2025-01-14T00:00:00Z,SUGG,0,12.219761904761905,temperature
2025-01-15T00:00:00Z,SUGG,0,12.151666666666667,temperature
2025-01-16T00:00:00Z,SUGG,0,12.238125,temperature
2025-01-17T00:00:00Z,SUGG,0,12.68125,temperature
2025-01-18T00:00:00Z,SUGG,0,13.520625,temperature
2025-01-19T00:00:00Z,SUGG,0,14.405208333333333,temperature
2025-01-20T00:00:00Z,SUGG,0,13.41125,temperature
2025-01-21T00:00:00Z,SUGG,0,12.348333333333333,temperature
2025-01-22T00:00:00Z,SUGG,0,10.901666666666667,temperature
2025-01-23T00:00:00Z,SUGG,0,10.029791666666666,temperature
2025-01-24T00:00:00Z,SUGG,0,9.802708333333332,temperature
2025-01-25T00:00:00Z,SUGG,0,9.701458333333331,temperature
2025-01-26T00:00:00Z,SUGG,0,11.38125,temperature
2025-01-27T00:00:00Z,SUGG,0,12.569791666666667,temperature
2025-01-28T00:00:00Z,SUGG,0,13.522708333333334,temperature
2025-01-29T00:00:00Z,SUGG,0,14.2,temperature
2025-01-30T00:00:00Z,SUGG,0,14.945625,temperature
2025-01-31T00:00:00Z,SUGG,0,15.932916666666667,temperature
2025-02-01T00:00:00Z,SUGG,0,17.217291666666668,temperature
2025-02-02T00:00:00Z,SUGG,0,17.328125,temperature
2025-02-03T00:00:00Z,SUGG,0,18.042708333333337,temperature
2025-02-04T00:00:00Z,SUGG,0,19.71375,temperature
2025-02-05T00:00:00Z,SUGG,0,20.837291666666665,temperature
2025-02-06T00:00:00Z,SUGG,0,21.262291666666663,temperature
2025-02-07T00:00:00Z,SUGG,0,21.69875,temperature
2025-02-08T00:00:00Z,SUGG,0,21.550416666666667,temperature
2025-02-09T00:00:00Z,SUGG,0,21.614375,temperature
2025-02-10T00:00:00Z,SUGG,0,22.102291666666662,temperature
2025-02-11T00:00:00Z,SUGG,0,21.31854166666667,temperature
2025-02-12T00:00:00Z,SUGG,0,21.333125,temperature
2025-02-13T00:00:00Z,SUGG,0,21.580833333333334,temperature
2025-02-14T00:00:00Z,SUGG,0,21.30375,temperature
2025-02-15T00:00:00Z,SUGG,0,20.497708333333332,temperature
2025-02-16T00:00:00Z,SUGG,0,20.491875,temperature
2025-02-17T00:00:00Z,SUGG,0,19.18125,temperature
2025-02-18T00:00:00Z,SUGG,0,18.764583333333334,temperature
2025-02-19T00:00:00Z,SUGG,0,18.078333333333333,temperature
2025-02-20T00:00:00Z,SUGG,0,17.432708333333334,temperature
2025-02-21T00:00:00Z,SUGG,0,16.355416666666667,temperature
2025-02-22T00:00:00Z,SUGG,0,15.719166666666666,temperature
2025-02-23T00:00:00Z,SUGG,0,16.625,temperature
2025-02-24T00:00:00Z,SUGG,0,16.89375,temperature
2025-02-25T00:00:00Z,SUGG,0,16.110416666666666,temperature
2025-02-26T00:00:00Z,SUGG,0,17.90595238095238,temperature
2025-02-27T00:00:00Z,SUGG,0,19.35625,temperature
2025-02-28T00:00:00Z,SUGG,0,19.411666666666665,temperature
2025-03-01T00:00:00Z,SUGG,0,18.988958333333333,temperature
2025-03-02T00:00:00Z,SUGG,0,18.562083333333337,temperature
2025-03-03T00:00:00Z,SUGG,0,17.866041666666668,temperature
2025-03-04T00:00:00Z,SUGG,0,17.98090909090909,temperature
2025-03-05T00:00:00Z,SUGG,0,18.545833333333334,temperature
2025-03-06T00:00:00Z,SUGG,0,18.008541666666666,temperature
2025-03-07T00:00:00Z,SUGG,0,18.176458333333333,temperature
2025-03-08T00:00:00Z,SUGG,0,18.267916666666668,temperature
2025-03-09T00:00:00Z,SUGG,0,18.898333333333333,temperature
2025-03-10T00:00:00Z,SUGG,0,18.82875,temperature
2025-03-11T00:00:00Z,SUGG,0,18.601875,temperature
2025-03-12T00:00:00Z,SUGG,0,19.905416666666667,temperature
2025-03-13T00:00:00Z,SUGG,0,20.309375,temperature
2025-03-14T00:00:00Z,SUGG,0,21.158541666666668,temperature
2025-03-15T00:00:00Z,SUGG,0,21.488958333333333,temperature
2025-03-16T00:00:00Z,SUGG,0,21.136875,temperature
2025-03-17T00:00:00Z,SUGG,0,20.131875,temperature
2025-03-18T00:00:00Z,SUGG,0,19.855416666666667,temperature
2025-03-19T00:00:00Z,SUGG,0,20.731875,temperature
2025-03-20T00:00:00Z,SUGG,0,20.662916666666668,temperature
2025-03-21T00:00:00Z,SUGG,0,19.402708333333333,temperature
2025-03-22T00:00:00Z,SUGG,0,19.534375,temperature
2025-03-23T00:00:00Z,SUGG,0,19.949375,temperature
2025-03-24T00:00:00Z,SUGG,0,20.368125,temperature
2025-03-25T00:00:00Z,SUGG,0,22.265208333333337,temperature
2025-03-26T00:00:00Z,SUGG,0,22.937291666666667,temperature
2025-03-27T00:00:00Z,SUGG,0,22.13125,temperature
2025-03-28T00:00:00Z,SUGG,0,21.820208333333333,temperature
2025-03-29T00:00:00Z,SUGG,0,21.977083333333333,temperature
2025-03-30T00:00:00Z,SUGG,0,21.979583333333338,temperature
2025-03-31T00:00:00Z,SUGG,0,22.29625,temperature
2025-04-01T00:00:00Z,SUGG,0,24.222916666666663,temperature
2025-04-02T00:00:00Z,SUGG,0,25.81063829787234,temperature
2025-04-03T00:00:00Z,SUGG,0,26.475416666666668,temperature
2025-04-04T00:00:00Z,SUGG,0,27.037708333333335,temperature
2025-04-05T00:00:00Z,SUGG,0,27.149791666666665,temperature
2025-04-06T00:00:00Z,SUGG,0,27.593541666666667,temperature
2025-04-07T00:00:00Z,SUGG,0,27.232083333333332,temperature
2025-04-08T00:00:00Z,SUGG,0,25.966041666666666,temperature
2025-04-09T00:00:00Z,SUGG,0,25.140625,temperature
2025-04-10T00:00:00Z,SUGG,0,25.0475,temperature
2025-04-11T00:00:00Z,SUGG,0,24.546458333333337,temperature
2025-04-12T00:00:00Z,SUGG,0,24.092708333333334,temperature
2025-04-13T00:00:00Z,SUGG,0,23.978958333333335,temperature
2025-04-14T00:00:00Z,SUGG,0,24.573333333333338,temperature
2025-04-15T00:00:00Z,SUGG,0,24.597708333333333,temperature
2025-04-16T00:00:00Z,SUGG,0,24.52936170212766,temperature
2025-04-17T00:00:00Z,SUGG,0,24.877291666666668,temperature
2025-04-18T00:00:00Z,SUGG,0,24.851041666666667,temperature
2025-04-19T00:00:00Z,SUGG,0,25.368541666666665,temperature
2025-04-20T00:00:00Z,SUGG,0,26.056875,temperature
2025-04-21T00:00:00Z,SUGG,0,26.562708333333333,temperature
2025-04-22T00:00:00Z,SUGG,0,27.470208333333332,temperature
2025-04-23T00:00:00Z,SUGG,0,27.084583333333335,temperature
2025-04-24T00:00:00Z,SUGG,0,26.691875,temperature
2025-04-25T00:00:00Z,SUGG,0,26.700833333333332,temperature
2025-04-26T00:00:00Z,SUGG,0,28.153958333333335,temperature
2025-04-27T00:00:00Z,SUGG,0,29.794583333333332,temperature
2025-04-28T00:00:00Z,SUGG,0,28.604583333333338,temperature
2025-04-29T00:00:00Z,SUGG,0,27.50375,temperature
2025-04-30T00:00:00Z,SUGG,0,27.04531914893617,temperature
2025-05-01T00:00:00Z,SUGG,0,27.16125,temperature
2025-05-02T00:00:00Z,SUGG,0,27.810208333333332,temperature
2025-05-03T00:00:00Z,SUGG,0,27.076666666666668,temperature
2025-05-04T00:00:00Z,SUGG,0,27.052291666666665,temperature
2025-05-05T00:00:00Z,SUGG,0,27.374375,temperature
2025-05-06T00:00:00Z,SUGG,0,28.726666666666667,temperature
2025-05-07T00:00:00Z,SUGG,0,28.949583333333333,temperature
2025-05-08T00:00:00Z,SUGG,0,28.289791666666662,temperature
2025-05-09T00:00:00Z,SUGG,0,28.976458333333333,temperature
2025-05-10T00:00:00Z,SUGG,0,28.281041666666667,temperature
2025-05-11T00:00:00Z,SUGG,0,26.890625,temperature
2025-05-12T00:00:00Z,SUGG,0,26.354583333333338,temperature
2025-05-13T00:00:00Z,SUGG,0,26.864255319148935,temperature
2025-05-14T00:00:00Z,SUGG,0,27.65041666666667,temperature
2025-05-15T00:00:00Z,SUGG,0,28.747708333333332,temperature
2025-05-16T00:00:00Z,SUGG,0,28.922916666666666,temperature
2025-05-17T00:00:00Z,SUGG,0,29.589375,temperature
2025-05-18T00:00:00Z,SUGG,0,30.457708333333333,temperature
2025-05-19T00:00:00Z,SUGG,0,31.226458333333333,temperature
2025-05-20T00:00:00Z,SUGG,0,31.456875,temperature
2025-05-21T00:00:00Z,SUGG,0,30.627916666666668,temperature
2025-05-22T00:00:00Z,SUGG,0,30.184166666666663,temperature
2025-05-23T00:00:00Z,SUGG,0,30.641041666666663,temperature
2025-05-24T00:00:00Z,SUGG,0,30.953125,temperature
2025-05-25T00:00:00Z,SUGG,0,30.469583333333333,temperature
2025-05-26T00:00:00Z,SUGG,0,31.68375,temperature
2025-05-27T00:00:00Z,SUGG,0,31.565,temperature
2025-05-28T00:00:00Z,SUGG,0,31.255,temperature
2025-05-29T00:00:00Z,SUGG,0,30.93145833333333,temperature
2025-05-30T00:00:00Z,SUGG,0,29.747291666666666,temperature
2025-05-31T00:00:00Z,SUGG,0,29.978125,temperature
2025-06-01T00:00:00Z,SUGG,0,30.157291666666666,temperature
2025-06-02T00:00:00Z,SUGG,0,30.075833333333332,temperature
2025-06-03T00:00:00Z,SUGG,0,28.827291666666667,temperature
2025-06-04T00:00:00Z,SUGG,0,28.211458333333333,temperature
2025-06-05T00:00:00Z,SUGG,0,28.537708333333335,temperature
2025-06-06T00:00:00Z,SUGG,0,29.660833333333333,temperature
2025-06-07T00:00:00Z,SUGG,0,30.52875,temperature
2025-06-08T00:00:00Z,SUGG,0,30.54875,temperature
2025-06-09T00:00:00Z,SUGG,0,30.418125,temperature
2025-06-10T00:00:00Z,SUGG,0,30.818536585365855,temperature
2025-06-11T00:00:00Z,SUGG,0,31.181458333333335,temperature
2025-06-12T00:00:00Z,SUGG,0,31.295,temperature
2025-06-13T00:00:00Z,SUGG,0,31.546041666666667,temperature
2025-06-14T00:00:00Z,SUGG,0,31.578958333333333,temperature
2025-06-15T00:00:00Z,SUGG,0,31.57645833333333,temperature
2025-06-16T00:00:00Z,SUGG,0,31.593333333333337,temperature
2025-06-17T00:00:00Z,SUGG,0,32.09291666666667,temperature
2025-06-18T00:00:00Z,SUGG,0,32.209583333333335,temperature
2025-06-19T00:00:00Z,SUGG,0,31.764583333333334,temperature
2025-06-20T00:00:00Z,SUGG,0,31.662708333333335,temperature
2025-06-21T00:00:00Z,SUGG,0,31.678125,temperature
2025-06-22T00:00:00Z,SUGG,0,31.026458333333338,temperature
2025-06-23T00:00:00Z,SUGG,0,30.845833333333335,temperature
2025-06-24T00:00:00Z,SUGG,0,31.360851063829788,temperature
2025-06-25T00:00:00Z,SUGG,0,31.686458333333334,temperature
2025-06-26T00:00:00Z,SUGG,0,31.430208333333333,temperature
2025-06-27T00:00:00Z,SUGG,0,31.5775,temperature
2025-06-28T00:00:00Z,SUGG,0,30.66583333333333,temperature
2025-06-29T00:00:00Z,SUGG,0,30.330625,temperature
2025-06-30T00:00:00Z,SUGG,0,29.758958333333332,temperature
2025-07-01T00:00:00Z,SUGG,0,29.446666666666665,temperature
2025-07-02T00:00:00Z,SUGG,0,29.988333333333333,temperature
2025-07-03T00:00:00Z,SUGG,0,30.217291666666668,temperature
2025-07-04T00:00:00Z,SUGG,0,30.185833333333335,temperature
2025-07-05T00:00:00Z,SUGG,0,30.537916666666668,temperature
2025-07-06T00:00:00Z,SUGG,0,30.898541666666667,temperature
2025-07-07T00:00:00Z,SUGG,0,30.770208333333333,temperature
2025-07-08T00:00:00Z,SUGG,0,31.410208333333333,temperature
2025-07-09T00:00:00Z,SUGG,0,31.24395833333333,temperature
2025-07-10T00:00:00Z,SUGG,0,30.608510638297872,temperature
2025-07-11T00:00:00Z,SUGG,0,31.653541666666666,temperature
2025-07-12T00:00:00Z,SUGG,0,31.855208333333337,temperature
2025-07-13T00:00:00Z,SUGG,0,31.117291666666667,temperature
2025-07-14T00:00:00Z,SUGG,0,30.592916666666667,temperature
2025-07-15T00:00:00Z,SUGG,0,29.999583333333337,temperature
2025-07-16T00:00:00Z,SUGG,0,29.72125,temperature
2025-07-17T00:00:00Z,SUGG,0,31.46375,temperature
2025-07-18T00:00:00Z,SUGG,0,33.221666666666664,temperature
2025-07-21T00:00:00Z,SUGG,0,33.45333333333333,temperature
2025-07-22T00:00:00Z,SUGG,0,31.534583333333337,temperature
2025-07-23T00:00:00Z,SUGG,0,31.419583333333332,temperature
2025-07-24T00:00:00Z,SUGG,0,31.195,temperature
2025-07-25T00:00:00Z,SUGG,0,31.9475,temperature
2025-07-26T00:00:00Z,SUGG,0,33.26394736842105,temperature
2025-07-27T00:00:00Z,SUGG,0,33.761874999999996,temperature
2025-07-28T00:00:00Z,SUGG,0,34.240731707317074,temperature
2025-07-29T00:00:00Z,SUGG,0,34.40764705882353,temperature
2025-07-30T00:00:00Z,SUGG,0,33.75270833333333,temperature
2025-07-31T00:00:00Z,SUGG,0,33.835208333333334,temperature
2025-08-01T00:00:00Z,SUGG,0,33.438125,temperature
2025-08-02T00:00:00Z,SUGG,0,33.264583333333334,temperature
2025-08-03T00:00:00Z,SUGG,0,32.685,temperature
2025-08-04T00:00:00Z,SUGG,0,32.25125,temperature
2025-08-05T00:00:00Z,SUGG,0,32.21625,temperature
2025-08-06T00:00:00Z,SUGG,0,32.284375,temperature
2025-08-07T00:00:00Z,SUGG,0,31.87125,temperature
2025-08-08T00:00:00Z,SUGG,0,31.206041666666668,temperature
2025-08-09T00:00:00Z,SUGG,0,30.704583333333332,temperature
2025-08-10T00:00:00Z,SUGG,0,31.062291666666667,temperature
2025-08-11T00:00:00Z,SUGG,0,31.227916666666665,temperature
2025-08-12T00:00:00Z,SUGG,0,32.29895833333333,temperature
2025-08-13T00:00:00Z,SUGG,0,32.99787234042553,temperature
2025-08-14T00:00:00Z,SUGG,0,32.78270833333333,temperature
2025-08-15T00:00:00Z,SUGG,0,33.13520833333333,temperature
2025-08-16T00:00:00Z,SUGG,0,32.705681818181816,temperature
2025-08-17T00:00:00Z,SUGG,0,31.733333333333334,temperature
2025-08-18T00:00:00Z,SUGG,0,31.853958333333335,temperature
2025-08-19T00:00:00Z,SUGG,0,31.488958333333333,temperature
2025-08-20T00:00:00Z,SUGG,0,31.7525,temperature
2025-08-21T00:00:00Z,SUGG,0,32.34023255813953,temperature
2025-08-22T00:00:00Z,SUGG,0,31.637291666666663,temperature
2025-08-23T00:00:00Z,SUGG,0,31.966041666666666,temperature
2025-08-24T00:00:00Z,SUGG,0,31.5175,temperature
2025-08-25T00:00:00Z,SUGG,0,31.304791666666667,temperature
2025-08-26T00:00:00Z,SUGG,0,31.823333333333338,temperature
2025-08-27T00:00:00Z,SUGG,0,31.865208333333335,temperature
2025-08-28T00:00:00Z,SUGG,0,31.72479166666667,temperature
2025-08-29T00:00:00Z,SUGG,0,30.95875,temperature
2025-08-30T00:00:00Z,SUGG,0,30.755625,temperature
2025-08-31T00:00:00Z,SUGG,0,30.0975,temperature
2025-09-01T00:00:00Z,SUGG,0,29.035416666666663,temperature
2025-09-02T00:00:00Z,SUGG,0,27.866458333333338,temperature
2025-09-03T00:00:00Z,SUGG,0,28.06659574468085,temperature
2025-09-04T00:00:00Z,SUGG,0,28.8575,temperature
2025-09-05T00:00:00Z,SUGG,0,29.197916666666668,temperature
2025-09-06T00:00:00Z,SUGG,0,29.475416666666668,temperature
2025-09-07T00:00:00Z,SUGG,0,29.88382978723404,temperature
2025-09-08T00:00:00Z,SUGG,0,29.234791666666663,temperature
2025-09-09T00:00:00Z,SUGG,0,28.280416666666667,temperature
2025-09-10T00:00:00Z,SUGG,0,27.809166666666663,temperature
2025-09-11T00:00:00Z,SUGG,0,27.928541666666668,temperature
2025-09-12T00:00:00Z,SUGG,0,27.800208333333337,temperature
2025-09-13T00:00:00Z,SUGG,0,27.460833333333333,temperature
2025-09-14T00:00:00Z,SUGG,0,27.402291666666667,temperature
2025-09-15T00:00:00Z,SUGG,0,27.605625,temperature
2025-09-16T00:00:00Z,SUGG,0,27.539375,temperature
2025-09-17T00:00:00Z,SUGG,0,27.69,temperature
2025-09-18T00:00:00Z,SUGG,0,27.751489361702127,temperature
2025-09-19T00:00:00Z,SUGG,0,28.179166666666667,temperature
2025-09-20T00:00:00Z,SUGG,0,28.734791666666663,temperature
2025-09-21T00:00:00Z,SUGG,0,28.674583333333334,temperature
2025-09-22T00:00:00Z,SUGG,0,29.359375,temperature
2025-09-23T00:00:00Z,SUGG,0,29.564791666666665,temperature
2025-09-24T00:00:00Z,SUGG,0,30.895416666666662,temperature
2025-09-25T00:00:00Z,SUGG,0,30.710833333333333,temperature
2025-09-26T00:00:00Z,SUGG,0,30.091666666666665,temperature
2025-09-27T00:00:00Z,SUGG,0,29.289583333333333,temperature
2025-09-28T00:00:00Z,SUGG,0,28.8425,temperature
2025-09-29T00:00:00Z,SUGG,0,28.454375,temperature
2025-09-30T00:00:00Z,SUGG,0,27.812708333333333,temperature
2025-10-01T00:00:00Z,SUGG,0,27.08063829787234,temperature
2025-10-02T00:00:00Z,SUGG,0,26.404583333333335,temperature
2025-10-03T00:00:00Z,SUGG,0,26.242083333333333,temperature
2025-10-04T00:00:00Z,SUGG,0,25.895833333333332,temperature
2025-10-05T00:00:00Z,SUGG,0,25.99041666666667,temperature
2025-10-06T00:00:00Z,SUGG,0,26.042916666666667,temperature
2025-10-07T00:00:00Z,SUGG,0,26.346041666666668,temperature
2025-10-08T00:00:00Z,SUGG,0,26.8825,temperature
2025-10-09T00:00:00Z,SUGG,0,26.953333333333333,temperature
2025-10-10T00:00:00Z,SUGG,0,26.22833333333333,temperature
2025-10-11T00:00:00Z,SUGG,0,24.716458333333332,temperature
2025-10-12T00:00:00Z,SUGG,0,23.750208333333333,temperature
2025-10-13T00:00:00Z,SUGG,0,24.739583333333332,temperature
2025-10-14T00:00:00Z,SUGG,0,25.538958333333333,temperature
2025-10-15T00:00:00Z,SUGG,0,25.058541666666667,temperature
2025-10-16T00:00:00Z,SUGG,0,24.611875,temperature
2025-10-17T00:00:00Z,SUGG,0,24.86375,temperature
2025-10-18T00:00:00Z,SUGG,0,24.66604166666667,temperature
2025-10-19T00:00:00Z,SUGG,0,24.480208333333337,temperature
2025-10-20T00:00:00Z,SUGG,0,24.603958333333335,temperature
2025-10-21T00:00:00Z,SUGG,0,25.035,temperature
2025-10-22T00:00:00Z,SUGG,0,25.689777777777778,temperature
2025-10-23T00:00:00Z,SUGG,0,24.631666666666668,temperature
2025-10-24T00:00:00Z,SUGG,0,23.346458333333334,temperature
2025-10-25T00:00:00Z,SUGG,0,22.971875,temperature
2025-10-26T00:00:00Z,SUGG,0,23.159791666666667,temperature
2025-10-27T00:00:00Z,SUGG,0,23.950208333333332,temperature
2025-10-28T00:00:00Z,SUGG,0,23.63125,temperature
2025-10-29T00:00:00Z,SUGG,0,22.602708333333332,temperature
2025-10-30T00:00:00Z,SUGG,0,21.889166666666668,temperature
2025-10-31T00:00:00Z,SUGG,0,20.632916666666667,temperature
