datetime,site_id,depth,observation,variable
2017-08-19T00:00:00Z,SUGG,0,31.06595744680851,temperature
2017-08-19T00:00:00Z,SUGG,0.25,30.192222222222224,temperature
2017-08-19T00:00:00Z,SUGG,0.5,29.27413043478261,temperature
2017-08-19T00:00:00Z,SUGG,0.75,29.00404255319149,temperature
2017-08-19T00:00:00Z,SUGG,1,28.937872340425532,temperature
2017-08-19T00:00:00Z,SUGG,NA,29.658,temperature
2017-08-20T00:00:00Z,SUGG,0,31.602978723404256,temperature
2017-08-20T00:00:00Z,SUGG,0.25,30.59979166666667,temperature
2017-08-20T00:00:00Z,SUGG,0.5,29.765208333333337,temperature
2017-08-20T00:00:00Z,SUGG,0.75,29.127916666666668,temperature
2017-08-20T00:00:00Z,SUGG,1,28.80625,temperature
2017-08-21T00:00:00Z,SUGG,0,29.682916666666667,temperature
2017-08-21T00:00:00Z,SUGG,0.25,29.309375,temperature
2017-08-21T00:00:00Z,SUGG,0.5,29.065833333333337,temperature
2017-08-21T00:00:00Z,SUGG,0.75,28.879375,temperature
2017-08-21T00:00:00Z,SUGG,1,28.7675,temperature
2017-08-22T00:00:00Z,SUGG,0,30.59125,temperature
2017-08-22T00:00:00Z,SUGG,0.25,29.891063829787235,temperature
2017-08-22T00:00:00Z,SUGG,0.5,29.163125,temperature
2017-08-22T00:00:00Z,SUGG,0.75,28.897291666666668,temperature
2017-08-22T00:00:00Z,SUGG,1,28.652916666666663,temperature
2017-08-23T00:00:00Z,SUGG,0,30.56793103448276,temperature
2017-08-23T00:00:00Z,SUGG,0.25,30.396206896551725,temperature
2017-08-23T00:00:00Z,SUGG,0.5,29.70344827586207,temperature
2017-08-23T00:00:00Z,SUGG,0.75,28.941724137931036,temperature
2017-08-23T00:00:00Z,SUGG,1,28.567241379310342,temperature
2017-08-25T00:00:00Z,SUGG,0,30.6975,temperature
2017-08-25T00:00:00Z,SUGG,0.25,30.50375,temperature
2017-08-25T00:00:00Z,SUGG,0.5,29.924285714285716,temperature
2017-08-25T00:00:00Z,SUGG,0.75,29.1775,temperature
2017-08-25T00:00:00Z,SUGG,1,28.64125,temperature
2017-08-26T00:00:00Z,SUGG,0,30.407916666666665,temperature
2017-08-26T00:00:00Z,SUGG,0.25,30.25125,temperature
2017-08-26T00:00:00Z,SUGG,0.5,29.854375,temperature
2017-08-26T00:00:00Z,SUGG,0.75,29.263958333333335,temperature
2017-08-26T00:00:00Z,SUGG,1,28.595833333333335,temperature
2017-08-27T00:00:00Z,SUGG,0,29.6625,temperature
2017-08-27T00:00:00Z,SUGG,0.25,29.600625,temperature
2017-08-27T00:00:00Z,SUGG,0.5,29.454583333333332,temperature
2017-08-27T00:00:00Z,SUGG,0.75,29.161458333333332,temperature
2017-08-27T00:00:00Z,SUGG,1,28.773333333333333,temperature
2017-08-28T00:00:00Z,SUGG,0,29.120208333333338,temperature
2017-08-28T00:00:00Z,SUGG,0.25,29.10625,temperature
2017-08-28T00:00:00Z,SUGG,0.5,29.084375,temperature
2017-08-28T00:00:00Z,SUGG,0.75,29.027708333333333,temperature
2017-08-28T00:00:00Z,SUGG,1,28.921875,temperature
2017-08-29T00:00:00Z,SUGG,0,29.900625,temperature
2017-08-29T00:00:00Z,SUGG,0.25,29.374375,temperature
2017-08-29T00:00:00Z,SUGG,0.5,28.708333333333332,temperature
2017-08-29T00:00:00Z,SUGG,0.75,28.551041666666663,temperature
2017-08-29T00:00:00Z,SUGG,1,28.475833333333338,temperature
2017-08-30T00:00:00Z,SUGG,0,30.87127659574468,temperature
2017-08-30T00:00:00Z,SUGG,0.25,29.721739130434784,temperature
2017-08-30T00:00:00Z,SUGG,0.5,28.829375,temperature
2017-08-30T00:00:00Z,SUGG,0.75,28.475625,temperature
2017-08-30T00:00:00Z,SUGG,1,28.3,temperature
2017-08-31T00:00:00Z,SUGG,0,30.474375,temperature
2017-08-31T00:00:00Z,SUGG,0.25,30.185625,temperature
2017-08-31T00:00:00Z,SUGG,0.5,29.79,temperature
2017-08-31T00:00:00Z,SUGG,0.75,28.79125,temperature
2017-08-31T00:00:00Z,SUGG,1,28.272708333333338,temperature
2017-09-01T00:00:00Z,SUGG,0,30.59979166666667,temperature
2017-09-01T00:00:00Z,SUGG,0.25,30.477916666666665,temperature
2017-09-01T00:00:00Z,SUGG,0.5,30.113125,temperature
2017-09-01T00:00:00Z,SUGG,0.75,29.605416666666667,temperature
2017-09-01T00:00:00Z,SUGG,1,29.08875,temperature
2017-09-02T00:00:00Z,SUGG,0,29.401041666666668,temperature
2017-09-02T00:00:00Z,SUGG,0.25,29.25583333333333,temperature
2017-09-02T00:00:00Z,SUGG,0.5,29.060833333333335,temperature
2017-09-02T00:00:00Z,SUGG,0.75,28.823333333333338,temperature
2017-09-02T00:00:00Z,SUGG,1,28.60729166666667,temperature
2017-09-03T00:00:00Z,SUGG,0,30.326041666666665,temperature
2017-09-03T00:00:00Z,SUGG,0.25,28.919148936170213,temperature
2017-09-03T00:00:00Z,SUGG,0.5,28.263958333333335,temperature
2017-09-03T00:00:00Z,SUGG,0.75,28.065,temperature
2017-09-03T00:00:00Z,SUGG,1,27.991458333333338,temperature
2017-09-04T00:00:00Z,SUGG,0,30.781041666666667,temperature
2017-09-04T00:00:00Z,SUGG,0.25,29.930625,temperature
2017-09-04T00:00:00Z,SUGG,0.5,28.449583333333333,temperature
2017-09-04T00:00:00Z,SUGG,0.75,28.017291666666665,temperature
2017-09-04T00:00:00Z,SUGG,1,27.843541666666667,temperature
2017-09-05T00:00:00Z,SUGG,0,29.827446808510636,temperature
2017-09-05T00:00:00Z,SUGG,0.25,29.215833333333332,temperature
2017-09-05T00:00:00Z,SUGG,0.5,28.719583333333333,temperature
2017-09-05T00:00:00Z,SUGG,0.75,28.067708333333332,temperature
2017-09-05T00:00:00Z,SUGG,1,27.829583333333332,temperature
2017-09-06T00:00:00Z,SUGG,0,29.291875,temperature
2017-09-06T00:00:00Z,SUGG,0.25,29.21125,temperature
2017-09-06T00:00:00Z,SUGG,0.5,28.577916666666667,temperature
2017-09-06T00:00:00Z,SUGG,0.75,28.252291666666668,temperature
2017-09-06T00:00:00Z,SUGG,1,27.848333333333333,temperature
2017-09-07T00:00:00Z,SUGG,0,28.63625,temperature
2017-09-07T00:00:00Z,SUGG,0.25,28.463333333333335,temperature
2017-09-07T00:00:00Z,SUGG,0.5,28.166041666666665,temperature
2017-09-07T00:00:00Z,SUGG,0.75,27.967708333333334,temperature
2017-09-07T00:00:00Z,SUGG,1,27.699791666666663,temperature
2017-09-08T00:00:00Z,SUGG,0,28.158958333333334,temperature
2017-09-08T00:00:00Z,SUGG,0.25,28.146041666666665,temperature
2017-09-08T00:00:00Z,SUGG,0.5,28.069166666666668,temperature
2017-09-08T00:00:00Z,SUGG,0.75,27.895,temperature
2017-09-08T00:00:00Z,SUGG,1,27.744791666666668,temperature
2017-09-09T00:00:00Z,SUGG,0,27.679791666666667,temperature
2017-09-09T00:00:00Z,SUGG,0.25,27.703541666666663,temperature
2017-09-09T00:00:00Z,SUGG,0.5,27.703125,temperature
2017-09-09T00:00:00Z,SUGG,0.75,27.696041666666662,temperature
2017-09-09T00:00:00Z,SUGG,1,27.68625,temperature
2017-09-10T00:00:00Z,SUGG,0,27.016666666666666,temperature
2017-09-10T00:00:00Z,SUGG,0.25,27.02897435897436,temperature
2017-09-10T00:00:00Z,SUGG,0.5,27.03692307692308,temperature
2017-09-10T00:00:00Z,SUGG,0.75,27.04,temperature
2017-09-10T00:00:00Z,SUGG,1,27.04051282051282,temperature
2017-09-11T00:00:00Z,SUGG,0,25.212083333333332,temperature
2017-09-11T00:00:00Z,SUGG,0.25,25.22375,temperature
2017-09-11T00:00:00Z,SUGG,0.5,25.227083333333333,temperature
2017-09-11T00:00:00Z,SUGG,0.75,25.227916666666665,temperature
2017-09-11T00:00:00Z,SUGG,1,25.22875,temperature
2017-09-12T00:00:00Z,SUGG,0,24.840416666666663,temperature
2017-09-12T00:00:00Z,SUGG,0.25,24.825833333333332,temperature
2017-09-12T00:00:00Z,SUGG,0.5,24.804375,temperature
2017-09-12T00:00:00Z,SUGG,0.75,24.774583333333332,temperature
2017-09-12T00:00:00Z,SUGG,1,24.747083333333332,temperature
2017-09-13T00:00:00Z,SUGG,0,26.548333333333332,temperature
2017-09-13T00:00:00Z,SUGG,0.25,26.349375,temperature
2017-09-13T00:00:00Z,SUGG,0.5,25.732291666666665,temperature
2017-09-13T00:00:00Z,SUGG,0.75,24.905625,temperature
2017-09-13T00:00:00Z,SUGG,1,24.56,temperature
2017-09-14T00:00:00Z,SUGG,0,29.982291666666665,temperature
2017-09-14T00:00:00Z,SUGG,0.25,27.937083333333337,temperature
2017-09-14T00:00:00Z,SUGG,0.5,25.713125,temperature
2017-09-14T00:00:00Z,SUGG,0.75,24.567083333333333,temperature
2017-09-14T00:00:00Z,SUGG,1,24.319375,temperature
2017-09-15T00:00:00Z,SUGG,0,28.769375,temperature
2017-09-15T00:00:00Z,SUGG,0.25,27.691041666666667,temperature
2017-09-15T00:00:00Z,SUGG,0.5,25.77382978723404,temperature
2017-09-15T00:00:00Z,SUGG,0.75,24.815208333333334,temperature
2017-09-15T00:00:00Z,SUGG,1,24.527708333333333,temperature
2017-09-16T00:00:00Z,SUGG,0,27.719166666666663,temperature
2017-09-16T00:00:00Z,SUGG,0.25,27.612708333333337,temperature
2017-09-16T00:00:00Z,SUGG,0.5,26.761041666666667,temperature
2017-09-16T00:00:00Z,SUGG,0.75,25.69872340425532,temperature
2017-09-16T00:00:00Z,SUGG,1,24.848958333333332,temperature
2017-09-17T00:00:00Z,SUGG,0,27.609583333333333,temperature
2017-09-17T00:00:00Z,SUGG,0.25,27.587083333333332,temperature
2017-09-17T00:00:00Z,SUGG,0.5,27.521041666666665,temperature
2017-09-17T00:00:00Z,SUGG,0.75,26.663260869565217,temperature
2017-09-17T00:00:00Z,SUGG,1,25.463125,temperature
2017-09-18T00:00:00Z,SUGG,0,27.852916666666665,temperature
2017-09-18T00:00:00Z,SUGG,0.25,27.825,temperature
2017-09-18T00:00:00Z,SUGG,0.5,27.723541666666662,temperature
2017-09-18T00:00:00Z,SUGG,0.75,26.895833333333332,temperature
2017-09-18T00:00:00Z,SUGG,1,25.482916666666668,temperature
2017-09-19T00:00:00Z,SUGG,0,28.190416666666668,temperature
2017-09-19T00:00:00Z,SUGG,0.25,27.397083333333335,temperature
2017-09-19T00:00:00Z,SUGG,0.5,27.059375,temperature
2017-09-19T00:00:00Z,SUGG,0.75,26.857916666666668,temperature
2017-09-19T00:00:00Z,SUGG,1,25.860833333333332,temperature
2017-09-20T00:00:00Z,SUGG,0,28.873404255319148,temperature
2017-09-20T00:00:00Z,SUGG,0.25,27.986666666666668,temperature
2017-09-20T00:00:00Z,SUGG,0.5,27.116041666666668,temperature
2017-09-20T00:00:00Z,SUGG,0.75,26.072916666666668,temperature
2017-09-20T00:00:00Z,SUGG,1,25.503333333333337,temperature
2017-09-21T00:00:00Z,SUGG,0,28.090625,temperature
2017-09-21T00:00:00Z,SUGG,0.25,27.607916666666668,temperature
2017-09-21T00:00:00Z,SUGG,0.5,27.043125,temperature
2017-09-21T00:00:00Z,SUGG,0.75,25.83875,temperature
2017-09-21T00:00:00Z,SUGG,1,25.172083333333333,temperature
2017-09-22T00:00:00Z,SUGG,0,27.694791666666667,temperature
2017-09-22T00:00:00Z,SUGG,0.25,27.67,temperature
2017-09-22T00:00:00Z,SUGG,0.5,27.405416666666667,temperature
2017-09-22T00:00:00Z,SUGG,0.75,26.448125,temperature
2017-09-22T00:00:00Z,SUGG,1,25.378958333333333,temperature
2017-09-23T00:00:00Z,SUGG,0,27.459375,temperature
2017-09-23T00:00:00Z,SUGG,0.25,27.439791666666668,temperature
2017-09-23T00:00:00Z,SUGG,0.5,27.38625,temperature
2017-09-23T00:00:00Z,SUGG,0.75,27.196875,temperature
2017-09-23T00:00:00Z,SUGG,1,26.54106382978723,temperature
2017-09-24T00:00:00Z,SUGG,0,27.606666666666666,temperature
2017-09-24T00:00:00Z,SUGG,0.25,27.583125,temperature
2017-09-24T00:00:00Z,SUGG,0.5,27.518333333333334,temperature
2017-09-24T00:00:00Z,SUGG,0.75,27.383333333333333,temperature
2017-09-24T00:00:00Z,SUGG,1,26.883958333333332,temperature
2017-09-25T00:00:00Z,SUGG,0,28.363125,temperature
2017-09-25T00:00:00Z,SUGG,0.25,28.185416666666665,temperature
2017-09-25T00:00:00Z,SUGG,0.5,28.000208333333333,temperature
2017-09-25T00:00:00Z,SUGG,0.75,27.763333333333332,temperature
2017-09-25T00:00:00Z,SUGG,1,27.381666666666668,temperature
2017-09-26T00:00:00Z,SUGG,0,29.328125,temperature
2017-09-26T00:00:00Z,SUGG,0.25,29.00125,temperature
2017-09-26T00:00:00Z,SUGG,0.5,28.648541666666667,temperature
2017-09-26T00:00:00Z,SUGG,0.75,27.541489361702126,temperature
2017-09-26T00:00:00Z,SUGG,1,26.772083333333335,temperature
2017-09-27T00:00:00Z,SUGG,0,29.976666666666667,temperature
2017-09-27T00:00:00Z,SUGG,0.25,29.484583333333333,temperature
2017-09-27T00:00:00Z,SUGG,0.5,28.73625,temperature
2017-09-27T00:00:00Z,SUGG,0.75,27.508541666666662,temperature
2017-09-27T00:00:00Z,SUGG,1,26.72375,temperature
2017-09-28T00:00:00Z,SUGG,0,30.49020833333333,temperature
2017-09-28T00:00:00Z,SUGG,0.25,28.998541666666668,temperature
2017-09-28T00:00:00Z,SUGG,0.5,28.159166666666668,temperature
2017-09-28T00:00:00Z,SUGG,0.75,27.408541666666668,temperature
2017-09-28T00:00:00Z,SUGG,1,26.635833333333338,temperature
2017-09-29T00:00:00Z,SUGG,0,28.754791666666662,temperature
2017-09-29T00:00:00Z,SUGG,0.25,28.31125,temperature
2017-09-29T00:00:00Z,SUGG,0.5,27.886666666666667,temperature
2017-09-29T00:00:00Z,SUGG,0.75,27.245416666666667,temperature
2017-09-29T00:00:00Z,SUGG,1,26.640416666666667,temperature
2017-09-30T00:00:00Z,SUGG,0,27.854791666666667,temperature
2017-09-30T00:00:00Z,SUGG,0.25,27.851041666666667,temperature
2017-09-30T00:00:00Z,SUGG,0.5,27.785,temperature
2017-09-30T00:00:00Z,SUGG,0.75,27.434583333333332,temperature
2017-09-30T00:00:00Z,SUGG,1,26.873125,temperature
2017-10-01T00:00:00Z,SUGG,0,26.632916666666667,temperature
2017-10-01T00:00:00Z,SUGG,0.25,26.63625,temperature
2017-10-01T00:00:00Z,SUGG,0.5,26.635833333333338,temperature
2017-10-01T00:00:00Z,SUGG,0.75,26.618541666666665,temperature
2017-10-01T00:00:00Z,SUGG,1,26.531458333333333,temperature
2017-10-02T00:00:00Z,SUGG,0,25.833541666666665,temperature
2017-10-02T00:00:00Z,SUGG,0.25,25.828958333333333,temperature
2017-10-02T00:00:00Z,SUGG,0.5,25.821666666666665,temperature
2017-10-02T00:00:00Z,SUGG,0.75,25.805833333333332,temperature
2017-10-02T00:00:00Z,SUGG,1,25.790208333333332,temperature
2017-10-03T00:00:00Z,SUGG,0,25.745416666666667,temperature
2017-10-03T00:00:00Z,SUGG,0.25,25.746875,temperature
2017-10-03T00:00:00Z,SUGG,0.5,25.744791666666668,temperature
2017-10-03T00:00:00Z,SUGG,0.75,25.73625,temperature
2017-10-03T00:00:00Z,SUGG,1,25.727916666666665,temperature
2017-10-04T00:00:00Z,SUGG,0,25.729791666666667,temperature
2017-10-04T00:00:00Z,SUGG,0.25,25.729791666666667,temperature
2017-10-04T00:00:00Z,SUGG,0.5,25.72875,temperature
2017-10-04T00:00:00Z,SUGG,0.75,25.716875,temperature
2017-10-04T00:00:00Z,SUGG,1,25.707291666666663,temperature
2017-10-05T00:00:00Z,SUGG,0,25.641666666666666,temperature
2017-10-05T00:00:00Z,SUGG,0.25,25.644375,temperature
2017-10-05T00:00:00Z,SUGG,0.5,25.644583333333333,temperature
2017-10-05T00:00:00Z,SUGG,0.75,25.63625,temperature
2017-10-05T00:00:00Z,SUGG,1,25.629583333333333,temperature
2017-10-06T00:00:00Z,SUGG,0,26.51625,temperature
2017-10-06T00:00:00Z,SUGG,0.25,26.221458333333334,temperature
2017-10-06T00:00:00Z,SUGG,0.5,25.757916666666667,temperature
2017-10-06T00:00:00Z,SUGG,0.75,25.604375,temperature
2017-10-06T00:00:00Z,SUGG,1,25.556041666666665,temperature
2017-10-07T00:00:00Z,SUGG,0,27.517708333333335,temperature
2017-10-07T00:00:00Z,SUGG,0.25,27.376041666666666,temperature
2017-10-07T00:00:00Z,SUGG,0.5,26.992916666666662,temperature
2017-10-07T00:00:00Z,SUGG,0.75,26.370212765957447,temperature
2017-10-07T00:00:00Z,SUGG,1,25.783541666666668,temperature
2017-10-08T00:00:00Z,SUGG,0,27.75875,temperature
2017-10-08T00:00:00Z,SUGG,0.25,27.736875,temperature
2017-10-08T00:00:00Z,SUGG,0.5,27.655416666666667,temperature
2017-10-08T00:00:00Z,SUGG,0.75,27.347083333333337,temperature
2017-10-08T00:00:00Z,SUGG,1,26.785,temperature
2017-10-09T00:00:00Z,SUGG,0,28.75125,temperature
2017-10-09T00:00:00Z,SUGG,0.25,28.112916666666667,temperature
2017-10-09T00:00:00Z,SUGG,0.5,27.707291666666663,temperature
2017-10-09T00:00:00Z,SUGG,0.75,27.417083333333338,temperature
2017-10-09T00:00:00Z,SUGG,1,27.114375,temperature
2017-10-10T00:00:00Z,SUGG,0,29.4,temperature
2017-10-10T00:00:00Z,SUGG,0.25,29.11,temperature
2017-10-10T00:00:00Z,SUGG,0.5,28.284166666666668,temperature
2017-10-10T00:00:00Z,SUGG,0.75,27.483541666666667,temperature
2017-10-10T00:00:00Z,SUGG,1,26.965,temperature
2017-10-11T00:00:00Z,SUGG,0,29.040416666666665,temperature
2017-10-11T00:00:00Z,SUGG,0.25,28.844166666666663,temperature
2017-10-11T00:00:00Z,SUGG,0.5,28.39375,temperature
2017-10-11T00:00:00Z,SUGG,0.75,27.708125,temperature
2017-10-11T00:00:00Z,SUGG,1,27.083333333333332,temperature
2017-10-12T00:00:00Z,SUGG,0,28.171875,temperature
2017-10-12T00:00:00Z,SUGG,0.25,28.134375,temperature
2017-10-12T00:00:00Z,SUGG,0.5,28.004791666666662,temperature
2017-10-12T00:00:00Z,SUGG,0.75,27.759791666666665,temperature
2017-10-12T00:00:00Z,SUGG,1,27.071875,temperature
2017-10-13T00:00:00Z,SUGG,0,27.847916666666663,temperature
2017-10-13T00:00:00Z,SUGG,0.25,27.835416666666667,temperature
2017-10-13T00:00:00Z,SUGG,0.5,27.817083333333333,temperature
2017-10-13T00:00:00Z,SUGG,0.75,27.77625,temperature
2017-10-13T00:00:00Z,SUGG,1,27.644166666666667,temperature
2017-10-14T00:00:00Z,SUGG,0,27.180416666666662,temperature
2017-10-14T00:00:00Z,SUGG,0.25,27.175833333333333,temperature
2017-10-14T00:00:00Z,SUGG,0.5,27.1625,temperature
2017-10-14T00:00:00Z,SUGG,0.75,27.136458333333337,temperature
2017-10-14T00:00:00Z,SUGG,1,27.099375,temperature
2017-10-15T00:00:00Z,SUGG,0,27.230416666666667,temperature
2017-10-15T00:00:00Z,SUGG,0.25,27.2,temperature
2017-10-15T00:00:00Z,SUGG,0.5,27.14125,temperature
2017-10-15T00:00:00Z,SUGG,0.75,27.046666666666667,temperature
2017-10-15T00:00:00Z,SUGG,1,26.940833333333337,temperature
2017-10-16T00:00:00Z,SUGG,0,28.242916666666662,temperature
2017-10-16T00:00:00Z,SUGG,0.25,27.465,temperature
2017-10-16T00:00:00Z,SUGG,0.5,27.201666666666668,temperature
2017-10-16T00:00:00Z,SUGG,0.75,27.062708333333333,temperature
2017-10-16T00:00:00Z,SUGG,1,26.998333333333335,temperature
2017-10-17T00:00:00Z,SUGG,0,26.911666666666665,temperature
2017-10-17T00:00:00Z,SUGG,0.25,26.81125,temperature
2017-10-17T00:00:00Z,SUGG,0.5,26.643958333333337,temperature
2017-10-17T00:00:00Z,SUGG,0.75,26.561041666666668,temperature
2017-10-17T00:00:00Z,SUGG,1,26.500625,temperature
2017-10-18T00:00:00Z,SUGG,0,25.109583333333333,temperature
2017-10-18T00:00:00Z,SUGG,0.25,25.117291666666667,temperature
2017-10-18T00:00:00Z,SUGG,0.5,25.111875,temperature
2017-10-18T00:00:00Z,SUGG,0.75,25.100833333333338,temperature
2017-10-18T00:00:00Z,SUGG,1,25.09,temperature
2017-10-19T00:00:00Z,SUGG,0,24.701875,temperature
2017-10-19T00:00:00Z,SUGG,0.25,24.707708333333333,temperature
2017-10-19T00:00:00Z,SUGG,0.5,24.708541666666665,temperature
2017-10-19T00:00:00Z,SUGG,0.75,24.705416666666668,temperature
2017-10-19T00:00:00Z,SUGG,1,24.699166666666667,temperature
2017-10-20T00:00:00Z,SUGG,0,24.800416666666667,temperature
2017-10-20T00:00:00Z,SUGG,0.25,24.787708333333335,temperature
2017-10-20T00:00:00Z,SUGG,0.5,24.75875,temperature
2017-10-20T00:00:00Z,SUGG,0.75,24.726041666666667,temperature
2017-10-20T00:00:00Z,SUGG,1,24.69125,temperature
2017-10-21T00:00:00Z,SUGG,0,24.975,temperature
2017-10-21T00:00:00Z,SUGG,0.25,24.969166666666663,temperature
2017-10-21T00:00:00Z,SUGG,0.5,24.961458333333333,temperature
2017-10-21T00:00:00Z,SUGG,0.75,24.941041666666667,temperature
2017-10-21T00:00:00Z,SUGG,1,24.9125,temperature
2017-10-22T00:00:00Z,SUGG,0,25.28375,temperature
2017-10-22T00:00:00Z,SUGG,0.25,25.263541666666665,temperature
2017-10-22T00:00:00Z,SUGG,0.5,25.227708333333332,temperature
2017-10-22T00:00:00Z,SUGG,0.75,25.168333333333333,temperature
2017-10-22T00:00:00Z,SUGG,1,25.094375,temperature
2017-10-23T00:00:00Z,SUGG,0,25.625208333333333,temperature
2017-10-23T00:00:00Z,SUGG,0.25,25.621666666666663,temperature
2017-10-23T00:00:00Z,SUGG,0.5,25.616666666666667,temperature
2017-10-23T00:00:00Z,SUGG,0.75,25.582708333333333,temperature
2017-10-23T00:00:00Z,SUGG,1,25.499375,temperature
2017-10-24T00:00:00Z,SUGG,0,25.607916666666668,temperature
2017-10-24T00:00:00Z,SUGG,0.25,25.5525,temperature
2017-10-24T00:00:00Z,SUGG,0.5,25.479791666666667,temperature
2017-10-24T00:00:00Z,SUGG,0.75,25.395416666666662,temperature
2017-10-24T00:00:00Z,SUGG,1,25.275416666666665,temperature
2017-10-25T00:00:00Z,SUGG,0,24.494166666666665,temperature
2017-10-25T00:00:00Z,SUGG,0.25,24.515208333333337,temperature
2017-10-25T00:00:00Z,SUGG,0.5,24.519166666666667,temperature
2017-10-25T00:00:00Z,SUGG,0.75,24.47479166666667,temperature
2017-10-25T00:00:00Z,SUGG,1,24.40625,temperature
2017-10-26T00:00:00Z,SUGG,0,23.160833333333333,temperature
2017-10-26T00:00:00Z,SUGG,0.25,23.145208333333333,temperature
2017-10-26T00:00:00Z,SUGG,0.5,23.108125,temperature
2017-10-26T00:00:00Z,SUGG,0.75,23.085,temperature
2017-10-26T00:00:00Z,SUGG,1,23.051458333333333,temperature
2017-10-27T00:00:00Z,SUGG,0,22.366458333333338,temperature
2017-10-27T00:00:00Z,SUGG,0.25,22.359166666666667,temperature
2017-10-27T00:00:00Z,SUGG,0.5,22.333541666666665,temperature
2017-10-27T00:00:00Z,SUGG,0.75,22.301666666666662,temperature
2017-10-27T00:00:00Z,SUGG,1,22.2775,temperature
2017-10-28T00:00:00Z,SUGG,0,22.428541666666668,temperature
2017-10-28T00:00:00Z,SUGG,0.25,22.26125,temperature
2017-10-28T00:00:00Z,SUGG,0.5,22.155416666666667,temperature
2017-10-28T00:00:00Z,SUGG,0.75,22.076875,temperature
2017-10-28T00:00:00Z,SUGG,1,21.95125,temperature
2017-10-29T00:00:00Z,SUGG,0,22.172291666666663,temperature
2017-10-29T00:00:00Z,SUGG,0.25,22.17625,temperature
2017-10-29T00:00:00Z,SUGG,0.5,22.148125,temperature
2017-10-29T00:00:00Z,SUGG,0.75,22.043541666666663,temperature
2017-10-29T00:00:00Z,SUGG,1,21.907083333333333,temperature
2017-10-30T00:00:00Z,SUGG,0,20.6175,temperature
2017-10-30T00:00:00Z,SUGG,0.25,20.630416666666665,temperature
2017-10-30T00:00:00Z,SUGG,0.5,20.627916666666668,temperature
2017-10-30T00:00:00Z,SUGG,0.75,20.61875,temperature
2017-10-30T00:00:00Z,SUGG,1,20.608333333333334,temperature
2017-10-31T00:00:00Z,SUGG,0,20.40875,temperature
2017-10-31T00:00:00Z,SUGG,0.25,20.138125,temperature
2017-10-31T00:00:00Z,SUGG,0.5,19.875416666666663,temperature
2017-10-31T00:00:00Z,SUGG,0.75,19.701458333333335,temperature
2017-10-31T00:00:00Z,SUGG,1,19.646041666666665,temperature
2017-11-01T00:00:00Z,SUGG,0,20.349583333333335,temperature
2017-11-01T00:00:00Z,SUGG,0.25,20.176041666666663,temperature
2017-11-01T00:00:00Z,SUGG,0.5,19.890416666666667,temperature
2017-11-01T00:00:00Z,SUGG,0.75,19.557916666666667,temperature
2017-11-01T00:00:00Z,SUGG,1,19.371041666666667,temperature
2017-11-02T00:00:00Z,SUGG,0,20.933125,temperature
2017-11-02T00:00:00Z,SUGG,0.25,20.733958333333337,temperature
2017-11-02T00:00:00Z,SUGG,0.5,20.457291666666663,temperature
2017-11-02T00:00:00Z,SUGG,0.75,19.936666666666667,temperature
2017-11-02T00:00:00Z,SUGG,1,19.549791666666668,temperature
2017-11-03T00:00:00Z,SUGG,0,21.30125,temperature
2017-11-03T00:00:00Z,SUGG,0.25,21.13,temperature
2017-11-03T00:00:00Z,SUGG,0.5,20.8925,temperature
2017-11-03T00:00:00Z,SUGG,0.75,20.2975,temperature
2017-11-03T00:00:00Z,SUGG,1,19.974583333333335,temperature
2017-11-04T00:00:00Z,SUGG,0,21.640731707317073,temperature
2017-11-04T00:00:00Z,SUGG,0.25,21.561951219512196,temperature
2017-11-04T00:00:00Z,SUGG,0.5,21.41439024390244,temperature
2017-11-04T00:00:00Z,SUGG,0.75,20.865853658536587,temperature
2017-11-04T00:00:00Z,SUGG,1,20.230731707317073,temperature
2017-11-06T00:00:00Z,SUGG,0,25.074,temperature
2017-11-06T00:00:00Z,SUGG,0.25,24.689,temperature
2017-11-06T00:00:00Z,SUGG,0.5,23.785,temperature
2017-11-06T00:00:00Z,SUGG,0.75,22.073,temperature
2017-11-06T00:00:00Z,SUGG,1,21.283,temperature
2017-11-07T00:00:00Z,SUGG,0,24.313958333333332,temperature
2017-11-07T00:00:00Z,SUGG,0.25,23.789166666666667,temperature
2017-11-07T00:00:00Z,SUGG,0.5,22.72125,temperature
2017-11-07T00:00:00Z,SUGG,0.75,21.9525,temperature
2017-11-07T00:00:00Z,SUGG,1,21.26354166666667,temperature
2017-11-08T00:00:00Z,SUGG,0,24.565625,temperature
2017-11-08T00:00:00Z,SUGG,0.25,23.822708333333335,temperature
2017-11-08T00:00:00Z,SUGG,0.5,22.804791666666667,temperature
2017-11-08T00:00:00Z,SUGG,0.75,22.065,temperature
2017-11-08T00:00:00Z,SUGG,1,21.47625,temperature
2017-11-09T00:00:00Z,SUGG,0,24.288333333333338,temperature
2017-11-09T00:00:00Z,SUGG,0.25,23.958125,temperature
2017-11-09T00:00:00Z,SUGG,0.5,23.069583333333338,temperature
2017-11-09T00:00:00Z,SUGG,0.75,22.269166666666667,temperature
2017-11-09T00:00:00Z,SUGG,1,21.50340425531915,temperature
2017-11-10T00:00:00Z,SUGG,0,21.6725,temperature
2017-11-10T00:00:00Z,SUGG,0.25,21.681041666666665,temperature
2017-11-10T00:00:00Z,SUGG,0.5,21.628541666666667,temperature
2017-11-10T00:00:00Z,SUGG,0.75,21.457083333333333,temperature
2017-11-10T00:00:00Z,SUGG,1,21.265833333333333,temperature
2017-11-11T00:00:00Z,SUGG,0,20.286666666666665,temperature
2017-11-11T00:00:00Z,SUGG,0.25,20.304791666666667,temperature
2017-11-11T00:00:00Z,SUGG,0.5,20.303541666666668,temperature
2017-11-11T00:00:00Z,SUGG,0.75,20.297708333333333,temperature
2017-11-11T00:00:00Z,SUGG,1,20.285625,temperature
2017-11-12T00:00:00Z,SUGG,0,20.519375,temperature
2017-11-12T00:00:00Z,SUGG,0.25,20.514375,temperature
2017-11-12T00:00:00Z,SUGG,0.5,20.510208333333335,temperature
2017-11-12T00:00:00Z,SUGG,0.75,20.497916666666665,temperature
2017-11-12T00:00:00Z,SUGG,1,20.480833333333333,temperature
2017-11-13T00:00:00Z,SUGG,0,21.178541666666668,temperature
2017-11-13T00:00:00Z,SUGG,0.25,21.175,temperature
2017-11-13T00:00:00Z,SUGG,0.5,21.156666666666663,temperature
2017-11-13T00:00:00Z,SUGG,0.75,21.127291666666668,temperature
2017-11-13T00:00:00Z,SUGG,1,21.091458333333332,temperature
2017-11-14T00:00:00Z,SUGG,0,20.861666666666668,temperature
2017-11-14T00:00:00Z,SUGG,0.25,20.88375,temperature
2017-11-14T00:00:00Z,SUGG,0.5,20.884791666666665,temperature
2017-11-14T00:00:00Z,SUGG,0.75,20.880416666666665,temperature
2017-11-14T00:00:00Z,SUGG,1,20.87125,temperature
2017-11-15T00:00:00Z,SUGG,0,19.777291666666667,temperature
2017-11-15T00:00:00Z,SUGG,0.25,19.809583333333332,temperature
2017-11-15T00:00:00Z,SUGG,0.5,19.815,temperature
2017-11-15T00:00:00Z,SUGG,0.75,19.812291666666667,temperature
2017-11-15T00:00:00Z,SUGG,1,19.809791666666666,temperature
2017-11-16T00:00:00Z,SUGG,0,19.343958333333333,temperature
2017-11-16T00:00:00Z,SUGG,0.25,19.336041666666667,temperature
2017-11-16T00:00:00Z,SUGG,0.5,19.312291666666667,temperature
2017-11-16T00:00:00Z,SUGG,0.75,19.274583333333332,temperature
2017-11-16T00:00:00Z,SUGG,1,19.222083333333337,temperature
2017-11-17T00:00:00Z,SUGG,0,19.284583333333337,temperature
2017-11-17T00:00:00Z,SUGG,0.25,19.173125,temperature
2017-11-17T00:00:00Z,SUGG,0.5,19.06875,temperature
2017-11-17T00:00:00Z,SUGG,0.75,18.948958333333337,temperature
2017-11-17T00:00:00Z,SUGG,1,18.894375,temperature
2017-11-18T00:00:00Z,SUGG,0,19.37375,temperature
2017-11-18T00:00:00Z,SUGG,0.25,19.233541666666667,temperature
2017-11-18T00:00:00Z,SUGG,0.5,19.1575,temperature
2017-11-18T00:00:00Z,SUGG,0.75,19.06875,temperature
2017-11-18T00:00:00Z,SUGG,1,18.932916666666667,temperature
2017-11-19T00:00:00Z,SUGG,0,19.496875,temperature
2017-11-19T00:00:00Z,SUGG,0.25,19.426458333333333,temperature
2017-11-19T00:00:00Z,SUGG,0.5,19.337083333333332,temperature
2017-11-19T00:00:00Z,SUGG,0.75,19.272083333333335,temperature
2017-11-19T00:00:00Z,SUGG,1,19.127916666666668,temperature
2017-11-20T00:00:00Z,SUGG,0,18.502083333333335,temperature
2017-11-20T00:00:00Z,SUGG,0.25,18.514375,temperature
2017-11-20T00:00:00Z,SUGG,0.5,18.50604166666667,temperature
2017-11-20T00:00:00Z,SUGG,0.75,18.485625,temperature
2017-11-20T00:00:00Z,SUGG,1,18.459791666666668,temperature
2017-11-21T00:00:00Z,SUGG,0,18.66,temperature
2017-11-21T00:00:00Z,SUGG,0.25,18.62125,temperature
2017-11-21T00:00:00Z,SUGG,0.5,18.59,temperature
2017-11-21T00:00:00Z,SUGG,0.75,18.546666666666667,temperature
2017-11-21T00:00:00Z,SUGG,1,18.49125,temperature
2017-11-22T00:00:00Z,SUGG,0,19.1575,temperature
2017-11-22T00:00:00Z,SUGG,0.25,19.063958333333332,temperature
2017-11-22T00:00:00Z,SUGG,0.5,18.954583333333332,temperature
2017-11-22T00:00:00Z,SUGG,0.75,18.753333333333337,temperature
2017-11-22T00:00:00Z,SUGG,1,18.53,temperature
2017-11-23T00:00:00Z,SUGG,0,18.935833333333335,temperature
2017-11-23T00:00:00Z,SUGG,0.25,18.936458333333334,temperature
2017-11-23T00:00:00Z,SUGG,0.5,18.931875,temperature
2017-11-23T00:00:00Z,SUGG,0.75,18.878125,temperature
2017-11-23T00:00:00Z,SUGG,1,18.725208333333335,temperature
2017-11-24T00:00:00Z,SUGG,0,18.711875,temperature
2017-11-24T00:00:00Z,SUGG,0.25,18.68145833333333,temperature
2017-11-24T00:00:00Z,SUGG,0.5,18.624583333333337,temperature
2017-11-24T00:00:00Z,SUGG,0.75,18.555,temperature
2017-11-24T00:00:00Z,SUGG,1,18.503333333333337,temperature
2017-11-25T00:00:00Z,SUGG,0,18.988958333333333,temperature
2017-11-25T00:00:00Z,SUGG,0.25,18.707916666666662,temperature
2017-11-25T00:00:00Z,SUGG,0.5,18.645,temperature
2017-11-25T00:00:00Z,SUGG,0.75,18.579791666666665,temperature
2017-11-25T00:00:00Z,SUGG,1,18.4975,temperature
2017-11-26T00:00:00Z,SUGG,0,19.120833333333337,temperature
2017-11-26T00:00:00Z,SUGG,0.25,18.944375,temperature
2017-11-26T00:00:00Z,SUGG,0.5,18.703541666666663,temperature
2017-11-26T00:00:00Z,SUGG,0.75,18.55875,temperature
2017-11-26T00:00:00Z,SUGG,1,18.425208333333337,temperature
2017-11-27T00:00:00Z,SUGG,0,18.820833333333333,temperature
2017-11-27T00:00:00Z,SUGG,0.25,18.71125,temperature
2017-11-27T00:00:00Z,SUGG,0.5,18.563125,temperature
2017-11-27T00:00:00Z,SUGG,0.75,18.369375,temperature
2017-11-27T00:00:00Z,SUGG,1,18.213958333333338,temperature
2017-11-28T00:00:00Z,SUGG,0,18.589791666666667,temperature
2017-11-28T00:00:00Z,SUGG,0.25,18.56041666666667,temperature
2017-11-28T00:00:00Z,SUGG,0.5,18.487708333333337,temperature
2017-11-28T00:00:00Z,SUGG,0.75,18.380833333333335,temperature
2017-11-28T00:00:00Z,SUGG,1,18.297916666666666,temperature
2017-11-29T00:00:00Z,SUGG,0,19.168541666666663,temperature
2017-11-29T00:00:00Z,SUGG,0.25,19.154583333333335,temperature
2017-11-29T00:00:00Z,SUGG,0.5,19.128125,temperature
2017-11-29T00:00:00Z,SUGG,0.75,19.07875,temperature
2017-11-29T00:00:00Z,SUGG,1,18.967708333333334,temperature
2017-11-30T00:00:00Z,SUGG,0,19.6025,temperature
2017-11-30T00:00:00Z,SUGG,0.25,19.503125,temperature
2017-11-30T00:00:00Z,SUGG,0.5,19.386875,temperature
2017-11-30T00:00:00Z,SUGG,0.75,19.285625,temperature
2017-11-30T00:00:00Z,SUGG,1,19.106458333333332,temperature
2017-12-01T00:00:00Z,SUGG,0,21.035208333333333,temperature
2017-12-01T00:00:00Z,SUGG,0.25,19.425,temperature
2017-12-01T00:00:00Z,SUGG,0.5,19.246458333333333,temperature
2017-12-01T00:00:00Z,SUGG,0.75,19.188958333333332,temperature
2017-12-01T00:00:00Z,SUGG,1,19.121041666666667,temperature
2017-12-02T00:00:00Z,SUGG,0,20.794583333333332,temperature
2017-12-02T00:00:00Z,SUGG,0.25,20.357916666666668,temperature
2017-12-02T00:00:00Z,SUGG,0.5,19.596875,temperature
2017-12-02T00:00:00Z,SUGG,0.75,19.237291666666668,temperature
2017-12-02T00:00:00Z,SUGG,1,18.9725,temperature
2017-12-03T00:00:00Z,SUGG,0,20.456666666666667,temperature
2017-12-03T00:00:00Z,SUGG,0.25,20.055625,temperature
2017-12-03T00:00:00Z,SUGG,0.5,19.84166666666667,temperature
2017-12-03T00:00:00Z,SUGG,0.75,19.527916666666663,temperature
2017-12-03T00:00:00Z,SUGG,1,19.031875,temperature
2017-12-04T00:00:00Z,SUGG,0,19.44625,temperature
2017-12-04T00:00:00Z,SUGG,0.25,19.377291666666665,temperature
2017-12-04T00:00:00Z,SUGG,0.5,19.280416666666667,temperature
2017-12-04T00:00:00Z,SUGG,0.75,19.08,temperature
2017-12-04T00:00:00Z,SUGG,1,18.93625,temperature
2017-12-05T00:00:00Z,SUGG,0,19.999375,temperature
2017-12-05T00:00:00Z,SUGG,0.25,19.869791666666668,temperature
2017-12-05T00:00:00Z,SUGG,0.5,19.7225,temperature
2017-12-05T00:00:00Z,SUGG,0.75,19.543541666666663,temperature
2017-12-05T00:00:00Z,SUGG,1,19.220416666666665,temperature
2017-12-06T00:00:00Z,SUGG,0,20.629583333333333,temperature
2017-12-06T00:00:00Z,SUGG,0.25,20.517916666666668,temperature
2017-12-06T00:00:00Z,SUGG,0.5,20.345833333333335,temperature
2017-12-06T00:00:00Z,SUGG,0.75,20.067708333333332,temperature
2017-12-06T00:00:00Z,SUGG,1,19.628958333333333,temperature
2017-12-07T00:00:00Z,SUGG,0,19.470625,temperature
2017-12-07T00:00:00Z,SUGG,0.25,19.487291666666668,temperature
2017-12-07T00:00:00Z,SUGG,0.5,19.495208333333338,temperature
2017-12-07T00:00:00Z,SUGG,0.75,19.49625,temperature
2017-12-07T00:00:00Z,SUGG,1,19.491875,temperature
2017-12-08T00:00:00Z,SUGG,0,18.24,temperature
2017-12-08T00:00:00Z,SUGG,0.25,18.25375,temperature
2017-12-08T00:00:00Z,SUGG,0.5,18.262083333333333,temperature
2017-12-08T00:00:00Z,SUGG,0.75,18.263958333333335,temperature
2017-12-08T00:00:00Z,SUGG,1,18.266041666666663,temperature
2017-12-09T00:00:00Z,SUGG,0,16.95916666666667,temperature
2017-12-09T00:00:00Z,SUGG,0.25,16.977916666666665,temperature
2017-12-09T00:00:00Z,SUGG,0.5,16.9875,temperature
2017-12-09T00:00:00Z,SUGG,0.75,16.990833333333335,temperature
2017-12-09T00:00:00Z,SUGG,1,16.992291666666667,temperature
2017-12-10T00:00:00Z,SUGG,0,15.60125,temperature
2017-12-10T00:00:00Z,SUGG,0.25,15.586041666666668,temperature
2017-12-10T00:00:00Z,SUGG,0.5,15.563333333333333,temperature
2017-12-10T00:00:00Z,SUGG,0.75,15.541458333333331,temperature
2017-12-10T00:00:00Z,SUGG,1,15.521041666666669,temperature
2017-12-11T00:00:00Z,SUGG,0,14.960416666666667,temperature
2017-12-11T00:00:00Z,SUGG,0.25,14.835833333333332,temperature
2017-12-11T00:00:00Z,SUGG,0.5,14.7925,temperature
2017-12-11T00:00:00Z,SUGG,0.75,14.750833333333333,temperature
2017-12-11T00:00:00Z,SUGG,1,14.707708333333333,temperature
2017-12-12T00:00:00Z,SUGG,0,14.612708333333334,temperature
2017-12-12T00:00:00Z,SUGG,0.25,14.609375,temperature
2017-12-12T00:00:00Z,SUGG,0.5,14.596458333333333,temperature
2017-12-12T00:00:00Z,SUGG,0.75,14.573333333333334,temperature
2017-12-12T00:00:00Z,SUGG,1,14.535416666666666,temperature
2017-12-13T00:00:00Z,SUGG,0,14.263333333333334,temperature
2017-12-13T00:00:00Z,SUGG,0.25,14.263333333333334,temperature
2017-12-13T00:00:00Z,SUGG,0.5,14.251666666666669,temperature
2017-12-13T00:00:00Z,SUGG,0.75,14.235,temperature
2017-12-13T00:00:00Z,SUGG,1,14.223125,temperature
2017-12-14T00:00:00Z,SUGG,0,14.540833333333332,temperature
2017-12-14T00:00:00Z,SUGG,0.25,14.111458333333331,temperature
2017-12-14T00:00:00Z,SUGG,0.5,13.98,temperature
2017-12-14T00:00:00Z,SUGG,0.75,13.906666666666666,temperature
2017-12-14T00:00:00Z,SUGG,1,13.863333333333332,temperature
2017-12-15T00:00:00Z,SUGG,0,15.5825,temperature
2017-12-15T00:00:00Z,SUGG,0.25,15.11875,temperature
2017-12-15T00:00:00Z,SUGG,0.5,14.782083333333333,temperature
2017-12-15T00:00:00Z,SUGG,0.75,14.499166666666667,temperature
2017-12-15T00:00:00Z,SUGG,1,14.28375,temperature
2017-12-16T00:00:00Z,SUGG,0,15.193541666666668,temperature
2017-12-16T00:00:00Z,SUGG,0.25,15.140416666666669,temperature
2017-12-16T00:00:00Z,SUGG,0.5,14.979166666666666,temperature
2017-12-16T00:00:00Z,SUGG,0.75,14.853958333333331,temperature
2017-12-16T00:00:00Z,SUGG,1,14.620416666666667,temperature
2017-12-17T00:00:00Z,SUGG,0,15.176458333333333,temperature
2017-12-17T00:00:00Z,SUGG,0.25,14.929583333333332,temperature
2017-12-17T00:00:00Z,SUGG,0.5,14.776875,temperature
2017-12-17T00:00:00Z,SUGG,0.75,14.697916666666666,temperature
2017-12-17T00:00:00Z,SUGG,1,14.644583333333332,temperature
2017-12-18T00:00:00Z,SUGG,0,16.4775,temperature
2017-12-18T00:00:00Z,SUGG,0.25,16.2025,temperature
2017-12-18T00:00:00Z,SUGG,0.5,15.945,temperature
2017-12-18T00:00:00Z,SUGG,0.75,15.572708333333331,temperature
2017-12-18T00:00:00Z,SUGG,1,15.021041666666669,temperature
2017-12-19T00:00:00Z,SUGG,0,18.737291666666668,temperature
2017-12-19T00:00:00Z,SUGG,0.25,18.345833333333335,temperature
2017-12-19T00:00:00Z,SUGG,0.5,17.4075,temperature
2017-12-19T00:00:00Z,SUGG,0.75,16.4375,temperature
2017-12-19T00:00:00Z,SUGG,1,15.430208333333333,temperature
2017-12-20T00:00:00Z,SUGG,0,19.12375,temperature
2017-12-20T00:00:00Z,SUGG,0.25,18.949583333333333,temperature
2017-12-20T00:00:00Z,SUGG,0.5,18.327083333333334,temperature
2017-12-20T00:00:00Z,SUGG,0.75,16.948541666666667,temperature
2017-12-20T00:00:00Z,SUGG,1,16.233125,temperature
2017-12-21T00:00:00Z,SUGG,0,19.407916666666665,temperature
2017-12-21T00:00:00Z,SUGG,0.25,19.225625,temperature
2017-12-21T00:00:00Z,SUGG,0.5,18.83375,temperature
2017-12-21T00:00:00Z,SUGG,0.75,18.337916666666665,temperature
2017-12-21T00:00:00Z,SUGG,1,17.485416666666666,temperature
2017-12-22T00:00:00Z,SUGG,0,20.032291666666666,temperature
2017-12-22T00:00:00Z,SUGG,0.25,19.79,temperature
2017-12-22T00:00:00Z,SUGG,0.5,19.382708333333333,temperature
2017-12-22T00:00:00Z,SUGG,0.75,18.78333333333333,temperature
2017-12-22T00:00:00Z,SUGG,1,17.752083333333335,temperature
2017-12-23T00:00:00Z,SUGG,0,19.89,temperature
2017-12-23T00:00:00Z,SUGG,0.25,19.842083333333335,temperature
2017-12-23T00:00:00Z,SUGG,0.5,19.588125,temperature
2017-12-23T00:00:00Z,SUGG,0.75,19.252291666666665,temperature
2017-12-23T00:00:00Z,SUGG,1,18.556041666666665,temperature
2017-12-24T00:00:00Z,SUGG,0,19.9125,temperature
2017-12-24T00:00:00Z,SUGG,0.25,19.902291666666667,temperature
2017-12-24T00:00:00Z,SUGG,0.5,19.886041666666667,temperature
2017-12-24T00:00:00Z,SUGG,0.75,19.841458333333332,temperature
2017-12-24T00:00:00Z,SUGG,1,19.393333333333334,temperature
2017-12-25T00:00:00Z,SUGG,0,19.485625,temperature
2017-12-25T00:00:00Z,SUGG,0.25,19.491875,temperature
2017-12-25T00:00:00Z,SUGG,0.5,19.46625,temperature
2017-12-25T00:00:00Z,SUGG,0.75,19.410416666666663,temperature
2017-12-25T00:00:00Z,SUGG,1,19.15020833333333,temperature
2017-12-26T00:00:00Z,SUGG,0,17.517708333333335,temperature
2017-12-26T00:00:00Z,SUGG,0.25,17.470416666666665,temperature
2017-12-26T00:00:00Z,SUGG,0.5,17.381666666666668,temperature
2017-12-26T00:00:00Z,SUGG,0.75,17.320625,temperature
2017-12-26T00:00:00Z,SUGG,1,17.286875,temperature
2017-12-27T00:00:00Z,SUGG,0,17.051458333333333,temperature
2017-12-27T00:00:00Z,SUGG,0.25,17.057083333333335,temperature
2017-12-27T00:00:00Z,SUGG,0.5,17.04875,temperature
2017-12-27T00:00:00Z,SUGG,0.75,17.019166666666667,temperature
2017-12-27T00:00:00Z,SUGG,1,16.966875,temperature
2017-12-28T00:00:00Z,SUGG,0,16.477083333333333,temperature
2017-12-28T00:00:00Z,SUGG,0.25,16.493125,temperature
2017-12-28T00:00:00Z,SUGG,0.5,16.500208333333333,temperature
2017-12-28T00:00:00Z,SUGG,0.75,16.501875000000002,temperature
2017-12-28T00:00:00Z,SUGG,1,16.504166666666666,temperature
2017-12-29T00:00:00Z,SUGG,0,15.598958333333334,temperature
2017-12-29T00:00:00Z,SUGG,0.25,15.623125,temperature
2017-12-29T00:00:00Z,SUGG,0.5,15.633333333333333,temperature
2017-12-29T00:00:00Z,SUGG,0.75,15.635208333333331,temperature
2017-12-29T00:00:00Z,SUGG,1,15.636666666666668,temperature
2017-12-30T00:00:00Z,SUGG,0,14.810208333333334,temperature
2017-12-30T00:00:00Z,SUGG,0.25,14.818958333333333,temperature
2017-12-30T00:00:00Z,SUGG,0.5,14.818958333333333,temperature
2017-12-30T00:00:00Z,SUGG,0.75,14.813541666666667,temperature
2017-12-30T00:00:00Z,SUGG,1,14.809791666666667,temperature
2017-12-31T00:00:00Z,SUGG,0,14.928297872340426,temperature
2017-12-31T00:00:00Z,SUGG,0.25,14.53875,temperature
2017-12-31T00:00:00Z,SUGG,0.5,14.338541666666666,temperature
2017-12-31T00:00:00Z,SUGG,0.75,14.250625,temperature
2017-12-31T00:00:00Z,SUGG,1,14.223333333333333,temperature
2018-01-01T00:00:00Z,SUGG,0,13.969375,temperature
2018-01-01T00:00:00Z,SUGG,0.25,13.969583333333333,temperature
2018-01-01T00:00:00Z,SUGG,0.5,13.89375,temperature
2018-01-01T00:00:00Z,SUGG,0.75,13.84625,temperature
2018-01-01T00:00:00Z,SUGG,1,13.835208333333334,temperature
2018-01-02T00:00:00Z,SUGG,0,11.768333333333333,temperature
2018-01-02T00:00:00Z,SUGG,0.25,11.787083333333332,temperature
2018-01-02T00:00:00Z,SUGG,0.5,11.799166666666666,temperature
2018-01-02T00:00:00Z,SUGG,0.75,11.804166666666667,temperature
2018-01-02T00:00:00Z,SUGG,1,11.805416666666666,temperature
2018-01-03T00:00:00Z,SUGG,0,10.197916666666666,temperature
2018-01-03T00:00:00Z,SUGG,0.25,10.214791666666668,temperature
2018-01-03T00:00:00Z,SUGG,0.5,10.224583333333332,temperature
2018-01-03T00:00:00Z,SUGG,0.75,10.227916666666667,temperature
2018-01-03T00:00:00Z,SUGG,1,10.228125,temperature
2018-01-04T00:00:00Z,SUGG,0,9.274166666666666,temperature
2018-01-04T00:00:00Z,SUGG,0.25,9.297708333333333,temperature
2018-01-04T00:00:00Z,SUGG,0.5,9.305625,temperature
2018-01-04T00:00:00Z,SUGG,0.75,9.305833333333334,temperature
2018-01-04T00:00:00Z,SUGG,1,9.303541666666666,temperature
2018-01-05T00:00:00Z,SUGG,0,8.889583333333333,temperature
2018-01-05T00:00:00Z,SUGG,0.25,8.890833333333333,temperature
2018-01-05T00:00:00Z,SUGG,0.5,8.88375,temperature
2018-01-05T00:00:00Z,SUGG,0.75,8.869791666666666,temperature
2018-01-05T00:00:00Z,SUGG,1,8.856875,temperature
2018-01-06T00:00:00Z,SUGG,0,8.633541666666666,temperature
2018-01-06T00:00:00Z,SUGG,0.25,8.645416666666666,temperature
2018-01-06T00:00:00Z,SUGG,0.5,8.644791666666666,temperature
2018-01-06T00:00:00Z,SUGG,0.75,8.63625,temperature
2018-01-06T00:00:00Z,SUGG,1,8.623958333333333,temperature
2018-01-07T00:00:00Z,SUGG,0,8.634166666666667,temperature
2018-01-07T00:00:00Z,SUGG,0.25,8.642083333333334,temperature
2018-01-07T00:00:00Z,SUGG,0.5,8.641458333333333,temperature
2018-01-07T00:00:00Z,SUGG,0.75,8.63375,temperature
2018-01-07T00:00:00Z,SUGG,1,8.621458333333333,temperature
2018-01-08T00:00:00Z,SUGG,0,9.240833333333333,temperature
2018-01-08T00:00:00Z,SUGG,0.25,9.133958333333334,temperature
2018-01-08T00:00:00Z,SUGG,0.5,9.085416666666667,temperature
2018-01-08T00:00:00Z,SUGG,0.75,9.057291666666666,temperature
2018-01-08T00:00:00Z,SUGG,1,9.032083333333333,temperature
2018-01-09T00:00:00Z,SUGG,0,10.453333333333331,temperature
2018-01-09T00:00:00Z,SUGG,0.25,10.374102564102564,temperature
2018-01-09T00:00:00Z,SUGG,0.5,10.246923076923077,temperature
2018-01-09T00:00:00Z,SUGG,0.75,10.014871794871794,temperature
2018-01-09T00:00:00Z,SUGG,1,9.837692307692308,temperature
2018-01-11T00:00:00Z,SUGG,0,16.76,temperature
2018-01-11T00:00:00Z,SUGG,0.25,16.511666666666667,temperature
2018-01-11T00:00:00Z,SUGG,0.5,16.335,temperature
2018-01-11T00:00:00Z,SUGG,0.75,14.798333333333334,temperature
2018-01-11T00:00:00Z,SUGG,1,13.008333333333333,temperature
2018-01-12T00:00:00Z,SUGG,0,16.163125,temperature
2018-01-12T00:00:00Z,SUGG,0.25,15.908958333333333,temperature
2018-01-12T00:00:00Z,SUGG,0.5,15.330416666666666,temperature
2018-01-12T00:00:00Z,SUGG,0.75,14.423958333333331,temperature
2018-01-12T00:00:00Z,SUGG,1,13.780625,temperature
2018-01-13T00:00:00Z,SUGG,0,14.9225,temperature
2018-01-13T00:00:00Z,SUGG,0.25,14.934583333333334,temperature
2018-01-13T00:00:00Z,SUGG,0.5,14.912083333333332,temperature
2018-01-13T00:00:00Z,SUGG,0.75,14.794166666666667,temperature
2018-01-13T00:00:00Z,SUGG,1,14.41,temperature
2018-01-14T00:00:00Z,SUGG,0,12.939791666666666,temperature
2018-01-14T00:00:00Z,SUGG,0.25,12.975208333333333,temperature
2018-01-14T00:00:00Z,SUGG,0.5,12.971458333333333,temperature
2018-01-14T00:00:00Z,SUGG,0.75,12.962083333333334,temperature
2018-01-14T00:00:00Z,SUGG,1,12.94125,temperature
2018-01-15T00:00:00Z,SUGG,0,12.044583333333334,temperature
2018-01-15T00:00:00Z,SUGG,0.25,12.069166666666666,temperature
2018-01-15T00:00:00Z,SUGG,0.5,12.058541666666668,temperature
2018-01-15T00:00:00Z,SUGG,0.75,12.041875,temperature
2018-01-15T00:00:00Z,SUGG,1,12.018541666666668,temperature
2018-01-16T00:00:00Z,SUGG,0,12.1775,temperature
2018-01-16T00:00:00Z,SUGG,0.25,12.039375,temperature
2018-01-16T00:00:00Z,SUGG,0.5,11.947291666666668,temperature
2018-01-16T00:00:00Z,SUGG,0.75,11.894791666666666,temperature
2018-01-16T00:00:00Z,SUGG,1,11.824583333333331,temperature
2018-01-17T00:00:00Z,SUGG,0,12.369787234042551,temperature
2018-01-17T00:00:00Z,SUGG,0.25,12.38936170212766,temperature
2018-01-17T00:00:00Z,SUGG,0.5,12.382978723404255,temperature
2018-01-17T00:00:00Z,SUGG,0.75,12.292978723404255,temperature
2018-01-17T00:00:00Z,SUGG,1,12.065531914893617,temperature
2018-01-18T00:00:00Z,SUGG,0,10.956458333333334,temperature
2018-01-18T00:00:00Z,SUGG,0.25,10.962916666666668,temperature
2018-01-18T00:00:00Z,SUGG,0.5,10.941458333333332,temperature
2018-01-18T00:00:00Z,SUGG,0.75,10.923958333333331,temperature
2018-01-18T00:00:00Z,SUGG,1,10.90625,temperature
2018-01-19T00:00:00Z,SUGG,0,11.130833333333332,temperature
2018-01-19T00:00:00Z,SUGG,0.25,10.577708333333334,temperature
2018-01-19T00:00:00Z,SUGG,0.5,10.377708333333333,temperature
2018-01-19T00:00:00Z,SUGG,0.75,10.295208333333331,temperature
2018-01-19T00:00:00Z,SUGG,1,10.2125,temperature
2018-01-20T00:00:00Z,SUGG,0,11.633958333333334,temperature
2018-01-20T00:00:00Z,SUGG,0.25,11.058541666666668,temperature
2018-01-20T00:00:00Z,SUGG,0.5,10.483333333333334,temperature
2018-01-20T00:00:00Z,SUGG,0.75,10.084791666666666,temperature
2018-01-20T00:00:00Z,SUGG,1,9.978125,temperature
2018-01-21T00:00:00Z,SUGG,0,12.203125,temperature
2018-01-21T00:00:00Z,SUGG,0.25,11.509583333333332,temperature
2018-01-21T00:00:00Z,SUGG,0.5,10.781666666666666,temperature
2018-01-21T00:00:00Z,SUGG,0.75,10.329791666666669,temperature
2018-01-21T00:00:00Z,SUGG,1,10.132708333333332,temperature
2018-01-22T00:00:00Z,SUGG,0,13.164791666666666,temperature
2018-01-22T00:00:00Z,SUGG,0.25,12.8175,temperature
2018-01-22T00:00:00Z,SUGG,0.5,12.474375,temperature
2018-01-22T00:00:00Z,SUGG,0.75,11.718125,temperature
2018-01-22T00:00:00Z,SUGG,1,11.100212765957448,temperature
2018-01-23T00:00:00Z,SUGG,0,14.771041666666669,temperature
2018-01-23T00:00:00Z,SUGG,0.25,14.675833333333332,temperature
2018-01-23T00:00:00Z,SUGG,0.5,14.583958333333332,temperature
2018-01-23T00:00:00Z,SUGG,0.75,14.459791666666666,temperature
2018-01-23T00:00:00Z,SUGG,1,13.999130434782607,temperature
2018-01-24T00:00:00Z,SUGG,0,14.914583333333333,temperature
2018-01-24T00:00:00Z,SUGG,0.25,14.776666666666667,temperature
2018-01-24T00:00:00Z,SUGG,0.5,14.673333333333334,temperature
2018-01-24T00:00:00Z,SUGG,0.75,14.585625,temperature
2018-01-24T00:00:00Z,SUGG,1,14.21375,temperature
2018-01-25T00:00:00Z,SUGG,0,13.88375,temperature
2018-01-25T00:00:00Z,SUGG,0.25,13.89375,temperature
2018-01-25T00:00:00Z,SUGG,0.5,13.85875,temperature
2018-01-25T00:00:00Z,SUGG,0.75,13.708333333333334,temperature
2018-01-25T00:00:00Z,SUGG,1,13.278958333333334,temperature
2018-01-26T00:00:00Z,SUGG,0,12.760625,temperature
2018-01-26T00:00:00Z,SUGG,0.25,12.779791666666666,temperature
2018-01-26T00:00:00Z,SUGG,0.5,12.77,temperature
2018-01-26T00:00:00Z,SUGG,0.75,12.757708333333332,temperature
2018-01-26T00:00:00Z,SUGG,1,12.740625,temperature
2018-01-27T00:00:00Z,SUGG,0,13.52375,temperature
2018-01-27T00:00:00Z,SUGG,0.25,13.509791666666668,temperature
2018-01-27T00:00:00Z,SUGG,0.5,13.491666666666667,temperature
2018-01-27T00:00:00Z,SUGG,0.75,13.468541666666669,temperature
2018-01-27T00:00:00Z,SUGG,1,13.441041666666669,temperature
2018-01-28T00:00:00Z,SUGG,0,14.692916666666669,temperature
2018-01-28T00:00:00Z,SUGG,0.25,14.596041666666666,temperature
2018-01-28T00:00:00Z,SUGG,0.5,14.498333333333331,temperature
2018-01-28T00:00:00Z,SUGG,0.75,14.418333333333331,temperature
2018-01-28T00:00:00Z,SUGG,1,14.355833333333331,temperature
2018-01-29T00:00:00Z,SUGG,0,15.670416666666666,temperature
2018-01-29T00:00:00Z,SUGG,0.25,15.59875,temperature
2018-01-29T00:00:00Z,SUGG,0.5,15.5075,temperature
2018-01-29T00:00:00Z,SUGG,0.75,15.410625,temperature
2018-01-29T00:00:00Z,SUGG,1,15.310416666666669,temperature
2018-01-30T00:00:00Z,SUGG,0,14.870416666666667,temperature
2018-01-30T00:00:00Z,SUGG,0.25,14.895,temperature
2018-01-30T00:00:00Z,SUGG,0.5,14.892291666666669,temperature
2018-01-30T00:00:00Z,SUGG,0.75,14.888333333333334,temperature
2018-01-30T00:00:00Z,SUGG,1,14.878541666666669,temperature
2018-01-31T00:00:00Z,SUGG,0,14.225208333333333,temperature
2018-01-31T00:00:00Z,SUGG,0.25,14.2325,temperature
2018-01-31T00:00:00Z,SUGG,0.5,14.219791666666667,temperature
2018-01-31T00:00:00Z,SUGG,0.75,14.202291666666667,temperature
2018-01-31T00:00:00Z,SUGG,1,14.176666666666666,temperature
2018-02-01T00:00:00Z,SUGG,0,14.613333333333332,temperature
2018-02-01T00:00:00Z,SUGG,0.25,14.389583333333333,temperature
2018-02-01T00:00:00Z,SUGG,0.5,14.270208333333333,temperature
2018-02-01T00:00:00Z,SUGG,0.75,14.2375,temperature
2018-02-01T00:00:00Z,SUGG,1,14.211041666666668,temperature
2018-02-02T00:00:00Z,SUGG,0,15.438541666666667,temperature
2018-02-02T00:00:00Z,SUGG,0.25,15.173541666666669,temperature
2018-02-02T00:00:00Z,SUGG,0.5,14.991041666666666,temperature
2018-02-02T00:00:00Z,SUGG,0.75,14.841041666666667,temperature
2018-02-02T00:00:00Z,SUGG,1,14.702708333333334,temperature
2018-02-03T00:00:00Z,SUGG,0,14.413333333333334,temperature
2018-02-03T00:00:00Z,SUGG,0.25,14.433541666666668,temperature
2018-02-03T00:00:00Z,SUGG,0.5,14.430625,temperature
2018-02-03T00:00:00Z,SUGG,0.75,14.425,temperature
2018-02-03T00:00:00Z,SUGG,1,14.406041666666669,temperature
2018-02-04T00:00:00Z,SUGG,0,14.4225,temperature
2018-02-04T00:00:00Z,SUGG,0.25,14.42125,temperature
2018-02-04T00:00:00Z,SUGG,0.5,14.41625,temperature
2018-02-04T00:00:00Z,SUGG,0.75,14.41125,temperature
2018-02-04T00:00:00Z,SUGG,1,14.40125,temperature
2018-02-05T00:00:00Z,SUGG,0,15.6625,temperature
2018-02-05T00:00:00Z,SUGG,0.25,15.396595744680852,temperature
2018-02-05T00:00:00Z,SUGG,0.5,15.303541666666666,temperature
2018-02-05T00:00:00Z,SUGG,0.75,15.128541666666669,temperature
2018-02-05T00:00:00Z,SUGG,1,15.028125,temperature
2018-02-06T00:00:00Z,SUGG,0,16.093333333333334,temperature
2018-02-06T00:00:00Z,SUGG,0.25,15.769791666666666,temperature
2018-02-06T00:00:00Z,SUGG,0.5,15.513958333333331,temperature
2018-02-06T00:00:00Z,SUGG,0.75,15.298541666666669,temperature
2018-02-06T00:00:00Z,SUGG,1,15.160416666666666,temperature
2018-02-07T00:00:00Z,SUGG,0,17.11,temperature
2018-02-07T00:00:00Z,SUGG,0.25,16.989791666666665,temperature
2018-02-07T00:00:00Z,SUGG,0.5,16.776875,temperature
2018-02-07T00:00:00Z,SUGG,0.75,16.53,temperature
2018-02-07T00:00:00Z,SUGG,1,16.208333333333332,temperature
2018-02-08T00:00:00Z,SUGG,0,17.987916666666667,temperature
2018-02-08T00:00:00Z,SUGG,0.25,17.968125,temperature
2018-02-08T00:00:00Z,SUGG,0.5,17.906458333333333,temperature
2018-02-08T00:00:00Z,SUGG,0.75,17.702083333333334,temperature
2018-02-08T00:00:00Z,SUGG,1,17.287708333333335,temperature
2018-02-09T00:00:00Z,SUGG,0,17.937291666666667,temperature
2018-02-09T00:00:00Z,SUGG,0.25,17.335208333333334,temperature
2018-02-09T00:00:00Z,SUGG,0.5,17.101458333333333,temperature
2018-02-09T00:00:00Z,SUGG,0.75,16.99395833333333,temperature
2018-02-09T00:00:00Z,SUGG,1,16.911875,temperature
2018-02-10T00:00:00Z,SUGG,0,19.44708333333333,temperature
2018-02-10T00:00:00Z,SUGG,0.25,18.826666666666668,temperature
2018-02-10T00:00:00Z,SUGG,0.5,18.307083333333335,temperature
2018-02-10T00:00:00Z,SUGG,0.75,17.861041666666665,temperature
2018-02-10T00:00:00Z,SUGG,1,17.419375,temperature
2018-02-11T00:00:00Z,SUGG,0,20.35333333333333,temperature
2018-02-11T00:00:00Z,SUGG,0.25,20.316666666666663,temperature
2018-02-11T00:00:00Z,SUGG,0.5,20.081666666666667,temperature
2018-02-11T00:00:00Z,SUGG,0.75,19.645833333333332,temperature
2018-02-11T00:00:00Z,SUGG,1,18.710833333333333,temperature
2018-02-12T00:00:00Z,SUGG,0,21.590833333333332,temperature
2018-02-12T00:00:00Z,SUGG,0.25,21.362916666666667,temperature
2018-02-12T00:00:00Z,SUGG,0.5,21.196666666666665,temperature
2018-02-12T00:00:00Z,SUGG,0.75,20.5675,temperature
2018-02-12T00:00:00Z,SUGG,1,19.278958333333335,temperature
2018-02-13T00:00:00Z,SUGG,0,20.840416666666663,temperature
2018-02-13T00:00:00Z,SUGG,0.25,20.786458333333332,temperature
2018-02-13T00:00:00Z,SUGG,0.5,20.550416666666667,temperature
2018-02-13T00:00:00Z,SUGG,0.75,20.260416666666668,temperature
2018-02-13T00:00:00Z,SUGG,1,19.427291666666665,temperature
2018-02-14T00:00:00Z,SUGG,0,19.10897435897436,temperature
2018-02-14T00:00:00Z,SUGG,0.25,19.11897435897436,temperature
2018-02-14T00:00:00Z,SUGG,0.5,19.10923076923077,temperature
2018-02-14T00:00:00Z,SUGG,0.75,19.075641025641023,temperature
2018-02-14T00:00:00Z,SUGG,1,18.963589743589743,temperature
2018-02-27T00:00:00Z,SUGG,0,23.720714285714287,temperature
2018-02-27T00:00:00Z,SUGG,0.25,23.705,temperature
2018-02-27T00:00:00Z,SUGG,0.5,23.664285714285715,temperature
2018-02-27T00:00:00Z,SUGG,0.75,23.57,temperature
2018-02-27T00:00:00Z,SUGG,1,23.301428571428573,temperature
2018-02-28T00:00:00Z,SUGG,0,22.529148936170213,temperature
2018-02-28T00:00:00Z,SUGG,0.25,22.504255319148935,temperature
2018-02-28T00:00:00Z,SUGG,0.5,22.479574468085108,temperature
2018-02-28T00:00:00Z,SUGG,0.75,22.45595744680851,temperature
2018-02-28T00:00:00Z,SUGG,1,22.38148936170213,temperature
2018-03-01T00:00:00Z,SUGG,0,22.93541666666667,temperature
2018-03-01T00:00:00Z,SUGG,0.25,22.935,temperature
2018-03-01T00:00:00Z,SUGG,0.5,22.925,temperature
2018-03-01T00:00:00Z,SUGG,0.75,22.895625,temperature
2018-03-01T00:00:00Z,SUGG,1,22.780833333333337,temperature
2018-03-02T00:00:00Z,SUGG,0,22.592708333333334,temperature
2018-03-02T00:00:00Z,SUGG,0.25,22.607708333333335,temperature
2018-03-02T00:00:00Z,SUGG,0.5,22.59,temperature
2018-03-02T00:00:00Z,SUGG,0.75,22.56,temperature
2018-03-02T00:00:00Z,SUGG,1,22.500833333333333,temperature
2018-03-03T00:00:00Z,SUGG,0,21.553958333333338,temperature
2018-03-03T00:00:00Z,SUGG,0.25,21.577708333333337,temperature
2018-03-03T00:00:00Z,SUGG,0.5,21.543125,temperature
2018-03-03T00:00:00Z,SUGG,0.75,21.49625,temperature
2018-03-03T00:00:00Z,SUGG,1,21.449166666666667,temperature
2018-03-04T00:00:00Z,SUGG,0,20.351458333333333,temperature
2018-03-04T00:00:00Z,SUGG,0.25,20.366041666666668,temperature
2018-03-04T00:00:00Z,SUGG,0.5,20.354791666666667,temperature
2018-03-04T00:00:00Z,SUGG,0.75,20.338333333333335,temperature
2018-03-04T00:00:00Z,SUGG,1,20.317083333333333,temperature
2018-03-05T00:00:00Z,SUGG,0,20.447916666666668,temperature
2018-03-05T00:00:00Z,SUGG,0.25,19.994166666666665,temperature
2018-03-05T00:00:00Z,SUGG,0.5,19.440416666666668,temperature
2018-03-05T00:00:00Z,SUGG,0.75,19.275625,temperature
2018-03-05T00:00:00Z,SUGG,1,19.225416666666668,temperature
2018-03-06T00:00:00Z,SUGG,0,19.501666666666665,temperature
2018-03-06T00:00:00Z,SUGG,0.25,19.40125,temperature
2018-03-06T00:00:00Z,SUGG,0.5,19.210208333333338,temperature
2018-03-06T00:00:00Z,SUGG,0.75,19.110208333333333,temperature
2018-03-06T00:00:00Z,SUGG,1,19.051666666666662,temperature
2018-03-07T00:00:00Z,SUGG,0,19.3325,temperature
2018-03-07T00:00:00Z,SUGG,0.25,19.350833333333338,temperature
2018-03-07T00:00:00Z,SUGG,0.5,19.346666666666668,temperature
2018-03-07T00:00:00Z,SUGG,0.75,19.337916666666665,temperature
2018-03-07T00:00:00Z,SUGG,1,19.326666666666668,temperature
2018-03-08T00:00:00Z,SUGG,0,18.712916666666665,temperature
2018-03-08T00:00:00Z,SUGG,0.25,18.74625,temperature
2018-03-08T00:00:00Z,SUGG,0.5,18.746666666666663,temperature
2018-03-08T00:00:00Z,SUGG,0.75,18.7425,temperature
2018-03-08T00:00:00Z,SUGG,1,18.736666666666668,temperature
2018-03-09T00:00:00Z,SUGG,0,18.691041666666667,temperature
2018-03-09T00:00:00Z,SUGG,0.25,18.184166666666663,temperature
2018-03-09T00:00:00Z,SUGG,0.5,17.942708333333332,temperature
2018-03-09T00:00:00Z,SUGG,0.75,17.786875,temperature
2018-03-09T00:00:00Z,SUGG,1,17.727708333333332,temperature
2018-03-10T00:00:00Z,SUGG,0,18.258541666666662,temperature
2018-03-10T00:00:00Z,SUGG,0.25,18.220208333333332,temperature
2018-03-10T00:00:00Z,SUGG,0.5,17.941458333333333,temperature
2018-03-10T00:00:00Z,SUGG,0.75,17.698333333333334,temperature
2018-03-10T00:00:00Z,SUGG,1,17.615,temperature
2018-03-11T00:00:00Z,SUGG,0,18.930833333333332,temperature
2018-03-11T00:00:00Z,SUGG,0.25,18.629583333333333,temperature
2018-03-11T00:00:00Z,SUGG,0.5,18.13083333333333,temperature
2018-03-11T00:00:00Z,SUGG,0.75,17.751666666666665,temperature
2018-03-11T00:00:00Z,SUGG,1,17.52375,temperature
2018-03-12T00:00:00Z,SUGG,0,19.2325,temperature
2018-03-12T00:00:00Z,SUGG,0.25,19.205,temperature
2018-03-12T00:00:00Z,SUGG,0.5,19.034791666666667,temperature
2018-03-12T00:00:00Z,SUGG,0.75,18.39851063829787,temperature
2018-03-12T00:00:00Z,SUGG,1,17.999166666666667,temperature
2018-03-13T00:00:00Z,SUGG,0,18.048541666666665,temperature
2018-03-13T00:00:00Z,SUGG,0.25,17.982083333333332,temperature
2018-03-13T00:00:00Z,SUGG,0.5,17.898958333333333,temperature
2018-03-13T00:00:00Z,SUGG,0.75,17.837083333333332,temperature
2018-03-13T00:00:00Z,SUGG,1,17.805208333333333,temperature
2018-03-14T00:00:00Z,SUGG,0,17.879791666666666,temperature
2018-03-14T00:00:00Z,SUGG,0.25,17.885208333333335,temperature
2018-03-14T00:00:00Z,SUGG,0.5,17.8625,temperature
2018-03-14T00:00:00Z,SUGG,0.75,17.797916666666666,temperature
2018-03-14T00:00:00Z,SUGG,1,17.67625,temperature
2018-03-15T00:00:00Z,SUGG,0,17.756875,temperature
2018-03-15T00:00:00Z,SUGG,0.25,17.650833333333335,temperature
2018-03-15T00:00:00Z,SUGG,0.5,17.516875,temperature
2018-03-15T00:00:00Z,SUGG,0.75,17.438333333333333,temperature
2018-03-15T00:00:00Z,SUGG,1,17.390833333333333,temperature
2018-03-16T00:00:00Z,SUGG,0,18.042708333333337,temperature
2018-03-16T00:00:00Z,SUGG,0.25,17.982708333333335,temperature
2018-03-16T00:00:00Z,SUGG,0.5,17.908125000000002,temperature
2018-03-16T00:00:00Z,SUGG,0.75,17.740625,temperature
2018-03-16T00:00:00Z,SUGG,1,17.439375,temperature
2018-03-17T00:00:00Z,SUGG,0,19.182291666666668,temperature
2018-03-17T00:00:00Z,SUGG,0.25,19.011041666666667,temperature
2018-03-17T00:00:00Z,SUGG,0.5,18.874166666666667,temperature
2018-03-17T00:00:00Z,SUGG,0.75,18.665625,temperature
2018-03-17T00:00:00Z,SUGG,1,18.09583333333333,temperature
2018-03-18T00:00:00Z,SUGG,0,20.407083333333333,temperature
2018-03-18T00:00:00Z,SUGG,0.25,20.31625,temperature
2018-03-18T00:00:00Z,SUGG,0.5,20.023333333333333,temperature
2018-03-18T00:00:00Z,SUGG,0.75,19.399148936170217,temperature
2018-03-18T00:00:00Z,SUGG,1,18.562291666666667,temperature
2018-03-19T00:00:00Z,SUGG,0,21.08875,temperature
2018-03-19T00:00:00Z,SUGG,0.25,21.032916666666665,temperature
2018-03-19T00:00:00Z,SUGG,0.5,20.858958333333337,temperature
2018-03-19T00:00:00Z,SUGG,0.75,20.16583333333333,temperature
2018-03-19T00:00:00Z,SUGG,1,19.53125,temperature
2018-03-20T00:00:00Z,SUGG,0,20.261041666666667,temperature
2018-03-20T00:00:00Z,SUGG,0.25,20.235833333333332,temperature
2018-03-20T00:00:00Z,SUGG,0.5,20.229583333333338,temperature
2018-03-20T00:00:00Z,SUGG,0.75,20.212291666666665,temperature
2018-03-20T00:00:00Z,SUGG,1,20.161458333333332,temperature
2018-03-21T00:00:00Z,SUGG,0,19.377708333333334,temperature
2018-03-21T00:00:00Z,SUGG,0.25,19.42,temperature
2018-03-21T00:00:00Z,SUGG,0.5,19.422291666666663,temperature
2018-03-21T00:00:00Z,SUGG,0.75,19.42,temperature
2018-03-21T00:00:00Z,SUGG,1,19.416458333333335,temperature
2018-03-22T00:00:00Z,SUGG,0,18.704166666666666,temperature
2018-03-22T00:00:00Z,SUGG,0.25,18.716875,temperature
2018-03-22T00:00:00Z,SUGG,0.5,18.710833333333333,temperature
2018-03-22T00:00:00Z,SUGG,0.75,18.700416666666666,temperature
2018-03-22T00:00:00Z,SUGG,1,18.689375,temperature
2018-03-23T00:00:00Z,SUGG,0,18.552291666666665,temperature
2018-03-23T00:00:00Z,SUGG,0.25,18.522083333333335,temperature
2018-03-23T00:00:00Z,SUGG,0.5,18.480625,temperature
2018-03-23T00:00:00Z,SUGG,0.75,18.439791666666668,temperature
2018-03-23T00:00:00Z,SUGG,1,18.404375,temperature
2018-03-24T00:00:00Z,SUGG,0,19.522083333333335,temperature
2018-03-24T00:00:00Z,SUGG,0.25,19.156170212765957,temperature
2018-03-24T00:00:00Z,SUGG,0.5,18.922916666666666,temperature
2018-03-24T00:00:00Z,SUGG,0.75,18.676458333333333,temperature
2018-03-24T00:00:00Z,SUGG,1,18.4275,temperature
2018-03-25T00:00:00Z,SUGG,0,19.525833333333335,temperature
2018-03-25T00:00:00Z,SUGG,0.25,19.516458333333333,temperature
2018-03-25T00:00:00Z,SUGG,0.5,19.34625,temperature
2018-03-25T00:00:00Z,SUGG,0.75,19.18125,temperature
2018-03-25T00:00:00Z,SUGG,1,19.03375,temperature
2018-03-26T00:00:00Z,SUGG,0,19.635416666666668,temperature
2018-03-26T00:00:00Z,SUGG,0.25,19.643541666666668,temperature
2018-03-26T00:00:00Z,SUGG,0.5,19.640625,temperature
2018-03-26T00:00:00Z,SUGG,0.75,19.63,temperature
2018-03-26T00:00:00Z,SUGG,1,19.608125,temperature
2018-03-27T00:00:00Z,SUGG,0,19.23723404255319,temperature
2018-03-27T00:00:00Z,SUGG,0.25,19.230652173913043,temperature
2018-03-27T00:00:00Z,SUGG,0.5,19.208510638297874,temperature
2018-03-27T00:00:00Z,SUGG,0.75,19.19282608695652,temperature
2018-03-27T00:00:00Z,SUGG,1,19.155744680851065,temperature
2018-03-28T00:00:00Z,SUGG,0,20.643541666666668,temperature
2018-03-28T00:00:00Z,SUGG,0.25,20.369148936170212,temperature
2018-03-28T00:00:00Z,SUGG,0.5,20.116875,temperature
2018-03-28T00:00:00Z,SUGG,0.75,19.881875,temperature
2018-03-28T00:00:00Z,SUGG,1,19.729375,temperature
2018-03-29T00:00:00Z,SUGG,0,21.69441860465116,temperature
2018-03-29T00:00:00Z,SUGG,0.25,21.60697674418605,temperature
2018-03-29T00:00:00Z,SUGG,0.5,21.260465116279068,temperature
2018-03-29T00:00:00Z,SUGG,0.75,21.004186046511627,temperature
2018-03-29T00:00:00Z,SUGG,1,20.703023255813953,temperature
2018-03-30T00:00:00Z,SUGG,0,22.061458333333334,temperature
2018-03-30T00:00:00Z,SUGG,0.25,22.056875,temperature
2018-03-30T00:00:00Z,SUGG,0.5,22.014375,temperature
2018-03-30T00:00:00Z,SUGG,0.75,21.963958333333338,temperature
2018-03-30T00:00:00Z,SUGG,1,21.814583333333335,temperature
2018-03-31T00:00:00Z,SUGG,0,21.637708333333332,temperature
2018-03-31T00:00:00Z,SUGG,0.25,21.635,temperature
2018-03-31T00:00:00Z,SUGG,0.5,21.61541666666667,temperature
2018-03-31T00:00:00Z,SUGG,0.75,21.584791666666668,temperature
2018-03-31T00:00:00Z,SUGG,1,21.520625,temperature
2018-04-01T00:00:00Z,SUGG,0,22.160625,temperature
2018-04-01T00:00:00Z,SUGG,0.25,21.688085106382974,temperature
2018-04-01T00:00:00Z,SUGG,0.5,21.419583333333335,temperature
2018-04-01T00:00:00Z,SUGG,0.75,21.227291666666662,temperature
2018-04-01T00:00:00Z,SUGG,1,21.142291666666665,temperature
2018-04-02T00:00:00Z,SUGG,0,23.397916666666667,temperature
2018-04-02T00:00:00Z,SUGG,0.25,23.092708333333334,temperature
2018-04-02T00:00:00Z,SUGG,0.5,22.709791666666668,temperature
2018-04-02T00:00:00Z,SUGG,0.75,22.098125,temperature
2018-04-02T00:00:00Z,SUGG,1,21.406458333333333,temperature
2018-04-03T00:00:00Z,SUGG,0,24.52,temperature
2018-04-03T00:00:00Z,SUGG,0.25,24.384791666666665,temperature
2018-04-03T00:00:00Z,SUGG,0.5,24.141458333333333,temperature
2018-04-03T00:00:00Z,SUGG,0.75,23.35,temperature
2018-04-03T00:00:00Z,SUGG,1,21.836666666666662,temperature
2018-04-04T00:00:00Z,SUGG,0,25.107291666666665,temperature
2018-04-04T00:00:00Z,SUGG,0.25,25.089166666666667,temperature
2018-04-04T00:00:00Z,SUGG,0.5,24.977916666666665,temperature
2018-04-04T00:00:00Z,SUGG,0.75,24.477083333333333,temperature
2018-04-04T00:00:00Z,SUGG,1,23.029347826086955,temperature
2018-04-05T00:00:00Z,SUGG,0,23.574791666666663,temperature
2018-04-05T00:00:00Z,SUGG,0.25,23.575208333333332,temperature
2018-04-05T00:00:00Z,SUGG,0.5,23.540208333333332,temperature
2018-04-05T00:00:00Z,SUGG,0.75,23.467708333333334,temperature
2018-04-05T00:00:00Z,SUGG,1,23.09404255319149,temperature
2018-04-06T00:00:00Z,SUGG,0,23.66208333333333,temperature
2018-04-06T00:00:00Z,SUGG,0.25,23.482083333333332,temperature
2018-04-06T00:00:00Z,SUGG,0.5,23.085744680851064,temperature
2018-04-06T00:00:00Z,SUGG,0.75,22.553125,temperature
2018-04-06T00:00:00Z,SUGG,1,22.349375,temperature
2018-04-07T00:00:00Z,SUGG,0,23.984583333333333,temperature
2018-04-07T00:00:00Z,SUGG,0.25,23.863333333333333,temperature
2018-04-07T00:00:00Z,SUGG,0.5,23.516458333333333,temperature
2018-04-07T00:00:00Z,SUGG,0.75,23.254375,temperature
2018-04-07T00:00:00Z,SUGG,1,23.068958333333335,temperature
2018-04-08T00:00:00Z,SUGG,0,22.747083333333332,temperature
2018-04-08T00:00:00Z,SUGG,0.25,22.764583333333334,temperature
2018-04-08T00:00:00Z,SUGG,0.5,22.764791666666667,temperature
2018-04-08T00:00:00Z,SUGG,0.75,22.761875,temperature
2018-04-08T00:00:00Z,SUGG,1,22.755416666666665,temperature
2018-04-09T00:00:00Z,SUGG,0,21.845208333333332,temperature
2018-04-09T00:00:00Z,SUGG,0.25,21.80625,temperature
2018-04-09T00:00:00Z,SUGG,0.5,21.773958333333333,temperature
2018-04-09T00:00:00Z,SUGG,0.75,21.746041666666667,temperature
2018-04-09T00:00:00Z,SUGG,1,21.716458333333332,temperature
2018-04-10T00:00:00Z,SUGG,0,21.285208333333333,temperature
2018-04-10T00:00:00Z,SUGG,0.25,21.304375,temperature
2018-04-10T00:00:00Z,SUGG,0.5,21.307083333333335,temperature
2018-04-10T00:00:00Z,SUGG,0.75,21.30666666666667,temperature
2018-04-10T00:00:00Z,SUGG,1,21.304375,temperature
2018-04-11T00:00:00Z,SUGG,0,20.97340909090909,temperature
2018-04-11T00:00:00Z,SUGG,0.25,20.965,temperature
2018-04-11T00:00:00Z,SUGG,0.5,20.918863636363636,temperature
2018-04-11T00:00:00Z,SUGG,0.75,20.847272727272728,temperature
2018-04-11T00:00:00Z,SUGG,1,20.652045454545455,temperature
2018-04-12T00:00:00Z,SUGG,0,21.917916666666667,temperature
2018-04-12T00:00:00Z,SUGG,0.25,21.72833333333333,temperature
2018-04-12T00:00:00Z,SUGG,0.5,21.50875,temperature
2018-04-12T00:00:00Z,SUGG,0.75,21.187234042553193,temperature
2018-04-12T00:00:00Z,SUGG,1,20.765208333333337,temperature
2018-04-13T00:00:00Z,SUGG,0,22.49625,temperature
2018-04-13T00:00:00Z,SUGG,0.25,22.367708333333333,temperature
2018-04-13T00:00:00Z,SUGG,0.5,22.110416666666666,temperature
2018-04-13T00:00:00Z,SUGG,0.75,21.698958333333337,temperature
2018-04-13T00:00:00Z,SUGG,1,21.081458333333337,temperature
2018-04-14T00:00:00Z,SUGG,0,23.485625,temperature
2018-04-14T00:00:00Z,SUGG,0.25,23.34404255319149,temperature
2018-04-14T00:00:00Z,SUGG,0.5,23.075833333333332,temperature
2018-04-14T00:00:00Z,SUGG,0.75,22.30291666666667,temperature
2018-04-14T00:00:00Z,SUGG,1,21.536875,temperature
2018-04-15T00:00:00Z,SUGG,0,23.481666666666666,temperature
2018-04-15T00:00:00Z,SUGG,0.25,23.485,temperature
2018-04-15T00:00:00Z,SUGG,0.5,23.29125,temperature
2018-04-15T00:00:00Z,SUGG,0.75,22.678541666666668,temperature
2018-04-15T00:00:00Z,SUGG,1,22.03531914893617,temperature
2018-04-16T00:00:00Z,SUGG,0,21.23125,temperature
2018-04-16T00:00:00Z,SUGG,0.25,21.27125,temperature
2018-04-16T00:00:00Z,SUGG,0.5,21.27166666666667,temperature
2018-04-16T00:00:00Z,SUGG,0.75,21.26625,temperature
2018-04-16T00:00:00Z,SUGG,1,21.258333333333333,temperature
2018-04-17T00:00:00Z,SUGG,0,21.415416666666665,temperature
2018-04-17T00:00:00Z,SUGG,0.25,21.190833333333337,temperature
2018-04-17T00:00:00Z,SUGG,0.5,20.9825,temperature
2018-04-17T00:00:00Z,SUGG,0.75,20.831041666666668,temperature
2018-04-17T00:00:00Z,SUGG,1,20.6775,temperature
2018-04-18T00:00:00Z,SUGG,0,22.446458333333332,temperature
2018-04-18T00:00:00Z,SUGG,0.25,22.283958333333334,temperature
2018-04-18T00:00:00Z,SUGG,0.5,21.843333333333337,temperature
2018-04-18T00:00:00Z,SUGG,0.75,21.4775,temperature
2018-04-18T00:00:00Z,SUGG,1,20.85468085106383,temperature
2018-04-19T00:00:00Z,SUGG,0,22.985625,temperature
2018-04-19T00:00:00Z,SUGG,0.25,22.985833333333332,temperature
2018-04-19T00:00:00Z,SUGG,0.5,22.857916666666668,temperature
2018-04-19T00:00:00Z,SUGG,0.75,22.442708333333332,temperature
2018-04-19T00:00:00Z,SUGG,1,21.586875,temperature
2018-04-20T00:00:00Z,SUGG,0,22.590208333333333,temperature
2018-04-20T00:00:00Z,SUGG,0.25,22.606875,temperature
2018-04-20T00:00:00Z,SUGG,0.5,22.6,temperature
2018-04-20T00:00:00Z,SUGG,0.75,22.582083333333333,temperature
2018-04-20T00:00:00Z,SUGG,1,22.539583333333333,temperature
2018-04-21T00:00:00Z,SUGG,0,21.657708333333332,temperature
2018-04-21T00:00:00Z,SUGG,0.25,21.647916666666667,temperature
2018-04-21T00:00:00Z,SUGG,0.5,21.622291666666666,temperature
2018-04-21T00:00:00Z,SUGG,0.75,21.581875,temperature
2018-04-21T00:00:00Z,SUGG,1,21.530208333333334,temperature
2018-04-22T00:00:00Z,SUGG,0,21.97479166666667,temperature
2018-04-22T00:00:00Z,SUGG,0.25,21.969583333333333,temperature
2018-04-22T00:00:00Z,SUGG,0.5,21.961666666666662,temperature
2018-04-22T00:00:00Z,SUGG,0.75,21.94729166666667,temperature
2018-04-22T00:00:00Z,SUGG,1,21.926458333333333,temperature
2018-04-23T00:00:00Z,SUGG,0,22.593541666666667,temperature
2018-04-23T00:00:00Z,SUGG,0.25,22.55291666666667,temperature
2018-04-23T00:00:00Z,SUGG,0.5,22.512291666666663,temperature
2018-04-23T00:00:00Z,SUGG,0.75,22.459375,temperature
2018-04-23T00:00:00Z,SUGG,1,22.406666666666663,temperature
2018-04-24T00:00:00Z,SUGG,0,23.821956521739132,temperature
2018-04-24T00:00:00Z,SUGG,0.25,23.804565217391303,temperature
2018-04-24T00:00:00Z,SUGG,0.5,23.735434782608696,temperature
2018-04-24T00:00:00Z,SUGG,0.75,23.649565217391302,temperature
2018-04-24T00:00:00Z,SUGG,1,23.543695652173913,temperature
2018-04-25T00:00:00Z,SUGG,0,23.988205128205127,temperature
2018-04-25T00:00:00Z,SUGG,0.25,23.98974358974359,temperature
2018-04-25T00:00:00Z,SUGG,0.5,23.97153846153846,temperature
2018-04-25T00:00:00Z,SUGG,0.75,23.93948717948718,temperature
2018-04-25T00:00:00Z,SUGG,1,23.538947368421052,temperature
2018-04-26T00:00:00Z,SUGG,0,24.974166666666665,temperature
2018-04-26T00:00:00Z,SUGG,0.25,24.840625,temperature
2018-04-26T00:00:00Z,SUGG,0.5,24.715416666666663,temperature
2018-04-26T00:00:00Z,SUGG,0.75,24.597083333333337,temperature
2018-04-26T00:00:00Z,SUGG,1,24.011702127659575,temperature
2018-04-27T00:00:00Z,SUGG,0,25.023541666666667,temperature
2018-04-27T00:00:00Z,SUGG,0.25,25.007083333333338,temperature
2018-04-27T00:00:00Z,SUGG,0.5,24.910833333333333,temperature
2018-04-27T00:00:00Z,SUGG,0.75,24.78125,temperature
2018-04-27T00:00:00Z,SUGG,1,24.581875,temperature
2018-04-28T00:00:00Z,SUGG,0,25.03125,temperature
2018-04-28T00:00:00Z,SUGG,0.25,24.993125,temperature
2018-04-28T00:00:00Z,SUGG,0.5,24.91,temperature
2018-04-28T00:00:00Z,SUGG,0.75,24.748958333333334,temperature
2018-04-28T00:00:00Z,SUGG,1,24.302708333333335,temperature
2018-04-29T00:00:00Z,SUGG,0,26.039166666666667,temperature
2018-04-29T00:00:00Z,SUGG,0.25,25.871875,temperature
2018-04-29T00:00:00Z,SUGG,0.5,25.58375,temperature
2018-04-29T00:00:00Z,SUGG,0.75,24.894255319148936,temperature
2018-04-29T00:00:00Z,SUGG,1,24.190208333333334,temperature
2018-04-30T00:00:00Z,SUGG,0,25.501875,temperature
2018-04-30T00:00:00Z,SUGG,0.25,25.438125,temperature
2018-04-30T00:00:00Z,SUGG,0.5,25.331875,temperature
2018-04-30T00:00:00Z,SUGG,0.75,25.097291666666667,temperature
2018-04-30T00:00:00Z,SUGG,1,24.348936170212767,temperature
2018-05-01T00:00:00Z,SUGG,0,24.970625,temperature
2018-05-01T00:00:00Z,SUGG,0.25,24.914375,temperature
2018-05-01T00:00:00Z,SUGG,0.5,24.832708333333333,temperature
2018-05-01T00:00:00Z,SUGG,0.75,24.657291666666666,temperature
2018-05-01T00:00:00Z,SUGG,1,24.462083333333332,temperature
2018-05-02T00:00:00Z,SUGG,0,25.044791666666665,temperature
2018-05-02T00:00:00Z,SUGG,0.25,25.01,temperature
2018-05-02T00:00:00Z,SUGG,0.5,24.92125,temperature
2018-05-02T00:00:00Z,SUGG,0.75,24.72,temperature
2018-05-02T00:00:00Z,SUGG,1,24.255957446808512,temperature
2018-05-03T00:00:00Z,SUGG,0,25.296666666666667,temperature
2018-05-03T00:00:00Z,SUGG,0.25,25.268125,temperature
2018-05-03T00:00:00Z,SUGG,0.5,25.191875,temperature
2018-05-03T00:00:00Z,SUGG,0.75,24.985,temperature
2018-05-03T00:00:00Z,SUGG,1,24.547916666666666,temperature
2018-05-04T00:00:00Z,SUGG,0,26.2625,temperature
2018-05-04T00:00:00Z,SUGG,0.25,25.650833333333335,temperature
2018-05-04T00:00:00Z,SUGG,0.5,25.20065217391304,temperature
2018-05-04T00:00:00Z,SUGG,0.75,24.950416666666666,temperature
2018-05-04T00:00:00Z,SUGG,1,24.8125,temperature
2018-05-05T00:00:00Z,SUGG,0,26.281875,temperature
2018-05-05T00:00:00Z,SUGG,0.25,26.200208333333332,temperature
2018-05-05T00:00:00Z,SUGG,0.5,25.948125,temperature
2018-05-05T00:00:00Z,SUGG,0.75,25.181875,temperature
2018-05-05T00:00:00Z,SUGG,1,24.598958333333332,temperature
2018-05-06T00:00:00Z,SUGG,0,27.225625,temperature
2018-05-06T00:00:00Z,SUGG,0.25,26.449791666666663,temperature
2018-05-06T00:00:00Z,SUGG,0.5,25.9125,temperature
2018-05-06T00:00:00Z,SUGG,0.75,25.668958333333332,temperature
2018-05-06T00:00:00Z,SUGG,1,25.221875,temperature
2018-05-07T00:00:00Z,SUGG,0,27.900625,temperature
2018-05-07T00:00:00Z,SUGG,0.25,27.532916666666665,temperature
2018-05-07T00:00:00Z,SUGG,0.5,26.57,temperature
2018-05-07T00:00:00Z,SUGG,0.75,25.563958333333332,temperature
2018-05-07T00:00:00Z,SUGG,1,25.014166666666668,temperature
2018-05-08T00:00:00Z,SUGG,0,27.1,temperature
2018-05-08T00:00:00Z,SUGG,0.25,27.0346875,temperature
2018-05-08T00:00:00Z,SUGG,0.5,26.68032258064516,temperature
2018-05-08T00:00:00Z,SUGG,0.75,25.860625,temperature
2018-05-08T00:00:00Z,SUGG,1,24.9971875,temperature
2018-06-07T00:00:00Z,SUGG,0,34.4325,temperature
2018-06-07T00:00:00Z,SUGG,0.25,30.355,temperature
2018-06-07T00:00:00Z,SUGG,0.5,27.12,temperature
2018-06-07T00:00:00Z,SUGG,0.75,26.76375,temperature
2018-06-07T00:00:00Z,SUGG,1,26.30125,temperature
2018-06-18T00:00:00Z,SUGG,0,32.93214285714286,temperature
2018-06-18T00:00:00Z,SUGG,0.25,31.695,temperature
2018-06-18T00:00:00Z,SUGG,0.5,30.342142857142857,temperature
2018-06-18T00:00:00Z,SUGG,0.75,29.359285714285715,temperature
2018-06-18T00:00:00Z,SUGG,1,28.37928571428571,temperature
2018-06-19T00:00:00Z,SUGG,0,30.899375,temperature
2018-06-19T00:00:00Z,SUGG,0.25,30.16625,temperature
2018-06-19T00:00:00Z,SUGG,0.5,29.386666666666667,temperature
2018-06-19T00:00:00Z,SUGG,0.75,28.755833333333335,temperature
2018-06-19T00:00:00Z,SUGG,1,27.213958333333338,temperature
2018-06-20T00:00:00Z,SUGG,0,29.895208333333333,temperature
2018-06-20T00:00:00Z,SUGG,0.25,29.8125,temperature
2018-06-20T00:00:00Z,SUGG,0.5,29.6975,temperature
2018-06-20T00:00:00Z,SUGG,0.75,29.414375,temperature
2018-06-20T00:00:00Z,SUGG,1,28.107916666666668,temperature
2018-06-21T00:00:00Z,SUGG,0,30.010416666666668,temperature
2018-06-21T00:00:00Z,SUGG,0.25,29.846458333333334,temperature
2018-06-21T00:00:00Z,SUGG,0.5,29.638958333333335,temperature
2018-06-21T00:00:00Z,SUGG,0.75,29.25583333333333,temperature
2018-06-21T00:00:00Z,SUGG,1,28.314375,temperature
2018-06-22T00:00:00Z,SUGG,0,30.565,temperature
2018-06-22T00:00:00Z,SUGG,0.25,30.475208333333335,temperature
2018-06-22T00:00:00Z,SUGG,0.5,30.313333333333333,temperature
2018-06-22T00:00:00Z,SUGG,0.75,29.26531914893617,temperature
2018-06-22T00:00:00Z,SUGG,1,28.26625,temperature
2018-06-23T00:00:00Z,SUGG,0,31.296111111111113,temperature
2018-06-23T00:00:00Z,SUGG,0.25,31.272222222222226,temperature
2018-06-23T00:00:00Z,SUGG,0.5,31.173333333333332,temperature
2018-06-23T00:00:00Z,SUGG,0.75,29.267777777777777,temperature
2018-06-23T00:00:00Z,SUGG,1,28.002777777777776,temperature
2018-07-10T00:00:00Z,SUGG,0,34.375,temperature
2018-07-10T00:00:00Z,SUGG,0.25,33.075625,temperature
2018-07-10T00:00:00Z,SUGG,0.5,30.10375,temperature
2018-07-10T00:00:00Z,SUGG,0.75,29.3125,temperature
2018-07-10T00:00:00Z,SUGG,1,28.72625,temperature
2018-07-11T00:00:00Z,SUGG,0,32.0485,temperature
2018-07-11T00:00:00Z,SUGG,0.25,31.370625,temperature
2018-07-11T00:00:00Z,SUGG,0.5,30.584375,temperature
2018-07-11T00:00:00Z,SUGG,0.75,29.638333333333332,temperature
2018-07-11T00:00:00Z,SUGG,1,29.07229166666667,temperature
2018-07-12T00:00:00Z,SUGG,0,32.39553191489362,temperature
2018-07-12T00:00:00Z,SUGG,0.25,31.778125,temperature
2018-07-12T00:00:00Z,SUGG,0.5,30.927659574468084,temperature
2018-07-12T00:00:00Z,SUGG,0.75,30.157608695652176,temperature
2018-07-12T00:00:00Z,SUGG,1,29.794166666666666,temperature
2018-07-13T00:00:00Z,SUGG,0,32.85288888888889,temperature
2018-07-13T00:00:00Z,SUGG,0.25,32.4254347826087,temperature
2018-07-13T00:00:00Z,SUGG,0.5,30.808888888888887,temperature
2018-07-13T00:00:00Z,SUGG,0.75,29.315,temperature
2018-07-13T00:00:00Z,SUGG,1,28.392708333333335,temperature
2018-07-14T00:00:00Z,SUGG,0,32.759574468085106,temperature
2018-07-14T00:00:00Z,SUGG,0.25,31.925,temperature
2018-07-14T00:00:00Z,SUGG,0.5,31.20125,temperature
2018-07-14T00:00:00Z,SUGG,0.75,29.795833333333334,temperature
2018-07-14T00:00:00Z,SUGG,1,28.516666666666666,temperature
2018-07-15T00:00:00Z,SUGG,0,31.750212765957446,temperature
2018-07-15T00:00:00Z,SUGG,0.25,31.0575,temperature
2018-07-15T00:00:00Z,SUGG,0.5,30.56041666666667,temperature
2018-07-15T00:00:00Z,SUGG,0.75,29.734791666666663,temperature
2018-07-15T00:00:00Z,SUGG,1,28.571458333333332,temperature
2018-07-16T00:00:00Z,SUGG,0,31.002708333333334,temperature
2018-07-16T00:00:00Z,SUGG,0.25,30.768333333333334,temperature
2018-07-16T00:00:00Z,SUGG,0.5,30.446666666666665,temperature
2018-07-16T00:00:00Z,SUGG,0.75,30.043541666666663,temperature
2018-07-16T00:00:00Z,SUGG,1,29.01872340425532,temperature
2018-07-17T00:00:00Z,SUGG,0,30.122083333333332,temperature
2018-07-17T00:00:00Z,SUGG,0.25,30.120625,temperature
2018-07-17T00:00:00Z,SUGG,0.5,30.015833333333333,temperature
2018-07-17T00:00:00Z,SUGG,0.75,29.804583333333333,temperature
2018-07-17T00:00:00Z,SUGG,1,29.514375,temperature
2018-07-18T00:00:00Z,SUGG,0,29.15157894736842,temperature
2018-07-18T00:00:00Z,SUGG,0.25,29.149473684210527,temperature
2018-07-18T00:00:00Z,SUGG,0.5,29.12315789473684,temperature
2018-07-18T00:00:00Z,SUGG,0.75,29.09578947368421,temperature
2018-07-18T00:00:00Z,SUGG,1,29.07263157894737,temperature
2018-07-19T00:00:00Z,SUGG,0,28.980833333333333,temperature
2018-07-19T00:00:00Z,SUGG,0.25,28.974583333333335,temperature
2018-07-19T00:00:00Z,SUGG,0.5,28.961041666666667,temperature
2018-07-19T00:00:00Z,SUGG,0.75,28.945625,temperature
2018-07-19T00:00:00Z,SUGG,1,28.836458333333333,temperature
2018-07-20T00:00:00Z,SUGG,0,28.684791666666666,temperature
2018-07-20T00:00:00Z,SUGG,0.25,28.684166666666663,temperature
2018-07-20T00:00:00Z,SUGG,0.5,28.677708333333335,temperature
2018-07-20T00:00:00Z,SUGG,0.75,28.67,temperature
2018-07-20T00:00:00Z,SUGG,1,28.654791666666668,temperature
2018-07-21T00:00:00Z,SUGG,0,29.131458333333335,temperature
2018-07-21T00:00:00Z,SUGG,0.25,29.03125,temperature
2018-07-21T00:00:00Z,SUGG,0.5,28.940208333333334,temperature
2018-07-21T00:00:00Z,SUGG,0.75,28.86145833333333,temperature
2018-07-21T00:00:00Z,SUGG,1,28.702708333333337,temperature
2018-07-22T00:00:00Z,SUGG,0,28.378125,temperature
2018-07-22T00:00:00Z,SUGG,0.25,28.38625,temperature
2018-07-22T00:00:00Z,SUGG,0.5,28.370625,temperature
2018-07-22T00:00:00Z,SUGG,0.75,28.334375,temperature
2018-07-22T00:00:00Z,SUGG,1,28.278958333333332,temperature
2018-07-23T00:00:00Z,SUGG,0,27.654166666666665,temperature
2018-07-23T00:00:00Z,SUGG,0.25,27.562916666666663,temperature
2018-07-23T00:00:00Z,SUGG,0.5,27.374375,temperature
2018-07-23T00:00:00Z,SUGG,0.75,27.201041666666665,temperature
2018-07-23T00:00:00Z,SUGG,1,27.042708333333337,temperature
2018-07-24T00:00:00Z,SUGG,0,28.127916666666668,temperature
2018-07-24T00:00:00Z,SUGG,0.25,27.965208333333333,temperature
2018-07-24T00:00:00Z,SUGG,0.5,27.791666666666668,temperature
2018-07-24T00:00:00Z,SUGG,0.75,27.595,temperature
2018-07-24T00:00:00Z,SUGG,1,27.416666666666668,temperature
2018-07-25T00:00:00Z,SUGG,0,28.979166666666668,temperature
2018-07-25T00:00:00Z,SUGG,0.25,28.842291666666668,temperature
2018-07-25T00:00:00Z,SUGG,0.5,28.745833333333337,temperature
2018-07-25T00:00:00Z,SUGG,0.75,28.317083333333333,temperature
2018-07-25T00:00:00Z,SUGG,1,27.876041666666666,temperature
2018-07-26T00:00:00Z,SUGG,0,29.767083333333332,temperature
2018-07-26T00:00:00Z,SUGG,0.25,29.724375,temperature
2018-07-26T00:00:00Z,SUGG,0.5,29.397916666666667,temperature
2018-07-26T00:00:00Z,SUGG,0.75,28.682708333333338,temperature
2018-07-26T00:00:00Z,SUGG,1,27.860208333333333,temperature
2018-07-27T00:00:00Z,SUGG,0,29.94,temperature
2018-07-27T00:00:00Z,SUGG,0.25,29.863541666666663,temperature
2018-07-27T00:00:00Z,SUGG,0.5,29.779583333333335,temperature
2018-07-27T00:00:00Z,SUGG,0.75,29.52541666666667,temperature
2018-07-27T00:00:00Z,SUGG,1,27.936739130434784,temperature
2018-07-28T00:00:00Z,SUGG,0,31.67791666666667,temperature
2018-07-28T00:00:00Z,SUGG,0.25,31.216458333333332,temperature
2018-07-28T00:00:00Z,SUGG,0.5,29.926744186046513,temperature
2018-07-28T00:00:00Z,SUGG,0.75,28.09958333333333,temperature
2018-07-28T00:00:00Z,SUGG,1,26.80723404255319,temperature
2018-07-29T00:00:00Z,SUGG,0,31.800208333333337,temperature
2018-07-29T00:00:00Z,SUGG,0.25,31.35,temperature
2018-07-29T00:00:00Z,SUGG,0.5,29.761875,temperature
2018-07-29T00:00:00Z,SUGG,0.75,28.29625,temperature
2018-07-29T00:00:00Z,SUGG,1,26.927083333333332,temperature
2018-07-30T00:00:00Z,SUGG,0,30.115,temperature
2018-07-30T00:00:00Z,SUGG,0.25,29.983125,temperature
2018-07-30T00:00:00Z,SUGG,0.5,29.481875,temperature
2018-07-30T00:00:00Z,SUGG,0.75,28.199583333333333,temperature
2018-07-30T00:00:00Z,SUGG,1,26.819166666666668,temperature
2018-07-31T00:00:00Z,SUGG,0,28.724117647058826,temperature
2018-07-31T00:00:00Z,SUGG,0.25,28.733529411764707,temperature
2018-07-31T00:00:00Z,SUGG,0.5,28.718235294117648,temperature
2018-07-31T00:00:00Z,SUGG,0.75,28.33058823529412,temperature
2018-07-31T00:00:00Z,SUGG,1,27.049411764705884,temperature
2018-08-01T00:00:00Z,SUGG,0,29.279375,temperature
2018-08-01T00:00:00Z,SUGG,0.25,29.254583333333333,temperature
2018-08-01T00:00:00Z,SUGG,0.5,29.186875,temperature
2018-08-01T00:00:00Z,SUGG,0.75,28.86,temperature
2018-08-01T00:00:00Z,SUGG,1,27.116666666666667,temperature
2018-08-02T00:00:00Z,SUGG,0,29.882916666666667,temperature
2018-08-02T00:00:00Z,SUGG,0.25,29.853958333333335,temperature
2018-08-02T00:00:00Z,SUGG,0.5,29.769583333333333,temperature
2018-08-02T00:00:00Z,SUGG,0.75,29.184791666666666,temperature
2018-08-02T00:00:00Z,SUGG,1,27.485625,temperature
2018-08-03T00:00:00Z,SUGG,0,29.899583333333332,temperature
2018-08-03T00:00:00Z,SUGG,0.25,29.776041666666668,temperature
2018-08-03T00:00:00Z,SUGG,0.5,29.54617021276596,temperature
2018-08-03T00:00:00Z,SUGG,0.75,28.876875,temperature
2018-08-03T00:00:00Z,SUGG,1,28.23872340425532,temperature
2018-08-04T00:00:00Z,SUGG,0,31.19708333333333,temperature
2018-08-04T00:00:00Z,SUGG,0.25,30.536041666666662,temperature
2018-08-04T00:00:00Z,SUGG,0.5,30.105833333333333,temperature
2018-08-04T00:00:00Z,SUGG,0.75,28.877659574468083,temperature
2018-08-04T00:00:00Z,SUGG,1,27.827708333333337,temperature
2018-08-05T00:00:00Z,SUGG,0,30.64875,temperature
2018-08-05T00:00:00Z,SUGG,0.25,30.446875,temperature
2018-08-05T00:00:00Z,SUGG,0.5,30.066666666666663,temperature
2018-08-05T00:00:00Z,SUGG,0.75,28.953541666666663,temperature
2018-08-05T00:00:00Z,SUGG,1,27.725106382978723,temperature
2018-08-06T00:00:00Z,SUGG,0,30.9968085106383,temperature
2018-08-06T00:00:00Z,SUGG,0.25,30.728125,temperature
2018-08-06T00:00:00Z,SUGG,0.5,30.358936170212765,temperature
2018-08-06T00:00:00Z,SUGG,0.75,29.509791666666665,temperature
2018-08-06T00:00:00Z,SUGG,1,28.207916666666662,temperature
2018-08-07T00:00:00Z,SUGG,0,31.459756097560977,temperature
2018-08-07T00:00:00Z,SUGG,0.25,30.728085106382977,temperature
2018-08-07T00:00:00Z,SUGG,0.5,30.153541666666666,temperature
2018-08-07T00:00:00Z,SUGG,0.75,29.614375,temperature
2018-08-07T00:00:00Z,SUGG,1,28.585416666666667,temperature
2018-08-08T00:00:00Z,SUGG,0,31.480416666666667,temperature
2018-08-08T00:00:00Z,SUGG,0.25,31.30468085106383,temperature
2018-08-08T00:00:00Z,SUGG,0.5,31.004375,temperature
2018-08-08T00:00:00Z,SUGG,0.75,30.6125,temperature
2018-08-08T00:00:00Z,SUGG,1,29.851666666666667,temperature
2018-08-09T00:00:00Z,SUGG,0,31.733333333333334,temperature
2018-08-09T00:00:00Z,SUGG,0.25,31.75166666666667,temperature
2018-08-09T00:00:00Z,SUGG,0.5,31.680625,temperature
2018-08-09T00:00:00Z,SUGG,0.75,31.390625,temperature
2018-08-09T00:00:00Z,SUGG,1,30.518958333333337,temperature
2018-08-10T00:00:00Z,SUGG,0,31.0425,temperature
2018-08-10T00:00:00Z,SUGG,0.25,30.88875,temperature
2018-08-10T00:00:00Z,SUGG,0.5,30.667916666666667,temperature
2018-08-10T00:00:00Z,SUGG,0.75,30.40625,temperature
2018-08-10T00:00:00Z,SUGG,1,29.518958333333337,temperature
2018-08-11T00:00:00Z,SUGG,0,31.534791666666667,temperature
2018-08-11T00:00:00Z,SUGG,0.25,31.358333333333334,temperature
2018-08-11T00:00:00Z,SUGG,0.5,30.850212765957448,temperature
2018-08-11T00:00:00Z,SUGG,0.75,30.034583333333337,temperature
2018-08-11T00:00:00Z,SUGG,1,29.414791666666662,temperature
2018-08-12T00:00:00Z,SUGG,0,31.907659574468084,temperature
2018-08-12T00:00:00Z,SUGG,0.25,31.198125,temperature
2018-08-12T00:00:00Z,SUGG,0.5,30.706458333333337,temperature
2018-08-12T00:00:00Z,SUGG,0.75,29.945,temperature
2018-08-12T00:00:00Z,SUGG,1,29.221458333333334,temperature
2018-08-13T00:00:00Z,SUGG,0,30.28875,temperature
2018-08-13T00:00:00Z,SUGG,0.25,30.277083333333337,temperature
2018-08-13T00:00:00Z,SUGG,0.5,30.245625,temperature
2018-08-13T00:00:00Z,SUGG,0.75,30.205625,temperature
2018-08-13T00:00:00Z,SUGG,1,30.148541666666667,temperature
2018-08-14T00:00:00Z,SUGG,0,30.68166666666667,temperature
2018-08-14T00:00:00Z,SUGG,0.25,30.589583333333337,temperature
2018-08-14T00:00:00Z,SUGG,0.5,30.402708333333333,temperature
2018-08-14T00:00:00Z,SUGG,0.75,30.15375,temperature
2018-08-14T00:00:00Z,SUGG,1,29.372291666666666,temperature
2018-08-15T00:00:00Z,SUGG,0,30.952291666666667,temperature
2018-08-15T00:00:00Z,SUGG,0.25,30.84875,temperature
2018-08-15T00:00:00Z,SUGG,0.5,30.602083333333333,temperature
2018-08-15T00:00:00Z,SUGG,0.75,29.983829787234043,temperature
2018-08-15T00:00:00Z,SUGG,1,29.239791666666665,temperature
2018-08-16T00:00:00Z,SUGG,0,30.988333333333333,temperature
2018-08-16T00:00:00Z,SUGG,0.25,30.704166666666666,temperature
2018-08-16T00:00:00Z,SUGG,0.5,30.375208333333333,temperature
2018-08-16T00:00:00Z,SUGG,0.75,29.920416666666668,temperature
2018-08-16T00:00:00Z,SUGG,1,29.33,temperature
2018-08-17T00:00:00Z,SUGG,0,30.470625,temperature
2018-08-17T00:00:00Z,SUGG,0.25,30.060833333333335,temperature
2018-08-17T00:00:00Z,SUGG,0.5,29.670416666666668,temperature
2018-08-17T00:00:00Z,SUGG,0.75,29.426458333333333,temperature
2018-08-17T00:00:00Z,SUGG,1,29.280416666666667,temperature
2018-08-18T00:00:00Z,SUGG,0,30.997391304347826,temperature
2018-08-18T00:00:00Z,SUGG,0.25,29.53953488372093,temperature
2018-08-18T00:00:00Z,SUGG,0.5,29.293958333333332,temperature
2018-08-18T00:00:00Z,SUGG,0.75,28.989583333333332,temperature
2018-08-18T00:00:00Z,SUGG,1,28.823958333333337,temperature
2018-08-19T00:00:00Z,SUGG,0,31.659166666666668,temperature
2018-08-19T00:00:00Z,SUGG,0.25,30.898297872340425,temperature
2018-08-19T00:00:00Z,SUGG,0.5,30.11826086956522,temperature
2018-08-19T00:00:00Z,SUGG,0.75,29.189583333333335,temperature
2018-08-19T00:00:00Z,SUGG,1,28.721666666666668,temperature
2018-08-20T00:00:00Z,SUGG,0,31.038695652173914,temperature
2018-08-20T00:00:00Z,SUGG,0.25,30.178541666666668,temperature
2018-08-20T00:00:00Z,SUGG,0.5,29.755,temperature
2018-08-20T00:00:00Z,SUGG,0.75,29.375625,temperature
2018-08-20T00:00:00Z,SUGG,1,29.12375,temperature
2018-08-21T00:00:00Z,SUGG,0,30.35875,temperature
2018-08-21T00:00:00Z,SUGG,0.25,29.874375,temperature
2018-08-21T00:00:00Z,SUGG,0.5,29.523958333333333,temperature
2018-08-21T00:00:00Z,SUGG,0.75,29.201458333333335,temperature
2018-08-21T00:00:00Z,SUGG,1,28.91375,temperature
2018-08-22T00:00:00Z,SUGG,0,30.113541666666663,temperature
2018-08-22T00:00:00Z,SUGG,0.25,29.992291666666667,temperature
2018-08-22T00:00:00Z,SUGG,0.5,29.781458333333333,temperature
2018-08-22T00:00:00Z,SUGG,0.75,29.384791666666665,temperature
2018-08-22T00:00:00Z,SUGG,1,28.911875,temperature
2018-08-23T00:00:00Z,SUGG,0,31.5231914893617,temperature
2018-08-23T00:00:00Z,SUGG,0.25,30.293958333333332,temperature
2018-08-23T00:00:00Z,SUGG,0.5,29.912708333333335,temperature
2018-08-23T00:00:00Z,SUGG,0.75,29.567916666666665,temperature
2018-08-23T00:00:00Z,SUGG,1,29.101041666666667,temperature
2018-08-24T00:00:00Z,SUGG,0,30.446875,temperature
2018-08-24T00:00:00Z,SUGG,0.25,30.293333333333333,temperature
2018-08-24T00:00:00Z,SUGG,0.5,29.87375,temperature
2018-08-24T00:00:00Z,SUGG,0.75,29.426875,temperature
2018-08-24T00:00:00Z,SUGG,1,28.937083333333337,temperature
2018-08-25T00:00:00Z,SUGG,0,30.37468085106383,temperature
2018-08-25T00:00:00Z,SUGG,0.25,29.39125,temperature
2018-08-25T00:00:00Z,SUGG,0.5,29.064791666666668,temperature
2018-08-25T00:00:00Z,SUGG,0.75,28.91125,temperature
2018-08-25T00:00:00Z,SUGG,1,28.779583333333335,temperature
2018-08-26T00:00:00Z,SUGG,0,29.854255319148937,temperature
2018-08-26T00:00:00Z,SUGG,0.25,29.55375,temperature
2018-08-26T00:00:00Z,SUGG,0.5,29.294583333333332,temperature
2018-08-26T00:00:00Z,SUGG,0.75,28.988125,temperature
2018-08-26T00:00:00Z,SUGG,1,28.768958333333337,temperature
2018-08-27T00:00:00Z,SUGG,0,29.682083333333335,temperature
2018-08-27T00:00:00Z,SUGG,0.25,29.30875,temperature
2018-08-27T00:00:00Z,SUGG,0.5,28.986875,temperature
2018-08-27T00:00:00Z,SUGG,0.75,28.829166666666666,temperature
2018-08-27T00:00:00Z,SUGG,1,28.759166666666665,temperature
2018-08-28T00:00:00Z,SUGG,0,29.94125,temperature
2018-08-28T00:00:00Z,SUGG,0.25,29.77255319148936,temperature
2018-08-28T00:00:00Z,SUGG,0.5,29.531458333333333,temperature
2018-08-28T00:00:00Z,SUGG,0.75,29.30125,temperature
2018-08-28T00:00:00Z,SUGG,1,28.8975,temperature
2018-08-29T00:00:00Z,SUGG,0,29.196666666666665,temperature
2018-08-29T00:00:00Z,SUGG,0.25,29.06833333333333,temperature
2018-08-29T00:00:00Z,SUGG,0.5,28.997708333333332,temperature
2018-08-29T00:00:00Z,SUGG,0.75,28.901666666666667,temperature
2018-08-29T00:00:00Z,SUGG,1,28.678125,temperature
2018-08-30T00:00:00Z,SUGG,0,28.167708333333337,temperature
2018-08-30T00:00:00Z,SUGG,0.25,28.125,temperature
2018-08-30T00:00:00Z,SUGG,0.5,28.05291666666667,temperature
2018-08-30T00:00:00Z,SUGG,0.75,27.959583333333335,temperature
2018-08-30T00:00:00Z,SUGG,1,27.881875,temperature
2018-08-31T00:00:00Z,SUGG,0,28.147708333333338,temperature
2018-08-31T00:00:00Z,SUGG,0.25,28.083125,temperature
2018-08-31T00:00:00Z,SUGG,0.5,27.97375,temperature
2018-08-31T00:00:00Z,SUGG,0.75,27.764583333333334,temperature
2018-08-31T00:00:00Z,SUGG,1,27.553958333333338,temperature
2018-09-01T00:00:00Z,SUGG,0,28.90020833333333,temperature
2018-09-01T00:00:00Z,SUGG,0.25,28.866666666666667,temperature
2018-09-01T00:00:00Z,SUGG,0.5,28.768125,temperature
2018-09-01T00:00:00Z,SUGG,0.75,28.605208333333337,temperature
2018-09-01T00:00:00Z,SUGG,1,28.23125,temperature
2018-09-02T00:00:00Z,SUGG,0,29.12,temperature
2018-09-02T00:00:00Z,SUGG,0.25,29.092916666666667,temperature
2018-09-02T00:00:00Z,SUGG,0.5,29.040208333333332,temperature
2018-09-02T00:00:00Z,SUGG,0.75,28.9425,temperature
2018-09-02T00:00:00Z,SUGG,1,28.796041666666667,temperature
2018-09-03T00:00:00Z,SUGG,0,28.859583333333333,temperature
2018-09-03T00:00:00Z,SUGG,0.25,28.84875,temperature
2018-09-03T00:00:00Z,SUGG,0.5,28.816458333333333,temperature
2018-09-03T00:00:00Z,SUGG,0.75,28.774375,temperature
2018-09-03T00:00:00Z,SUGG,1,28.71125,temperature
2018-09-04T00:00:00Z,SUGG,0,28.590625,temperature
2018-09-04T00:00:00Z,SUGG,0.25,28.542916666666667,temperature
2018-09-04T00:00:00Z,SUGG,0.5,28.492083333333333,temperature
2018-09-04T00:00:00Z,SUGG,0.75,28.39666666666667,temperature
2018-09-04T00:00:00Z,SUGG,1,28.29854166666667,temperature
2018-09-05T00:00:00Z,SUGG,0,29.272916666666667,temperature
2018-09-05T00:00:00Z,SUGG,0.25,29.218541666666667,temperature
2018-09-05T00:00:00Z,SUGG,0.5,29.144166666666667,temperature
2018-09-05T00:00:00Z,SUGG,0.75,29.031875,temperature
2018-09-05T00:00:00Z,SUGG,1,28.807708333333338,temperature
2018-09-06T00:00:00Z,SUGG,0,29.935625,temperature
2018-09-06T00:00:00Z,SUGG,0.25,29.901666666666667,temperature
2018-09-06T00:00:00Z,SUGG,0.5,29.829583333333332,temperature
2018-09-06T00:00:00Z,SUGG,0.75,29.629791666666662,temperature
2018-09-06T00:00:00Z,SUGG,1,29.169791666666665,temperature
2018-09-07T00:00:00Z,SUGG,0,30.058125,temperature
2018-09-07T00:00:00Z,SUGG,0.25,29.987708333333337,temperature
2018-09-07T00:00:00Z,SUGG,0.5,29.895416666666662,temperature
2018-09-07T00:00:00Z,SUGG,0.75,29.821666666666665,temperature
2018-09-07T00:00:00Z,SUGG,1,29.680208333333333,temperature
2018-09-08T00:00:00Z,SUGG,0,29.94354166666667,temperature
2018-09-08T00:00:00Z,SUGG,0.25,29.61520833333333,temperature
2018-09-08T00:00:00Z,SUGG,0.5,29.473541666666662,temperature
2018-09-08T00:00:00Z,SUGG,0.75,29.329375,temperature
2018-09-08T00:00:00Z,SUGG,1,29.267916666666668,temperature
2018-09-09T00:00:00Z,SUGG,0,30.378958333333333,temperature
2018-09-09T00:00:00Z,SUGG,0.25,29.126666666666665,temperature
2018-09-09T00:00:00Z,SUGG,0.5,28.897291666666668,temperature
2018-09-09T00:00:00Z,SUGG,0.75,28.802291666666665,temperature
2018-09-09T00:00:00Z,SUGG,1,28.684791666666666,temperature
2018-09-10T00:00:00Z,SUGG,0,30.770851063829788,temperature
2018-09-10T00:00:00Z,SUGG,0.25,29.392127659574463,temperature
2018-09-10T00:00:00Z,SUGG,0.5,28.935833333333335,temperature
2018-09-10T00:00:00Z,SUGG,0.75,28.691041666666667,temperature
2018-09-10T00:00:00Z,SUGG,1,28.497291666666666,temperature
2018-09-11T00:00:00Z,SUGG,0,30.150625,temperature
2018-09-11T00:00:00Z,SUGG,0.25,29.495,temperature
2018-09-11T00:00:00Z,SUGG,0.5,29.000208333333333,temperature
2018-09-11T00:00:00Z,SUGG,0.75,28.552291666666665,temperature
2018-09-11T00:00:00Z,SUGG,1,28.343541666666667,temperature
2018-09-12T00:00:00Z,SUGG,0,30.08395833333333,temperature
2018-09-12T00:00:00Z,SUGG,0.25,30.032708333333332,temperature
2018-09-12T00:00:00Z,SUGG,0.5,29.799166666666668,temperature
2018-09-12T00:00:00Z,SUGG,0.75,28.948333333333338,temperature
2018-09-12T00:00:00Z,SUGG,1,28.446041666666662,temperature
2018-09-13T00:00:00Z,SUGG,0,31.113541666666663,temperature
2018-09-13T00:00:00Z,SUGG,0.25,30.613333333333333,temperature
2018-09-13T00:00:00Z,SUGG,0.5,30.181666666666665,temperature
2018-09-13T00:00:00Z,SUGG,0.75,29.843958333333333,temperature
2018-09-13T00:00:00Z,SUGG,1,29.10875,temperature
2018-09-14T00:00:00Z,SUGG,0,31.3425,temperature
2018-09-14T00:00:00Z,SUGG,0.25,31.16583333333333,temperature
2018-09-14T00:00:00Z,SUGG,0.5,30.884166666666665,temperature
2018-09-14T00:00:00Z,SUGG,0.75,29.689166666666665,temperature
2018-09-14T00:00:00Z,SUGG,1,28.998125,temperature
2018-09-15T00:00:00Z,SUGG,0,31.565,temperature
2018-09-15T00:00:00Z,SUGG,0.25,31.501458333333332,temperature
2018-09-15T00:00:00Z,SUGG,0.5,31.2775,temperature
2018-09-15T00:00:00Z,SUGG,0.75,30.395,temperature
2018-09-15T00:00:00Z,SUGG,1,29.165116279069768,temperature
2018-09-16T00:00:00Z,SUGG,0,31.322916666666668,temperature
2018-09-16T00:00:00Z,SUGG,0.25,31.288333333333338,temperature
2018-09-16T00:00:00Z,SUGG,0.5,31.2275,temperature
2018-09-16T00:00:00Z,SUGG,0.75,31.014375,temperature
2018-09-16T00:00:00Z,SUGG,1,30.044166666666666,temperature
2018-09-17T00:00:00Z,SUGG,0,31.698333333333338,temperature
2018-09-17T00:00:00Z,SUGG,0.25,31.622708333333332,temperature
2018-09-17T00:00:00Z,SUGG,0.5,31.53625,temperature
2018-09-17T00:00:00Z,SUGG,0.75,31.246041666666667,temperature
2018-09-17T00:00:00Z,SUGG,1,30.710833333333333,temperature
2018-09-18T00:00:00Z,SUGG,0,32.115208333333335,temperature
2018-09-18T00:00:00Z,SUGG,0.25,32.026875,temperature
2018-09-18T00:00:00Z,SUGG,0.5,31.84979166666667,temperature
2018-09-18T00:00:00Z,SUGG,0.75,30.80085106382979,temperature
2018-09-18T00:00:00Z,SUGG,1,30.039791666666662,temperature
2018-09-19T00:00:00Z,SUGG,0,32.34625,temperature
2018-09-19T00:00:00Z,SUGG,0.25,32.150416666666665,temperature
2018-09-19T00:00:00Z,SUGG,0.5,31.800208333333337,temperature
2018-09-19T00:00:00Z,SUGG,0.75,30.887608695652172,temperature
2018-09-19T00:00:00Z,SUGG,1,30.030833333333337,temperature
2018-09-20T00:00:00Z,SUGG,0,31.3425,temperature
2018-09-20T00:00:00Z,SUGG,0.25,31.240833333333335,temperature
2018-09-20T00:00:00Z,SUGG,0.5,31.07229166666667,temperature
2018-09-20T00:00:00Z,SUGG,0.75,30.612916666666667,temperature
2018-09-20T00:00:00Z,SUGG,1,29.929791666666667,temperature
2018-09-21T00:00:00Z,SUGG,0,30.88,temperature
2018-09-21T00:00:00Z,SUGG,0.25,30.830625,temperature
2018-09-21T00:00:00Z,SUGG,0.5,30.695208333333333,temperature
2018-09-21T00:00:00Z,SUGG,0.75,30.479583333333338,temperature
2018-09-21T00:00:00Z,SUGG,1,29.906666666666663,temperature
2018-09-22T00:00:00Z,SUGG,0,30.089791666666667,temperature
2018-09-22T00:00:00Z,SUGG,0.25,30.066458333333333,temperature
2018-09-22T00:00:00Z,SUGG,0.5,30.015833333333333,temperature
2018-09-22T00:00:00Z,SUGG,0.75,29.955833333333334,temperature
2018-09-22T00:00:00Z,SUGG,1,29.801875,temperature
2018-09-23T00:00:00Z,SUGG,0,29.820208333333333,temperature
2018-09-23T00:00:00Z,SUGG,0.25,29.75125,temperature
2018-09-23T00:00:00Z,SUGG,0.5,29.639166666666668,temperature
2018-09-23T00:00:00Z,SUGG,0.75,29.414375,temperature
2018-09-23T00:00:00Z,SUGG,1,29.286041666666662,temperature
2018-09-24T00:00:00Z,SUGG,0,29.515625,temperature
2018-09-24T00:00:00Z,SUGG,0.25,29.454375,temperature
2018-09-24T00:00:00Z,SUGG,0.5,29.351041666666667,temperature
2018-09-24T00:00:00Z,SUGG,0.75,29.252083333333335,temperature
2018-09-24T00:00:00Z,SUGG,1,29.168541666666663,temperature
2018-09-25T00:00:00Z,SUGG,0,29.48375,temperature
2018-09-25T00:00:00Z,SUGG,0.25,28.971666666666668,temperature
2018-09-25T00:00:00Z,SUGG,0.5,28.827916666666667,temperature
2018-09-25T00:00:00Z,SUGG,0.75,28.771875,temperature
2018-09-25T00:00:00Z,SUGG,1,28.714583333333337,temperature
2018-09-26T00:00:00Z,SUGG,0,30.18065217391304,temperature
2018-09-26T00:00:00Z,SUGG,0.25,29.07063829787234,temperature
2018-09-26T00:00:00Z,SUGG,0.5,28.766875,temperature
2018-09-26T00:00:00Z,SUGG,0.75,28.608541666666667,temperature
2018-09-26T00:00:00Z,SUGG,1,28.507291666666667,temperature
2018-09-27T00:00:00Z,SUGG,0,29.836666666666662,temperature
2018-09-27T00:00:00Z,SUGG,0.25,29.612708333333337,temperature
2018-09-27T00:00:00Z,SUGG,0.5,29.292916666666667,temperature
2018-09-27T00:00:00Z,SUGG,0.75,28.715208333333333,temperature
2018-09-27T00:00:00Z,SUGG,1,28.526875,temperature
2018-09-28T00:00:00Z,SUGG,0,31.132916666666667,temperature
2018-09-28T00:00:00Z,SUGG,0.25,30.34936170212766,temperature
2018-09-28T00:00:00Z,SUGG,0.5,29.512708333333332,temperature
2018-09-28T00:00:00Z,SUGG,0.75,28.996458333333333,temperature
2018-09-28T00:00:00Z,SUGG,1,28.60375,temperature
2018-09-29T00:00:00Z,SUGG,0,30.467083333333335,temperature
2018-09-29T00:00:00Z,SUGG,0.25,29.89125,temperature
2018-09-29T00:00:00Z,SUGG,0.5,29.488958333333333,temperature
2018-09-29T00:00:00Z,SUGG,0.75,29.23,temperature
2018-09-29T00:00:00Z,SUGG,1,29.00958333333333,temperature
2018-09-30T00:00:00Z,SUGG,0,29.804791666666667,temperature
2018-09-30T00:00:00Z,SUGG,0.25,29.777916666666663,temperature
2018-09-30T00:00:00Z,SUGG,0.5,29.660416666666663,temperature
2018-09-30T00:00:00Z,SUGG,0.75,29.365625,temperature
2018-09-30T00:00:00Z,SUGG,1,28.932708333333338,temperature
2018-10-01T00:00:00Z,SUGG,0,29.269583333333333,temperature
2018-10-01T00:00:00Z,SUGG,0.25,29.265,temperature
2018-10-01T00:00:00Z,SUGG,0.5,29.245208333333338,temperature
2018-10-01T00:00:00Z,SUGG,0.75,29.208541666666665,temperature
2018-10-01T00:00:00Z,SUGG,1,29.151875,temperature
2018-10-02T00:00:00Z,SUGG,0,28.646041666666665,temperature
2018-10-02T00:00:00Z,SUGG,0.25,28.600416666666668,temperature
2018-10-02T00:00:00Z,SUGG,0.5,28.533333333333335,temperature
2018-10-02T00:00:00Z,SUGG,0.75,28.471041666666668,temperature
2018-10-02T00:00:00Z,SUGG,1,28.433125,temperature
2018-10-03T00:00:00Z,SUGG,0,28.42375,temperature
2018-10-03T00:00:00Z,SUGG,0.25,28.401666666666667,temperature
2018-10-03T00:00:00Z,SUGG,0.5,28.356041666666663,temperature
2018-10-03T00:00:00Z,SUGG,0.75,28.29895833333333,temperature
2018-10-03T00:00:00Z,SUGG,1,28.207916666666662,temperature
2018-10-04T00:00:00Z,SUGG,0,28.391875,temperature
2018-10-04T00:00:00Z,SUGG,0.25,28.359375,temperature
2018-10-04T00:00:00Z,SUGG,0.5,28.301041666666663,temperature
2018-10-04T00:00:00Z,SUGG,0.75,28.245625,temperature
2018-10-04T00:00:00Z,SUGG,1,28.205625,temperature
2018-10-05T00:00:00Z,SUGG,0,28.470625,temperature
2018-10-05T00:00:00Z,SUGG,0.25,28.290208333333332,temperature
2018-10-05T00:00:00Z,SUGG,0.5,28.1425,temperature
2018-10-05T00:00:00Z,SUGG,0.75,28.016875,temperature
2018-10-05T00:00:00Z,SUGG,1,27.948541666666667,temperature
2018-10-06T00:00:00Z,SUGG,0,28.377708333333334,temperature
2018-10-06T00:00:00Z,SUGG,0.25,28.208541666666665,temperature
2018-10-06T00:00:00Z,SUGG,0.5,28.067083333333333,temperature
2018-10-06T00:00:00Z,SUGG,0.75,27.919583333333332,temperature
2018-10-06T00:00:00Z,SUGG,1,27.781666666666663,temperature
2018-10-07T00:00:00Z,SUGG,0,28.042083333333338,temperature
2018-10-07T00:00:00Z,SUGG,0.25,28.024166666666662,temperature
2018-10-07T00:00:00Z,SUGG,0.5,27.966041666666666,temperature
2018-10-07T00:00:00Z,SUGG,0.75,27.874375,temperature
2018-10-07T00:00:00Z,SUGG,1,27.769791666666663,temperature
2018-10-08T00:00:00Z,SUGG,0,27.783958333333334,temperature
2018-10-08T00:00:00Z,SUGG,0.25,27.781666666666663,temperature
2018-10-08T00:00:00Z,SUGG,0.5,27.763541666666665,temperature
2018-10-08T00:00:00Z,SUGG,0.75,27.74416666666667,temperature
2018-10-08T00:00:00Z,SUGG,1,27.725833333333338,temperature
2018-10-09T00:00:00Z,SUGG,0,27.57625,temperature
2018-10-09T00:00:00Z,SUGG,0.25,27.56375,temperature
2018-10-09T00:00:00Z,SUGG,0.5,27.538333333333338,temperature
2018-10-09T00:00:00Z,SUGG,0.75,27.510208333333335,temperature
2018-10-09T00:00:00Z,SUGG,1,27.48645833333333,temperature
2018-10-10T00:00:00Z,SUGG,0,27.55625,temperature
2018-10-10T00:00:00Z,SUGG,0.25,27.559583333333332,temperature
2018-10-10T00:00:00Z,SUGG,0.5,27.5575,temperature
2018-10-10T00:00:00Z,SUGG,0.75,27.551041666666663,temperature
2018-10-10T00:00:00Z,SUGG,1,27.543125,temperature
2018-10-11T00:00:00Z,SUGG,0,27.75208333333333,temperature
2018-10-11T00:00:00Z,SUGG,0.25,27.750625,temperature
2018-10-11T00:00:00Z,SUGG,0.5,27.735208333333333,temperature
2018-10-11T00:00:00Z,SUGG,0.75,27.711875,temperature
2018-10-11T00:00:00Z,SUGG,1,27.688958333333332,temperature
2018-10-12T00:00:00Z,SUGG,0,28.389166666666668,temperature
2018-10-12T00:00:00Z,SUGG,0.25,28.203958333333333,temperature
2018-10-12T00:00:00Z,SUGG,0.5,27.946458333333332,temperature
2018-10-12T00:00:00Z,SUGG,0.75,27.791875,temperature
2018-10-12T00:00:00Z,SUGG,1,27.65,temperature
2018-10-13T00:00:00Z,SUGG,0,27.71875,temperature
2018-10-13T00:00:00Z,SUGG,0.25,27.544583333333332,temperature
2018-10-13T00:00:00Z,SUGG,0.5,27.297291666666663,temperature
2018-10-13T00:00:00Z,SUGG,0.75,27.106666666666666,temperature
2018-10-13T00:00:00Z,SUGG,1,26.986458333333335,temperature
2018-10-14T00:00:00Z,SUGG,0,27.095277777777778,temperature
2018-10-14T00:00:00Z,SUGG,0.25,26.754444444444445,temperature
2018-10-14T00:00:00Z,SUGG,0.5,26.7175,temperature
2018-10-14T00:00:00Z,SUGG,0.75,26.55527777777778,temperature
2018-10-14T00:00:00Z,SUGG,1,26.47361111111111,temperature
2018-10-15T00:00:00Z,SUGG,0,28.441944444444445,temperature
2018-10-15T00:00:00Z,SUGG,0.25,26.75702702702703,temperature
2018-10-15T00:00:00Z,SUGG,0.5,26.44972972972973,temperature
2018-10-15T00:00:00Z,SUGG,0.75,26.307567567567567,temperature
2018-10-15T00:00:00Z,SUGG,1,26.17621621621622,temperature
2018-10-16T00:00:00Z,SUGG,0,29.077291666666667,temperature
2018-10-16T00:00:00Z,SUGG,0.25,28.326458333333335,temperature
2018-10-16T00:00:00Z,SUGG,0.5,27.596875,temperature
2018-10-16T00:00:00Z,SUGG,0.75,26.724166666666665,temperature
2018-10-16T00:00:00Z,SUGG,1,26.345833333333335,temperature
2018-10-17T00:00:00Z,SUGG,0,29.925,temperature
2018-10-17T00:00:00Z,SUGG,0.25,28.910416666666663,temperature
2018-10-17T00:00:00Z,SUGG,0.5,28.129375,temperature
2018-10-17T00:00:00Z,SUGG,0.75,27.6575,temperature
2018-10-17T00:00:00Z,SUGG,1,27.216666666666665,temperature
2018-10-18T00:00:00Z,SUGG,0,29.253125,temperature
2018-10-18T00:00:00Z,SUGG,0.25,28.818958333333335,temperature
2018-10-18T00:00:00Z,SUGG,0.5,28.138958333333335,temperature
2018-10-18T00:00:00Z,SUGG,0.75,27.456666666666667,temperature
2018-10-18T00:00:00Z,SUGG,1,26.895625,temperature
2018-10-19T00:00:00Z,SUGG,0,27.619583333333335,temperature
2018-10-19T00:00:00Z,SUGG,0.25,27.601458333333333,temperature
2018-10-19T00:00:00Z,SUGG,0.5,27.526666666666667,temperature
2018-10-19T00:00:00Z,SUGG,0.75,27.389791666666667,temperature
2018-10-19T00:00:00Z,SUGG,1,27.098541666666662,temperature
2018-10-20T00:00:00Z,SUGG,0,28.079166666666666,temperature
2018-10-20T00:00:00Z,SUGG,0.25,27.915625,temperature
2018-10-20T00:00:00Z,SUGG,0.5,27.753333333333337,temperature
2018-10-20T00:00:00Z,SUGG,0.75,27.134166666666665,temperature
2018-10-20T00:00:00Z,SUGG,1,27.008333333333333,temperature
2018-10-21T00:00:00Z,SUGG,0,27.284375,temperature
2018-10-21T00:00:00Z,SUGG,0.25,27.289166666666667,temperature
2018-10-21T00:00:00Z,SUGG,0.5,27.067708333333332,temperature
2018-10-21T00:00:00Z,SUGG,0.75,26.721875,temperature
2018-10-21T00:00:00Z,SUGG,1,26.613541666666663,temperature
2018-10-22T00:00:00Z,SUGG,0,25.16625,temperature
2018-10-22T00:00:00Z,SUGG,0.25,25.161041666666662,temperature
2018-10-22T00:00:00Z,SUGG,0.5,25.123125,temperature
2018-10-22T00:00:00Z,SUGG,0.75,25.092291666666668,temperature
2018-10-22T00:00:00Z,SUGG,1,25.069166666666668,temperature
2018-10-23T00:00:00Z,SUGG,0,24.63125,temperature
2018-10-23T00:00:00Z,SUGG,0.25,24.639166666666668,temperature
2018-10-23T00:00:00Z,SUGG,0.5,24.62875,temperature
2018-10-23T00:00:00Z,SUGG,0.75,24.602708333333332,temperature
2018-10-23T00:00:00Z,SUGG,1,24.570416666666667,temperature
2018-10-24T00:00:00Z,SUGG,0,24.278958333333332,temperature
2018-10-24T00:00:00Z,SUGG,0.25,24.284583333333337,temperature
2018-10-24T00:00:00Z,SUGG,0.5,24.27541666666667,temperature
2018-10-24T00:00:00Z,SUGG,0.75,24.261458333333337,temperature
2018-10-24T00:00:00Z,SUGG,1,24.247708333333332,temperature
2018-10-25T00:00:00Z,SUGG,0,23.834375,temperature
2018-10-25T00:00:00Z,SUGG,0.25,23.843541666666667,temperature
2018-10-25T00:00:00Z,SUGG,0.5,23.838541666666668,temperature
2018-10-25T00:00:00Z,SUGG,0.75,23.827916666666667,temperature
2018-10-25T00:00:00Z,SUGG,1,23.813958333333332,temperature
2018-10-26T00:00:00Z,SUGG,0,23.604375,temperature
2018-10-26T00:00:00Z,SUGG,0.25,23.598958333333332,temperature
2018-10-26T00:00:00Z,SUGG,0.5,23.590625,temperature
2018-10-26T00:00:00Z,SUGG,0.75,23.5825,temperature
2018-10-26T00:00:00Z,SUGG,1,23.575,temperature
2018-10-27T00:00:00Z,SUGG,0,23.211041666666667,temperature
2018-10-27T00:00:00Z,SUGG,0.25,23.222083333333337,temperature
2018-10-27T00:00:00Z,SUGG,0.5,23.220416666666665,temperature
2018-10-27T00:00:00Z,SUGG,0.75,23.217083333333335,temperature
2018-10-27T00:00:00Z,SUGG,1,23.211666666666662,temperature
2018-10-28T00:00:00Z,SUGG,0,22.592708333333334,temperature
2018-10-28T00:00:00Z,SUGG,0.25,22.559791666666666,temperature
2018-10-28T00:00:00Z,SUGG,0.5,22.517083333333332,temperature
2018-10-28T00:00:00Z,SUGG,0.75,22.454791666666665,temperature
2018-10-28T00:00:00Z,SUGG,1,22.382708333333333,temperature
2018-10-29T00:00:00Z,SUGG,0,22.635416666666668,temperature
2018-10-29T00:00:00Z,SUGG,0.25,22.574791666666663,temperature
2018-10-29T00:00:00Z,SUGG,0.5,22.5225,temperature
2018-10-29T00:00:00Z,SUGG,0.75,22.482083333333332,temperature
2018-10-29T00:00:00Z,SUGG,1,22.413125,temperature
2018-10-30T00:00:00Z,SUGG,0,22.853125,temperature
2018-10-30T00:00:00Z,SUGG,0.25,22.78375,temperature
2018-10-30T00:00:00Z,SUGG,0.5,22.664583333333333,temperature
2018-10-30T00:00:00Z,SUGG,0.75,22.565833333333337,temperature
2018-10-30T00:00:00Z,SUGG,1,22.24625,temperature
2018-10-31T00:00:00Z,SUGG,0,22.894375,temperature
2018-10-31T00:00:00Z,SUGG,0.25,22.50958333333333,temperature
2018-10-31T00:00:00Z,SUGG,0.5,22.31125,temperature
2018-10-31T00:00:00Z,SUGG,0.75,22.206041666666668,temperature
2018-10-31T00:00:00Z,SUGG,1,22.112083333333334,temperature
2018-11-01T00:00:00Z,SUGG,0,22.673333333333332,temperature
2018-11-01T00:00:00Z,SUGG,0.25,22.659375,temperature
2018-11-01T00:00:00Z,SUGG,0.5,22.597916666666663,temperature
2018-11-01T00:00:00Z,SUGG,0.75,22.488958333333333,temperature
2018-11-01T00:00:00Z,SUGG,1,22.322916666666668,temperature
2018-11-02T00:00:00Z,SUGG,0,22.776041666666668,temperature
2018-11-02T00:00:00Z,SUGG,0.25,22.778541666666666,temperature
2018-11-02T00:00:00Z,SUGG,0.5,22.772708333333338,temperature
2018-11-02T00:00:00Z,SUGG,0.75,22.763333333333332,temperature
2018-11-02T00:00:00Z,SUGG,1,22.732916666666668,temperature
2018-11-03T00:00:00Z,SUGG,0,21.975,temperature
2018-11-03T00:00:00Z,SUGG,0.25,21.99041666666667,temperature
2018-11-03T00:00:00Z,SUGG,0.5,21.984791666666663,temperature
2018-11-03T00:00:00Z,SUGG,0.75,21.975625,temperature
2018-11-03T00:00:00Z,SUGG,1,21.965833333333332,temperature
2018-11-04T00:00:00Z,SUGG,0,21.218125,temperature
2018-11-04T00:00:00Z,SUGG,0.25,21.190833333333337,temperature
2018-11-04T00:00:00Z,SUGG,0.5,21.149375,temperature
2018-11-04T00:00:00Z,SUGG,0.75,21.097916666666663,temperature
2018-11-04T00:00:00Z,SUGG,1,21.048958333333335,temperature
2018-11-05T00:00:00Z,SUGG,0,22.359166666666667,temperature
2018-11-05T00:00:00Z,SUGG,0.25,22.078958333333333,temperature
2018-11-05T00:00:00Z,SUGG,0.5,21.982708333333335,temperature
2018-11-05T00:00:00Z,SUGG,0.75,21.833541666666665,temperature
2018-11-05T00:00:00Z,SUGG,1,21.627916666666668,temperature
2018-11-06T00:00:00Z,SUGG,0,23.671458333333337,temperature
2018-11-06T00:00:00Z,SUGG,0.25,23.5525,temperature
2018-11-06T00:00:00Z,SUGG,0.5,23.378541666666667,temperature
2018-11-06T00:00:00Z,SUGG,0.75,22.876458333333332,temperature
2018-11-06T00:00:00Z,SUGG,1,21.961666666666662,temperature
2018-11-07T00:00:00Z,SUGG,0,25.52872340425532,temperature
2018-11-07T00:00:00Z,SUGG,0.25,24.782083333333333,temperature
2018-11-07T00:00:00Z,SUGG,0.5,23.981458333333332,temperature
2018-11-07T00:00:00Z,SUGG,0.75,23.153333333333332,temperature
2018-11-07T00:00:00Z,SUGG,1,22.219166666666663,temperature
2018-11-08T00:00:00Z,SUGG,0,25.623478260869565,temperature
2018-11-08T00:00:00Z,SUGG,0.25,24.845,temperature
2018-11-08T00:00:00Z,SUGG,0.5,24.236041666666665,temperature
2018-11-08T00:00:00Z,SUGG,0.75,23.356875,temperature
2018-11-08T00:00:00Z,SUGG,1,22.684166666666663,temperature
2018-11-09T00:00:00Z,SUGG,0,25.35875,temperature
2018-11-09T00:00:00Z,SUGG,0.25,25.229791666666667,temperature
2018-11-09T00:00:00Z,SUGG,0.5,25.005208333333332,temperature
2018-11-09T00:00:00Z,SUGG,0.75,24.34875,temperature
2018-11-09T00:00:00Z,SUGG,1,23.80645833333333,temperature
2018-11-10T00:00:00Z,SUGG,0,25.029375,temperature
2018-11-10T00:00:00Z,SUGG,0.25,25.015625,temperature
2018-11-10T00:00:00Z,SUGG,0.5,24.740833333333335,temperature
2018-11-10T00:00:00Z,SUGG,0.75,23.974583333333335,temperature
2018-11-10T00:00:00Z,SUGG,1,23.201666666666668,temperature
2018-11-11T00:00:00Z,SUGG,0,22.472916666666663,temperature
2018-11-11T00:00:00Z,SUGG,0.25,22.479166666666668,temperature
2018-11-11T00:00:00Z,SUGG,0.5,22.469166666666663,temperature
2018-11-11T00:00:00Z,SUGG,0.75,22.450208333333332,temperature
2018-11-11T00:00:00Z,SUGG,1,22.406458333333333,temperature
2018-11-12T00:00:00Z,SUGG,0,22.566666666666663,temperature
2018-11-12T00:00:00Z,SUGG,0.25,22.48625,temperature
2018-11-12T00:00:00Z,SUGG,0.5,22.43375,temperature
2018-11-12T00:00:00Z,SUGG,0.75,22.398125,temperature
2018-11-12T00:00:00Z,SUGG,1,22.370625,temperature
2018-11-13T00:00:00Z,SUGG,0,23.938541666666666,temperature
2018-11-13T00:00:00Z,SUGG,0.25,23.891666666666666,temperature
2018-11-13T00:00:00Z,SUGG,0.5,23.757916666666667,temperature
2018-11-13T00:00:00Z,SUGG,0.75,23.461666666666662,temperature
2018-11-13T00:00:00Z,SUGG,1,23.025416666666665,temperature
2018-11-14T00:00:00Z,SUGG,0,23.565833333333337,temperature
2018-11-14T00:00:00Z,SUGG,0.25,23.568125,temperature
2018-11-14T00:00:00Z,SUGG,0.5,23.546875,temperature
2018-11-14T00:00:00Z,SUGG,0.75,23.408125,temperature
2018-11-14T00:00:00Z,SUGG,1,23.258333333333333,temperature
2018-11-15T00:00:00Z,SUGG,0,22.263125,temperature
2018-11-15T00:00:00Z,SUGG,0.25,22.277083333333337,temperature
2018-11-15T00:00:00Z,SUGG,0.5,22.279375,temperature
2018-11-15T00:00:00Z,SUGG,0.75,22.278541666666666,temperature
2018-11-15T00:00:00Z,SUGG,1,22.276041666666668,temperature
2018-11-16T00:00:00Z,SUGG,0,20.549791666666668,temperature
2018-11-16T00:00:00Z,SUGG,0.25,20.564583333333335,temperature
2018-11-16T00:00:00Z,SUGG,0.5,20.561041666666668,temperature
2018-11-16T00:00:00Z,SUGG,0.75,20.55291666666667,temperature
2018-11-16T00:00:00Z,SUGG,1,20.54479166666667,temperature
2018-11-17T00:00:00Z,SUGG,0,19.628333333333337,temperature
2018-11-17T00:00:00Z,SUGG,0.25,19.507291666666667,temperature
2018-11-17T00:00:00Z,SUGG,0.5,19.436666666666667,temperature
2018-11-17T00:00:00Z,SUGG,0.75,19.311041666666668,temperature
2018-11-17T00:00:00Z,SUGG,1,19.167291666666667,temperature
2018-11-18T00:00:00Z,SUGG,0,20.33375,temperature
2018-11-18T00:00:00Z,SUGG,0.25,19.765208333333337,temperature
2018-11-18T00:00:00Z,SUGG,0.5,19.520208333333333,temperature
2018-11-18T00:00:00Z,SUGG,0.75,19.265208333333337,temperature
2018-11-18T00:00:00Z,SUGG,1,19.087291666666665,temperature
2018-11-19T00:00:00Z,SUGG,0,21.079791666666665,temperature
2018-11-19T00:00:00Z,SUGG,0.25,20.11255319148936,temperature
2018-11-19T00:00:00Z,SUGG,0.5,19.684166666666663,temperature
2018-11-19T00:00:00Z,SUGG,0.75,19.394583333333333,temperature
2018-11-19T00:00:00Z,SUGG,1,19.256666666666668,temperature
2018-11-20T00:00:00Z,SUGG,0,20.692083333333333,temperature
2018-11-20T00:00:00Z,SUGG,0.25,20.486875,temperature
2018-11-20T00:00:00Z,SUGG,0.5,20.12375,temperature
2018-11-20T00:00:00Z,SUGG,0.75,19.599166666666665,temperature
2018-11-20T00:00:00Z,SUGG,1,19.390416666666667,temperature
2018-11-21T00:00:00Z,SUGG,0,19.770833333333332,temperature
2018-11-21T00:00:00Z,SUGG,0.25,19.733125,temperature
2018-11-21T00:00:00Z,SUGG,0.5,19.664375,temperature
2018-11-21T00:00:00Z,SUGG,0.75,19.551458333333333,temperature
2018-11-21T00:00:00Z,SUGG,1,19.389791666666667,temperature
2018-11-22T00:00:00Z,SUGG,0,18.984583333333333,temperature
2018-11-22T00:00:00Z,SUGG,0.25,18.997708333333332,temperature
2018-11-22T00:00:00Z,SUGG,0.5,18.999583333333337,temperature
2018-11-22T00:00:00Z,SUGG,0.75,18.997083333333332,temperature
2018-11-22T00:00:00Z,SUGG,1,18.983125,temperature
2018-11-23T00:00:00Z,SUGG,0,18.640208333333337,temperature
2018-11-23T00:00:00Z,SUGG,0.25,18.638333333333332,temperature
2018-11-23T00:00:00Z,SUGG,0.5,18.629583333333333,temperature
2018-11-23T00:00:00Z,SUGG,0.75,18.616458333333338,temperature
2018-11-23T00:00:00Z,SUGG,1,18.602916666666665,temperature
2018-11-24T00:00:00Z,SUGG,0,19.438541666666666,temperature
2018-11-24T00:00:00Z,SUGG,0.25,19.410833333333333,temperature
2018-11-24T00:00:00Z,SUGG,0.5,19.380416666666665,temperature
2018-11-24T00:00:00Z,SUGG,0.75,19.350833333333338,temperature
2018-11-24T00:00:00Z,SUGG,1,19.325,temperature
2018-11-25T00:00:00Z,SUGG,0,20.564583333333335,temperature
2018-11-25T00:00:00Z,SUGG,0.25,20.285,temperature
2018-11-25T00:00:00Z,SUGG,0.5,20.038333333333338,temperature
2018-11-25T00:00:00Z,SUGG,0.75,19.850625,temperature
2018-11-25T00:00:00Z,SUGG,1,19.59979166666667,temperature
2018-11-26T00:00:00Z,SUGG,0,19.965625,temperature
2018-11-26T00:00:00Z,SUGG,0.25,19.909166666666668,temperature
2018-11-26T00:00:00Z,SUGG,0.5,19.827708333333337,temperature
2018-11-26T00:00:00Z,SUGG,0.75,19.804375,temperature
2018-11-26T00:00:00Z,SUGG,1,19.77541666666667,temperature
2018-11-27T00:00:00Z,SUGG,0,18.900625,temperature
2018-11-27T00:00:00Z,SUGG,0.25,18.923958333333335,temperature
2018-11-27T00:00:00Z,SUGG,0.5,18.925833333333333,temperature
2018-11-27T00:00:00Z,SUGG,0.75,18.924583333333334,temperature
2018-11-27T00:00:00Z,SUGG,1,18.92,temperature
2018-11-28T00:00:00Z,SUGG,0,17.147708333333334,temperature
2018-11-28T00:00:00Z,SUGG,0.25,17.17,temperature
2018-11-28T00:00:00Z,SUGG,0.5,17.172083333333333,temperature
2018-11-28T00:00:00Z,SUGG,0.75,17.168958333333332,temperature
2018-11-28T00:00:00Z,SUGG,1,17.164583333333333,temperature
2018-11-29T00:00:00Z,SUGG,0,16.22833333333333,temperature
2018-11-29T00:00:00Z,SUGG,0.25,16.133541666666666,temperature
2018-11-29T00:00:00Z,SUGG,0.5,16.048750000000002,temperature
2018-11-29T00:00:00Z,SUGG,0.75,15.977708333333334,temperature
2018-11-29T00:00:00Z,SUGG,1,15.919166666666667,temperature
2018-11-30T00:00:00Z,SUGG,0,16.04,temperature
2018-11-30T00:00:00Z,SUGG,0.25,15.997916666666669,temperature
2018-11-30T00:00:00Z,SUGG,0.5,15.91,temperature
2018-11-30T00:00:00Z,SUGG,0.75,15.827916666666669,temperature
2018-11-30T00:00:00Z,SUGG,1,15.730416666666668,temperature
2018-12-01T00:00:00Z,SUGG,0,16.807708333333334,temperature
2018-12-01T00:00:00Z,SUGG,0.25,16.71,temperature
2018-12-01T00:00:00Z,SUGG,0.5,16.560416666666665,temperature
2018-12-01T00:00:00Z,SUGG,0.75,16.313958333333332,temperature
2018-12-01T00:00:00Z,SUGG,1,15.918125,temperature
2018-12-02T00:00:00Z,SUGG,0,17.343333333333334,temperature
2018-12-02T00:00:00Z,SUGG,0.25,17.293958333333332,temperature
2018-12-02T00:00:00Z,SUGG,0.5,17.228125,temperature
2018-12-02T00:00:00Z,SUGG,0.75,17.04125,temperature
2018-12-02T00:00:00Z,SUGG,1,16.883333333333333,temperature
2018-12-03T00:00:00Z,SUGG,0,19.064375,temperature
2018-12-03T00:00:00Z,SUGG,0.25,19.012291666666663,temperature
2018-12-03T00:00:00Z,SUGG,0.5,18.938333333333333,temperature
2018-12-03T00:00:00Z,SUGG,0.75,18.809791666666666,temperature
2018-12-03T00:00:00Z,SUGG,1,18.590833333333332,temperature
2018-12-04T00:00:00Z,SUGG,0,19.531041666666667,temperature
2018-12-04T00:00:00Z,SUGG,0.25,19.430416666666662,temperature
2018-12-04T00:00:00Z,SUGG,0.5,19.334791666666668,temperature
2018-12-04T00:00:00Z,SUGG,0.75,19.23125,temperature
2018-12-04T00:00:00Z,SUGG,1,18.83375,temperature
2018-12-05T00:00:00Z,SUGG,0,17.96666666666667,temperature
2018-12-05T00:00:00Z,SUGG,0.25,17.984166666666667,temperature
2018-12-05T00:00:00Z,SUGG,0.5,17.96875,temperature
2018-12-05T00:00:00Z,SUGG,0.75,17.947916666666668,temperature
2018-12-05T00:00:00Z,SUGG,1,17.876666666666665,temperature
2018-12-06T00:00:00Z,SUGG,0,16.84979166666667,temperature
2018-12-06T00:00:00Z,SUGG,0.25,16.652083333333334,temperature
2018-12-06T00:00:00Z,SUGG,0.5,16.560208333333332,temperature
2018-12-06T00:00:00Z,SUGG,0.75,16.506875,temperature
2018-12-06T00:00:00Z,SUGG,1,16.469583333333333,temperature
2018-12-07T00:00:00Z,SUGG,0,16.437083333333334,temperature
2018-12-07T00:00:00Z,SUGG,0.25,16.2975,temperature
2018-12-07T00:00:00Z,SUGG,0.5,16.217708333333334,temperature
2018-12-07T00:00:00Z,SUGG,0.75,16.069375,temperature
2018-12-07T00:00:00Z,SUGG,1,15.970416666666669,temperature
2018-12-08T00:00:00Z,SUGG,0,16.173958333333335,temperature
2018-12-08T00:00:00Z,SUGG,0.25,16.133958333333332,temperature
2018-12-08T00:00:00Z,SUGG,0.5,16.060208333333332,temperature
2018-12-08T00:00:00Z,SUGG,0.75,15.97,temperature
2018-12-08T00:00:00Z,SUGG,1,15.906875,temperature
2018-12-09T00:00:00Z,SUGG,0,16.97375,temperature
2018-12-09T00:00:00Z,SUGG,0.25,16.954166666666666,temperature
2018-12-09T00:00:00Z,SUGG,0.5,16.93125,temperature
2018-12-09T00:00:00Z,SUGG,0.75,16.90041666666667,temperature
2018-12-09T00:00:00Z,SUGG,1,16.851458333333333,temperature
2018-12-10T00:00:00Z,SUGG,0,16.562916666666666,temperature
2018-12-10T00:00:00Z,SUGG,0.25,16.583125,temperature
2018-12-10T00:00:00Z,SUGG,0.5,16.5875,temperature
2018-12-10T00:00:00Z,SUGG,0.75,16.58770833333333,temperature
2018-12-10T00:00:00Z,SUGG,1,16.583541666666665,temperature
2018-12-11T00:00:00Z,SUGG,0,15.343684210526316,temperature
2018-12-11T00:00:00Z,SUGG,0.25,15.36,temperature
2018-12-11T00:00:00Z,SUGG,0.5,15.361578947368422,temperature
2018-12-11T00:00:00Z,SUGG,0.75,15.35921052631579,temperature
2018-12-11T00:00:00Z,SUGG,1,15.355263157894736,temperature
2018-12-13T00:00:00Z,SUGG,0,15.17923076923077,temperature
2018-12-13T00:00:00Z,SUGG,0.25,15.04,temperature
2018-12-13T00:00:00Z,SUGG,0.5,14.96076923076923,temperature
2018-12-13T00:00:00Z,SUGG,0.75,14.854615384615384,temperature
2018-12-13T00:00:00Z,SUGG,1,14.743846153846151,temperature
2018-12-14T00:00:00Z,SUGG,0,15.300833333333332,temperature
2018-12-14T00:00:00Z,SUGG,0.25,15.267708333333331,temperature
2018-12-14T00:00:00Z,SUGG,0.5,15.216458333333334,temperature
2018-12-14T00:00:00Z,SUGG,0.75,15.123958333333333,temperature
2018-12-14T00:00:00Z,SUGG,1,15.048958333333331,temperature
2018-12-15T00:00:00Z,SUGG,0,15.899583333333334,temperature
2018-12-15T00:00:00Z,SUGG,0.25,15.872083333333334,temperature
2018-12-15T00:00:00Z,SUGG,0.5,15.847708333333332,temperature
2018-12-15T00:00:00Z,SUGG,0.75,15.815416666666668,temperature
2018-12-15T00:00:00Z,SUGG,1,15.770208333333333,temperature
2018-12-16T00:00:00Z,SUGG,0,16.50375,temperature
2018-12-16T00:00:00Z,SUGG,0.25,16.460416666666667,temperature
2018-12-16T00:00:00Z,SUGG,0.5,16.37875,temperature
2018-12-16T00:00:00Z,SUGG,0.75,16.328125,temperature
2018-12-16T00:00:00Z,SUGG,1,16.196458333333332,temperature
2018-12-17T00:00:00Z,SUGG,0,16.173333333333332,temperature
2018-12-17T00:00:00Z,SUGG,0.25,16.188333333333333,temperature
2018-12-17T00:00:00Z,SUGG,0.5,16.127916666666668,temperature
2018-12-17T00:00:00Z,SUGG,0.75,16.039375,temperature
2018-12-17T00:00:00Z,SUGG,1,15.938541666666667,temperature
2018-12-18T00:00:00Z,SUGG,0,16.733333333333334,temperature
2018-12-18T00:00:00Z,SUGG,0.25,16.141489361702128,temperature
2018-12-18T00:00:00Z,SUGG,0.5,15.735833333333334,temperature
2018-12-18T00:00:00Z,SUGG,0.75,15.630833333333332,temperature
2018-12-18T00:00:00Z,SUGG,1,15.597083333333334,temperature
2018-12-19T00:00:00Z,SUGG,0,16.441875,temperature
2018-12-19T00:00:00Z,SUGG,0.25,16.04,temperature
2018-12-19T00:00:00Z,SUGG,0.5,15.51,temperature
2018-12-19T00:00:00Z,SUGG,0.75,15.284583333333334,temperature
2018-12-19T00:00:00Z,SUGG,1,15.23875,temperature
2018-12-20T00:00:00Z,SUGG,0,15.58625,temperature
2018-12-20T00:00:00Z,SUGG,0.25,15.548958333333331,temperature
2018-12-20T00:00:00Z,SUGG,0.5,15.495208333333332,temperature
2018-12-20T00:00:00Z,SUGG,0.75,15.449166666666668,temperature
2018-12-20T00:00:00Z,SUGG,1,15.411458333333334,temperature
2018-12-21T00:00:00Z,SUGG,0,15.4975,temperature
2018-12-21T00:00:00Z,SUGG,0.25,15.50625,temperature
2018-12-21T00:00:00Z,SUGG,0.5,15.505,temperature
2018-12-21T00:00:00Z,SUGG,0.75,15.506666666666666,temperature
2018-12-21T00:00:00Z,SUGG,1,15.504583333333333,temperature
2018-12-22T00:00:00Z,SUGG,0,15.049583333333333,temperature
2018-12-22T00:00:00Z,SUGG,0.25,15.040625,temperature
2018-12-22T00:00:00Z,SUGG,0.5,15.004791666666666,temperature
2018-12-22T00:00:00Z,SUGG,0.75,14.977708333333334,temperature
2018-12-22T00:00:00Z,SUGG,1,14.960208333333334,temperature
2018-12-23T00:00:00Z,SUGG,0,15.554375,temperature
2018-12-23T00:00:00Z,SUGG,0.25,14.883541666666666,temperature
2018-12-23T00:00:00Z,SUGG,0.5,14.621666666666666,temperature
2018-12-23T00:00:00Z,SUGG,0.75,14.555625,temperature
2018-12-23T00:00:00Z,SUGG,1,14.518958333333334,temperature
2018-12-24T00:00:00Z,SUGG,0,15.531041666666669,temperature
2018-12-24T00:00:00Z,SUGG,0.25,15.054583333333332,temperature
2018-12-24T00:00:00Z,SUGG,0.5,14.75125,temperature
2018-12-24T00:00:00Z,SUGG,0.75,14.338541666666666,temperature
2018-12-24T00:00:00Z,SUGG,1,14.17125,temperature
2018-12-25T00:00:00Z,SUGG,0,15.49375,temperature
2018-12-25T00:00:00Z,SUGG,0.25,15.278333333333334,temperature
2018-12-25T00:00:00Z,SUGG,0.5,14.834166666666668,temperature
2018-12-25T00:00:00Z,SUGG,0.75,14.436041666666666,temperature
2018-12-25T00:00:00Z,SUGG,1,14.2275,temperature
2018-12-26T00:00:00Z,SUGG,0,15.0625,temperature
2018-12-26T00:00:00Z,SUGG,0.25,15.075416666666667,temperature
2018-12-26T00:00:00Z,SUGG,0.5,14.995,temperature
2018-12-26T00:00:00Z,SUGG,0.75,14.658333333333331,temperature
2018-12-26T00:00:00Z,SUGG,1,14.448541666666667,temperature
2018-12-27T00:00:00Z,SUGG,0,14.96,temperature
2018-12-27T00:00:00Z,SUGG,0.25,14.961612903225806,temperature
2018-12-27T00:00:00Z,SUGG,0.5,14.929354838709678,temperature
2018-12-27T00:00:00Z,SUGG,0.75,14.916774193548386,temperature
2018-12-27T00:00:00Z,SUGG,1,14.878709677419357,temperature
2019-01-07T00:00:00Z,SUGG,0,18.249583333333337,temperature
2019-01-07T00:00:00Z,SUGG,0.25,17.9425,temperature
2019-01-07T00:00:00Z,SUGG,0.5,17.58791666666667,temperature
2019-01-07T00:00:00Z,SUGG,0.75,17.29,temperature
2019-01-07T00:00:00Z,SUGG,1,17.08875,temperature
2019-01-08T00:00:00Z,SUGG,0,18.295416666666668,temperature
2019-01-08T00:00:00Z,SUGG,0.25,18.180208333333333,temperature
2019-01-08T00:00:00Z,SUGG,0.5,17.951041666666665,temperature
2019-01-08T00:00:00Z,SUGG,0.75,17.656666666666666,temperature
2019-01-08T00:00:00Z,SUGG,1,17.324166666666667,temperature
2019-01-09T00:00:00Z,SUGG,0,17.83829268292683,temperature
2019-01-09T00:00:00Z,SUGG,0.25,17.85487804878049,temperature
2019-01-09T00:00:00Z,SUGG,0.5,17.74439024390244,temperature
2019-01-09T00:00:00Z,SUGG,0.75,17.663658536585366,temperature
2019-01-09T00:00:00Z,SUGG,1,17.50512195121951,temperature
2019-01-10T00:00:00Z,SUGG,0,16.443870967741937,temperature
2019-01-10T00:00:00Z,SUGG,0.25,16.537741935483872,temperature
2019-01-10T00:00:00Z,SUGG,0.5,16.54741935483871,temperature
2019-01-10T00:00:00Z,SUGG,0.75,16.550967741935484,temperature
2019-01-10T00:00:00Z,SUGG,1,16.551935483870967,temperature
2019-01-17T00:00:00Z,SUGG,0,17.495,temperature
2019-01-17T00:00:00Z,SUGG,0.25,15.834166666666668,temperature
2019-01-17T00:00:00Z,SUGG,0.5,15.2025,temperature
2019-01-17T00:00:00Z,SUGG,0.75,14.768333333333333,temperature
2019-01-17T00:00:00Z,SUGG,1,14.490833333333333,temperature
2019-01-18T00:00:00Z,SUGG,0,16.37936170212766,temperature
2019-01-18T00:00:00Z,SUGG,0.25,15.370208333333334,temperature
2019-01-18T00:00:00Z,SUGG,0.5,14.915208333333334,temperature
2019-01-18T00:00:00Z,SUGG,0.75,14.569375,temperature
2019-01-18T00:00:00Z,SUGG,1,14.366875,temperature
2019-01-19T00:00:00Z,SUGG,0,15.995208333333332,temperature
2019-01-19T00:00:00Z,SUGG,0.25,15.826041666666669,temperature
2019-01-19T00:00:00Z,SUGG,0.5,15.353125,temperature
2019-01-19T00:00:00Z,SUGG,0.75,14.915625,temperature
2019-01-19T00:00:00Z,SUGG,1,14.784166666666668,temperature
2019-01-20T00:00:00Z,SUGG,0,15.788541666666667,temperature
2019-01-20T00:00:00Z,SUGG,0.25,15.791458333333331,temperature
2019-01-20T00:00:00Z,SUGG,0.5,15.78875,temperature
2019-01-20T00:00:00Z,SUGG,0.75,15.785833333333333,temperature
2019-01-20T00:00:00Z,SUGG,1,15.771458333333332,temperature
2019-01-21T00:00:00Z,SUGG,0,14.591666666666669,temperature
2019-01-21T00:00:00Z,SUGG,0.25,14.596875,temperature
2019-01-21T00:00:00Z,SUGG,0.5,14.580625,temperature
2019-01-21T00:00:00Z,SUGG,0.75,14.56125,temperature
2019-01-21T00:00:00Z,SUGG,1,14.546666666666669,temperature
2019-01-22T00:00:00Z,SUGG,0,14.042916666666668,temperature
2019-01-22T00:00:00Z,SUGG,0.25,14.045,temperature
2019-01-22T00:00:00Z,SUGG,0.5,14.029791666666666,temperature
2019-01-22T00:00:00Z,SUGG,0.75,14.007083333333334,temperature
2019-01-22T00:00:00Z,SUGG,1,13.96,temperature
2019-01-23T00:00:00Z,SUGG,0,14.906041666666669,temperature
2019-01-23T00:00:00Z,SUGG,0.25,14.894583333333332,temperature
2019-01-23T00:00:00Z,SUGG,0.5,14.879583333333333,temperature
2019-01-23T00:00:00Z,SUGG,0.75,14.858541666666667,temperature
2019-01-23T00:00:00Z,SUGG,1,14.833333333333334,temperature
2019-01-24T00:00:00Z,SUGG,0,16.277083333333334,temperature
2019-01-24T00:00:00Z,SUGG,0.25,16.266458333333333,temperature
2019-01-24T00:00:00Z,SUGG,0.5,16.253958333333333,temperature
2019-01-24T00:00:00Z,SUGG,0.75,16.241041666666668,temperature
2019-01-24T00:00:00Z,SUGG,1,16.225,temperature
2019-01-25T00:00:00Z,SUGG,0,15.904375,temperature
2019-01-25T00:00:00Z,SUGG,0.25,15.912083333333332,temperature
2019-01-25T00:00:00Z,SUGG,0.5,15.904791666666666,temperature
2019-01-25T00:00:00Z,SUGG,0.75,15.892291666666669,temperature
2019-01-25T00:00:00Z,SUGG,1,15.87875,temperature
2019-01-26T00:00:00Z,SUGG,0,15.188958333333334,temperature
2019-01-26T00:00:00Z,SUGG,0.25,15.178333333333333,temperature
2019-01-26T00:00:00Z,SUGG,0.5,15.154791666666666,temperature
2019-01-26T00:00:00Z,SUGG,0.75,15.14125,temperature
2019-01-26T00:00:00Z,SUGG,1,15.123958333333333,temperature
2019-01-27T00:00:00Z,SUGG,0,14.257708333333332,temperature
2019-01-27T00:00:00Z,SUGG,0.25,14.277916666666666,temperature
2019-01-27T00:00:00Z,SUGG,0.5,14.284583333333334,temperature
2019-01-27T00:00:00Z,SUGG,0.75,14.288125,temperature
2019-01-27T00:00:00Z,SUGG,1,14.289166666666668,temperature
2019-01-28T00:00:00Z,SUGG,0,13.563125,temperature
2019-01-28T00:00:00Z,SUGG,0.25,13.542083333333334,temperature
2019-01-28T00:00:00Z,SUGG,0.5,13.50125,temperature
2019-01-28T00:00:00Z,SUGG,0.75,13.443125,temperature
2019-01-28T00:00:00Z,SUGG,1,13.413333333333334,temperature
2019-01-29T00:00:00Z,SUGG,0,13.748333333333331,temperature
2019-01-29T00:00:00Z,SUGG,0.25,13.669583333333334,temperature
2019-01-29T00:00:00Z,SUGG,0.5,13.56375,temperature
2019-01-29T00:00:00Z,SUGG,0.75,13.491458333333334,temperature
2019-01-29T00:00:00Z,SUGG,1,13.4325,temperature
2019-01-30T00:00:00Z,SUGG,0,13.270625,temperature
2019-01-30T00:00:00Z,SUGG,0.25,13.278125,temperature
2019-01-30T00:00:00Z,SUGG,0.5,13.22625,temperature
2019-01-30T00:00:00Z,SUGG,0.75,13.100833333333334,temperature
2019-01-30T00:00:00Z,SUGG,1,13.034166666666666,temperature
2019-01-31T00:00:00Z,SUGG,0,12.10451612903226,temperature
2019-01-31T00:00:00Z,SUGG,0.25,12.123225806451613,temperature
2019-01-31T00:00:00Z,SUGG,0.5,12.12741935483871,temperature
2019-01-31T00:00:00Z,SUGG,0.75,12.12774193548387,temperature
2019-01-31T00:00:00Z,SUGG,1,12.12451612903226,temperature
2019-02-07T00:00:00Z,SUGG,0,20.944444444444443,temperature
2019-02-07T00:00:00Z,SUGG,0.25,20.13388888888889,temperature
2019-02-07T00:00:00Z,SUGG,0.5,17.497222222222224,temperature
2019-02-07T00:00:00Z,SUGG,0.75,15.033333333333331,temperature
2019-02-07T00:00:00Z,SUGG,1,14.24611111111111,temperature
2019-02-08T00:00:00Z,SUGG,0,20.933958333333333,temperature
2019-02-08T00:00:00Z,SUGG,0.25,20.0025,temperature
2019-02-08T00:00:00Z,SUGG,0.5,17.592916666666667,temperature
2019-02-08T00:00:00Z,SUGG,0.75,15.315625,temperature
2019-02-08T00:00:00Z,SUGG,1,14.430625,temperature
2019-02-09T00:00:00Z,SUGG,0,18.00604166666667,temperature
2019-02-09T00:00:00Z,SUGG,0.25,17.810416666666665,temperature
2019-02-09T00:00:00Z,SUGG,0.5,16.928958333333334,temperature
2019-02-09T00:00:00Z,SUGG,0.75,15.767708333333331,temperature
2019-02-09T00:00:00Z,SUGG,1,14.811041666666666,temperature
2019-02-10T00:00:00Z,SUGG,0,16.213541666666668,temperature
2019-02-10T00:00:00Z,SUGG,0.25,16.200833333333332,temperature
2019-02-10T00:00:00Z,SUGG,0.5,16.172083333333333,temperature
2019-02-10T00:00:00Z,SUGG,0.75,16.0775,temperature
2019-02-10T00:00:00Z,SUGG,1,15.822291666666668,temperature
2019-02-11T00:00:00Z,SUGG,0,17.599166666666665,temperature
2019-02-11T00:00:00Z,SUGG,0.25,17.425208333333334,temperature
2019-02-11T00:00:00Z,SUGG,0.5,17.12,temperature
2019-02-11T00:00:00Z,SUGG,0.75,16.885208333333335,temperature
2019-02-11T00:00:00Z,SUGG,1,16.620625,temperature
2019-02-12T00:00:00Z,SUGG,0,19.323541666666667,temperature
2019-02-12T00:00:00Z,SUGG,0.25,19.145833333333332,temperature
2019-02-12T00:00:00Z,SUGG,0.5,18.581041666666668,temperature
2019-02-12T00:00:00Z,SUGG,0.75,18.083541666666665,temperature
2019-02-12T00:00:00Z,SUGG,1,17.50375,temperature
2019-02-13T00:00:00Z,SUGG,0,18.89125,temperature
2019-02-13T00:00:00Z,SUGG,0.25,18.902291666666667,temperature
2019-02-13T00:00:00Z,SUGG,0.5,18.898958333333333,temperature
2019-02-13T00:00:00Z,SUGG,0.75,18.87875,temperature
2019-02-13T00:00:00Z,SUGG,1,18.780625,temperature
2019-02-14T00:00:00Z,SUGG,0,17.595333333333333,temperature
2019-02-14T00:00:00Z,SUGG,0.25,17.515777777777778,temperature
2019-02-14T00:00:00Z,SUGG,0.5,17.40288888888889,temperature
2019-02-14T00:00:00Z,SUGG,0.75,17.285555555555554,temperature
2019-02-14T00:00:00Z,SUGG,1,17.088666666666665,temperature
2019-02-15T00:00:00Z,SUGG,0,18.193125,temperature
2019-02-15T00:00:00Z,SUGG,0.25,17.999791666666667,temperature
2019-02-15T00:00:00Z,SUGG,0.5,17.793541666666666,temperature
2019-02-15T00:00:00Z,SUGG,0.75,17.487291666666668,temperature
2019-02-15T00:00:00Z,SUGG,1,17.157291666666666,temperature
2019-02-16T00:00:00Z,SUGG,0,18.169375,temperature
2019-02-16T00:00:00Z,SUGG,0.25,18.15125,temperature
2019-02-16T00:00:00Z,SUGG,0.5,18.073333333333338,temperature
2019-02-16T00:00:00Z,SUGG,0.75,17.86875,temperature
2019-02-16T00:00:00Z,SUGG,1,17.573333333333334,temperature
2019-02-17T00:00:00Z,SUGG,0,19.46875,temperature
2019-02-17T00:00:00Z,SUGG,0.25,19.325833333333332,temperature
2019-02-17T00:00:00Z,SUGG,0.5,19.10125,temperature
2019-02-17T00:00:00Z,SUGG,0.75,18.876041666666666,temperature
2019-02-17T00:00:00Z,SUGG,1,18.581041666666668,temperature
2019-02-18T00:00:00Z,SUGG,0,21.257083333333338,temperature
2019-02-18T00:00:00Z,SUGG,0.25,21.18125,temperature
2019-02-18T00:00:00Z,SUGG,0.5,20.930833333333332,temperature
2019-02-18T00:00:00Z,SUGG,0.75,20.174583333333334,temperature
2019-02-18T00:00:00Z,SUGG,1,19.05217391304348,temperature
2019-02-19T00:00:00Z,SUGG,0,20.875625,temperature
2019-02-19T00:00:00Z,SUGG,0.25,20.86520833333333,temperature
2019-02-19T00:00:00Z,SUGG,0.5,20.821041666666662,temperature
2019-02-19T00:00:00Z,SUGG,0.75,20.680833333333332,temperature
2019-02-19T00:00:00Z,SUGG,1,19.46191489361702,temperature
2019-02-20T00:00:00Z,SUGG,0,20.511875,temperature
2019-02-20T00:00:00Z,SUGG,0.25,20.206041666666668,temperature
2019-02-20T00:00:00Z,SUGG,0.5,20.04,temperature
2019-02-20T00:00:00Z,SUGG,0.75,19.891458333333333,temperature
2019-02-20T00:00:00Z,SUGG,1,19.774166666666662,temperature
2019-02-21T00:00:00Z,SUGG,0,22.393125,temperature
2019-02-21T00:00:00Z,SUGG,0.25,21.726458333333333,temperature
2019-02-21T00:00:00Z,SUGG,0.5,20.776666666666667,temperature
2019-02-21T00:00:00Z,SUGG,0.75,20.166458333333335,temperature
2019-02-21T00:00:00Z,SUGG,1,19.6225,temperature
2019-02-22T00:00:00Z,SUGG,0,24.061875,temperature
2019-02-22T00:00:00Z,SUGG,0.25,23.52166666666667,temperature
2019-02-22T00:00:00Z,SUGG,0.5,22.07,temperature
2019-02-22T00:00:00Z,SUGG,0.75,20.640833333333333,temperature
2019-02-22T00:00:00Z,SUGG,1,19.68166666666667,temperature
2019-02-23T00:00:00Z,SUGG,0,23.922916666666666,temperature
2019-02-23T00:00:00Z,SUGG,0.25,23.635625,temperature
2019-02-23T00:00:00Z,SUGG,0.5,23.139375,temperature
2019-02-23T00:00:00Z,SUGG,0.75,21.651875,temperature
2019-02-23T00:00:00Z,SUGG,1,19.922083333333333,temperature
2019-02-24T00:00:00Z,SUGG,0,23.887083333333333,temperature
2019-02-24T00:00:00Z,SUGG,0.25,23.87,temperature
2019-02-24T00:00:00Z,SUGG,0.5,23.81375,temperature
2019-02-24T00:00:00Z,SUGG,0.75,23.157083333333333,temperature
2019-02-24T00:00:00Z,SUGG,1,21.636458333333337,temperature
2019-02-25T00:00:00Z,SUGG,0,21.698541666666667,temperature
2019-02-25T00:00:00Z,SUGG,0.25,21.706666666666667,temperature
2019-02-25T00:00:00Z,SUGG,0.5,21.691666666666663,temperature
2019-02-25T00:00:00Z,SUGG,0.75,21.656666666666663,temperature
2019-02-25T00:00:00Z,SUGG,1,21.532291666666666,temperature
2019-02-26T00:00:00Z,SUGG,0,20.076875,temperature
2019-02-26T00:00:00Z,SUGG,0.25,20.083125,temperature
2019-02-26T00:00:00Z,SUGG,0.5,20.076666666666668,temperature
2019-02-26T00:00:00Z,SUGG,0.75,20.058958333333333,temperature
2019-02-26T00:00:00Z,SUGG,1,20.047708333333333,temperature
2019-02-27T00:00:00Z,SUGG,0,20.76395833333333,temperature
2019-02-27T00:00:00Z,SUGG,0.25,19.760833333333338,temperature
2019-02-27T00:00:00Z,SUGG,0.5,19.538333333333338,temperature
2019-02-27T00:00:00Z,SUGG,0.75,19.455833333333334,temperature
2019-02-27T00:00:00Z,SUGG,1,19.42770833333333,temperature
2019-02-28T00:00:00Z,SUGG,0,21.2475,temperature
2019-02-28T00:00:00Z,SUGG,0.25,20.54375,temperature
2019-02-28T00:00:00Z,SUGG,0.5,19.968958333333333,temperature
2019-02-28T00:00:00Z,SUGG,0.75,19.692916666666665,temperature
2019-02-28T00:00:00Z,SUGG,1,19.515208333333337,temperature
2019-03-01T00:00:00Z,SUGG,0,21.977083333333333,temperature
2019-03-01T00:00:00Z,SUGG,0.25,21.716875,temperature
2019-03-01T00:00:00Z,SUGG,0.5,21.3325,temperature
2019-03-01T00:00:00Z,SUGG,0.75,20.675625,temperature
2019-03-01T00:00:00Z,SUGG,1,19.992291666666667,temperature
2019-03-02T00:00:00Z,SUGG,0,21.43,temperature
2019-03-02T00:00:00Z,SUGG,0.25,21.09375,temperature
2019-03-02T00:00:00Z,SUGG,0.5,20.951041666666665,temperature
2019-03-02T00:00:00Z,SUGG,0.75,20.848333333333333,temperature
2019-03-02T00:00:00Z,SUGG,1,20.682083333333335,temperature
2019-03-03T00:00:00Z,SUGG,0,21.26875,temperature
2019-03-03T00:00:00Z,SUGG,0.25,21.204791666666665,temperature
2019-03-03T00:00:00Z,SUGG,0.5,21.114166666666662,temperature
2019-03-03T00:00:00Z,SUGG,0.75,20.999791666666667,temperature
2019-03-03T00:00:00Z,SUGG,1,20.889791666666667,temperature
2019-03-04T00:00:00Z,SUGG,0,21.316041666666667,temperature
2019-03-04T00:00:00Z,SUGG,0.25,21.3125,temperature
2019-03-04T00:00:00Z,SUGG,0.5,21.28708333333333,temperature
2019-03-04T00:00:00Z,SUGG,0.75,21.2425,temperature
2019-03-04T00:00:00Z,SUGG,1,21.203333333333333,temperature
2019-03-05T00:00:00Z,SUGG,0,19.86895833333333,temperature
2019-03-05T00:00:00Z,SUGG,0.25,19.885,temperature
2019-03-05T00:00:00Z,SUGG,0.5,19.887083333333333,temperature
2019-03-05T00:00:00Z,SUGG,0.75,19.885833333333338,temperature
2019-03-05T00:00:00Z,SUGG,1,19.88458333333333,temperature
2019-03-06T00:00:00Z,SUGG,0,18.346458333333334,temperature
2019-03-06T00:00:00Z,SUGG,0.25,18.317708333333332,temperature
2019-03-06T00:00:00Z,SUGG,0.5,18.272708333333338,temperature
2019-03-06T00:00:00Z,SUGG,0.75,18.222291666666667,temperature
2019-03-06T00:00:00Z,SUGG,1,18.177708333333335,temperature
2019-03-07T00:00:00Z,SUGG,0,18.487083333333334,temperature
2019-03-07T00:00:00Z,SUGG,0.25,18.06625,temperature
2019-03-07T00:00:00Z,SUGG,0.5,17.5675,temperature
2019-03-07T00:00:00Z,SUGG,0.75,17.445,temperature
2019-03-07T00:00:00Z,SUGG,1,17.404375,temperature
2019-03-08T00:00:00Z,SUGG,0,18.678125,temperature
2019-03-08T00:00:00Z,SUGG,0.25,18.455416666666668,temperature
2019-03-08T00:00:00Z,SUGG,0.5,18.141875,temperature
2019-03-08T00:00:00Z,SUGG,0.75,17.908541666666668,temperature
2019-03-08T00:00:00Z,SUGG,1,17.623541666666668,temperature
2019-03-09T00:00:00Z,SUGG,0,19.646041666666665,temperature
2019-03-09T00:00:00Z,SUGG,0.25,19.566041666666667,temperature
2019-03-09T00:00:00Z,SUGG,0.5,19.380625,temperature
2019-03-09T00:00:00Z,SUGG,0.75,18.978958333333335,temperature
2019-03-09T00:00:00Z,SUGG,1,18.257916666666667,temperature
2019-03-10T00:00:00Z,SUGG,0,21.121041666666667,temperature
2019-03-10T00:00:00Z,SUGG,0.25,20.947708333333335,temperature
2019-03-10T00:00:00Z,SUGG,0.5,20.774166666666662,temperature
2019-03-10T00:00:00Z,SUGG,0.75,19.915,temperature
2019-03-10T00:00:00Z,SUGG,1,18.776041666666668,temperature
2019-03-11T00:00:00Z,SUGG,0,23.55291666666667,temperature
2019-03-11T00:00:00Z,SUGG,0.25,22.785833333333333,temperature
2019-03-11T00:00:00Z,SUGG,0.5,22.074166666666667,temperature
2019-03-11T00:00:00Z,SUGG,0.75,20.5625,temperature
2019-03-11T00:00:00Z,SUGG,1,18.876041666666666,temperature
2019-03-12T00:00:00Z,SUGG,0,23.4325,temperature
2019-03-12T00:00:00Z,SUGG,0.25,23.173333333333332,temperature
2019-03-12T00:00:00Z,SUGG,0.5,22.33127659574468,temperature
2019-03-12T00:00:00Z,SUGG,0.75,20.894791666666663,temperature
2019-03-12T00:00:00Z,SUGG,1,19.343125,temperature
2019-03-13T00:00:00Z,SUGG,0,21.773333333333333,temperature
2019-03-13T00:00:00Z,SUGG,0.25,21.770833333333332,temperature
2019-03-13T00:00:00Z,SUGG,0.5,21.747083333333332,temperature
2019-03-13T00:00:00Z,SUGG,0.75,21.682291666666668,temperature
2019-03-13T00:00:00Z,SUGG,1,21.309791666666666,temperature
2019-03-14T00:00:00Z,SUGG,0,22.033541666666668,temperature
2019-03-14T00:00:00Z,SUGG,0.25,21.908541666666668,temperature
2019-03-14T00:00:00Z,SUGG,0.5,21.725208333333335,temperature
2019-03-14T00:00:00Z,SUGG,0.75,21.470208333333332,temperature
2019-03-14T00:00:00Z,SUGG,1,21.256875,temperature
2019-03-15T00:00:00Z,SUGG,0,22.907435897435896,temperature
2019-03-15T00:00:00Z,SUGG,0.25,22.84025641025641,temperature
2019-03-15T00:00:00Z,SUGG,0.5,22.682564102564104,temperature
2019-03-15T00:00:00Z,SUGG,0.75,22.503333333333337,temperature
2019-03-15T00:00:00Z,SUGG,1,21.40410256410257,temperature
2019-03-16T00:00:00Z,SUGG,0,23.806875,temperature
2019-03-16T00:00:00Z,SUGG,0.25,23.769166666666667,temperature
2019-03-16T00:00:00Z,SUGG,0.5,23.616041666666668,temperature
2019-03-16T00:00:00Z,SUGG,0.75,22.844375,temperature
2019-03-16T00:00:00Z,SUGG,1,21.715833333333332,temperature
2019-03-17T00:00:00Z,SUGG,0,21.24875,temperature
2019-03-17T00:00:00Z,SUGG,0.25,21.262708333333332,temperature
2019-03-17T00:00:00Z,SUGG,0.5,21.264375,temperature
2019-03-17T00:00:00Z,SUGG,0.75,21.260833333333338,temperature
2019-03-17T00:00:00Z,SUGG,1,21.191041666666667,temperature
2019-03-18T00:00:00Z,SUGG,0,19.705416666666668,temperature
2019-03-18T00:00:00Z,SUGG,0.25,19.717916666666667,temperature
2019-03-18T00:00:00Z,SUGG,0.5,19.711666666666662,temperature
2019-03-18T00:00:00Z,SUGG,0.75,19.700833333333332,temperature
2019-03-18T00:00:00Z,SUGG,1,19.688541666666666,temperature
2019-03-19T00:00:00Z,SUGG,0,19.297708333333333,temperature
2019-03-19T00:00:00Z,SUGG,0.25,19.311666666666667,temperature
2019-03-19T00:00:00Z,SUGG,0.5,19.313541666666666,temperature
2019-03-19T00:00:00Z,SUGG,0.75,19.312083333333337,temperature
2019-03-19T00:00:00Z,SUGG,1,19.312708333333333,temperature
2019-03-20T00:00:00Z,SUGG,0,18.71875,temperature
2019-03-20T00:00:00Z,SUGG,0.25,18.701666666666668,temperature
2019-03-20T00:00:00Z,SUGG,0.5,18.655,temperature
2019-03-20T00:00:00Z,SUGG,0.75,18.604166666666668,temperature
2019-03-20T00:00:00Z,SUGG,1,18.579166666666666,temperature
2019-03-21T00:00:00Z,SUGG,0,19.145,temperature
2019-03-21T00:00:00Z,SUGG,0.25,19.107708333333335,temperature
2019-03-21T00:00:00Z,SUGG,0.5,19.077708333333337,temperature
2019-03-21T00:00:00Z,SUGG,0.75,19.043125,temperature
2019-03-21T00:00:00Z,SUGG,1,19.00625,temperature
2019-03-22T00:00:00Z,SUGG,0,19.250833333333333,temperature
2019-03-22T00:00:00Z,SUGG,0.25,19.2375,temperature
2019-03-22T00:00:00Z,SUGG,0.5,19.21875,temperature
2019-03-22T00:00:00Z,SUGG,0.75,19.195625,temperature
2019-03-22T00:00:00Z,SUGG,1,19.173125,temperature
2019-03-23T00:00:00Z,SUGG,0,20.149375,temperature
2019-03-23T00:00:00Z,SUGG,0.25,19.739583333333332,temperature
2019-03-23T00:00:00Z,SUGG,0.5,19.401458333333338,temperature
2019-03-23T00:00:00Z,SUGG,0.75,19.212291666666665,temperature
2019-03-23T00:00:00Z,SUGG,1,19.087291666666665,temperature
2019-03-24T00:00:00Z,SUGG,0,20.400625,temperature
2019-03-24T00:00:00Z,SUGG,0.25,20.240833333333335,temperature
2019-03-24T00:00:00Z,SUGG,0.5,19.91375,temperature
2019-03-24T00:00:00Z,SUGG,0.75,19.47125,temperature
2019-03-24T00:00:00Z,SUGG,1,19.169583333333332,temperature
2019-03-25T00:00:00Z,SUGG,0,21.629791666666662,temperature
2019-03-25T00:00:00Z,SUGG,0.25,21.557708333333338,temperature
2019-03-25T00:00:00Z,SUGG,0.5,21.18125,temperature
2019-03-25T00:00:00Z,SUGG,0.75,20.59875,temperature
2019-03-25T00:00:00Z,SUGG,1,20.2,temperature
2019-03-26T00:00:00Z,SUGG,0,21.95625,temperature
2019-03-26T00:00:00Z,SUGG,0.25,21.759166666666665,temperature
2019-03-26T00:00:00Z,SUGG,0.5,21.529791666666668,temperature
2019-03-26T00:00:00Z,SUGG,0.75,21.210416666666667,temperature
2019-03-26T00:00:00Z,SUGG,1,20.75583333333333,temperature
2019-03-27T00:00:00Z,SUGG,0,21.059166666666663,temperature
2019-03-27T00:00:00Z,SUGG,0.25,21.053333333333335,temperature
2019-03-27T00:00:00Z,SUGG,0.5,21.00125,temperature
2019-03-27T00:00:00Z,SUGG,0.75,20.8975,temperature
2019-03-27T00:00:00Z,SUGG,1,20.751666666666665,temperature
2019-03-28T00:00:00Z,SUGG,0,20.24553191489362,temperature
2019-03-28T00:00:00Z,SUGG,0.25,20.25531914893617,temperature
2019-03-28T00:00:00Z,SUGG,0.5,20.247021276595746,temperature
2019-03-28T00:00:00Z,SUGG,0.75,20.231702127659577,temperature
2019-03-28T00:00:00Z,SUGG,1,20.21468085106383,temperature
2019-03-29T00:00:00Z,SUGG,0,20.767083333333332,temperature
2019-03-29T00:00:00Z,SUGG,0.25,20.71270833333333,temperature
2019-03-29T00:00:00Z,SUGG,0.5,20.602083333333333,temperature
2019-03-29T00:00:00Z,SUGG,0.75,20.482083333333332,temperature
2019-03-29T00:00:00Z,SUGG,1,20.254375,temperature
2019-03-30T00:00:00Z,SUGG,0,21.865625,temperature
2019-03-30T00:00:00Z,SUGG,0.25,21.677083333333332,temperature
2019-03-30T00:00:00Z,SUGG,0.5,21.430416666666662,temperature
2019-03-30T00:00:00Z,SUGG,0.75,20.97833333333333,temperature
2019-03-30T00:00:00Z,SUGG,1,20.69333333333333,temperature
2019-03-31T00:00:00Z,SUGG,0,23.067916666666665,temperature
2019-03-31T00:00:00Z,SUGG,0.25,22.990625,temperature
2019-03-31T00:00:00Z,SUGG,0.5,22.571458333333332,temperature
2019-03-31T00:00:00Z,SUGG,0.75,21.9125,temperature
2019-03-31T00:00:00Z,SUGG,1,21.423125,temperature
2019-04-01T00:00:00Z,SUGG,0,22.0125,temperature
2019-04-01T00:00:00Z,SUGG,0.25,22.025625,temperature
2019-04-01T00:00:00Z,SUGG,0.5,22.00604166666667,temperature
2019-04-01T00:00:00Z,SUGG,0.75,21.929166666666667,temperature
2019-04-01T00:00:00Z,SUGG,1,21.624375,temperature
2019-04-02T00:00:00Z,SUGG,0,20.520625,temperature
2019-04-02T00:00:00Z,SUGG,0.25,20.511458333333337,temperature
2019-04-02T00:00:00Z,SUGG,0.5,20.496041666666667,temperature
2019-04-02T00:00:00Z,SUGG,0.75,20.473125,temperature
2019-04-02T00:00:00Z,SUGG,1,20.453333333333333,temperature
2019-04-03T00:00:00Z,SUGG,0,20.779583333333335,temperature
2019-04-03T00:00:00Z,SUGG,0.25,20.765625,temperature
2019-04-03T00:00:00Z,SUGG,0.5,20.734791666666663,temperature
2019-04-03T00:00:00Z,SUGG,0.75,20.690416666666668,temperature
2019-04-03T00:00:00Z,SUGG,1,20.63125,temperature
2019-04-04T00:00:00Z,SUGG,0,21.191875,temperature
2019-04-04T00:00:00Z,SUGG,0.25,21.1525,temperature
2019-04-04T00:00:00Z,SUGG,0.5,21.083541666666665,temperature
2019-04-04T00:00:00Z,SUGG,0.75,20.964791666666667,temperature
2019-04-04T00:00:00Z,SUGG,1,20.721458333333334,temperature
2019-04-05T00:00:00Z,SUGG,0,22.082291666666663,temperature
2019-04-05T00:00:00Z,SUGG,0.25,22.065833333333337,temperature
2019-04-05T00:00:00Z,SUGG,0.5,22.034583333333337,temperature
2019-04-05T00:00:00Z,SUGG,0.75,21.961875,temperature
2019-04-05T00:00:00Z,SUGG,1,21.87375,temperature
2019-04-06T00:00:00Z,SUGG,0,23.490208333333335,temperature
2019-04-06T00:00:00Z,SUGG,0.25,23.276875,temperature
2019-04-06T00:00:00Z,SUGG,0.5,22.9475,temperature
2019-04-06T00:00:00Z,SUGG,0.75,22.680416666666662,temperature
2019-04-06T00:00:00Z,SUGG,1,22.204166666666666,temperature
2019-04-07T00:00:00Z,SUGG,0,25.161666666666665,temperature
2019-04-07T00:00:00Z,SUGG,0.25,24.783541666666668,temperature
2019-04-07T00:00:00Z,SUGG,0.5,23.997708333333332,temperature
2019-04-07T00:00:00Z,SUGG,0.75,23.01770833333333,temperature
2019-04-07T00:00:00Z,SUGG,1,22.1425,temperature
2019-04-08T00:00:00Z,SUGG,0,25.58825,temperature
2019-04-08T00:00:00Z,SUGG,0.25,25.43725,temperature
2019-04-08T00:00:00Z,SUGG,0.5,25.122,temperature
2019-04-08T00:00:00Z,SUGG,0.75,24.09825,temperature
2019-04-08T00:00:00Z,SUGG,1,22.804,temperature
2019-04-09T00:00:00Z,SUGG,0,25.45916666666667,temperature
2019-04-09T00:00:00Z,SUGG,0.25,25.413541666666667,temperature
2019-04-09T00:00:00Z,SUGG,0.5,25.350416666666668,temperature
2019-04-09T00:00:00Z,SUGG,0.75,25.133333333333333,temperature
2019-04-09T00:00:00Z,SUGG,1,24.285,temperature
2019-04-10T00:00:00Z,SUGG,0,25.855744680851064,temperature
2019-04-10T00:00:00Z,SUGG,0.25,25.41875,temperature
2019-04-10T00:00:00Z,SUGG,0.5,25.073541666666667,temperature
2019-04-10T00:00:00Z,SUGG,0.75,24.862083333333334,temperature
2019-04-10T00:00:00Z,SUGG,1,24.407291666666666,temperature
2019-04-11T00:00:00Z,SUGG,0,25.15,temperature
2019-04-11T00:00:00Z,SUGG,0.25,25.078541666666663,temperature
2019-04-11T00:00:00Z,SUGG,0.5,24.901458333333338,temperature
2019-04-11T00:00:00Z,SUGG,0.75,24.501041666666666,temperature
2019-04-11T00:00:00Z,SUGG,1,24.064791666666668,temperature
2019-04-12T00:00:00Z,SUGG,0,25.863958333333333,temperature
2019-04-12T00:00:00Z,SUGG,0.25,25.803125,temperature
2019-04-12T00:00:00Z,SUGG,0.5,25.662916666666668,temperature
2019-04-12T00:00:00Z,SUGG,0.75,25.39375,temperature
2019-04-12T00:00:00Z,SUGG,1,24.385,temperature
2019-04-13T00:00:00Z,SUGG,0,27.31,temperature
2019-04-13T00:00:00Z,SUGG,0.25,27.197291666666665,temperature
2019-04-13T00:00:00Z,SUGG,0.5,26.776041666666668,temperature
2019-04-13T00:00:00Z,SUGG,0.75,26.047916666666666,temperature
2019-04-13T00:00:00Z,SUGG,1,24.660416666666663,temperature
2019-04-14T00:00:00Z,SUGG,0,26.642291666666665,temperature
2019-04-14T00:00:00Z,SUGG,0.25,26.559583333333332,temperature
2019-04-14T00:00:00Z,SUGG,0.5,26.484583333333333,temperature
2019-04-14T00:00:00Z,SUGG,0.75,26.218125,temperature
2019-04-14T00:00:00Z,SUGG,1,25.587083333333332,temperature
2019-04-15T00:00:00Z,SUGG,0,25.356666666666666,temperature
2019-04-15T00:00:00Z,SUGG,0.25,25.347083333333337,temperature
2019-04-15T00:00:00Z,SUGG,0.5,25.323333333333338,temperature
2019-04-15T00:00:00Z,SUGG,0.75,25.2825,temperature
2019-04-15T00:00:00Z,SUGG,1,25.22625,temperature
2019-04-16T00:00:00Z,SUGG,0,24.888333333333332,temperature
2019-04-16T00:00:00Z,SUGG,0.25,24.74395833333333,temperature
2019-04-16T00:00:00Z,SUGG,0.5,24.573333333333338,temperature
2019-04-16T00:00:00Z,SUGG,0.75,24.3175,temperature
2019-04-16T00:00:00Z,SUGG,1,24.191041666666667,temperature
2019-04-17T00:00:00Z,SUGG,0,25.085,temperature
2019-04-17T00:00:00Z,SUGG,0.25,25.006666666666668,temperature
2019-04-17T00:00:00Z,SUGG,0.5,24.852291666666662,temperature
2019-04-17T00:00:00Z,SUGG,0.75,24.452708333333337,temperature
2019-04-17T00:00:00Z,SUGG,1,23.989375,temperature
2019-04-18T00:00:00Z,SUGG,0,25.373541666666668,temperature
2019-04-18T00:00:00Z,SUGG,0.25,25.345625,temperature
2019-04-18T00:00:00Z,SUGG,0.5,25.303958333333338,temperature
2019-04-18T00:00:00Z,SUGG,0.75,25.154583333333335,temperature
2019-04-18T00:00:00Z,SUGG,1,24.873541666666668,temperature
2019-04-19T00:00:00Z,SUGG,0,25.222083333333337,temperature
2019-04-19T00:00:00Z,SUGG,0.25,25.225833333333338,temperature
2019-04-19T00:00:00Z,SUGG,0.5,25.2225,temperature
2019-04-19T00:00:00Z,SUGG,0.75,25.202708333333337,temperature
2019-04-19T00:00:00Z,SUGG,1,25.04895833333333,temperature
2019-04-20T00:00:00Z,SUGG,0,23.467916666666667,temperature
2019-04-20T00:00:00Z,SUGG,0.25,23.47479166666667,temperature
2019-04-20T00:00:00Z,SUGG,0.5,23.47375,temperature
2019-04-20T00:00:00Z,SUGG,0.75,23.469791666666666,temperature
2019-04-20T00:00:00Z,SUGG,1,23.464375,temperature
2019-04-21T00:00:00Z,SUGG,0,23.167916666666667,temperature
2019-04-21T00:00:00Z,SUGG,0.25,23.077916666666667,temperature
2019-04-21T00:00:00Z,SUGG,0.5,23.000416666666663,temperature
2019-04-21T00:00:00Z,SUGG,0.75,22.946458333333332,temperature
2019-04-21T00:00:00Z,SUGG,1,22.852708333333332,temperature
2019-04-22T00:00:00Z,SUGG,0,24.989166666666662,temperature
2019-04-22T00:00:00Z,SUGG,0.25,23.729791666666667,temperature
2019-04-22T00:00:00Z,SUGG,0.5,23.093958333333333,temperature
2019-04-22T00:00:00Z,SUGG,0.75,22.84875,temperature
2019-04-22T00:00:00Z,SUGG,1,22.651875,temperature
2019-04-23T00:00:00Z,SUGG,0,24.878444444444444,temperature
2019-04-23T00:00:00Z,SUGG,0.25,23.884255319148934,temperature
2019-04-23T00:00:00Z,SUGG,0.5,23.210625,temperature
2019-04-23T00:00:00Z,SUGG,0.75,22.645833333333332,temperature
2019-04-23T00:00:00Z,SUGG,1,22.388958333333335,temperature
2019-04-24T00:00:00Z,SUGG,0,25.984791666666663,temperature
2019-04-24T00:00:00Z,SUGG,0.25,24.818297872340427,temperature
2019-04-24T00:00:00Z,SUGG,0.5,23.925,temperature
2019-04-24T00:00:00Z,SUGG,0.75,22.913125,temperature
2019-04-24T00:00:00Z,SUGG,1,22.456458333333337,temperature
2019-04-25T00:00:00Z,SUGG,0,26.367234042553193,temperature
2019-04-25T00:00:00Z,SUGG,0.25,26.01,temperature
2019-04-25T00:00:00Z,SUGG,0.5,24.80617021276596,temperature
2019-04-25T00:00:00Z,SUGG,0.75,23.366808510638297,temperature
2019-04-25T00:00:00Z,SUGG,1,22.60340425531915,temperature
2019-04-26T00:00:00Z,SUGG,0,25.669166666666666,temperature
2019-04-26T00:00:00Z,SUGG,0.25,25.606875,temperature
2019-04-26T00:00:00Z,SUGG,0.5,25.468125,temperature
2019-04-26T00:00:00Z,SUGG,0.75,24.607083333333332,temperature
2019-04-26T00:00:00Z,SUGG,1,23.789791666666662,temperature
2019-04-27T00:00:00Z,SUGG,0,25.771458333333335,temperature
2019-04-27T00:00:00Z,SUGG,0.25,25.38625,temperature
2019-04-27T00:00:00Z,SUGG,0.5,24.811458333333334,temperature
2019-04-27T00:00:00Z,SUGG,0.75,24.444791666666667,temperature
2019-04-27T00:00:00Z,SUGG,1,24.06854166666667,temperature
2019-04-28T00:00:00Z,SUGG,0,27.2425,temperature
2019-04-28T00:00:00Z,SUGG,0.25,26.442708333333332,temperature
2019-04-28T00:00:00Z,SUGG,0.5,25.109166666666667,temperature
2019-04-28T00:00:00Z,SUGG,0.75,24.296458333333337,temperature
2019-04-28T00:00:00Z,SUGG,1,23.761458333333337,temperature
2019-04-29T00:00:00Z,SUGG,0,26.4125,temperature
2019-04-29T00:00:00Z,SUGG,0.25,26.20625,temperature
2019-04-29T00:00:00Z,SUGG,0.5,25.859791666666663,temperature
2019-04-29T00:00:00Z,SUGG,0.75,25.08020833333333,temperature
2019-04-29T00:00:00Z,SUGG,1,23.81,temperature
2019-04-30T00:00:00Z,SUGG,0,26.727291666666662,temperature
2019-04-30T00:00:00Z,SUGG,0.25,26.684375,temperature
2019-04-30T00:00:00Z,SUGG,0.5,26.606458333333332,temperature
2019-04-30T00:00:00Z,SUGG,0.75,26.288125,temperature
2019-04-30T00:00:00Z,SUGG,1,24.620833333333337,temperature
2019-05-01T00:00:00Z,SUGG,0,27.091875,temperature
2019-05-01T00:00:00Z,SUGG,0.25,27.049375,temperature
2019-05-01T00:00:00Z,SUGG,0.5,26.966458333333332,temperature
2019-05-01T00:00:00Z,SUGG,0.75,26.715531914893617,temperature
2019-05-01T00:00:00Z,SUGG,1,25.639166666666668,temperature
2019-05-02T00:00:00Z,SUGG,0,27.216458333333332,temperature
2019-05-02T00:00:00Z,SUGG,0.25,27.204166666666666,temperature
2019-05-02T00:00:00Z,SUGG,0.5,27.163125,temperature
2019-05-02T00:00:00Z,SUGG,0.75,27.025833333333335,temperature
2019-05-02T00:00:00Z,SUGG,1,26.287659574468083,temperature
2019-05-03T00:00:00Z,SUGG,0,27.409791666666667,temperature
2019-05-03T00:00:00Z,SUGG,0.25,27.305625,temperature
2019-05-03T00:00:00Z,SUGG,0.5,27.174583333333334,temperature
2019-05-03T00:00:00Z,SUGG,0.75,27.067708333333332,temperature
2019-05-03T00:00:00Z,SUGG,1,26.787916666666668,temperature
2019-05-04T00:00:00Z,SUGG,0,27.909791666666667,temperature
2019-05-04T00:00:00Z,SUGG,0.25,27.875208333333333,temperature
2019-05-04T00:00:00Z,SUGG,0.5,27.821458333333332,temperature
2019-05-04T00:00:00Z,SUGG,0.75,27.546041666666667,temperature
2019-05-04T00:00:00Z,SUGG,1,26.9968085106383,temperature
2019-05-05T00:00:00Z,SUGG,0,27.600625,temperature
2019-05-05T00:00:00Z,SUGG,0.25,27.593541666666667,temperature
2019-05-05T00:00:00Z,SUGG,0.5,27.584583333333335,temperature
2019-05-05T00:00:00Z,SUGG,0.75,27.535833333333333,temperature
2019-05-05T00:00:00Z,SUGG,1,27.033541666666668,temperature
2019-05-06T00:00:00Z,SUGG,0,28.267708333333335,temperature
2019-05-06T00:00:00Z,SUGG,0.25,27.38375,temperature
2019-05-06T00:00:00Z,SUGG,0.5,26.296875,temperature
2019-05-06T00:00:00Z,SUGG,0.75,26.148125,temperature
2019-05-06T00:00:00Z,SUGG,1,26.107083333333332,temperature
2019-05-07T00:00:00Z,SUGG,0,28.676041666666663,temperature
2019-05-07T00:00:00Z,SUGG,0.25,28.300208333333337,temperature
2019-05-07T00:00:00Z,SUGG,0.5,27.091666666666665,temperature
2019-05-07T00:00:00Z,SUGG,0.75,26.327708333333337,temperature
2019-05-07T00:00:00Z,SUGG,1,26.080208333333335,temperature
2019-05-08T00:00:00Z,SUGG,0,28.066875,temperature
2019-05-08T00:00:00Z,SUGG,0.25,28.034791666666667,temperature
2019-05-08T00:00:00Z,SUGG,0.5,27.967708333333334,temperature
2019-05-08T00:00:00Z,SUGG,0.75,27.785416666666663,temperature
2019-05-08T00:00:00Z,SUGG,1,26.440416666666668,temperature
2019-05-09T00:00:00Z,SUGG,0,27.823947368421052,temperature
2019-05-09T00:00:00Z,SUGG,0.25,27.77184210526316,temperature
2019-05-09T00:00:00Z,SUGG,0.5,27.613157894736844,temperature
2019-05-09T00:00:00Z,SUGG,0.75,27.48078947368421,temperature
2019-05-09T00:00:00Z,SUGG,1,27.26342105263158,temperature
2019-05-10T00:00:00Z,SUGG,0,28.130208333333332,temperature
2019-05-10T00:00:00Z,SUGG,0.25,27.878125,temperature
2019-05-10T00:00:00Z,SUGG,0.5,27.504166666666663,temperature
2019-05-10T00:00:00Z,SUGG,0.75,27.296041666666667,temperature
2019-05-10T00:00:00Z,SUGG,1,27.140416666666667,temperature
2019-05-11T00:00:00Z,SUGG,0,28.785,temperature
2019-05-11T00:00:00Z,SUGG,0.25,28.615208333333335,temperature
2019-05-11T00:00:00Z,SUGG,0.5,28.2875,temperature
2019-05-11T00:00:00Z,SUGG,0.75,27.526666666666667,temperature
2019-05-11T00:00:00Z,SUGG,1,27.079375,temperature
2019-05-12T00:00:00Z,SUGG,0,29.402291666666667,temperature
2019-05-12T00:00:00Z,SUGG,0.25,29.350208333333335,temperature
2019-05-12T00:00:00Z,SUGG,0.5,29.175,temperature
2019-05-12T00:00:00Z,SUGG,0.75,28.430625,temperature
2019-05-12T00:00:00Z,SUGG,1,27.85375,temperature
2019-05-13T00:00:00Z,SUGG,0,28.631875,temperature
2019-05-13T00:00:00Z,SUGG,0.25,28.585416666666667,temperature
2019-05-13T00:00:00Z,SUGG,0.5,28.550416666666667,temperature
2019-05-13T00:00:00Z,SUGG,0.75,28.522916666666667,temperature
2019-05-13T00:00:00Z,SUGG,1,28.252291666666668,temperature
2019-05-14T00:00:00Z,SUGG,0,28.487916666666667,temperature
2019-05-14T00:00:00Z,SUGG,0.25,28.324166666666667,temperature
2019-05-14T00:00:00Z,SUGG,0.5,28.178333333333335,temperature
2019-05-14T00:00:00Z,SUGG,0.75,27.881666666666668,temperature
2019-05-14T00:00:00Z,SUGG,1,27.6625,temperature
2019-05-15T00:00:00Z,SUGG,0,28.367291666666667,temperature
2019-05-15T00:00:00Z,SUGG,0.25,28.110833333333332,temperature
2019-05-15T00:00:00Z,SUGG,0.5,27.789583333333333,temperature
2019-05-15T00:00:00Z,SUGG,0.75,27.431041666666665,temperature
2019-05-15T00:00:00Z,SUGG,1,27.20625,temperature
2019-05-16T00:00:00Z,SUGG,0,28.858541666666667,temperature
2019-05-16T00:00:00Z,SUGG,0.25,27.837916666666665,temperature
2019-05-16T00:00:00Z,SUGG,0.5,27.3975,temperature
2019-05-16T00:00:00Z,SUGG,0.75,27.206458333333337,temperature
2019-05-16T00:00:00Z,SUGG,1,27.026875,temperature
2019-05-17T00:00:00Z,SUGG,0,28.833125,temperature
2019-05-17T00:00:00Z,SUGG,0.25,27.977916666666665,temperature
2019-05-17T00:00:00Z,SUGG,0.5,27.407708333333332,temperature
2019-05-17T00:00:00Z,SUGG,0.75,26.969166666666663,temperature
2019-05-17T00:00:00Z,SUGG,1,26.7225,temperature
2019-05-18T00:00:00Z,SUGG,0,28.9425,temperature
2019-05-18T00:00:00Z,SUGG,0.25,28.252291666666668,temperature
2019-05-18T00:00:00Z,SUGG,0.5,27.414375,temperature
2019-05-18T00:00:00Z,SUGG,0.75,26.997291666666666,temperature
2019-05-18T00:00:00Z,SUGG,1,26.650625,temperature
2019-05-19T00:00:00Z,SUGG,0,29.161458333333332,temperature
2019-05-19T00:00:00Z,SUGG,0.25,28.151702127659576,temperature
2019-05-19T00:00:00Z,SUGG,0.5,27.165416666666665,temperature
2019-05-19T00:00:00Z,SUGG,0.75,26.790208333333332,temperature
2019-05-19T00:00:00Z,SUGG,1,26.626875,temperature
2019-05-20T00:00:00Z,SUGG,0,30.195625,temperature
2019-05-20T00:00:00Z,SUGG,0.25,28.841041666666666,temperature
2019-05-20T00:00:00Z,SUGG,0.5,27.764166666666668,temperature
2019-05-20T00:00:00Z,SUGG,0.75,26.987291666666668,temperature
2019-05-20T00:00:00Z,SUGG,1,26.47833333333333,temperature
2019-05-21T00:00:00Z,SUGG,0,30.70895833333333,temperature
2019-05-21T00:00:00Z,SUGG,0.25,28.938125,temperature
2019-05-21T00:00:00Z,SUGG,0.5,28.12,temperature
2019-05-21T00:00:00Z,SUGG,0.75,27.547708333333333,temperature
2019-05-21T00:00:00Z,SUGG,1,26.729166666666668,temperature
2019-05-22T00:00:00Z,SUGG,0,29.644583333333333,temperature
2019-05-22T00:00:00Z,SUGG,0.25,29.139583333333334,temperature
2019-05-22T00:00:00Z,SUGG,0.5,28.732916666666668,temperature
2019-05-22T00:00:00Z,SUGG,0.75,27.903541666666666,temperature
2019-05-22T00:00:00Z,SUGG,1,26.831458333333337,temperature
2019-05-23T00:00:00Z,SUGG,0,29.06934782608696,temperature
2019-05-23T00:00:00Z,SUGG,0.25,29.011086956521737,temperature
2019-05-23T00:00:00Z,SUGG,0.5,28.87913043478261,temperature
2019-05-23T00:00:00Z,SUGG,0.75,28.582826086956523,temperature
2019-05-23T00:00:00Z,SUGG,1,27.49021739130435,temperature
2019-05-24T00:00:00Z,SUGG,0,29.454375,temperature
2019-05-24T00:00:00Z,SUGG,0.25,29.00404255319149,temperature
2019-05-24T00:00:00Z,SUGG,0.5,28.474468085106384,temperature
2019-05-24T00:00:00Z,SUGG,0.75,28.225416666666668,temperature
2019-05-24T00:00:00Z,SUGG,1,28.077291666666667,temperature
2019-05-25T00:00:00Z,SUGG,0,29.897291666666668,temperature
2019-05-25T00:00:00Z,SUGG,0.25,29.209583333333335,temperature
2019-05-25T00:00:00Z,SUGG,0.5,28.954166666666666,temperature
2019-05-25T00:00:00Z,SUGG,0.75,28.399791666666665,temperature
2019-05-25T00:00:00Z,SUGG,1,27.694791666666667,temperature
2019-05-26T00:00:00Z,SUGG,0,31.240416666666665,temperature
2019-05-26T00:00:00Z,SUGG,0.25,29.886875,temperature
2019-05-26T00:00:00Z,SUGG,0.5,29.192291666666662,temperature
2019-05-26T00:00:00Z,SUGG,0.75,28.66229166666667,temperature
2019-05-26T00:00:00Z,SUGG,1,27.880208333333332,temperature
2019-05-27T00:00:00Z,SUGG,0,31.523541666666667,temperature
2019-05-27T00:00:00Z,SUGG,0.25,30.8025,temperature
2019-05-27T00:00:00Z,SUGG,0.5,29.672083333333333,temperature
2019-05-27T00:00:00Z,SUGG,0.75,28.786666666666665,temperature
2019-05-27T00:00:00Z,SUGG,1,27.831458333333337,temperature
2019-05-28T00:00:00Z,SUGG,0,31.631875,temperature
2019-05-28T00:00:00Z,SUGG,0.25,31.045833333333334,temperature
2019-05-28T00:00:00Z,SUGG,0.5,30.565833333333337,temperature
2019-05-28T00:00:00Z,SUGG,0.75,29.366875,temperature
2019-05-28T00:00:00Z,SUGG,1,28.132916666666667,temperature
2019-05-29T00:00:00Z,SUGG,0,30.429583333333333,temperature
2019-05-29T00:00:00Z,SUGG,0.25,30.255,temperature
2019-05-29T00:00:00Z,SUGG,0.5,29.905416666666667,temperature
2019-05-29T00:00:00Z,SUGG,0.75,29.291875,temperature
2019-05-29T00:00:00Z,SUGG,1,29.07,temperature
2019-05-30T00:00:00Z,SUGG,0,31.704583333333332,temperature
2019-05-30T00:00:00Z,SUGG,0.25,30.976666666666667,temperature
2019-05-30T00:00:00Z,SUGG,0.5,30.138333333333332,temperature
2019-05-30T00:00:00Z,SUGG,0.75,29.285833333333333,temperature
2019-05-30T00:00:00Z,SUGG,1,28.767291666666665,temperature
2019-05-31T00:00:00Z,SUGG,0,31.459583333333335,temperature
2019-05-31T00:00:00Z,SUGG,0.25,31.375208333333333,temperature
2019-05-31T00:00:00Z,SUGG,0.5,30.695625,temperature
2019-05-31T00:00:00Z,SUGG,0.75,29.89625,temperature
2019-05-31T00:00:00Z,SUGG,1,28.7975,temperature
2019-06-01T00:00:00Z,SUGG,0,31.184583333333332,temperature
2019-06-01T00:00:00Z,SUGG,0.25,30.775,temperature
2019-06-01T00:00:00Z,SUGG,0.5,30.335833333333333,temperature
2019-06-01T00:00:00Z,SUGG,0.75,30.015625,temperature
2019-06-01T00:00:00Z,SUGG,1,29.113958333333333,temperature
2019-06-02T00:00:00Z,SUGG,0,30.9025,temperature
2019-06-02T00:00:00Z,SUGG,0.25,30.839375,temperature
2019-06-02T00:00:00Z,SUGG,0.5,30.6275,temperature
2019-06-02T00:00:00Z,SUGG,0.75,30.362083333333334,temperature
2019-06-02T00:00:00Z,SUGG,1,29.820208333333333,temperature
2019-06-03T00:00:00Z,SUGG,0,31.887291666666663,temperature
2019-06-03T00:00:00Z,SUGG,0.25,31.483541666666667,temperature
2019-06-03T00:00:00Z,SUGG,0.5,30.952916666666667,temperature
2019-06-03T00:00:00Z,SUGG,0.75,30.514166666666668,temperature
2019-06-03T00:00:00Z,SUGG,1,29.86375,temperature
2019-06-04T00:00:00Z,SUGG,0,32.48458333333333,temperature
2019-06-04T00:00:00Z,SUGG,0.25,32.07,temperature
2019-06-04T00:00:00Z,SUGG,0.5,31.201875,temperature
2019-06-04T00:00:00Z,SUGG,0.75,30.418333333333333,temperature
2019-06-04T00:00:00Z,SUGG,1,29.597708333333333,temperature
2019-06-05T00:00:00Z,SUGG,0,31.526666666666667,temperature
2019-06-05T00:00:00Z,SUGG,0.25,31.290416666666665,temperature
2019-06-05T00:00:00Z,SUGG,0.5,30.795106382978723,temperature
2019-06-05T00:00:00Z,SUGG,0.75,30.317083333333333,temperature
2019-06-05T00:00:00Z,SUGG,1,29.806875,temperature
2019-06-06T00:00:00Z,SUGG,0,31.37794871794872,temperature
2019-06-06T00:00:00Z,SUGG,0.25,31.264358974358977,temperature
2019-06-06T00:00:00Z,SUGG,0.5,31.053589743589743,temperature
2019-06-06T00:00:00Z,SUGG,0.75,30.473076923076924,temperature
2019-06-06T00:00:00Z,SUGG,1,29.585897435897436,temperature
2019-06-07T00:00:00Z,SUGG,0,30.684583333333332,temperature
2019-06-07T00:00:00Z,SUGG,0.25,30.670208333333335,temperature
2019-06-07T00:00:00Z,SUGG,0.5,30.651875,temperature
2019-06-07T00:00:00Z,SUGG,0.75,30.34375,temperature
2019-06-07T00:00:00Z,SUGG,1,29.862708333333337,temperature
2019-06-08T00:00:00Z,SUGG,0,29.544583333333332,temperature
2019-06-08T00:00:00Z,SUGG,0.25,29.52625,temperature
2019-06-08T00:00:00Z,SUGG,0.5,29.507291666666667,temperature
2019-06-08T00:00:00Z,SUGG,0.75,29.485208333333333,temperature
2019-06-08T00:00:00Z,SUGG,1,29.45125,temperature
2019-06-09T00:00:00Z,SUGG,0,28.955625,temperature
2019-06-09T00:00:00Z,SUGG,0.25,28.939583333333335,temperature
2019-06-09T00:00:00Z,SUGG,0.5,28.923333333333332,temperature
2019-06-09T00:00:00Z,SUGG,0.75,28.905833333333337,temperature
2019-06-09T00:00:00Z,SUGG,1,28.871666666666663,temperature
2019-06-10T00:00:00Z,SUGG,0,28.151666666666667,temperature
2019-06-10T00:00:00Z,SUGG,0.25,28.100416666666668,temperature
2019-06-10T00:00:00Z,SUGG,0.5,28.056666666666665,temperature
2019-06-10T00:00:00Z,SUGG,0.75,28.009166666666665,temperature
2019-06-10T00:00:00Z,SUGG,1,27.91583333333333,temperature
2019-06-11T00:00:00Z,SUGG,0,29.08125,temperature
2019-06-11T00:00:00Z,SUGG,0.25,28.846041666666668,temperature
2019-06-11T00:00:00Z,SUGG,0.5,28.63125,temperature
2019-06-11T00:00:00Z,SUGG,0.75,28.411458333333332,temperature
2019-06-11T00:00:00Z,SUGG,1,28.199791666666663,temperature
2019-06-12T00:00:00Z,SUGG,0,29.083958333333335,temperature
2019-06-12T00:00:00Z,SUGG,0.25,29.062291666666667,temperature
2019-06-12T00:00:00Z,SUGG,0.5,29.027708333333333,temperature
2019-06-12T00:00:00Z,SUGG,0.75,28.881875,temperature
2019-06-12T00:00:00Z,SUGG,1,28.564166666666665,temperature
2019-06-13T00:00:00Z,SUGG,0,28.014375,temperature
2019-06-13T00:00:00Z,SUGG,0.25,28.002916666666668,temperature
2019-06-13T00:00:00Z,SUGG,0.5,27.9925,temperature
2019-06-13T00:00:00Z,SUGG,0.75,27.97875,temperature
2019-06-13T00:00:00Z,SUGG,1,27.966041666666666,temperature
2019-06-14T00:00:00Z,SUGG,0,28.05666666666667,temperature
2019-06-14T00:00:00Z,SUGG,0.25,28.040416666666665,temperature
2019-06-14T00:00:00Z,SUGG,0.5,28.008333333333333,temperature
2019-06-14T00:00:00Z,SUGG,0.75,27.960625,temperature
2019-06-14T00:00:00Z,SUGG,1,27.831875,temperature
2019-06-15T00:00:00Z,SUGG,0,28.519166666666667,temperature
2019-06-15T00:00:00Z,SUGG,0.25,28.46875,temperature
2019-06-15T00:00:00Z,SUGG,0.5,28.367291666666667,temperature
2019-06-15T00:00:00Z,SUGG,0.75,28.210208333333338,temperature
2019-06-15T00:00:00Z,SUGG,1,28.0175,temperature
2019-06-16T00:00:00Z,SUGG,0,29.1525,temperature
2019-06-16T00:00:00Z,SUGG,0.25,28.663333333333338,temperature
2019-06-16T00:00:00Z,SUGG,0.5,28.495,temperature
2019-06-16T00:00:00Z,SUGG,0.75,28.370208333333338,temperature
2019-06-16T00:00:00Z,SUGG,1,28.260625,temperature
2019-06-17T00:00:00Z,SUGG,0,29.170208333333335,temperature
2019-06-17T00:00:00Z,SUGG,0.25,29.111458333333335,temperature
2019-06-17T00:00:00Z,SUGG,0.5,28.989166666666662,temperature
2019-06-17T00:00:00Z,SUGG,0.75,28.790416666666665,temperature
2019-06-17T00:00:00Z,SUGG,1,28.493125,temperature
2019-06-18T00:00:00Z,SUGG,0,29.497708333333332,temperature
2019-06-18T00:00:00Z,SUGG,0.25,29.22127659574468,temperature
2019-06-18T00:00:00Z,SUGG,0.5,29.0375,temperature
2019-06-18T00:00:00Z,SUGG,0.75,28.785625,temperature
2019-06-18T00:00:00Z,SUGG,1,28.551666666666662,temperature
2019-06-19T00:00:00Z,SUGG,0,29.183958333333333,temperature
2019-06-19T00:00:00Z,SUGG,0.25,29.168333333333333,temperature
2019-06-19T00:00:00Z,SUGG,0.5,29.121458333333333,temperature
2019-06-19T00:00:00Z,SUGG,0.75,28.889375,temperature
2019-06-19T00:00:00Z,SUGG,1,28.683125,temperature
2019-06-20T00:00:00Z,SUGG,0,28.371875,temperature
2019-06-20T00:00:00Z,SUGG,0.25,28.347916666666663,temperature
2019-06-20T00:00:00Z,SUGG,0.5,28.326875,temperature
2019-06-20T00:00:00Z,SUGG,0.75,28.304583333333333,temperature
2019-06-20T00:00:00Z,SUGG,1,28.27875,temperature
2019-06-21T00:00:00Z,SUGG,0,29.715,temperature
2019-06-21T00:00:00Z,SUGG,0.25,29.668125,temperature
2019-06-21T00:00:00Z,SUGG,0.5,29.606666666666666,temperature
2019-06-21T00:00:00Z,SUGG,0.75,29.45916666666667,temperature
2019-06-21T00:00:00Z,SUGG,1,28.970208333333332,temperature
2019-06-22T00:00:00Z,SUGG,0,30.921875,temperature
2019-06-22T00:00:00Z,SUGG,0.25,30.833541666666665,temperature
2019-06-22T00:00:00Z,SUGG,0.5,30.71125,temperature
2019-06-22T00:00:00Z,SUGG,0.75,30.321666666666665,temperature
2019-06-22T00:00:00Z,SUGG,1,29.134791666666665,temperature
2019-06-23T00:00:00Z,SUGG,0,32.293125,temperature
2019-06-23T00:00:00Z,SUGG,0.25,31.970416666666665,temperature
2019-06-23T00:00:00Z,SUGG,0.5,31.19125,temperature
2019-06-23T00:00:00Z,SUGG,0.75,30.360416666666666,temperature
2019-06-23T00:00:00Z,SUGG,1,29.355625,temperature
2019-06-24T00:00:00Z,SUGG,0,32.857083333333335,temperature
2019-06-24T00:00:00Z,SUGG,0.25,32.646875,temperature
2019-06-24T00:00:00Z,SUGG,0.5,31.980208333333337,temperature
2019-06-24T00:00:00Z,SUGG,0.75,30.62,temperature
2019-06-24T00:00:00Z,SUGG,1,29.458333333333332,temperature
2019-06-25T00:00:00Z,SUGG,0,32.628510638297875,temperature
2019-06-25T00:00:00Z,SUGG,0.25,32.515957446808514,temperature
2019-06-25T00:00:00Z,SUGG,0.5,32.187872340425535,temperature
2019-06-25T00:00:00Z,SUGG,0.75,31.057659574468087,temperature
2019-06-25T00:00:00Z,SUGG,1,29.70978260869565,temperature
2019-06-26T00:00:00Z,SUGG,0,33.13395833333333,temperature
2019-06-26T00:00:00Z,SUGG,0.25,32.991458333333334,temperature
2019-06-26T00:00:00Z,SUGG,0.5,32.359791666666666,temperature
2019-06-26T00:00:00Z,SUGG,0.75,31.448333333333338,temperature
2019-06-26T00:00:00Z,SUGG,1,30.127708333333334,temperature
2019-06-27T00:00:00Z,SUGG,0,32.390625,temperature
2019-06-27T00:00:00Z,SUGG,0.25,32.23125,temperature
2019-06-27T00:00:00Z,SUGG,0.5,31.77744680851064,temperature
2019-06-27T00:00:00Z,SUGG,0.75,31.242708333333333,temperature
2019-06-27T00:00:00Z,SUGG,1,30.397708333333338,temperature
2019-06-28T00:00:00Z,SUGG,0,31.804166666666667,temperature
2019-06-28T00:00:00Z,SUGG,0.25,31.655416666666667,temperature
2019-06-28T00:00:00Z,SUGG,0.5,31.3075,temperature
2019-06-28T00:00:00Z,SUGG,0.75,31.109375,temperature
2019-06-28T00:00:00Z,SUGG,1,30.527083333333337,temperature
2019-06-29T00:00:00Z,SUGG,0,31.332083333333333,temperature
2019-06-29T00:00:00Z,SUGG,0.25,30.966458333333332,temperature
2019-06-29T00:00:00Z,SUGG,0.5,30.799166666666668,temperature
2019-06-29T00:00:00Z,SUGG,0.75,30.640416666666667,temperature
2019-06-29T00:00:00Z,SUGG,1,30.424375,temperature
2019-06-30T00:00:00Z,SUGG,0,31.688085106382974,temperature
2019-06-30T00:00:00Z,SUGG,0.25,30.666382978723405,temperature
2019-06-30T00:00:00Z,SUGG,0.5,29.904791666666668,temperature
2019-06-30T00:00:00Z,SUGG,0.75,29.81854166666667,temperature
2019-06-30T00:00:00Z,SUGG,1,29.773541666666667,temperature
2019-07-01T00:00:00Z,SUGG,0,31.898958333333333,temperature
2019-07-01T00:00:00Z,SUGG,0.25,31.378125,temperature
2019-07-01T00:00:00Z,SUGG,0.5,30.573541666666667,temperature
2019-07-01T00:00:00Z,SUGG,0.75,29.95125,temperature
2019-07-01T00:00:00Z,SUGG,1,29.717708333333334,temperature
2019-07-02T00:00:00Z,SUGG,0,32.176875,temperature
2019-07-02T00:00:00Z,SUGG,0.25,31.793958333333332,temperature
2019-07-02T00:00:00Z,SUGG,0.5,31.263958333333335,temperature
2019-07-02T00:00:00Z,SUGG,0.75,30.555625,temperature
2019-07-02T00:00:00Z,SUGG,1,29.855,temperature
2019-07-03T00:00:00Z,SUGG,0,32.50235294117647,temperature
2019-07-03T00:00:00Z,SUGG,0.25,32.23837837837838,temperature
2019-07-03T00:00:00Z,SUGG,0.5,31.59189189189189,temperature
2019-07-03T00:00:00Z,SUGG,0.75,30.77918918918919,temperature
2019-07-03T00:00:00Z,SUGG,1,29.99945945945946,temperature
2019-07-04T00:00:00Z,SUGG,0,32.262702702702704,temperature
2019-07-04T00:00:00Z,SUGG,0.25,31.573333333333338,temperature
2019-07-04T00:00:00Z,SUGG,0.5,31.15948717948718,temperature
2019-07-04T00:00:00Z,SUGG,0.75,30.71282051282051,temperature
2019-07-04T00:00:00Z,SUGG,1,30.125641025641027,temperature
2019-07-08T00:00:00Z,SUGG,0,34.26461538461538,temperature
2019-07-08T00:00:00Z,SUGG,0.25,31.012857142857143,temperature
2019-07-08T00:00:00Z,SUGG,0.5,29.893571428571427,temperature
2019-07-08T00:00:00Z,SUGG,0.75,29.51142857142857,temperature
2019-07-08T00:00:00Z,SUGG,1,29.28214285714286,temperature
2019-07-09T00:00:00Z,SUGG,0,31.501041666666666,temperature
2019-07-09T00:00:00Z,SUGG,0.25,30.830416666666668,temperature
2019-07-09T00:00:00Z,SUGG,0.5,30.138541666666665,temperature
2019-07-09T00:00:00Z,SUGG,0.75,29.815,temperature
2019-07-09T00:00:00Z,SUGG,1,29.431041666666665,temperature
2019-07-10T00:00:00Z,SUGG,0,31.045208333333335,temperature
2019-07-10T00:00:00Z,SUGG,0.25,30.883958333333332,temperature
2019-07-10T00:00:00Z,SUGG,0.5,30.644166666666667,temperature
2019-07-10T00:00:00Z,SUGG,0.75,30.230625,temperature
2019-07-10T00:00:00Z,SUGG,1,29.621041666666667,temperature
2019-07-11T00:00:00Z,SUGG,0,31.336875,temperature
2019-07-11T00:00:00Z,SUGG,0.25,31.245416666666667,temperature
2019-07-11T00:00:00Z,SUGG,0.5,31.0325,temperature
2019-07-11T00:00:00Z,SUGG,0.75,30.644583333333333,temperature
2019-07-11T00:00:00Z,SUGG,1,30.047083333333333,temperature
2019-07-12T00:00:00Z,SUGG,0,31.135,temperature
2019-07-12T00:00:00Z,SUGG,0.25,30.940416666666668,temperature
2019-07-12T00:00:00Z,SUGG,0.5,30.733958333333337,temperature
2019-07-12T00:00:00Z,SUGG,0.75,30.58395833333333,temperature
2019-07-12T00:00:00Z,SUGG,1,30.377916666666668,temperature
2019-07-13T00:00:00Z,SUGG,0,31.328958333333333,temperature
2019-07-13T00:00:00Z,SUGG,0.25,31.128125,temperature
2019-07-13T00:00:00Z,SUGG,0.5,30.536041666666662,temperature
2019-07-13T00:00:00Z,SUGG,0.75,30.087083333333332,temperature
2019-07-13T00:00:00Z,SUGG,1,30,temperature
2019-07-14T00:00:00Z,SUGG,0,32.69230769230769,temperature
2019-07-14T00:00:00Z,SUGG,0.25,32.269375,temperature
2019-07-14T00:00:00Z,SUGG,0.5,30.97479166666667,temperature
2019-07-14T00:00:00Z,SUGG,0.75,30.140208333333337,temperature
2019-07-14T00:00:00Z,SUGG,1,29.7575,temperature
2019-07-15T00:00:00Z,SUGG,0,33.50568181818182,temperature
2019-07-15T00:00:00Z,SUGG,0.25,32.59875,temperature
2019-07-15T00:00:00Z,SUGG,0.5,31.309166666666663,temperature
2019-07-15T00:00:00Z,SUGG,0.75,30.409166666666668,temperature
2019-07-15T00:00:00Z,SUGG,1,29.855208333333337,temperature
2019-07-16T00:00:00Z,SUGG,0,32.82288888888889,temperature
2019-07-16T00:00:00Z,SUGG,0.25,31.931041666666665,temperature
2019-07-16T00:00:00Z,SUGG,0.5,31.33125,temperature
2019-07-16T00:00:00Z,SUGG,0.75,30.604583333333338,temperature
2019-07-16T00:00:00Z,SUGG,1,29.936458333333334,temperature
2019-07-17T00:00:00Z,SUGG,0,32.081875,temperature
2019-07-17T00:00:00Z,SUGG,0.25,31.607291666666665,temperature
2019-07-17T00:00:00Z,SUGG,0.5,31.25872340425532,temperature
2019-07-17T00:00:00Z,SUGG,0.75,30.772083333333335,temperature
2019-07-17T00:00:00Z,SUGG,1,30.294583333333332,temperature
2019-07-18T00:00:00Z,SUGG,0,31.30977272727273,temperature
2019-07-18T00:00:00Z,SUGG,0.25,30.25375,temperature
2019-07-18T00:00:00Z,SUGG,0.5,29.835416666666667,temperature
2019-07-18T00:00:00Z,SUGG,0.75,29.762083333333333,temperature
2019-07-18T00:00:00Z,SUGG,1,29.728333333333335,temperature
2019-07-19T00:00:00Z,SUGG,0,32.40604166666667,temperature
2019-07-19T00:00:00Z,SUGG,0.25,31.562083333333337,temperature
2019-07-19T00:00:00Z,SUGG,0.5,29.97458333333333,temperature
2019-07-19T00:00:00Z,SUGG,0.75,29.531875,temperature
2019-07-19T00:00:00Z,SUGG,1,29.4,temperature
2019-07-20T00:00:00Z,SUGG,0,31.058695652173913,temperature
2019-07-20T00:00:00Z,SUGG,0.25,30.42875,temperature
2019-07-20T00:00:00Z,SUGG,0.5,29.895208333333333,temperature
2019-07-20T00:00:00Z,SUGG,0.75,29.460833333333333,temperature
2019-07-20T00:00:00Z,SUGG,1,29.309166666666663,temperature
2019-07-21T00:00:00Z,SUGG,0,31.290208333333332,temperature
2019-07-21T00:00:00Z,SUGG,0.25,30.565416666666668,temperature
2019-07-21T00:00:00Z,SUGG,0.5,30.012083333333333,temperature
2019-07-21T00:00:00Z,SUGG,0.75,29.629583333333333,temperature
2019-07-21T00:00:00Z,SUGG,1,29.344375,temperature
2019-07-22T00:00:00Z,SUGG,0,30.737083333333334,temperature
2019-07-22T00:00:00Z,SUGG,0.25,30.415,temperature
2019-07-22T00:00:00Z,SUGG,0.5,29.811041666666668,temperature
2019-07-22T00:00:00Z,SUGG,0.75,29.481041666666663,temperature
2019-07-22T00:00:00Z,SUGG,1,29.206041666666668,temperature
2019-07-23T00:00:00Z,SUGG,0,31.111875,temperature
2019-07-23T00:00:00Z,SUGG,0.25,30.858125,temperature
2019-07-23T00:00:00Z,SUGG,0.5,30.572916666666668,temperature
2019-07-23T00:00:00Z,SUGG,0.75,30.017083333333332,temperature
2019-07-23T00:00:00Z,SUGG,1,29.441875,temperature
2019-07-24T00:00:00Z,SUGG,0,30.07375,temperature
2019-07-24T00:00:00Z,SUGG,0.25,30.044375,temperature
2019-07-24T00:00:00Z,SUGG,0.5,29.984791666666663,temperature
2019-07-24T00:00:00Z,SUGG,0.75,29.899375,temperature
2019-07-24T00:00:00Z,SUGG,1,29.625625,temperature
2019-07-25T00:00:00Z,SUGG,0,29.083333333333332,temperature
2019-07-25T00:00:00Z,SUGG,0.25,28.9925,temperature
2019-07-25T00:00:00Z,SUGG,0.5,28.795208333333335,temperature
2019-07-25T00:00:00Z,SUGG,0.75,28.67791666666667,temperature
2019-07-25T00:00:00Z,SUGG,1,28.640208333333337,temperature
2019-07-26T00:00:00Z,SUGG,0,28.76770833333333,temperature
2019-07-26T00:00:00Z,SUGG,0.25,28.688958333333332,temperature
2019-07-26T00:00:00Z,SUGG,0.5,28.564166666666665,temperature
2019-07-26T00:00:00Z,SUGG,0.75,28.501666666666665,temperature
2019-07-26T00:00:00Z,SUGG,1,28.455833333333334,temperature
2019-07-27T00:00:00Z,SUGG,0,28.899583333333332,temperature
2019-07-27T00:00:00Z,SUGG,0.25,28.678541666666668,temperature
2019-07-27T00:00:00Z,SUGG,0.5,28.438125,temperature
2019-07-27T00:00:00Z,SUGG,0.75,28.198333333333338,temperature
2019-07-27T00:00:00Z,SUGG,1,28.076666666666668,temperature
2019-07-28T00:00:00Z,SUGG,0,29.386875,temperature
2019-07-28T00:00:00Z,SUGG,0.25,29.364583333333332,temperature
2019-07-28T00:00:00Z,SUGG,0.5,29.283333333333335,temperature
2019-07-28T00:00:00Z,SUGG,0.75,29.077083333333334,temperature
2019-07-28T00:00:00Z,SUGG,1,28.468541666666667,temperature
2019-07-29T00:00:00Z,SUGG,0,29.489583333333332,temperature
2019-07-29T00:00:00Z,SUGG,0.25,29.445833333333333,temperature
2019-07-29T00:00:00Z,SUGG,0.5,29.358541666666667,temperature
2019-07-29T00:00:00Z,SUGG,0.75,29.141041666666663,temperature
2019-07-29T00:00:00Z,SUGG,1,28.784375,temperature
2019-07-30T00:00:00Z,SUGG,0,30.86958333333333,temperature
2019-07-30T00:00:00Z,SUGG,0.25,30.200208333333332,temperature
2019-07-30T00:00:00Z,SUGG,0.5,29.711666666666662,temperature
2019-07-30T00:00:00Z,SUGG,0.75,29.556666666666665,temperature
2019-07-30T00:00:00Z,SUGG,1,29.359791666666663,temperature
2019-07-31T00:00:00Z,SUGG,0,31.042291666666667,temperature
2019-07-31T00:00:00Z,SUGG,0.25,30.513125,temperature
2019-07-31T00:00:00Z,SUGG,0.5,30.236666666666668,temperature
2019-07-31T00:00:00Z,SUGG,0.75,29.618541666666665,temperature
2019-07-31T00:00:00Z,SUGG,1,29.16,temperature
2019-08-01T00:00:00Z,SUGG,0,30.369375,temperature
2019-08-01T00:00:00Z,SUGG,0.25,30.076666666666668,temperature
2019-08-01T00:00:00Z,SUGG,0.5,29.818125,temperature
2019-08-01T00:00:00Z,SUGG,0.75,29.532708333333332,temperature
2019-08-01T00:00:00Z,SUGG,1,29.24020833333333,temperature
2019-08-02T00:00:00Z,SUGG,0,29.519791666666663,temperature
2019-08-02T00:00:00Z,SUGG,0.25,29.491875,temperature
2019-08-02T00:00:00Z,SUGG,0.5,29.431666666666665,temperature
2019-08-02T00:00:00Z,SUGG,0.75,29.335833333333333,temperature
2019-08-02T00:00:00Z,SUGG,1,29.215625,temperature
2019-08-03T00:00:00Z,SUGG,0,30.789574468085107,temperature
2019-08-03T00:00:00Z,SUGG,0.25,29.651041666666668,temperature
2019-08-03T00:00:00Z,SUGG,0.5,29.192708333333332,temperature
2019-08-03T00:00:00Z,SUGG,0.75,29.084375,temperature
2019-08-03T00:00:00Z,SUGG,1,29.034166666666668,temperature
2019-08-04T00:00:00Z,SUGG,0,31.869791666666668,temperature
2019-08-04T00:00:00Z,SUGG,0.25,31.285,temperature
2019-08-04T00:00:00Z,SUGG,0.5,30.285,temperature
2019-08-04T00:00:00Z,SUGG,0.75,29.298541666666665,temperature
2019-08-04T00:00:00Z,SUGG,1,28.92,temperature
2019-08-05T00:00:00Z,SUGG,0,31.78125,temperature
2019-08-05T00:00:00Z,SUGG,0.25,31.59375,temperature
2019-08-05T00:00:00Z,SUGG,0.5,31.219166666666663,temperature
2019-08-05T00:00:00Z,SUGG,0.75,29.982083333333332,temperature
2019-08-05T00:00:00Z,SUGG,1,29.081666666666667,temperature
2019-08-06T00:00:00Z,SUGG,0,31.77166666666667,temperature
2019-08-06T00:00:00Z,SUGG,0.25,31.611875,temperature
2019-08-06T00:00:00Z,SUGG,0.5,31.288958333333333,temperature
2019-08-06T00:00:00Z,SUGG,0.75,30.395,temperature
2019-08-06T00:00:00Z,SUGG,1,29.4525,temperature
2019-08-07T00:00:00Z,SUGG,0,31.135,temperature
2019-08-07T00:00:00Z,SUGG,0.25,31.060208333333332,temperature
2019-08-07T00:00:00Z,SUGG,0.5,30.844375,temperature
2019-08-07T00:00:00Z,SUGG,0.75,30.446041666666662,temperature
2019-08-07T00:00:00Z,SUGG,1,29.862083333333334,temperature
2019-08-08T00:00:00Z,SUGG,0,30.683958333333333,temperature
2019-08-08T00:00:00Z,SUGG,0.25,30.572708333333335,temperature
2019-08-08T00:00:00Z,SUGG,0.5,30.448541666666667,temperature
2019-08-08T00:00:00Z,SUGG,0.75,30.316458333333333,temperature
2019-08-08T00:00:00Z,SUGG,1,29.814893617021276,temperature
2019-08-09T00:00:00Z,SUGG,0,31.659583333333337,temperature
2019-08-09T00:00:00Z,SUGG,0.25,31.571875,temperature
2019-08-09T00:00:00Z,SUGG,0.5,31.43541666666667,temperature
2019-08-09T00:00:00Z,SUGG,0.75,30.785833333333333,temperature
2019-08-09T00:00:00Z,SUGG,1,29.881666666666668,temperature
2019-08-10T00:00:00Z,SUGG,0,32.563541666666666,temperature
2019-08-10T00:00:00Z,SUGG,0.25,32.337916666666665,temperature
2019-08-10T00:00:00Z,SUGG,0.5,31.789166666666667,temperature
2019-08-10T00:00:00Z,SUGG,0.75,31.150416666666665,temperature
2019-08-10T00:00:00Z,SUGG,1,30.15625,temperature
2019-08-11T00:00:00Z,SUGG,0,33.153617021276595,temperature
2019-08-11T00:00:00Z,SUGG,0.25,33.01479166666667,temperature
2019-08-11T00:00:00Z,SUGG,0.5,32.18468085106383,temperature
2019-08-11T00:00:00Z,SUGG,0.75,31.071041666666662,temperature
2019-08-11T00:00:00Z,SUGG,1,30.247083333333332,temperature
2019-08-12T00:00:00Z,SUGG,0,32.403999999999996,temperature
2019-08-12T00:00:00Z,SUGG,0.25,31.71270833333333,temperature
2019-08-12T00:00:00Z,SUGG,0.5,31.39,temperature
2019-08-12T00:00:00Z,SUGG,0.75,31.171875,temperature
2019-08-12T00:00:00Z,SUGG,1,30.70625,temperature
2019-08-13T00:00:00Z,SUGG,0,32.702444444444446,temperature
2019-08-13T00:00:00Z,SUGG,0.25,32.092083333333335,temperature
2019-08-13T00:00:00Z,SUGG,0.5,31.226666666666667,temperature
2019-08-13T00:00:00Z,SUGG,0.75,30.842083333333335,temperature
2019-08-13T00:00:00Z,SUGG,1,30.441458333333333,temperature
2019-08-14T00:00:00Z,SUGG,0,32.50435897435897,temperature
2019-08-14T00:00:00Z,SUGG,0.25,32.412564102564104,temperature
2019-08-14T00:00:00Z,SUGG,0.5,31.88102564102564,temperature
2019-08-14T00:00:00Z,SUGG,0.75,31.251538461538463,temperature
2019-08-14T00:00:00Z,SUGG,1,30.565641025641025,temperature
2019-08-15T00:00:00Z,SUGG,0,31.176041666666663,temperature
2019-08-15T00:00:00Z,SUGG,0.25,31.16604166666667,temperature
2019-08-15T00:00:00Z,SUGG,0.5,31.142083333333332,temperature
2019-08-15T00:00:00Z,SUGG,0.75,31.051041666666663,temperature
2019-08-15T00:00:00Z,SUGG,1,30.777916666666663,temperature
2019-08-16T00:00:00Z,SUGG,0,29.740833333333335,temperature
2019-08-16T00:00:00Z,SUGG,0.25,29.746875,temperature
2019-08-16T00:00:00Z,SUGG,0.5,29.749791666666667,temperature
2019-08-16T00:00:00Z,SUGG,0.75,29.748333333333335,temperature
2019-08-16T00:00:00Z,SUGG,1,29.74375,temperature
2019-08-17T00:00:00Z,SUGG,0,28.423333333333332,temperature
2019-08-17T00:00:00Z,SUGG,0.25,28.425208333333337,temperature
2019-08-17T00:00:00Z,SUGG,0.5,28.424791666666668,temperature
2019-08-17T00:00:00Z,SUGG,0.75,28.419791666666665,temperature
2019-08-17T00:00:00Z,SUGG,1,28.416666666666668,temperature
2019-08-18T00:00:00Z,SUGG,0,27.962083333333332,temperature
2019-08-18T00:00:00Z,SUGG,0.25,27.926458333333333,temperature
2019-08-18T00:00:00Z,SUGG,0.5,27.86625,temperature
2019-08-18T00:00:00Z,SUGG,0.75,27.840416666666663,temperature
2019-08-18T00:00:00Z,SUGG,1,27.82,temperature
2019-08-19T00:00:00Z,SUGG,0,28.611666666666668,temperature
2019-08-19T00:00:00Z,SUGG,0.25,28.380833333333335,temperature
2019-08-19T00:00:00Z,SUGG,0.5,27.948125,temperature
2019-08-19T00:00:00Z,SUGG,0.75,27.6125,temperature
2019-08-19T00:00:00Z,SUGG,1,27.5275,temperature
2019-08-20T00:00:00Z,SUGG,0,29.605208333333337,temperature
2019-08-20T00:00:00Z,SUGG,0.25,29.361041666666665,temperature
2019-08-20T00:00:00Z,SUGG,0.5,28.55125,temperature
2019-08-20T00:00:00Z,SUGG,0.75,27.89625,temperature
2019-08-20T00:00:00Z,SUGG,1,27.57875,temperature
2019-08-21T00:00:00Z,SUGG,0,30.356666666666666,temperature
2019-08-21T00:00:00Z,SUGG,0.25,29.687708333333333,temperature
2019-08-21T00:00:00Z,SUGG,0.5,29.074791666666663,temperature
2019-08-21T00:00:00Z,SUGG,0.75,28.360416666666666,temperature
2019-08-21T00:00:00Z,SUGG,1,27.785416666666663,temperature
2019-08-22T00:00:00Z,SUGG,0,31.05372093023256,temperature
2019-08-22T00:00:00Z,SUGG,0.25,30.15625,temperature
2019-08-22T00:00:00Z,SUGG,0.5,29.49375,temperature
2019-08-22T00:00:00Z,SUGG,0.75,28.589375,temperature
2019-08-22T00:00:00Z,SUGG,1,27.991666666666667,temperature
2019-08-23T00:00:00Z,SUGG,0,31.284166666666668,temperature
2019-08-23T00:00:00Z,SUGG,0.25,30.6575,temperature
2019-08-23T00:00:00Z,SUGG,0.5,29.648541666666667,temperature
2019-08-23T00:00:00Z,SUGG,0.75,28.852083333333333,temperature
2019-08-23T00:00:00Z,SUGG,1,28.120833333333337,temperature
2019-08-24T00:00:00Z,SUGG,0,31.360208333333333,temperature
2019-08-24T00:00:00Z,SUGG,0.25,31.210833333333333,temperature
2019-08-24T00:00:00Z,SUGG,0.5,30.506458333333335,temperature
2019-08-24T00:00:00Z,SUGG,0.75,29.052291666666665,temperature
2019-08-24T00:00:00Z,SUGG,1,28.255,temperature
2019-08-25T00:00:00Z,SUGG,0,30.91375,temperature
2019-08-25T00:00:00Z,SUGG,0.25,30.853125,temperature
2019-08-25T00:00:00Z,SUGG,0.5,30.709791666666668,temperature
2019-08-25T00:00:00Z,SUGG,0.75,29.950833333333332,temperature
2019-08-25T00:00:00Z,SUGG,1,28.486458333333335,temperature
2019-08-26T00:00:00Z,SUGG,0,30.46808510638298,temperature
2019-08-26T00:00:00Z,SUGG,0.25,30.237916666666667,temperature
2019-08-26T00:00:00Z,SUGG,0.5,29.977916666666665,temperature
2019-08-26T00:00:00Z,SUGG,0.75,29.762708333333332,temperature
2019-08-26T00:00:00Z,SUGG,1,29.154583333333335,temperature
2019-08-27T00:00:00Z,SUGG,0,31.247872340425538,temperature
2019-08-27T00:00:00Z,SUGG,0.25,30.582127659574468,temperature
2019-08-27T00:00:00Z,SUGG,0.5,29.882978723404257,temperature
2019-08-27T00:00:00Z,SUGG,0.75,29.557446808510637,temperature
2019-08-27T00:00:00Z,SUGG,1,29.136382978723404,temperature
2019-08-28T00:00:00Z,SUGG,0,30.814583333333335,temperature
2019-08-28T00:00:00Z,SUGG,0.25,30.591041666666666,temperature
2019-08-28T00:00:00Z,SUGG,0.5,30.148541666666667,temperature
2019-08-28T00:00:00Z,SUGG,0.75,29.591458333333332,temperature
2019-08-28T00:00:00Z,SUGG,1,29.172083333333333,temperature
2019-08-29T00:00:00Z,SUGG,0,31.254791666666662,temperature
2019-08-29T00:00:00Z,SUGG,0.25,31.182708333333338,temperature
2019-08-29T00:00:00Z,SUGG,0.5,31.019166666666667,temperature
2019-08-29T00:00:00Z,SUGG,0.75,30.407083333333333,temperature
2019-08-29T00:00:00Z,SUGG,1,29.29875,temperature
2019-08-30T00:00:00Z,SUGG,0,30.49,temperature
2019-08-30T00:00:00Z,SUGG,0.25,30.485416666666666,temperature
2019-08-30T00:00:00Z,SUGG,0.5,30.464791666666667,temperature
2019-08-30T00:00:00Z,SUGG,0.75,30.352291666666662,temperature
2019-08-30T00:00:00Z,SUGG,1,29.778541666666666,temperature
2019-08-31T00:00:00Z,SUGG,0,29.755416666666665,temperature
2019-08-31T00:00:00Z,SUGG,0.25,29.683125,temperature
2019-08-31T00:00:00Z,SUGG,0.5,29.573541666666667,temperature
2019-08-31T00:00:00Z,SUGG,0.75,29.425833333333333,temperature
2019-08-31T00:00:00Z,SUGG,1,29.279375,temperature
2019-09-01T00:00:00Z,SUGG,0,29.71625,temperature
2019-09-01T00:00:00Z,SUGG,0.25,29.685,temperature
2019-09-01T00:00:00Z,SUGG,0.5,29.648541666666667,temperature
2019-09-01T00:00:00Z,SUGG,0.75,29.581875,temperature
2019-09-01T00:00:00Z,SUGG,1,29.470416666666665,temperature
2019-09-02T00:00:00Z,SUGG,0,29.53375,temperature
2019-09-02T00:00:00Z,SUGG,0.25,29.514166666666668,temperature
2019-09-02T00:00:00Z,SUGG,0.5,29.47833333333333,temperature
2019-09-02T00:00:00Z,SUGG,0.75,29.420625,temperature
2019-09-02T00:00:00Z,SUGG,1,29.295208333333335,temperature
2019-09-03T00:00:00Z,SUGG,0,29.37,temperature
2019-09-03T00:00:00Z,SUGG,0.25,29.363541666666663,temperature
2019-09-03T00:00:00Z,SUGG,0.5,29.347708333333333,temperature
2019-09-03T00:00:00Z,SUGG,0.75,29.32229166666667,temperature
2019-09-03T00:00:00Z,SUGG,1,29.276875,temperature
2019-09-04T00:00:00Z,SUGG,0,28.732708333333335,temperature
2019-09-04T00:00:00Z,SUGG,0.25,28.74041666666667,temperature
2019-09-04T00:00:00Z,SUGG,0.5,28.745416666666667,temperature
2019-09-04T00:00:00Z,SUGG,0.75,28.745,temperature
2019-09-04T00:00:00Z,SUGG,1,28.743541666666665,temperature
2019-09-05T00:00:00Z,SUGG,0,28.569791666666667,temperature
2019-09-05T00:00:00Z,SUGG,0.25,28.51875,temperature
2019-09-05T00:00:00Z,SUGG,0.5,28.466041666666666,temperature
2019-09-05T00:00:00Z,SUGG,0.75,28.37875,temperature
2019-09-05T00:00:00Z,SUGG,1,28.146041666666665,temperature
2019-09-06T00:00:00Z,SUGG,0,29.961875,temperature
2019-09-06T00:00:00Z,SUGG,0.25,29.844791666666666,temperature
2019-09-06T00:00:00Z,SUGG,0.5,29.672708333333333,temperature
2019-09-06T00:00:00Z,SUGG,0.75,28.966041666666666,temperature
2019-09-06T00:00:00Z,SUGG,1,28.419583333333332,temperature
2019-09-07T00:00:00Z,SUGG,0,31.564791666666668,temperature
2019-09-07T00:00:00Z,SUGG,0.25,30.479148936170212,temperature
2019-09-07T00:00:00Z,SUGG,0.5,29.779166666666665,temperature
2019-09-07T00:00:00Z,SUGG,0.75,29.0125,temperature
2019-09-07T00:00:00Z,SUGG,1,28.451875,temperature
2019-09-08T00:00:00Z,SUGG,0,32.35375,temperature
2019-09-08T00:00:00Z,SUGG,0.25,31.138333333333332,temperature
2019-09-08T00:00:00Z,SUGG,0.5,29.499166666666667,temperature
2019-09-08T00:00:00Z,SUGG,0.75,28.970625,temperature
2019-09-08T00:00:00Z,SUGG,1,28.481666666666666,temperature
2019-09-09T00:00:00Z,SUGG,0,32.23021739130435,temperature
2019-09-09T00:00:00Z,SUGG,0.25,30.73255319148936,temperature
2019-09-09T00:00:00Z,SUGG,0.5,29.64666666666667,temperature
2019-09-09T00:00:00Z,SUGG,0.75,28.981041666666663,temperature
2019-09-09T00:00:00Z,SUGG,1,28.528333333333332,temperature
2019-09-10T00:00:00Z,SUGG,0,30.637083333333333,temperature
2019-09-10T00:00:00Z,SUGG,0.25,30.346808510638297,temperature
2019-09-10T00:00:00Z,SUGG,0.5,29.961458333333333,temperature
2019-09-10T00:00:00Z,SUGG,0.75,29.25085106382979,temperature
2019-09-10T00:00:00Z,SUGG,1,28.647291666666668,temperature
2019-09-11T00:00:00Z,SUGG,0,30.102083333333333,temperature
2019-09-11T00:00:00Z,SUGG,0.25,30.035625,temperature
2019-09-11T00:00:00Z,SUGG,0.5,29.884166666666665,temperature
2019-09-11T00:00:00Z,SUGG,0.75,29.639375,temperature
2019-09-11T00:00:00Z,SUGG,1,28.847291666666667,temperature
2019-09-12T00:00:00Z,SUGG,0,29.9205,temperature
2019-09-12T00:00:00Z,SUGG,0.25,29.9135,temperature
2019-09-12T00:00:00Z,SUGG,0.5,29.88897435897436,temperature
2019-09-12T00:00:00Z,SUGG,0.75,29.8675,temperature
2019-09-12T00:00:00Z,SUGG,1,29.656410256410258,temperature
2019-09-13T00:00:00Z,SUGG,0,29.549166666666668,temperature
2019-09-13T00:00:00Z,SUGG,0.25,29.545208333333335,temperature
2019-09-13T00:00:00Z,SUGG,0.5,29.534791666666667,temperature
2019-09-13T00:00:00Z,SUGG,0.75,29.51125,temperature
2019-09-13T00:00:00Z,SUGG,1,29.471875,temperature
2019-09-14T00:00:00Z,SUGG,0,28.961041666666667,temperature
2019-09-14T00:00:00Z,SUGG,0.25,28.958125,temperature
2019-09-14T00:00:00Z,SUGG,0.5,28.956458333333337,temperature
2019-09-14T00:00:00Z,SUGG,0.75,28.947291666666665,temperature
2019-09-14T00:00:00Z,SUGG,1,28.93375,temperature
2019-09-15T00:00:00Z,SUGG,0,29.092291666666668,temperature
2019-09-15T00:00:00Z,SUGG,0.25,29.077708333333337,temperature
2019-09-15T00:00:00Z,SUGG,0.5,29.059583333333332,temperature
2019-09-15T00:00:00Z,SUGG,0.75,29.030416666666667,temperature
2019-09-15T00:00:00Z,SUGG,1,29.002708333333334,temperature
2019-09-16T00:00:00Z,SUGG,0,29.581666666666667,temperature
2019-09-16T00:00:00Z,SUGG,0.25,29.523541666666667,temperature
2019-09-16T00:00:00Z,SUGG,0.5,29.428125,temperature
2019-09-16T00:00:00Z,SUGG,0.75,29.338541666666668,temperature
2019-09-16T00:00:00Z,SUGG,1,28.984791666666663,temperature
2019-09-17T00:00:00Z,SUGG,0,30.281666666666663,temperature
2019-09-17T00:00:00Z,SUGG,0.25,30.04,temperature
2019-09-17T00:00:00Z,SUGG,0.5,29.8,temperature
2019-09-17T00:00:00Z,SUGG,0.75,29.510625,temperature
2019-09-17T00:00:00Z,SUGG,1,29.1825,temperature
2019-09-18T00:00:00Z,SUGG,0,29.85875,temperature
2019-09-18T00:00:00Z,SUGG,0.25,29.800625,temperature
2019-09-18T00:00:00Z,SUGG,0.5,29.64375,temperature
2019-09-18T00:00:00Z,SUGG,0.75,29.46625,temperature
2019-09-18T00:00:00Z,SUGG,1,29.09125,temperature
2019-09-19T00:00:00Z,SUGG,0,28.866666666666667,temperature
2019-09-19T00:00:00Z,SUGG,0.25,28.87125,temperature
2019-09-19T00:00:00Z,SUGG,0.5,28.87,temperature
2019-09-19T00:00:00Z,SUGG,0.75,28.859583333333333,temperature
2019-09-19T00:00:00Z,SUGG,1,28.84625,temperature
2019-09-20T00:00:00Z,SUGG,0,28.141041666666663,temperature
2019-09-20T00:00:00Z,SUGG,0.25,28.141666666666666,temperature
2019-09-20T00:00:00Z,SUGG,0.5,28.136458333333337,temperature
2019-09-20T00:00:00Z,SUGG,0.75,28.119583333333335,temperature
2019-09-20T00:00:00Z,SUGG,1,28.09875,temperature
2019-09-21T00:00:00Z,SUGG,0,27.747083333333332,temperature
2019-09-21T00:00:00Z,SUGG,0.25,27.744583333333335,temperature
2019-09-21T00:00:00Z,SUGG,0.5,27.742083333333333,temperature
2019-09-21T00:00:00Z,SUGG,0.75,27.732083333333332,temperature
2019-09-21T00:00:00Z,SUGG,1,27.718958333333333,temperature
2019-09-22T00:00:00Z,SUGG,0,27.622708333333332,temperature
2019-09-22T00:00:00Z,SUGG,0.25,27.605625,temperature
2019-09-22T00:00:00Z,SUGG,0.5,27.58,temperature
2019-09-22T00:00:00Z,SUGG,0.75,27.542291666666667,temperature
2019-09-22T00:00:00Z,SUGG,1,27.489583333333332,temperature
2019-09-23T00:00:00Z,SUGG,0,27.825,temperature
2019-09-23T00:00:00Z,SUGG,0.25,27.798125,temperature
2019-09-23T00:00:00Z,SUGG,0.5,27.758958333333332,temperature
2019-09-23T00:00:00Z,SUGG,0.75,27.709791666666668,temperature
2019-09-23T00:00:00Z,SUGG,1,27.581875,temperature
2019-09-24T00:00:00Z,SUGG,0,28.31553191489362,temperature
2019-09-24T00:00:00Z,SUGG,0.25,28.154893617021276,temperature
2019-09-24T00:00:00Z,SUGG,0.5,27.789148936170218,temperature
2019-09-24T00:00:00Z,SUGG,0.75,27.474468085106384,temperature
2019-09-24T00:00:00Z,SUGG,1,27.31978723404255,temperature
2019-09-25T00:00:00Z,SUGG,0,29.577291666666667,temperature
2019-09-25T00:00:00Z,SUGG,0.25,29.38625,temperature
2019-09-25T00:00:00Z,SUGG,0.5,28.397708333333338,temperature
2019-09-25T00:00:00Z,SUGG,0.75,27.702916666666667,temperature
2019-09-25T00:00:00Z,SUGG,1,27.219583333333333,temperature
2019-09-26T00:00:00Z,SUGG,0,30.180208333333333,temperature
2019-09-26T00:00:00Z,SUGG,0.25,30.052708333333335,temperature
2019-09-26T00:00:00Z,SUGG,0.5,29.15375,temperature
2019-09-26T00:00:00Z,SUGG,0.75,28.022083333333335,temperature
2019-09-26T00:00:00Z,SUGG,1,27.476458333333333,temperature
2019-09-27T00:00:00Z,SUGG,0,30.389583333333334,temperature
2019-09-27T00:00:00Z,SUGG,0.25,29.954166666666666,temperature
2019-09-27T00:00:00Z,SUGG,0.5,29.36625,temperature
2019-09-27T00:00:00Z,SUGG,0.75,28.53875,temperature
2019-09-27T00:00:00Z,SUGG,1,27.767291666666665,temperature
2019-09-28T00:00:00Z,SUGG,0,28.825625,temperature
2019-09-28T00:00:00Z,SUGG,0.25,28.666458333333335,temperature
2019-09-28T00:00:00Z,SUGG,0.5,28.441875,temperature
2019-09-28T00:00:00Z,SUGG,0.75,28.247708333333332,temperature
2019-09-28T00:00:00Z,SUGG,1,27.910625,temperature
2019-09-29T00:00:00Z,SUGG,0,28.264166666666668,temperature
2019-09-29T00:00:00Z,SUGG,0.25,28.225833333333338,temperature
2019-09-29T00:00:00Z,SUGG,0.5,28.124166666666667,temperature
2019-09-29T00:00:00Z,SUGG,0.75,27.961875,temperature
2019-09-29T00:00:00Z,SUGG,1,27.773541666666667,temperature
2019-09-30T00:00:00Z,SUGG,0,28.37625,temperature
2019-09-30T00:00:00Z,SUGG,0.25,28.35625,temperature
2019-09-30T00:00:00Z,SUGG,0.5,28.327083333333334,temperature
2019-09-30T00:00:00Z,SUGG,0.75,28.2675,temperature
2019-09-30T00:00:00Z,SUGG,1,28.151875,temperature
2019-10-01T00:00:00Z,SUGG,0,28.616875,temperature
2019-10-01T00:00:00Z,SUGG,0.25,28.609166666666667,temperature
2019-10-01T00:00:00Z,SUGG,0.5,28.600208333333335,temperature
2019-10-01T00:00:00Z,SUGG,0.75,28.5825,temperature
2019-10-01T00:00:00Z,SUGG,1,28.555625,temperature
2019-10-02T00:00:00Z,SUGG,0,28.444791666666667,temperature
2019-10-02T00:00:00Z,SUGG,0.25,28.411875,temperature
2019-10-02T00:00:00Z,SUGG,0.5,28.371875,temperature
2019-10-02T00:00:00Z,SUGG,0.75,28.320625,temperature
2019-10-02T00:00:00Z,SUGG,1,28.273958333333333,temperature
2019-10-03T00:00:00Z,SUGG,0,28.597083333333337,temperature
2019-10-03T00:00:00Z,SUGG,0.25,28.543125,temperature
2019-10-03T00:00:00Z,SUGG,0.5,28.436875,temperature
2019-10-03T00:00:00Z,SUGG,0.75,28.351666666666667,temperature
2019-10-03T00:00:00Z,SUGG,1,28.183958333333333,temperature
2019-10-04T00:00:00Z,SUGG,0,28.847916666666663,temperature
2019-10-04T00:00:00Z,SUGG,0.25,28.217446808510637,temperature
2019-10-04T00:00:00Z,SUGG,0.5,28.065,temperature
2019-10-04T00:00:00Z,SUGG,0.75,27.98,temperature
2019-10-04T00:00:00Z,SUGG,1,27.934583333333332,temperature
2019-10-05T00:00:00Z,SUGG,0,28.458125,temperature
2019-10-05T00:00:00Z,SUGG,0.25,28.355208333333337,temperature
2019-10-05T00:00:00Z,SUGG,0.5,28.082708333333333,temperature
2019-10-05T00:00:00Z,SUGG,0.75,27.905,temperature
2019-10-05T00:00:00Z,SUGG,1,27.79104166666667,temperature
2019-10-06T00:00:00Z,SUGG,0,27.668333333333333,temperature
2019-10-06T00:00:00Z,SUGG,0.25,27.669583333333332,temperature
2019-10-06T00:00:00Z,SUGG,0.5,27.668958333333332,temperature
2019-10-06T00:00:00Z,SUGG,0.75,27.662916666666668,temperature
2019-10-06T00:00:00Z,SUGG,1,27.655,temperature
2019-10-07T00:00:00Z,SUGG,0,27.231041666666663,temperature
2019-10-07T00:00:00Z,SUGG,0.25,27.208125,temperature
2019-10-07T00:00:00Z,SUGG,0.5,27.165625,temperature
2019-10-07T00:00:00Z,SUGG,0.75,27.122291666666666,temperature
2019-10-07T00:00:00Z,SUGG,1,27.091666666666665,temperature
2019-10-08T00:00:00Z,SUGG,0,26.89125,temperature
2019-10-08T00:00:00Z,SUGG,0.25,26.887,temperature
2019-10-08T00:00:00Z,SUGG,0.5,26.87,temperature
2019-10-08T00:00:00Z,SUGG,0.75,26.8405,temperature
2019-10-08T00:00:00Z,SUGG,1,26.7405,temperature
2019-10-09T00:00:00Z,SUGG,0,26.924583333333334,temperature
2019-10-09T00:00:00Z,SUGG,0.25,26.92375,temperature
2019-10-09T00:00:00Z,SUGG,0.5,26.919791666666665,temperature
2019-10-09T00:00:00Z,SUGG,0.75,26.908958333333334,temperature
2019-10-09T00:00:00Z,SUGG,1,26.887708333333332,temperature
2019-10-10T00:00:00Z,SUGG,0,26.536041666666662,temperature
2019-10-10T00:00:00Z,SUGG,0.25,26.540208333333332,temperature
2019-10-10T00:00:00Z,SUGG,0.5,26.536666666666665,temperature
2019-10-10T00:00:00Z,SUGG,0.75,26.52375,temperature
2019-10-10T00:00:00Z,SUGG,1,26.508333333333333,temperature
2019-10-11T00:00:00Z,SUGG,0,26.425416666666667,temperature
2019-10-11T00:00:00Z,SUGG,0.25,26.407083333333333,temperature
2019-10-11T00:00:00Z,SUGG,0.5,26.359375,temperature
2019-10-11T00:00:00Z,SUGG,0.75,26.287916666666668,temperature
2019-10-11T00:00:00Z,SUGG,1,26.1875,temperature
2019-10-12T00:00:00Z,SUGG,0,26.717708333333334,temperature
2019-10-12T00:00:00Z,SUGG,0.25,26.463958333333338,temperature
2019-10-12T00:00:00Z,SUGG,0.5,26.117291666666667,temperature
2019-10-12T00:00:00Z,SUGG,0.75,26.006458333333335,temperature
2019-10-12T00:00:00Z,SUGG,1,25.9475,temperature
2019-10-13T00:00:00Z,SUGG,0,27.13625,temperature
2019-10-13T00:00:00Z,SUGG,0.25,26.569791666666667,temperature
2019-10-13T00:00:00Z,SUGG,0.5,26.092916666666667,temperature
2019-10-13T00:00:00Z,SUGG,0.75,25.862291666666668,temperature
2019-10-13T00:00:00Z,SUGG,1,25.719583333333333,temperature
2019-10-14T00:00:00Z,SUGG,0,27.325833333333332,temperature
2019-10-14T00:00:00Z,SUGG,0.25,26.45625,temperature
2019-10-14T00:00:00Z,SUGG,0.5,26.112708333333337,temperature
2019-10-14T00:00:00Z,SUGG,0.75,25.882083333333338,temperature
2019-10-14T00:00:00Z,SUGG,1,25.684791666666666,temperature
2019-10-15T00:00:00Z,SUGG,0,27.162708333333335,temperature
2019-10-15T00:00:00Z,SUGG,0.25,26.981666666666666,temperature
2019-10-15T00:00:00Z,SUGG,0.5,26.454166666666666,temperature
2019-10-15T00:00:00Z,SUGG,0.75,26.06041666666667,temperature
2019-10-15T00:00:00Z,SUGG,1,25.712291666666665,temperature
2019-10-16T00:00:00Z,SUGG,0,26.53625,temperature
2019-10-16T00:00:00Z,SUGG,0.25,26.524375,temperature
2019-10-16T00:00:00Z,SUGG,0.5,26.506458333333335,temperature
2019-10-16T00:00:00Z,SUGG,0.75,26.457291666666663,temperature
2019-10-16T00:00:00Z,SUGG,1,26.390833333333333,temperature
2019-10-17T00:00:00Z,SUGG,0,26.250416666666663,temperature
2019-10-17T00:00:00Z,SUGG,0.25,26.198958333333337,temperature
2019-10-17T00:00:00Z,SUGG,0.5,26.113958333333333,temperature
2019-10-17T00:00:00Z,SUGG,0.75,26.066666666666663,temperature
2019-10-17T00:00:00Z,SUGG,1,26.013333333333332,temperature
2019-10-18T00:00:00Z,SUGG,0,25.069791666666667,temperature
2019-10-18T00:00:00Z,SUGG,0.25,25.070416666666667,temperature
2019-10-18T00:00:00Z,SUGG,0.5,25.066666666666663,temperature
2019-10-18T00:00:00Z,SUGG,0.75,25.0525,temperature
2019-10-18T00:00:00Z,SUGG,1,25.03875,temperature
2019-10-19T00:00:00Z,SUGG,0,24.293958333333332,temperature
2019-10-19T00:00:00Z,SUGG,0.25,24.289791666666662,temperature
2019-10-19T00:00:00Z,SUGG,0.5,24.288541666666667,temperature
2019-10-19T00:00:00Z,SUGG,0.75,24.283125,temperature
2019-10-19T00:00:00Z,SUGG,1,24.27875,temperature
2019-10-20T00:00:00Z,SUGG,0,25.02125,temperature
2019-10-20T00:00:00Z,SUGG,0.25,24.974375,temperature
2019-10-20T00:00:00Z,SUGG,0.5,24.923541666666665,temperature
2019-10-20T00:00:00Z,SUGG,0.75,24.803541666666668,temperature
2019-10-20T00:00:00Z,SUGG,1,24.648958333333333,temperature
2019-10-21T00:00:00Z,SUGG,0,25.474375,temperature
2019-10-21T00:00:00Z,SUGG,0.25,25.411666666666665,temperature
2019-10-21T00:00:00Z,SUGG,0.5,25.303125,temperature
2019-10-21T00:00:00Z,SUGG,0.75,25.120833333333337,temperature
2019-10-21T00:00:00Z,SUGG,1,24.955833333333334,temperature
2019-10-22T00:00:00Z,SUGG,0,25.625208333333333,temperature
2019-10-22T00:00:00Z,SUGG,0.25,25.59625,temperature
2019-10-22T00:00:00Z,SUGG,0.5,25.57,temperature
2019-10-22T00:00:00Z,SUGG,0.75,25.487083333333334,temperature
2019-10-22T00:00:00Z,SUGG,1,25.315833333333337,temperature
2019-10-23T00:00:00Z,SUGG,0,25.46270833333333,temperature
2019-10-23T00:00:00Z,SUGG,0.25,25.446666666666665,temperature
2019-10-23T00:00:00Z,SUGG,0.5,25.376875,temperature
2019-10-23T00:00:00Z,SUGG,0.75,25.30625,temperature
2019-10-23T00:00:00Z,SUGG,1,25.135833333333338,temperature
2019-10-24T00:00:00Z,SUGG,0,24.553541666666668,temperature
2019-10-24T00:00:00Z,SUGG,0.25,24.53875,temperature
2019-10-24T00:00:00Z,SUGG,0.5,24.515625,temperature
2019-10-24T00:00:00Z,SUGG,0.75,24.474166666666665,temperature
2019-10-24T00:00:00Z,SUGG,1,24.42375,temperature
2019-10-25T00:00:00Z,SUGG,0,24.838333333333335,temperature
2019-10-25T00:00:00Z,SUGG,0.25,24.8275,temperature
2019-10-25T00:00:00Z,SUGG,0.5,24.817291666666662,temperature
2019-10-25T00:00:00Z,SUGG,0.75,24.800416666666667,temperature
2019-10-25T00:00:00Z,SUGG,1,24.776875,temperature
2019-10-26T00:00:00Z,SUGG,0,25.25604166666667,temperature
2019-10-26T00:00:00Z,SUGG,0.25,25.238541666666663,temperature
2019-10-26T00:00:00Z,SUGG,0.5,25.212083333333332,temperature
2019-10-26T00:00:00Z,SUGG,0.75,25.169791666666665,temperature
2019-10-26T00:00:00Z,SUGG,1,25.119791666666668,temperature
2019-10-27T00:00:00Z,SUGG,0,25.822083333333335,temperature
2019-10-27T00:00:00Z,SUGG,0.25,25.791666666666668,temperature
2019-10-27T00:00:00Z,SUGG,0.5,25.763541666666665,temperature
2019-10-27T00:00:00Z,SUGG,0.75,25.725625,temperature
2019-10-27T00:00:00Z,SUGG,1,25.630625,temperature
2019-10-28T00:00:00Z,SUGG,0,26.921875,temperature
2019-10-28T00:00:00Z,SUGG,0.25,26.054583333333333,temperature
2019-10-28T00:00:00Z,SUGG,0.5,25.825,temperature
2019-10-28T00:00:00Z,SUGG,0.75,25.73375,temperature
2019-10-28T00:00:00Z,SUGG,1,25.58625,temperature
2019-10-29T00:00:00Z,SUGG,0,28.074375,temperature
2019-10-29T00:00:00Z,SUGG,0.25,27.278333333333332,temperature
2019-10-29T00:00:00Z,SUGG,0.5,26.144375,temperature
2019-10-29T00:00:00Z,SUGG,0.75,25.657291666666666,temperature
2019-10-29T00:00:00Z,SUGG,1,25.49625,temperature
2019-10-30T00:00:00Z,SUGG,0,27.92395833333333,temperature
2019-10-30T00:00:00Z,SUGG,0.25,27.695416666666667,temperature
2019-10-30T00:00:00Z,SUGG,0.5,27.014583333333334,temperature
2019-10-30T00:00:00Z,SUGG,0.75,26.155833333333337,temperature
2019-10-30T00:00:00Z,SUGG,1,25.620416666666667,temperature
2019-10-31T00:00:00Z,SUGG,0,27.852708333333332,temperature
2019-10-31T00:00:00Z,SUGG,0.25,27.800833333333333,temperature
2019-10-31T00:00:00Z,SUGG,0.5,27.515833333333333,temperature
2019-10-31T00:00:00Z,SUGG,0.75,26.987083333333334,temperature
2019-10-31T00:00:00Z,SUGG,1,26.446458333333332,temperature
2019-11-01T00:00:00Z,SUGG,0,26.207708333333333,temperature
2019-11-01T00:00:00Z,SUGG,0.25,26.215625,temperature
2019-11-01T00:00:00Z,SUGG,0.5,26.190833333333337,temperature
2019-11-01T00:00:00Z,SUGG,0.75,26.16604166666667,temperature
2019-11-01T00:00:00Z,SUGG,1,25.98125,temperature
2019-11-02T00:00:00Z,SUGG,0,24.080416666666668,temperature
2019-11-02T00:00:00Z,SUGG,0.25,24.091458333333332,temperature
2019-11-02T00:00:00Z,SUGG,0.5,24.091666666666665,temperature
2019-11-02T00:00:00Z,SUGG,0.75,24.085416666666667,temperature
2019-11-02T00:00:00Z,SUGG,1,24.079166666666666,temperature
2019-11-03T00:00:00Z,SUGG,0,22.91583333333333,temperature
2019-11-03T00:00:00Z,SUGG,0.25,22.919583333333332,temperature
2019-11-03T00:00:00Z,SUGG,0.5,22.911666666666665,temperature
2019-11-03T00:00:00Z,SUGG,0.75,22.892083333333332,temperature
2019-11-03T00:00:00Z,SUGG,1,22.855416666666667,temperature
2019-11-04T00:00:00Z,SUGG,0,22.454375,temperature
2019-11-04T00:00:00Z,SUGG,0.25,22.438958333333332,temperature
2019-11-04T00:00:00Z,SUGG,0.5,22.409166666666668,temperature
2019-11-04T00:00:00Z,SUGG,0.75,22.362708333333337,temperature
2019-11-04T00:00:00Z,SUGG,1,22.29,temperature
2019-11-05T00:00:00Z,SUGG,0,23.091875,temperature
2019-11-05T00:00:00Z,SUGG,0.25,22.545208333333335,temperature
2019-11-05T00:00:00Z,SUGG,0.5,22.401666666666667,temperature
2019-11-05T00:00:00Z,SUGG,0.75,22.361458333333335,temperature
2019-11-05T00:00:00Z,SUGG,1,22.31854166666667,temperature
2019-11-06T00:00:00Z,SUGG,0,23.005,temperature
2019-11-06T00:00:00Z,SUGG,0.25,22.856875,temperature
2019-11-06T00:00:00Z,SUGG,0.5,22.70916666666667,temperature
2019-11-06T00:00:00Z,SUGG,0.75,22.627916666666668,temperature
2019-11-06T00:00:00Z,SUGG,1,22.570208333333333,temperature
2019-11-07T00:00:00Z,SUGG,0,24.19238095238095,temperature
2019-11-07T00:00:00Z,SUGG,0.25,23.472142857142856,temperature
2019-11-07T00:00:00Z,SUGG,0.5,23.14690476190476,temperature
2019-11-07T00:00:00Z,SUGG,0.75,23.027142857142856,temperature
2019-11-07T00:00:00Z,SUGG,1,22.974285714285713,temperature
2019-11-08T00:00:00Z,SUGG,0,24.475625,temperature
2019-11-08T00:00:00Z,SUGG,0.25,24.078333333333333,temperature
2019-11-08T00:00:00Z,SUGG,0.5,23.477291666666662,temperature
2019-11-08T00:00:00Z,SUGG,0.75,23.188958333333332,temperature
2019-11-08T00:00:00Z,SUGG,1,23.050833333333333,temperature
2019-11-09T00:00:00Z,SUGG,0,22.105416666666667,temperature
2019-11-09T00:00:00Z,SUGG,0.25,22.115625,temperature
2019-11-09T00:00:00Z,SUGG,0.5,22.119375,temperature
2019-11-09T00:00:00Z,SUGG,0.75,22.115833333333335,temperature
2019-11-09T00:00:00Z,SUGG,1,22.112916666666667,temperature
2019-11-10T00:00:00Z,SUGG,0,21.252708333333334,temperature
2019-11-10T00:00:00Z,SUGG,0.25,21.126041666666666,temperature
2019-11-10T00:00:00Z,SUGG,0.5,20.992708333333333,temperature
2019-11-10T00:00:00Z,SUGG,0.75,20.875208333333333,temperature
2019-11-10T00:00:00Z,SUGG,1,20.80375,temperature
2019-11-11T00:00:00Z,SUGG,0,21.343541666666667,temperature
2019-11-11T00:00:00Z,SUGG,0.25,20.797708333333333,temperature
2019-11-11T00:00:00Z,SUGG,0.5,20.566666666666663,temperature
2019-11-11T00:00:00Z,SUGG,0.75,20.437708333333333,temperature
2019-11-11T00:00:00Z,SUGG,1,20.387916666666666,temperature
2019-11-12T00:00:00Z,SUGG,0,21.731041666666663,temperature
2019-11-12T00:00:00Z,SUGG,0.25,21.443958333333335,temperature
2019-11-12T00:00:00Z,SUGG,0.5,20.97625,temperature
2019-11-12T00:00:00Z,SUGG,0.75,20.776458333333338,temperature
2019-11-12T00:00:00Z,SUGG,1,20.658958333333334,temperature
2019-11-13T00:00:00Z,SUGG,0,20.00875,temperature
2019-11-13T00:00:00Z,SUGG,0.25,20.024375,temperature
2019-11-13T00:00:00Z,SUGG,0.5,20.028541666666666,temperature
2019-11-13T00:00:00Z,SUGG,0.75,20.024583333333332,temperature
2019-11-13T00:00:00Z,SUGG,1,20.018541666666668,temperature
2019-11-14T00:00:00Z,SUGG,0,18.5225,temperature
2019-11-14T00:00:00Z,SUGG,0.25,18.526875,temperature
2019-11-14T00:00:00Z,SUGG,0.5,18.526875,temperature
2019-11-14T00:00:00Z,SUGG,0.75,18.519583333333333,temperature
2019-11-14T00:00:00Z,SUGG,1,18.508333333333333,temperature
2019-11-15T00:00:00Z,SUGG,0,18.167083333333338,temperature
2019-11-15T00:00:00Z,SUGG,0.25,18.171875,temperature
2019-11-15T00:00:00Z,SUGG,0.5,18.175,temperature
2019-11-15T00:00:00Z,SUGG,0.75,18.174791666666668,temperature
2019-11-15T00:00:00Z,SUGG,1,18.173125,temperature
2019-11-16T00:00:00Z,SUGG,0,17.522083333333335,temperature
2019-11-16T00:00:00Z,SUGG,0.25,17.531041666666667,temperature
2019-11-16T00:00:00Z,SUGG,0.5,17.538125,temperature
2019-11-16T00:00:00Z,SUGG,0.75,17.539166666666667,temperature
2019-11-16T00:00:00Z,SUGG,1,17.540208333333332,temperature
2019-11-17T00:00:00Z,SUGG,0,16.272916666666667,temperature
2019-11-17T00:00:00Z,SUGG,0.25,16.282083333333333,temperature
2019-11-17T00:00:00Z,SUGG,0.5,16.288333333333334,temperature
2019-11-17T00:00:00Z,SUGG,0.75,16.287708333333335,temperature
2019-11-17T00:00:00Z,SUGG,1,16.28729166666667,temperature
2019-11-18T00:00:00Z,SUGG,0,16.055208333333333,temperature
2019-11-18T00:00:00Z,SUGG,0.25,15.987708333333334,temperature
2019-11-18T00:00:00Z,SUGG,0.5,15.920208333333331,temperature
2019-11-18T00:00:00Z,SUGG,0.75,15.844791666666666,temperature
2019-11-18T00:00:00Z,SUGG,1,15.818333333333332,temperature
2019-11-19T00:00:00Z,SUGG,0,16.368333333333332,temperature
2019-11-19T00:00:00Z,SUGG,0.25,16.35375,temperature
2019-11-19T00:00:00Z,SUGG,0.5,16.299375,temperature
2019-11-19T00:00:00Z,SUGG,0.75,16.221458333333334,temperature
2019-11-19T00:00:00Z,SUGG,1,16.151041666666668,temperature
2019-11-20T00:00:00Z,SUGG,0,16.05090909090909,temperature
2019-11-20T00:00:00Z,SUGG,0.25,16.033636363636365,temperature
2019-11-20T00:00:00Z,SUGG,0.5,16.022424242424243,temperature
2019-11-20T00:00:00Z,SUGG,0.75,16.002727272727274,temperature
2019-11-20T00:00:00Z,SUGG,1,15.973939393939396,temperature
2019-11-26T00:00:00Z,SUGG,0,18.55,temperature
2019-11-26T00:00:00Z,SUGG,0.25,17.514,temperature
2019-11-26T00:00:00Z,SUGG,0.5,16.872,temperature
2019-11-26T00:00:00Z,SUGG,0.75,16.723,temperature
2019-11-26T00:00:00Z,SUGG,1,16.6295,temperature
2019-11-27T00:00:00Z,SUGG,0,18.186458333333334,temperature
2019-11-27T00:00:00Z,SUGG,0.25,17.700625,temperature
2019-11-27T00:00:00Z,SUGG,0.5,17.160416666666666,temperature
2019-11-27T00:00:00Z,SUGG,0.75,16.840416666666666,temperature
2019-11-27T00:00:00Z,SUGG,1,16.665,temperature
2019-11-28T00:00:00Z,SUGG,0,19.133541666666662,temperature
2019-11-28T00:00:00Z,SUGG,0.25,18.838958333333338,temperature
2019-11-28T00:00:00Z,SUGG,0.5,18.305625,temperature
2019-11-28T00:00:00Z,SUGG,0.75,17.54104166666667,temperature
2019-11-28T00:00:00Z,SUGG,1,17.029375,temperature
2019-11-29T00:00:00Z,SUGG,0,18.524791666666665,temperature
2019-11-29T00:00:00Z,SUGG,0.25,18.43125,temperature
2019-11-29T00:00:00Z,SUGG,0.5,18.333958333333335,temperature
2019-11-29T00:00:00Z,SUGG,0.75,18.05,temperature
2019-11-29T00:00:00Z,SUGG,1,17.656875,temperature
2019-11-30T00:00:00Z,SUGG,0,18.627083333333335,temperature
2019-11-30T00:00:00Z,SUGG,0.25,18.448125,temperature
2019-11-30T00:00:00Z,SUGG,0.5,18.227708333333332,temperature
2019-11-30T00:00:00Z,SUGG,0.75,18.060833333333335,temperature
2019-11-30T00:00:00Z,SUGG,1,17.734583333333333,temperature
2019-12-01T00:00:00Z,SUGG,0,19.169791666666665,temperature
2019-12-01T00:00:00Z,SUGG,0.25,19.065625,temperature
2019-12-01T00:00:00Z,SUGG,0.5,18.855625,temperature
2019-12-01T00:00:00Z,SUGG,0.75,18.458125,temperature
2019-12-01T00:00:00Z,SUGG,1,18.160625,temperature
2019-12-02T00:00:00Z,SUGG,0,18.803958333333338,temperature
2019-12-02T00:00:00Z,SUGG,0.25,18.807083333333335,temperature
2019-12-02T00:00:00Z,SUGG,0.5,18.808958333333333,temperature
2019-12-02T00:00:00Z,SUGG,0.75,18.804166666666667,temperature
2019-12-02T00:00:00Z,SUGG,1,18.797083333333333,temperature
2019-12-03T00:00:00Z,SUGG,0,17.198205128205128,temperature
2019-12-03T00:00:00Z,SUGG,0.25,17.211794871794872,temperature
2019-12-03T00:00:00Z,SUGG,0.5,17.217179487179486,temperature
2019-12-03T00:00:00Z,SUGG,0.75,17.216923076923077,temperature
2019-12-03T00:00:00Z,SUGG,1,17.216666666666665,temperature
2019-12-04T00:00:00Z,SUGG,0,16.242708333333333,temperature
2019-12-04T00:00:00Z,SUGG,0.25,16.242083333333333,temperature
2019-12-04T00:00:00Z,SUGG,0.5,16.240833333333335,temperature
2019-12-04T00:00:00Z,SUGG,0.75,16.234375,temperature
2019-12-04T00:00:00Z,SUGG,1,16.227916666666665,temperature
2019-12-05T00:00:00Z,SUGG,0,16.092291666666668,temperature
2019-12-05T00:00:00Z,SUGG,0.25,15.957083333333332,temperature
2019-12-05T00:00:00Z,SUGG,0.5,15.776458333333334,temperature
2019-12-05T00:00:00Z,SUGG,0.75,15.657708333333334,temperature
2019-12-05T00:00:00Z,SUGG,1,15.572291666666668,temperature
2019-12-06T00:00:00Z,SUGG,0,16.135416666666668,temperature
2019-12-06T00:00:00Z,SUGG,0.25,15.751041666666667,temperature
2019-12-06T00:00:00Z,SUGG,0.5,15.637291666666666,temperature
2019-12-06T00:00:00Z,SUGG,0.75,15.434791666666667,temperature
2019-12-06T00:00:00Z,SUGG,1,15.301041666666666,temperature
2019-12-07T00:00:00Z,SUGG,0,15.9775,temperature
2019-12-07T00:00:00Z,SUGG,0.25,15.847083333333334,temperature
2019-12-07T00:00:00Z,SUGG,0.5,15.7425,temperature
2019-12-07T00:00:00Z,SUGG,0.75,15.58375,temperature
2019-12-07T00:00:00Z,SUGG,1,15.350208333333333,temperature
2019-12-08T00:00:00Z,SUGG,0,15.939166666666669,temperature
2019-12-08T00:00:00Z,SUGG,0.25,15.926666666666666,temperature
2019-12-08T00:00:00Z,SUGG,0.5,15.909166666666668,temperature
2019-12-08T00:00:00Z,SUGG,0.75,15.884583333333332,temperature
2019-12-08T00:00:00Z,SUGG,1,15.836875,temperature
2019-12-09T00:00:00Z,SUGG,0,17.595,temperature
2019-12-09T00:00:00Z,SUGG,0.25,17.492083333333333,temperature
2019-12-09T00:00:00Z,SUGG,0.5,17.36,temperature
2019-12-09T00:00:00Z,SUGG,0.75,17.203333333333333,temperature
2019-12-09T00:00:00Z,SUGG,1,16.986875,temperature
2019-12-10T00:00:00Z,SUGG,0,18.678541666666668,temperature
2019-12-10T00:00:00Z,SUGG,0.25,18.505,temperature
2019-12-10T00:00:00Z,SUGG,0.5,18.350208333333335,temperature
2019-12-10T00:00:00Z,SUGG,0.75,18.216875,temperature
2019-12-10T00:00:00Z,SUGG,1,17.751041666666666,temperature
2019-12-11T00:00:00Z,SUGG,0,19.486666666666668,temperature
2019-12-11T00:00:00Z,SUGG,0.25,19.396041666666665,temperature
2019-12-11T00:00:00Z,SUGG,0.5,19.250416666666663,temperature
2019-12-11T00:00:00Z,SUGG,0.75,19.0225,temperature
2019-12-11T00:00:00Z,SUGG,1,18.582708333333333,temperature
2019-12-12T00:00:00Z,SUGG,0,17.793541666666666,temperature
2019-12-12T00:00:00Z,SUGG,0.25,17.79895833333333,temperature
2019-12-12T00:00:00Z,SUGG,0.5,17.800833333333333,temperature
2019-12-12T00:00:00Z,SUGG,0.75,17.797083333333333,temperature
2019-12-12T00:00:00Z,SUGG,1,17.788958333333333,temperature
2019-12-13T00:00:00Z,SUGG,0,18.065833333333337,temperature
2019-12-13T00:00:00Z,SUGG,0.25,17.986666666666668,temperature
2019-12-13T00:00:00Z,SUGG,0.5,17.910208333333333,temperature
2019-12-13T00:00:00Z,SUGG,0.75,17.862083333333334,temperature
2019-12-13T00:00:00Z,SUGG,1,17.824791666666666,temperature
2019-12-14T00:00:00Z,SUGG,0,18.545,temperature
2019-12-14T00:00:00Z,SUGG,0.25,18.515208333333337,temperature
2019-12-14T00:00:00Z,SUGG,0.5,18.476458333333333,temperature
2019-12-14T00:00:00Z,SUGG,0.75,18.418541666666663,temperature
2019-12-14T00:00:00Z,SUGG,1,18.364166666666662,temperature
2019-12-15T00:00:00Z,SUGG,0,18.627916666666668,temperature
2019-12-15T00:00:00Z,SUGG,0.25,18.284375,temperature
2019-12-15T00:00:00Z,SUGG,0.5,18.184583333333332,temperature
2019-12-15T00:00:00Z,SUGG,0.75,18.140833333333333,temperature
2019-12-15T00:00:00Z,SUGG,1,18.098333333333333,temperature
2019-12-16T00:00:00Z,SUGG,0,18.426875,temperature
2019-12-16T00:00:00Z,SUGG,0.25,18.3,temperature
2019-12-16T00:00:00Z,SUGG,0.5,18.170625,temperature
2019-12-16T00:00:00Z,SUGG,0.75,18.009166666666665,temperature
2019-12-16T00:00:00Z,SUGG,1,17.898541666666667,temperature
2019-12-17T00:00:00Z,SUGG,0,19.17,temperature
2019-12-17T00:00:00Z,SUGG,0.25,19.131190476190476,temperature
2019-12-17T00:00:00Z,SUGG,0.5,19.07261904761905,temperature
2019-12-17T00:00:00Z,SUGG,0.75,18.859285714285715,temperature
2019-12-17T00:00:00Z,SUGG,1,18.563333333333333,temperature
2019-12-18T00:00:00Z,SUGG,0,18.992291666666667,temperature
2019-12-18T00:00:00Z,SUGG,0.25,18.995,temperature
2019-12-18T00:00:00Z,SUGG,0.5,18.987916666666667,temperature
2019-12-18T00:00:00Z,SUGG,0.75,18.9725,temperature
2019-12-18T00:00:00Z,SUGG,1,18.902708333333333,temperature
2019-12-19T00:00:00Z,SUGG,0,17.149166666666666,temperature
2019-12-19T00:00:00Z,SUGG,0.25,17.1625,temperature
2019-12-19T00:00:00Z,SUGG,0.5,17.168333333333333,temperature
2019-12-19T00:00:00Z,SUGG,0.75,17.165625,temperature
2019-12-19T00:00:00Z,SUGG,1,17.161041666666666,temperature
2019-12-20T00:00:00Z,SUGG,0,16.156666666666666,temperature
2019-12-20T00:00:00Z,SUGG,0.25,16.165208333333332,temperature
2019-12-20T00:00:00Z,SUGG,0.5,16.169166666666666,temperature
2019-12-20T00:00:00Z,SUGG,0.75,16.167291666666667,temperature
2019-12-20T00:00:00Z,SUGG,1,16.163958333333333,temperature
2019-12-21T00:00:00Z,SUGG,0,16.307916666666667,temperature
2019-12-21T00:00:00Z,SUGG,0.25,16.301666666666666,temperature
2019-12-21T00:00:00Z,SUGG,0.5,16.29479166666667,temperature
2019-12-21T00:00:00Z,SUGG,0.75,16.281041666666667,temperature
2019-12-21T00:00:00Z,SUGG,1,16.268125,temperature
2019-12-22T00:00:00Z,SUGG,0,16.864375,temperature
2019-12-22T00:00:00Z,SUGG,0.25,16.859375,temperature
2019-12-22T00:00:00Z,SUGG,0.5,16.855,temperature
2019-12-22T00:00:00Z,SUGG,0.75,16.846458333333334,temperature
2019-12-22T00:00:00Z,SUGG,1,16.836875,temperature
2019-12-23T00:00:00Z,SUGG,0,17.875833333333333,temperature
2019-12-23T00:00:00Z,SUGG,0.25,17.474166666666665,temperature
2019-12-23T00:00:00Z,SUGG,0.5,17.270833333333332,temperature
2019-12-23T00:00:00Z,SUGG,0.75,17.206875,temperature
2019-12-23T00:00:00Z,SUGG,1,17.177083333333332,temperature
2019-12-24T00:00:00Z,SUGG,0,17.315833333333334,temperature
2019-12-24T00:00:00Z,SUGG,0.25,17.309375,temperature
2019-12-24T00:00:00Z,SUGG,0.5,17.243541666666665,temperature
2019-12-24T00:00:00Z,SUGG,0.75,17.21125,temperature
2019-12-24T00:00:00Z,SUGG,1,17.190625,temperature
2019-12-25T00:00:00Z,SUGG,0,17.147083333333335,temperature
2019-12-25T00:00:00Z,SUGG,0.25,17.1475,temperature
2019-12-25T00:00:00Z,SUGG,0.5,17.144583333333333,temperature
2019-12-25T00:00:00Z,SUGG,0.75,17.138541666666665,temperature
2019-12-25T00:00:00Z,SUGG,1,17.127708333333334,temperature
2019-12-26T00:00:00Z,SUGG,0,17.535833333333333,temperature
2019-12-26T00:00:00Z,SUGG,0.25,17.525833333333335,temperature
2019-12-26T00:00:00Z,SUGG,0.5,17.512291666666666,temperature
2019-12-26T00:00:00Z,SUGG,0.75,17.491875,temperature
2019-12-26T00:00:00Z,SUGG,1,17.46625,temperature
2019-12-27T00:00:00Z,SUGG,0,18.227291666666662,temperature
2019-12-27T00:00:00Z,SUGG,0.25,18.2125,temperature
2019-12-27T00:00:00Z,SUGG,0.5,18.190833333333337,temperature
2019-12-27T00:00:00Z,SUGG,0.75,18.150416666666665,temperature
2019-12-27T00:00:00Z,SUGG,1,18.104791666666667,temperature
2019-12-28T00:00:00Z,SUGG,0,19.27125,temperature
2019-12-28T00:00:00Z,SUGG,0.25,19.241666666666667,temperature
2019-12-28T00:00:00Z,SUGG,0.5,19.19375,temperature
2019-12-28T00:00:00Z,SUGG,0.75,19.116875,temperature
2019-12-28T00:00:00Z,SUGG,1,18.844166666666663,temperature
2019-12-29T00:00:00Z,SUGG,0,20.439791666666665,temperature
2019-12-29T00:00:00Z,SUGG,0.25,20.385416666666668,temperature
2019-12-29T00:00:00Z,SUGG,0.5,20.269166666666667,temperature
2019-12-29T00:00:00Z,SUGG,0.75,20.06125,temperature
2019-12-29T00:00:00Z,SUGG,1,19.608541666666667,temperature
2019-12-30T00:00:00Z,SUGG,0,21.111875,temperature
2019-12-30T00:00:00Z,SUGG,0.25,21.083333333333332,temperature
2019-12-30T00:00:00Z,SUGG,0.5,20.960416666666667,temperature
2019-12-30T00:00:00Z,SUGG,0.75,20.766458333333333,temperature
2019-12-30T00:00:00Z,SUGG,1,20.411875,temperature
2019-12-31T00:00:00Z,SUGG,0,20.13681818181818,temperature
2019-12-31T00:00:00Z,SUGG,0.25,20.132272727272728,temperature
2019-12-31T00:00:00Z,SUGG,0.5,20.120454545454542,temperature
2019-12-31T00:00:00Z,SUGG,0.75,19.964318181818182,temperature
2019-12-31T00:00:00Z,SUGG,1,19.655454545454543,temperature
2020-01-01T00:00:00Z,SUGG,0,18.605625,temperature
2020-01-01T00:00:00Z,SUGG,0.25,18.575,temperature
2020-01-01T00:00:00Z,SUGG,0.5,18.540416666666665,temperature
2020-01-01T00:00:00Z,SUGG,0.75,18.48875,temperature
2020-01-01T00:00:00Z,SUGG,1,18.323958333333337,temperature
2020-01-02T00:00:00Z,SUGG,0,18.165625,temperature
2020-01-02T00:00:00Z,SUGG,0.25,18.050208333333337,temperature
2020-01-02T00:00:00Z,SUGG,0.5,17.968333333333334,temperature
2020-01-02T00:00:00Z,SUGG,0.75,17.92770833333333,temperature
2020-01-02T00:00:00Z,SUGG,1,17.911041666666666,temperature
2020-01-03T00:00:00Z,SUGG,0,18.705208333333335,temperature
2020-01-03T00:00:00Z,SUGG,0.25,18.389375,temperature
2020-01-03T00:00:00Z,SUGG,0.5,18.1975,temperature
2020-01-03T00:00:00Z,SUGG,0.75,18.046875,temperature
2020-01-03T00:00:00Z,SUGG,1,17.955208333333335,temperature
2020-01-04T00:00:00Z,SUGG,0,19.793333333333333,temperature
2020-01-04T00:00:00Z,SUGG,0.25,19.544583333333332,temperature
2020-01-04T00:00:00Z,SUGG,0.5,19.052083333333332,temperature
2020-01-04T00:00:00Z,SUGG,0.75,18.288541666666667,temperature
2020-01-04T00:00:00Z,SUGG,1,18.087291666666665,temperature
2020-01-05T00:00:00Z,SUGG,0,18.4175,temperature
2020-01-05T00:00:00Z,SUGG,0.25,18.4075,temperature
2020-01-05T00:00:00Z,SUGG,0.5,18.39375,temperature
2020-01-05T00:00:00Z,SUGG,0.75,18.248958333333334,temperature
2020-01-05T00:00:00Z,SUGG,1,18.181875,temperature
2020-01-06T00:00:00Z,SUGG,0,17.32604166666667,temperature
2020-01-06T00:00:00Z,SUGG,0.25,17.252708333333334,temperature
2020-01-06T00:00:00Z,SUGG,0.5,17.203958333333333,temperature
2020-01-06T00:00:00Z,SUGG,0.75,17.143125,temperature
2020-01-06T00:00:00Z,SUGG,1,17.10354166666667,temperature
2020-01-07T00:00:00Z,SUGG,0,17.008333333333333,temperature
2020-01-07T00:00:00Z,SUGG,0.25,16.879375,temperature
2020-01-07T00:00:00Z,SUGG,0.5,16.74875,temperature
2020-01-07T00:00:00Z,SUGG,0.75,16.66625,temperature
2020-01-07T00:00:00Z,SUGG,1,16.622291666666666,temperature
2020-01-08T00:00:00Z,SUGG,0,16.607916666666668,temperature
2020-01-08T00:00:00Z,SUGG,0.25,16.475416666666668,temperature
2020-01-08T00:00:00Z,SUGG,0.5,16.387708333333332,temperature
2020-01-08T00:00:00Z,SUGG,0.75,16.263541666666665,temperature
2020-01-08T00:00:00Z,SUGG,1,16.2275,temperature
2020-01-09T00:00:00Z,SUGG,0,15.835625,temperature
2020-01-09T00:00:00Z,SUGG,0.25,15.803333333333333,temperature
2020-01-09T00:00:00Z,SUGG,0.5,15.7775,temperature
2020-01-09T00:00:00Z,SUGG,0.75,15.73625,temperature
2020-01-09T00:00:00Z,SUGG,1,15.694166666666666,temperature
2020-01-10T00:00:00Z,SUGG,0,16.336041666666667,temperature
2020-01-10T00:00:00Z,SUGG,0.25,16.211666666666666,temperature
2020-01-10T00:00:00Z,SUGG,0.5,16.08375,temperature
2020-01-10T00:00:00Z,SUGG,0.75,15.911666666666669,temperature
2020-01-10T00:00:00Z,SUGG,1,15.846875,temperature
2020-01-11T00:00:00Z,SUGG,0,17.368125,temperature
2020-01-11T00:00:00Z,SUGG,0.25,17.099166666666665,temperature
2020-01-11T00:00:00Z,SUGG,0.5,16.75375,temperature
2020-01-11T00:00:00Z,SUGG,0.75,16.411458333333332,temperature
2020-01-11T00:00:00Z,SUGG,1,16.237291666666668,temperature
2020-01-12T00:00:00Z,SUGG,0,18.470208333333332,temperature
2020-01-12T00:00:00Z,SUGG,0.25,17.776458333333334,temperature
2020-01-12T00:00:00Z,SUGG,0.5,17.104166666666668,temperature
2020-01-12T00:00:00Z,SUGG,0.75,16.625416666666666,temperature
2020-01-12T00:00:00Z,SUGG,1,16.475833333333334,temperature
2020-01-13T00:00:00Z,SUGG,0,18.702916666666667,temperature
2020-01-13T00:00:00Z,SUGG,0.25,17.937916666666666,temperature
2020-01-13T00:00:00Z,SUGG,0.5,17.45,temperature
2020-01-13T00:00:00Z,SUGG,0.75,16.985208333333333,temperature
2020-01-13T00:00:00Z,SUGG,1,16.803333333333335,temperature
2020-01-14T00:00:00Z,SUGG,0,18.879583333333333,temperature
2020-01-14T00:00:00Z,SUGG,0.25,18.028125,temperature
2020-01-14T00:00:00Z,SUGG,0.5,17.526875,temperature
2020-01-14T00:00:00Z,SUGG,0.75,17.09125,temperature
2020-01-14T00:00:00Z,SUGG,1,16.955,temperature
2020-01-15T00:00:00Z,SUGG,0,19.0875,temperature
2020-01-15T00:00:00Z,SUGG,0.25,18.246875,temperature
2020-01-15T00:00:00Z,SUGG,0.5,17.722083333333334,temperature
2020-01-15T00:00:00Z,SUGG,0.75,17.313125,temperature
2020-01-15T00:00:00Z,SUGG,1,17.146875,temperature
2020-01-16T00:00:00Z,SUGG,0,19.299791666666668,temperature
2020-01-16T00:00:00Z,SUGG,0.25,18.354791666666667,temperature
2020-01-16T00:00:00Z,SUGG,0.5,17.812708333333333,temperature
2020-01-16T00:00:00Z,SUGG,0.75,17.413958333333333,temperature
2020-01-16T00:00:00Z,SUGG,1,17.291458333333335,temperature
2020-01-17T00:00:00Z,SUGG,0,19.554583333333333,temperature
2020-01-17T00:00:00Z,SUGG,0.25,18.840208333333333,temperature
2020-01-17T00:00:00Z,SUGG,0.5,18.349375,temperature
2020-01-17T00:00:00Z,SUGG,0.75,17.665416666666665,temperature
2020-01-17T00:00:00Z,SUGG,1,17.44625,temperature
2020-01-18T00:00:00Z,SUGG,0,19.226666666666667,temperature
2020-01-18T00:00:00Z,SUGG,0.25,19.145833333333332,temperature
2020-01-18T00:00:00Z,SUGG,0.5,18.971458333333334,temperature
2020-01-18T00:00:00Z,SUGG,0.75,18.553333333333335,temperature
2020-01-18T00:00:00Z,SUGG,1,18.1425,temperature
2020-01-19T00:00:00Z,SUGG,0,19.40020833333333,temperature
2020-01-19T00:00:00Z,SUGG,0.25,19.315833333333337,temperature
2020-01-19T00:00:00Z,SUGG,0.5,19.211041666666667,temperature
2020-01-19T00:00:00Z,SUGG,0.75,19.05625,temperature
2020-01-19T00:00:00Z,SUGG,1,18.738958333333333,temperature
2020-01-20T00:00:00Z,SUGG,0,18.49395833333333,temperature
2020-01-20T00:00:00Z,SUGG,0.25,18.472291666666667,temperature
2020-01-20T00:00:00Z,SUGG,0.5,18.448125,temperature
2020-01-20T00:00:00Z,SUGG,0.75,18.383333333333333,temperature
2020-01-20T00:00:00Z,SUGG,1,18.316041666666667,temperature
2020-01-21T00:00:00Z,SUGG,0,16.777708333333333,temperature
2020-01-21T00:00:00Z,SUGG,0.25,16.768541666666668,temperature
2020-01-21T00:00:00Z,SUGG,0.5,16.757291666666667,temperature
2020-01-21T00:00:00Z,SUGG,0.75,16.74625,temperature
2020-01-21T00:00:00Z,SUGG,1,16.738541666666666,temperature
2020-01-22T00:00:00Z,SUGG,0,14.663541666666667,temperature
2020-01-22T00:00:00Z,SUGG,0.25,14.659583333333334,temperature
2020-01-22T00:00:00Z,SUGG,0.5,14.6575,temperature
2020-01-22T00:00:00Z,SUGG,0.75,14.655208333333333,temperature
2020-01-22T00:00:00Z,SUGG,1,14.654375,temperature
2020-01-23T00:00:00Z,SUGG,0,13.872619047619049,temperature
2020-01-23T00:00:00Z,SUGG,0.25,13.861904761904762,temperature
2020-01-23T00:00:00Z,SUGG,0.5,13.851904761904764,temperature
2020-01-23T00:00:00Z,SUGG,0.75,13.841666666666669,temperature
2020-01-23T00:00:00Z,SUGG,1,13.832142857142856,temperature
2020-01-24T00:00:00Z,SUGG,0,14.278958333333334,temperature
2020-01-24T00:00:00Z,SUGG,0.25,14.179375,temperature
2020-01-24T00:00:00Z,SUGG,0.5,14.032291666666667,temperature
2020-01-24T00:00:00Z,SUGG,0.75,13.961458333333333,temperature
2020-01-24T00:00:00Z,SUGG,1,13.9425,temperature
2020-01-25T00:00:00Z,SUGG,0,14.972916666666666,temperature
2020-01-25T00:00:00Z,SUGG,0.25,14.85,temperature
2020-01-25T00:00:00Z,SUGG,0.5,14.720625,temperature
2020-01-25T00:00:00Z,SUGG,0.75,14.587291666666667,temperature
2020-01-25T00:00:00Z,SUGG,1,14.500208333333331,temperature
2020-01-26T00:00:00Z,SUGG,0,14.8875,temperature
2020-01-26T00:00:00Z,SUGG,0.25,14.842291666666666,temperature
2020-01-26T00:00:00Z,SUGG,0.5,14.804583333333332,temperature
2020-01-26T00:00:00Z,SUGG,0.75,14.761041666666667,temperature
2020-01-26T00:00:00Z,SUGG,1,14.710833333333332,temperature
2020-01-27T00:00:00Z,SUGG,0,14.898541666666668,temperature
2020-01-27T00:00:00Z,SUGG,0.25,14.787708333333333,temperature
2020-01-27T00:00:00Z,SUGG,0.5,14.707708333333333,temperature
2020-01-27T00:00:00Z,SUGG,0.75,14.663125,temperature
2020-01-27T00:00:00Z,SUGG,1,14.663958333333332,temperature
2020-01-28T00:00:00Z,SUGG,0,14.985416666666666,temperature
2020-01-28T00:00:00Z,SUGG,0.25,14.86625,temperature
2020-01-28T00:00:00Z,SUGG,0.5,14.781666666666666,temperature
2020-01-28T00:00:00Z,SUGG,0.75,14.747083333333332,temperature
2020-01-28T00:00:00Z,SUGG,1,14.74375,temperature
2020-01-29T00:00:00Z,SUGG,0,14.97547619047619,temperature
2020-01-29T00:00:00Z,SUGG,0.25,14.887380952380951,temperature
2020-01-29T00:00:00Z,SUGG,0.5,14.75904761904762,temperature
2020-01-29T00:00:00Z,SUGG,0.75,14.668571428571427,temperature
2020-01-29T00:00:00Z,SUGG,1,14.650238095238096,temperature
2020-01-30T00:00:00Z,SUGG,0,14.5425,temperature
2020-01-30T00:00:00Z,SUGG,0.25,14.532916666666669,temperature
2020-01-30T00:00:00Z,SUGG,0.5,14.523958333333333,temperature
2020-01-30T00:00:00Z,SUGG,0.75,14.511041666666667,temperature
2020-01-30T00:00:00Z,SUGG,1,14.501041666666667,temperature
2020-01-31T00:00:00Z,SUGG,0,14.473541666666666,temperature
2020-01-31T00:00:00Z,SUGG,0.25,14.466875,temperature
2020-01-31T00:00:00Z,SUGG,0.5,14.465208333333331,temperature
2020-01-31T00:00:00Z,SUGG,0.75,14.465833333333332,temperature
2020-01-31T00:00:00Z,SUGG,1,14.466458333333334,temperature
2020-02-01T00:00:00Z,SUGG,0,14.688541666666667,temperature
2020-02-01T00:00:00Z,SUGG,0.25,14.650833333333331,temperature
2020-02-01T00:00:00Z,SUGG,0.5,14.622708333333334,temperature
2020-02-01T00:00:00Z,SUGG,0.75,14.592083333333331,temperature
2020-02-01T00:00:00Z,SUGG,1,14.570625,temperature
2020-02-02T00:00:00Z,SUGG,0,14.567291666666666,temperature
2020-02-02T00:00:00Z,SUGG,0.25,14.558541666666668,temperature
2020-02-02T00:00:00Z,SUGG,0.5,14.550208333333334,temperature
2020-02-02T00:00:00Z,SUGG,0.75,14.539583333333333,temperature
2020-02-02T00:00:00Z,SUGG,1,14.525208333333332,temperature
2020-02-03T00:00:00Z,SUGG,0,14.382916666666668,temperature
2020-02-03T00:00:00Z,SUGG,0.25,14.320625,temperature
2020-02-03T00:00:00Z,SUGG,0.5,14.276458333333334,temperature
2020-02-03T00:00:00Z,SUGG,0.75,14.207916666666666,temperature
2020-02-03T00:00:00Z,SUGG,1,14.19375,temperature
2020-02-04T00:00:00Z,SUGG,0,14.522708333333334,temperature
2020-02-04T00:00:00Z,SUGG,0.25,14.301666666666666,temperature
2020-02-04T00:00:00Z,SUGG,0.5,14.134791666666668,temperature
2020-02-04T00:00:00Z,SUGG,0.75,14.074375,temperature
2020-02-04T00:00:00Z,SUGG,1,14.075833333333334,temperature
2020-02-05T00:00:00Z,SUGG,0,15.290208333333334,temperature
2020-02-05T00:00:00Z,SUGG,0.25,14.936458333333333,temperature
2020-02-05T00:00:00Z,SUGG,0.5,14.659791666666669,temperature
2020-02-05T00:00:00Z,SUGG,0.75,14.51625,temperature
2020-02-05T00:00:00Z,SUGG,1,14.420416666666666,temperature
2020-02-06T00:00:00Z,SUGG,0,16.788333333333334,temperature
2020-02-06T00:00:00Z,SUGG,0.25,16.460833333333333,temperature
2020-02-06T00:00:00Z,SUGG,0.5,16.058125,temperature
2020-02-06T00:00:00Z,SUGG,0.75,15.52063829787234,temperature
2020-02-06T00:00:00Z,SUGG,1,15.326666666666666,temperature
2020-02-07T00:00:00Z,SUGG,0,17.73229166666667,temperature
2020-02-07T00:00:00Z,SUGG,0.25,17.727916666666665,temperature
2020-02-07T00:00:00Z,SUGG,0.5,17.721458333333334,temperature
2020-02-07T00:00:00Z,SUGG,0.75,17.707708333333333,temperature
2020-02-07T00:00:00Z,SUGG,1,17.639791666666667,temperature
2020-02-08T00:00:00Z,SUGG,0,16.715208333333333,temperature
2020-02-08T00:00:00Z,SUGG,0.25,16.652083333333334,temperature
2020-02-08T00:00:00Z,SUGG,0.5,16.6025,temperature
2020-02-08T00:00:00Z,SUGG,0.75,16.527708333333333,temperature
2020-02-08T00:00:00Z,SUGG,1,16.497083333333332,temperature
2020-02-09T00:00:00Z,SUGG,0,16.6175,temperature
2020-02-09T00:00:00Z,SUGG,0.25,16.46625,temperature
2020-02-09T00:00:00Z,SUGG,0.5,16.2475,temperature
2020-02-09T00:00:00Z,SUGG,0.75,16.152083333333334,temperature
2020-02-09T00:00:00Z,SUGG,1,16.147916666666667,temperature
2020-02-10T00:00:00Z,SUGG,0,17.17375,temperature
2020-02-10T00:00:00Z,SUGG,0.25,16.97833333333333,temperature
2020-02-10T00:00:00Z,SUGG,0.5,16.7725,temperature
2020-02-10T00:00:00Z,SUGG,0.75,16.504791666666666,temperature
2020-02-10T00:00:00Z,SUGG,1,16.381666666666668,temperature
2020-02-11T00:00:00Z,SUGG,0,17.61,temperature
2020-02-11T00:00:00Z,SUGG,0.25,16.97,temperature
2020-02-11T00:00:00Z,SUGG,0.5,16.78,temperature
2020-02-11T00:00:00Z,SUGG,0.75,16.37,temperature
2020-02-11T00:00:00Z,SUGG,1,16.36,temperature
2020-02-18T00:00:00Z,SUGG,0,19.63642857142857,temperature
2020-02-18T00:00:00Z,SUGG,0.25,18.802142857142854,temperature
2020-02-18T00:00:00Z,SUGG,0.5,18.53857142857143,temperature
2020-02-18T00:00:00Z,SUGG,0.75,18.322142857142858,temperature
2020-02-18T00:00:00Z,SUGG,1,18.249285714285715,temperature
2020-02-19T00:00:00Z,SUGG,0,19.513541666666665,temperature
2020-02-19T00:00:00Z,SUGG,0.25,18.956458333333337,temperature
2020-02-19T00:00:00Z,SUGG,0.5,18.655625,temperature
2020-02-19T00:00:00Z,SUGG,0.75,18.406458333333333,temperature
2020-02-19T00:00:00Z,SUGG,1,18.315416666666668,temperature
2020-02-20T00:00:00Z,SUGG,0,19.795833333333334,temperature
2020-02-20T00:00:00Z,SUGG,0.25,19.06243243243243,temperature
2020-02-20T00:00:00Z,SUGG,0.5,18.69054054054054,temperature
2020-02-20T00:00:00Z,SUGG,0.75,18.472972972972972,temperature
2020-02-20T00:00:00Z,SUGG,1,18.41216216216216,temperature
2020-02-24T00:00:00Z,SUGG,0,17.148333333333333,temperature
2020-02-24T00:00:00Z,SUGG,0.25,16.216666666666665,temperature
2020-02-24T00:00:00Z,SUGG,0.5,15.855,temperature
2020-02-24T00:00:00Z,SUGG,0.75,15.82,temperature
2020-02-24T00:00:00Z,SUGG,1,15.831666666666669,temperature
2020-02-25T00:00:00Z,SUGG,0,17.199259259259257,temperature
2020-02-25T00:00:00Z,SUGG,0.25,16.790370370370372,temperature
2020-02-25T00:00:00Z,SUGG,0.5,16.253703703703703,temperature
2020-02-25T00:00:00Z,SUGG,0.75,15.999629629629627,temperature
2020-02-25T00:00:00Z,SUGG,1,15.956296296296296,temperature
2020-02-26T00:00:00Z,SUGG,0,17.6975,temperature
2020-02-26T00:00:00Z,SUGG,0.25,17.5055,temperature
2020-02-26T00:00:00Z,SUGG,0.5,17.2285,temperature
2020-02-26T00:00:00Z,SUGG,0.75,16.8645,temperature
2020-02-26T00:00:00Z,SUGG,1,16.7175,temperature
2020-02-27T00:00:00Z,SUGG,0,17.293541666666666,temperature
2020-02-27T00:00:00Z,SUGG,0.25,17.196875,temperature
2020-02-27T00:00:00Z,SUGG,0.5,17.094375,temperature
2020-02-27T00:00:00Z,SUGG,0.75,17.02375,temperature
2020-02-27T00:00:00Z,SUGG,1,16.966666666666665,temperature
2020-02-28T00:00:00Z,SUGG,0,16.784375,temperature
2020-02-28T00:00:00Z,SUGG,0.25,16.76875,temperature
2020-02-28T00:00:00Z,SUGG,0.5,16.745208333333334,temperature
2020-02-28T00:00:00Z,SUGG,0.75,16.693958333333335,temperature
2020-02-28T00:00:00Z,SUGG,1,16.6575,temperature
2020-02-29T00:00:00Z,SUGG,0,16.498333333333335,temperature
2020-02-29T00:00:00Z,SUGG,0.25,16.48875,temperature
2020-02-29T00:00:00Z,SUGG,0.5,16.470416666666665,temperature
2020-02-29T00:00:00Z,SUGG,0.75,16.409375,temperature
2020-02-29T00:00:00Z,SUGG,1,16.356041666666666,temperature
2020-03-01T00:00:00Z,SUGG,0,16.0575,temperature
2020-03-01T00:00:00Z,SUGG,0.25,16.02125,temperature
2020-03-01T00:00:00Z,SUGG,0.5,15.993125,temperature
2020-03-01T00:00:00Z,SUGG,0.75,15.974166666666669,temperature
2020-03-01T00:00:00Z,SUGG,1,15.970833333333331,temperature
2020-03-02T00:00:00Z,SUGG,0,16.596458333333334,temperature
2020-03-02T00:00:00Z,SUGG,0.25,16.412916666666668,temperature
2020-03-02T00:00:00Z,SUGG,0.5,16.31875,temperature
2020-03-02T00:00:00Z,SUGG,0.75,16.113333333333333,temperature
2020-03-02T00:00:00Z,SUGG,1,16.076458333333335,temperature
2020-03-03T00:00:00Z,SUGG,0,17.831666666666667,temperature
2020-03-03T00:00:00Z,SUGG,0.25,17.685833333333335,temperature
2020-03-03T00:00:00Z,SUGG,0.5,17.35875,temperature
2020-03-03T00:00:00Z,SUGG,0.75,16.875416666666666,temperature
2020-03-03T00:00:00Z,SUGG,1,16.722916666666666,temperature
2020-03-04T00:00:00Z,SUGG,0,19.368541666666665,temperature
2020-03-04T00:00:00Z,SUGG,0.25,19.02125,temperature
2020-03-04T00:00:00Z,SUGG,0.5,18.194565217391304,temperature
2020-03-04T00:00:00Z,SUGG,0.75,17.049148936170212,temperature
2020-03-04T00:00:00Z,SUGG,1,16.764791666666667,temperature
2020-03-05T00:00:00Z,SUGG,0,20.575,temperature
2020-03-05T00:00:00Z,SUGG,0.25,19.982291666666665,temperature
2020-03-05T00:00:00Z,SUGG,0.5,19.27166666666667,temperature
2020-03-05T00:00:00Z,SUGG,0.75,18.344583333333333,temperature
2020-03-05T00:00:00Z,SUGG,1,17.949166666666667,temperature
2020-03-06T00:00:00Z,SUGG,0,21.174791666666668,temperature
2020-03-06T00:00:00Z,SUGG,0.25,21.100833333333338,temperature
2020-03-06T00:00:00Z,SUGG,0.5,20.730625,temperature
2020-03-06T00:00:00Z,SUGG,0.75,19.208541666666665,temperature
2020-03-06T00:00:00Z,SUGG,1,18.433958333333333,temperature
2020-03-07T00:00:00Z,SUGG,0,19.667083333333338,temperature
2020-03-07T00:00:00Z,SUGG,0.25,19.6425,temperature
2020-03-07T00:00:00Z,SUGG,0.5,19.566041666666667,temperature
2020-03-07T00:00:00Z,SUGG,0.75,19.22458333333333,temperature
2020-03-07T00:00:00Z,SUGG,1,18.854166666666668,temperature
2020-03-08T00:00:00Z,SUGG,0,18.530625,temperature
2020-03-08T00:00:00Z,SUGG,0.25,18.467708333333334,temperature
2020-03-08T00:00:00Z,SUGG,0.5,18.369791666666668,temperature
2020-03-08T00:00:00Z,SUGG,0.75,18.189375,temperature
2020-03-08T00:00:00Z,SUGG,1,18.160208333333333,temperature
2020-03-09T00:00:00Z,SUGG,0,18.33325581395349,temperature
2020-03-09T00:00:00Z,SUGG,0.25,18.280232558139534,temperature
2020-03-09T00:00:00Z,SUGG,0.5,18.066511627906976,temperature
2020-03-09T00:00:00Z,SUGG,0.75,17.912558139534884,temperature
2020-03-09T00:00:00Z,SUGG,1,17.88860465116279,temperature
2020-03-10T00:00:00Z,SUGG,0,18.685833333333335,temperature
2020-03-10T00:00:00Z,SUGG,0.25,18.56625,temperature
2020-03-10T00:00:00Z,SUGG,0.5,18.421875,temperature
2020-03-10T00:00:00Z,SUGG,0.75,18.106458333333332,temperature
2020-03-10T00:00:00Z,SUGG,1,18.0225,temperature
2020-03-11T00:00:00Z,SUGG,0,18.743333333333332,temperature
2020-03-11T00:00:00Z,SUGG,0.25,18.505,temperature
2020-03-11T00:00:00Z,SUGG,0.5,18.34979166666667,temperature
2020-03-11T00:00:00Z,SUGG,0.75,18.194791666666667,temperature
2020-03-11T00:00:00Z,SUGG,1,18.1425,temperature
2020-03-12T00:00:00Z,SUGG,0,18.840208333333333,temperature
2020-03-12T00:00:00Z,SUGG,0.25,18.564791666666668,temperature
2020-03-12T00:00:00Z,SUGG,0.5,18.40125,temperature
2020-03-12T00:00:00Z,SUGG,0.75,18.256458333333335,temperature
2020-03-12T00:00:00Z,SUGG,1,18.22375,temperature
2020-03-13T00:00:00Z,SUGG,0,18.969166666666663,temperature
2020-03-13T00:00:00Z,SUGG,0.25,18.612916666666667,temperature
2020-03-13T00:00:00Z,SUGG,0.5,18.42125,temperature
2020-03-13T00:00:00Z,SUGG,0.75,18.293333333333333,temperature
2020-03-13T00:00:00Z,SUGG,1,18.272916666666667,temperature
2020-03-14T00:00:00Z,SUGG,0,19.153958333333332,temperature
2020-03-14T00:00:00Z,SUGG,0.25,18.739791666666665,temperature
2020-03-14T00:00:00Z,SUGG,0.5,18.49,temperature
2020-03-14T00:00:00Z,SUGG,0.75,18.369791666666668,temperature
2020-03-14T00:00:00Z,SUGG,1,18.343541666666667,temperature
2020-03-15T00:00:00Z,SUGG,0,19.349166666666665,temperature
2020-03-15T00:00:00Z,SUGG,0.25,18.848125,temperature
2020-03-15T00:00:00Z,SUGG,0.5,18.565208333333334,temperature
2020-03-15T00:00:00Z,SUGG,0.75,18.404583333333335,temperature
2020-03-15T00:00:00Z,SUGG,1,18.383333333333333,temperature
2020-03-16T00:00:00Z,SUGG,0,19.619791666666668,temperature
2020-03-16T00:00:00Z,SUGG,0.25,19.0475,temperature
2020-03-16T00:00:00Z,SUGG,0.5,18.692083333333333,temperature
2020-03-16T00:00:00Z,SUGG,0.75,18.46375,temperature
2020-03-16T00:00:00Z,SUGG,1,18.437708333333333,temperature
2020-03-17T00:00:00Z,SUGG,0,20.551875,temperature
2020-03-17T00:00:00Z,SUGG,0.25,19.364791666666665,temperature
2020-03-17T00:00:00Z,SUGG,0.5,18.803333333333335,temperature
2020-03-17T00:00:00Z,SUGG,0.75,18.522708333333338,temperature
2020-03-17T00:00:00Z,SUGG,1,18.4975,temperature
2020-03-18T00:00:00Z,SUGG,0,21.019583333333333,temperature
2020-03-18T00:00:00Z,SUGG,0.25,19.657291666666666,temperature
2020-03-18T00:00:00Z,SUGG,0.5,18.9725,temperature
2020-03-18T00:00:00Z,SUGG,0.75,18.646458333333335,temperature
2020-03-18T00:00:00Z,SUGG,1,18.594791666666666,temperature
2020-03-19T00:00:00Z,SUGG,0,21.703333333333333,temperature
2020-03-19T00:00:00Z,SUGG,0.25,20.075833333333332,temperature
2020-03-19T00:00:00Z,SUGG,0.5,19.192916666666665,temperature
2020-03-19T00:00:00Z,SUGG,0.75,18.726875,temperature
2020-03-19T00:00:00Z,SUGG,1,18.683125,temperature
2020-03-20T00:00:00Z,SUGG,0,22.102291666666662,temperature
2020-03-20T00:00:00Z,SUGG,0.25,20.354166666666668,temperature
2020-03-20T00:00:00Z,SUGG,0.5,19.417083333333338,temperature
2020-03-20T00:00:00Z,SUGG,0.75,18.88458333333333,temperature
2020-03-20T00:00:00Z,SUGG,1,18.809166666666663,temperature
2020-03-21T00:00:00Z,SUGG,0,22.295833333333334,temperature
2020-03-21T00:00:00Z,SUGG,0.25,20.565208333333334,temperature
2020-03-21T00:00:00Z,SUGG,0.5,19.61375,temperature
2020-03-21T00:00:00Z,SUGG,0.75,19.041458333333335,temperature
2020-03-21T00:00:00Z,SUGG,1,18.91,temperature
2020-03-22T00:00:00Z,SUGG,0,22.369791666666668,temperature
2020-03-22T00:00:00Z,SUGG,0.25,20.738125,temperature
2020-03-22T00:00:00Z,SUGG,0.5,19.762083333333333,temperature
2020-03-22T00:00:00Z,SUGG,0.75,19.1475,temperature
2020-03-22T00:00:00Z,SUGG,1,18.979166666666668,temperature
2020-03-23T00:00:00Z,SUGG,0,22.573958333333337,temperature
2020-03-23T00:00:00Z,SUGG,0.25,20.992083333333333,temperature
2020-03-23T00:00:00Z,SUGG,0.5,19.97375,temperature
2020-03-23T00:00:00Z,SUGG,0.75,19.266458333333333,temperature
2020-03-23T00:00:00Z,SUGG,1,19.128541666666667,temperature
2020-03-24T00:00:00Z,SUGG,0,23.54875,temperature
2020-03-24T00:00:00Z,SUGG,0.25,21.14375,temperature
2020-03-24T00:00:00Z,SUGG,0.5,20.153333333333332,temperature
2020-03-24T00:00:00Z,SUGG,0.75,19.420625,temperature
2020-03-24T00:00:00Z,SUGG,1,19.22375,temperature
2020-03-25T00:00:00Z,SUGG,0,24.207083333333333,temperature
2020-03-25T00:00:00Z,SUGG,0.25,22.472978723404257,temperature
2020-03-25T00:00:00Z,SUGG,0.5,20.419791666666665,temperature
2020-03-25T00:00:00Z,SUGG,0.75,19.597708333333333,temperature
2020-03-25T00:00:00Z,SUGG,1,19.428958333333338,temperature
2020-03-26T00:00:00Z,SUGG,0,24.485,temperature
2020-03-26T00:00:00Z,SUGG,0.25,22.785833333333333,temperature
2020-03-26T00:00:00Z,SUGG,0.5,21.189375,temperature
2020-03-26T00:00:00Z,SUGG,0.75,19.911666666666665,temperature
2020-03-26T00:00:00Z,SUGG,1,19.551666666666662,temperature
2020-03-27T00:00:00Z,SUGG,0,24.351458333333333,temperature
2020-03-27T00:00:00Z,SUGG,0.25,22.98625,temperature
2020-03-27T00:00:00Z,SUGG,0.5,21.629791666666662,temperature
2020-03-27T00:00:00Z,SUGG,0.75,20.292291666666667,temperature
2020-03-27T00:00:00Z,SUGG,1,19.942291666666662,temperature
2020-03-28T00:00:00Z,SUGG,0,24.205416666666668,temperature
2020-03-28T00:00:00Z,SUGG,0.25,22.946875,temperature
2020-03-28T00:00:00Z,SUGG,0.5,21.737291666666668,temperature
2020-03-28T00:00:00Z,SUGG,0.75,20.453958333333333,temperature
2020-03-28T00:00:00Z,SUGG,1,20.082916666666662,temperature
2020-03-29T00:00:00Z,SUGG,0,24.326458333333335,temperature
2020-03-29T00:00:00Z,SUGG,0.25,22.970416666666665,temperature
2020-03-29T00:00:00Z,SUGG,0.5,21.760833333333338,temperature
2020-03-29T00:00:00Z,SUGG,0.75,20.631458333333335,temperature
2020-03-29T00:00:00Z,SUGG,1,20.244375,temperature
2020-03-30T00:00:00Z,SUGG,0,24.499166666666667,temperature
2020-03-30T00:00:00Z,SUGG,0.25,22.983958333333337,temperature
2020-03-30T00:00:00Z,SUGG,0.5,21.874166666666667,temperature
2020-03-30T00:00:00Z,SUGG,0.75,20.816458333333333,temperature
2020-03-30T00:00:00Z,SUGG,1,20.380625,temperature
2020-03-31T00:00:00Z,SUGG,0,25.262083333333333,temperature
2020-03-31T00:00:00Z,SUGG,0.25,23.949583333333333,temperature
2020-03-31T00:00:00Z,SUGG,0.5,22.501041666666666,temperature
2020-03-31T00:00:00Z,SUGG,0.75,20.96291666666667,temperature
2020-03-31T00:00:00Z,SUGG,1,20.579166666666666,temperature
2020-04-01T00:00:00Z,SUGG,0,24.72375,temperature
2020-04-01T00:00:00Z,SUGG,0.25,24.330625,temperature
2020-04-01T00:00:00Z,SUGG,0.5,23.763958333333335,temperature
2020-04-01T00:00:00Z,SUGG,0.75,21.856666666666666,temperature
2020-04-01T00:00:00Z,SUGG,1,21.202291666666667,temperature
2020-04-02T00:00:00Z,SUGG,0,23.5975,temperature
2020-04-02T00:00:00Z,SUGG,0.25,23.350416666666668,temperature
2020-04-02T00:00:00Z,SUGG,0.5,23.08625,temperature
2020-04-02T00:00:00Z,SUGG,0.75,22.47875,temperature
2020-04-02T00:00:00Z,SUGG,1,21.648125,temperature
2020-04-03T00:00:00Z,SUGG,0,23.047291666666663,temperature
2020-04-03T00:00:00Z,SUGG,0.25,22.922291666666663,temperature
2020-04-03T00:00:00Z,SUGG,0.5,22.68875,temperature
2020-04-03T00:00:00Z,SUGG,0.75,22.151666666666667,temperature
2020-04-03T00:00:00Z,SUGG,1,21.725625,temperature
2020-04-04T00:00:00Z,SUGG,0,22.903958333333332,temperature
2020-04-04T00:00:00Z,SUGG,0.25,22.705208333333335,temperature
2020-04-04T00:00:00Z,SUGG,0.5,22.440625,temperature
2020-04-04T00:00:00Z,SUGG,0.75,22.028125,temperature
2020-04-04T00:00:00Z,SUGG,1,21.734791666666663,temperature
2020-04-05T00:00:00Z,SUGG,0,22.965416666666663,temperature
2020-04-05T00:00:00Z,SUGG,0.25,22.702708333333337,temperature
2020-04-05T00:00:00Z,SUGG,0.5,22.420208333333335,temperature
2020-04-05T00:00:00Z,SUGG,0.75,21.951875,temperature
2020-04-05T00:00:00Z,SUGG,1,21.64666666666667,temperature
2020-04-06T00:00:00Z,SUGG,0,22.85875,temperature
2020-04-06T00:00:00Z,SUGG,0.25,22.657916666666665,temperature
2020-04-06T00:00:00Z,SUGG,0.5,22.425208333333337,temperature
2020-04-06T00:00:00Z,SUGG,0.75,22.093125,temperature
2020-04-06T00:00:00Z,SUGG,1,21.84875,temperature
2020-04-07T00:00:00Z,SUGG,0,23.009375,temperature
2020-04-07T00:00:00Z,SUGG,0.25,22.769583333333333,temperature
2020-04-07T00:00:00Z,SUGG,0.5,22.44354166666667,temperature
2020-04-07T00:00:00Z,SUGG,0.75,22.07875,temperature
2020-04-07T00:00:00Z,SUGG,1,21.812291666666667,temperature
2020-04-08T00:00:00Z,SUGG,0,23.284791666666667,temperature
2020-04-08T00:00:00Z,SUGG,0.25,22.862291666666668,temperature
2020-04-08T00:00:00Z,SUGG,0.5,22.451458333333335,temperature
2020-04-08T00:00:00Z,SUGG,0.75,22.005208333333332,temperature
2020-04-08T00:00:00Z,SUGG,1,21.7825,temperature
2020-04-09T00:00:00Z,SUGG,0,24.569583333333338,temperature
2020-04-09T00:00:00Z,SUGG,0.25,23.238125,temperature
2020-04-09T00:00:00Z,SUGG,0.5,22.651666666666667,temperature
2020-04-09T00:00:00Z,SUGG,0.75,22.060625,temperature
2020-04-09T00:00:00Z,SUGG,1,21.803333333333335,temperature
2020-04-10T00:00:00Z,SUGG,0,24.95916666666667,temperature
2020-04-10T00:00:00Z,SUGG,0.25,24.003958333333333,temperature
2020-04-10T00:00:00Z,SUGG,0.5,22.971666666666668,temperature
2020-04-10T00:00:00Z,SUGG,0.75,22.268125,temperature
2020-04-10T00:00:00Z,SUGG,1,21.96375,temperature
2020-04-11T00:00:00Z,SUGG,0,23.879375,temperature
2020-04-11T00:00:00Z,SUGG,0.25,23.722291666666667,temperature
2020-04-11T00:00:00Z,SUGG,0.5,23.259583333333335,temperature
2020-04-11T00:00:00Z,SUGG,0.75,22.58770833333333,temperature
2020-04-11T00:00:00Z,SUGG,1,22.22125,temperature
2020-04-12T00:00:00Z,SUGG,0,24.161063829787235,temperature
2020-04-12T00:00:00Z,SUGG,0.25,23.642708333333335,temperature
2020-04-12T00:00:00Z,SUGG,0.5,23.275416666666665,temperature
2020-04-12T00:00:00Z,SUGG,0.75,22.786458333333332,temperature
2020-04-12T00:00:00Z,SUGG,1,22.549375,temperature
2020-04-13T00:00:00Z,SUGG,0,25.162708333333335,temperature
2020-04-13T00:00:00Z,SUGG,0.25,24.73125,temperature
2020-04-13T00:00:00Z,SUGG,0.5,24.490625,temperature
2020-04-13T00:00:00Z,SUGG,0.75,23.98,temperature
2020-04-13T00:00:00Z,SUGG,1,23.503333333333337,temperature
2020-04-14T00:00:00Z,SUGG,0,25.4875,temperature
2020-04-14T00:00:00Z,SUGG,0.25,25.254375,temperature
2020-04-14T00:00:00Z,SUGG,0.5,24.484166666666667,temperature
2020-04-14T00:00:00Z,SUGG,0.75,23.654375,temperature
2020-04-14T00:00:00Z,SUGG,1,23.23,temperature
2020-04-15T00:00:00Z,SUGG,0,25.166458333333335,temperature
2020-04-15T00:00:00Z,SUGG,0.25,25.063541666666666,temperature
2020-04-15T00:00:00Z,SUGG,0.5,24.670208333333335,temperature
2020-04-15T00:00:00Z,SUGG,0.75,24.04083333333333,temperature
2020-04-15T00:00:00Z,SUGG,1,23.502291666666668,temperature
2020-04-16T00:00:00Z,SUGG,0,23.824375,temperature
2020-04-16T00:00:00Z,SUGG,0.25,23.8075,temperature
2020-04-16T00:00:00Z,SUGG,0.5,23.783333333333335,temperature
2020-04-16T00:00:00Z,SUGG,0.75,23.717916666666667,temperature
2020-04-16T00:00:00Z,SUGG,1,23.684166666666663,temperature
2020-04-17T00:00:00Z,SUGG,0,23.102083333333333,temperature
2020-04-17T00:00:00Z,SUGG,0.25,23.013958333333335,temperature
2020-04-17T00:00:00Z,SUGG,0.5,22.945833333333333,temperature
2020-04-17T00:00:00Z,SUGG,0.75,22.913541666666667,temperature
2020-04-17T00:00:00Z,SUGG,1,22.910416666666663,temperature
2020-04-18T00:00:00Z,SUGG,0,23.57229166666667,temperature
2020-04-18T00:00:00Z,SUGG,0.25,23.19354166666667,temperature
2020-04-18T00:00:00Z,SUGG,0.5,22.809375,temperature
2020-04-18T00:00:00Z,SUGG,0.75,22.640208333333337,temperature
2020-04-18T00:00:00Z,SUGG,1,22.61625,temperature
2020-04-19T00:00:00Z,SUGG,0,24.065208333333334,temperature
2020-04-19T00:00:00Z,SUGG,0.25,23.566875,temperature
2020-04-19T00:00:00Z,SUGG,0.5,23.216041666666666,temperature
2020-04-19T00:00:00Z,SUGG,0.75,22.769375,temperature
2020-04-19T00:00:00Z,SUGG,1,22.640625,temperature
2020-04-20T00:00:00Z,SUGG,0,25.460833333333333,temperature
2020-04-20T00:00:00Z,SUGG,0.25,24.507083333333338,temperature
2020-04-20T00:00:00Z,SUGG,0.5,23.859375,temperature
2020-04-20T00:00:00Z,SUGG,0.75,23.23875,temperature
2020-04-20T00:00:00Z,SUGG,1,23.044166666666666,temperature
2020-04-21T00:00:00Z,SUGG,0,25.584583333333335,temperature
2020-04-21T00:00:00Z,SUGG,0.25,24.902916666666663,temperature
2020-04-21T00:00:00Z,SUGG,0.5,24.184791666666666,temperature
2020-04-21T00:00:00Z,SUGG,0.75,23.340416666666663,temperature
2020-04-21T00:00:00Z,SUGG,1,23.002083333333335,temperature
2020-04-22T00:00:00Z,SUGG,0,25.482708333333335,temperature
2020-04-22T00:00:00Z,SUGG,0.25,24.86541666666667,temperature
2020-04-22T00:00:00Z,SUGG,0.5,24.2675,temperature
2020-04-22T00:00:00Z,SUGG,0.75,23.572916666666668,temperature
2020-04-22T00:00:00Z,SUGG,1,23.297708333333333,temperature
2020-04-23T00:00:00Z,SUGG,0,25.723333333333333,temperature
2020-04-23T00:00:00Z,SUGG,0.25,25.482083333333332,temperature
2020-04-23T00:00:00Z,SUGG,0.5,25.104583333333338,temperature
2020-04-23T00:00:00Z,SUGG,0.75,24.509375,temperature
2020-04-23T00:00:00Z,SUGG,1,24.053541666666668,temperature
2020-04-24T00:00:00Z,SUGG,0,25.657083333333333,temperature
2020-04-24T00:00:00Z,SUGG,0.25,25.538958333333333,temperature
2020-04-24T00:00:00Z,SUGG,0.5,25.2975,temperature
2020-04-24T00:00:00Z,SUGG,0.75,25.02875,temperature
2020-04-24T00:00:00Z,SUGG,1,24.585416666666667,temperature
2020-04-25T00:00:00Z,SUGG,0,25.240833333333335,temperature
2020-04-25T00:00:00Z,SUGG,0.25,25.124375,temperature
2020-04-25T00:00:00Z,SUGG,0.5,25.000625,temperature
2020-04-25T00:00:00Z,SUGG,0.75,24.84375,temperature
2020-04-25T00:00:00Z,SUGG,1,24.688541666666666,temperature
2020-04-26T00:00:00Z,SUGG,0,26.027291666666667,temperature
2020-04-26T00:00:00Z,SUGG,0.25,25.344375,temperature
2020-04-26T00:00:00Z,SUGG,0.5,24.863333333333333,temperature
2020-04-26T00:00:00Z,SUGG,0.75,24.487708333333337,temperature
2020-04-26T00:00:00Z,SUGG,1,24.311875,temperature
2020-04-27T00:00:00Z,SUGG,0,25.496041666666667,temperature
2020-04-27T00:00:00Z,SUGG,0.25,25.217291666666668,temperature
2020-04-27T00:00:00Z,SUGG,0.5,24.941041666666667,temperature
2020-04-27T00:00:00Z,SUGG,0.75,24.687708333333333,temperature
2020-04-27T00:00:00Z,SUGG,1,24.563333333333333,temperature
2020-04-28T00:00:00Z,SUGG,0,24.982708333333335,temperature
2020-04-28T00:00:00Z,SUGG,0.25,24.814375,temperature
2020-04-28T00:00:00Z,SUGG,0.5,24.616875,temperature
2020-04-28T00:00:00Z,SUGG,0.75,24.472708333333333,temperature
2020-04-28T00:00:00Z,SUGG,1,24.380833333333335,temperature
2020-04-29T00:00:00Z,SUGG,0,25.285208333333333,temperature
2020-04-29T00:00:00Z,SUGG,0.25,25.026666666666667,temperature
2020-04-29T00:00:00Z,SUGG,0.5,24.652708333333333,temperature
2020-04-29T00:00:00Z,SUGG,0.75,24.445833333333333,temperature
2020-04-29T00:00:00Z,SUGG,1,24.372083333333332,temperature
2020-04-30T00:00:00Z,SUGG,0,25.774583333333332,temperature
2020-04-30T00:00:00Z,SUGG,0.25,25.49375,temperature
2020-04-30T00:00:00Z,SUGG,0.5,25.283333333333335,temperature
2020-04-30T00:00:00Z,SUGG,0.75,24.955,temperature
2020-04-30T00:00:00Z,SUGG,1,24.83,temperature
2020-05-01T00:00:00Z,SUGG,0,25.552916666666665,temperature
2020-05-01T00:00:00Z,SUGG,0.25,25.351041666666667,temperature
2020-05-01T00:00:00Z,SUGG,0.5,25.114583333333332,temperature
2020-05-01T00:00:00Z,SUGG,0.75,24.799166666666668,temperature
2020-05-01T00:00:00Z,SUGG,1,24.666875,temperature
2020-05-02T00:00:00Z,SUGG,0,24.908541666666668,temperature
2020-05-02T00:00:00Z,SUGG,0.25,24.871666666666663,temperature
2020-05-02T00:00:00Z,SUGG,0.5,24.793958333333332,temperature
2020-05-02T00:00:00Z,SUGG,0.75,24.541458333333335,temperature
2020-05-02T00:00:00Z,SUGG,1,24.42375,temperature
2020-05-03T00:00:00Z,SUGG,0,24.626041666666666,temperature
2020-05-03T00:00:00Z,SUGG,0.25,24.482291666666665,temperature
2020-05-03T00:00:00Z,SUGG,0.5,24.37125,temperature
2020-05-03T00:00:00Z,SUGG,0.75,24.244375,temperature
2020-05-03T00:00:00Z,SUGG,1,24.173958333333335,temperature
2020-05-04T00:00:00Z,SUGG,0,24.884166666666665,temperature
2020-05-04T00:00:00Z,SUGG,0.25,24.492708333333333,temperature
2020-05-04T00:00:00Z,SUGG,0.5,24.3375,temperature
2020-05-04T00:00:00Z,SUGG,0.75,24.203125,temperature
2020-05-04T00:00:00Z,SUGG,1,24.125208333333333,temperature
2020-05-05T00:00:00Z,SUGG,0,25.271875,temperature
2020-05-05T00:00:00Z,SUGG,0.25,24.630208333333332,temperature
2020-05-05T00:00:00Z,SUGG,0.5,24.384791666666665,temperature
2020-05-05T00:00:00Z,SUGG,0.75,24.177708333333335,temperature
2020-05-05T00:00:00Z,SUGG,1,24.072291666666665,temperature
2020-05-06T00:00:00Z,SUGG,0,26.139791666666667,temperature
2020-05-06T00:00:00Z,SUGG,0.25,25.053541666666668,temperature
2020-05-06T00:00:00Z,SUGG,0.5,24.519166666666667,temperature
2020-05-06T00:00:00Z,SUGG,0.75,24.166458333333335,temperature
2020-05-06T00:00:00Z,SUGG,1,24.030416666666667,temperature
2020-05-07T00:00:00Z,SUGG,0,25.888333333333332,temperature
2020-05-07T00:00:00Z,SUGG,0.25,25.135833333333338,temperature
2020-05-07T00:00:00Z,SUGG,0.5,24.81041666666667,temperature
2020-05-07T00:00:00Z,SUGG,0.75,24.521458333333335,temperature
2020-05-07T00:00:00Z,SUGG,1,24.340208333333333,temperature
2020-05-08T00:00:00Z,SUGG,0,25.0825,temperature
2020-05-08T00:00:00Z,SUGG,0.25,25.038125,temperature
2020-05-08T00:00:00Z,SUGG,0.5,24.792083333333338,temperature
2020-05-08T00:00:00Z,SUGG,0.75,24.472291666666667,temperature
2020-05-08T00:00:00Z,SUGG,1,24.341666666666665,temperature
2020-05-09T00:00:00Z,SUGG,0,24.803958333333338,temperature
2020-05-09T00:00:00Z,SUGG,0.25,24.668958333333332,temperature
2020-05-09T00:00:00Z,SUGG,0.5,24.440208333333334,temperature
2020-05-09T00:00:00Z,SUGG,0.75,24.224375,temperature
2020-05-09T00:00:00Z,SUGG,1,24.127708333333334,temperature
2020-05-10T00:00:00Z,SUGG,0,24.385833333333338,temperature
2020-05-10T00:00:00Z,SUGG,0.25,24.295833333333334,temperature
2020-05-10T00:00:00Z,SUGG,0.5,24.208958333333335,temperature
2020-05-10T00:00:00Z,SUGG,0.75,24.167083333333338,temperature
2020-05-10T00:00:00Z,SUGG,1,24.144583333333333,temperature
2020-05-11T00:00:00Z,SUGG,0,24.175208333333337,temperature
2020-05-11T00:00:00Z,SUGG,0.25,23.874375,temperature
2020-05-11T00:00:00Z,SUGG,0.5,23.70875,temperature
2020-05-11T00:00:00Z,SUGG,0.75,23.634375,temperature
2020-05-11T00:00:00Z,SUGG,1,23.635833333333338,temperature
2020-05-12T00:00:00Z,SUGG,0,24.41625,temperature
2020-05-12T00:00:00Z,SUGG,0.25,24.013958333333335,temperature
2020-05-12T00:00:00Z,SUGG,0.5,23.69,temperature
2020-05-12T00:00:00Z,SUGG,0.75,23.501666666666665,temperature
2020-05-12T00:00:00Z,SUGG,1,23.48625,temperature
2020-05-13T00:00:00Z,SUGG,0,24.959583333333335,temperature
2020-05-13T00:00:00Z,SUGG,0.25,24.462291666666665,temperature
2020-05-13T00:00:00Z,SUGG,0.5,24.041666666666668,temperature
2020-05-13T00:00:00Z,SUGG,0.75,23.79104166666667,temperature
2020-05-13T00:00:00Z,SUGG,1,23.710833333333333,temperature
2020-05-14T00:00:00Z,SUGG,0,25.20125,temperature
2020-05-14T00:00:00Z,SUGG,0.25,25.097708333333333,temperature
2020-05-14T00:00:00Z,SUGG,0.5,24.768125,temperature
2020-05-14T00:00:00Z,SUGG,0.75,24.35875,temperature
2020-05-14T00:00:00Z,SUGG,1,24.17791666666667,temperature
2020-05-15T00:00:00Z,SUGG,0,25.412708333333335,temperature
2020-05-15T00:00:00Z,SUGG,0.25,25.159791666666667,temperature
2020-05-15T00:00:00Z,SUGG,0.5,24.952083333333334,temperature
2020-05-15T00:00:00Z,SUGG,0.75,24.74395833333333,temperature
2020-05-15T00:00:00Z,SUGG,1,24.616875,temperature
2020-05-16T00:00:00Z,SUGG,0,25.796458333333337,temperature
2020-05-16T00:00:00Z,SUGG,0.25,25.501041666666666,temperature
2020-05-16T00:00:00Z,SUGG,0.5,25.238125,temperature
2020-05-16T00:00:00Z,SUGG,0.75,24.827916666666667,temperature
2020-05-16T00:00:00Z,SUGG,1,24.660833333333333,temperature
2020-05-17T00:00:00Z,SUGG,0,26.164791666666662,temperature
2020-05-17T00:00:00Z,SUGG,0.25,26.04,temperature
2020-05-17T00:00:00Z,SUGG,0.5,25.597708333333333,temperature
2020-05-17T00:00:00Z,SUGG,0.75,25.144583333333333,temperature
2020-05-17T00:00:00Z,SUGG,1,24.8175,temperature
2020-05-18T00:00:00Z,SUGG,0,26.534791666666667,temperature
2020-05-18T00:00:00Z,SUGG,0.25,26.247916666666665,temperature
2020-05-18T00:00:00Z,SUGG,0.5,25.970208333333332,temperature
2020-05-18T00:00:00Z,SUGG,0.75,25.57625,temperature
2020-05-18T00:00:00Z,SUGG,1,25.091666666666665,temperature
2020-05-19T00:00:00Z,SUGG,0,26.911875,temperature
2020-05-19T00:00:00Z,SUGG,0.25,26.486666666666668,temperature
2020-05-19T00:00:00Z,SUGG,0.5,26.144791666666663,temperature
2020-05-19T00:00:00Z,SUGG,0.75,25.718541666666667,temperature
2020-05-19T00:00:00Z,SUGG,1,25.2025,temperature
2020-05-20T00:00:00Z,SUGG,0,27.238958333333333,temperature
2020-05-20T00:00:00Z,SUGG,0.25,26.613125,temperature
2020-05-20T00:00:00Z,SUGG,0.5,26.223541666666662,temperature
2020-05-20T00:00:00Z,SUGG,0.75,25.741458333333338,temperature
2020-05-20T00:00:00Z,SUGG,1,25.171041666666667,temperature
2020-05-21T00:00:00Z,SUGG,0,27.15875,temperature
2020-05-21T00:00:00Z,SUGG,0.25,26.68625,temperature
2020-05-21T00:00:00Z,SUGG,0.5,26.181875,temperature
2020-05-21T00:00:00Z,SUGG,0.75,25.746875,temperature
2020-05-21T00:00:00Z,SUGG,1,25.37,temperature
2020-05-22T00:00:00Z,SUGG,0,27.24395833333333,temperature
2020-05-22T00:00:00Z,SUGG,0.25,26.675625,temperature
2020-05-22T00:00:00Z,SUGG,0.5,26.174375,temperature
2020-05-22T00:00:00Z,SUGG,0.75,25.809583333333332,temperature
2020-05-22T00:00:00Z,SUGG,1,25.538125,temperature
2020-05-23T00:00:00Z,SUGG,0,27.993333333333332,temperature
2020-05-23T00:00:00Z,SUGG,0.25,26.942916666666665,temperature
2020-05-23T00:00:00Z,SUGG,0.5,26.351458333333333,temperature
2020-05-23T00:00:00Z,SUGG,0.75,26.070416666666667,temperature
2020-05-23T00:00:00Z,SUGG,1,25.773541666666667,temperature
2020-05-24T00:00:00Z,SUGG,0,27.95875,temperature
2020-05-24T00:00:00Z,SUGG,0.25,27.166875,temperature
2020-05-24T00:00:00Z,SUGG,0.5,26.577708333333337,temperature
2020-05-24T00:00:00Z,SUGG,0.75,26.166041666666665,temperature
2020-05-24T00:00:00Z,SUGG,1,25.929375,temperature
2020-05-25T00:00:00Z,SUGG,0,28.356666666666666,temperature
2020-05-25T00:00:00Z,SUGG,0.25,27.536458333333332,temperature
2020-05-25T00:00:00Z,SUGG,0.5,26.682291666666668,temperature
2020-05-25T00:00:00Z,SUGG,0.75,26.144375,temperature
2020-05-25T00:00:00Z,SUGG,1,25.933541666666667,temperature
2020-05-26T00:00:00Z,SUGG,0,27.288541666666667,temperature
2020-05-26T00:00:00Z,SUGG,0.25,27.179375,temperature
2020-05-26T00:00:00Z,SUGG,0.5,27.053541666666668,temperature
2020-05-26T00:00:00Z,SUGG,0.75,26.640416666666667,temperature
2020-05-26T00:00:00Z,SUGG,1,26.346666666666668,temperature
2020-05-27T00:00:00Z,SUGG,0,27.431875,temperature
2020-05-27T00:00:00Z,SUGG,0.25,27.25875,temperature
2020-05-27T00:00:00Z,SUGG,0.5,27.007083333333338,temperature
2020-05-27T00:00:00Z,SUGG,0.75,26.808125,temperature
2020-05-27T00:00:00Z,SUGG,1,26.49041666666667,temperature
2020-05-28T00:00:00Z,SUGG,0,27.640833333333333,temperature
2020-05-28T00:00:00Z,SUGG,0.25,27.225833333333338,temperature
2020-05-28T00:00:00Z,SUGG,0.5,26.998125,temperature
2020-05-28T00:00:00Z,SUGG,0.75,26.745833333333337,temperature
2020-05-28T00:00:00Z,SUGG,1,26.460625,temperature
2020-05-29T00:00:00Z,SUGG,0,27.460833333333333,temperature
2020-05-29T00:00:00Z,SUGG,0.25,27.328958333333333,temperature
2020-05-29T00:00:00Z,SUGG,0.5,27.167708333333337,temperature
2020-05-29T00:00:00Z,SUGG,0.75,26.918125,temperature
2020-05-29T00:00:00Z,SUGG,1,26.615625,temperature
2020-05-30T00:00:00Z,SUGG,0,27.57375,temperature
2020-05-30T00:00:00Z,SUGG,0.25,27.373333333333335,temperature
2020-05-30T00:00:00Z,SUGG,0.5,27.051666666666662,temperature
2020-05-30T00:00:00Z,SUGG,0.75,26.828125,temperature
2020-05-30T00:00:00Z,SUGG,1,26.659791666666667,temperature
2020-05-31T00:00:00Z,SUGG,0,27.790208333333332,temperature
2020-05-31T00:00:00Z,SUGG,0.25,27.365,temperature
2020-05-31T00:00:00Z,SUGG,0.5,27.0325,temperature
2020-05-31T00:00:00Z,SUGG,0.75,26.789583333333333,temperature
2020-05-31T00:00:00Z,SUGG,1,26.585833333333333,temperature
2020-06-01T00:00:00Z,SUGG,0,27.998936170212765,temperature
2020-06-01T00:00:00Z,SUGG,0.25,27.34625,temperature
2020-06-01T00:00:00Z,SUGG,0.5,27.003333333333337,temperature
2020-06-01T00:00:00Z,SUGG,0.75,26.758333333333333,temperature
2020-06-01T00:00:00Z,SUGG,1,26.613333333333333,temperature
2020-06-02T00:00:00Z,SUGG,0,28.679166666666667,temperature
2020-06-02T00:00:00Z,SUGG,0.25,28.052083333333332,temperature
2020-06-02T00:00:00Z,SUGG,0.5,27.4175,temperature
2020-06-02T00:00:00Z,SUGG,0.75,26.9325,temperature
2020-06-02T00:00:00Z,SUGG,1,26.703125,temperature
2020-06-03T00:00:00Z,SUGG,0,28.216458333333332,temperature
2020-06-03T00:00:00Z,SUGG,0.25,28.096666666666668,temperature
2020-06-03T00:00:00Z,SUGG,0.5,27.980208333333337,temperature
2020-06-03T00:00:00Z,SUGG,0.75,27.60625,temperature
2020-06-03T00:00:00Z,SUGG,1,27.108125,temperature
2020-06-04T00:00:00Z,SUGG,0,27.813958333333332,temperature
2020-06-04T00:00:00Z,SUGG,0.25,27.67875,temperature
2020-06-04T00:00:00Z,SUGG,0.5,27.620833333333337,temperature
2020-06-04T00:00:00Z,SUGG,0.75,27.493541666666665,temperature
2020-06-04T00:00:00Z,SUGG,1,27.278333333333332,temperature
2020-06-05T00:00:00Z,SUGG,0,27.43875,temperature
2020-06-05T00:00:00Z,SUGG,0.25,27.374583333333337,temperature
2020-06-05T00:00:00Z,SUGG,0.5,27.327708333333337,temperature
2020-06-05T00:00:00Z,SUGG,0.75,27.239375,temperature
2020-06-05T00:00:00Z,SUGG,1,27.05666666666667,temperature
2020-06-06T00:00:00Z,SUGG,0,27.3325,temperature
2020-06-06T00:00:00Z,SUGG,0.25,27.250625,temperature
2020-06-06T00:00:00Z,SUGG,0.5,27.186875,temperature
2020-06-06T00:00:00Z,SUGG,0.75,27.097291666666667,temperature
2020-06-06T00:00:00Z,SUGG,1,26.958541666666665,temperature
2020-06-07T00:00:00Z,SUGG,0,26.700416666666666,temperature
2020-06-07T00:00:00Z,SUGG,0.25,26.683541666666667,temperature
2020-06-07T00:00:00Z,SUGG,0.5,26.672083333333333,temperature
2020-06-07T00:00:00Z,SUGG,0.75,26.662708333333335,temperature
2020-06-07T00:00:00Z,SUGG,1,26.653958333333332,temperature
2020-06-08T00:00:00Z,SUGG,0,26.59958333333333,temperature
2020-06-08T00:00:00Z,SUGG,0.25,26.497708333333332,temperature
2020-06-08T00:00:00Z,SUGG,0.5,26.43875,temperature
2020-06-08T00:00:00Z,SUGG,0.75,26.40875,temperature
2020-06-08T00:00:00Z,SUGG,1,26.403541666666666,temperature
2020-06-09T00:00:00Z,SUGG,0,26.744583333333335,temperature
2020-06-09T00:00:00Z,SUGG,0.25,26.465208333333333,temperature
2020-06-09T00:00:00Z,SUGG,0.5,26.371666666666663,temperature
2020-06-09T00:00:00Z,SUGG,0.75,26.293958333333332,temperature
2020-06-09T00:00:00Z,SUGG,1,26.258125,temperature
2020-06-10T00:00:00Z,SUGG,0,26.861458333333335,temperature
2020-06-10T00:00:00Z,SUGG,0.25,26.496875,temperature
2020-06-10T00:00:00Z,SUGG,0.5,26.348958333333332,temperature
2020-06-10T00:00:00Z,SUGG,0.75,26.22833333333333,temperature
2020-06-10T00:00:00Z,SUGG,1,26.157291666666666,temperature
2020-06-11T00:00:00Z,SUGG,0,27.047708333333333,temperature
2020-06-11T00:00:00Z,SUGG,0.25,26.595416666666665,temperature
2020-06-11T00:00:00Z,SUGG,0.5,26.371875,temperature
2020-06-11T00:00:00Z,SUGG,0.75,26.21,temperature
2020-06-11T00:00:00Z,SUGG,1,26.12375,temperature
2020-06-12T00:00:00Z,SUGG,0,27.11375,temperature
2020-06-12T00:00:00Z,SUGG,0.25,26.612083333333334,temperature
2020-06-12T00:00:00Z,SUGG,0.5,26.363333333333333,temperature
2020-06-12T00:00:00Z,SUGG,0.75,26.184166666666663,temperature
2020-06-12T00:00:00Z,SUGG,1,26.104791666666667,temperature
2020-06-13T00:00:00Z,SUGG,0,27.730208333333337,temperature
2020-06-13T00:00:00Z,SUGG,0.25,26.99020833333333,temperature
2020-06-13T00:00:00Z,SUGG,0.5,26.526666666666667,temperature
2020-06-13T00:00:00Z,SUGG,0.75,26.20625,temperature
2020-06-13T00:00:00Z,SUGG,1,26.124583333333337,temperature
2020-06-14T00:00:00Z,SUGG,0,27.904791666666668,temperature
2020-06-14T00:00:00Z,SUGG,0.25,27.24625,temperature
2020-06-14T00:00:00Z,SUGG,0.5,26.67791666666667,temperature
2020-06-14T00:00:00Z,SUGG,0.75,26.296458333333337,temperature
2020-06-14T00:00:00Z,SUGG,1,26.1375,temperature
2020-06-15T00:00:00Z,SUGG,0,28.371,temperature
2020-06-15T00:00:00Z,SUGG,0.25,27.52325,temperature
2020-06-15T00:00:00Z,SUGG,0.5,26.94075,temperature
2020-06-15T00:00:00Z,SUGG,0.75,26.423,temperature
2020-06-15T00:00:00Z,SUGG,1,26.14025,temperature
2020-06-16T00:00:00Z,SUGG,0,28.0875,temperature
2020-06-16T00:00:00Z,SUGG,0.25,27.856458333333332,temperature
2020-06-16T00:00:00Z,SUGG,0.5,27.324583333333333,temperature
2020-06-16T00:00:00Z,SUGG,0.75,26.733333333333334,temperature
2020-06-16T00:00:00Z,SUGG,1,26.289791666666662,temperature
2020-06-17T00:00:00Z,SUGG,0,27.953333333333333,temperature
2020-06-17T00:00:00Z,SUGG,0.25,27.65020833333333,temperature
2020-06-17T00:00:00Z,SUGG,0.5,27.29625,temperature
2020-06-17T00:00:00Z,SUGG,0.75,26.877291666666668,temperature
2020-06-17T00:00:00Z,SUGG,1,26.470416666666665,temperature
2020-06-18T00:00:00Z,SUGG,0,27.849791666666665,temperature
2020-06-18T00:00:00Z,SUGG,0.25,27.566041666666667,temperature
2020-06-18T00:00:00Z,SUGG,0.5,27.198541666666667,temperature
2020-06-18T00:00:00Z,SUGG,0.75,26.820416666666667,temperature
2020-06-18T00:00:00Z,SUGG,1,26.520833333333332,temperature
2020-06-19T00:00:00Z,SUGG,0,27.760833333333338,temperature
2020-06-19T00:00:00Z,SUGG,0.25,27.49395833333333,temperature
2020-06-19T00:00:00Z,SUGG,0.5,27.182291666666668,temperature
2020-06-19T00:00:00Z,SUGG,0.75,26.825208333333332,temperature
2020-06-19T00:00:00Z,SUGG,1,26.485,temperature
2020-06-20T00:00:00Z,SUGG,0,28.2275,temperature
2020-06-20T00:00:00Z,SUGG,0.25,27.794166666666666,temperature
2020-06-20T00:00:00Z,SUGG,0.5,27.347291666666667,temperature
2020-06-20T00:00:00Z,SUGG,0.75,27.006875,temperature
2020-06-20T00:00:00Z,SUGG,1,26.69729166666667,temperature
2020-06-21T00:00:00Z,SUGG,0,28.215416666666663,temperature
2020-06-21T00:00:00Z,SUGG,0.25,27.744791666666668,temperature
2020-06-21T00:00:00Z,SUGG,0.5,27.339583333333337,temperature
2020-06-21T00:00:00Z,SUGG,0.75,26.950416666666666,temperature
2020-06-21T00:00:00Z,SUGG,1,26.650416666666665,temperature
2020-06-22T00:00:00Z,SUGG,0,28.220208333333332,temperature
2020-06-22T00:00:00Z,SUGG,0.25,27.731458333333332,temperature
2020-06-22T00:00:00Z,SUGG,0.5,27.314791666666668,temperature
2020-06-22T00:00:00Z,SUGG,0.75,26.929791666666667,temperature
2020-06-22T00:00:00Z,SUGG,1,26.559375,temperature
2020-06-23T00:00:00Z,SUGG,0,28.799375,temperature
2020-06-23T00:00:00Z,SUGG,0.25,27.839791666666667,temperature
2020-06-23T00:00:00Z,SUGG,0.5,27.348541666666662,temperature
2020-06-23T00:00:00Z,SUGG,0.75,26.896458333333335,temperature
2020-06-23T00:00:00Z,SUGG,1,26.535,temperature
2020-06-24T00:00:00Z,SUGG,0,29.306041666666665,temperature
2020-06-24T00:00:00Z,SUGG,0.25,28.1325,temperature
2020-06-24T00:00:00Z,SUGG,0.5,27.455416666666668,temperature
2020-06-24T00:00:00Z,SUGG,0.75,26.94333333333333,temperature
2020-06-24T00:00:00Z,SUGG,1,26.586041666666667,temperature
2020-06-25T00:00:00Z,SUGG,0,29.256666666666668,temperature
2020-06-25T00:00:00Z,SUGG,0.25,28.423541666666665,temperature
2020-06-25T00:00:00Z,SUGG,0.5,27.692916666666665,temperature
2020-06-25T00:00:00Z,SUGG,0.75,27.06458333333333,temperature
2020-06-25T00:00:00Z,SUGG,1,26.595208333333332,temperature
2020-06-26T00:00:00Z,SUGG,0,29.368333333333332,temperature
2020-06-26T00:00:00Z,SUGG,0.25,28.475833333333338,temperature
2020-06-26T00:00:00Z,SUGG,0.5,27.675625,temperature
2020-06-26T00:00:00Z,SUGG,0.75,27.003333333333337,temperature
2020-06-26T00:00:00Z,SUGG,1,26.626458333333332,temperature
2020-06-27T00:00:00Z,SUGG,0,29.4175,temperature
2020-06-27T00:00:00Z,SUGG,0.25,28.501041666666666,temperature
2020-06-27T00:00:00Z,SUGG,0.5,27.7025,temperature
2020-06-27T00:00:00Z,SUGG,0.75,27.076666666666668,temperature
2020-06-27T00:00:00Z,SUGG,1,26.64645833333333,temperature
2020-06-28T00:00:00Z,SUGG,0,29.693958333333335,temperature
2020-06-28T00:00:00Z,SUGG,0.25,28.544375,temperature
2020-06-28T00:00:00Z,SUGG,0.5,27.765833333333333,temperature
2020-06-28T00:00:00Z,SUGG,0.75,27.107083333333335,temperature
2020-06-28T00:00:00Z,SUGG,1,26.700833333333332,temperature
2020-06-29T00:00:00Z,SUGG,0,29.551875,temperature
2020-06-29T00:00:00Z,SUGG,0.25,28.617083333333333,temperature
2020-06-29T00:00:00Z,SUGG,0.5,27.770416666666662,temperature
2020-06-29T00:00:00Z,SUGG,0.75,27.12625,temperature
2020-06-29T00:00:00Z,SUGG,1,26.633333333333333,temperature
2020-06-30T00:00:00Z,SUGG,0,29.81625,temperature
2020-06-30T00:00:00Z,SUGG,0.25,28.73625,temperature
2020-06-30T00:00:00Z,SUGG,0.5,27.90375,temperature
2020-06-30T00:00:00Z,SUGG,0.75,27.20916666666667,temperature
2020-06-30T00:00:00Z,SUGG,1,26.703125,temperature
2020-07-01T00:00:00Z,SUGG,0,30.358541666666667,temperature
2020-07-01T00:00:00Z,SUGG,0.25,28.815625,temperature
2020-07-01T00:00:00Z,SUGG,0.5,27.909583333333337,temperature
2020-07-01T00:00:00Z,SUGG,0.75,27.205625,temperature
2020-07-01T00:00:00Z,SUGG,1,26.782916666666665,temperature
2020-07-02T00:00:00Z,SUGG,0,30.410833333333333,temperature
2020-07-02T00:00:00Z,SUGG,0.25,29.32125,temperature
2020-07-02T00:00:00Z,SUGG,0.5,28.108541666666667,temperature
2020-07-02T00:00:00Z,SUGG,0.75,27.31375,temperature
2020-07-02T00:00:00Z,SUGG,1,26.871041666666667,temperature
2020-07-03T00:00:00Z,SUGG,0,30.028125,temperature
2020-07-03T00:00:00Z,SUGG,0.25,29.38854166666667,temperature
2020-07-03T00:00:00Z,SUGG,0.5,28.4975,temperature
2020-07-03T00:00:00Z,SUGG,0.75,27.532916666666665,temperature
2020-07-03T00:00:00Z,SUGG,1,26.981458333333332,temperature
2020-07-04T00:00:00Z,SUGG,0,29.65625,temperature
2020-07-04T00:00:00Z,SUGG,0.25,29.38479166666667,temperature
2020-07-04T00:00:00Z,SUGG,0.5,28.641458333333333,temperature
2020-07-04T00:00:00Z,SUGG,0.75,27.790625,temperature
2020-07-04T00:00:00Z,SUGG,1,27.197708333333335,temperature
2020-07-05T00:00:00Z,SUGG,0,29.268333333333334,temperature
2020-07-05T00:00:00Z,SUGG,0.25,29.119375,temperature
2020-07-05T00:00:00Z,SUGG,0.5,28.727708333333332,temperature
2020-07-05T00:00:00Z,SUGG,0.75,27.964583333333337,temperature
2020-07-05T00:00:00Z,SUGG,1,27.225416666666668,temperature
2020-07-06T00:00:00Z,SUGG,0,28.867083333333333,temperature
2020-07-06T00:00:00Z,SUGG,0.25,28.76625,temperature
2020-07-06T00:00:00Z,SUGG,0.5,28.639166666666668,temperature
2020-07-06T00:00:00Z,SUGG,0.75,28.195625,temperature
2020-07-06T00:00:00Z,SUGG,1,27.469583333333333,temperature
2020-07-07T00:00:00Z,SUGG,0,28.733958333333337,temperature
2020-07-07T00:00:00Z,SUGG,0.25,28.551666666666662,temperature
2020-07-07T00:00:00Z,SUGG,0.5,28.374791666666667,temperature
2020-07-07T00:00:00Z,SUGG,0.75,28.109375,temperature
2020-07-07T00:00:00Z,SUGG,1,27.477916666666665,temperature
2020-07-08T00:00:00Z,SUGG,0,28.995,temperature
2020-07-08T00:00:00Z,SUGG,0.25,28.483125,temperature
2020-07-08T00:00:00Z,SUGG,0.5,28.279791666666668,temperature
2020-07-08T00:00:00Z,SUGG,0.75,28.025833333333335,temperature
2020-07-08T00:00:00Z,SUGG,1,27.571666666666665,temperature
2020-07-09T00:00:00Z,SUGG,0,29.08770833333333,temperature
2020-07-09T00:00:00Z,SUGG,0.25,28.56041666666667,temperature
2020-07-09T00:00:00Z,SUGG,0.5,28.276458333333338,temperature
2020-07-09T00:00:00Z,SUGG,0.75,27.945,temperature
2020-07-09T00:00:00Z,SUGG,1,27.546875,temperature
2020-07-10T00:00:00Z,SUGG,0,29.219166666666663,temperature
2020-07-10T00:00:00Z,SUGG,0.25,28.71125,temperature
2020-07-10T00:00:00Z,SUGG,0.5,28.327083333333334,temperature
2020-07-10T00:00:00Z,SUGG,0.75,27.895208333333333,temperature
2020-07-10T00:00:00Z,SUGG,1,27.491875,temperature
2020-09-07T00:00:00Z,SUGG,0,29.803103448275863,temperature
2020-09-07T00:00:00Z,SUGG,0.25,29.49448275862069,temperature
2020-09-07T00:00:00Z,SUGG,0.5,29.160689655172412,temperature
2020-09-07T00:00:00Z,SUGG,0.75,28.70551724137931,temperature
2020-09-07T00:00:00Z,SUGG,1,28.430344827586207,temperature
2020-09-08T00:00:00Z,SUGG,0,29.473958333333332,temperature
2020-09-08T00:00:00Z,SUGG,0.25,29.34375,temperature
2020-09-08T00:00:00Z,SUGG,0.5,29.174166666666668,temperature
2020-09-08T00:00:00Z,SUGG,0.75,28.771041666666665,temperature
2020-09-08T00:00:00Z,SUGG,1,28.5025,temperature
2020-09-09T00:00:00Z,SUGG,0,29.217916666666667,temperature
2020-09-09T00:00:00Z,SUGG,0.25,29.128541666666667,temperature
2020-09-09T00:00:00Z,SUGG,0.5,29.003958333333333,temperature
2020-09-09T00:00:00Z,SUGG,0.75,28.829166666666666,temperature
2020-09-09T00:00:00Z,SUGG,1,28.575833333333332,temperature
2020-09-10T00:00:00Z,SUGG,0,29.201282051282053,temperature
2020-09-10T00:00:00Z,SUGG,0.25,29.034102564102565,temperature
2020-09-10T00:00:00Z,SUGG,0.5,28.906153846153845,temperature
2020-09-10T00:00:00Z,SUGG,0.75,28.762307692307697,temperature
2020-09-10T00:00:00Z,SUGG,1,28.60923076923077,temperature
2020-09-11T00:00:00Z,SUGG,0,29.272083333333335,temperature
2020-09-11T00:00:00Z,SUGG,0.25,29.080625,temperature
2020-09-11T00:00:00Z,SUGG,0.5,28.896666666666665,temperature
2020-09-11T00:00:00Z,SUGG,0.75,28.707291666666663,temperature
2020-09-11T00:00:00Z,SUGG,1,28.60354166666667,temperature
2020-09-12T00:00:00Z,SUGG,0,29.335,temperature
2020-09-12T00:00:00Z,SUGG,0.25,29.219166666666663,temperature
2020-09-12T00:00:00Z,SUGG,0.5,29.073958333333337,temperature
2020-09-12T00:00:00Z,SUGG,0.75,28.840625,temperature
2020-09-12T00:00:00Z,SUGG,1,28.675416666666667,temperature
2020-09-13T00:00:00Z,SUGG,0,29.144375,temperature
2020-09-13T00:00:00Z,SUGG,0.25,29.0575,temperature
2020-09-13T00:00:00Z,SUGG,0.5,28.960833333333333,temperature
2020-09-13T00:00:00Z,SUGG,0.75,28.876875,temperature
2020-09-13T00:00:00Z,SUGG,1,28.823333333333338,temperature
2020-09-14T00:00:00Z,SUGG,0,29.191041666666667,temperature
2020-09-14T00:00:00Z,SUGG,0.25,29.107708333333335,temperature
2020-09-14T00:00:00Z,SUGG,0.5,28.996458333333333,temperature
2020-09-14T00:00:00Z,SUGG,0.75,28.869375,temperature
2020-09-14T00:00:00Z,SUGG,1,28.753541666666667,temperature
2020-09-15T00:00:00Z,SUGG,0,29.21125,temperature
2020-09-15T00:00:00Z,SUGG,0.25,29.036666666666665,temperature
2020-09-15T00:00:00Z,SUGG,0.5,28.920208333333335,temperature
2020-09-15T00:00:00Z,SUGG,0.75,28.816041666666667,temperature
2020-09-15T00:00:00Z,SUGG,1,28.70916666666667,temperature
2020-09-16T00:00:00Z,SUGG,0,29.124166666666667,temperature
2020-09-16T00:00:00Z,SUGG,0.25,29.025625,temperature
2020-09-16T00:00:00Z,SUGG,0.5,28.921458333333337,temperature
2020-09-16T00:00:00Z,SUGG,0.75,28.802083333333332,temperature
2020-09-16T00:00:00Z,SUGG,1,28.72875,temperature
2020-09-17T00:00:00Z,SUGG,0,28.865625,temperature
2020-09-17T00:00:00Z,SUGG,0.25,28.822708333333335,temperature
2020-09-17T00:00:00Z,SUGG,0.5,28.7975,temperature
2020-09-17T00:00:00Z,SUGG,0.75,28.776041666666668,temperature
2020-09-17T00:00:00Z,SUGG,1,28.756666666666668,temperature
2020-09-18T00:00:00Z,SUGG,0,28.802291666666665,temperature
2020-09-18T00:00:00Z,SUGG,0.25,28.663125,temperature
2020-09-18T00:00:00Z,SUGG,0.5,28.614583333333332,temperature
2020-09-18T00:00:00Z,SUGG,0.75,28.557916666666667,temperature
2020-09-18T00:00:00Z,SUGG,1,28.534583333333337,temperature
2020-09-19T00:00:00Z,SUGG,0,28.437291666666667,temperature
2020-09-19T00:00:00Z,SUGG,0.25,28.394583333333333,temperature
2020-09-19T00:00:00Z,SUGG,0.5,28.355208333333337,temperature
2020-09-19T00:00:00Z,SUGG,0.75,28.309166666666663,temperature
2020-09-19T00:00:00Z,SUGG,1,28.27125,temperature
2020-09-20T00:00:00Z,SUGG,0,27.192291666666662,temperature
2020-09-20T00:00:00Z,SUGG,0.25,27.191875,temperature
2020-09-20T00:00:00Z,SUGG,0.5,27.190833333333337,temperature
2020-09-20T00:00:00Z,SUGG,0.75,27.188958333333332,temperature
2020-09-20T00:00:00Z,SUGG,1,27.189166666666665,temperature
2020-09-21T00:00:00Z,SUGG,0,26.183958333333333,temperature
2020-09-21T00:00:00Z,SUGG,0.25,26.176041666666663,temperature
2020-09-21T00:00:00Z,SUGG,0.5,26.168125,temperature
2020-09-21T00:00:00Z,SUGG,0.75,26.15625,temperature
2020-09-21T00:00:00Z,SUGG,1,26.146041666666665,temperature
2020-09-22T00:00:00Z,SUGG,0,25.845625,temperature
2020-09-22T00:00:00Z,SUGG,0.25,25.821666666666665,temperature
2020-09-22T00:00:00Z,SUGG,0.5,25.740208333333335,temperature
2020-09-22T00:00:00Z,SUGG,0.75,25.649583333333332,temperature
2020-09-22T00:00:00Z,SUGG,1,25.618541666666665,temperature
2020-09-23T00:00:00Z,SUGG,0,25.523125,temperature
2020-09-23T00:00:00Z,SUGG,0.25,25.482291666666665,temperature
2020-09-23T00:00:00Z,SUGG,0.5,25.46,temperature
2020-09-23T00:00:00Z,SUGG,0.75,25.444791666666667,temperature
2020-09-23T00:00:00Z,SUGG,1,25.430833333333332,temperature
2020-09-24T00:00:00Z,SUGG,0,25.858958333333337,temperature
2020-09-24T00:00:00Z,SUGG,0.25,25.542916666666667,temperature
2020-09-24T00:00:00Z,SUGG,0.5,25.3975,temperature
2020-09-24T00:00:00Z,SUGG,0.75,25.365208333333335,temperature
2020-09-24T00:00:00Z,SUGG,1,25.360833333333332,temperature
2020-09-25T00:00:00Z,SUGG,0,26.281666666666663,temperature
2020-09-25T00:00:00Z,SUGG,0.25,25.733125,temperature
2020-09-25T00:00:00Z,SUGG,0.5,25.542708333333337,temperature
2020-09-25T00:00:00Z,SUGG,0.75,25.4825,temperature
2020-09-25T00:00:00Z,SUGG,1,25.48125,temperature
2020-09-26T00:00:00Z,SUGG,0,26.247291666666666,temperature
2020-09-26T00:00:00Z,SUGG,0.25,25.830833333333334,temperature
2020-09-26T00:00:00Z,SUGG,0.5,25.63375,temperature
2020-09-26T00:00:00Z,SUGG,0.75,25.558333333333337,temperature
2020-09-26T00:00:00Z,SUGG,1,25.55625,temperature
2020-09-27T00:00:00Z,SUGG,0,26.344583333333333,temperature
2020-09-27T00:00:00Z,SUGG,0.25,25.937708333333333,temperature
2020-09-27T00:00:00Z,SUGG,0.5,25.736458333333335,temperature
2020-09-27T00:00:00Z,SUGG,0.75,25.629791666666662,temperature
2020-09-27T00:00:00Z,SUGG,1,25.62,temperature
2020-09-28T00:00:00Z,SUGG,0,26.66875,temperature
2020-09-28T00:00:00Z,SUGG,0.25,26.039375,temperature
2020-09-28T00:00:00Z,SUGG,0.5,25.825416666666666,temperature
2020-09-28T00:00:00Z,SUGG,0.75,25.704375,temperature
2020-09-28T00:00:00Z,SUGG,1,25.681875,temperature
2020-09-29T00:00:00Z,SUGG,0,27.075,temperature
2020-09-29T00:00:00Z,SUGG,0.25,26.243333333333332,temperature
2020-09-29T00:00:00Z,SUGG,0.5,25.906458333333333,temperature
2020-09-29T00:00:00Z,SUGG,0.75,25.759166666666665,temperature
2020-09-29T00:00:00Z,SUGG,1,25.734166666666667,temperature
2020-09-30T00:00:00Z,SUGG,0,26.264791666666667,temperature
2020-09-30T00:00:00Z,SUGG,0.25,26.13625,temperature
2020-09-30T00:00:00Z,SUGG,0.5,25.914583333333333,temperature
2020-09-30T00:00:00Z,SUGG,0.75,25.802291666666665,temperature
2020-09-30T00:00:00Z,SUGG,1,25.759583333333335,temperature
2020-10-01T00:00:00Z,SUGG,0,25.583541666666665,temperature
2020-10-01T00:00:00Z,SUGG,0.25,25.489583333333332,temperature
2020-10-01T00:00:00Z,SUGG,0.5,25.405833333333337,temperature
2020-10-01T00:00:00Z,SUGG,0.75,25.366041666666668,temperature
2020-10-01T00:00:00Z,SUGG,1,25.361041666666665,temperature
2020-10-02T00:00:00Z,SUGG,0,25.242083333333333,temperature
2020-10-02T00:00:00Z,SUGG,0.25,25.133541666666662,temperature
2020-10-02T00:00:00Z,SUGG,0.5,25.086041666666667,temperature
2020-10-02T00:00:00Z,SUGG,0.75,25.061875,temperature
2020-10-02T00:00:00Z,SUGG,1,25.059166666666663,temperature
2020-10-03T00:00:00Z,SUGG,0,24.793125,temperature
2020-10-03T00:00:00Z,SUGG,0.25,24.764375,temperature
2020-10-03T00:00:00Z,SUGG,0.5,24.729583333333338,temperature
2020-10-03T00:00:00Z,SUGG,0.75,24.695833333333333,temperature
2020-10-03T00:00:00Z,SUGG,1,24.684791666666666,temperature
2020-10-04T00:00:00Z,SUGG,0,24.140833333333333,temperature
2020-10-04T00:00:00Z,SUGG,0.25,24.13625,temperature
2020-10-04T00:00:00Z,SUGG,0.5,24.127708333333334,temperature
2020-10-04T00:00:00Z,SUGG,0.75,24.118125,temperature
2020-10-04T00:00:00Z,SUGG,1,24.112083333333334,temperature
2020-10-05T00:00:00Z,SUGG,0,23.624583333333337,temperature
2020-10-05T00:00:00Z,SUGG,0.25,23.616875,temperature
2020-10-05T00:00:00Z,SUGG,0.5,23.60875,temperature
2020-10-05T00:00:00Z,SUGG,0.75,23.597916666666663,temperature
2020-10-05T00:00:00Z,SUGG,1,23.5875,temperature
2020-10-06T00:00:00Z,SUGG,0,23.6125,temperature
2020-10-06T00:00:00Z,SUGG,0.25,23.561875,temperature
2020-10-06T00:00:00Z,SUGG,0.5,23.55645833333333,temperature
2020-10-06T00:00:00Z,SUGG,0.75,23.554375,temperature
2020-10-06T00:00:00Z,SUGG,1,23.554375,temperature
2020-10-07T00:00:00Z,SUGG,0,23.907073170731707,temperature
2020-10-07T00:00:00Z,SUGG,0.25,23.728536585365855,temperature
2020-10-07T00:00:00Z,SUGG,0.5,23.668048780487805,temperature
2020-10-07T00:00:00Z,SUGG,0.75,23.653658536585365,temperature
2020-10-07T00:00:00Z,SUGG,1,23.65341463414634,temperature
2020-10-08T00:00:00Z,SUGG,0,24.295833333333334,temperature
2020-10-08T00:00:00Z,SUGG,0.25,23.927083333333332,temperature
2020-10-08T00:00:00Z,SUGG,0.5,23.784791666666667,temperature
2020-10-08T00:00:00Z,SUGG,0.75,23.744375,temperature
2020-10-08T00:00:00Z,SUGG,1,23.742916666666662,temperature
2020-10-09T00:00:00Z,SUGG,0,24.630208333333332,temperature
2020-10-09T00:00:00Z,SUGG,0.25,24.119166666666665,temperature
2020-10-09T00:00:00Z,SUGG,0.5,23.90020833333333,temperature
2020-10-09T00:00:00Z,SUGG,0.75,23.847083333333337,temperature
2020-10-09T00:00:00Z,SUGG,1,23.846041666666668,temperature
2020-10-10T00:00:00Z,SUGG,0,25.26125,temperature
2020-10-10T00:00:00Z,SUGG,0.25,24.342291666666668,temperature
2020-10-10T00:00:00Z,SUGG,0.5,24.039375,temperature
2020-10-10T00:00:00Z,SUGG,0.75,23.923958333333335,temperature
2020-10-10T00:00:00Z,SUGG,1,23.92125,temperature
2020-10-11T00:00:00Z,SUGG,0,26.461489361702128,temperature
2020-10-11T00:00:00Z,SUGG,0.25,24.715208333333333,temperature
2020-10-11T00:00:00Z,SUGG,0.5,24.226875,temperature
2020-10-11T00:00:00Z,SUGG,0.75,24.033541666666668,temperature
2020-10-11T00:00:00Z,SUGG,1,24.016041666666663,temperature
2020-10-12T00:00:00Z,SUGG,0,26.530833333333337,temperature
2020-10-12T00:00:00Z,SUGG,0.25,25.160833333333333,temperature
2020-10-12T00:00:00Z,SUGG,0.5,24.497708333333335,temperature
2020-10-12T00:00:00Z,SUGG,0.75,24.147708333333338,temperature
2020-10-12T00:00:00Z,SUGG,1,24.105625,temperature
2020-10-13T00:00:00Z,SUGG,0,26.735208333333333,temperature
2020-10-13T00:00:00Z,SUGG,0.25,25.496666666666663,temperature
2020-10-13T00:00:00Z,SUGG,0.5,24.695833333333333,temperature
2020-10-13T00:00:00Z,SUGG,0.75,24.287916666666668,temperature
2020-10-13T00:00:00Z,SUGG,1,24.195625,temperature
2020-10-14T00:00:00Z,SUGG,0,26.739791666666665,temperature
2020-10-14T00:00:00Z,SUGG,0.25,25.710416666666667,temperature
2020-10-14T00:00:00Z,SUGG,0.5,25.011666666666667,temperature
2020-10-14T00:00:00Z,SUGG,0.75,24.453541666666663,temperature
2020-10-14T00:00:00Z,SUGG,1,24.311666666666667,temperature
2020-10-15T00:00:00Z,SUGG,0,26.632708333333333,temperature
2020-10-15T00:00:00Z,SUGG,0.25,25.700208333333332,temperature
2020-10-15T00:00:00Z,SUGG,0.5,25.044583333333332,temperature
2020-10-15T00:00:00Z,SUGG,0.75,24.57,temperature
2020-10-15T00:00:00Z,SUGG,1,24.41583333333333,temperature
2020-10-16T00:00:00Z,SUGG,0,26.521458333333335,temperature
2020-10-16T00:00:00Z,SUGG,0.25,25.76625,temperature
2020-10-16T00:00:00Z,SUGG,0.5,25.126875,temperature
2020-10-16T00:00:00Z,SUGG,0.75,24.663541666666667,temperature
2020-10-16T00:00:00Z,SUGG,1,24.464583333333337,temperature
2020-10-17T00:00:00Z,SUGG,0,26.379166666666663,temperature
2020-10-17T00:00:00Z,SUGG,0.25,25.780833333333337,temperature
2020-10-17T00:00:00Z,SUGG,0.5,25.394791666666663,temperature
2020-10-17T00:00:00Z,SUGG,0.75,24.944583333333338,temperature
2020-10-17T00:00:00Z,SUGG,1,24.6475,temperature
2020-10-18T00:00:00Z,SUGG,0,25.8975,temperature
2020-10-18T00:00:00Z,SUGG,0.25,25.782083333333333,temperature
2020-10-18T00:00:00Z,SUGG,0.5,25.577916666666667,temperature
2020-10-18T00:00:00Z,SUGG,0.75,25.346458333333334,temperature
2020-10-18T00:00:00Z,SUGG,1,25.126041666666666,temperature
2020-10-19T00:00:00Z,SUGG,0,25.783333333333335,temperature
2020-10-19T00:00:00Z,SUGG,0.25,25.726666666666667,temperature
2020-10-19T00:00:00Z,SUGG,0.5,25.6425,temperature
2020-10-19T00:00:00Z,SUGG,0.75,25.528541666666666,temperature
2020-10-19T00:00:00Z,SUGG,1,25.418541666666663,temperature
2020-10-20T00:00:00Z,SUGG,0,25.824791666666663,temperature
2020-10-20T00:00:00Z,SUGG,0.25,25.769583333333333,temperature
2020-10-20T00:00:00Z,SUGG,0.5,25.681875,temperature
2020-10-20T00:00:00Z,SUGG,0.75,25.545,temperature
2020-10-20T00:00:00Z,SUGG,1,25.460625,temperature
2020-10-21T00:00:00Z,SUGG,0,25.854166666666668,temperature
2020-10-21T00:00:00Z,SUGG,0.25,25.816458333333333,temperature
2020-10-21T00:00:00Z,SUGG,0.5,25.703958333333333,temperature
2020-10-21T00:00:00Z,SUGG,0.75,25.602291666666662,temperature
2020-10-21T00:00:00Z,SUGG,1,25.527291666666667,temperature
2020-10-22T00:00:00Z,SUGG,0,25.69125,temperature
2020-10-22T00:00:00Z,SUGG,0.25,25.576666666666668,temperature
2020-10-22T00:00:00Z,SUGG,0.5,25.505625,temperature
2020-10-22T00:00:00Z,SUGG,0.75,25.469583333333333,temperature
2020-10-22T00:00:00Z,SUGG,1,25.453541666666663,temperature
2020-10-23T00:00:00Z,SUGG,0,25.929166666666667,temperature
2020-10-23T00:00:00Z,SUGG,0.25,25.873958333333334,temperature
2020-10-23T00:00:00Z,SUGG,0.5,25.660833333333333,temperature
2020-10-23T00:00:00Z,SUGG,0.75,25.495,temperature
2020-10-23T00:00:00Z,SUGG,1,25.418958333333332,temperature
2020-10-24T00:00:00Z,SUGG,0,25.750416666666663,temperature
2020-10-24T00:00:00Z,SUGG,0.25,25.6975,temperature
2020-10-24T00:00:00Z,SUGG,0.5,25.678125,temperature
2020-10-24T00:00:00Z,SUGG,0.75,25.6125,temperature
2020-10-24T00:00:00Z,SUGG,1,25.528333333333332,temperature
2020-10-25T00:00:00Z,SUGG,0,25.807083333333335,temperature
2020-10-25T00:00:00Z,SUGG,0.25,25.610833333333332,temperature
2020-10-25T00:00:00Z,SUGG,0.5,25.557916666666667,temperature
2020-10-25T00:00:00Z,SUGG,0.75,25.48625,temperature
2020-10-25T00:00:00Z,SUGG,1,25.41541666666667,temperature
2020-10-26T00:00:00Z,SUGG,0,25.829791666666665,temperature
2020-10-26T00:00:00Z,SUGG,0.25,25.63875,temperature
2020-10-26T00:00:00Z,SUGG,0.5,25.548333333333332,temperature
2020-10-26T00:00:00Z,SUGG,0.75,25.485625,temperature
2020-10-26T00:00:00Z,SUGG,1,25.426041666666663,temperature
2020-10-27T00:00:00Z,SUGG,0,26.356666666666666,temperature
2020-10-27T00:00:00Z,SUGG,0.25,26.013125,temperature
2020-10-27T00:00:00Z,SUGG,0.5,25.759166666666665,temperature
2020-10-27T00:00:00Z,SUGG,0.75,25.5825,temperature
2020-10-27T00:00:00Z,SUGG,1,25.46291666666667,temperature
2020-10-28T00:00:00Z,SUGG,0,26.572916666666668,temperature
2020-10-28T00:00:00Z,SUGG,0.25,26.34,temperature
2020-10-28T00:00:00Z,SUGG,0.5,26.062916666666663,temperature
2020-10-28T00:00:00Z,SUGG,0.75,25.67125,temperature
2020-10-28T00:00:00Z,SUGG,1,25.517291666666665,temperature
2020-10-29T00:00:00Z,SUGG,0,26.812708333333333,temperature
2020-10-29T00:00:00Z,SUGG,0.25,26.756458333333335,temperature
2020-10-29T00:00:00Z,SUGG,0.5,26.6175,temperature
2020-10-29T00:00:00Z,SUGG,0.75,26.336458333333333,temperature
2020-10-29T00:00:00Z,SUGG,1,26.119166666666665,temperature
2020-10-30T00:00:00Z,SUGG,0,26.123333333333335,temperature
2020-10-30T00:00:00Z,SUGG,0.25,26.080208333333335,temperature
2020-10-30T00:00:00Z,SUGG,0.5,26.02,temperature
2020-10-30T00:00:00Z,SUGG,0.75,25.903958333333332,temperature
2020-10-30T00:00:00Z,SUGG,1,25.824375,temperature
2020-10-31T00:00:00Z,SUGG,0,25.004166666666663,temperature
2020-10-31T00:00:00Z,SUGG,0.25,24.85729166666667,temperature
2020-10-31T00:00:00Z,SUGG,0.5,24.776875,temperature
2020-10-31T00:00:00Z,SUGG,0.75,24.735,temperature
2020-10-31T00:00:00Z,SUGG,1,24.729166666666668,temperature
2020-11-01T00:00:00Z,SUGG,0,24.934375,temperature
2020-11-01T00:00:00Z,SUGG,0.25,24.891875,temperature
2020-11-01T00:00:00Z,SUGG,0.5,24.809791666666666,temperature
2020-11-01T00:00:00Z,SUGG,0.75,24.656666666666663,temperature
2020-11-01T00:00:00Z,SUGG,1,24.615,temperature
2020-11-02T00:00:00Z,SUGG,0,24.061875,temperature
2020-11-02T00:00:00Z,SUGG,0.25,24.0375,temperature
2020-11-02T00:00:00Z,SUGG,0.5,24.02125,temperature
2020-11-02T00:00:00Z,SUGG,0.75,24.001458333333332,temperature
2020-11-02T00:00:00Z,SUGG,1,23.998125,temperature
2020-11-03T00:00:00Z,SUGG,0,22.283125,temperature
2020-11-03T00:00:00Z,SUGG,0.25,22.217708333333334,temperature
2020-11-03T00:00:00Z,SUGG,0.5,22.183333333333337,temperature
2020-11-03T00:00:00Z,SUGG,0.75,22.173333333333332,temperature
2020-11-03T00:00:00Z,SUGG,1,22.174166666666668,temperature
2020-11-04T00:00:00Z,SUGG,0,21.6525,temperature
2020-11-04T00:00:00Z,SUGG,0.25,21.555416666666662,temperature
2020-11-04T00:00:00Z,SUGG,0.5,21.396875,temperature
2020-11-04T00:00:00Z,SUGG,0.75,21.329375,temperature
2020-11-04T00:00:00Z,SUGG,1,21.319791666666667,temperature
2020-11-05T00:00:00Z,SUGG,0,21.606666666666666,temperature
2020-11-05T00:00:00Z,SUGG,0.25,21.48125,temperature
2020-11-05T00:00:00Z,SUGG,0.5,21.360833333333332,temperature
2020-11-05T00:00:00Z,SUGG,0.75,21.268125,temperature
2020-11-05T00:00:00Z,SUGG,1,21.246041666666667,temperature
2020-11-06T00:00:00Z,SUGG,0,22.130416666666665,temperature
2020-11-06T00:00:00Z,SUGG,0.25,22.001041666666666,temperature
2020-11-06T00:00:00Z,SUGG,0.5,21.702083333333334,temperature
2020-11-06T00:00:00Z,SUGG,0.75,21.506875,temperature
2020-11-06T00:00:00Z,SUGG,1,21.487083333333334,temperature
2020-11-07T00:00:00Z,SUGG,0,22.68875,temperature
2020-11-07T00:00:00Z,SUGG,0.25,22.63375,temperature
2020-11-07T00:00:00Z,SUGG,0.5,22.307916666666667,temperature
2020-11-07T00:00:00Z,SUGG,0.75,21.993125,temperature
2020-11-07T00:00:00Z,SUGG,1,21.920625,temperature
2020-11-08T00:00:00Z,SUGG,0,23.106875,temperature
2020-11-08T00:00:00Z,SUGG,0.25,23.07,temperature
2020-11-08T00:00:00Z,SUGG,0.5,22.907916666666665,temperature
2020-11-08T00:00:00Z,SUGG,0.75,22.555208333333333,temperature
2020-11-08T00:00:00Z,SUGG,1,22.440416666666668,temperature
2020-11-09T00:00:00Z,SUGG,0,23.284791666666667,temperature
2020-11-09T00:00:00Z,SUGG,0.25,23.277291666666667,temperature
2020-11-09T00:00:00Z,SUGG,0.5,23.237916666666667,temperature
2020-11-09T00:00:00Z,SUGG,0.75,23.100833333333338,temperature
2020-11-09T00:00:00Z,SUGG,1,23.030625,temperature
2020-11-10T00:00:00Z,SUGG,0,23.58625,temperature
2020-11-10T00:00:00Z,SUGG,0.25,23.503125,temperature
2020-11-10T00:00:00Z,SUGG,0.5,23.429583333333333,temperature
2020-11-10T00:00:00Z,SUGG,0.75,23.3575,temperature
2020-11-10T00:00:00Z,SUGG,1,23.340208333333333,temperature
2020-11-11T00:00:00Z,SUGG,0,24.028958333333332,temperature
2020-11-11T00:00:00Z,SUGG,0.25,23.937916666666663,temperature
2020-11-11T00:00:00Z,SUGG,0.5,23.73375,temperature
2020-11-11T00:00:00Z,SUGG,0.75,23.484375,temperature
2020-11-11T00:00:00Z,SUGG,1,23.40375,temperature
2020-11-12T00:00:00Z,SUGG,0,24.092708333333334,temperature
2020-11-12T00:00:00Z,SUGG,0.25,24.080833333333334,temperature
2020-11-12T00:00:00Z,SUGG,0.5,24.041875,temperature
2020-11-12T00:00:00Z,SUGG,0.75,23.970208333333332,temperature
2020-11-12T00:00:00Z,SUGG,1,23.906458333333333,temperature
2020-11-13T00:00:00Z,SUGG,0,23.901458333333338,temperature
2020-11-13T00:00:00Z,SUGG,0.25,23.87875,temperature
2020-11-13T00:00:00Z,SUGG,0.5,23.846041666666668,temperature
2020-11-13T00:00:00Z,SUGG,0.75,23.811041666666668,temperature
2020-11-13T00:00:00Z,SUGG,1,23.798333333333332,temperature
2020-11-14T00:00:00Z,SUGG,0,23.697708333333335,temperature
2020-11-14T00:00:00Z,SUGG,0.25,23.63104166666667,temperature
2020-11-14T00:00:00Z,SUGG,0.5,23.596041666666668,temperature
2020-11-14T00:00:00Z,SUGG,0.75,23.562083333333337,temperature
2020-11-14T00:00:00Z,SUGG,1,23.55625,temperature
2020-11-15T00:00:00Z,SUGG,0,23.730416666666667,temperature
2020-11-15T00:00:00Z,SUGG,0.25,23.553541666666668,temperature
2020-11-15T00:00:00Z,SUGG,0.5,23.486666666666668,temperature
2020-11-15T00:00:00Z,SUGG,0.75,23.438958333333332,temperature
2020-11-15T00:00:00Z,SUGG,1,23.433958333333333,temperature
2020-11-16T00:00:00Z,SUGG,0,23.84875,temperature
2020-11-16T00:00:00Z,SUGG,0.25,23.681875,temperature
2020-11-16T00:00:00Z,SUGG,0.5,23.60875,temperature
2020-11-16T00:00:00Z,SUGG,0.75,23.541875,temperature
2020-11-16T00:00:00Z,SUGG,1,23.520416666666662,temperature
2020-11-17T00:00:00Z,SUGG,0,23.307727272727274,temperature
2020-11-17T00:00:00Z,SUGG,0.25,23.256136363636365,temperature
2020-11-17T00:00:00Z,SUGG,0.5,23.18522727272727,temperature
2020-11-17T00:00:00Z,SUGG,0.75,23.128636363636364,temperature
2020-11-17T00:00:00Z,SUGG,1,23.122045454545457,temperature
2020-11-18T00:00:00Z,SUGG,0,21.792083333333338,temperature
2020-11-18T00:00:00Z,SUGG,0.25,21.784791666666667,temperature
2020-11-18T00:00:00Z,SUGG,0.5,21.7775,temperature
2020-11-18T00:00:00Z,SUGG,0.75,21.768125,temperature
2020-11-18T00:00:00Z,SUGG,1,21.760416666666668,temperature
2020-11-19T00:00:00Z,SUGG,0,20.313333333333333,temperature
2020-11-19T00:00:00Z,SUGG,0.25,20.306041666666665,temperature
2020-11-19T00:00:00Z,SUGG,0.5,20.299583333333334,temperature
2020-11-19T00:00:00Z,SUGG,0.75,20.286875,temperature
2020-11-19T00:00:00Z,SUGG,1,20.276666666666667,temperature
2020-11-20T00:00:00Z,SUGG,0,19.703125,temperature
2020-11-20T00:00:00Z,SUGG,0.25,19.646041666666665,temperature
2020-11-20T00:00:00Z,SUGG,0.5,19.590833333333332,temperature
2020-11-20T00:00:00Z,SUGG,0.75,19.572916666666668,temperature
2020-11-20T00:00:00Z,SUGG,1,19.57229166666667,temperature
2020-11-21T00:00:00Z,SUGG,0,19.94625,temperature
2020-11-21T00:00:00Z,SUGG,0.25,19.877291666666668,temperature
2020-11-21T00:00:00Z,SUGG,0.5,19.787708333333335,temperature
2020-11-21T00:00:00Z,SUGG,0.75,19.707083333333333,temperature
2020-11-21T00:00:00Z,SUGG,1,19.689791666666668,temperature
2020-11-22T00:00:00Z,SUGG,0,20.430416666666662,temperature
2020-11-22T00:00:00Z,SUGG,0.25,20.33354166666667,temperature
2020-11-22T00:00:00Z,SUGG,0.5,20.213958333333338,temperature
2020-11-22T00:00:00Z,SUGG,0.75,20.029791666666668,temperature
2020-11-22T00:00:00Z,SUGG,1,19.993125,temperature
2020-11-23T00:00:00Z,SUGG,0,20.868333333333332,temperature
2020-11-23T00:00:00Z,SUGG,0.25,20.782708333333332,temperature
2020-11-23T00:00:00Z,SUGG,0.5,20.584375,temperature
2020-11-23T00:00:00Z,SUGG,0.75,20.438958333333332,temperature
2020-11-23T00:00:00Z,SUGG,1,20.40875,temperature
2020-11-24T00:00:00Z,SUGG,0,20.846875,temperature
2020-11-24T00:00:00Z,SUGG,0.25,20.747083333333332,temperature
2020-11-24T00:00:00Z,SUGG,0.5,20.59625,temperature
2020-11-24T00:00:00Z,SUGG,0.75,20.48,temperature
2020-11-24T00:00:00Z,SUGG,1,20.452291666666667,temperature
2020-11-25T00:00:00Z,SUGG,0,20.781875,temperature
2020-11-25T00:00:00Z,SUGG,0.25,20.676875,temperature
2020-11-25T00:00:00Z,SUGG,0.5,20.601875,temperature
2020-11-25T00:00:00Z,SUGG,0.75,20.507083333333338,temperature
2020-11-25T00:00:00Z,SUGG,1,20.484583333333333,temperature
2020-11-26T00:00:00Z,SUGG,0,21.08375,temperature
2020-11-26T00:00:00Z,SUGG,0.25,20.804166666666667,temperature
2020-11-26T00:00:00Z,SUGG,0.5,20.613125,temperature
2020-11-26T00:00:00Z,SUGG,0.75,20.579791666666665,temperature
2020-11-26T00:00:00Z,SUGG,1,20.58,temperature
2020-11-27T00:00:00Z,SUGG,0,21.225,temperature
2020-11-27T00:00:00Z,SUGG,0.25,20.93375,temperature
2020-11-27T00:00:00Z,SUGG,0.5,20.766875,temperature
2020-11-27T00:00:00Z,SUGG,0.75,20.716041666666666,temperature
2020-11-27T00:00:00Z,SUGG,1,20.714583333333337,temperature
2020-11-28T00:00:00Z,SUGG,0,21.265416666666667,temperature
2020-11-28T00:00:00Z,SUGG,0.25,21.022708333333338,temperature
2020-11-28T00:00:00Z,SUGG,0.5,20.8825,temperature
2020-11-28T00:00:00Z,SUGG,0.75,20.834791666666668,temperature
2020-11-28T00:00:00Z,SUGG,1,20.83375,temperature
2020-11-29T00:00:00Z,SUGG,0,21.327291666666667,temperature
2020-11-29T00:00:00Z,SUGG,0.25,21.144583333333333,temperature
2020-11-29T00:00:00Z,SUGG,0.5,21.031666666666663,temperature
2020-11-29T00:00:00Z,SUGG,0.75,20.955833333333334,temperature
2020-11-29T00:00:00Z,SUGG,1,20.95375,temperature
2020-11-30T00:00:00Z,SUGG,0,21.490833333333335,temperature
2020-11-30T00:00:00Z,SUGG,0.25,21.427708333333335,temperature
2020-11-30T00:00:00Z,SUGG,0.5,21.350208333333335,temperature
2020-11-30T00:00:00Z,SUGG,0.75,21.302291666666665,temperature
2020-11-30T00:00:00Z,SUGG,1,21.277708333333333,temperature
2020-12-01T00:00:00Z,SUGG,0,19.832083333333333,temperature
2020-12-01T00:00:00Z,SUGG,0.25,19.827916666666667,temperature
2020-12-01T00:00:00Z,SUGG,0.5,19.825416666666666,temperature
2020-12-01T00:00:00Z,SUGG,0.75,19.8225,temperature
2020-12-01T00:00:00Z,SUGG,1,19.82125,temperature
2020-12-02T00:00:00Z,SUGG,0,17.728958333333335,temperature
2020-12-02T00:00:00Z,SUGG,0.25,17.697708333333335,temperature
2020-12-02T00:00:00Z,SUGG,0.5,17.661875,temperature
2020-12-02T00:00:00Z,SUGG,0.75,17.64375,temperature
2020-12-02T00:00:00Z,SUGG,1,17.643958333333334,temperature
2020-12-03T00:00:00Z,SUGG,0,16.234791666666666,temperature
2020-12-03T00:00:00Z,SUGG,0.25,16.16625,temperature
2020-12-03T00:00:00Z,SUGG,0.5,16.050625,temperature
2020-12-03T00:00:00Z,SUGG,0.75,16.010416666666668,temperature
2020-12-03T00:00:00Z,SUGG,1,16.010208333333335,temperature
2020-12-04T00:00:00Z,SUGG,0,16.7475,temperature
2020-12-04T00:00:00Z,SUGG,0.25,16.56,temperature
2020-12-04T00:00:00Z,SUGG,0.5,16.27625,temperature
2020-12-04T00:00:00Z,SUGG,0.75,16.170208333333335,temperature
2020-12-04T00:00:00Z,SUGG,1,16.1575,temperature
2020-12-05T00:00:00Z,SUGG,0,16.97479166666667,temperature
2020-12-05T00:00:00Z,SUGG,0.25,16.82625,temperature
2020-12-05T00:00:00Z,SUGG,0.5,16.651875,temperature
2020-12-05T00:00:00Z,SUGG,0.75,16.570416666666667,temperature
2020-12-05T00:00:00Z,SUGG,1,16.547916666666666,temperature
2020-12-06T00:00:00Z,SUGG,0,16.570833333333333,temperature
2020-12-06T00:00:00Z,SUGG,0.25,16.532708333333332,temperature
2020-12-06T00:00:00Z,SUGG,0.5,16.4725,temperature
2020-12-06T00:00:00Z,SUGG,0.75,16.425208333333334,temperature
2020-12-06T00:00:00Z,SUGG,1,16.420208333333335,temperature
2020-12-07T00:00:00Z,SUGG,0,16.479166666666668,temperature
2020-12-07T00:00:00Z,SUGG,0.25,16.455,temperature
2020-12-07T00:00:00Z,SUGG,0.5,16.447708333333335,temperature
2020-12-07T00:00:00Z,SUGG,0.75,16.440833333333334,temperature
2020-12-07T00:00:00Z,SUGG,1,16.437291666666667,temperature
2020-12-08T00:00:00Z,SUGG,0,15.667291666666667,temperature
2020-12-08T00:00:00Z,SUGG,0.25,15.649583333333334,temperature
2020-12-08T00:00:00Z,SUGG,0.5,15.63375,temperature
2020-12-08T00:00:00Z,SUGG,0.75,15.614791666666669,temperature
2020-12-08T00:00:00Z,SUGG,1,15.608958333333334,temperature
2020-12-09T00:00:00Z,SUGG,0,14.895208333333333,temperature
2020-12-09T00:00:00Z,SUGG,0.25,14.824583333333331,temperature
2020-12-09T00:00:00Z,SUGG,0.5,14.7325,temperature
2020-12-09T00:00:00Z,SUGG,0.75,14.631666666666666,temperature
2020-12-09T00:00:00Z,SUGG,1,14.592708333333333,temperature
2020-12-10T00:00:00Z,SUGG,0,14.469375,temperature
2020-12-10T00:00:00Z,SUGG,0.25,14.292916666666668,temperature
2020-12-10T00:00:00Z,SUGG,0.5,14.180833333333334,temperature
2020-12-10T00:00:00Z,SUGG,0.75,14.16625,temperature
2020-12-10T00:00:00Z,SUGG,1,14.172291666666666,temperature
2020-12-11T00:00:00Z,SUGG,0,14.388125,temperature
2020-12-11T00:00:00Z,SUGG,0.25,14.272291666666666,temperature
2020-12-11T00:00:00Z,SUGG,0.5,14.1925,temperature
2020-12-11T00:00:00Z,SUGG,0.75,14.155208333333333,temperature
2020-12-11T00:00:00Z,SUGG,1,14.160416666666666,temperature
2020-12-12T00:00:00Z,SUGG,0,14.5975,temperature
2020-12-12T00:00:00Z,SUGG,0.25,14.344166666666666,temperature
2020-12-12T00:00:00Z,SUGG,0.5,14.239166666666666,temperature
2020-12-12T00:00:00Z,SUGG,0.75,14.228541666666668,temperature
2020-12-12T00:00:00Z,SUGG,1,14.23375,temperature
2020-12-13T00:00:00Z,SUGG,0,14.67,temperature
2020-12-13T00:00:00Z,SUGG,0.25,14.5675,temperature
2020-12-13T00:00:00Z,SUGG,0.5,14.480416666666668,temperature
2020-12-13T00:00:00Z,SUGG,0.75,14.464583333333334,temperature
2020-12-13T00:00:00Z,SUGG,1,14.466458333333334,temperature
2020-12-14T00:00:00Z,SUGG,0,15.326875,temperature
2020-12-14T00:00:00Z,SUGG,0.25,15.159583333333334,temperature
2020-12-14T00:00:00Z,SUGG,0.5,15.071041666666666,temperature
2020-12-14T00:00:00Z,SUGG,0.75,15.008125,temperature
2020-12-14T00:00:00Z,SUGG,1,14.960833333333332,temperature
2020-12-15T00:00:00Z,SUGG,0,15.898958333333333,temperature
2020-12-15T00:00:00Z,SUGG,0.25,15.632916666666668,temperature
2020-12-15T00:00:00Z,SUGG,0.5,15.415416666666667,temperature
2020-12-15T00:00:00Z,SUGG,0.75,15.178125,temperature
2020-12-15T00:00:00Z,SUGG,1,15.134375,temperature
2020-12-16T00:00:00Z,SUGG,0,16.078958333333333,temperature
2020-12-16T00:00:00Z,SUGG,0.25,15.965833333333334,temperature
2020-12-16T00:00:00Z,SUGG,0.5,15.860833333333334,temperature
2020-12-16T00:00:00Z,SUGG,0.75,15.662291666666668,temperature
2020-12-16T00:00:00Z,SUGG,1,15.616666666666667,temperature
2020-12-17T00:00:00Z,SUGG,0,15.967708333333333,temperature
2020-12-17T00:00:00Z,SUGG,0.25,15.959583333333333,temperature
2020-12-17T00:00:00Z,SUGG,0.5,15.948125,temperature
2020-12-17T00:00:00Z,SUGG,0.75,15.926458333333333,temperature
2020-12-17T00:00:00Z,SUGG,1,15.918125,temperature
2020-12-18T00:00:00Z,SUGG,0,14.902291666666668,temperature
2020-12-18T00:00:00Z,SUGG,0.25,14.880625,temperature
2020-12-18T00:00:00Z,SUGG,0.5,14.829791666666669,temperature
2020-12-18T00:00:00Z,SUGG,0.75,14.78375,temperature
2020-12-18T00:00:00Z,SUGG,1,14.776041666666666,temperature
2020-12-19T00:00:00Z,SUGG,0,14.114583333333334,temperature
2020-12-19T00:00:00Z,SUGG,0.25,14.051875,temperature
2020-12-19T00:00:00Z,SUGG,0.5,14.009375,temperature
2020-12-19T00:00:00Z,SUGG,0.75,13.962083333333334,temperature
2020-12-19T00:00:00Z,SUGG,1,13.947291666666668,temperature
2020-12-20T00:00:00Z,SUGG,0,14.387708333333334,temperature
2020-12-20T00:00:00Z,SUGG,0.25,14.335208333333334,temperature
2020-12-20T00:00:00Z,SUGG,0.5,14.275208333333332,temperature
2020-12-20T00:00:00Z,SUGG,0.75,14.190625,temperature
2020-12-20T00:00:00Z,SUGG,1,14.144583333333332,temperature
2020-12-21T00:00:00Z,SUGG,0,15.143333333333333,temperature
2020-12-21T00:00:00Z,SUGG,0.25,15.043333333333331,temperature
2020-12-21T00:00:00Z,SUGG,0.5,14.943125,temperature
2020-12-21T00:00:00Z,SUGG,0.75,14.840416666666666,temperature
2020-12-21T00:00:00Z,SUGG,1,14.777916666666666,temperature
2021-04-07T00:00:00Z,SUGG,0,20.0825,temperature
2021-04-07T00:00:00Z,SUGG,0.25,19.773125,temperature
2021-04-07T00:00:00Z,SUGG,0.5,19.628125,temperature
2021-04-07T00:00:00Z,SUGG,0.75,19.524375,temperature
2021-04-07T00:00:00Z,SUGG,1,19.47125,temperature
2021-04-08T00:00:00Z,SUGG,0,20.649583333333332,temperature
2021-04-08T00:00:00Z,SUGG,0.25,19.964166666666667,temperature
2021-04-08T00:00:00Z,SUGG,0.5,19.6825,temperature
2021-04-08T00:00:00Z,SUGG,0.75,19.545208333333335,temperature
2021-04-08T00:00:00Z,SUGG,1,19.491458333333338,temperature
2021-04-09T00:00:00Z,SUGG,0,20.847916666666663,temperature
2021-04-09T00:00:00Z,SUGG,0.25,20.056875,temperature
2021-04-09T00:00:00Z,SUGG,0.5,19.774791666666665,temperature
2021-04-09T00:00:00Z,SUGG,0.75,19.585833333333333,temperature
2021-04-09T00:00:00Z,SUGG,1,19.520416666666662,temperature
2021-04-10T00:00:00Z,SUGG,0,22.286041666666662,temperature
2021-04-10T00:00:00Z,SUGG,0.25,21.226808510638296,temperature
2021-04-10T00:00:00Z,SUGG,0.5,20.33191489361702,temperature
2021-04-10T00:00:00Z,SUGG,0.75,19.785416666666663,temperature
2021-04-10T00:00:00Z,SUGG,1,19.60125,temperature
2021-04-11T00:00:00Z,SUGG,0,22.364375,temperature
2021-04-11T00:00:00Z,SUGG,0.25,21.795208333333335,temperature
2021-04-11T00:00:00Z,SUGG,0.5,21.003333333333337,temperature
2021-04-11T00:00:00Z,SUGG,0.75,20.10875,temperature
2021-04-11T00:00:00Z,SUGG,1,19.827916666666667,temperature
2021-04-12T00:00:00Z,SUGG,0,21.612708333333337,temperature
2021-04-12T00:00:00Z,SUGG,0.25,21.44125,temperature
2021-04-12T00:00:00Z,SUGG,0.5,21.26875,temperature
2021-04-12T00:00:00Z,SUGG,0.75,20.70875,temperature
2021-04-12T00:00:00Z,SUGG,1,20.09166666666667,temperature
2021-04-13T00:00:00Z,SUGG,0,21.958333333333332,temperature
2021-04-13T00:00:00Z,SUGG,0.25,21.442083333333333,temperature
2021-04-13T00:00:00Z,SUGG,0.5,21.093333333333337,temperature
2021-04-13T00:00:00Z,SUGG,0.75,20.726875,temperature
2021-04-13T00:00:00Z,SUGG,1,20.202708333333337,temperature
2021-04-14T00:00:00Z,SUGG,0,22.225416666666668,temperature
2021-04-14T00:00:00Z,SUGG,0.25,21.531875,temperature
2021-04-14T00:00:00Z,SUGG,0.5,21.094375,temperature
2021-04-14T00:00:00Z,SUGG,0.75,20.652708333333333,temperature
2021-04-14T00:00:00Z,SUGG,1,20.327083333333334,temperature
2021-04-15T00:00:00Z,SUGG,0,23.228125,temperature
2021-04-15T00:00:00Z,SUGG,0.25,21.688125,temperature
2021-04-15T00:00:00Z,SUGG,0.5,21.13875,temperature
2021-04-15T00:00:00Z,SUGG,0.75,20.655416666666667,temperature
2021-04-15T00:00:00Z,SUGG,1,20.314375,temperature
2021-04-16T00:00:00Z,SUGG,0,23.403333333333332,temperature
2021-04-16T00:00:00Z,SUGG,0.25,22.006666666666668,temperature
2021-04-16T00:00:00Z,SUGG,0.5,21.313541666666666,temperature
2021-04-16T00:00:00Z,SUGG,0.75,20.741458333333338,temperature
2021-04-16T00:00:00Z,SUGG,1,20.410833333333333,temperature
2021-04-17T00:00:00Z,SUGG,0,22.93375,temperature
2021-04-17T00:00:00Z,SUGG,0.25,22.468125,temperature
2021-04-17T00:00:00Z,SUGG,0.5,21.648541666666667,temperature
2021-04-17T00:00:00Z,SUGG,0.75,20.95625,temperature
2021-04-17T00:00:00Z,SUGG,1,20.592291666666668,temperature
2021-04-18T00:00:00Z,SUGG,0,22.968125,temperature
2021-04-18T00:00:00Z,SUGG,0.25,22.441458333333333,temperature
2021-04-18T00:00:00Z,SUGG,0.5,21.819791666666667,temperature
2021-04-18T00:00:00Z,SUGG,0.75,21.197916666666668,temperature
2021-04-18T00:00:00Z,SUGG,1,20.773333333333333,temperature
2021-04-19T00:00:00Z,SUGG,0,23.101458333333333,temperature
2021-04-19T00:00:00Z,SUGG,0.25,22.605208333333337,temperature
2021-04-19T00:00:00Z,SUGG,0.5,21.984791666666663,temperature
2021-04-19T00:00:00Z,SUGG,0.75,21.377916666666668,temperature
2021-04-19T00:00:00Z,SUGG,1,20.898541666666667,temperature
2021-04-20T00:00:00Z,SUGG,0,23.344146341463414,temperature
2021-04-20T00:00:00Z,SUGG,0.25,22.60219512195122,temperature
2021-04-20T00:00:00Z,SUGG,0.5,22.098780487804877,temperature
2021-04-20T00:00:00Z,SUGG,0.75,21.552926829268294,temperature
2021-04-20T00:00:00Z,SUGG,1,21.021463414634148,temperature
2021-04-21T00:00:00Z,SUGG,0,24.525416666666665,temperature
2021-04-21T00:00:00Z,SUGG,0.25,23.925416666666667,temperature
2021-04-21T00:00:00Z,SUGG,0.5,23.501458333333332,temperature
2021-04-21T00:00:00Z,SUGG,0.75,23.07625,temperature
2021-04-21T00:00:00Z,SUGG,1,22.29978723404255,temperature
2021-04-22T00:00:00Z,SUGG,0,24.315833333333337,temperature
2021-04-22T00:00:00Z,SUGG,0.25,24.207291666666663,temperature
2021-04-22T00:00:00Z,SUGG,0.5,24.064166666666665,temperature
2021-04-22T00:00:00Z,SUGG,0.75,23.798958333333335,temperature
2021-04-22T00:00:00Z,SUGG,1,23.329166666666666,temperature
2021-04-23T00:00:00Z,SUGG,0,23.538333333333338,temperature
2021-04-23T00:00:00Z,SUGG,0.25,23.418958333333332,temperature
2021-04-23T00:00:00Z,SUGG,0.5,23.226666666666667,temperature
2021-04-23T00:00:00Z,SUGG,0.75,23.0075,temperature
2021-04-23T00:00:00Z,SUGG,1,22.84625,temperature
2021-04-24T00:00:00Z,SUGG,0,23.419375,temperature
2021-04-24T00:00:00Z,SUGG,0.25,23.394583333333333,temperature
2021-04-24T00:00:00Z,SUGG,0.5,23.360416666666666,temperature
2021-04-24T00:00:00Z,SUGG,0.75,23.33395833333333,temperature
2021-04-24T00:00:00Z,SUGG,1,23.286041666666662,temperature
2021-04-25T00:00:00Z,SUGG,0,24.706458333333337,temperature
2021-04-25T00:00:00Z,SUGG,0.25,24.664166666666667,temperature
2021-04-25T00:00:00Z,SUGG,0.5,24.603958333333335,temperature
2021-04-25T00:00:00Z,SUGG,0.75,24.49020833333333,temperature
2021-04-25T00:00:00Z,SUGG,1,24.108541666666667,temperature
2021-04-26T00:00:00Z,SUGG,0,25.692916666666665,temperature
2021-04-26T00:00:00Z,SUGG,0.25,25.636458333333337,temperature
2021-04-26T00:00:00Z,SUGG,0.5,25.506458333333335,temperature
2021-04-26T00:00:00Z,SUGG,0.75,25.202291666666667,temperature
2021-04-26T00:00:00Z,SUGG,1,24.425208333333337,temperature
2021-04-27T00:00:00Z,SUGG,0,25.582708333333333,temperature
2021-04-27T00:00:00Z,SUGG,0.25,25.542291666666667,temperature
2021-04-27T00:00:00Z,SUGG,0.5,25.481666666666666,temperature
2021-04-27T00:00:00Z,SUGG,0.75,25.255208333333332,temperature
2021-04-27T00:00:00Z,SUGG,1,24.916875,temperature
2021-04-28T00:00:00Z,SUGG,0,26.156458333333333,temperature
2021-04-28T00:00:00Z,SUGG,0.25,25.878125,temperature
2021-04-28T00:00:00Z,SUGG,0.5,25.632291666666667,temperature
2021-04-28T00:00:00Z,SUGG,0.75,25.3775,temperature
2021-04-28T00:00:00Z,SUGG,1,25.092916666666667,temperature
2021-04-29T00:00:00Z,SUGG,0,26.587291666666665,temperature
2021-04-29T00:00:00Z,SUGG,0.25,26.454583333333332,temperature
2021-04-29T00:00:00Z,SUGG,0.5,26.345416666666665,temperature
2021-04-29T00:00:00Z,SUGG,0.75,26.1225,temperature
2021-04-29T00:00:00Z,SUGG,1,25.678958333333338,temperature
2021-04-30T00:00:00Z,SUGG,0,27.642916666666668,temperature
2021-04-30T00:00:00Z,SUGG,0.25,27.50583333333333,temperature
2021-04-30T00:00:00Z,SUGG,0.5,27.20625,temperature
2021-04-30T00:00:00Z,SUGG,0.75,26.42770833333333,temperature
2021-04-30T00:00:00Z,SUGG,1,25.630208333333332,temperature
2021-05-01T00:00:00Z,SUGG,0,28.219574468085103,temperature
2021-05-01T00:00:00Z,SUGG,0.25,27.67510638297872,temperature
2021-05-01T00:00:00Z,SUGG,0.5,27.080208333333335,temperature
2021-05-01T00:00:00Z,SUGG,0.75,26.279791666666668,temperature
2021-05-01T00:00:00Z,SUGG,1,25.645416666666662,temperature
2021-05-02T00:00:00Z,SUGG,0,27.612916666666667,temperature
2021-05-02T00:00:00Z,SUGG,0.25,27.482291666666665,temperature
2021-05-02T00:00:00Z,SUGG,0.5,27.339791666666667,temperature
2021-05-02T00:00:00Z,SUGG,0.75,26.637708333333332,temperature
2021-05-02T00:00:00Z,SUGG,1,25.760416666666668,temperature
2021-05-03T00:00:00Z,SUGG,0,27.781666666666663,temperature
2021-05-03T00:00:00Z,SUGG,0.25,27.745416666666667,temperature
2021-05-03T00:00:00Z,SUGG,0.5,27.67625,temperature
2021-05-03T00:00:00Z,SUGG,0.75,27.300208333333337,temperature
2021-05-03T00:00:00Z,SUGG,1,26.39063829787234,temperature
2021-05-04T00:00:00Z,SUGG,0,28.585416666666667,temperature
2021-05-04T00:00:00Z,SUGG,0.25,28.509375,temperature
2021-05-04T00:00:00Z,SUGG,0.5,28.433125,temperature
2021-05-04T00:00:00Z,SUGG,0.75,28.106041666666663,temperature
2021-05-04T00:00:00Z,SUGG,1,26.994791666666668,temperature
2021-05-05T00:00:00Z,SUGG,0,29.262666666666668,temperature
2021-05-05T00:00:00Z,SUGG,0.25,29.234222222222225,temperature
2021-05-05T00:00:00Z,SUGG,0.5,29.194,temperature
2021-05-05T00:00:00Z,SUGG,0.75,28.95288888888889,temperature
2021-05-05T00:00:00Z,SUGG,1,28.005333333333333,temperature
2021-05-06T00:00:00Z,SUGG,0,28.98125,temperature
2021-05-06T00:00:00Z,SUGG,0.25,28.965,temperature
2021-05-06T00:00:00Z,SUGG,0.5,28.953125,temperature
2021-05-06T00:00:00Z,SUGG,0.75,28.921666666666667,temperature
2021-05-06T00:00:00Z,SUGG,1,28.480416666666667,temperature
2021-05-07T00:00:00Z,SUGG,0,27.933958333333333,temperature
2021-05-07T00:00:00Z,SUGG,0.25,27.925,temperature
2021-05-07T00:00:00Z,SUGG,0.5,27.91583333333333,temperature
2021-05-07T00:00:00Z,SUGG,0.75,27.891458333333333,temperature
2021-05-07T00:00:00Z,SUGG,1,27.806875,temperature
2021-05-08T00:00:00Z,SUGG,0,27.332916666666662,temperature
2021-05-08T00:00:00Z,SUGG,0.25,26.9,temperature
2021-05-08T00:00:00Z,SUGG,0.5,26.541875,temperature
2021-05-08T00:00:00Z,SUGG,0.75,26.389166666666668,temperature
2021-05-08T00:00:00Z,SUGG,1,26.326458333333335,temperature
2021-05-09T00:00:00Z,SUGG,0,27.0225,temperature
2021-05-09T00:00:00Z,SUGG,0.25,26.876666666666665,temperature
2021-05-09T00:00:00Z,SUGG,0.5,26.72458333333333,temperature
2021-05-09T00:00:00Z,SUGG,0.75,26.523958333333333,temperature
2021-05-09T00:00:00Z,SUGG,1,26.024375,temperature
2021-05-10T00:00:00Z,SUGG,0,27.377297297297297,temperature
2021-05-10T00:00:00Z,SUGG,0.25,27.353243243243245,temperature
2021-05-10T00:00:00Z,SUGG,0.5,27.332702702702704,temperature
2021-05-10T00:00:00Z,SUGG,0.75,27.19783783783784,temperature
2021-05-10T00:00:00Z,SUGG,1,26.575135135135135,temperature
2021-05-11T00:00:00Z,SUGG,0,27.930833333333332,temperature
2021-05-11T00:00:00Z,SUGG,0.25,27.536041666666662,temperature
2021-05-11T00:00:00Z,SUGG,0.5,27.330208333333335,temperature
2021-05-11T00:00:00Z,SUGG,0.75,27.261041666666667,temperature
2021-05-11T00:00:00Z,SUGG,1,26.906458333333333,temperature
2021-05-12T00:00:00Z,SUGG,0,28.211875,temperature
2021-05-12T00:00:00Z,SUGG,0.25,28.000416666666663,temperature
2021-05-12T00:00:00Z,SUGG,0.5,27.827083333333334,temperature
2021-05-12T00:00:00Z,SUGG,0.75,27.333541666666665,temperature
2021-05-12T00:00:00Z,SUGG,1,26.684791666666666,temperature
2021-05-13T00:00:00Z,SUGG,0,27.135833333333338,temperature
2021-05-13T00:00:00Z,SUGG,0.25,27.130416666666665,temperature
2021-05-13T00:00:00Z,SUGG,0.5,27.031041666666667,temperature
2021-05-13T00:00:00Z,SUGG,0.75,26.68875,temperature
2021-05-13T00:00:00Z,SUGG,1,26.41625,temperature
2021-05-14T00:00:00Z,SUGG,0,25.173958333333335,temperature
2021-05-14T00:00:00Z,SUGG,0.25,25.160416666666663,temperature
2021-05-14T00:00:00Z,SUGG,0.5,25.139791666666667,temperature
2021-05-14T00:00:00Z,SUGG,0.75,25.107291666666665,temperature
2021-05-14T00:00:00Z,SUGG,1,25.06854166666667,temperature
2021-05-15T00:00:00Z,SUGG,0,24.72458333333333,temperature
2021-05-15T00:00:00Z,SUGG,0.25,24.716875,temperature
2021-05-15T00:00:00Z,SUGG,0.5,24.707916666666662,temperature
2021-05-15T00:00:00Z,SUGG,0.75,24.69125,temperature
2021-05-15T00:00:00Z,SUGG,1,24.661666666666665,temperature
2021-05-16T00:00:00Z,SUGG,0,24.758541666666662,temperature
2021-05-16T00:00:00Z,SUGG,0.25,24.726666666666667,temperature
2021-05-16T00:00:00Z,SUGG,0.5,24.695208333333333,temperature
2021-05-16T00:00:00Z,SUGG,0.75,24.644375,temperature
2021-05-16T00:00:00Z,SUGG,1,24.4825,temperature
2021-05-17T00:00:00Z,SUGG,0,24.98625,temperature
2021-05-17T00:00:00Z,SUGG,0.25,24.954166666666666,temperature
2021-05-17T00:00:00Z,SUGG,0.5,24.916458333333335,temperature
2021-05-17T00:00:00Z,SUGG,0.75,24.865625,temperature
2021-05-17T00:00:00Z,SUGG,1,24.660416666666663,temperature
2021-05-18T00:00:00Z,SUGG,0,25.350833333333338,temperature
2021-05-18T00:00:00Z,SUGG,0.25,25.335625,temperature
2021-05-18T00:00:00Z,SUGG,0.5,25.320416666666667,temperature
2021-05-18T00:00:00Z,SUGG,0.75,25.293333333333333,temperature
2021-05-18T00:00:00Z,SUGG,1,25.260208333333335,temperature
2021-05-19T00:00:00Z,SUGG,0,25.467291666666668,temperature
2021-05-19T00:00:00Z,SUGG,0.25,25.456458333333337,temperature
2021-05-19T00:00:00Z,SUGG,0.5,25.446458333333332,temperature
2021-05-19T00:00:00Z,SUGG,0.75,25.424375,temperature
2021-05-19T00:00:00Z,SUGG,1,25.396875,temperature
2021-05-20T00:00:00Z,SUGG,0,25.29934782608696,temperature
2021-05-20T00:00:00Z,SUGG,0.25,25.29282608695652,temperature
2021-05-20T00:00:00Z,SUGG,0.5,25.285869565217393,temperature
2021-05-20T00:00:00Z,SUGG,0.75,25.27391304347826,temperature
2021-05-20T00:00:00Z,SUGG,1,25.25804347826087,temperature
2021-05-21T00:00:00Z,SUGG,0,25.38458333333333,temperature
2021-05-21T00:00:00Z,SUGG,0.25,25.359375,temperature
2021-05-21T00:00:00Z,SUGG,0.5,25.331666666666667,temperature
2021-05-21T00:00:00Z,SUGG,0.75,25.311041666666668,temperature
2021-05-21T00:00:00Z,SUGG,1,25.295416666666668,temperature
2021-05-22T00:00:00Z,SUGG,0,25.755,temperature
2021-05-22T00:00:00Z,SUGG,0.25,25.720833333333335,temperature
2021-05-22T00:00:00Z,SUGG,0.5,25.680416666666662,temperature
2021-05-22T00:00:00Z,SUGG,0.75,25.61916666666667,temperature
2021-05-22T00:00:00Z,SUGG,1,25.393125,temperature
2021-05-23T00:00:00Z,SUGG,0,26.605,temperature
2021-05-23T00:00:00Z,SUGG,0.25,26.351875,temperature
2021-05-23T00:00:00Z,SUGG,0.5,25.902765957446807,temperature
2021-05-23T00:00:00Z,SUGG,0.75,25.705625,temperature
2021-05-23T00:00:00Z,SUGG,1,25.637291666666663,temperature
2021-05-24T00:00:00Z,SUGG,0,27.037916666666668,temperature
2021-05-24T00:00:00Z,SUGG,0.25,26.669791666666665,temperature
2021-05-24T00:00:00Z,SUGG,0.5,26.418333333333333,temperature
2021-05-24T00:00:00Z,SUGG,0.75,26.023958333333333,temperature
2021-05-24T00:00:00Z,SUGG,1,25.566458333333333,temperature
2021-05-25T00:00:00Z,SUGG,0,28.10875,temperature
2021-05-25T00:00:00Z,SUGG,0.25,27.392916666666668,temperature
2021-05-25T00:00:00Z,SUGG,0.5,26.78708333333333,temperature
2021-05-25T00:00:00Z,SUGG,0.75,26.28729166666667,temperature
2021-05-25T00:00:00Z,SUGG,1,25.73,temperature
2021-05-26T00:00:00Z,SUGG,0,28.792916666666667,temperature
2021-05-26T00:00:00Z,SUGG,0.25,28.007291666666667,temperature
2021-05-26T00:00:00Z,SUGG,0.5,27.424583333333334,temperature
2021-05-26T00:00:00Z,SUGG,0.75,26.784166666666668,temperature
2021-05-26T00:00:00Z,SUGG,1,25.996458333333333,temperature
2021-05-27T00:00:00Z,SUGG,0,29.7145,temperature
2021-05-27T00:00:00Z,SUGG,0.25,28.67075,temperature
2021-05-27T00:00:00Z,SUGG,0.5,27.97925,temperature
2021-05-27T00:00:00Z,SUGG,0.75,27.00425,temperature
2021-05-27T00:00:00Z,SUGG,1,26.21025,temperature
2021-05-28T00:00:00Z,SUGG,0,30.16229166666667,temperature
2021-05-28T00:00:00Z,SUGG,0.25,29.597708333333333,temperature
2021-05-28T00:00:00Z,SUGG,0.5,28.484583333333333,temperature
2021-05-28T00:00:00Z,SUGG,0.75,27.261666666666667,temperature
2021-05-28T00:00:00Z,SUGG,1,26.376458333333332,temperature
2021-05-29T00:00:00Z,SUGG,0,29.439791666666668,temperature
2021-05-29T00:00:00Z,SUGG,0.25,29.22625,temperature
2021-05-29T00:00:00Z,SUGG,0.5,28.914166666666667,temperature
2021-05-29T00:00:00Z,SUGG,0.75,28.31375,temperature
2021-05-29T00:00:00Z,SUGG,1,26.882978723404257,temperature
2021-05-30T00:00:00Z,SUGG,0,28.881875,temperature
2021-05-30T00:00:00Z,SUGG,0.25,28.692708333333332,temperature
2021-05-30T00:00:00Z,SUGG,0.5,28.520833333333332,temperature
2021-05-30T00:00:00Z,SUGG,0.75,28.326458333333335,temperature
2021-05-30T00:00:00Z,SUGG,1,27.122708333333332,temperature
2021-05-31T00:00:00Z,SUGG,0,28.278541666666666,temperature
2021-05-31T00:00:00Z,SUGG,0.25,28.209583333333335,temperature
2021-05-31T00:00:00Z,SUGG,0.5,28.053541666666668,temperature
2021-05-31T00:00:00Z,SUGG,0.75,27.7625,temperature
2021-05-31T00:00:00Z,SUGG,1,27.195208333333333,temperature
2021-06-01T00:00:00Z,SUGG,0,27.832083333333333,temperature
2021-06-01T00:00:00Z,SUGG,0.25,27.672708333333333,temperature
2021-06-01T00:00:00Z,SUGG,0.5,27.449166666666667,temperature
2021-06-01T00:00:00Z,SUGG,0.75,27.254166666666663,temperature
2021-06-01T00:00:00Z,SUGG,1,27.11625,temperature
2021-06-02T00:00:00Z,SUGG,0,28.472291666666667,temperature
2021-06-02T00:00:00Z,SUGG,0.25,28.257708333333333,temperature
2021-06-02T00:00:00Z,SUGG,0.5,27.970208333333332,temperature
2021-06-02T00:00:00Z,SUGG,0.75,27.636666666666667,temperature
2021-06-02T00:00:00Z,SUGG,1,27.333958333333335,temperature
2021-06-03T00:00:00Z,SUGG,0,28.579791666666665,temperature
2021-06-03T00:00:00Z,SUGG,0.25,28.416041666666665,temperature
2021-06-03T00:00:00Z,SUGG,0.5,28.23875,temperature
2021-06-03T00:00:00Z,SUGG,0.75,27.836875,temperature
2021-06-03T00:00:00Z,SUGG,1,27.419791666666665,temperature
2021-06-04T00:00:00Z,SUGG,0,28.9025,temperature
2021-06-04T00:00:00Z,SUGG,0.25,28.5525,temperature
2021-06-04T00:00:00Z,SUGG,0.5,28.268333333333334,temperature
2021-06-04T00:00:00Z,SUGG,0.75,27.880833333333335,temperature
2021-06-04T00:00:00Z,SUGG,1,27.391875,temperature
2021-06-05T00:00:00Z,SUGG,0,29.163541666666667,temperature
2021-06-05T00:00:00Z,SUGG,0.25,28.829166666666666,temperature
2021-06-05T00:00:00Z,SUGG,0.5,28.594375,temperature
2021-06-05T00:00:00Z,SUGG,0.75,28.169166666666666,temperature
2021-06-05T00:00:00Z,SUGG,1,27.46,temperature
2021-06-06T00:00:00Z,SUGG,0,29.905416666666667,temperature
2021-06-06T00:00:00Z,SUGG,0.25,29.758958333333332,temperature
2021-06-06T00:00:00Z,SUGG,0.5,29.272291666666668,temperature
2021-06-06T00:00:00Z,SUGG,0.75,28.336666666666662,temperature
2021-06-06T00:00:00Z,SUGG,1,27.577083333333334,temperature
2021-06-07T00:00:00Z,SUGG,0,29.96625,temperature
2021-06-07T00:00:00Z,SUGG,0.25,29.877083333333335,temperature
2021-06-07T00:00:00Z,SUGG,0.5,29.720416666666665,temperature
2021-06-07T00:00:00Z,SUGG,0.75,29.115,temperature
2021-06-07T00:00:00Z,SUGG,1,27.9575,temperature
2021-06-08T00:00:00Z,SUGG,0,30.095416666666665,temperature
2021-06-08T00:00:00Z,SUGG,0.25,29.833125,temperature
2021-06-08T00:00:00Z,SUGG,0.5,29.5525,temperature
2021-06-08T00:00:00Z,SUGG,0.75,28.973541666666662,temperature
2021-06-08T00:00:00Z,SUGG,1,28.133541666666662,temperature
2021-06-09T00:00:00Z,SUGG,0,30.679166666666667,temperature
2021-06-09T00:00:00Z,SUGG,0.25,30.213958333333338,temperature
2021-06-09T00:00:00Z,SUGG,0.5,29.843333333333337,temperature
2021-06-09T00:00:00Z,SUGG,0.75,29.357916666666668,temperature
2021-06-09T00:00:00Z,SUGG,1,28.462916666666665,temperature
2021-06-10T00:00:00Z,SUGG,0,30.735,temperature
2021-06-10T00:00:00Z,SUGG,0.25,30.562291666666667,temperature
2021-06-10T00:00:00Z,SUGG,0.5,30.32125,temperature
2021-06-10T00:00:00Z,SUGG,0.75,29.527708333333333,temperature
2021-06-10T00:00:00Z,SUGG,1,28.462083333333332,temperature
2021-06-11T00:00:00Z,SUGG,0,30.993333333333332,temperature
2021-06-11T00:00:00Z,SUGG,0.25,30.90020833333333,temperature
2021-06-11T00:00:00Z,SUGG,0.5,30.803541666666668,temperature
2021-06-11T00:00:00Z,SUGG,0.75,30.273541666666667,temperature
2021-06-11T00:00:00Z,SUGG,1,28.860833333333332,temperature
2021-06-12T00:00:00Z,SUGG,0,30.451458333333335,temperature
2021-06-12T00:00:00Z,SUGG,0.25,30.41979166666667,temperature
2021-06-12T00:00:00Z,SUGG,0.5,30.384166666666665,temperature
2021-06-12T00:00:00Z,SUGG,0.75,30.308333333333337,temperature
2021-06-12T00:00:00Z,SUGG,1,29.325625,temperature
2021-06-13T00:00:00Z,SUGG,0,29.950625,temperature
2021-06-13T00:00:00Z,SUGG,0.25,29.830208333333335,temperature
2021-06-13T00:00:00Z,SUGG,0.5,29.635625,temperature
2021-06-13T00:00:00Z,SUGG,0.75,29.448958333333337,temperature
2021-06-13T00:00:00Z,SUGG,1,29.26125,temperature
2021-06-14T00:00:00Z,SUGG,0,29.130833333333335,temperature
2021-06-14T00:00:00Z,SUGG,0.25,29.04104166666667,temperature
2021-06-14T00:00:00Z,SUGG,0.5,28.88125,temperature
2021-06-14T00:00:00Z,SUGG,0.75,28.755208333333332,temperature
2021-06-14T00:00:00Z,SUGG,1,28.649583333333332,temperature
2021-06-15T00:00:00Z,SUGG,0,28.4175,temperature
2021-06-15T00:00:00Z,SUGG,0.25,28.371666666666663,temperature
2021-06-15T00:00:00Z,SUGG,0.5,28.314791666666668,temperature
2021-06-15T00:00:00Z,SUGG,0.75,28.276041666666668,temperature
2021-06-15T00:00:00Z,SUGG,1,28.164791666666662,temperature
2021-06-16T00:00:00Z,SUGG,0,27.952291666666667,temperature
2021-06-16T00:00:00Z,SUGG,0.25,27.912083333333335,temperature
2021-06-16T00:00:00Z,SUGG,0.5,27.854791666666667,temperature
2021-06-16T00:00:00Z,SUGG,0.75,27.786666666666665,temperature
2021-06-16T00:00:00Z,SUGG,1,27.577291666666667,temperature
2021-06-17T00:00:00Z,SUGG,0,28.927297297297297,temperature
2021-06-17T00:00:00Z,SUGG,0.25,28.775,temperature
2021-06-17T00:00:00Z,SUGG,0.5,28.508108108108107,temperature
2021-06-17T00:00:00Z,SUGG,0.75,28.20918918918919,temperature
2021-06-17T00:00:00Z,SUGG,1,27.825405405405405,temperature
2021-06-18T00:00:00Z,SUGG,0,30.390625,temperature
2021-06-18T00:00:00Z,SUGG,0.25,29.620625,temperature
2021-06-18T00:00:00Z,SUGG,0.5,29.023125,temperature
2021-06-18T00:00:00Z,SUGG,0.75,28.175833333333333,temperature
2021-06-18T00:00:00Z,SUGG,1,27.626041666666666,temperature
2021-06-19T00:00:00Z,SUGG,0,30.004375,temperature
2021-06-19T00:00:00Z,SUGG,0.25,29.807708333333338,temperature
2021-06-19T00:00:00Z,SUGG,0.5,29.486875,temperature
2021-06-19T00:00:00Z,SUGG,0.75,28.734166666666667,temperature
2021-06-19T00:00:00Z,SUGG,1,27.795,temperature
2021-06-20T00:00:00Z,SUGG,0,29.483125,temperature
2021-06-20T00:00:00Z,SUGG,0.25,29.465,temperature
2021-06-20T00:00:00Z,SUGG,0.5,29.432916666666667,temperature
2021-06-20T00:00:00Z,SUGG,0.75,29.333541666666665,temperature
2021-06-20T00:00:00Z,SUGG,1,28.798541666666665,temperature
2021-06-21T00:00:00Z,SUGG,0,28.87625,temperature
2021-06-21T00:00:00Z,SUGG,0.25,28.860208333333333,temperature
2021-06-21T00:00:00Z,SUGG,0.5,28.84,temperature
2021-06-21T00:00:00Z,SUGG,0.75,28.810833333333335,temperature
2021-06-21T00:00:00Z,SUGG,1,28.741666666666667,temperature
2021-06-22T00:00:00Z,SUGG,0,27.835416666666667,temperature
2021-06-22T00:00:00Z,SUGG,0.25,27.829583333333332,temperature
2021-06-22T00:00:00Z,SUGG,0.5,27.82125,temperature
2021-06-22T00:00:00Z,SUGG,0.75,27.812708333333333,temperature
2021-06-22T00:00:00Z,SUGG,1,27.804375,temperature
2021-06-23T00:00:00Z,SUGG,0,28.18375,temperature
2021-06-23T00:00:00Z,SUGG,0.25,27.858333333333334,temperature
2021-06-23T00:00:00Z,SUGG,0.5,27.576875,temperature
2021-06-23T00:00:00Z,SUGG,0.75,27.324375,temperature
2021-06-23T00:00:00Z,SUGG,1,27.226666666666667,temperature
2021-06-24T00:00:00Z,SUGG,0,28.439791666666665,temperature
2021-06-24T00:00:00Z,SUGG,0.25,28.323541666666667,temperature
2021-06-24T00:00:00Z,SUGG,0.5,28.118125,temperature
2021-06-24T00:00:00Z,SUGG,0.75,27.621041666666667,temperature
2021-06-24T00:00:00Z,SUGG,1,27.35354166666667,temperature
2021-06-25T00:00:00Z,SUGG,0,27.144375,temperature
2021-06-25T00:00:00Z,SUGG,0.25,27.035416666666663,temperature
2021-06-25T00:00:00Z,SUGG,0.5,26.949166666666667,temperature
2021-06-25T00:00:00Z,SUGG,0.75,26.880625,temperature
2021-06-25T00:00:00Z,SUGG,1,26.847708333333333,temperature
2021-06-26T00:00:00Z,SUGG,0,27.088333333333335,temperature
2021-06-26T00:00:00Z,SUGG,0.25,26.970833333333335,temperature
2021-06-26T00:00:00Z,SUGG,0.5,26.8875,temperature
2021-06-26T00:00:00Z,SUGG,0.75,26.806041666666665,temperature
2021-06-26T00:00:00Z,SUGG,1,26.722916666666663,temperature
2021-06-27T00:00:00Z,SUGG,0,27.566041666666667,temperature
2021-06-27T00:00:00Z,SUGG,0.25,27.466041666666666,temperature
2021-06-27T00:00:00Z,SUGG,0.5,27.29625,temperature
2021-06-27T00:00:00Z,SUGG,0.75,26.952291666666667,temperature
2021-06-27T00:00:00Z,SUGG,1,26.674375,temperature
2021-06-28T00:00:00Z,SUGG,0,28.584791666666668,temperature
2021-06-28T00:00:00Z,SUGG,0.25,28.49791666666667,temperature
2021-06-28T00:00:00Z,SUGG,0.5,28.425208333333337,temperature
2021-06-28T00:00:00Z,SUGG,0.75,28.229791666666667,temperature
2021-06-28T00:00:00Z,SUGG,1,27.589583333333337,temperature
2021-06-29T00:00:00Z,SUGG,0,28.80625,temperature
2021-06-29T00:00:00Z,SUGG,0.25,28.735833333333332,temperature
2021-06-29T00:00:00Z,SUGG,0.5,28.59875,temperature
2021-06-29T00:00:00Z,SUGG,0.75,28.482291666666665,temperature
2021-06-29T00:00:00Z,SUGG,1,28.101875,temperature
2021-06-30T00:00:00Z,SUGG,0,28.470625,temperature
2021-06-30T00:00:00Z,SUGG,0.25,28.434166666666663,temperature
2021-06-30T00:00:00Z,SUGG,0.5,28.382083333333338,temperature
2021-06-30T00:00:00Z,SUGG,0.75,28.280208333333334,temperature
2021-06-30T00:00:00Z,SUGG,1,28.051041666666663,temperature
2021-07-01T00:00:00Z,SUGG,0,28.265,temperature
2021-07-01T00:00:00Z,SUGG,0.25,28.200833333333332,temperature
2021-07-01T00:00:00Z,SUGG,0.5,28.11,temperature
2021-07-01T00:00:00Z,SUGG,0.75,28.00979166666667,temperature
2021-07-01T00:00:00Z,SUGG,1,27.851458333333333,temperature
2021-07-02T00:00:00Z,SUGG,0,28.44625,temperature
2021-07-02T00:00:00Z,SUGG,0.25,28.395416666666662,temperature
2021-07-02T00:00:00Z,SUGG,0.5,28.327291666666667,temperature
2021-07-02T00:00:00Z,SUGG,0.75,28.256666666666668,temperature
2021-07-02T00:00:00Z,SUGG,1,28.131666666666668,temperature
2021-07-03T00:00:00Z,SUGG,0,28.404583333333335,temperature
2021-07-03T00:00:00Z,SUGG,0.25,28.385416666666668,temperature
2021-07-03T00:00:00Z,SUGG,0.5,28.341041666666666,temperature
2021-07-03T00:00:00Z,SUGG,0.75,28.2525,temperature
2021-07-03T00:00:00Z,SUGG,1,28.138958333333335,temperature
2021-07-04T00:00:00Z,SUGG,0,27.905416666666667,temperature
2021-07-04T00:00:00Z,SUGG,0.25,27.80291666666667,temperature
2021-07-04T00:00:00Z,SUGG,0.5,27.744166666666665,temperature
2021-07-04T00:00:00Z,SUGG,0.75,27.694375,temperature
2021-07-04T00:00:00Z,SUGG,1,27.658958333333334,temperature
2021-07-05T00:00:00Z,SUGG,0,27.850416666666668,temperature
2021-07-05T00:00:00Z,SUGG,0.25,27.51125,temperature
2021-07-05T00:00:00Z,SUGG,0.5,27.410208333333333,temperature
2021-07-05T00:00:00Z,SUGG,0.75,27.348333333333333,temperature
2021-07-05T00:00:00Z,SUGG,1,27.29083333333333,temperature
2021-07-06T00:00:00Z,SUGG,0,28.688958333333332,temperature
2021-07-06T00:00:00Z,SUGG,0.25,28.20875,temperature
2021-07-06T00:00:00Z,SUGG,0.5,27.797708333333333,temperature
2021-07-06T00:00:00Z,SUGG,0.75,27.494583333333335,temperature
2021-07-06T00:00:00Z,SUGG,1,27.249166666666667,temperature
2021-07-07T00:00:00Z,SUGG,0,27.721458333333334,temperature
2021-07-07T00:00:00Z,SUGG,0.25,27.718333333333337,temperature
2021-07-07T00:00:00Z,SUGG,0.5,27.667083333333338,temperature
2021-07-07T00:00:00Z,SUGG,0.75,27.425416666666667,temperature
2021-07-07T00:00:00Z,SUGG,1,27.197916666666668,temperature
2021-07-08T00:00:00Z,SUGG,0,27.350625,temperature
2021-07-08T00:00:00Z,SUGG,0.25,27.300833333333333,temperature
2021-07-08T00:00:00Z,SUGG,0.5,27.221458333333334,temperature
2021-07-08T00:00:00Z,SUGG,0.75,27.093125,temperature
2021-07-08T00:00:00Z,SUGG,1,26.916666666666668,temperature
2021-07-09T00:00:00Z,SUGG,0,29.097291666666667,temperature
2021-07-09T00:00:00Z,SUGG,0.25,28.904791666666668,temperature
2021-07-09T00:00:00Z,SUGG,0.5,28.599375,temperature
2021-07-09T00:00:00Z,SUGG,0.75,27.796666666666667,temperature
2021-07-09T00:00:00Z,SUGG,1,27.107916666666668,temperature
2021-07-10T00:00:00Z,SUGG,0,29.742291666666667,temperature
2021-07-10T00:00:00Z,SUGG,0.25,29.22125,temperature
2021-07-10T00:00:00Z,SUGG,0.5,28.582916666666662,temperature
2021-07-10T00:00:00Z,SUGG,0.75,27.952708333333337,temperature
2021-07-10T00:00:00Z,SUGG,1,27.244375,temperature
2021-07-11T00:00:00Z,SUGG,0,30.68125,temperature
2021-07-11T00:00:00Z,SUGG,0.25,29.991666666666667,temperature
2021-07-11T00:00:00Z,SUGG,0.5,28.81041666666667,temperature
2021-07-11T00:00:00Z,SUGG,0.75,27.843958333333333,temperature
2021-07-11T00:00:00Z,SUGG,1,27.248541666666668,temperature
2021-07-12T00:00:00Z,SUGG,0,30.312083333333337,temperature
2021-07-12T00:00:00Z,SUGG,0.25,29.957291666666663,temperature
2021-07-12T00:00:00Z,SUGG,0.5,29.13104166666667,temperature
2021-07-12T00:00:00Z,SUGG,0.75,28.024375,temperature
2021-07-12T00:00:00Z,SUGG,1,27.322916666666668,temperature
2021-07-13T00:00:00Z,SUGG,0,29.97833333333333,temperature
2021-07-13T00:00:00Z,SUGG,0.25,29.868125,temperature
2021-07-13T00:00:00Z,SUGG,0.5,29.34166666666667,temperature
2021-07-13T00:00:00Z,SUGG,0.75,28.090416666666663,temperature
2021-07-13T00:00:00Z,SUGG,1,27.38458333333333,temperature
2021-07-14T00:00:00Z,SUGG,0,29.875625,temperature
2021-07-14T00:00:00Z,SUGG,0.25,29.779375,temperature
2021-07-14T00:00:00Z,SUGG,0.5,29.457916666666662,temperature
2021-07-14T00:00:00Z,SUGG,0.75,28.667708333333337,temperature
2021-07-14T00:00:00Z,SUGG,1,27.65625,temperature
2021-07-15T00:00:00Z,SUGG,0,30.319791666666667,temperature
2021-07-15T00:00:00Z,SUGG,0.25,30.139166666666668,temperature
2021-07-15T00:00:00Z,SUGG,0.5,29.938541666666666,temperature
2021-07-15T00:00:00Z,SUGG,0.75,29.30645833333333,temperature
2021-07-15T00:00:00Z,SUGG,1,28.06833333333333,temperature
2021-07-16T00:00:00Z,SUGG,0,31.223333333333333,temperature
2021-07-16T00:00:00Z,SUGG,0.25,30.373541666666668,temperature
2021-07-16T00:00:00Z,SUGG,0.5,29.960833333333333,temperature
2021-07-16T00:00:00Z,SUGG,0.75,29.368333333333332,temperature
2021-07-16T00:00:00Z,SUGG,1,28.293125,temperature
2021-07-17T00:00:00Z,SUGG,0,30.961666666666662,temperature
2021-07-17T00:00:00Z,SUGG,0.25,30.485,temperature
2021-07-17T00:00:00Z,SUGG,0.5,30.019375,temperature
2021-07-17T00:00:00Z,SUGG,0.75,29.338125,temperature
2021-07-17T00:00:00Z,SUGG,1,28.322916666666668,temperature
2021-07-18T00:00:00Z,SUGG,0,31.320833333333333,temperature
2021-07-18T00:00:00Z,SUGG,0.25,30.865833333333335,temperature
2021-07-18T00:00:00Z,SUGG,0.5,30.12625,temperature
2021-07-18T00:00:00Z,SUGG,0.75,29.378125,temperature
2021-07-18T00:00:00Z,SUGG,1,28.391041666666663,temperature
2021-07-19T00:00:00Z,SUGG,0,30.785416666666663,temperature
2021-07-19T00:00:00Z,SUGG,0.25,30.54125,temperature
2021-07-19T00:00:00Z,SUGG,0.5,30.2025,temperature
2021-07-19T00:00:00Z,SUGG,0.75,29.461875,temperature
2021-07-19T00:00:00Z,SUGG,1,28.525416666666665,temperature
2021-07-20T00:00:00Z,SUGG,0,30.16375,temperature
2021-07-20T00:00:00Z,SUGG,0.25,29.968333333333337,temperature
2021-07-20T00:00:00Z,SUGG,0.5,29.608541666666667,temperature
2021-07-20T00:00:00Z,SUGG,0.75,29.260208333333335,temperature
2021-07-20T00:00:00Z,SUGG,1,29.0025,temperature
2021-07-21T00:00:00Z,SUGG,0,30.772083333333335,temperature
2021-07-21T00:00:00Z,SUGG,0.25,30.548541666666665,temperature
2021-07-21T00:00:00Z,SUGG,0.5,30.106041666666663,temperature
2021-07-21T00:00:00Z,SUGG,0.75,29.277291666666667,temperature
2021-07-21T00:00:00Z,SUGG,1,28.667291666666667,temperature
2021-07-22T00:00:00Z,SUGG,0,30.924375,temperature
2021-07-22T00:00:00Z,SUGG,0.25,30.709375,temperature
2021-07-22T00:00:00Z,SUGG,0.5,30.333125,temperature
2021-07-22T00:00:00Z,SUGG,0.75,29.639791666666667,temperature
2021-07-22T00:00:00Z,SUGG,1,28.75375,temperature
2021-07-23T00:00:00Z,SUGG,0,31.717916666666667,temperature
2021-07-23T00:00:00Z,SUGG,0.25,31.557291666666668,temperature
2021-07-23T00:00:00Z,SUGG,0.5,30.844791666666666,temperature
2021-07-23T00:00:00Z,SUGG,0.75,29.57375,temperature
2021-07-23T00:00:00Z,SUGG,1,28.867291666666667,temperature
2021-07-24T00:00:00Z,SUGG,0,30.358958333333337,temperature
2021-07-24T00:00:00Z,SUGG,0.25,30.305416666666662,temperature
2021-07-24T00:00:00Z,SUGG,0.5,30.196875,temperature
2021-07-24T00:00:00Z,SUGG,0.75,29.9225,temperature
2021-07-24T00:00:00Z,SUGG,1,29.488541666666663,temperature
2021-07-25T00:00:00Z,SUGG,0,30.477291666666662,temperature
2021-07-25T00:00:00Z,SUGG,0.25,30.449583333333333,temperature
2021-07-25T00:00:00Z,SUGG,0.5,30.379791666666662,temperature
2021-07-25T00:00:00Z,SUGG,0.75,30.071875,temperature
2021-07-25T00:00:00Z,SUGG,1,29.641875,temperature
2021-07-26T00:00:00Z,SUGG,0,30.449166666666667,temperature
2021-07-26T00:00:00Z,SUGG,0.25,30.408541666666668,temperature
2021-07-26T00:00:00Z,SUGG,0.5,30.351458333333333,temperature
2021-07-26T00:00:00Z,SUGG,0.75,30.182708333333338,temperature
2021-07-26T00:00:00Z,SUGG,1,29.691875,temperature
2021-07-27T00:00:00Z,SUGG,0,31.34375,temperature
2021-07-27T00:00:00Z,SUGG,0.25,31.1025,temperature
2021-07-27T00:00:00Z,SUGG,0.5,30.853958333333335,temperature
2021-07-27T00:00:00Z,SUGG,0.75,30.409375,temperature
2021-07-27T00:00:00Z,SUGG,1,29.722291666666667,temperature
2021-07-28T00:00:00Z,SUGG,0,30.715625,temperature
2021-07-28T00:00:00Z,SUGG,0.25,30.647916666666667,temperature
2021-07-28T00:00:00Z,SUGG,0.5,30.503125,temperature
2021-07-28T00:00:00Z,SUGG,0.75,30.263125,temperature
2021-07-28T00:00:00Z,SUGG,1,29.864583333333332,temperature
2021-07-29T00:00:00Z,SUGG,0,30.269583333333333,temperature
2021-07-29T00:00:00Z,SUGG,0.25,29.780625,temperature
2021-07-29T00:00:00Z,SUGG,0.5,29.598333333333333,temperature
2021-07-29T00:00:00Z,SUGG,0.75,29.51875,temperature
2021-07-29T00:00:00Z,SUGG,1,29.40416666666667,temperature
2021-07-30T00:00:00Z,SUGG,0,31.039166666666667,temperature
2021-07-30T00:00:00Z,SUGG,0.25,30.699166666666667,temperature
2021-07-30T00:00:00Z,SUGG,0.5,30.104375,temperature
2021-07-30T00:00:00Z,SUGG,0.75,29.660416666666663,temperature
2021-07-30T00:00:00Z,SUGG,1,29.33875,temperature
2021-07-31T00:00:00Z,SUGG,0,31.380416666666665,temperature
2021-07-31T00:00:00Z,SUGG,0.25,31.281041666666667,temperature
2021-07-31T00:00:00Z,SUGG,0.5,30.892916666666668,temperature
2021-07-31T00:00:00Z,SUGG,0.75,30.399166666666662,temperature
2021-07-31T00:00:00Z,SUGG,1,29.328125,temperature
2021-08-01T00:00:00Z,SUGG,0,31.460208333333338,temperature
2021-08-01T00:00:00Z,SUGG,0.25,31.437916666666663,temperature
2021-08-01T00:00:00Z,SUGG,0.5,31.391458333333333,temperature
2021-08-01T00:00:00Z,SUGG,0.75,31.235208333333333,temperature
2021-08-01T00:00:00Z,SUGG,1,30.032083333333333,temperature
2021-08-02T00:00:00Z,SUGG,0,31.012083333333333,temperature
2021-08-02T00:00:00Z,SUGG,0.25,30.85,temperature
2021-08-02T00:00:00Z,SUGG,0.5,30.711875,temperature
2021-08-02T00:00:00Z,SUGG,0.75,30.495,temperature
2021-08-02T00:00:00Z,SUGG,1,30.22,temperature
2021-08-03T00:00:00Z,SUGG,0,29.74375,temperature
2021-08-03T00:00:00Z,SUGG,0.25,29.741666666666667,temperature
2021-08-03T00:00:00Z,SUGG,0.5,29.721875,temperature
2021-08-03T00:00:00Z,SUGG,0.75,29.592083333333335,temperature
2021-08-03T00:00:00Z,SUGG,1,29.48875,temperature
2021-08-04T00:00:00Z,SUGG,0,28.854375,temperature
2021-08-04T00:00:00Z,SUGG,0.25,28.762916666666666,temperature
2021-08-04T00:00:00Z,SUGG,0.5,28.70125,temperature
2021-08-04T00:00:00Z,SUGG,0.75,28.668541666666663,temperature
2021-08-04T00:00:00Z,SUGG,1,28.636041666666667,temperature
2021-08-05T00:00:00Z,SUGG,0,28.39270833333333,temperature
2021-08-05T00:00:00Z,SUGG,0.25,28.387916666666666,temperature
2021-08-05T00:00:00Z,SUGG,0.5,28.371458333333333,temperature
2021-08-05T00:00:00Z,SUGG,0.75,28.352083333333333,temperature
2021-08-05T00:00:00Z,SUGG,1,28.310625,temperature
2021-08-06T00:00:00Z,SUGG,0,28.331666666666667,temperature
2021-08-06T00:00:00Z,SUGG,0.25,28.293541666666663,temperature
2021-08-06T00:00:00Z,SUGG,0.5,28.235,temperature
2021-08-06T00:00:00Z,SUGG,0.75,28.106041666666663,temperature
2021-08-06T00:00:00Z,SUGG,1,27.935,temperature
2021-08-07T00:00:00Z,SUGG,0,29.896041666666665,temperature
2021-08-07T00:00:00Z,SUGG,0.25,29.626666666666665,temperature
2021-08-07T00:00:00Z,SUGG,0.5,29.202708333333337,temperature
2021-08-07T00:00:00Z,SUGG,0.75,28.52166666666667,temperature
2021-08-07T00:00:00Z,SUGG,1,28.230833333333333,temperature
2021-08-08T00:00:00Z,SUGG,0,31.142708333333335,temperature
2021-08-08T00:00:00Z,SUGG,0.25,30.515,temperature
2021-08-08T00:00:00Z,SUGG,0.5,29.410208333333333,temperature
2021-08-08T00:00:00Z,SUGG,0.75,28.547083333333333,temperature
2021-08-08T00:00:00Z,SUGG,1,28.1325,temperature
2021-08-09T00:00:00Z,SUGG,0,31.20375,temperature
2021-08-09T00:00:00Z,SUGG,0.25,30.351875,temperature
2021-08-09T00:00:00Z,SUGG,0.5,29.355,temperature
2021-08-09T00:00:00Z,SUGG,0.75,28.616458333333338,temperature
2021-08-09T00:00:00Z,SUGG,1,28.110833333333332,temperature
2021-08-10T00:00:00Z,SUGG,0,31.503333333333337,temperature
2021-08-10T00:00:00Z,SUGG,0.25,30.81125,temperature
2021-08-10T00:00:00Z,SUGG,0.5,29.943125,temperature
2021-08-10T00:00:00Z,SUGG,0.75,28.75375,temperature
2021-08-10T00:00:00Z,SUGG,1,28.144791666666663,temperature
2021-08-11T00:00:00Z,SUGG,0,31.003863636363636,temperature
2021-08-11T00:00:00Z,SUGG,0.25,30.525454545454544,temperature
2021-08-11T00:00:00Z,SUGG,0.5,29.819318181818183,temperature
2021-08-11T00:00:00Z,SUGG,0.75,28.880454545454544,temperature
2021-08-11T00:00:00Z,SUGG,1,28.165681818181817,temperature
2021-08-12T00:00:00Z,SUGG,0,30.836041666666667,temperature
2021-08-12T00:00:00Z,SUGG,0.25,30.385,temperature
2021-08-12T00:00:00Z,SUGG,0.5,29.760833333333338,temperature
2021-08-12T00:00:00Z,SUGG,0.75,28.862083333333334,temperature
2021-08-12T00:00:00Z,SUGG,1,28.195625,temperature
2021-08-13T00:00:00Z,SUGG,0,30.154583333333335,temperature
2021-08-13T00:00:00Z,SUGG,0.25,30.005833333333335,temperature
2021-08-13T00:00:00Z,SUGG,0.5,29.694166666666668,temperature
2021-08-13T00:00:00Z,SUGG,0.75,29.049583333333334,temperature
2021-08-13T00:00:00Z,SUGG,1,28.284791666666667,temperature
2021-08-14T00:00:00Z,SUGG,0,29.753958333333333,temperature
2021-08-14T00:00:00Z,SUGG,0.25,29.708333333333332,temperature
2021-08-14T00:00:00Z,SUGG,0.5,29.592708333333334,temperature
2021-08-14T00:00:00Z,SUGG,0.75,29.2325,temperature
2021-08-14T00:00:00Z,SUGG,1,28.537083333333335,temperature
2021-08-15T00:00:00Z,SUGG,0,28.988333333333333,temperature
2021-08-15T00:00:00Z,SUGG,0.25,28.937916666666663,temperature
2021-08-15T00:00:00Z,SUGG,0.5,28.863541666666663,temperature
2021-08-15T00:00:00Z,SUGG,0.75,28.6675,temperature
2021-08-15T00:00:00Z,SUGG,1,28.466666666666665,temperature
2021-08-16T00:00:00Z,SUGG,0,29.05625,temperature
2021-08-16T00:00:00Z,SUGG,0.25,29.0425,temperature
2021-08-16T00:00:00Z,SUGG,0.5,29.015833333333333,temperature
2021-08-16T00:00:00Z,SUGG,0.75,28.891875,temperature
2021-08-16T00:00:00Z,SUGG,1,28.6,temperature
2021-08-17T00:00:00Z,SUGG,0,29.042916666666667,temperature
2021-08-17T00:00:00Z,SUGG,0.25,28.944166666666668,temperature
2021-08-17T00:00:00Z,SUGG,0.5,28.874583333333337,temperature
2021-08-17T00:00:00Z,SUGG,0.75,28.731875,temperature
2021-08-17T00:00:00Z,SUGG,1,28.59125,temperature
2021-08-18T00:00:00Z,SUGG,0,30.429791666666667,temperature
2021-08-18T00:00:00Z,SUGG,0.25,29.552083333333332,temperature
2021-08-18T00:00:00Z,SUGG,0.5,29.300625,temperature
2021-08-18T00:00:00Z,SUGG,0.75,29.071458333333332,temperature
2021-08-18T00:00:00Z,SUGG,1,28.556041666666665,temperature
2021-08-19T00:00:00Z,SUGG,0,31.843333333333337,temperature
2021-08-19T00:00:00Z,SUGG,0.25,30.785,temperature
2021-08-19T00:00:00Z,SUGG,0.5,29.58125,temperature
2021-08-19T00:00:00Z,SUGG,0.75,29.012083333333333,temperature
2021-08-19T00:00:00Z,SUGG,1,28.63083333333333,temperature
2021-08-20T00:00:00Z,SUGG,0,31.179791666666667,temperature
2021-08-20T00:00:00Z,SUGG,0.25,30.850625,temperature
2021-08-20T00:00:00Z,SUGG,0.5,30.283541666666668,temperature
2021-08-20T00:00:00Z,SUGG,0.75,29.760416666666668,temperature
2021-08-20T00:00:00Z,SUGG,1,29.2675,temperature
2021-08-21T00:00:00Z,SUGG,0,32.28458333333333,temperature
2021-08-21T00:00:00Z,SUGG,0.25,32.0925,temperature
2021-08-21T00:00:00Z,SUGG,0.5,31.4675,temperature
2021-08-21T00:00:00Z,SUGG,0.75,29.697916666666668,temperature
2021-08-21T00:00:00Z,SUGG,1,29.055416666666662,temperature
2021-08-22T00:00:00Z,SUGG,0,32.13375,temperature
2021-08-22T00:00:00Z,SUGG,0.25,32.06729166666667,temperature
2021-08-22T00:00:00Z,SUGG,0.5,31.573541666666667,temperature
2021-08-22T00:00:00Z,SUGG,0.75,30.123125,temperature
2021-08-22T00:00:00Z,SUGG,1,29.098125,temperature
2021-08-23T00:00:00Z,SUGG,0,31.198541666666667,temperature
2021-08-23T00:00:00Z,SUGG,0.25,31.067708333333332,temperature
2021-08-23T00:00:00Z,SUGG,0.5,30.882083333333338,temperature
2021-08-23T00:00:00Z,SUGG,0.75,30.430625,temperature
2021-08-23T00:00:00Z,SUGG,1,29.285625,temperature
2021-08-24T00:00:00Z,SUGG,0,30.61875,temperature
2021-08-24T00:00:00Z,SUGG,0.25,30.448541666666667,temperature
2021-08-24T00:00:00Z,SUGG,0.5,30.279375,temperature
2021-08-24T00:00:00Z,SUGG,0.75,30.017916666666668,temperature
2021-08-24T00:00:00Z,SUGG,1,29.445625,temperature
2021-08-25T00:00:00Z,SUGG,0,29.433333333333337,temperature
2021-08-25T00:00:00Z,SUGG,0.25,29.131951219512196,temperature
2021-08-25T00:00:00Z,SUGG,0.5,28.988048780487805,temperature
2021-08-25T00:00:00Z,SUGG,0.75,28.92682926829268,temperature
2021-08-25T00:00:00Z,SUGG,1,28.88658536585366,temperature
2021-08-26T00:00:00Z,SUGG,0,29.56125,temperature
2021-08-26T00:00:00Z,SUGG,0.25,29.355208333333337,temperature
2021-08-26T00:00:00Z,SUGG,0.5,29.128125,temperature
2021-08-26T00:00:00Z,SUGG,0.75,28.889375,temperature
2021-08-26T00:00:00Z,SUGG,1,28.673541666666665,temperature
2021-08-27T00:00:00Z,SUGG,0,29.158958333333334,temperature
2021-08-27T00:00:00Z,SUGG,0.25,29.127291666666668,temperature
2021-08-27T00:00:00Z,SUGG,0.5,29.093958333333333,temperature
2021-08-27T00:00:00Z,SUGG,0.75,29.030625,temperature
2021-08-27T00:00:00Z,SUGG,1,28.83375,temperature
2021-08-28T00:00:00Z,SUGG,0,29.280625,temperature
2021-08-28T00:00:00Z,SUGG,0.25,29.237916666666667,temperature
2021-08-28T00:00:00Z,SUGG,0.5,29.172916666666666,temperature
2021-08-28T00:00:00Z,SUGG,0.75,29.092083333333335,temperature
2021-08-28T00:00:00Z,SUGG,1,28.92125,temperature
2021-08-29T00:00:00Z,SUGG,0,29.864375,temperature
2021-08-29T00:00:00Z,SUGG,0.25,29.767083333333332,temperature
2021-08-29T00:00:00Z,SUGG,0.5,29.507708333333333,temperature
2021-08-29T00:00:00Z,SUGG,0.75,29.290208333333332,temperature
2021-08-29T00:00:00Z,SUGG,1,29.0875,temperature
2021-08-30T00:00:00Z,SUGG,0,31.17872340425532,temperature
2021-08-30T00:00:00Z,SUGG,0.25,30.584468085106383,temperature
2021-08-30T00:00:00Z,SUGG,0.5,29.901914893617025,temperature
2021-08-30T00:00:00Z,SUGG,0.75,29.596808510638297,temperature
2021-08-30T00:00:00Z,SUGG,1,29.15872340425532,temperature
2021-08-31T00:00:00Z,SUGG,0,31.429791666666667,temperature
2021-08-31T00:00:00Z,SUGG,0.25,31.038125,temperature
2021-08-31T00:00:00Z,SUGG,0.5,30.50958333333333,temperature
2021-08-31T00:00:00Z,SUGG,0.75,30.151666666666667,temperature
2021-08-31T00:00:00Z,SUGG,1,29.525625,temperature
2021-09-01T00:00:00Z,SUGG,0,29.842708333333334,temperature
2021-09-01T00:00:00Z,SUGG,0.25,29.84375,temperature
2021-09-01T00:00:00Z,SUGG,0.5,29.843333333333337,temperature
2021-09-01T00:00:00Z,SUGG,0.75,29.832916666666662,temperature
2021-09-01T00:00:00Z,SUGG,1,29.584583333333335,temperature
2021-09-02T00:00:00Z,SUGG,0,28.91,temperature
2021-09-02T00:00:00Z,SUGG,0.25,28.85375,temperature
2021-09-02T00:00:00Z,SUGG,0.5,28.752083333333335,temperature
2021-09-02T00:00:00Z,SUGG,0.75,28.638333333333332,temperature
2021-09-02T00:00:00Z,SUGG,1,28.54125,temperature
2021-09-03T00:00:00Z,SUGG,0,29.152916666666663,temperature
2021-09-03T00:00:00Z,SUGG,0.25,29.00125,temperature
2021-09-03T00:00:00Z,SUGG,0.5,28.8475,temperature
2021-09-03T00:00:00Z,SUGG,0.75,28.619583333333335,temperature
2021-09-03T00:00:00Z,SUGG,1,28.445625,temperature
2021-09-04T00:00:00Z,SUGG,0,29.108125,temperature
2021-09-04T00:00:00Z,SUGG,0.25,28.810416666666665,temperature
2021-09-04T00:00:00Z,SUGG,0.5,28.601666666666667,temperature
2021-09-04T00:00:00Z,SUGG,0.75,28.47833333333333,temperature
2021-09-04T00:00:00Z,SUGG,1,28.417708333333337,temperature
2021-09-05T00:00:00Z,SUGG,0,29.675208333333337,temperature
2021-09-05T00:00:00Z,SUGG,0.25,29.379166666666663,temperature
2021-09-05T00:00:00Z,SUGG,0.5,28.900625,temperature
2021-09-05T00:00:00Z,SUGG,0.75,28.389375,temperature
2021-09-05T00:00:00Z,SUGG,1,28.254166666666663,temperature
2021-09-06T00:00:00Z,SUGG,0,30.765208333333337,temperature
2021-09-06T00:00:00Z,SUGG,0.25,29.880625,temperature
2021-09-06T00:00:00Z,SUGG,0.5,29.095,temperature
2021-09-06T00:00:00Z,SUGG,0.75,28.43375,temperature
2021-09-06T00:00:00Z,SUGG,1,28.201666666666668,temperature
2021-09-07T00:00:00Z,SUGG,0,30.344166666666663,temperature
2021-09-07T00:00:00Z,SUGG,0.25,29.625625,temperature
2021-09-07T00:00:00Z,SUGG,0.5,29.221041666666668,temperature
2021-09-07T00:00:00Z,SUGG,0.75,28.670208333333335,temperature
2021-09-07T00:00:00Z,SUGG,1,28.280416666666667,temperature
2021-09-08T00:00:00Z,SUGG,0,30.159583333333337,temperature
2021-09-08T00:00:00Z,SUGG,0.25,29.601041666666667,temperature
2021-09-08T00:00:00Z,SUGG,0.5,29.273125,temperature
2021-09-08T00:00:00Z,SUGG,0.75,28.895416666666662,temperature
2021-09-08T00:00:00Z,SUGG,1,28.428333333333335,temperature
2021-09-09T00:00:00Z,SUGG,0,28.966666666666665,temperature
2021-09-09T00:00:00Z,SUGG,0.25,28.951458333333335,temperature
2021-09-09T00:00:00Z,SUGG,0.5,28.933958333333333,temperature
2021-09-09T00:00:00Z,SUGG,0.75,28.856041666666663,temperature
2021-09-09T00:00:00Z,SUGG,1,28.683958333333333,temperature
2021-09-10T00:00:00Z,SUGG,0,29.008125,temperature
2021-09-10T00:00:00Z,SUGG,0.25,28.702916666666667,temperature
2021-09-10T00:00:00Z,SUGG,0.5,28.588541666666668,temperature
2021-09-10T00:00:00Z,SUGG,0.75,28.519166666666667,temperature
2021-09-10T00:00:00Z,SUGG,1,28.339791666666667,temperature
2021-09-11T00:00:00Z,SUGG,0,28.714791666666667,temperature
2021-09-11T00:00:00Z,SUGG,0.25,28.680625,temperature
2021-09-11T00:00:00Z,SUGG,0.5,28.561041666666668,temperature
2021-09-11T00:00:00Z,SUGG,0.75,28.373541666666668,temperature
2021-09-11T00:00:00Z,SUGG,1,28.275,temperature
2021-09-12T00:00:00Z,SUGG,0,28.511041666666667,temperature
2021-09-12T00:00:00Z,SUGG,0.25,28.485625,temperature
2021-09-12T00:00:00Z,SUGG,0.5,28.451875,temperature
2021-09-12T00:00:00Z,SUGG,0.75,28.408541666666668,temperature
2021-09-12T00:00:00Z,SUGG,1,28.214583333333337,temperature
2021-09-13T00:00:00Z,SUGG,0,29.218541666666667,temperature
2021-09-13T00:00:00Z,SUGG,0.25,28.768333333333334,temperature
2021-09-13T00:00:00Z,SUGG,0.5,28.545208333333335,temperature
2021-09-13T00:00:00Z,SUGG,0.75,28.477083333333333,temperature
2021-09-13T00:00:00Z,SUGG,1,28.393958333333337,temperature
2021-09-14T00:00:00Z,SUGG,0,29.294583333333332,temperature
2021-09-14T00:00:00Z,SUGG,0.25,28.934791666666666,temperature
2021-09-14T00:00:00Z,SUGG,0.5,28.688541666666666,temperature
2021-09-14T00:00:00Z,SUGG,0.75,28.455833333333334,temperature
2021-09-14T00:00:00Z,SUGG,1,28.27125,temperature
2021-09-15T00:00:00Z,SUGG,0,28.964791666666667,temperature
2021-09-15T00:00:00Z,SUGG,0.25,28.743541666666665,temperature
2021-09-15T00:00:00Z,SUGG,0.5,28.543541666666663,temperature
2021-09-15T00:00:00Z,SUGG,0.75,28.398958333333333,temperature
2021-09-15T00:00:00Z,SUGG,1,28.274375,temperature
2021-09-16T00:00:00Z,SUGG,0,29.318958333333335,temperature
2021-09-16T00:00:00Z,SUGG,0.25,29.134166666666665,temperature
2021-09-16T00:00:00Z,SUGG,0.5,28.888125,temperature
2021-09-16T00:00:00Z,SUGG,0.75,28.499375,temperature
2021-09-16T00:00:00Z,SUGG,1,28.187291666666667,temperature
2021-09-17T00:00:00Z,SUGG,0,29.2225,temperature
2021-09-17T00:00:00Z,SUGG,0.25,28.8575,temperature
2021-09-17T00:00:00Z,SUGG,0.5,28.537916666666668,temperature
2021-09-17T00:00:00Z,SUGG,0.75,28.419375,temperature
2021-09-17T00:00:00Z,SUGG,1,28.257291666666667,temperature
2021-09-18T00:00:00Z,SUGG,0,28.977708333333332,temperature
2021-09-18T00:00:00Z,SUGG,0.25,28.667291666666667,temperature
2021-09-18T00:00:00Z,SUGG,0.5,28.506666666666668,temperature
2021-09-18T00:00:00Z,SUGG,0.75,28.411666666666665,temperature
2021-09-18T00:00:00Z,SUGG,1,28.263958333333335,temperature
2021-09-19T00:00:00Z,SUGG,0,28.795,temperature
2021-09-19T00:00:00Z,SUGG,0.25,28.571458333333332,temperature
2021-09-19T00:00:00Z,SUGG,0.5,28.374375,temperature
2021-09-19T00:00:00Z,SUGG,0.75,28.262291666666663,temperature
2021-09-19T00:00:00Z,SUGG,1,28.101041666666667,temperature
2021-09-20T00:00:00Z,SUGG,0,28.383125,temperature
2021-09-20T00:00:00Z,SUGG,0.25,28.1575,temperature
2021-09-20T00:00:00Z,SUGG,0.5,28.087083333333332,temperature
2021-09-20T00:00:00Z,SUGG,0.75,27.99395833333333,temperature
2021-09-20T00:00:00Z,SUGG,1,27.939583333333335,temperature
2021-09-21T00:00:00Z,SUGG,0,28.620833333333337,temperature
2021-09-21T00:00:00Z,SUGG,0.25,27.975833333333338,temperature
2021-09-21T00:00:00Z,SUGG,0.5,27.817916666666665,temperature
2021-09-21T00:00:00Z,SUGG,0.75,27.735833333333332,temperature
2021-09-21T00:00:00Z,SUGG,1,27.690625,temperature
2021-09-22T00:00:00Z,SUGG,0,28.948125,temperature
2021-09-22T00:00:00Z,SUGG,0.25,28.735,temperature
2021-09-22T00:00:00Z,SUGG,0.5,28.376458333333332,temperature
2021-09-22T00:00:00Z,SUGG,0.75,27.85125,temperature
2021-09-22T00:00:00Z,SUGG,1,27.722291666666667,temperature
2021-09-23T00:00:00Z,SUGG,0,29.320416666666667,temperature
2021-09-23T00:00:00Z,SUGG,0.25,28.923541666666665,temperature
2021-09-23T00:00:00Z,SUGG,0.5,28.296875,temperature
2021-09-23T00:00:00Z,SUGG,0.75,27.853958333333335,temperature
2021-09-23T00:00:00Z,SUGG,1,27.716041666666666,temperature
2021-09-24T00:00:00Z,SUGG,0,28.155416666666667,temperature
2021-09-24T00:00:00Z,SUGG,0.25,28.022708333333338,temperature
2021-09-24T00:00:00Z,SUGG,0.5,27.8625,temperature
2021-09-24T00:00:00Z,SUGG,0.75,27.62666666666667,temperature
2021-09-24T00:00:00Z,SUGG,1,27.428958333333338,temperature
2021-09-25T00:00:00Z,SUGG,0,27.908125,temperature
2021-09-25T00:00:00Z,SUGG,0.25,27.58625,temperature
2021-09-25T00:00:00Z,SUGG,0.5,27.380416666666665,temperature
2021-09-25T00:00:00Z,SUGG,0.75,27.301458333333333,temperature
2021-09-25T00:00:00Z,SUGG,1,27.19875,temperature
2021-09-26T00:00:00Z,SUGG,0,27.864166666666662,temperature
2021-09-26T00:00:00Z,SUGG,0.25,27.515208333333337,temperature
2021-09-26T00:00:00Z,SUGG,0.5,27.301666666666662,temperature
2021-09-26T00:00:00Z,SUGG,0.75,27.218125,temperature
2021-09-26T00:00:00Z,SUGG,1,27.118125,temperature
2021-09-27T00:00:00Z,SUGG,0,27.724583333333335,temperature
2021-09-27T00:00:00Z,SUGG,0.25,27.45625,temperature
2021-09-27T00:00:00Z,SUGG,0.5,27.092708333333334,temperature
2021-09-27T00:00:00Z,SUGG,0.75,26.949166666666667,temperature
2021-09-27T00:00:00Z,SUGG,1,26.8725,temperature
2021-09-28T00:00:00Z,SUGG,0,27.811666666666667,temperature
2021-09-28T00:00:00Z,SUGG,0.25,27.399375,temperature
2021-09-28T00:00:00Z,SUGG,0.5,27.170625,temperature
2021-09-28T00:00:00Z,SUGG,0.75,26.877916666666668,temperature
2021-09-28T00:00:00Z,SUGG,1,26.708958333333335,temperature
2021-09-29T00:00:00Z,SUGG,0,27.52375,temperature
2021-09-29T00:00:00Z,SUGG,0.25,27.062291666666667,temperature
2021-09-29T00:00:00Z,SUGG,0.5,26.779791666666668,temperature
2021-09-29T00:00:00Z,SUGG,0.75,26.649791666666665,temperature
2021-09-29T00:00:00Z,SUGG,1,26.58875,temperature
2021-09-30T00:00:00Z,SUGG,0,27.3375,temperature
2021-09-30T00:00:00Z,SUGG,0.25,27.004375,temperature
2021-09-30T00:00:00Z,SUGG,0.5,26.68,temperature
2021-09-30T00:00:00Z,SUGG,0.75,26.501041666666666,temperature
2021-09-30T00:00:00Z,SUGG,1,26.426666666666662,temperature
2021-10-01T00:00:00Z,SUGG,0,27.4525,temperature
2021-10-01T00:00:00Z,SUGG,0.25,27.291458333333335,temperature
2021-10-01T00:00:00Z,SUGG,0.5,27.020833333333332,temperature
2021-10-01T00:00:00Z,SUGG,0.75,26.66604166666667,temperature
2021-10-01T00:00:00Z,SUGG,1,26.447083333333335,temperature
2021-10-02T00:00:00Z,SUGG,0,27.335833333333333,temperature
2021-10-02T00:00:00Z,SUGG,0.25,27.262708333333332,temperature
2021-10-02T00:00:00Z,SUGG,0.5,27.140208333333337,temperature
2021-10-02T00:00:00Z,SUGG,0.75,27.007916666666667,temperature
2021-10-02T00:00:00Z,SUGG,1,26.751458333333332,temperature
2021-10-03T00:00:00Z,SUGG,0,27.17375,temperature
2021-10-03T00:00:00Z,SUGG,0.25,26.840625,temperature
2021-10-03T00:00:00Z,SUGG,0.5,26.7375,temperature
2021-10-03T00:00:00Z,SUGG,0.75,26.635208333333335,temperature
2021-10-03T00:00:00Z,SUGG,1,26.525625,temperature
2021-10-04T00:00:00Z,SUGG,0,27.335744680851064,temperature
2021-10-04T00:00:00Z,SUGG,0.25,26.941702127659575,temperature
2021-10-04T00:00:00Z,SUGG,0.5,26.70872340425532,temperature
2021-10-04T00:00:00Z,SUGG,0.75,26.438297872340424,temperature
2021-10-04T00:00:00Z,SUGG,1,26.30191489361702,temperature
2021-10-05T00:00:00Z,SUGG,0,27.326875,temperature
2021-10-05T00:00:00Z,SUGG,0.25,27.044791666666665,temperature
2021-10-05T00:00:00Z,SUGG,0.5,26.758333333333333,temperature
2021-10-05T00:00:00Z,SUGG,0.75,26.438125,temperature
2021-10-05T00:00:00Z,SUGG,1,26.305625,temperature
2021-10-06T00:00:00Z,SUGG,0,27.358333333333334,temperature
2021-10-06T00:00:00Z,SUGG,0.25,27.131458333333335,temperature
2021-10-06T00:00:00Z,SUGG,0.5,26.929583333333333,temperature
2021-10-06T00:00:00Z,SUGG,0.75,26.7375,temperature
2021-10-06T00:00:00Z,SUGG,1,26.551458333333333,temperature
2021-10-07T00:00:00Z,SUGG,0,27.243333333333332,temperature
2021-10-07T00:00:00Z,SUGG,0.25,26.823541666666667,temperature
2021-10-07T00:00:00Z,SUGG,0.5,26.718541666666667,temperature
2021-10-07T00:00:00Z,SUGG,0.75,26.5925,temperature
2021-10-07T00:00:00Z,SUGG,1,26.492916666666662,temperature
2021-10-08T00:00:00Z,SUGG,0,27.588125,temperature
2021-10-08T00:00:00Z,SUGG,0.25,27.286458333333332,temperature
2021-10-08T00:00:00Z,SUGG,0.5,26.894791666666663,temperature
2021-10-08T00:00:00Z,SUGG,0.75,26.701041666666665,temperature
2021-10-08T00:00:00Z,SUGG,1,26.552291666666665,temperature
2021-10-09T00:00:00Z,SUGG,0,27.314375,temperature
2021-10-09T00:00:00Z,SUGG,0.25,27.236666666666668,temperature
2021-10-09T00:00:00Z,SUGG,0.5,27.135625,temperature
2021-10-09T00:00:00Z,SUGG,0.75,26.903541666666666,temperature
2021-10-09T00:00:00Z,SUGG,1,26.767708333333335,temperature
2021-10-10T00:00:00Z,SUGG,0,27.389791666666667,temperature
2021-10-10T00:00:00Z,SUGG,0.25,27.321458333333332,temperature
2021-10-10T00:00:00Z,SUGG,0.5,27.21875,temperature
2021-10-10T00:00:00Z,SUGG,0.75,26.91625,temperature
2021-10-10T00:00:00Z,SUGG,1,26.748125,temperature
2021-10-11T00:00:00Z,SUGG,0,27.183125,temperature
2021-10-11T00:00:00Z,SUGG,0.25,27.084583333333335,temperature
2021-10-11T00:00:00Z,SUGG,0.5,26.955,temperature
2021-10-11T00:00:00Z,SUGG,0.75,26.830208333333335,temperature
2021-10-11T00:00:00Z,SUGG,1,26.722708333333333,temperature
2021-10-12T00:00:00Z,SUGG,0,27.1725,temperature
2021-10-12T00:00:00Z,SUGG,0.25,27.122083333333332,temperature
2021-10-12T00:00:00Z,SUGG,0.5,27.063333333333333,temperature
2021-10-12T00:00:00Z,SUGG,0.75,26.945,temperature
2021-10-12T00:00:00Z,SUGG,1,26.711875,temperature
2021-10-13T00:00:00Z,SUGG,0,27.358125,temperature
2021-10-13T00:00:00Z,SUGG,0.25,27.0675,temperature
2021-10-13T00:00:00Z,SUGG,0.5,26.889791666666667,temperature
2021-10-13T00:00:00Z,SUGG,0.75,26.821666666666665,temperature
2021-10-13T00:00:00Z,SUGG,1,26.752708333333334,temperature
2021-10-14T00:00:00Z,SUGG,0,27.713958333333338,temperature
2021-10-14T00:00:00Z,SUGG,0.25,27.148958333333333,temperature
2021-10-14T00:00:00Z,SUGG,0.5,26.921666666666667,temperature
2021-10-14T00:00:00Z,SUGG,0.75,26.765208333333337,temperature
2021-10-14T00:00:00Z,SUGG,1,26.649583333333332,temperature
2021-10-15T00:00:00Z,SUGG,0,27.842291666666668,temperature
2021-10-15T00:00:00Z,SUGG,0.25,27.38,temperature
2021-10-15T00:00:00Z,SUGG,0.5,26.9775,temperature
2021-10-15T00:00:00Z,SUGG,0.75,26.773541666666667,temperature
2021-10-15T00:00:00Z,SUGG,1,26.64270833333333,temperature
2021-10-16T00:00:00Z,SUGG,0,28.075625,temperature
2021-10-16T00:00:00Z,SUGG,0.25,27.624166666666667,temperature
2021-10-16T00:00:00Z,SUGG,0.5,27.018958333333337,temperature
2021-10-16T00:00:00Z,SUGG,0.75,26.710208333333338,temperature
2021-10-16T00:00:00Z,SUGG,1,26.598541666666662,temperature
2021-10-17T00:00:00Z,SUGG,0,26.66625,temperature
2021-10-17T00:00:00Z,SUGG,0.25,26.61125,temperature
2021-10-17T00:00:00Z,SUGG,0.5,26.418125,temperature
2021-10-17T00:00:00Z,SUGG,0.75,26.243541666666665,temperature
2021-10-17T00:00:00Z,SUGG,1,26.145208333333333,temperature
2021-10-18T00:00:00Z,SUGG,0,25.435208333333332,temperature
2021-10-18T00:00:00Z,SUGG,0.25,25.405208333333334,temperature
2021-10-18T00:00:00Z,SUGG,0.5,25.361458333333335,temperature
2021-10-18T00:00:00Z,SUGG,0.75,25.29125,temperature
2021-10-18T00:00:00Z,SUGG,1,25.213541666666668,temperature
2021-10-19T00:00:00Z,SUGG,0,24.861458333333335,temperature
2021-10-19T00:00:00Z,SUGG,0.25,24.83875,temperature
2021-10-19T00:00:00Z,SUGG,0.5,24.804166666666667,temperature
2021-10-19T00:00:00Z,SUGG,0.75,24.762083333333333,temperature
2021-10-19T00:00:00Z,SUGG,1,24.692291666666662,temperature
2021-10-20T00:00:00Z,SUGG,0,24.707708333333333,temperature
2021-10-20T00:00:00Z,SUGG,0.25,24.649375,temperature
2021-10-20T00:00:00Z,SUGG,0.5,24.597291666666667,temperature
2021-10-20T00:00:00Z,SUGG,0.75,24.548541666666665,temperature
2021-10-20T00:00:00Z,SUGG,1,24.38,temperature
2021-10-21T00:00:00Z,SUGG,0,24.976875,temperature
2021-10-21T00:00:00Z,SUGG,0.25,24.515416666666667,temperature
2021-10-21T00:00:00Z,SUGG,0.5,24.32208333333333,temperature
2021-10-21T00:00:00Z,SUGG,0.75,24.248958333333334,temperature
2021-10-21T00:00:00Z,SUGG,1,24.221666666666668,temperature
2021-10-22T00:00:00Z,SUGG,0,25.71,temperature
2021-10-22T00:00:00Z,SUGG,0.25,25.042916666666667,temperature
2021-10-22T00:00:00Z,SUGG,0.5,24.525625,temperature
2021-10-22T00:00:00Z,SUGG,0.75,24.202083333333334,temperature
2021-10-22T00:00:00Z,SUGG,1,24.064375,temperature
2021-10-23T00:00:00Z,SUGG,0,26.176666666666662,temperature
2021-10-23T00:00:00Z,SUGG,0.25,25.434375,temperature
2021-10-23T00:00:00Z,SUGG,0.5,24.742291666666667,temperature
2021-10-23T00:00:00Z,SUGG,0.75,24.352291666666662,temperature
2021-10-23T00:00:00Z,SUGG,1,24.1675,temperature
2021-10-24T00:00:00Z,SUGG,0,25.434418604651164,temperature
2021-10-24T00:00:00Z,SUGG,0.25,25.185581395348837,temperature
2021-10-24T00:00:00Z,SUGG,0.5,24.85418604651163,temperature
2021-10-24T00:00:00Z,SUGG,0.75,24.60883720930233,temperature
2021-10-24T00:00:00Z,SUGG,1,24.30139534883721,temperature
2021-10-25T00:00:00Z,SUGG,0,25.515,temperature
2021-10-25T00:00:00Z,SUGG,0.25,25.492916666666662,temperature
2021-10-25T00:00:00Z,SUGG,0.5,25.465208333333333,temperature
2021-10-25T00:00:00Z,SUGG,0.75,25.413333333333338,temperature
2021-10-25T00:00:00Z,SUGG,1,25.123541666666668,temperature
2021-10-26T00:00:00Z,SUGG,0,26.084375,temperature
2021-10-26T00:00:00Z,SUGG,0.25,26.0725,temperature
2021-10-26T00:00:00Z,SUGG,0.5,26.057916666666667,temperature
2021-10-26T00:00:00Z,SUGG,0.75,25.980833333333333,temperature
2021-10-26T00:00:00Z,SUGG,1,25.634166666666665,temperature
2021-10-27T00:00:00Z,SUGG,0,25.545,temperature
2021-10-27T00:00:00Z,SUGG,0.25,25.088125,temperature
2021-10-27T00:00:00Z,SUGG,0.5,24.952916666666667,temperature
2021-10-27T00:00:00Z,SUGG,0.75,24.92,temperature
2021-10-27T00:00:00Z,SUGG,1,24.87125,temperature
2021-10-28T00:00:00Z,SUGG,0,24.4625,temperature
2021-10-28T00:00:00Z,SUGG,0.25,24.437916666666663,temperature
2021-10-28T00:00:00Z,SUGG,0.5,24.301458333333333,temperature
2021-10-28T00:00:00Z,SUGG,0.75,24.275833333333335,temperature
2021-10-28T00:00:00Z,SUGG,1,24.263125,temperature
2021-10-29T00:00:00Z,SUGG,0,23.602916666666665,temperature
2021-10-29T00:00:00Z,SUGG,0.25,23.597708333333333,temperature
2021-10-29T00:00:00Z,SUGG,0.5,23.5825,temperature
2021-10-29T00:00:00Z,SUGG,0.75,23.575208333333332,temperature
2021-10-29T00:00:00Z,SUGG,1,23.571458333333332,temperature
2021-10-30T00:00:00Z,SUGG,0,22.824791666666663,temperature
2021-10-30T00:00:00Z,SUGG,0.25,22.823958333333337,temperature
2021-10-30T00:00:00Z,SUGG,0.5,22.820625,temperature
2021-10-30T00:00:00Z,SUGG,0.75,22.815,temperature
2021-10-30T00:00:00Z,SUGG,1,22.810833333333335,temperature
2021-10-31T00:00:00Z,SUGG,0,21.88875,temperature
2021-10-31T00:00:00Z,SUGG,0.25,21.886458333333337,temperature
2021-10-31T00:00:00Z,SUGG,0.5,21.882291666666667,temperature
2021-10-31T00:00:00Z,SUGG,0.75,21.87708333333333,temperature
2021-10-31T00:00:00Z,SUGG,1,21.8725,temperature
2021-11-01T00:00:00Z,SUGG,0,21.4825,temperature
2021-11-01T00:00:00Z,SUGG,0.25,21.215625,temperature
2021-11-01T00:00:00Z,SUGG,0.5,21.063958333333332,temperature
2021-11-01T00:00:00Z,SUGG,0.75,20.972916666666663,temperature
2021-11-01T00:00:00Z,SUGG,1,20.928958333333338,temperature
2021-11-02T00:00:00Z,SUGG,0,22.011458333333337,temperature
2021-11-02T00:00:00Z,SUGG,0.25,21.675833333333333,temperature
2021-11-02T00:00:00Z,SUGG,0.5,21.2375,temperature
2021-11-02T00:00:00Z,SUGG,0.75,20.975833333333338,temperature
2021-11-02T00:00:00Z,SUGG,1,20.821458333333332,temperature
2021-11-03T00:00:00Z,SUGG,0,22.201458333333335,temperature
2021-11-03T00:00:00Z,SUGG,0.25,21.9075,temperature
2021-11-03T00:00:00Z,SUGG,0.5,21.505416666666665,temperature
2021-11-03T00:00:00Z,SUGG,0.75,21.184583333333332,temperature
2021-11-03T00:00:00Z,SUGG,1,20.966666666666665,temperature
2021-11-04T00:00:00Z,SUGG,0,21.423333333333332,temperature
2021-11-04T00:00:00Z,SUGG,0.25,21.404583333333335,temperature
2021-11-04T00:00:00Z,SUGG,0.5,21.343958333333333,temperature
2021-11-04T00:00:00Z,SUGG,0.75,21.182083333333335,temperature
2021-11-04T00:00:00Z,SUGG,1,21.092291666666668,temperature
2021-11-05T00:00:00Z,SUGG,0,20.3975,temperature
2021-11-05T00:00:00Z,SUGG,0.25,20.405208333333334,temperature
2021-11-05T00:00:00Z,SUGG,0.5,20.407291666666666,temperature
2021-11-05T00:00:00Z,SUGG,0.75,20.4075,temperature
2021-11-05T00:00:00Z,SUGG,1,20.406666666666663,temperature
2021-11-06T00:00:00Z,SUGG,0,18.551041666666663,temperature
2021-11-06T00:00:00Z,SUGG,0.25,18.56,temperature
2021-11-06T00:00:00Z,SUGG,0.5,18.563958333333332,temperature
2021-11-06T00:00:00Z,SUGG,0.75,18.565,temperature
2021-11-06T00:00:00Z,SUGG,1,18.565416666666668,temperature
2021-11-07T00:00:00Z,SUGG,0,17.127708333333334,temperature
2021-11-07T00:00:00Z,SUGG,0.25,17.123125,temperature
2021-11-07T00:00:00Z,SUGG,0.5,17.113541666666666,temperature
2021-11-07T00:00:00Z,SUGG,0.75,17.102708333333332,temperature
2021-11-07T00:00:00Z,SUGG,1,17.095625000000002,temperature
2021-11-08T00:00:00Z,SUGG,0,17.123541666666668,temperature
2021-11-08T00:00:00Z,SUGG,0.25,17.108541666666667,temperature
2021-11-08T00:00:00Z,SUGG,0.5,17.093541666666667,temperature
2021-11-08T00:00:00Z,SUGG,0.75,17.075,temperature
2021-11-08T00:00:00Z,SUGG,1,17.059791666666666,temperature
2021-11-09T00:00:00Z,SUGG,0,17.390625,temperature
2021-11-09T00:00:00Z,SUGG,0.25,17.32,temperature
2021-11-09T00:00:00Z,SUGG,0.5,17.212083333333332,temperature
2021-11-09T00:00:00Z,SUGG,0.75,17.06833333333333,temperature
2021-11-09T00:00:00Z,SUGG,1,16.878125,temperature
2021-11-10T00:00:00Z,SUGG,0,18.2325,temperature
2021-11-10T00:00:00Z,SUGG,0.25,18.146666666666665,temperature
2021-11-10T00:00:00Z,SUGG,0.5,18.026458333333338,temperature
2021-11-10T00:00:00Z,SUGG,0.75,17.655625,temperature
2021-11-10T00:00:00Z,SUGG,1,17.118125,temperature
2021-11-11T00:00:00Z,SUGG,0,19.112916666666667,temperature
2021-11-11T00:00:00Z,SUGG,0.25,19.045625,temperature
2021-11-11T00:00:00Z,SUGG,0.5,18.879375,temperature
2021-11-11T00:00:00Z,SUGG,0.75,18.353958333333335,temperature
2021-11-11T00:00:00Z,SUGG,1,17.659791666666667,temperature
2021-11-12T00:00:00Z,SUGG,0,20.157708333333332,temperature
2021-11-12T00:00:00Z,SUGG,0.25,20.041875,temperature
2021-11-12T00:00:00Z,SUGG,0.5,19.7625,temperature
2021-11-12T00:00:00Z,SUGG,0.75,18.904166666666665,temperature
2021-11-12T00:00:00Z,SUGG,1,18.036041666666662,temperature
2021-11-13T00:00:00Z,SUGG,0,20.356458333333332,temperature
2021-11-13T00:00:00Z,SUGG,0.25,20.279791666666668,temperature
2021-11-13T00:00:00Z,SUGG,0.5,19.97479166666667,temperature
2021-11-13T00:00:00Z,SUGG,0.75,18.928958333333338,temperature
2021-11-13T00:00:00Z,SUGG,1,18.225625,temperature
2021-11-14T00:00:00Z,SUGG,0,19.115625,temperature
2021-11-14T00:00:00Z,SUGG,0.25,19.040416666666665,temperature
2021-11-14T00:00:00Z,SUGG,0.5,18.950833333333332,temperature
2021-11-14T00:00:00Z,SUGG,0.75,18.709583333333335,temperature
2021-11-14T00:00:00Z,SUGG,1,18.394166666666667,temperature
2021-11-15T00:00:00Z,SUGG,0,18.494222222222223,temperature
2021-11-15T00:00:00Z,SUGG,0.25,18.39911111111111,temperature
2021-11-15T00:00:00Z,SUGG,0.5,18.336,temperature
2021-11-15T00:00:00Z,SUGG,0.75,18.236,temperature
2021-11-15T00:00:00Z,SUGG,1,18.135555555555555,temperature
2021-11-16T00:00:00Z,SUGG,0,19.520000000000003,temperature
2021-11-16T00:00:00Z,SUGG,0.25,19.380000000000003,temperature
2021-11-16T00:00:00Z,SUGG,0.5,19.16,temperature
2021-11-16T00:00:00Z,SUGG,0.75,18.895000000000003,temperature
2021-11-16T00:00:00Z,SUGG,1,17.939999999999998,temperature
2021-11-17T00:00:00Z,SUGG,0,18.401458333333338,temperature
2021-11-17T00:00:00Z,SUGG,0.25,18.27166666666667,temperature
2021-11-17T00:00:00Z,SUGG,0.5,18.154375,temperature
2021-11-17T00:00:00Z,SUGG,0.75,17.983333333333334,temperature
2021-11-17T00:00:00Z,SUGG,1,17.79895833333333,temperature
2021-11-18T00:00:00Z,SUGG,0,19.330833333333334,temperature
2021-11-18T00:00:00Z,SUGG,0.25,19.001666666666665,temperature
2021-11-18T00:00:00Z,SUGG,0.5,18.719791666666666,temperature
2021-11-18T00:00:00Z,SUGG,0.75,18.357083333333332,temperature
2021-11-18T00:00:00Z,SUGG,1,17.949166666666667,temperature
2021-11-19T00:00:00Z,SUGG,0,19.961458333333333,temperature
2021-11-19T00:00:00Z,SUGG,0.25,19.649583333333332,temperature
2021-11-19T00:00:00Z,SUGG,0.5,19.124166666666667,temperature
2021-11-19T00:00:00Z,SUGG,0.75,18.688541666666666,temperature
2021-11-19T00:00:00Z,SUGG,1,18.416875,temperature
2021-11-20T00:00:00Z,SUGG,0,19.031666666666663,temperature
2021-11-20T00:00:00Z,SUGG,0.25,19.028333333333332,temperature
2021-11-20T00:00:00Z,SUGG,0.5,19.013958333333335,temperature
2021-11-20T00:00:00Z,SUGG,0.75,18.985833333333332,temperature
2021-11-20T00:00:00Z,SUGG,1,18.946875,temperature
2021-11-21T00:00:00Z,SUGG,0,19.235833333333332,temperature
2021-11-21T00:00:00Z,SUGG,0.25,19.206666666666667,temperature
2021-11-21T00:00:00Z,SUGG,0.5,19.159791666666667,temperature
2021-11-21T00:00:00Z,SUGG,0.75,19.067916666666665,temperature
2021-11-21T00:00:00Z,SUGG,1,18.96375,temperature
2021-11-22T00:00:00Z,SUGG,0,19.721875,temperature
2021-11-22T00:00:00Z,SUGG,0.25,19.709375,temperature
2021-11-22T00:00:00Z,SUGG,0.5,19.694791666666667,temperature
2021-11-22T00:00:00Z,SUGG,0.75,19.672916666666666,temperature
2021-11-22T00:00:00Z,SUGG,1,19.63854166666667,temperature
2021-11-23T00:00:00Z,SUGG,0,18.907291666666666,temperature
2021-11-23T00:00:00Z,SUGG,0.25,18.909583333333337,temperature
2021-11-23T00:00:00Z,SUGG,0.5,18.907291666666666,temperature
2021-11-23T00:00:00Z,SUGG,0.75,18.902291666666667,temperature
2021-11-23T00:00:00Z,SUGG,1,18.894583333333333,temperature
2021-11-24T00:00:00Z,SUGG,0,17.587291666666665,temperature
2021-11-24T00:00:00Z,SUGG,0.25,17.58375,temperature
2021-11-24T00:00:00Z,SUGG,0.5,17.577916666666667,temperature
2021-11-24T00:00:00Z,SUGG,0.75,17.569375,temperature
2021-11-24T00:00:00Z,SUGG,1,17.555625,temperature
2021-11-25T00:00:00Z,SUGG,0,17.726458333333333,temperature
2021-11-25T00:00:00Z,SUGG,0.25,17.389375,temperature
2021-11-25T00:00:00Z,SUGG,0.5,17.220208333333332,temperature
2021-11-25T00:00:00Z,SUGG,0.75,17.15375,temperature
2021-11-25T00:00:00Z,SUGG,1,17.092291666666668,temperature
2021-11-26T00:00:00Z,SUGG,0,17.61895833333333,temperature
2021-11-26T00:00:00Z,SUGG,0.25,17.427083333333332,temperature
2021-11-26T00:00:00Z,SUGG,0.5,17.285833333333333,temperature
2021-11-26T00:00:00Z,SUGG,0.75,17.185624999999998,temperature
2021-11-26T00:00:00Z,SUGG,1,17.126458333333332,temperature
2021-11-27T00:00:00Z,SUGG,0,17.075833333333332,temperature
2021-11-27T00:00:00Z,SUGG,0.25,16.745,temperature
2021-11-27T00:00:00Z,SUGG,0.5,16.606875,temperature
2021-11-27T00:00:00Z,SUGG,0.75,16.559166666666666,temperature
2021-11-27T00:00:00Z,SUGG,1,16.519166666666667,temperature
2021-11-28T00:00:00Z,SUGG,0,16.783541666666668,temperature
2021-11-28T00:00:00Z,SUGG,0.25,16.587916666666665,temperature
2021-11-28T00:00:00Z,SUGG,0.5,16.348958333333332,temperature
2021-11-28T00:00:00Z,SUGG,0.75,16.223541666666666,temperature
2021-11-28T00:00:00Z,SUGG,1,16.13104166666667,temperature
2021-11-29T00:00:00Z,SUGG,0,16.434375,temperature
2021-11-29T00:00:00Z,SUGG,0.25,16.348125,temperature
2021-11-29T00:00:00Z,SUGG,0.5,16.250208333333333,temperature
2021-11-29T00:00:00Z,SUGG,0.75,16.17125,temperature
2021-11-29T00:00:00Z,SUGG,1,16.12625,temperature
2021-11-30T00:00:00Z,SUGG,0,16.4075,temperature
2021-11-30T00:00:00Z,SUGG,0.25,16.19708333333333,temperature
2021-11-30T00:00:00Z,SUGG,0.5,16.08416666666667,temperature
2021-11-30T00:00:00Z,SUGG,0.75,15.904375,temperature
2021-11-30T00:00:00Z,SUGG,1,15.83,temperature
2021-12-01T00:00:00Z,SUGG,0,16.390625,temperature
2021-12-01T00:00:00Z,SUGG,0.25,16.080208333333335,temperature
2021-12-01T00:00:00Z,SUGG,0.5,15.822083333333332,temperature
2021-12-01T00:00:00Z,SUGG,0.75,15.586875,temperature
2021-12-01T00:00:00Z,SUGG,1,15.47625,temperature
2021-12-02T00:00:00Z,SUGG,0,16.888541666666665,temperature
2021-12-02T00:00:00Z,SUGG,0.25,16.553125,temperature
2021-12-02T00:00:00Z,SUGG,0.5,16.18166666666667,temperature
2021-12-02T00:00:00Z,SUGG,0.75,15.841875,temperature
2021-12-02T00:00:00Z,SUGG,1,15.647291666666666,temperature
2021-12-03T00:00:00Z,SUGG,0,16.82625,temperature
2021-12-03T00:00:00Z,SUGG,0.25,16.624583333333334,temperature
2021-12-03T00:00:00Z,SUGG,0.5,16.48125,temperature
2021-12-03T00:00:00Z,SUGG,0.75,16.266458333333333,temperature
2021-12-03T00:00:00Z,SUGG,1,16.033541666666668,temperature
2021-12-04T00:00:00Z,SUGG,0,17.357083333333332,temperature
2021-12-04T00:00:00Z,SUGG,0.25,16.914583333333333,temperature
2021-12-04T00:00:00Z,SUGG,0.5,16.69875,temperature
2021-12-04T00:00:00Z,SUGG,0.75,16.456041666666668,temperature
2021-12-04T00:00:00Z,SUGG,1,16.112291666666668,temperature
2021-12-05T00:00:00Z,SUGG,0,17.36895833333333,temperature
2021-12-05T00:00:00Z,SUGG,0.25,16.884791666666665,temperature
2021-12-05T00:00:00Z,SUGG,0.5,16.653333333333332,temperature
2021-12-05T00:00:00Z,SUGG,0.75,16.376458333333332,temperature
2021-12-05T00:00:00Z,SUGG,1,16.189166666666665,temperature
2021-12-06T00:00:00Z,SUGG,0,18.056041666666665,temperature
2021-12-06T00:00:00Z,SUGG,0.25,17.509375,temperature
2021-12-06T00:00:00Z,SUGG,0.5,17.046041666666667,temperature
2021-12-06T00:00:00Z,SUGG,0.75,16.640833333333333,temperature
2021-12-06T00:00:00Z,SUGG,1,16.45104166666667,temperature
2021-12-07T00:00:00Z,SUGG,0,18.53875,temperature
2021-12-07T00:00:00Z,SUGG,0.25,18.18,temperature
2021-12-07T00:00:00Z,SUGG,0.5,17.87125,temperature
2021-12-07T00:00:00Z,SUGG,0.75,17.230416666666667,temperature
2021-12-07T00:00:00Z,SUGG,1,16.858333333333334,temperature
2021-12-08T00:00:00Z,SUGG,0,18.89375,temperature
2021-12-08T00:00:00Z,SUGG,0.25,18.557708333333338,temperature
2021-12-08T00:00:00Z,SUGG,0.5,18.24,temperature
2021-12-08T00:00:00Z,SUGG,0.75,17.897291666666668,temperature
2021-12-08T00:00:00Z,SUGG,1,17.457291666666666,temperature
2021-12-09T00:00:00Z,SUGG,0,18.938958333333332,temperature
2021-12-09T00:00:00Z,SUGG,0.25,18.846041666666668,temperature
2021-12-09T00:00:00Z,SUGG,0.5,18.776666666666667,temperature
2021-12-09T00:00:00Z,SUGG,0.75,18.622916666666665,temperature
2021-12-09T00:00:00Z,SUGG,1,17.881875,temperature
2021-12-10T00:00:00Z,SUGG,0,19.708541666666665,temperature
2021-12-10T00:00:00Z,SUGG,0.25,19.093125,temperature
2021-12-10T00:00:00Z,SUGG,0.5,18.682708333333338,temperature
2021-12-10T00:00:00Z,SUGG,0.75,18.447916666666668,temperature
2021-12-10T00:00:00Z,SUGG,1,17.995,temperature
2021-12-11T00:00:00Z,SUGG,0,20.855416666666667,temperature
2021-12-11T00:00:00Z,SUGG,0.25,20.012916666666666,temperature
2021-12-11T00:00:00Z,SUGG,0.5,19.307291666666668,temperature
2021-12-11T00:00:00Z,SUGG,0.75,18.68541666666667,temperature
2021-12-11T00:00:00Z,SUGG,1,18.164791666666662,temperature
2021-12-12T00:00:00Z,SUGG,0,21.012083333333333,temperature
2021-12-12T00:00:00Z,SUGG,0.25,20.847916666666663,temperature
2021-12-12T00:00:00Z,SUGG,0.5,20.439166666666665,temperature
2021-12-12T00:00:00Z,SUGG,0.75,19.019375,temperature
2021-12-12T00:00:00Z,SUGG,1,18.133333333333333,temperature
2021-12-13T00:00:00Z,SUGG,0,19.932291666666668,temperature
2021-12-13T00:00:00Z,SUGG,0.25,19.885208333333335,temperature
2021-12-13T00:00:00Z,SUGG,0.5,19.757708333333333,temperature
2021-12-13T00:00:00Z,SUGG,0.75,19.54083333333333,temperature
2021-12-13T00:00:00Z,SUGG,1,18.553541666666668,temperature
2021-12-14T00:00:00Z,SUGG,0,19.679583333333333,temperature
2021-12-14T00:00:00Z,SUGG,0.25,19.645208333333333,temperature
2021-12-14T00:00:00Z,SUGG,0.5,19.565208333333334,temperature
2021-12-14T00:00:00Z,SUGG,0.75,19.336875,temperature
2021-12-14T00:00:00Z,SUGG,1,18.882083333333338,temperature
2021-12-15T00:00:00Z,SUGG,0,19.461025641025643,temperature
2021-12-15T00:00:00Z,SUGG,0.25,19.445128205128206,temperature
2021-12-15T00:00:00Z,SUGG,0.5,19.398717948717948,temperature
2021-12-15T00:00:00Z,SUGG,0.75,19.306410256410256,temperature
2021-12-15T00:00:00Z,SUGG,1,19.008717948717948,temperature
2021-12-16T00:00:00Z,SUGG,0,20.36625,temperature
2021-12-16T00:00:00Z,SUGG,0.25,20.289791666666662,temperature
2021-12-16T00:00:00Z,SUGG,0.5,20.090625,temperature
2021-12-16T00:00:00Z,SUGG,0.75,19.929583333333333,temperature
2021-12-16T00:00:00Z,SUGG,1,19.624166666666667,temperature
2021-12-17T00:00:00Z,SUGG,0,21.446666666666665,temperature
2021-12-17T00:00:00Z,SUGG,0.25,21.298125,temperature
2021-12-17T00:00:00Z,SUGG,0.5,21.039791666666662,temperature
2021-12-17T00:00:00Z,SUGG,0.75,20.436875,temperature
2021-12-17T00:00:00Z,SUGG,1,19.660833333333333,temperature
2021-12-18T00:00:00Z,SUGG,0,21.578958333333333,temperature
2021-12-18T00:00:00Z,SUGG,0.25,21.516041666666663,temperature
2021-12-18T00:00:00Z,SUGG,0.5,21.358541666666667,temperature
2021-12-18T00:00:00Z,SUGG,0.75,20.8931914893617,temperature
2021-12-18T00:00:00Z,SUGG,1,20.060625,temperature
2021-12-19T00:00:00Z,SUGG,0,21.946875,temperature
2021-12-19T00:00:00Z,SUGG,0.25,21.907291666666666,temperature
2021-12-19T00:00:00Z,SUGG,0.5,21.793333333333333,temperature
2021-12-19T00:00:00Z,SUGG,0.75,21.365208333333335,temperature
2021-12-19T00:00:00Z,SUGG,1,20.281458333333333,temperature
2021-12-20T00:00:00Z,SUGG,0,20.82375,temperature
2021-12-20T00:00:00Z,SUGG,0.25,20.825833333333332,temperature
2021-12-20T00:00:00Z,SUGG,0.5,20.81875,temperature
2021-12-20T00:00:00Z,SUGG,0.75,20.678333333333335,temperature
2021-12-20T00:00:00Z,SUGG,1,20.244583333333335,temperature
2021-12-21T00:00:00Z,SUGG,0,18.779166666666665,temperature
2021-12-21T00:00:00Z,SUGG,0.25,18.78625,temperature
2021-12-21T00:00:00Z,SUGG,0.5,18.787708333333335,temperature
2021-12-21T00:00:00Z,SUGG,0.75,18.786458333333332,temperature
2021-12-21T00:00:00Z,SUGG,1,18.784583333333337,temperature
2021-12-22T00:00:00Z,SUGG,0,17.681875,temperature
2021-12-22T00:00:00Z,SUGG,0.25,17.679791666666667,temperature
2021-12-22T00:00:00Z,SUGG,0.5,17.675,temperature
2021-12-22T00:00:00Z,SUGG,0.75,17.668333333333333,temperature
2021-12-22T00:00:00Z,SUGG,1,17.661458333333332,temperature
2021-12-23T00:00:00Z,SUGG,0,16.987083333333334,temperature
2021-12-23T00:00:00Z,SUGG,0.25,16.968125,temperature
2021-12-23T00:00:00Z,SUGG,0.5,16.94125,temperature
2021-12-23T00:00:00Z,SUGG,0.75,16.897291666666668,temperature
2021-12-23T00:00:00Z,SUGG,1,16.805208333333333,temperature
2021-12-24T00:00:00Z,SUGG,0,17.129375,temperature
2021-12-24T00:00:00Z,SUGG,0.25,16.90375,temperature
2021-12-24T00:00:00Z,SUGG,0.5,16.815416666666668,temperature
2021-12-24T00:00:00Z,SUGG,0.75,16.659583333333334,temperature
2021-12-24T00:00:00Z,SUGG,1,16.524375,temperature
2021-12-25T00:00:00Z,SUGG,0,17.446458333333332,temperature
2021-12-25T00:00:00Z,SUGG,0.25,17.3775,temperature
2021-12-25T00:00:00Z,SUGG,0.5,17.17125,temperature
2021-12-25T00:00:00Z,SUGG,0.75,16.829583333333332,temperature
2021-12-25T00:00:00Z,SUGG,1,16.697708333333335,temperature
2021-12-26T00:00:00Z,SUGG,0,17.736458333333335,temperature
2021-12-26T00:00:00Z,SUGG,0.25,17.634166666666665,temperature
2021-12-26T00:00:00Z,SUGG,0.5,17.51770833333333,temperature
2021-12-26T00:00:00Z,SUGG,0.75,17.417916666666667,temperature
2021-12-26T00:00:00Z,SUGG,1,17.24395833333333,temperature
2021-12-27T00:00:00Z,SUGG,0,18.6575,temperature
2021-12-27T00:00:00Z,SUGG,0.25,18.407291666666666,temperature
2021-12-27T00:00:00Z,SUGG,0.5,18.108333333333334,temperature
2021-12-27T00:00:00Z,SUGG,0.75,17.782083333333333,temperature
2021-12-27T00:00:00Z,SUGG,1,17.319375,temperature
2021-12-28T00:00:00Z,SUGG,0,19.063125,temperature
2021-12-28T00:00:00Z,SUGG,0.25,18.766458333333333,temperature
2021-12-28T00:00:00Z,SUGG,0.5,18.317083333333333,temperature
2021-12-28T00:00:00Z,SUGG,0.75,17.950208333333332,temperature
2021-12-28T00:00:00Z,SUGG,1,17.584375,temperature
2021-12-29T00:00:00Z,SUGG,0,19.408958333333334,temperature
2021-12-29T00:00:00Z,SUGG,0.25,19.300625,temperature
2021-12-29T00:00:00Z,SUGG,0.5,19.13375,temperature
2021-12-29T00:00:00Z,SUGG,0.75,18.681041666666665,temperature
2021-12-29T00:00:00Z,SUGG,1,18.072916666666668,temperature
2021-12-30T00:00:00Z,SUGG,0,20.15125,temperature
2021-12-30T00:00:00Z,SUGG,0.25,20.067708333333332,temperature
2021-12-30T00:00:00Z,SUGG,0.5,19.9725,temperature
2021-12-30T00:00:00Z,SUGG,0.75,19.548958333333335,temperature
2021-12-30T00:00:00Z,SUGG,1,18.545625,temperature
2021-12-31T00:00:00Z,SUGG,0,21.20375,temperature
2021-12-31T00:00:00Z,SUGG,0.25,21.142083333333332,temperature
2021-12-31T00:00:00Z,SUGG,0.5,21.032708333333332,temperature
2021-12-31T00:00:00Z,SUGG,0.75,20.234583333333333,temperature
2021-12-31T00:00:00Z,SUGG,1,18.910625,temperature
2022-01-01T00:00:00Z,SUGG,0,22.031458333333333,temperature
2022-01-01T00:00:00Z,SUGG,0.25,21.977916666666665,temperature
2022-01-01T00:00:00Z,SUGG,0.5,21.718958333333333,temperature
2022-01-01T00:00:00Z,SUGG,0.75,20.8475,temperature
2022-01-01T00:00:00Z,SUGG,1,19.53,temperature
2022-01-02T00:00:00Z,SUGG,0,21.972916666666663,temperature
2022-01-02T00:00:00Z,SUGG,0.25,21.955416666666665,temperature
2022-01-02T00:00:00Z,SUGG,0.5,21.93166666666667,temperature
2022-01-02T00:00:00Z,SUGG,0.75,21.76,temperature
2022-01-02T00:00:00Z,SUGG,1,20.466041666666666,temperature
2022-01-03T00:00:00Z,SUGG,0,20.909375,temperature
2022-01-03T00:00:00Z,SUGG,0.25,20.908958333333334,temperature
2022-01-03T00:00:00Z,SUGG,0.5,20.904375,temperature
2022-01-03T00:00:00Z,SUGG,0.75,20.894583333333333,temperature
2022-01-03T00:00:00Z,SUGG,1,20.774166666666662,temperature
2022-01-04T00:00:00Z,SUGG,0,18.857083333333332,temperature
2022-01-04T00:00:00Z,SUGG,0.25,18.855208333333337,temperature
2022-01-04T00:00:00Z,SUGG,0.5,18.850416666666668,temperature
2022-01-04T00:00:00Z,SUGG,0.75,18.841041666666666,temperature
2022-01-04T00:00:00Z,SUGG,1,18.831041666666668,temperature
2022-01-05T00:00:00Z,SUGG,0,18.358958333333337,temperature
2022-01-05T00:00:00Z,SUGG,0.25,18.321666666666665,temperature
2022-01-05T00:00:00Z,SUGG,0.5,18.283125,temperature
2022-01-05T00:00:00Z,SUGG,0.75,18.248541666666668,temperature
2022-01-05T00:00:00Z,SUGG,1,18.22125,temperature
2022-01-06T00:00:00Z,SUGG,0,18.281875,temperature
2022-01-06T00:00:00Z,SUGG,0.25,18.075208333333332,temperature
2022-01-06T00:00:00Z,SUGG,0.5,17.93375,temperature
2022-01-06T00:00:00Z,SUGG,0.75,17.876875,temperature
2022-01-06T00:00:00Z,SUGG,1,17.816875,temperature
2022-01-07T00:00:00Z,SUGG,0,18.12969696969697,temperature
2022-01-07T00:00:00Z,SUGG,0.25,17.94030303030303,temperature
2022-01-07T00:00:00Z,SUGG,0.5,17.81818181818182,temperature
2022-01-07T00:00:00Z,SUGG,0.75,17.73969696969697,temperature
2022-01-07T00:00:00Z,SUGG,1,17.67818181818182,temperature
2022-01-13T00:00:00Z,SUGG,0,17.605,temperature
2022-01-13T00:00:00Z,SUGG,0.25,17.425,temperature
2022-01-13T00:00:00Z,SUGG,0.5,17.314999999999998,temperature
2022-01-13T00:00:00Z,SUGG,0.75,17.28,temperature
2022-01-13T00:00:00Z,SUGG,1,17.255000000000003,temperature
2022-01-14T00:00:00Z,SUGG,0,16.721458333333334,temperature
2022-01-14T00:00:00Z,SUGG,0.25,16.70875,temperature
2022-01-14T00:00:00Z,SUGG,0.5,16.690416666666668,temperature
2022-01-14T00:00:00Z,SUGG,0.75,16.663125,temperature
2022-01-14T00:00:00Z,SUGG,1,16.638541666666665,temperature
2022-01-15T00:00:00Z,SUGG,0,16.648125,temperature
2022-01-15T00:00:00Z,SUGG,0.25,16.36875,temperature
2022-01-15T00:00:00Z,SUGG,0.5,16.218125,temperature
2022-01-15T00:00:00Z,SUGG,0.75,16.076041666666665,temperature
2022-01-15T00:00:00Z,SUGG,1,16.012291666666666,temperature
2022-01-16T00:00:00Z,SUGG,0,16.145208333333333,temperature
2022-01-16T00:00:00Z,SUGG,0.25,16.035833333333333,temperature
2022-01-16T00:00:00Z,SUGG,0.5,15.974166666666669,temperature
2022-01-16T00:00:00Z,SUGG,0.75,15.950208333333332,temperature
2022-01-16T00:00:00Z,SUGG,1,15.933125,temperature
2022-01-17T00:00:00Z,SUGG,0,15.258125,temperature
2022-01-17T00:00:00Z,SUGG,0.25,15.259791666666668,temperature
2022-01-17T00:00:00Z,SUGG,0.5,15.258958333333334,temperature
2022-01-17T00:00:00Z,SUGG,0.75,15.257916666666668,temperature
2022-01-17T00:00:00Z,SUGG,1,15.252916666666666,temperature
2022-01-18T00:00:00Z,SUGG,0,14.683191489361702,temperature
2022-01-18T00:00:00Z,SUGG,0.25,14.487083333333333,temperature
2022-01-18T00:00:00Z,SUGG,0.5,14.423541666666669,temperature
2022-01-18T00:00:00Z,SUGG,0.75,14.391458333333333,temperature
2022-01-18T00:00:00Z,SUGG,1,14.367083333333332,temperature
2022-01-19T00:00:00Z,SUGG,0,14.710208333333334,temperature
2022-01-19T00:00:00Z,SUGG,0.25,14.506041666666668,temperature
2022-01-19T00:00:00Z,SUGG,0.5,14.154166666666669,temperature
2022-01-19T00:00:00Z,SUGG,0.75,13.912291666666668,temperature
2022-01-19T00:00:00Z,SUGG,1,13.797916666666667,temperature
2022-01-20T00:00:00Z,SUGG,0,15.441666666666666,temperature
2022-01-20T00:00:00Z,SUGG,0.25,15.322708333333331,temperature
2022-01-20T00:00:00Z,SUGG,0.5,14.927291666666669,temperature
2022-01-20T00:00:00Z,SUGG,0.75,14.417708333333334,temperature
2022-01-20T00:00:00Z,SUGG,1,14.199375,temperature
2022-01-21T00:00:00Z,SUGG,0,15.698958333333334,temperature
2022-01-21T00:00:00Z,SUGG,0.25,15.658125,temperature
2022-01-21T00:00:00Z,SUGG,0.5,15.596041666666666,temperature
2022-01-21T00:00:00Z,SUGG,0.75,15.49625,temperature
2022-01-21T00:00:00Z,SUGG,1,15.197708333333331,temperature
2022-01-22T00:00:00Z,SUGG,0,14.32875,temperature
2022-01-22T00:00:00Z,SUGG,0.25,14.338333333333331,temperature
2022-01-22T00:00:00Z,SUGG,0.5,14.341666666666669,temperature
2022-01-22T00:00:00Z,SUGG,0.75,14.344166666666666,temperature
2022-01-22T00:00:00Z,SUGG,1,14.340833333333332,temperature
2022-01-23T00:00:00Z,SUGG,0,13.139375,temperature
2022-01-23T00:00:00Z,SUGG,0.25,13.13625,temperature
2022-01-23T00:00:00Z,SUGG,0.5,13.131041666666668,temperature
2022-01-23T00:00:00Z,SUGG,0.75,13.124791666666669,temperature
2022-01-23T00:00:00Z,SUGG,1,13.115625,temperature
2022-01-24T00:00:00Z,SUGG,0,13.035,temperature
2022-01-24T00:00:00Z,SUGG,0.25,12.853958333333331,temperature
2022-01-24T00:00:00Z,SUGG,0.5,12.734791666666666,temperature
2022-01-24T00:00:00Z,SUGG,0.75,12.593541666666669,temperature
2022-01-24T00:00:00Z,SUGG,1,12.445,temperature
2022-01-25T00:00:00Z,SUGG,0,13.33,temperature
2022-01-25T00:00:00Z,SUGG,0.25,13.19875,temperature
2022-01-25T00:00:00Z,SUGG,0.5,12.916875,temperature
2022-01-25T00:00:00Z,SUGG,0.75,12.588125,temperature
2022-01-25T00:00:00Z,SUGG,1,12.335416666666667,temperature
2022-01-26T00:00:00Z,SUGG,0,12.957916666666666,temperature
2022-01-26T00:00:00Z,SUGG,0.25,12.947916666666666,temperature
2022-01-26T00:00:00Z,SUGG,0.5,12.925,temperature
2022-01-26T00:00:00Z,SUGG,0.75,12.826041666666669,temperature
2022-01-26T00:00:00Z,SUGG,1,12.645,temperature
2022-01-27T00:00:00Z,SUGG,0,12.979791666666667,temperature
2022-01-27T00:00:00Z,SUGG,0.25,12.975416666666666,temperature
2022-01-27T00:00:00Z,SUGG,0.5,12.969375,temperature
2022-01-27T00:00:00Z,SUGG,0.75,12.96,temperature
2022-01-27T00:00:00Z,SUGG,1,12.942708333333334,temperature
2022-01-28T00:00:00Z,SUGG,0,13.1875,temperature
2022-01-28T00:00:00Z,SUGG,0.25,13.173958333333331,temperature
2022-01-28T00:00:00Z,SUGG,0.5,13.160833333333333,temperature
2022-01-28T00:00:00Z,SUGG,0.75,13.145833333333334,temperature
2022-01-28T00:00:00Z,SUGG,1,13.132291666666667,temperature
2022-01-29T00:00:00Z,SUGG,0,12.7275,temperature
2022-01-29T00:00:00Z,SUGG,0.25,12.731041666666666,temperature
2022-01-29T00:00:00Z,SUGG,0.5,12.730625,temperature
2022-01-29T00:00:00Z,SUGG,0.75,12.729166666666666,temperature
2022-01-29T00:00:00Z,SUGG,1,12.724166666666669,temperature
2022-01-30T00:00:00Z,SUGG,0,12.027708333333331,temperature
2022-01-30T00:00:00Z,SUGG,0.25,11.937708333333331,temperature
2022-01-30T00:00:00Z,SUGG,0.5,11.882916666666668,temperature
2022-01-30T00:00:00Z,SUGG,0.75,11.845833333333331,temperature
2022-01-30T00:00:00Z,SUGG,1,11.801666666666668,temperature
2022-01-31T00:00:00Z,SUGG,0,12.22625,temperature
2022-01-31T00:00:00Z,SUGG,0.25,12.17625,temperature
2022-01-31T00:00:00Z,SUGG,0.5,12.121458333333331,temperature
2022-01-31T00:00:00Z,SUGG,0.75,11.9825,temperature
2022-01-31T00:00:00Z,SUGG,1,11.858125,temperature
2022-02-01T00:00:00Z,SUGG,0,12.772083333333333,temperature
2022-02-01T00:00:00Z,SUGG,0.25,12.644166666666669,temperature
2022-02-01T00:00:00Z,SUGG,0.5,12.567291666666666,temperature
2022-02-01T00:00:00Z,SUGG,0.75,12.418125,temperature
2022-02-01T00:00:00Z,SUGG,1,12.175416666666669,temperature
2022-02-02T00:00:00Z,SUGG,0,13.166458333333331,temperature
2022-02-02T00:00:00Z,SUGG,0.25,13.12875,temperature
2022-02-02T00:00:00Z,SUGG,0.5,13.089583333333334,temperature
2022-02-02T00:00:00Z,SUGG,0.75,12.986666666666666,temperature
2022-02-02T00:00:00Z,SUGG,1,12.850625,temperature
2022-02-03T00:00:00Z,SUGG,0,14.72375,temperature
2022-02-03T00:00:00Z,SUGG,0.25,14.635,temperature
2022-02-03T00:00:00Z,SUGG,0.5,14.502083333333331,temperature
2022-02-03T00:00:00Z,SUGG,0.75,14.384166666666667,temperature
2022-02-03T00:00:00Z,SUGG,1,14.239166666666668,temperature
2022-02-04T00:00:00Z,SUGG,0,16.36541666666667,temperature
2022-02-04T00:00:00Z,SUGG,0.25,16.320208333333333,temperature
2022-02-04T00:00:00Z,SUGG,0.5,16.280208333333334,temperature
2022-02-04T00:00:00Z,SUGG,0.75,16.054583333333333,temperature
2022-02-04T00:00:00Z,SUGG,1,15.491875,temperature
2022-02-05T00:00:00Z,SUGG,0,17.379583333333333,temperature
2022-02-05T00:00:00Z,SUGG,0.25,17.356458333333332,temperature
2022-02-05T00:00:00Z,SUGG,0.5,17.322708333333335,temperature
2022-02-05T00:00:00Z,SUGG,0.75,17.243333333333332,temperature
2022-02-05T00:00:00Z,SUGG,1,16.838541666666668,temperature
2022-02-06T00:00:00Z,SUGG,0,15.818958333333333,temperature
2022-02-06T00:00:00Z,SUGG,0.25,15.824791666666666,temperature
2022-02-06T00:00:00Z,SUGG,0.5,15.825625,temperature
2022-02-06T00:00:00Z,SUGG,0.75,15.825,temperature
2022-02-06T00:00:00Z,SUGG,1,15.818541666666668,temperature
2022-02-07T00:00:00Z,SUGG,0,14.786875,temperature
2022-02-07T00:00:00Z,SUGG,0.25,14.785,temperature
2022-02-07T00:00:00Z,SUGG,0.5,14.781041666666669,temperature
2022-02-07T00:00:00Z,SUGG,0.75,14.776458333333334,temperature
2022-02-07T00:00:00Z,SUGG,1,14.769583333333332,temperature
2022-02-08T00:00:00Z,SUGG,0,14.218125,temperature
2022-02-08T00:00:00Z,SUGG,0.25,14.221041666666666,temperature
2022-02-08T00:00:00Z,SUGG,0.5,14.221666666666668,temperature
2022-02-08T00:00:00Z,SUGG,0.75,14.220208333333334,temperature
2022-02-08T00:00:00Z,SUGG,1,14.214791666666668,temperature
2022-02-09T00:00:00Z,SUGG,0,14.058333333333334,temperature
2022-02-09T00:00:00Z,SUGG,0.25,14.029166666666669,temperature
2022-02-09T00:00:00Z,SUGG,0.5,13.99875,temperature
2022-02-09T00:00:00Z,SUGG,0.75,13.967708333333334,temperature
2022-02-09T00:00:00Z,SUGG,1,13.935,temperature
2022-02-10T00:00:00Z,SUGG,0,14.569583333333334,temperature
2022-02-10T00:00:00Z,SUGG,0.25,14.266041666666666,temperature
2022-02-10T00:00:00Z,SUGG,0.5,14.07,temperature
2022-02-10T00:00:00Z,SUGG,0.75,13.968958333333331,temperature
2022-02-10T00:00:00Z,SUGG,1,13.863333333333332,temperature
2022-02-11T00:00:00Z,SUGG,0,15.620208333333334,temperature
2022-02-11T00:00:00Z,SUGG,0.25,15.159583333333334,temperature
2022-02-11T00:00:00Z,SUGG,0.5,14.631875,temperature
2022-02-11T00:00:00Z,SUGG,0.75,14.125416666666666,temperature
2022-02-11T00:00:00Z,SUGG,1,13.846041666666666,temperature
2022-02-12T00:00:00Z,SUGG,0,16.94375,temperature
2022-02-12T00:00:00Z,SUGG,0.25,16.062291666666667,temperature
2022-02-12T00:00:00Z,SUGG,0.5,14.972083333333334,temperature
2022-02-12T00:00:00Z,SUGG,0.75,14.170416666666666,temperature
2022-02-12T00:00:00Z,SUGG,1,13.89375,temperature
2022-02-13T00:00:00Z,SUGG,0,17.969375,temperature
2022-02-13T00:00:00Z,SUGG,0.25,16.358541666666667,temperature
2022-02-13T00:00:00Z,SUGG,0.5,15.505208333333334,temperature
2022-02-13T00:00:00Z,SUGG,0.75,14.817916666666669,temperature
2022-02-13T00:00:00Z,SUGG,1,14.357708333333331,temperature
2022-02-14T00:00:00Z,SUGG,0,15.361458333333331,temperature
2022-02-14T00:00:00Z,SUGG,0.25,15.322916666666666,temperature
2022-02-14T00:00:00Z,SUGG,0.5,15.22375,temperature
2022-02-14T00:00:00Z,SUGG,0.75,15.141041666666666,temperature
2022-02-14T00:00:00Z,SUGG,1,14.984583333333331,temperature
2022-02-15T00:00:00Z,SUGG,0,14.897083333333333,temperature
2022-02-15T00:00:00Z,SUGG,0.25,14.889583333333333,temperature
2022-02-15T00:00:00Z,SUGG,0.5,14.87625,temperature
2022-02-15T00:00:00Z,SUGG,0.75,14.848958333333334,temperature
2022-02-15T00:00:00Z,SUGG,1,14.803333333333333,temperature
2022-02-16T00:00:00Z,SUGG,0,15.12875,temperature
2022-02-16T00:00:00Z,SUGG,0.25,15.105208333333334,temperature
2022-02-16T00:00:00Z,SUGG,0.5,15.0825,temperature
2022-02-16T00:00:00Z,SUGG,0.75,15.043333333333331,temperature
2022-02-16T00:00:00Z,SUGG,1,14.994791666666666,temperature
2022-02-17T00:00:00Z,SUGG,0,16.569791666666667,temperature
2022-02-17T00:00:00Z,SUGG,0.25,16.532916666666665,temperature
2022-02-17T00:00:00Z,SUGG,0.5,16.48125,temperature
2022-02-17T00:00:00Z,SUGG,0.75,16.4375,temperature
2022-02-17T00:00:00Z,SUGG,1,16.308541666666667,temperature
2022-02-18T00:00:00Z,SUGG,0,18.435416666666665,temperature
2022-02-18T00:00:00Z,SUGG,0.25,18.395416666666662,temperature
2022-02-18T00:00:00Z,SUGG,0.5,18.33875,temperature
2022-02-18T00:00:00Z,SUGG,0.75,18.100625,temperature
2022-02-18T00:00:00Z,SUGG,1,17.63104166666667,temperature
2022-02-19T00:00:00Z,SUGG,0,19.356041666666663,temperature
2022-02-19T00:00:00Z,SUGG,0.25,19.315833333333337,temperature
2022-02-19T00:00:00Z,SUGG,0.5,19.205208333333335,temperature
2022-02-19T00:00:00Z,SUGG,0.75,18.94875,temperature
2022-02-19T00:00:00Z,SUGG,1,18.249583333333337,temperature
2022-02-20T00:00:00Z,SUGG,0,18.291666666666668,temperature
2022-02-20T00:00:00Z,SUGG,0.25,18.271041666666665,temperature
2022-02-20T00:00:00Z,SUGG,0.5,18.241041666666668,temperature
2022-02-20T00:00:00Z,SUGG,0.75,18.207708333333333,temperature
2022-02-20T00:00:00Z,SUGG,1,18.158541666666668,temperature
2022-02-21T00:00:00Z,SUGG,0,18.641666666666666,temperature
2022-02-21T00:00:00Z,SUGG,0.25,18.579375,temperature
2022-02-21T00:00:00Z,SUGG,0.5,18.483541666666667,temperature
2022-02-21T00:00:00Z,SUGG,0.75,18.299583333333334,temperature
2022-02-21T00:00:00Z,SUGG,1,18.142916666666668,temperature
2022-02-22T00:00:00Z,SUGG,0,19.826041666666665,temperature
2022-02-22T00:00:00Z,SUGG,0.25,19.604375,temperature
2022-02-22T00:00:00Z,SUGG,0.5,19.38104166666667,temperature
2022-02-22T00:00:00Z,SUGG,0.75,19.015833333333333,temperature
2022-02-22T00:00:00Z,SUGG,1,18.532291666666666,temperature
2022-02-23T00:00:00Z,SUGG,0,21.978541666666665,temperature
2022-02-23T00:00:00Z,SUGG,0.25,21.051041666666663,temperature
2022-02-23T00:00:00Z,SUGG,0.5,20.169375,temperature
2022-02-23T00:00:00Z,SUGG,0.75,19.337083333333332,temperature
2022-02-23T00:00:00Z,SUGG,1,18.68375,temperature
2022-02-24T00:00:00Z,SUGG,0,23.666875,temperature
2022-02-24T00:00:00Z,SUGG,0.25,22.130625,temperature
2022-02-24T00:00:00Z,SUGG,0.5,20.50958333333333,temperature
2022-02-24T00:00:00Z,SUGG,0.75,19.40375,temperature
2022-02-24T00:00:00Z,SUGG,1,18.700625,temperature
2022-02-25T00:00:00Z,SUGG,0,23.739375,temperature
2022-02-25T00:00:00Z,SUGG,0.25,23.158333333333335,temperature
2022-02-25T00:00:00Z,SUGG,0.5,21.858125,temperature
2022-02-25T00:00:00Z,SUGG,0.75,20.085652173913044,temperature
2022-02-25T00:00:00Z,SUGG,1,18.804375,temperature
2022-02-26T00:00:00Z,SUGG,0,23.647083333333335,temperature
2022-02-26T00:00:00Z,SUGG,0.25,23.447916666666668,temperature
2022-02-26T00:00:00Z,SUGG,0.5,22.79083333333333,temperature
2022-02-26T00:00:00Z,SUGG,0.75,20.44354166666667,temperature
2022-02-26T00:00:00Z,SUGG,1,19.117708333333333,temperature
2022-02-27T00:00:00Z,SUGG,0,23.542916666666667,temperature
2022-02-27T00:00:00Z,SUGG,0.25,23.441875,temperature
2022-02-27T00:00:00Z,SUGG,0.5,23.23875,temperature
2022-02-27T00:00:00Z,SUGG,0.75,21.2131914893617,temperature
2022-02-27T00:00:00Z,SUGG,1,19.418333333333333,temperature
2022-02-28T00:00:00Z,SUGG,0,22.70520833333333,temperature
2022-02-28T00:00:00Z,SUGG,0.25,22.687916666666663,temperature
2022-02-28T00:00:00Z,SUGG,0.5,22.432083333333335,temperature
2022-02-28T00:00:00Z,SUGG,0.75,21.23125,temperature
2022-02-28T00:00:00Z,SUGG,1,19.767291666666665,temperature
2022-03-01T00:00:00Z,SUGG,0,20.184375,temperature
2022-03-01T00:00:00Z,SUGG,0.25,20.145,temperature
2022-03-01T00:00:00Z,SUGG,0.5,20.079375,temperature
2022-03-01T00:00:00Z,SUGG,0.75,19.981458333333332,temperature
2022-03-01T00:00:00Z,SUGG,1,19.733958333333337,temperature
2022-03-02T00:00:00Z,SUGG,0,20.577083333333334,temperature
2022-03-02T00:00:00Z,SUGG,0.25,20.199791666666663,temperature
2022-03-02T00:00:00Z,SUGG,0.5,19.922083333333333,temperature
2022-03-02T00:00:00Z,SUGG,0.75,19.79520833333333,temperature
2022-03-02T00:00:00Z,SUGG,1,19.617708333333333,temperature
2022-03-03T00:00:00Z,SUGG,0,21.173125,temperature
2022-03-03T00:00:00Z,SUGG,0.25,20.141041666666663,temperature
2022-03-03T00:00:00Z,SUGG,0.5,19.64125,temperature
2022-03-03T00:00:00Z,SUGG,0.75,19.360833333333332,temperature
2022-03-03T00:00:00Z,SUGG,1,19.17625,temperature
2022-03-04T00:00:00Z,SUGG,0,20.948297872340422,temperature
2022-03-04T00:00:00Z,SUGG,0.25,20.209583333333335,temperature
2022-03-04T00:00:00Z,SUGG,0.5,19.629791666666662,temperature
2022-03-04T00:00:00Z,SUGG,0.75,19.215208333333333,temperature
2022-03-04T00:00:00Z,SUGG,1,19.02875,temperature
2022-03-05T00:00:00Z,SUGG,0,20.797916666666666,temperature
2022-03-05T00:00:00Z,SUGG,0.25,20.636041666666667,temperature
2022-03-05T00:00:00Z,SUGG,0.5,20.376875,temperature
2022-03-05T00:00:00Z,SUGG,0.75,20.03729166666667,temperature
2022-03-05T00:00:00Z,SUGG,1,19.44354166666667,temperature
2022-03-06T00:00:00Z,SUGG,0,21.57875,temperature
2022-03-06T00:00:00Z,SUGG,0.25,21.530416666666667,temperature
2022-03-06T00:00:00Z,SUGG,0.5,21.475416666666668,temperature
2022-03-06T00:00:00Z,SUGG,0.75,21.299791666666668,temperature
2022-03-06T00:00:00Z,SUGG,1,20.541875,temperature
2022-03-07T00:00:00Z,SUGG,0,22.638333333333332,temperature
2022-03-07T00:00:00Z,SUGG,0.25,22.537708333333335,temperature
2022-03-07T00:00:00Z,SUGG,0.5,22.4125,temperature
2022-03-07T00:00:00Z,SUGG,0.75,22.2125,temperature
2022-03-07T00:00:00Z,SUGG,1,21.081875,temperature
2022-03-08T00:00:00Z,SUGG,0,23.80270833333333,temperature
2022-03-08T00:00:00Z,SUGG,0.25,23.635208333333335,temperature
2022-03-08T00:00:00Z,SUGG,0.5,23.488958333333333,temperature
2022-03-08T00:00:00Z,SUGG,0.75,22.720208333333332,temperature
2022-03-08T00:00:00Z,SUGG,1,21.522916666666667,temperature
2022-03-09T00:00:00Z,SUGG,0,24.126666666666665,temperature
2022-03-09T00:00:00Z,SUGG,0.25,24.038333333333338,temperature
2022-03-09T00:00:00Z,SUGG,0.5,23.887291666666663,temperature
2022-03-09T00:00:00Z,SUGG,0.75,23.376041666666666,temperature
2022-03-09T00:00:00Z,SUGG,1,22.444791666666667,temperature
2022-03-10T00:00:00Z,SUGG,0,23.141875,temperature
2022-03-10T00:00:00Z,SUGG,0.25,23.125,temperature
2022-03-10T00:00:00Z,SUGG,0.5,23.105833333333333,temperature
2022-03-10T00:00:00Z,SUGG,0.75,23.084166666666665,temperature
2022-03-10T00:00:00Z,SUGG,1,22.873958333333334,temperature
2022-03-11T00:00:00Z,SUGG,0,22.00208333333333,temperature
2022-03-11T00:00:00Z,SUGG,0.25,22.004166666666663,temperature
2022-03-11T00:00:00Z,SUGG,0.5,22.005416666666665,temperature
2022-03-11T00:00:00Z,SUGG,0.75,22.0025,temperature
2022-03-11T00:00:00Z,SUGG,1,21.996458333333333,temperature
2022-03-12T00:00:00Z,SUGG,0,21.293958333333332,temperature
2022-03-12T00:00:00Z,SUGG,0.25,21.294166666666666,temperature
2022-03-12T00:00:00Z,SUGG,0.5,21.295833333333334,temperature
2022-03-12T00:00:00Z,SUGG,0.75,21.295208333333335,temperature
2022-03-12T00:00:00Z,SUGG,1,21.293541666666663,temperature
2022-03-13T00:00:00Z,SUGG,0,19.185625,temperature
2022-03-13T00:00:00Z,SUGG,0.25,19.168541666666663,temperature
2022-03-13T00:00:00Z,SUGG,0.5,19.14875,temperature
2022-03-13T00:00:00Z,SUGG,0.75,19.114166666666662,temperature
2022-03-13T00:00:00Z,SUGG,1,19.034375,temperature
2022-03-14T00:00:00Z,SUGG,0,18.265,temperature
2022-03-14T00:00:00Z,SUGG,0.25,18.2525,temperature
2022-03-14T00:00:00Z,SUGG,0.5,18.235416666666666,temperature
2022-03-14T00:00:00Z,SUGG,0.75,18.205625,temperature
2022-03-14T00:00:00Z,SUGG,1,18.162916666666668,temperature
2022-03-15T00:00:00Z,SUGG,0,18.651666666666667,temperature
2022-03-15T00:00:00Z,SUGG,0.25,18.63875,temperature
2022-03-15T00:00:00Z,SUGG,0.5,18.629166666666663,temperature
2022-03-15T00:00:00Z,SUGG,0.75,18.613333333333333,temperature
2022-03-15T00:00:00Z,SUGG,1,18.591666666666665,temperature
2022-03-16T00:00:00Z,SUGG,0,19.0075,temperature
2022-03-16T00:00:00Z,SUGG,0.25,18.953541666666663,temperature
2022-03-16T00:00:00Z,SUGG,0.5,18.90625,temperature
2022-03-16T00:00:00Z,SUGG,0.75,18.861666666666668,temperature
2022-03-16T00:00:00Z,SUGG,1,18.808125,temperature
2022-03-17T00:00:00Z,SUGG,0,20.821666666666665,temperature
2022-03-17T00:00:00Z,SUGG,0.25,20.667291666666667,temperature
2022-03-17T00:00:00Z,SUGG,0.5,20.41,temperature
2022-03-17T00:00:00Z,SUGG,0.75,19.671666666666667,temperature
2022-03-17T00:00:00Z,SUGG,1,19.18,temperature
2022-03-18T00:00:00Z,SUGG,0,22.154166666666665,temperature
2022-03-18T00:00:00Z,SUGG,0.25,21.984583333333333,temperature
2022-03-18T00:00:00Z,SUGG,0.5,21.478958333333335,temperature
2022-03-18T00:00:00Z,SUGG,0.75,20.508125,temperature
2022-03-18T00:00:00Z,SUGG,1,19.27,temperature
2022-03-19T00:00:00Z,SUGG,0,22.030416666666667,temperature
2022-03-19T00:00:00Z,SUGG,0.25,21.99625,temperature
2022-03-19T00:00:00Z,SUGG,0.5,21.922978723404256,temperature
2022-03-19T00:00:00Z,SUGG,0.75,21.672083333333333,temperature
2022-03-19T00:00:00Z,SUGG,1,21.054375,temperature
2022-03-20T00:00:00Z,SUGG,0,22.399791666666665,temperature
2022-03-20T00:00:00Z,SUGG,0.25,22.382916666666667,temperature
2022-03-20T00:00:00Z,SUGG,0.5,22.352291666666662,temperature
2022-03-20T00:00:00Z,SUGG,0.75,22.265833333333333,temperature
2022-03-20T00:00:00Z,SUGG,1,21.808125,temperature
2022-03-21T00:00:00Z,SUGG,0,21.6690625,temperature
2022-03-21T00:00:00Z,SUGG,0.25,21.8478125,temperature
2022-03-21T00:00:00Z,SUGG,0.5,21.674375,temperature
2022-03-21T00:00:00Z,SUGG,0.75,21.7575,temperature
2022-03-21T00:00:00Z,SUGG,1,21.660625,temperature
2022-03-22T00:00:00Z,SUGG,0,23.17,temperature
2022-03-22T00:00:00Z,SUGG,0.25,23.15625,temperature
2022-03-22T00:00:00Z,SUGG,0.5,23.12125,temperature
2022-03-22T00:00:00Z,SUGG,0.75,22.97125,temperature
2022-03-22T00:00:00Z,SUGG,1,22.71625,temperature
2022-03-23T00:00:00Z,SUGG,0,22.2875,temperature
2022-03-23T00:00:00Z,SUGG,0.25,22.2925,temperature
2022-03-23T00:00:00Z,SUGG,0.5,22.273958333333333,temperature
2022-03-23T00:00:00Z,SUGG,0.75,22.202291666666667,temperature
2022-03-23T00:00:00Z,SUGG,1,22.097083333333337,temperature
2022-03-24T00:00:00Z,SUGG,0,21.9925,temperature
2022-03-24T00:00:00Z,SUGG,0.25,22.015,temperature
2022-03-24T00:00:00Z,SUGG,0.5,22.015833333333333,temperature
2022-03-24T00:00:00Z,SUGG,0.75,22.009791666666665,temperature
2022-03-24T00:00:00Z,SUGG,1,21.976875,temperature
2022-03-25T00:00:00Z,SUGG,0,21.465833333333332,temperature
2022-03-25T00:00:00Z,SUGG,0.25,21.466875,temperature
2022-03-25T00:00:00Z,SUGG,0.5,21.449375,temperature
2022-03-25T00:00:00Z,SUGG,0.75,21.429583333333333,temperature
2022-03-25T00:00:00Z,SUGG,1,21.41125,temperature
2022-03-26T00:00:00Z,SUGG,0,21.116041666666668,temperature
2022-03-26T00:00:00Z,SUGG,0.25,21.154166666666665,temperature
2022-03-26T00:00:00Z,SUGG,0.5,21.142916666666668,temperature
2022-03-26T00:00:00Z,SUGG,0.75,21.124583333333337,temperature
2022-03-26T00:00:00Z,SUGG,1,21.099375,temperature
2022-03-27T00:00:00Z,SUGG,0,20.996458333333333,temperature
2022-03-27T00:00:00Z,SUGG,0.25,21.013541666666665,temperature
2022-03-27T00:00:00Z,SUGG,0.5,20.998541666666668,temperature
2022-03-27T00:00:00Z,SUGG,0.75,20.975833333333338,temperature
2022-03-27T00:00:00Z,SUGG,1,20.943125,temperature
2022-03-28T00:00:00Z,SUGG,0,21.563125,temperature
2022-03-28T00:00:00Z,SUGG,0.25,21.546875,temperature
2022-03-28T00:00:00Z,SUGG,0.5,21.505,temperature
2022-03-28T00:00:00Z,SUGG,0.75,21.45375,temperature
2022-03-28T00:00:00Z,SUGG,1,21.404375,temperature
2022-03-29T00:00:00Z,SUGG,0,24.2325,temperature
2022-03-29T00:00:00Z,SUGG,0.25,23.027021276595743,temperature
2022-03-29T00:00:00Z,SUGG,0.5,22.25375,temperature
2022-03-29T00:00:00Z,SUGG,0.75,21.964166666666667,temperature
2022-03-29T00:00:00Z,SUGG,1,21.780625,temperature
2022-03-30T00:00:00Z,SUGG,0,23.622708333333332,temperature
2022-03-30T00:00:00Z,SUGG,0.25,23.445416666666667,temperature
2022-03-30T00:00:00Z,SUGG,0.5,23.113333333333333,temperature
2022-03-30T00:00:00Z,SUGG,0.75,22.535625,temperature
2022-03-30T00:00:00Z,SUGG,1,22.106666666666666,temperature
2022-03-31T00:00:00Z,SUGG,0,22.459583333333335,temperature
2022-03-31T00:00:00Z,SUGG,0.25,22.470833333333335,temperature
2022-03-31T00:00:00Z,SUGG,0.5,22.471041666666668,temperature
2022-03-31T00:00:00Z,SUGG,0.75,22.467291666666668,temperature
2022-03-31T00:00:00Z,SUGG,1,22.445833333333333,temperature
2022-04-01T00:00:00Z,SUGG,0,23.34979166666667,temperature
2022-04-01T00:00:00Z,SUGG,0.25,22.825833333333332,temperature
2022-04-01T00:00:00Z,SUGG,0.5,22.318125,temperature
2022-04-01T00:00:00Z,SUGG,0.75,21.926875,temperature
2022-04-01T00:00:00Z,SUGG,1,21.830208333333335,temperature
2022-04-02T00:00:00Z,SUGG,0,23.521458333333335,temperature
2022-04-02T00:00:00Z,SUGG,0.25,23.453958333333333,temperature
2022-04-02T00:00:00Z,SUGG,0.5,22.86541666666667,temperature
2022-04-02T00:00:00Z,SUGG,0.75,22.28625,temperature
2022-04-02T00:00:00Z,SUGG,1,21.992916666666662,temperature
2022-04-03T00:00:00Z,SUGG,0,22.530625,temperature
2022-04-03T00:00:00Z,SUGG,0.25,22.431041666666665,temperature
2022-04-03T00:00:00Z,SUGG,0.5,22.147916666666667,temperature
2022-04-03T00:00:00Z,SUGG,0.75,21.829791666666665,temperature
2022-04-03T00:00:00Z,SUGG,1,21.671875,temperature
2022-04-04T00:00:00Z,SUGG,0,23.689791666666668,temperature
2022-04-04T00:00:00Z,SUGG,0.25,23.60875,temperature
2022-04-04T00:00:00Z,SUGG,0.5,23.393333333333334,temperature
2022-04-04T00:00:00Z,SUGG,0.75,22.888125,temperature
2022-04-04T00:00:00Z,SUGG,1,22.063125,temperature
2022-04-05T00:00:00Z,SUGG,0,23.873260869565215,temperature
2022-04-05T00:00:00Z,SUGG,0.25,23.856739130434782,temperature
2022-04-05T00:00:00Z,SUGG,0.5,23.69913043478261,temperature
2022-04-05T00:00:00Z,SUGG,0.75,23.549565217391304,temperature
2022-04-05T00:00:00Z,SUGG,1,23.089565217391304,temperature
2022-04-06T00:00:00Z,SUGG,0,24.478125,temperature
2022-04-06T00:00:00Z,SUGG,0.25,24.471041666666668,temperature
2022-04-06T00:00:00Z,SUGG,0.5,24.443958333333335,temperature
2022-04-06T00:00:00Z,SUGG,0.75,24.39125,temperature
2022-04-06T00:00:00Z,SUGG,1,24.342083333333335,temperature
2022-04-07T00:00:00Z,SUGG,0,24.910625,temperature
2022-04-07T00:00:00Z,SUGG,0.25,24.901041666666668,temperature
2022-04-07T00:00:00Z,SUGG,0.5,24.880208333333332,temperature
2022-04-07T00:00:00Z,SUGG,0.75,24.851875,temperature
2022-04-07T00:00:00Z,SUGG,1,24.8075,temperature
2022-04-08T00:00:00Z,SUGG,0,23.97375,temperature
2022-04-08T00:00:00Z,SUGG,0.25,24.007083333333338,temperature
2022-04-08T00:00:00Z,SUGG,0.5,24.006458333333335,temperature
2022-04-08T00:00:00Z,SUGG,0.75,24.00125,temperature
2022-04-08T00:00:00Z,SUGG,1,23.992708333333333,temperature
2022-04-09T00:00:00Z,SUGG,0,22.484583333333333,temperature
2022-04-09T00:00:00Z,SUGG,0.25,22.520416666666662,temperature
2022-04-09T00:00:00Z,SUGG,0.5,22.520416666666662,temperature
2022-04-09T00:00:00Z,SUGG,0.75,22.519375,temperature
2022-04-09T00:00:00Z,SUGG,1,22.515833333333333,temperature
2022-04-10T00:00:00Z,SUGG,0,22.70916666666667,temperature
2022-04-10T00:00:00Z,SUGG,0.25,22.374583333333337,temperature
2022-04-10T00:00:00Z,SUGG,0.5,22.055625,temperature
2022-04-10T00:00:00Z,SUGG,0.75,21.830625,temperature
2022-04-10T00:00:00Z,SUGG,1,21.625,temperature
2022-04-11T00:00:00Z,SUGG,0,22.812916666666663,temperature
2022-04-11T00:00:00Z,SUGG,0.25,22.791875,temperature
2022-04-11T00:00:00Z,SUGG,0.5,22.692291666666662,temperature
2022-04-11T00:00:00Z,SUGG,0.75,22.23,temperature
2022-04-11T00:00:00Z,SUGG,1,21.788333333333338,temperature
2022-04-12T00:00:00Z,SUGG,0,23.73645833333333,temperature
2022-04-12T00:00:00Z,SUGG,0.25,23.579375,temperature
2022-04-12T00:00:00Z,SUGG,0.5,23.195,temperature
2022-04-12T00:00:00Z,SUGG,0.75,22.845208333333332,temperature
2022-04-12T00:00:00Z,SUGG,1,22.49875,temperature
2022-04-13T00:00:00Z,SUGG,0,24.348541666666662,temperature
2022-04-13T00:00:00Z,SUGG,0.25,24.293125,temperature
2022-04-13T00:00:00Z,SUGG,0.5,24.132291666666667,temperature
2022-04-13T00:00:00Z,SUGG,0.75,23.93166666666667,temperature
2022-04-13T00:00:00Z,SUGG,1,23.262708333333332,temperature
2022-04-14T00:00:00Z,SUGG,0,24.760208333333335,temperature
2022-04-14T00:00:00Z,SUGG,0.25,24.748541666666668,temperature
2022-04-14T00:00:00Z,SUGG,0.5,24.673125,temperature
2022-04-14T00:00:00Z,SUGG,0.75,24.43,temperature
2022-04-14T00:00:00Z,SUGG,1,24.0275,temperature
2022-04-15T00:00:00Z,SUGG,0,25.247291666666666,temperature
2022-04-15T00:00:00Z,SUGG,0.25,25.24125,temperature
2022-04-15T00:00:00Z,SUGG,0.5,25.185,temperature
2022-04-15T00:00:00Z,SUGG,0.75,25.036041666666662,temperature
2022-04-15T00:00:00Z,SUGG,1,24.291458333333335,temperature
2022-04-16T00:00:00Z,SUGG,0,26.347291666666667,temperature
2022-04-16T00:00:00Z,SUGG,0.25,26.063333333333333,temperature
2022-04-16T00:00:00Z,SUGG,0.5,25.4825,temperature
2022-04-16T00:00:00Z,SUGG,0.75,25.174166666666668,temperature
2022-04-16T00:00:00Z,SUGG,1,24.88875,temperature
2022-04-17T00:00:00Z,SUGG,0,27.694375,temperature
2022-04-17T00:00:00Z,SUGG,0.25,27.548333333333332,temperature
2022-04-17T00:00:00Z,SUGG,0.5,27.058541666666667,temperature
2022-04-17T00:00:00Z,SUGG,0.75,26.036595744680852,temperature
2022-04-17T00:00:00Z,SUGG,1,24.8275,temperature
2022-04-18T00:00:00Z,SUGG,0,26.438541666666666,temperature
2022-04-18T00:00:00Z,SUGG,0.25,26.439375,temperature
2022-04-18T00:00:00Z,SUGG,0.5,26.399166666666662,temperature
2022-04-18T00:00:00Z,SUGG,0.75,26.222916666666663,temperature
2022-04-18T00:00:00Z,SUGG,1,25.45125,temperature
2022-04-19T00:00:00Z,SUGG,0,25.551875,temperature
2022-04-19T00:00:00Z,SUGG,0.25,25.570833333333333,temperature
2022-04-19T00:00:00Z,SUGG,0.5,25.514583333333334,temperature
2022-04-19T00:00:00Z,SUGG,0.75,25.377291666666668,temperature
2022-04-19T00:00:00Z,SUGG,1,25.046875,temperature
2022-04-20T00:00:00Z,SUGG,0,24.348958333333332,temperature
2022-04-20T00:00:00Z,SUGG,0.25,24.375833333333333,temperature
2022-04-20T00:00:00Z,SUGG,0.5,24.366666666666667,temperature
2022-04-20T00:00:00Z,SUGG,0.75,24.346875,temperature
2022-04-20T00:00:00Z,SUGG,1,24.27520833333333,temperature
2022-04-21T00:00:00Z,SUGG,0,23.927708333333335,temperature
2022-04-21T00:00:00Z,SUGG,0.25,23.948333333333338,temperature
2022-04-21T00:00:00Z,SUGG,0.5,23.942083333333333,temperature
2022-04-21T00:00:00Z,SUGG,0.75,23.929375,temperature
2022-04-21T00:00:00Z,SUGG,1,23.91125,temperature
2022-04-22T00:00:00Z,SUGG,0,23.870416666666667,temperature
2022-04-22T00:00:00Z,SUGG,0.25,23.88375,temperature
2022-04-22T00:00:00Z,SUGG,0.5,23.878125,temperature
2022-04-22T00:00:00Z,SUGG,0.75,23.86541666666667,temperature
2022-04-22T00:00:00Z,SUGG,1,23.848333333333333,temperature
2022-04-23T00:00:00Z,SUGG,0,24.168958333333332,temperature
2022-04-23T00:00:00Z,SUGG,0.25,24.175833333333333,temperature
2022-04-23T00:00:00Z,SUGG,0.5,24.161666666666665,temperature
2022-04-23T00:00:00Z,SUGG,0.75,24.133541666666662,temperature
2022-04-23T00:00:00Z,SUGG,1,24.10375,temperature
2022-04-24T00:00:00Z,SUGG,0,24.647291666666668,temperature
2022-04-24T00:00:00Z,SUGG,0.25,24.63,temperature
2022-04-24T00:00:00Z,SUGG,0.5,24.567708333333332,temperature
2022-04-24T00:00:00Z,SUGG,0.75,24.4825,temperature
2022-04-24T00:00:00Z,SUGG,1,24.348125,temperature
2022-04-25T00:00:00Z,SUGG,0,25.861666666666668,temperature
2022-04-25T00:00:00Z,SUGG,0.25,25.402127659574468,temperature
2022-04-25T00:00:00Z,SUGG,0.5,24.966666666666665,temperature
2022-04-25T00:00:00Z,SUGG,0.75,24.704791666666665,temperature
2022-04-25T00:00:00Z,SUGG,1,24.52,temperature
2022-04-26T00:00:00Z,SUGG,0,27.120625,temperature
2022-04-26T00:00:00Z,SUGG,0.25,26.84375,temperature
2022-04-26T00:00:00Z,SUGG,0.5,26.132916666666667,temperature
2022-04-26T00:00:00Z,SUGG,0.75,25.24395833333333,temperature
2022-04-26T00:00:00Z,SUGG,1,24.698958333333337,temperature
2022-04-27T00:00:00Z,SUGG,0,27.96875,temperature
2022-04-27T00:00:00Z,SUGG,0.25,27.63375,temperature
2022-04-27T00:00:00Z,SUGG,0.5,26.855416666666667,temperature
2022-04-27T00:00:00Z,SUGG,0.75,25.634166666666665,temperature
2022-04-27T00:00:00Z,SUGG,1,24.89375,temperature
2022-04-28T00:00:00Z,SUGG,0,26.2175,temperature
2022-04-28T00:00:00Z,SUGG,0.25,26.222916666666663,temperature
2022-04-28T00:00:00Z,SUGG,0.5,26.167291666666667,temperature
2022-04-28T00:00:00Z,SUGG,0.75,26.017708333333335,temperature
2022-04-28T00:00:00Z,SUGG,1,25.69875,temperature
2022-04-29T00:00:00Z,SUGG,0,25.5175,temperature
2022-04-29T00:00:00Z,SUGG,0.25,25.534583333333337,temperature
2022-04-29T00:00:00Z,SUGG,0.5,25.516875,temperature
2022-04-29T00:00:00Z,SUGG,0.75,25.48229166666667,temperature
2022-04-29T00:00:00Z,SUGG,1,25.444375,temperature
2022-04-30T00:00:00Z,SUGG,0,25.566458333333333,temperature
2022-04-30T00:00:00Z,SUGG,0.25,25.485416666666666,temperature
2022-04-30T00:00:00Z,SUGG,0.5,25.270625,temperature
2022-04-30T00:00:00Z,SUGG,0.75,25.094375,temperature
2022-04-30T00:00:00Z,SUGG,1,24.955416666666668,temperature
2022-05-01T00:00:00Z,SUGG,0,26.68,temperature
2022-05-01T00:00:00Z,SUGG,0.25,25.78468085106383,temperature
2022-05-01T00:00:00Z,SUGG,0.5,25.312708333333333,temperature
2022-05-01T00:00:00Z,SUGG,0.75,25.14125,temperature
2022-05-01T00:00:00Z,SUGG,1,25.022708333333338,temperature
2022-05-02T00:00:00Z,SUGG,0,27.671458333333337,temperature
2022-05-02T00:00:00Z,SUGG,0.25,26.364255319148935,temperature
2022-05-02T00:00:00Z,SUGG,0.5,25.897083333333335,temperature
2022-05-02T00:00:00Z,SUGG,0.75,25.503333333333337,temperature
2022-05-02T00:00:00Z,SUGG,1,25.1775,temperature
2022-05-03T00:00:00Z,SUGG,0,27.824166666666667,temperature
2022-05-03T00:00:00Z,SUGG,0.25,27.673541666666665,temperature
2022-05-03T00:00:00Z,SUGG,0.5,27.097291666666667,temperature
2022-05-03T00:00:00Z,SUGG,0.75,26.2675,temperature
2022-05-03T00:00:00Z,SUGG,1,25.342083333333335,temperature
2022-05-04T00:00:00Z,SUGG,0,28.52777777777778,temperature
2022-05-04T00:00:00Z,SUGG,0.25,28.142666666666667,temperature
2022-05-04T00:00:00Z,SUGG,0.5,27.606666666666666,temperature
2022-05-04T00:00:00Z,SUGG,0.75,26.67377777777778,temperature
2022-05-04T00:00:00Z,SUGG,1,26.21488888888889,temperature
2022-05-05T00:00:00Z,SUGG,0,30.053125,temperature
2022-05-05T00:00:00Z,SUGG,0.25,29.939166666666665,temperature
2022-05-05T00:00:00Z,SUGG,0.5,29.409166666666668,temperature
2022-05-05T00:00:00Z,SUGG,0.75,26.869791666666668,temperature
2022-05-05T00:00:00Z,SUGG,1,26.049583333333334,temperature
2022-05-06T00:00:00Z,SUGG,0,29.236875,temperature
2022-05-06T00:00:00Z,SUGG,0.25,29.253333333333337,temperature
2022-05-06T00:00:00Z,SUGG,0.5,29.116458333333338,temperature
2022-05-06T00:00:00Z,SUGG,0.75,28.06875,temperature
2022-05-06T00:00:00Z,SUGG,1,27.206875,temperature
2022-05-07T00:00:00Z,SUGG,0,28.013333333333332,temperature
2022-05-07T00:00:00Z,SUGG,0.25,28.031666666666663,temperature
2022-05-07T00:00:00Z,SUGG,0.5,28.024375,temperature
2022-05-07T00:00:00Z,SUGG,0.75,28.007916666666667,temperature
2022-05-07T00:00:00Z,SUGG,1,27.968333333333337,temperature
2022-05-08T00:00:00Z,SUGG,0,28.2525,temperature
2022-05-08T00:00:00Z,SUGG,0.25,28.027291666666667,temperature
2022-05-08T00:00:00Z,SUGG,0.5,27.542083333333338,temperature
2022-05-08T00:00:00Z,SUGG,0.75,27.198541666666667,temperature
2022-05-08T00:00:00Z,SUGG,1,27.034583333333337,temperature
2022-05-09T00:00:00Z,SUGG,0,26.799166666666668,temperature
2022-05-09T00:00:00Z,SUGG,0.25,26.807083333333335,temperature
2022-05-09T00:00:00Z,SUGG,0.5,26.7525,temperature
2022-05-09T00:00:00Z,SUGG,0.75,26.601458333333333,temperature
2022-05-09T00:00:00Z,SUGG,1,26.438958333333332,temperature
2022-05-10T00:00:00Z,SUGG,0,25.993333333333332,temperature
2022-05-10T00:00:00Z,SUGG,0.25,26.01375,temperature
2022-05-10T00:00:00Z,SUGG,0.5,25.9925,temperature
2022-05-10T00:00:00Z,SUGG,0.75,25.94333333333333,temperature
2022-05-10T00:00:00Z,SUGG,1,25.90020833333333,temperature
2022-05-11T00:00:00Z,SUGG,0,25.91,temperature
2022-05-11T00:00:00Z,SUGG,0.25,25.933125,temperature
2022-05-11T00:00:00Z,SUGG,0.5,25.924791666666668,temperature
2022-05-11T00:00:00Z,SUGG,0.75,25.897291666666668,temperature
2022-05-11T00:00:00Z,SUGG,1,25.86875,temperature
2022-05-12T00:00:00Z,SUGG,0,25.812708333333333,temperature
2022-05-12T00:00:00Z,SUGG,0.25,25.827916666666667,temperature
2022-05-12T00:00:00Z,SUGG,0.5,25.811458333333334,temperature
2022-05-12T00:00:00Z,SUGG,0.75,25.772916666666667,temperature
2022-05-12T00:00:00Z,SUGG,1,25.735,temperature
2022-05-13T00:00:00Z,SUGG,0,26.221458333333334,temperature
2022-05-13T00:00:00Z,SUGG,0.25,25.796666666666667,temperature
2022-05-13T00:00:00Z,SUGG,0.5,25.460208333333338,temperature
2022-05-13T00:00:00Z,SUGG,0.75,25.319375,temperature
2022-05-13T00:00:00Z,SUGG,1,25.25,temperature
2022-05-14T00:00:00Z,SUGG,0,27.926458333333333,temperature
2022-05-14T00:00:00Z,SUGG,0.25,27.27106382978723,temperature
2022-05-14T00:00:00Z,SUGG,0.5,25.800625,temperature
2022-05-14T00:00:00Z,SUGG,0.75,25.383333333333333,temperature
2022-05-14T00:00:00Z,SUGG,1,25.113125,temperature
2022-05-15T00:00:00Z,SUGG,0,28.989791666666665,temperature
2022-05-15T00:00:00Z,SUGG,0.25,28.335,temperature
2022-05-15T00:00:00Z,SUGG,0.5,26.941458333333333,temperature
2022-05-15T00:00:00Z,SUGG,0.75,25.692291666666662,temperature
2022-05-15T00:00:00Z,SUGG,1,25.312916666666663,temperature
2022-05-16T00:00:00Z,SUGG,0,27.439791666666668,temperature
2022-05-16T00:00:00Z,SUGG,0.25,27.293541666666663,temperature
2022-05-16T00:00:00Z,SUGG,0.5,27.027708333333333,temperature
2022-05-16T00:00:00Z,SUGG,0.75,26.568125,temperature
2022-05-16T00:00:00Z,SUGG,1,26.147291666666668,temperature
2022-05-17T00:00:00Z,SUGG,0,29.354166666666668,temperature
2022-05-17T00:00:00Z,SUGG,0.25,29.046458333333337,temperature
2022-05-17T00:00:00Z,SUGG,0.5,28.189375,temperature
2022-05-17T00:00:00Z,SUGG,0.75,27.10375,temperature
2022-05-17T00:00:00Z,SUGG,1,26.247708333333332,temperature
2022-05-18T00:00:00Z,SUGG,0,29.659,temperature
2022-05-18T00:00:00Z,SUGG,0.25,29.48966666666667,temperature
2022-05-18T00:00:00Z,SUGG,0.5,28.616333333333333,temperature
2022-05-18T00:00:00Z,SUGG,0.75,27.255666666666663,temperature
2022-05-18T00:00:00Z,SUGG,1,26.342,temperature
2022-05-19T00:00:00Z,SUGG,0,31.92111111111111,temperature
2022-05-19T00:00:00Z,SUGG,0.25,31.650555555555556,temperature
2022-05-19T00:00:00Z,SUGG,0.5,31.20611111111111,temperature
2022-05-19T00:00:00Z,SUGG,0.75,29.145,temperature
2022-05-19T00:00:00Z,SUGG,1,26.780555555555555,temperature
2022-05-20T00:00:00Z,SUGG,0,30.2075,temperature
2022-05-20T00:00:00Z,SUGG,0.25,30.204375,temperature
2022-05-20T00:00:00Z,SUGG,0.5,30.086666666666662,temperature
2022-05-20T00:00:00Z,SUGG,0.75,29.454166666666666,temperature
2022-05-20T00:00:00Z,SUGG,1,27.042708333333337,temperature
2022-05-21T00:00:00Z,SUGG,0,28.341041666666666,temperature
2022-05-21T00:00:00Z,SUGG,0.25,28.334791666666668,temperature
2022-05-21T00:00:00Z,SUGG,0.5,28.272708333333338,temperature
2022-05-21T00:00:00Z,SUGG,0.75,28.098958333333332,temperature
2022-05-21T00:00:00Z,SUGG,1,27.882291666666667,temperature
2022-05-22T00:00:00Z,SUGG,0,28.21,temperature
2022-05-22T00:00:00Z,SUGG,0.25,28.148958333333333,temperature
2022-05-22T00:00:00Z,SUGG,0.5,28.005625,temperature
2022-05-22T00:00:00Z,SUGG,0.75,27.61875,temperature
2022-05-22T00:00:00Z,SUGG,1,27.296458333333337,temperature
2022-05-23T00:00:00Z,SUGG,0,29.971041666666668,temperature
2022-05-23T00:00:00Z,SUGG,0.25,29.898125,temperature
2022-05-23T00:00:00Z,SUGG,0.5,29.55,temperature
2022-05-23T00:00:00Z,SUGG,0.75,28.566666666666663,temperature
2022-05-23T00:00:00Z,SUGG,1,27.575833333333332,temperature
2022-05-24T00:00:00Z,SUGG,0,30.728958333333335,temperature
2022-05-24T00:00:00Z,SUGG,0.25,30.672083333333333,temperature
2022-05-24T00:00:00Z,SUGG,0.5,30.377916666666668,temperature
2022-05-24T00:00:00Z,SUGG,0.75,29.153125,temperature
2022-05-24T00:00:00Z,SUGG,1,27.95,temperature
2022-05-25T00:00:00Z,SUGG,0,29.687708333333333,temperature
2022-05-25T00:00:00Z,SUGG,0.25,29.700416666666666,temperature
2022-05-25T00:00:00Z,SUGG,0.5,29.64375,temperature
2022-05-25T00:00:00Z,SUGG,0.75,29.468333333333337,temperature
2022-05-25T00:00:00Z,SUGG,1,28.751875,temperature
2022-05-26T00:00:00Z,SUGG,0,29.10333333333333,temperature
2022-05-26T00:00:00Z,SUGG,0.25,29.107916666666668,temperature
2022-05-26T00:00:00Z,SUGG,0.5,29.077291666666667,temperature
2022-05-26T00:00:00Z,SUGG,0.75,28.994166666666665,temperature
2022-05-26T00:00:00Z,SUGG,1,28.72833333333333,temperature
2022-05-27T00:00:00Z,SUGG,0,28.74875,temperature
2022-05-27T00:00:00Z,SUGG,0.25,28.767083333333332,temperature
2022-05-27T00:00:00Z,SUGG,0.5,28.76125,temperature
2022-05-27T00:00:00Z,SUGG,0.75,28.749166666666667,temperature
2022-05-27T00:00:00Z,SUGG,1,28.617083333333333,temperature
2022-05-28T00:00:00Z,SUGG,0,28.682083333333335,temperature
2022-05-28T00:00:00Z,SUGG,0.25,28.660625,temperature
2022-05-28T00:00:00Z,SUGG,0.5,28.588125,temperature
2022-05-28T00:00:00Z,SUGG,0.75,28.498541666666668,temperature
2022-05-28T00:00:00Z,SUGG,1,28.033958333333334,temperature
2022-05-29T00:00:00Z,SUGG,0,30.588125,temperature
2022-05-29T00:00:00Z,SUGG,0.25,29.998958333333334,temperature
2022-05-29T00:00:00Z,SUGG,0.5,29.293125,temperature
2022-05-29T00:00:00Z,SUGG,0.75,28.770833333333332,temperature
2022-05-29T00:00:00Z,SUGG,1,28.1675,temperature
2022-05-30T00:00:00Z,SUGG,0,29.698958333333337,temperature
2022-05-30T00:00:00Z,SUGG,0.25,29.664166666666667,temperature
2022-05-30T00:00:00Z,SUGG,0.5,29.515416666666667,temperature
2022-05-30T00:00:00Z,SUGG,0.75,29.177083333333332,temperature
2022-05-30T00:00:00Z,SUGG,1,28.4525,temperature
2022-05-31T00:00:00Z,SUGG,0,29.355625,temperature
2022-05-31T00:00:00Z,SUGG,0.25,29.298541666666665,temperature
2022-05-31T00:00:00Z,SUGG,0.5,29.155208333333334,temperature
2022-05-31T00:00:00Z,SUGG,0.75,28.9675,temperature
2022-05-31T00:00:00Z,SUGG,1,28.736458333333335,temperature
2022-06-01T00:00:00Z,SUGG,0,29.159166666666668,temperature
2022-06-01T00:00:00Z,SUGG,0.25,29.153125,temperature
2022-06-01T00:00:00Z,SUGG,0.5,29.091041666666666,temperature
2022-06-01T00:00:00Z,SUGG,0.75,28.96125,temperature
2022-06-01T00:00:00Z,SUGG,1,28.50125,temperature
2022-06-02T00:00:00Z,SUGG,0,30.659347826086957,temperature
2022-06-02T00:00:00Z,SUGG,0.25,30.103478260869565,temperature
2022-06-02T00:00:00Z,SUGG,0.5,29.364782608695652,temperature
2022-06-02T00:00:00Z,SUGG,0.75,28.835217391304347,temperature
2022-06-02T00:00:00Z,SUGG,1,28.748478260869565,temperature
2022-06-03T00:00:00Z,SUGG,0,30.446041666666662,temperature
2022-06-03T00:00:00Z,SUGG,0.25,30.096666666666668,temperature
2022-06-03T00:00:00Z,SUGG,0.5,29.780208333333334,temperature
2022-06-03T00:00:00Z,SUGG,0.75,29.22875,temperature
2022-06-03T00:00:00Z,SUGG,1,28.723541666666662,temperature
2022-06-04T00:00:00Z,SUGG,0,29.894166666666667,temperature
2022-06-04T00:00:00Z,SUGG,0.25,29.895208333333333,temperature
2022-06-04T00:00:00Z,SUGG,0.5,29.819375,temperature
2022-06-04T00:00:00Z,SUGG,0.75,29.636666666666667,temperature
2022-06-04T00:00:00Z,SUGG,1,28.996041666666667,temperature
2022-06-05T00:00:00Z,SUGG,0,29.897083333333335,temperature
2022-06-05T00:00:00Z,SUGG,0.25,29.816875,temperature
2022-06-05T00:00:00Z,SUGG,0.5,29.565208333333334,temperature
2022-06-05T00:00:00Z,SUGG,0.75,29.304583333333333,temperature
2022-06-05T00:00:00Z,SUGG,1,29.181875,temperature
2022-06-06T00:00:00Z,SUGG,0,30.015416666666667,temperature
2022-06-06T00:00:00Z,SUGG,0.25,29.861666666666668,temperature
2022-06-06T00:00:00Z,SUGG,0.5,29.776666666666667,temperature
2022-06-06T00:00:00Z,SUGG,0.75,29.607708333333335,temperature
2022-06-06T00:00:00Z,SUGG,1,29.192916666666665,temperature
2022-06-07T00:00:00Z,SUGG,0,30.598958333333332,temperature
2022-06-07T00:00:00Z,SUGG,0.25,29.854791666666667,temperature
2022-06-07T00:00:00Z,SUGG,0.5,29.002708333333334,temperature
2022-06-07T00:00:00Z,SUGG,0.75,28.66375,temperature
2022-06-07T00:00:00Z,SUGG,1,28.499791666666667,temperature
2022-06-08T00:00:00Z,SUGG,0,31.901739130434784,temperature
2022-06-08T00:00:00Z,SUGG,0.25,31.441666666666663,temperature
2022-06-08T00:00:00Z,SUGG,0.5,30.35125,temperature
2022-06-08T00:00:00Z,SUGG,0.75,29.030208333333334,temperature
2022-06-08T00:00:00Z,SUGG,1,28.397916666666667,temperature
2022-06-09T00:00:00Z,SUGG,0,31.38458333333333,temperature
2022-06-09T00:00:00Z,SUGG,0.25,31.36895833333333,temperature
2022-06-09T00:00:00Z,SUGG,0.5,31.140416666666667,temperature
2022-06-09T00:00:00Z,SUGG,0.75,30.394166666666667,temperature
2022-06-09T00:00:00Z,SUGG,1,28.848,temperature
2022-06-10T00:00:00Z,SUGG,0,31.227708333333332,temperature
2022-06-10T00:00:00Z,SUGG,0.25,31.205208333333335,temperature
2022-06-10T00:00:00Z,SUGG,0.5,31.096041666666668,temperature
2022-06-10T00:00:00Z,SUGG,0.75,30.880208333333332,temperature
2022-06-10T00:00:00Z,SUGG,1,29.982708333333335,temperature
2022-06-11T00:00:00Z,SUGG,0,30.781458333333333,temperature
2022-06-11T00:00:00Z,SUGG,0.25,30.785833333333333,temperature
2022-06-11T00:00:00Z,SUGG,0.5,30.738541666666663,temperature
2022-06-11T00:00:00Z,SUGG,0.75,30.604375,temperature
2022-06-11T00:00:00Z,SUGG,1,30.296458333333337,temperature
2022-06-12T00:00:00Z,SUGG,0,29.969375,temperature
2022-06-12T00:00:00Z,SUGG,0.25,29.989166666666662,temperature
2022-06-12T00:00:00Z,SUGG,0.5,29.98,temperature
2022-06-12T00:00:00Z,SUGG,0.75,29.96,temperature
2022-06-12T00:00:00Z,SUGG,1,29.920208333333335,temperature
2022-06-13T00:00:00Z,SUGG,0,30.375625,temperature
2022-06-13T00:00:00Z,SUGG,0.25,30.376666666666665,temperature
2022-06-13T00:00:00Z,SUGG,0.5,30.333333333333332,temperature
2022-06-13T00:00:00Z,SUGG,0.75,30.284583333333337,temperature
2022-06-13T00:00:00Z,SUGG,1,30.22125,temperature
2022-06-14T00:00:00Z,SUGG,0,32.11875,temperature
2022-06-14T00:00:00Z,SUGG,0.25,31.98,temperature
2022-06-14T00:00:00Z,SUGG,0.5,31.53468085106383,temperature
2022-06-14T00:00:00Z,SUGG,0.75,31.028958333333332,temperature
2022-06-14T00:00:00Z,SUGG,1,30.633333333333333,temperature
2022-06-15T00:00:00Z,SUGG,0,32.09725,temperature
2022-06-15T00:00:00Z,SUGG,0.25,31.98127659574468,temperature
2022-06-15T00:00:00Z,SUGG,0.5,31.257916666666667,temperature
2022-06-15T00:00:00Z,SUGG,0.75,30.908958333333334,temperature
2022-06-15T00:00:00Z,SUGG,1,30.460833333333333,temperature
2022-06-16T00:00:00Z,SUGG,0,32.39978260869565,temperature
2022-06-16T00:00:00Z,SUGG,0.25,31.98391304347826,temperature
2022-06-16T00:00:00Z,SUGG,0.5,31.704347826086956,temperature
2022-06-16T00:00:00Z,SUGG,0.75,31.00673913043478,temperature
2022-06-16T00:00:00Z,SUGG,1,30.372391304347826,temperature
2022-06-17T00:00:00Z,SUGG,0,32.680851063829785,temperature
2022-06-17T00:00:00Z,SUGG,0.25,32.445625,temperature
2022-06-17T00:00:00Z,SUGG,0.5,31.66125,temperature
2022-06-17T00:00:00Z,SUGG,0.75,31.071875,temperature
2022-06-17T00:00:00Z,SUGG,1,30.66229166666667,temperature
2022-06-18T00:00:00Z,SUGG,0,32.169583333333335,temperature
2022-06-18T00:00:00Z,SUGG,0.25,32.14854166666667,temperature
2022-06-18T00:00:00Z,SUGG,0.5,31.947916666666668,temperature
2022-06-18T00:00:00Z,SUGG,0.75,31.410416666666663,temperature
2022-06-18T00:00:00Z,SUGG,1,30.941458333333333,temperature
2022-06-19T00:00:00Z,SUGG,0,31.806666666666665,temperature
2022-06-19T00:00:00Z,SUGG,0.25,31.703333333333333,temperature
2022-06-19T00:00:00Z,SUGG,0.5,31.489791666666665,temperature
2022-06-19T00:00:00Z,SUGG,0.75,31.295833333333334,temperature
2022-06-19T00:00:00Z,SUGG,1,31.05291666666667,temperature
2022-06-20T00:00:00Z,SUGG,0,31.321875,temperature
2022-06-20T00:00:00Z,SUGG,0.25,31.314791666666668,temperature
2022-06-20T00:00:00Z,SUGG,0.5,31.231458333333332,temperature
2022-06-20T00:00:00Z,SUGG,0.75,31.07208333333333,temperature
2022-06-20T00:00:00Z,SUGG,1,30.774166666666662,temperature
2022-06-21T00:00:00Z,SUGG,0,31.03875,temperature
2022-06-21T00:00:00Z,SUGG,0.25,31.031666666666663,temperature
2022-06-21T00:00:00Z,SUGG,0.5,30.916875,temperature
2022-06-21T00:00:00Z,SUGG,0.75,30.726041666666667,temperature
2022-06-21T00:00:00Z,SUGG,1,30.376666666666665,temperature
2022-06-22T00:00:00Z,SUGG,0,31.92125,temperature
2022-06-22T00:00:00Z,SUGG,0.25,31.424583333333334,temperature
2022-06-22T00:00:00Z,SUGG,0.5,30.745416666666667,temperature
2022-06-22T00:00:00Z,SUGG,0.75,30.519375,temperature
2022-06-22T00:00:00Z,SUGG,1,30.339166666666667,temperature
2022-06-23T00:00:00Z,SUGG,0,31.597083333333337,temperature
2022-06-23T00:00:00Z,SUGG,0.25,31.558541666666667,temperature
2022-06-23T00:00:00Z,SUGG,0.5,31.274583333333332,temperature
2022-06-23T00:00:00Z,SUGG,0.75,30.881666666666668,temperature
2022-06-23T00:00:00Z,SUGG,1,30.5425,temperature
2022-06-24T00:00:00Z,SUGG,0,31.599375,temperature
2022-06-24T00:00:00Z,SUGG,0.25,31.484375,temperature
2022-06-24T00:00:00Z,SUGG,0.5,31.359166666666667,temperature
2022-06-24T00:00:00Z,SUGG,0.75,31.126875,temperature
2022-06-24T00:00:00Z,SUGG,1,30.8275,temperature
2022-06-25T00:00:00Z,SUGG,0,30.39875,temperature
2022-06-25T00:00:00Z,SUGG,0.25,30.404166666666665,temperature
2022-06-25T00:00:00Z,SUGG,0.5,30.371458333333333,temperature
2022-06-25T00:00:00Z,SUGG,0.75,30.311666666666667,temperature
2022-06-25T00:00:00Z,SUGG,1,30.244791666666668,temperature
2022-06-26T00:00:00Z,SUGG,0,30.388333333333332,temperature
2022-06-26T00:00:00Z,SUGG,0.25,30.400833333333335,temperature
2022-06-26T00:00:00Z,SUGG,0.5,30.376041666666666,temperature
2022-06-26T00:00:00Z,SUGG,0.75,30.33416666666667,temperature
2022-06-26T00:00:00Z,SUGG,1,30.289375,temperature
2022-06-27T00:00:00Z,SUGG,0,29.989375,temperature
2022-06-27T00:00:00Z,SUGG,0.25,29.975,temperature
2022-06-27T00:00:00Z,SUGG,0.5,29.913333333333338,temperature
2022-06-27T00:00:00Z,SUGG,0.75,29.859375,temperature
2022-06-27T00:00:00Z,SUGG,1,29.818958333333335,temperature
2022-06-28T00:00:00Z,SUGG,0,30.800208333333337,temperature
2022-06-28T00:00:00Z,SUGG,0.25,30.551875,temperature
2022-06-28T00:00:00Z,SUGG,0.5,30.000833333333333,temperature
2022-06-28T00:00:00Z,SUGG,0.75,29.7525,temperature
2022-06-28T00:00:00Z,SUGG,1,29.67,temperature
2022-06-29T00:00:00Z,SUGG,0,31.06375,temperature
2022-06-29T00:00:00Z,SUGG,0.25,30.94708333333333,temperature
2022-06-29T00:00:00Z,SUGG,0.5,30.57875,temperature
2022-06-29T00:00:00Z,SUGG,0.75,30.324583333333333,temperature
2022-06-29T00:00:00Z,SUGG,1,30.04625,temperature
2022-06-30T00:00:00Z,SUGG,0,31.035833333333333,temperature
2022-06-30T00:00:00Z,SUGG,0.25,30.959583333333335,temperature
2022-06-30T00:00:00Z,SUGG,0.5,30.735208333333333,temperature
2022-06-30T00:00:00Z,SUGG,0.75,30.542291666666667,temperature
2022-06-30T00:00:00Z,SUGG,1,30.236875,temperature
2022-07-01T00:00:00Z,SUGG,0,30.398333333333333,temperature
2022-07-01T00:00:00Z,SUGG,0.25,30.177083333333332,temperature
2022-07-01T00:00:00Z,SUGG,0.5,29.99125,temperature
2022-07-01T00:00:00Z,SUGG,0.75,29.889375,temperature
2022-07-01T00:00:00Z,SUGG,1,29.812708333333333,temperature
2022-07-02T00:00:00Z,SUGG,0,30.355625,temperature
2022-07-02T00:00:00Z,SUGG,0.25,30.172916666666666,temperature
2022-07-02T00:00:00Z,SUGG,0.5,29.953125,temperature
2022-07-02T00:00:00Z,SUGG,0.75,29.766041666666663,temperature
2022-07-02T00:00:00Z,SUGG,1,29.523541666666667,temperature
2022-07-03T00:00:00Z,SUGG,0,30.534166666666668,temperature
2022-07-03T00:00:00Z,SUGG,0.25,30.19354166666667,temperature
2022-07-03T00:00:00Z,SUGG,0.5,30.05625,temperature
2022-07-03T00:00:00Z,SUGG,0.75,29.960416666666667,temperature
2022-07-03T00:00:00Z,SUGG,1,29.748333333333335,temperature
2022-07-04T00:00:00Z,SUGG,0,31.14,temperature
2022-07-04T00:00:00Z,SUGG,0.25,30.401041666666668,temperature
2022-07-04T00:00:00Z,SUGG,0.5,29.788333333333338,temperature
2022-07-04T00:00:00Z,SUGG,0.75,29.577708333333337,temperature
2022-07-04T00:00:00Z,SUGG,1,29.445625,temperature
2022-07-05T00:00:00Z,SUGG,0,31.592083333333335,temperature
2022-07-05T00:00:00Z,SUGG,0.25,31.359166666666667,temperature
2022-07-05T00:00:00Z,SUGG,0.5,30.867916666666662,temperature
2022-07-05T00:00:00Z,SUGG,0.75,29.927291666666665,temperature
2022-07-05T00:00:00Z,SUGG,1,29.535625,temperature
2022-07-06T00:00:00Z,SUGG,0,32.12804347826087,temperature
2022-07-06T00:00:00Z,SUGG,0.25,31.430416666666662,temperature
2022-07-06T00:00:00Z,SUGG,0.5,30.714583333333337,temperature
2022-07-06T00:00:00Z,SUGG,0.75,30.310625,temperature
2022-07-06T00:00:00Z,SUGG,1,29.796875,temperature
2022-07-07T00:00:00Z,SUGG,0,32.56318181818182,temperature
2022-07-07T00:00:00Z,SUGG,0.25,32.08583333333333,temperature
2022-07-07T00:00:00Z,SUGG,0.5,31.478085106382977,temperature
2022-07-07T00:00:00Z,SUGG,0.75,30.476458333333333,temperature
2022-07-07T00:00:00Z,SUGG,1,29.898958333333333,temperature
2022-07-08T00:00:00Z,SUGG,0,31.718958333333333,temperature
2022-07-08T00:00:00Z,SUGG,0.25,31.62125,temperature
2022-07-08T00:00:00Z,SUGG,0.5,31.335833333333333,temperature
2022-07-08T00:00:00Z,SUGG,0.75,30.747708333333332,temperature
2022-07-08T00:00:00Z,SUGG,1,30.300625,temperature
2022-07-09T00:00:00Z,SUGG,0,31.445416666666667,temperature
2022-07-09T00:00:00Z,SUGG,0.25,31.387291666666663,temperature
2022-07-09T00:00:00Z,SUGG,0.5,31.160833333333333,temperature
2022-07-09T00:00:00Z,SUGG,0.75,30.829791666666665,temperature
2022-07-09T00:00:00Z,SUGG,1,30.471875,temperature
2022-07-10T00:00:00Z,SUGG,0,30.631458333333335,temperature
2022-07-10T00:00:00Z,SUGG,0.25,30.624791666666667,temperature
2022-07-10T00:00:00Z,SUGG,0.5,30.5875,temperature
2022-07-10T00:00:00Z,SUGG,0.75,30.544583333333332,temperature
2022-07-10T00:00:00Z,SUGG,1,30.470625,temperature
2022-07-11T00:00:00Z,SUGG,0,30.559166666666663,temperature
2022-07-11T00:00:00Z,SUGG,0.25,30.490833333333335,temperature
2022-07-11T00:00:00Z,SUGG,0.5,30.309375,temperature
2022-07-11T00:00:00Z,SUGG,0.75,30.11125,temperature
2022-07-11T00:00:00Z,SUGG,1,29.981875,temperature
2022-07-12T00:00:00Z,SUGG,0,31.030416666666667,temperature
2022-07-12T00:00:00Z,SUGG,0.25,30.997708333333332,temperature
2022-07-12T00:00:00Z,SUGG,0.5,30.899583333333332,temperature
2022-07-12T00:00:00Z,SUGG,0.75,30.756875,temperature
2022-07-12T00:00:00Z,SUGG,1,30.498333333333335,temperature
2022-07-13T00:00:00Z,SUGG,0,32.04,temperature
2022-07-13T00:00:00Z,SUGG,0.25,32.028125,temperature
2022-07-13T00:00:00Z,SUGG,0.5,31.939791666666668,temperature
2022-07-13T00:00:00Z,SUGG,0.75,31.709791666666668,temperature
2022-07-13T00:00:00Z,SUGG,1,30.57,temperature
2022-07-14T00:00:00Z,SUGG,0,33.087291666666665,temperature
2022-07-14T00:00:00Z,SUGG,0.25,32.592083333333335,temperature
2022-07-14T00:00:00Z,SUGG,0.5,31.779166666666665,temperature
2022-07-14T00:00:00Z,SUGG,0.75,31.299166666666668,temperature
2022-07-14T00:00:00Z,SUGG,1,30.7625,temperature
2022-07-15T00:00:00Z,SUGG,0,31.93375,temperature
2022-07-15T00:00:00Z,SUGG,0.25,31.774791666666665,temperature
2022-07-15T00:00:00Z,SUGG,0.5,31.281041666666667,temperature
2022-07-15T00:00:00Z,SUGG,0.75,30.90020833333333,temperature
2022-07-15T00:00:00Z,SUGG,1,30.686041666666668,temperature
2022-07-16T00:00:00Z,SUGG,0,31.223958333333332,temperature
2022-07-16T00:00:00Z,SUGG,0.25,31.23,temperature
2022-07-16T00:00:00Z,SUGG,0.5,31.180833333333332,temperature
2022-07-16T00:00:00Z,SUGG,0.75,31.004375,temperature
2022-07-16T00:00:00Z,SUGG,1,30.68625,temperature
2022-07-17T00:00:00Z,SUGG,0,31.373125,temperature
2022-07-17T00:00:00Z,SUGG,0.25,31.03125,temperature
2022-07-17T00:00:00Z,SUGG,0.5,30.268333333333334,temperature
2022-07-17T00:00:00Z,SUGG,0.75,29.819583333333338,temperature
2022-07-17T00:00:00Z,SUGG,1,29.740416666666665,temperature
2022-07-18T00:00:00Z,SUGG,0,30.8175,temperature
2022-07-18T00:00:00Z,SUGG,0.25,30.758125,temperature
2022-07-18T00:00:00Z,SUGG,0.5,30.3775,temperature
2022-07-18T00:00:00Z,SUGG,0.75,30.18,temperature
2022-07-18T00:00:00Z,SUGG,1,30.024791666666665,temperature
2022-07-19T00:00:00Z,SUGG,0,30.293333333333333,temperature
2022-07-19T00:00:00Z,SUGG,0.25,30.244791666666668,temperature
2022-07-19T00:00:00Z,SUGG,0.5,30.17875,temperature
2022-07-19T00:00:00Z,SUGG,0.75,30.120833333333337,temperature
2022-07-19T00:00:00Z,SUGG,1,30.042916666666667,temperature
2022-07-20T00:00:00Z,SUGG,0,30.758125,temperature
2022-07-20T00:00:00Z,SUGG,0.25,30.711875,temperature
2022-07-20T00:00:00Z,SUGG,0.5,30.55291666666667,temperature
2022-07-20T00:00:00Z,SUGG,0.75,30.324791666666663,temperature
2022-07-20T00:00:00Z,SUGG,1,30.01625,temperature
2022-07-21T00:00:00Z,SUGG,0,31.034375,temperature
2022-07-21T00:00:00Z,SUGG,0.25,31.003333333333337,temperature
2022-07-21T00:00:00Z,SUGG,0.5,30.887083333333333,temperature
2022-07-21T00:00:00Z,SUGG,0.75,30.551458333333333,temperature
2022-07-21T00:00:00Z,SUGG,1,29.75125,temperature
2022-07-22T00:00:00Z,SUGG,0,32.97708333333333,temperature
2022-07-22T00:00:00Z,SUGG,0.25,32.70041666666667,temperature
2022-07-22T00:00:00Z,SUGG,0.5,32.079375,temperature
2022-07-22T00:00:00Z,SUGG,0.75,30.8975,temperature
2022-07-22T00:00:00Z,SUGG,1,29.93625,temperature
2022-07-23T00:00:00Z,SUGG,0,32.02770833333334,temperature
2022-07-23T00:00:00Z,SUGG,0.25,31.835833333333333,temperature
2022-07-23T00:00:00Z,SUGG,0.5,31.477083333333333,temperature
2022-07-23T00:00:00Z,SUGG,0.75,30.967083333333335,temperature
2022-07-23T00:00:00Z,SUGG,1,30.421666666666667,temperature
2022-07-24T00:00:00Z,SUGG,0,31.1225,temperature
2022-07-24T00:00:00Z,SUGG,0.25,30.953125,temperature
2022-07-24T00:00:00Z,SUGG,0.5,30.781041666666667,temperature
2022-07-24T00:00:00Z,SUGG,0.75,30.47875,temperature
2022-07-24T00:00:00Z,SUGG,1,30.327916666666667,temperature
2022-07-25T00:00:00Z,SUGG,0,31.04875,temperature
2022-07-25T00:00:00Z,SUGG,0.25,30.554791666666667,temperature
2022-07-25T00:00:00Z,SUGG,0.5,30.264791666666667,temperature
2022-07-25T00:00:00Z,SUGG,0.75,30.020208333333333,temperature
2022-07-25T00:00:00Z,SUGG,1,29.830625,temperature
2022-07-26T00:00:00Z,SUGG,0,31.580416666666668,temperature
2022-07-26T00:00:00Z,SUGG,0.25,31.254166666666663,temperature
2022-07-26T00:00:00Z,SUGG,0.5,30.7225,temperature
2022-07-26T00:00:00Z,SUGG,0.75,30.377916666666668,temperature
2022-07-26T00:00:00Z,SUGG,1,29.973125,temperature
2022-07-27T00:00:00Z,SUGG,0,31.608958333333337,temperature
2022-07-27T00:00:00Z,SUGG,0.25,31.241063829787233,temperature
2022-07-27T00:00:00Z,SUGG,0.5,30.821458333333332,temperature
2022-07-27T00:00:00Z,SUGG,0.75,30.370208333333338,temperature
2022-07-27T00:00:00Z,SUGG,1,30.105625,temperature
2022-07-28T00:00:00Z,SUGG,0,31.515641025641024,temperature
2022-07-28T00:00:00Z,SUGG,0.25,31.496923076923075,temperature
2022-07-28T00:00:00Z,SUGG,0.5,31.383333333333333,temperature
2022-07-28T00:00:00Z,SUGG,0.75,30.99282051282051,temperature
2022-07-28T00:00:00Z,SUGG,1,30.115384615384617,temperature
2022-07-29T00:00:00Z,SUGG,0,32.682307692307695,temperature
2022-07-29T00:00:00Z,SUGG,0.25,32.595681818181816,temperature
2022-07-29T00:00:00Z,SUGG,0.5,31.808958333333333,temperature
2022-07-29T00:00:00Z,SUGG,0.75,30.976666666666667,temperature
2022-07-29T00:00:00Z,SUGG,1,30.25979166666667,temperature
2022-07-30T00:00:00Z,SUGG,0,33.03564102564103,temperature
2022-07-30T00:00:00Z,SUGG,0.25,33.06232558139535,temperature
2022-07-30T00:00:00Z,SUGG,0.5,32.282291666666666,temperature
2022-07-30T00:00:00Z,SUGG,0.75,31.155625,temperature
2022-07-30T00:00:00Z,SUGG,1,30.354583333333338,temperature
2022-07-31T00:00:00Z,SUGG,0,33.15318181818182,temperature
2022-07-31T00:00:00Z,SUGG,0.25,32.99413043478261,temperature
2022-07-31T00:00:00Z,SUGG,0.5,32.07145833333333,temperature
2022-07-31T00:00:00Z,SUGG,0.75,31.442708333333332,temperature
2022-07-31T00:00:00Z,SUGG,1,30.659791666666667,temperature
2022-08-01T00:00:00Z,SUGG,0,32.835,temperature
2022-08-01T00:00:00Z,SUGG,0.25,32.61702127659574,temperature
2022-08-01T00:00:00Z,SUGG,0.5,32.03625,temperature
2022-08-01T00:00:00Z,SUGG,0.75,31.627708333333334,temperature
2022-08-01T00:00:00Z,SUGG,1,30.88854166666667,temperature
2022-08-02T00:00:00Z,SUGG,0,33.053958333333334,temperature
2022-08-02T00:00:00Z,SUGG,0.25,32.92104166666667,temperature
2022-08-02T00:00:00Z,SUGG,0.5,32.604375,temperature
2022-08-02T00:00:00Z,SUGG,0.75,31.774375,temperature
2022-08-02T00:00:00Z,SUGG,1,31.158958333333334,temperature
2022-08-03T00:00:00Z,SUGG,0,32.97642857142857,temperature
2022-08-03T00:00:00Z,SUGG,0.25,32.736304347826085,temperature
2022-08-03T00:00:00Z,SUGG,0.5,32.165625,temperature
2022-08-03T00:00:00Z,SUGG,0.75,31.602916666666665,temperature
2022-08-03T00:00:00Z,SUGG,1,31.120208333333338,temperature
2022-08-04T00:00:00Z,SUGG,0,32.03666666666667,temperature
2022-08-04T00:00:00Z,SUGG,0.25,32.02645833333333,temperature
2022-08-04T00:00:00Z,SUGG,0.5,31.89875,temperature
2022-08-04T00:00:00Z,SUGG,0.75,31.633541666666662,temperature
2022-08-04T00:00:00Z,SUGG,1,31.210833333333333,temperature
2022-08-05T00:00:00Z,SUGG,0,31.8675,temperature
2022-08-05T00:00:00Z,SUGG,0.25,31.820416666666667,temperature
2022-08-05T00:00:00Z,SUGG,0.5,31.69375,temperature
2022-08-05T00:00:00Z,SUGG,0.75,31.4825,temperature
2022-08-05T00:00:00Z,SUGG,1,31.21875,temperature
2022-08-06T00:00:00Z,SUGG,0,31.882916666666667,temperature
2022-08-06T00:00:00Z,SUGG,0.25,31.864583333333332,temperature
2022-08-06T00:00:00Z,SUGG,0.5,31.739375,temperature
2022-08-06T00:00:00Z,SUGG,0.75,31.591041666666666,temperature
2022-08-06T00:00:00Z,SUGG,1,31.39666666666667,temperature
2022-08-07T00:00:00Z,SUGG,0,31.780416666666667,temperature
2022-08-07T00:00:00Z,SUGG,0.25,31.732916666666668,temperature
2022-08-07T00:00:00Z,SUGG,0.5,31.604166666666668,temperature
2022-08-07T00:00:00Z,SUGG,0.75,31.399166666666662,temperature
2022-08-07T00:00:00Z,SUGG,1,31.043541666666663,temperature
2022-08-08T00:00:00Z,SUGG,0,31.205625,temperature
2022-08-08T00:00:00Z,SUGG,0.25,31.136666666666667,temperature
2022-08-08T00:00:00Z,SUGG,0.5,31.020625,temperature
2022-08-08T00:00:00Z,SUGG,0.75,30.876875,temperature
2022-08-08T00:00:00Z,SUGG,1,30.667083333333338,temperature
2022-08-09T00:00:00Z,SUGG,0,30.941666666666663,temperature
2022-08-09T00:00:00Z,SUGG,0.25,30.860416666666666,temperature
2022-08-09T00:00:00Z,SUGG,0.5,30.612083333333334,temperature
2022-08-09T00:00:00Z,SUGG,0.75,30.28875,temperature
2022-08-09T00:00:00Z,SUGG,1,30.147916666666667,temperature
2022-08-10T00:00:00Z,SUGG,0,31.807333333333332,temperature
2022-08-10T00:00:00Z,SUGG,0.25,31.72755555555555,temperature
2022-08-10T00:00:00Z,SUGG,0.5,31.424666666666667,temperature
2022-08-10T00:00:00Z,SUGG,0.75,30.926,temperature
2022-08-10T00:00:00Z,SUGG,1,30.26,temperature
2022-08-11T00:00:00Z,SUGG,0,31.510416666666668,temperature
2022-08-11T00:00:00Z,SUGG,0.25,31.51875,temperature
2022-08-11T00:00:00Z,SUGG,0.5,31.436666666666667,temperature
2022-08-11T00:00:00Z,SUGG,0.75,31.104791666666667,temperature
2022-08-11T00:00:00Z,SUGG,1,30.533125,temperature
2022-08-12T00:00:00Z,SUGG,0,30.650833333333335,temperature
2022-08-12T00:00:00Z,SUGG,0.25,30.61520833333333,temperature
2022-08-12T00:00:00Z,SUGG,0.5,30.518541666666668,temperature
2022-08-12T00:00:00Z,SUGG,0.75,30.414791666666662,temperature
2022-08-12T00:00:00Z,SUGG,1,30.134375,temperature
2022-08-13T00:00:00Z,SUGG,0,30.3925,temperature
2022-08-13T00:00:00Z,SUGG,0.25,30.377083333333335,temperature
2022-08-13T00:00:00Z,SUGG,0.5,30.312708333333333,temperature
2022-08-13T00:00:00Z,SUGG,0.75,30.174791666666668,temperature
2022-08-13T00:00:00Z,SUGG,1,30.054166666666667,temperature
2022-08-14T00:00:00Z,SUGG,0,30.287916666666668,temperature
2022-08-14T00:00:00Z,SUGG,0.25,30.266875,temperature
2022-08-14T00:00:00Z,SUGG,0.5,30.179583333333333,temperature
2022-08-14T00:00:00Z,SUGG,0.75,29.894375,temperature
2022-08-14T00:00:00Z,SUGG,1,29.705833333333334,temperature
2022-08-15T00:00:00Z,SUGG,0,31.075,temperature
2022-08-15T00:00:00Z,SUGG,0.25,30.88479166666667,temperature
2022-08-15T00:00:00Z,SUGG,0.5,30.533541666666668,temperature
2022-08-15T00:00:00Z,SUGG,0.75,29.926041666666663,temperature
2022-08-15T00:00:00Z,SUGG,1,29.7575,temperature
2022-08-16T00:00:00Z,SUGG,0,31.375625,temperature
2022-08-16T00:00:00Z,SUGG,0.25,31.361458333333335,temperature
2022-08-16T00:00:00Z,SUGG,0.5,31.24458333333333,temperature
2022-08-16T00:00:00Z,SUGG,0.75,30.615,temperature
2022-08-16T00:00:00Z,SUGG,1,29.74395833333333,temperature
2022-08-17T00:00:00Z,SUGG,0,31.83020833333333,temperature
2022-08-17T00:00:00Z,SUGG,0.25,31.403333333333332,temperature
2022-08-17T00:00:00Z,SUGG,0.5,30.919791666666665,temperature
2022-08-17T00:00:00Z,SUGG,0.75,30.544166666666666,temperature
2022-08-17T00:00:00Z,SUGG,1,30.055208333333333,temperature
2022-08-18T00:00:00Z,SUGG,0,31.015416666666667,temperature
2022-08-18T00:00:00Z,SUGG,0.25,30.553958333333338,temperature
2022-08-18T00:00:00Z,SUGG,0.5,30.339375,temperature
2022-08-18T00:00:00Z,SUGG,0.75,30.082708333333333,temperature
2022-08-18T00:00:00Z,SUGG,1,29.945625,temperature
2022-08-19T00:00:00Z,SUGG,0,30.613541666666663,temperature
2022-08-19T00:00:00Z,SUGG,0.25,30.10108695652174,temperature
2022-08-19T00:00:00Z,SUGG,0.5,29.604166666666668,temperature
2022-08-19T00:00:00Z,SUGG,0.75,29.303333333333335,temperature
2022-08-19T00:00:00Z,SUGG,1,29.21291666666667,temperature
2022-08-20T00:00:00Z,SUGG,0,31.46282608695652,temperature
2022-08-20T00:00:00Z,SUGG,0.25,30.59875,temperature
2022-08-20T00:00:00Z,SUGG,0.5,29.929583333333333,temperature
2022-08-20T00:00:00Z,SUGG,0.75,29.460208333333338,temperature
2022-08-20T00:00:00Z,SUGG,1,29.215833333333332,temperature
2022-08-21T00:00:00Z,SUGG,0,31.590208333333333,temperature
2022-08-21T00:00:00Z,SUGG,0.25,30.859375,temperature
2022-08-21T00:00:00Z,SUGG,0.5,30.241666666666667,temperature
2022-08-21T00:00:00Z,SUGG,0.75,29.759791666666665,temperature
2022-08-21T00:00:00Z,SUGG,1,29.403541666666666,temperature
2022-08-22T00:00:00Z,SUGG,0,30.602083333333333,temperature
2022-08-22T00:00:00Z,SUGG,0.25,30.518541666666668,temperature
2022-08-22T00:00:00Z,SUGG,0.5,30.252083333333335,temperature
2022-08-22T00:00:00Z,SUGG,0.75,29.870208333333338,temperature
2022-08-22T00:00:00Z,SUGG,1,29.614375,temperature
2022-08-23T00:00:00Z,SUGG,0,30.547291666666663,temperature
2022-08-23T00:00:00Z,SUGG,0.25,30.40041666666667,temperature
2022-08-23T00:00:00Z,SUGG,0.5,30.080833333333334,temperature
2022-08-23T00:00:00Z,SUGG,0.75,29.748125,temperature
2022-08-23T00:00:00Z,SUGG,1,29.58020833333333,temperature
2022-08-24T00:00:00Z,SUGG,0,30.715416666666663,temperature
2022-08-24T00:00:00Z,SUGG,0.25,29.96375,temperature
2022-08-24T00:00:00Z,SUGG,0.5,29.76125,temperature
2022-08-24T00:00:00Z,SUGG,0.75,29.595208333333332,temperature
2022-08-24T00:00:00Z,SUGG,1,29.499583333333337,temperature
2022-08-25T00:00:00Z,SUGG,0,31.457555555555555,temperature
2022-08-25T00:00:00Z,SUGG,0.25,30.648695652173913,temperature
2022-08-25T00:00:00Z,SUGG,0.5,29.997391304347826,temperature
2022-08-25T00:00:00Z,SUGG,0.75,29.656739130434783,temperature
2022-08-25T00:00:00Z,SUGG,1,29.437391304347827,temperature
2022-08-26T00:00:00Z,SUGG,0,31.515,temperature
2022-08-26T00:00:00Z,SUGG,0.25,30.948936170212765,temperature
2022-08-26T00:00:00Z,SUGG,0.5,30.434375,temperature
2022-08-26T00:00:00Z,SUGG,0.75,29.940416666666668,temperature
2022-08-26T00:00:00Z,SUGG,1,29.58625,temperature
2022-08-27T00:00:00Z,SUGG,0,31.617291666666667,temperature
2022-08-27T00:00:00Z,SUGG,0.25,31.131875,temperature
2022-08-27T00:00:00Z,SUGG,0.5,30.59375,temperature
2022-08-27T00:00:00Z,SUGG,0.75,30.279375,temperature
2022-08-27T00:00:00Z,SUGG,1,29.886875,temperature
2022-08-28T00:00:00Z,SUGG,0,31.439166666666665,temperature
2022-08-28T00:00:00Z,SUGG,0.25,30.897083333333335,temperature
2022-08-28T00:00:00Z,SUGG,0.5,30.518333333333334,temperature
2022-08-28T00:00:00Z,SUGG,0.75,30.205,temperature
2022-08-28T00:00:00Z,SUGG,1,29.962291666666665,temperature
2022-08-29T00:00:00Z,SUGG,0,30.663541666666667,temperature
2022-08-29T00:00:00Z,SUGG,0.25,30.530833333333337,temperature
2022-08-29T00:00:00Z,SUGG,0.5,30.238541666666663,temperature
2022-08-29T00:00:00Z,SUGG,0.75,30.07875,temperature
2022-08-29T00:00:00Z,SUGG,1,29.9125,temperature
2022-08-30T00:00:00Z,SUGG,0,30.710833333333333,temperature
2022-08-30T00:00:00Z,SUGG,0.25,30.63479166666667,temperature
2022-08-30T00:00:00Z,SUGG,0.5,30.5125,temperature
2022-08-30T00:00:00Z,SUGG,0.75,30.303541666666668,temperature
2022-08-30T00:00:00Z,SUGG,1,30.039583333333333,temperature
2022-08-31T00:00:00Z,SUGG,0,30.975416666666668,temperature
2022-08-31T00:00:00Z,SUGG,0.25,30.943958333333335,temperature
2022-08-31T00:00:00Z,SUGG,0.5,30.757916666666667,temperature
2022-08-31T00:00:00Z,SUGG,0.75,30.380625,temperature
2022-08-31T00:00:00Z,SUGG,1,29.9975,temperature
2022-09-01T00:00:00Z,SUGG,0,31.093125,temperature
2022-09-01T00:00:00Z,SUGG,0.25,30.647083333333335,temperature
2022-09-01T00:00:00Z,SUGG,0.5,30.340625,temperature
2022-09-01T00:00:00Z,SUGG,0.75,30.161666666666665,temperature
2022-09-01T00:00:00Z,SUGG,1,30.018958333333337,temperature
2022-09-02T00:00:00Z,SUGG,0,29.623333333333335,temperature
2022-09-02T00:00:00Z,SUGG,0.25,29.624791666666667,temperature
2022-09-02T00:00:00Z,SUGG,0.5,29.564375,temperature
2022-09-02T00:00:00Z,SUGG,0.75,29.481041666666663,temperature
2022-09-02T00:00:00Z,SUGG,1,29.405,temperature
2022-09-03T00:00:00Z,SUGG,0,29.699791666666663,temperature
2022-09-03T00:00:00Z,SUGG,0.25,29.662708333333335,temperature
2022-09-03T00:00:00Z,SUGG,0.5,29.547708333333333,temperature
2022-09-03T00:00:00Z,SUGG,0.75,29.3775,temperature
2022-09-03T00:00:00Z,SUGG,1,29.247291666666666,temperature
2022-09-04T00:00:00Z,SUGG,0,30.325625,temperature
2022-09-04T00:00:00Z,SUGG,0.25,30.154375,temperature
2022-09-04T00:00:00Z,SUGG,0.5,29.768333333333334,temperature
2022-09-04T00:00:00Z,SUGG,0.75,29.403333333333332,temperature
2022-09-04T00:00:00Z,SUGG,1,29.277708333333333,temperature
2022-09-05T00:00:00Z,SUGG,0,31.218666666666667,temperature
2022-09-05T00:00:00Z,SUGG,0.25,30.394375,temperature
2022-09-05T00:00:00Z,SUGG,0.5,29.704791666666665,temperature
2022-09-05T00:00:00Z,SUGG,0.75,29.461041666666667,temperature
2022-09-05T00:00:00Z,SUGG,1,29.356666666666666,temperature
2022-09-06T00:00:00Z,SUGG,0,32.48854166666667,temperature
2022-09-06T00:00:00Z,SUGG,0.25,31.991458333333338,temperature
2022-09-06T00:00:00Z,SUGG,0.5,30.497916666666665,temperature
2022-09-06T00:00:00Z,SUGG,0.75,29.646458333333335,temperature
2022-09-06T00:00:00Z,SUGG,1,29.25625,temperature
2022-09-07T00:00:00Z,SUGG,0,32.42326086956522,temperature
2022-09-07T00:00:00Z,SUGG,0.25,32.38282608695652,temperature
2022-09-07T00:00:00Z,SUGG,0.5,31.767391304347825,temperature
2022-09-07T00:00:00Z,SUGG,0.75,30.125434782608696,temperature
2022-09-07T00:00:00Z,SUGG,1,29.441521739130433,temperature
2022-09-08T00:00:00Z,SUGG,0,30.078958333333333,temperature
2022-09-08T00:00:00Z,SUGG,0.25,30.09208333333333,temperature
2022-09-08T00:00:00Z,SUGG,0.5,30.003333333333337,temperature
2022-09-08T00:00:00Z,SUGG,0.75,29.68375,temperature
2022-09-08T00:00:00Z,SUGG,1,29.553125,temperature
2022-09-09T00:00:00Z,SUGG,0,29.121875,temperature
2022-09-09T00:00:00Z,SUGG,0.25,28.976875,temperature
2022-09-09T00:00:00Z,SUGG,0.5,28.86125,temperature
2022-09-09T00:00:00Z,SUGG,0.75,28.777708333333333,temperature
2022-09-09T00:00:00Z,SUGG,1,28.734583333333333,temperature
2022-09-10T00:00:00Z,SUGG,0,28.763333333333332,temperature
2022-09-10T00:00:00Z,SUGG,0.25,28.762916666666666,temperature
2022-09-10T00:00:00Z,SUGG,0.5,28.717708333333334,temperature
2022-09-10T00:00:00Z,SUGG,0.75,28.610416666666666,temperature
2022-09-10T00:00:00Z,SUGG,1,28.528125,temperature
2022-09-11T00:00:00Z,SUGG,0,29.42,temperature
2022-09-11T00:00:00Z,SUGG,0.25,29.29,temperature
2022-09-11T00:00:00Z,SUGG,0.5,29.00531914893617,temperature
2022-09-11T00:00:00Z,SUGG,0.75,28.335208333333338,temperature
2022-09-11T00:00:00Z,SUGG,1,28.185625,temperature
2022-09-12T00:00:00Z,SUGG,0,29.715,temperature
2022-09-12T00:00:00Z,SUGG,0.25,29.690833333333337,temperature
2022-09-12T00:00:00Z,SUGG,0.5,29.574791666666663,temperature
2022-09-12T00:00:00Z,SUGG,0.75,28.997708333333332,temperature
2022-09-12T00:00:00Z,SUGG,1,28.254166666666663,temperature
2022-09-13T00:00:00Z,SUGG,0,29.53125,temperature
2022-09-13T00:00:00Z,SUGG,0.25,29.305,temperature
2022-09-13T00:00:00Z,SUGG,0.5,29.051458333333333,temperature
2022-09-13T00:00:00Z,SUGG,0.75,28.629375,temperature
2022-09-13T00:00:00Z,SUGG,1,28.335,temperature
2022-09-14T00:00:00Z,SUGG,0,29.402083333333337,temperature
2022-09-14T00:00:00Z,SUGG,0.25,29.38375,temperature
2022-09-14T00:00:00Z,SUGG,0.5,29.141458333333333,temperature
2022-09-14T00:00:00Z,SUGG,0.75,28.675416666666667,temperature
2022-09-14T00:00:00Z,SUGG,1,28.259791666666665,temperature
2022-09-15T00:00:00Z,SUGG,0,28.993125,temperature
2022-09-15T00:00:00Z,SUGG,0.25,29.010208333333335,temperature
2022-09-15T00:00:00Z,SUGG,0.5,28.99416666666667,temperature
2022-09-15T00:00:00Z,SUGG,0.75,28.887083333333333,temperature
2022-09-15T00:00:00Z,SUGG,1,28.61895833333333,temperature
2022-09-16T00:00:00Z,SUGG,0,28.682291666666668,temperature
2022-09-16T00:00:00Z,SUGG,0.25,28.695,temperature
2022-09-16T00:00:00Z,SUGG,0.5,28.6875,temperature
2022-09-16T00:00:00Z,SUGG,0.75,28.668333333333333,temperature
2022-09-16T00:00:00Z,SUGG,1,28.645208333333333,temperature
2022-09-17T00:00:00Z,SUGG,0,28.299166666666668,temperature
2022-09-17T00:00:00Z,SUGG,0.25,28.288333333333338,temperature
2022-09-17T00:00:00Z,SUGG,0.5,28.245625,temperature
2022-09-17T00:00:00Z,SUGG,0.75,28.180625,temperature
2022-09-17T00:00:00Z,SUGG,1,28.1275,temperature
2022-09-18T00:00:00Z,SUGG,0,28.02375,temperature
2022-09-18T00:00:00Z,SUGG,0.25,28.017916666666668,temperature
2022-09-18T00:00:00Z,SUGG,0.5,27.960625,temperature
2022-09-18T00:00:00Z,SUGG,0.75,27.909375,temperature
2022-09-18T00:00:00Z,SUGG,1,27.83770833333333,temperature
2022-09-19T00:00:00Z,SUGG,0,28.331458333333337,temperature
2022-09-19T00:00:00Z,SUGG,0.25,28.169166666666666,temperature
2022-09-19T00:00:00Z,SUGG,0.5,27.932083333333335,temperature
2022-09-19T00:00:00Z,SUGG,0.75,27.75375,temperature
2022-09-19T00:00:00Z,SUGG,1,27.641041666666663,temperature
2022-09-20T00:00:00Z,SUGG,0,28.7675,temperature
2022-09-20T00:00:00Z,SUGG,0.25,28.716041666666666,temperature
2022-09-20T00:00:00Z,SUGG,0.5,28.600833333333338,temperature
2022-09-20T00:00:00Z,SUGG,0.75,28.217291666666668,temperature
2022-09-20T00:00:00Z,SUGG,1,27.804166666666667,temperature
2022-09-21T00:00:00Z,SUGG,0,28.893863636363637,temperature
2022-09-21T00:00:00Z,SUGG,0.25,28.899545454545457,temperature
2022-09-21T00:00:00Z,SUGG,0.5,28.860681818181817,temperature
2022-09-21T00:00:00Z,SUGG,0.75,28.772045454545456,temperature
2022-09-21T00:00:00Z,SUGG,1,28.3575,temperature
2022-09-22T00:00:00Z,SUGG,0,29.656875,temperature
2022-09-22T00:00:00Z,SUGG,0.25,29.545625,temperature
2022-09-22T00:00:00Z,SUGG,0.5,29.103125,temperature
2022-09-22T00:00:00Z,SUGG,0.75,28.548125,temperature
2022-09-22T00:00:00Z,SUGG,1,28.408541666666668,temperature
2022-09-23T00:00:00Z,SUGG,0,29.477916666666665,temperature
2022-09-23T00:00:00Z,SUGG,0.25,29.479166666666668,temperature
2022-09-23T00:00:00Z,SUGG,0.5,29.329166666666666,temperature
2022-09-23T00:00:00Z,SUGG,0.75,28.649166666666662,temperature
2022-09-23T00:00:00Z,SUGG,1,28.371875,temperature
2022-09-24T00:00:00Z,SUGG,0,28.21625,temperature
2022-09-24T00:00:00Z,SUGG,0.25,28.191041666666667,temperature
2022-09-24T00:00:00Z,SUGG,0.5,28.0675,temperature
2022-09-24T00:00:00Z,SUGG,0.75,27.953541666666663,temperature
2022-09-24T00:00:00Z,SUGG,1,27.791458333333335,temperature
2022-09-25T00:00:00Z,SUGG,0,29.35729166666667,temperature
2022-09-25T00:00:00Z,SUGG,0.25,28.56553191489362,temperature
2022-09-25T00:00:00Z,SUGG,0.5,27.946666666666665,temperature
2022-09-25T00:00:00Z,SUGG,0.75,27.760208333333335,temperature
2022-09-25T00:00:00Z,SUGG,1,27.651041666666668,temperature
2022-09-26T00:00:00Z,SUGG,0,29.867083333333333,temperature
2022-09-26T00:00:00Z,SUGG,0.25,29.140212765957447,temperature
2022-09-26T00:00:00Z,SUGG,0.5,28.335416666666667,temperature
2022-09-26T00:00:00Z,SUGG,0.75,27.684583333333332,temperature
2022-09-26T00:00:00Z,SUGG,1,27.468541666666667,temperature
2022-09-27T00:00:00Z,SUGG,0,28.808541666666667,temperature
2022-09-27T00:00:00Z,SUGG,0.25,28.779166666666665,temperature
2022-09-27T00:00:00Z,SUGG,0.5,28.567708333333332,temperature
2022-09-27T00:00:00Z,SUGG,0.75,28.051041666666663,temperature
2022-09-27T00:00:00Z,SUGG,1,27.738125,temperature
2022-09-28T00:00:00Z,SUGG,0,26.706666666666667,temperature
2022-09-28T00:00:00Z,SUGG,0.25,26.738125,temperature
2022-09-28T00:00:00Z,SUGG,0.5,26.744791666666668,temperature
2022-09-28T00:00:00Z,SUGG,0.75,26.747083333333332,temperature
2022-09-28T00:00:00Z,SUGG,1,26.746666666666663,temperature
2022-09-29T00:00:00Z,SUGG,0,24.38375,temperature
2022-09-29T00:00:00Z,SUGG,0.25,24.413541666666667,temperature
2022-09-29T00:00:00Z,SUGG,0.5,24.4225,temperature
2022-09-29T00:00:00Z,SUGG,0.75,24.427291666666665,temperature
2022-09-29T00:00:00Z,SUGG,1,24.428541666666668,temperature
2022-09-30T00:00:00Z,SUGG,0,22.61125,temperature
2022-09-30T00:00:00Z,SUGG,0.25,22.61375,temperature
2022-09-30T00:00:00Z,SUGG,0.5,22.602291666666662,temperature
2022-09-30T00:00:00Z,SUGG,0.75,22.582916666666662,temperature
2022-09-30T00:00:00Z,SUGG,1,22.544166666666666,temperature
2022-10-01T00:00:00Z,SUGG,0,24.3025,temperature
2022-10-01T00:00:00Z,SUGG,0.25,23.8675,temperature
2022-10-01T00:00:00Z,SUGG,0.5,23.146041666666665,temperature
2022-10-01T00:00:00Z,SUGG,0.75,22.787916666666668,temperature
2022-10-01T00:00:00Z,SUGG,1,22.641041666666663,temperature
2022-10-02T00:00:00Z,SUGG,0,24.829375,temperature
2022-10-02T00:00:00Z,SUGG,0.25,24.772708333333338,temperature
2022-10-02T00:00:00Z,SUGG,0.5,24.25958333333333,temperature
2022-10-02T00:00:00Z,SUGG,0.75,23.456666666666667,temperature
2022-10-02T00:00:00Z,SUGG,1,23.031875,temperature
2022-10-03T00:00:00Z,SUGG,0,24.288958333333333,temperature
2022-10-03T00:00:00Z,SUGG,0.25,24.272708333333338,temperature
2022-10-03T00:00:00Z,SUGG,0.5,24.217083333333335,temperature
2022-10-03T00:00:00Z,SUGG,0.75,24.1,temperature
2022-10-03T00:00:00Z,SUGG,1,23.734166666666667,temperature
2022-10-04T00:00:00Z,SUGG,0,23.296041666666667,temperature
2022-10-04T00:00:00Z,SUGG,0.25,23.321875,temperature
2022-10-04T00:00:00Z,SUGG,0.5,23.31625,temperature
2022-10-04T00:00:00Z,SUGG,0.75,23.300208333333337,temperature
2022-10-04T00:00:00Z,SUGG,1,23.275625,temperature
2022-10-05T00:00:00Z,SUGG,0,24.153125,temperature
2022-10-05T00:00:00Z,SUGG,0.25,23.926458333333333,temperature
2022-10-05T00:00:00Z,SUGG,0.5,23.46875,temperature
2022-10-05T00:00:00Z,SUGG,0.75,23.091041666666666,temperature
2022-10-05T00:00:00Z,SUGG,1,22.964375,temperature
2022-10-06T00:00:00Z,SUGG,0,25.357291666666665,temperature
2022-10-06T00:00:00Z,SUGG,0.25,24.73595744680851,temperature
2022-10-06T00:00:00Z,SUGG,0.5,23.66,temperature
2022-10-06T00:00:00Z,SUGG,0.75,23.081458333333337,temperature
2022-10-06T00:00:00Z,SUGG,1,22.786666666666665,temperature
2022-10-07T00:00:00Z,SUGG,0,25.777916666666663,temperature
2022-10-07T00:00:00Z,SUGG,0.25,25.457708333333333,temperature
2022-10-07T00:00:00Z,SUGG,0.5,23.764791666666667,temperature
2022-10-07T00:00:00Z,SUGG,0.75,23.04375,temperature
2022-10-07T00:00:00Z,SUGG,1,22.8,temperature
2022-10-08T00:00:00Z,SUGG,0,25.480625,temperature
2022-10-08T00:00:00Z,SUGG,0.25,25.327916666666667,temperature
2022-10-08T00:00:00Z,SUGG,0.5,24.374375,temperature
2022-10-08T00:00:00Z,SUGG,0.75,23.294791666666665,temperature
2022-10-08T00:00:00Z,SUGG,1,22.909375,temperature
2022-10-09T00:00:00Z,SUGG,0,24.973958333333332,temperature
2022-10-09T00:00:00Z,SUGG,0.25,24.897291666666668,temperature
2022-10-09T00:00:00Z,SUGG,0.5,24.660416666666663,temperature
2022-10-09T00:00:00Z,SUGG,0.75,23.812916666666663,temperature
2022-10-09T00:00:00Z,SUGG,1,23.139583333333334,temperature
2022-10-10T00:00:00Z,SUGG,0,25.630208333333332,temperature
2022-10-10T00:00:00Z,SUGG,0.25,25.501666666666665,temperature
2022-10-10T00:00:00Z,SUGG,0.5,24.907083333333333,temperature
2022-10-10T00:00:00Z,SUGG,0.75,24.266875,temperature
2022-10-10T00:00:00Z,SUGG,1,23.519166666666667,temperature
2022-10-11T00:00:00Z,SUGG,0,25.764375,temperature
2022-10-11T00:00:00Z,SUGG,0.25,25.624255319148936,temperature
2022-10-11T00:00:00Z,SUGG,0.5,25.145416666666662,temperature
2022-10-11T00:00:00Z,SUGG,0.75,24.348958333333332,temperature
2022-10-11T00:00:00Z,SUGG,1,23.646875,temperature
2022-10-12T00:00:00Z,SUGG,0,26.26,temperature
2022-10-12T00:00:00Z,SUGG,0.25,26.168333333333333,temperature
2022-10-12T00:00:00Z,SUGG,0.5,25.817291666666662,temperature
2022-10-12T00:00:00Z,SUGG,0.75,24.849375,temperature
2022-10-12T00:00:00Z,SUGG,1,23.911458333333332,temperature
2022-10-13T00:00:00Z,SUGG,0,26.6275,temperature
2022-10-13T00:00:00Z,SUGG,0.25,26.57229166666667,temperature
2022-10-13T00:00:00Z,SUGG,0.5,26.453958333333333,temperature
2022-10-13T00:00:00Z,SUGG,0.75,25.556041666666665,temperature
2022-10-13T00:00:00Z,SUGG,1,24.094583333333333,temperature
2022-10-14T00:00:00Z,SUGG,0,26.69125,temperature
2022-10-14T00:00:00Z,SUGG,0.25,26.634791666666665,temperature
2022-10-14T00:00:00Z,SUGG,0.5,26.471875,temperature
2022-10-14T00:00:00Z,SUGG,0.75,25.699791666666663,temperature
2022-10-14T00:00:00Z,SUGG,1,24.603541666666665,temperature
2022-10-15T00:00:00Z,SUGG,0,25.856041666666663,temperature
2022-10-15T00:00:00Z,SUGG,0.25,25.846458333333334,temperature
2022-10-15T00:00:00Z,SUGG,0.5,25.762916666666666,temperature
2022-10-15T00:00:00Z,SUGG,0.75,25.54,temperature
2022-10-15T00:00:00Z,SUGG,1,24.851666666666667,temperature
2022-10-16T00:00:00Z,SUGG,0,26.107708333333335,temperature
2022-10-16T00:00:00Z,SUGG,0.25,25.81875,temperature
2022-10-16T00:00:00Z,SUGG,0.5,25.115625,temperature
2022-10-16T00:00:00Z,SUGG,0.75,24.895416666666662,temperature
2022-10-16T00:00:00Z,SUGG,1,24.754166666666663,temperature
2022-10-17T00:00:00Z,SUGG,0,25.952765957446807,temperature
2022-10-17T00:00:00Z,SUGG,0.25,25.86617021276596,temperature
2022-10-17T00:00:00Z,SUGG,0.5,25.551489361702128,temperature
2022-10-17T00:00:00Z,SUGG,0.75,25.134468085106384,temperature
2022-10-17T00:00:00Z,SUGG,1,24.73659574468085,temperature
2022-10-18T00:00:00Z,SUGG,0,25.315,temperature
2022-10-18T00:00:00Z,SUGG,0.25,25.328541666666663,temperature
2022-10-18T00:00:00Z,SUGG,0.5,25.31125,temperature
2022-10-18T00:00:00Z,SUGG,0.75,25.2775,temperature
2022-10-18T00:00:00Z,SUGG,1,25.03625,temperature
2022-10-19T00:00:00Z,SUGG,0,23.019791666666663,temperature
2022-10-19T00:00:00Z,SUGG,0.25,23.063541666666666,temperature
2022-10-19T00:00:00Z,SUGG,0.5,23.063333333333333,temperature
2022-10-19T00:00:00Z,SUGG,0.75,23.054791666666667,temperature
2022-10-19T00:00:00Z,SUGG,1,23.042291666666667,temperature
2022-10-20T00:00:00Z,SUGG,0,21.966666666666665,temperature
2022-10-20T00:00:00Z,SUGG,0.25,21.960625,temperature
2022-10-20T00:00:00Z,SUGG,0.5,21.849375,temperature
2022-10-20T00:00:00Z,SUGG,0.75,21.686875,temperature
2022-10-20T00:00:00Z,SUGG,1,21.510625,temperature
2022-10-21T00:00:00Z,SUGG,0,21.27375,temperature
2022-10-21T00:00:00Z,SUGG,0.25,21.286458333333332,temperature
2022-10-21T00:00:00Z,SUGG,0.5,21.27,temperature
2022-10-21T00:00:00Z,SUGG,0.75,21.206041666666668,temperature
2022-10-21T00:00:00Z,SUGG,1,21.081666666666667,temperature
2022-10-22T00:00:00Z,SUGG,0,20.874375,temperature
2022-10-22T00:00:00Z,SUGG,0.25,20.880208333333332,temperature
2022-10-22T00:00:00Z,SUGG,0.5,20.854166666666668,temperature
2022-10-22T00:00:00Z,SUGG,0.75,20.791666666666668,temperature
2022-10-22T00:00:00Z,SUGG,1,20.720833333333335,temperature
2022-10-23T00:00:00Z,SUGG,0,21.886875,temperature
2022-10-23T00:00:00Z,SUGG,0.25,21.387021276595743,temperature
2022-10-23T00:00:00Z,SUGG,0.5,20.80666666666667,temperature
2022-10-23T00:00:00Z,SUGG,0.75,20.646041666666665,temperature
2022-10-23T00:00:00Z,SUGG,1,20.58625,temperature
2022-10-24T00:00:00Z,SUGG,0,22.381875,temperature
2022-10-24T00:00:00Z,SUGG,0.25,22.18125,temperature
2022-10-24T00:00:00Z,SUGG,0.5,21.52,temperature
2022-10-24T00:00:00Z,SUGG,0.75,20.986875,temperature
2022-10-24T00:00:00Z,SUGG,1,20.699166666666667,temperature
2022-10-25T00:00:00Z,SUGG,0,23.65595744680851,temperature
2022-10-25T00:00:00Z,SUGG,0.25,22.09847826086957,temperature
2022-10-25T00:00:00Z,SUGG,0.5,21.666666666666668,temperature
2022-10-25T00:00:00Z,SUGG,0.75,21.399375,temperature
2022-10-25T00:00:00Z,SUGG,1,21.023125,temperature
2022-10-26T00:00:00Z,SUGG,0,23.221458333333334,temperature
2022-10-26T00:00:00Z,SUGG,0.25,22.855106382978725,temperature
2022-10-26T00:00:00Z,SUGG,0.5,22.143541666666668,temperature
2022-10-26T00:00:00Z,SUGG,0.75,21.727083333333333,temperature
2022-10-26T00:00:00Z,SUGG,1,21.53375,temperature
2022-10-27T00:00:00Z,SUGG,0,23.78,temperature
2022-10-27T00:00:00Z,SUGG,0.25,23.265416666666667,temperature
2022-10-27T00:00:00Z,SUGG,0.5,22.918541666666663,temperature
2022-10-27T00:00:00Z,SUGG,0.75,22.647083333333335,temperature
2022-10-27T00:00:00Z,SUGG,1,22.186875,temperature
2022-10-28T00:00:00Z,SUGG,0,22.970625,temperature
2022-10-28T00:00:00Z,SUGG,0.25,22.952708333333337,temperature
2022-10-28T00:00:00Z,SUGG,0.5,22.797916666666666,temperature
2022-10-28T00:00:00Z,SUGG,0.75,22.561666666666667,temperature
2022-10-28T00:00:00Z,SUGG,1,22.2125,temperature
2022-10-29T00:00:00Z,SUGG,0,22.559583333333332,temperature
2022-10-29T00:00:00Z,SUGG,0.25,22.565416666666668,temperature
2022-10-29T00:00:00Z,SUGG,0.5,22.553125,temperature
2022-10-29T00:00:00Z,SUGG,0.75,22.51875,temperature
2022-10-29T00:00:00Z,SUGG,1,22.372916666666665,temperature
2022-10-30T00:00:00Z,SUGG,0,22.571875,temperature
2022-10-30T00:00:00Z,SUGG,0.25,22.351875,temperature
2022-10-30T00:00:00Z,SUGG,0.5,22.156666666666663,temperature
2022-10-30T00:00:00Z,SUGG,0.75,22.024583333333332,temperature
2022-10-30T00:00:00Z,SUGG,1,21.987083333333334,temperature
2022-10-31T00:00:00Z,SUGG,0,24.373125,temperature
2022-10-31T00:00:00Z,SUGG,0.25,24.041458333333335,temperature
2022-10-31T00:00:00Z,SUGG,0.5,23.00583333333333,temperature
2022-10-31T00:00:00Z,SUGG,0.75,22.370833333333337,temperature
2022-10-31T00:00:00Z,SUGG,1,22.117083333333333,temperature
2022-11-01T00:00:00Z,SUGG,0,26.134375,temperature
2022-11-01T00:00:00Z,SUGG,0.25,25.435208333333332,temperature
2022-11-01T00:00:00Z,SUGG,0.5,24.013958333333335,temperature
2022-11-01T00:00:00Z,SUGG,0.75,22.83125,temperature
2022-11-01T00:00:00Z,SUGG,1,22.269166666666667,temperature
2022-11-02T00:00:00Z,SUGG,0,25.504583333333333,temperature
2022-11-02T00:00:00Z,SUGG,0.25,25.062083333333337,temperature
2022-11-02T00:00:00Z,SUGG,0.5,24.272708333333338,temperature
2022-11-02T00:00:00Z,SUGG,0.75,23.31854166666667,temperature
2022-11-02T00:00:00Z,SUGG,1,22.534375,temperature
2022-11-03T00:00:00Z,SUGG,0,24.822291666666665,temperature
2022-11-03T00:00:00Z,SUGG,0.25,24.761875,temperature
2022-11-03T00:00:00Z,SUGG,0.5,24.466666666666665,temperature
2022-11-03T00:00:00Z,SUGG,0.75,23.853958333333335,temperature
2022-11-03T00:00:00Z,SUGG,1,22.789375,temperature
2022-11-04T00:00:00Z,SUGG,0,23.755625,temperature
2022-11-04T00:00:00Z,SUGG,0.25,23.758541666666662,temperature
2022-11-04T00:00:00Z,SUGG,0.5,23.728541666666665,temperature
2022-11-04T00:00:00Z,SUGG,0.75,23.664583333333333,temperature
2022-11-04T00:00:00Z,SUGG,1,23.491458333333338,temperature
2022-11-05T00:00:00Z,SUGG,0,24.15625,temperature
2022-11-05T00:00:00Z,SUGG,0.25,23.986666666666668,temperature
2022-11-05T00:00:00Z,SUGG,0.5,23.801458333333333,temperature
2022-11-05T00:00:00Z,SUGG,0.75,23.691666666666663,temperature
2022-11-05T00:00:00Z,SUGG,1,23.622708333333332,temperature
2022-11-06T00:00:00Z,SUGG,0,24.701041666666665,temperature
2022-11-06T00:00:00Z,SUGG,0.25,24.641041666666663,temperature
2022-11-06T00:00:00Z,SUGG,0.5,24.529791666666668,temperature
2022-11-06T00:00:00Z,SUGG,0.75,24.331875,temperature
2022-11-06T00:00:00Z,SUGG,1,23.911875,temperature
2022-11-07T00:00:00Z,SUGG,0,24.45625,temperature
2022-11-07T00:00:00Z,SUGG,0.25,24.457916666666662,temperature
2022-11-07T00:00:00Z,SUGG,0.5,24.435,temperature
2022-11-07T00:00:00Z,SUGG,0.75,24.375625,temperature
2022-11-07T00:00:00Z,SUGG,1,24.241875,temperature
2022-11-08T00:00:00Z,SUGG,0,23.77145833333333,temperature
2022-11-08T00:00:00Z,SUGG,0.25,23.794166666666666,temperature
2022-11-08T00:00:00Z,SUGG,0.5,23.795208333333335,temperature
2022-11-08T00:00:00Z,SUGG,0.75,23.792291666666667,temperature
2022-11-08T00:00:00Z,SUGG,1,23.785625,temperature
2022-11-09T00:00:00Z,SUGG,0,22.553333333333335,temperature
2022-11-09T00:00:00Z,SUGG,0.25,22.577708333333337,temperature
2022-11-09T00:00:00Z,SUGG,0.5,22.585625,temperature
2022-11-09T00:00:00Z,SUGG,0.75,22.589166666666667,temperature
2022-11-09T00:00:00Z,SUGG,1,22.589583333333337,temperature
2022-11-10T00:00:00Z,SUGG,0,21.156666666666663,temperature
2022-11-10T00:00:00Z,SUGG,0.25,21.164583333333333,temperature
2022-11-10T00:00:00Z,SUGG,0.5,21.167083333333338,temperature
2022-11-10T00:00:00Z,SUGG,0.75,21.166875,temperature
2022-11-10T00:00:00Z,SUGG,1,21.166458333333335,temperature
2022-11-11T00:00:00Z,SUGG,0,21.391041666666663,temperature
2022-11-11T00:00:00Z,SUGG,0.25,21.384375,temperature
2022-11-11T00:00:00Z,SUGG,0.5,21.3775,temperature
2022-11-11T00:00:00Z,SUGG,0.75,21.368333333333332,temperature
2022-11-11T00:00:00Z,SUGG,1,21.357291666666665,temperature
2022-11-12T00:00:00Z,SUGG,0,22.156458333333333,temperature
2022-11-12T00:00:00Z,SUGG,0.25,22.138125,temperature
2022-11-12T00:00:00Z,SUGG,0.5,22.107083333333332,temperature
2022-11-12T00:00:00Z,SUGG,0.75,22.06625,temperature
2022-11-12T00:00:00Z,SUGG,1,22.023125,temperature
2022-11-13T00:00:00Z,SUGG,0,22.220416666666665,temperature
2022-11-13T00:00:00Z,SUGG,0.25,22.238958333333333,temperature
2022-11-13T00:00:00Z,SUGG,0.5,22.236458333333335,temperature
2022-11-13T00:00:00Z,SUGG,0.75,22.1675,temperature
2022-11-13T00:00:00Z,SUGG,1,22.1075,temperature
2022-11-14T00:00:00Z,SUGG,0,20.956666666666667,temperature
2022-11-14T00:00:00Z,SUGG,0.25,20.981875,temperature
2022-11-14T00:00:00Z,SUGG,0.5,20.976875,temperature
2022-11-14T00:00:00Z,SUGG,0.75,20.962291666666665,temperature
2022-11-14T00:00:00Z,SUGG,1,20.937916666666663,temperature
2022-11-15T00:00:00Z,SUGG,0,21.134375,temperature
2022-11-15T00:00:00Z,SUGG,0.25,21.049583333333334,temperature
2022-11-15T00:00:00Z,SUGG,0.5,20.930208333333333,temperature
2022-11-15T00:00:00Z,SUGG,0.75,20.849583333333335,temperature
2022-11-15T00:00:00Z,SUGG,1,20.792708333333337,temperature
2022-11-16T00:00:00Z,SUGG,0,21.375,temperature
2022-11-16T00:00:00Z,SUGG,0.25,21.368809523809524,temperature
2022-11-16T00:00:00Z,SUGG,0.5,21.351904761904763,temperature
2022-11-16T00:00:00Z,SUGG,0.75,21.232857142857146,temperature
2022-11-16T00:00:00Z,SUGG,1,21.06142857142857,temperature
2022-11-17T00:00:00Z,SUGG,0,20.055,temperature
2022-11-17T00:00:00Z,SUGG,0.25,20.08770833333333,temperature
2022-11-17T00:00:00Z,SUGG,0.5,20.081458333333337,temperature
2022-11-17T00:00:00Z,SUGG,0.75,20.062083333333337,temperature
2022-11-17T00:00:00Z,SUGG,1,20.044166666666666,temperature
2022-11-18T00:00:00Z,SUGG,0,19.023541666666667,temperature
2022-11-18T00:00:00Z,SUGG,0.25,19.059791666666666,temperature
2022-11-18T00:00:00Z,SUGG,0.5,19.051041666666663,temperature
2022-11-18T00:00:00Z,SUGG,0.75,19.028333333333332,temperature
2022-11-18T00:00:00Z,SUGG,1,18.997708333333332,temperature
2022-11-19T00:00:00Z,SUGG,0,17.936875,temperature
2022-11-19T00:00:00Z,SUGG,0.25,17.973333333333333,temperature
2022-11-19T00:00:00Z,SUGG,0.5,17.975,temperature
2022-11-19T00:00:00Z,SUGG,0.75,17.969375,temperature
2022-11-19T00:00:00Z,SUGG,1,17.958125,temperature
2022-11-20T00:00:00Z,SUGG,0,17.104791666666667,temperature
2022-11-20T00:00:00Z,SUGG,0.25,17.14125,temperature
2022-11-20T00:00:00Z,SUGG,0.5,17.149166666666666,temperature
2022-11-20T00:00:00Z,SUGG,0.75,17.15020833333333,temperature
2022-11-20T00:00:00Z,SUGG,1,17.148541666666667,temperature
2022-11-21T00:00:00Z,SUGG,0,16.476458333333333,temperature
2022-11-21T00:00:00Z,SUGG,0.25,16.487708333333334,temperature
2022-11-21T00:00:00Z,SUGG,0.5,16.478125,temperature
2022-11-21T00:00:00Z,SUGG,0.75,16.458333333333332,temperature
2022-11-21T00:00:00Z,SUGG,1,16.425416666666667,temperature
2022-11-22T00:00:00Z,SUGG,0,17.019166666666667,temperature
2022-11-22T00:00:00Z,SUGG,0.25,17.018125,temperature
2022-11-22T00:00:00Z,SUGG,0.5,17.012291666666666,temperature
2022-11-22T00:00:00Z,SUGG,0.75,17.000833333333333,temperature
2022-11-22T00:00:00Z,SUGG,1,16.975,temperature
2022-11-23T00:00:00Z,SUGG,0,17.306041666666665,temperature
2022-11-23T00:00:00Z,SUGG,0.25,17.295625,temperature
2022-11-23T00:00:00Z,SUGG,0.5,17.268541666666668,temperature
2022-11-23T00:00:00Z,SUGG,0.75,17.21375,temperature
2022-11-23T00:00:00Z,SUGG,1,17.172916666666666,temperature
2022-11-24T00:00:00Z,SUGG,0,18.395833333333332,temperature
2022-11-24T00:00:00Z,SUGG,0.25,18.336041666666667,temperature
2022-11-24T00:00:00Z,SUGG,0.5,18.208958333333335,temperature
2022-11-24T00:00:00Z,SUGG,0.75,17.933333333333334,temperature
2022-11-24T00:00:00Z,SUGG,1,17.707291666666666,temperature
2022-11-25T00:00:00Z,SUGG,0,20.35,temperature
2022-11-25T00:00:00Z,SUGG,0.25,20.172083333333333,temperature
2022-11-25T00:00:00Z,SUGG,0.5,19.890625,temperature
2022-11-25T00:00:00Z,SUGG,0.75,19.20625,temperature
2022-11-25T00:00:00Z,SUGG,1,18.14375,temperature
2022-11-26T00:00:00Z,SUGG,0,21.100625,temperature
2022-11-26T00:00:00Z,SUGG,0.25,21.018125,temperature
2022-11-26T00:00:00Z,SUGG,0.5,20.57851063829787,temperature
2022-11-26T00:00:00Z,SUGG,0.75,19.531458333333333,temperature
2022-11-26T00:00:00Z,SUGG,1,18.569166666666668,temperature
2022-11-27T00:00:00Z,SUGG,0,21.325,temperature
2022-11-27T00:00:00Z,SUGG,0.25,21.309583333333332,temperature
2022-11-27T00:00:00Z,SUGG,0.5,21.2375,temperature
2022-11-27T00:00:00Z,SUGG,0.75,20.887708333333332,temperature
2022-11-27T00:00:00Z,SUGG,1,19.952978723404257,temperature
2022-11-28T00:00:00Z,SUGG,0,20.692916666666665,temperature
2022-11-28T00:00:00Z,SUGG,0.25,20.687916666666663,temperature
2022-11-28T00:00:00Z,SUGG,0.5,20.649583333333332,temperature
2022-11-28T00:00:00Z,SUGG,0.75,20.611875,temperature
2022-11-28T00:00:00Z,SUGG,1,20.524166666666662,temperature
2022-11-29T00:00:00Z,SUGG,0,20.562708333333333,temperature
2022-11-29T00:00:00Z,SUGG,0.25,20.556041666666665,temperature
2022-11-29T00:00:00Z,SUGG,0.5,20.5175,temperature
2022-11-29T00:00:00Z,SUGG,0.75,20.435208333333332,temperature
2022-11-29T00:00:00Z,SUGG,1,20.161458333333332,temperature
2022-11-30T00:00:00Z,SUGG,0,20.519583333333333,temperature
2022-11-30T00:00:00Z,SUGG,0.25,20.522708333333338,temperature
2022-11-30T00:00:00Z,SUGG,0.5,20.509375,temperature
2022-11-30T00:00:00Z,SUGG,0.75,20.478541666666665,temperature
2022-11-30T00:00:00Z,SUGG,1,20.393333333333334,temperature
2022-12-01T00:00:00Z,SUGG,0,19.841458333333332,temperature
2022-12-01T00:00:00Z,SUGG,0.25,19.864791666666665,temperature
2022-12-01T00:00:00Z,SUGG,0.5,19.867083333333333,temperature
2022-12-01T00:00:00Z,SUGG,0.75,19.863958333333333,temperature
2022-12-01T00:00:00Z,SUGG,1,19.854791666666667,temperature
2022-12-02T00:00:00Z,SUGG,0,19.250416666666663,temperature
2022-12-02T00:00:00Z,SUGG,0.25,19.260833333333338,temperature
2022-12-02T00:00:00Z,SUGG,0.5,19.234375,temperature
2022-12-02T00:00:00Z,SUGG,0.75,19.179375,temperature
2022-12-02T00:00:00Z,SUGG,1,19.15375,temperature
2022-12-03T00:00:00Z,SUGG,0,20.273541666666667,temperature
2022-12-03T00:00:00Z,SUGG,0.25,19.611041666666665,temperature
2022-12-03T00:00:00Z,SUGG,0.5,19.224375,temperature
2022-12-03T00:00:00Z,SUGG,0.75,19.147291666666668,temperature
2022-12-03T00:00:00Z,SUGG,1,19.101666666666667,temperature
2022-12-04T00:00:00Z,SUGG,0,20.33416666666667,temperature
2022-12-04T00:00:00Z,SUGG,0.25,19.963541666666668,temperature
2022-12-04T00:00:00Z,SUGG,0.5,19.432083333333335,temperature
2022-12-04T00:00:00Z,SUGG,0.75,19.199375,temperature
2022-12-04T00:00:00Z,SUGG,1,19.038541666666667,temperature
2022-12-05T00:00:00Z,SUGG,0,20.98875,temperature
2022-12-05T00:00:00Z,SUGG,0.25,20.531875,temperature
2022-12-05T00:00:00Z,SUGG,0.5,20.066041666666667,temperature
2022-12-05T00:00:00Z,SUGG,0.75,19.571458333333332,temperature
2022-12-05T00:00:00Z,SUGG,1,19.145,temperature
2022-12-06T00:00:00Z,SUGG,0,22.093125,temperature
2022-12-06T00:00:00Z,SUGG,0.25,21.29625,temperature
2022-12-06T00:00:00Z,SUGG,0.5,20.342916666666667,temperature
2022-12-06T00:00:00Z,SUGG,0.75,19.705106382978723,temperature
2022-12-06T00:00:00Z,SUGG,1,19.304583333333333,temperature
2022-12-07T00:00:00Z,SUGG,0,22.380208333333332,temperature
2022-12-07T00:00:00Z,SUGG,0.25,21.533125,temperature
2022-12-07T00:00:00Z,SUGG,0.5,20.55,temperature
2022-12-07T00:00:00Z,SUGG,0.75,19.881666666666668,temperature
2022-12-07T00:00:00Z,SUGG,1,19.469583333333333,temperature
2022-12-08T00:00:00Z,SUGG,0,21.790416666666665,temperature
2022-12-08T00:00:00Z,SUGG,0.25,21.548125,temperature
2022-12-08T00:00:00Z,SUGG,0.5,20.702708333333337,temperature
2022-12-08T00:00:00Z,SUGG,0.75,20.044375,temperature
2022-12-08T00:00:00Z,SUGG,1,19.63125,temperature
2022-12-09T00:00:00Z,SUGG,0,21.484583333333333,temperature
2022-12-09T00:00:00Z,SUGG,0.25,21.415416666666665,temperature
2022-12-09T00:00:00Z,SUGG,0.5,21.14270833333333,temperature
2022-12-09T00:00:00Z,SUGG,0.75,20.559791666666666,temperature
2022-12-09T00:00:00Z,SUGG,1,19.893125,temperature
2022-12-10T00:00:00Z,SUGG,0,21.093958333333333,temperature
2022-12-10T00:00:00Z,SUGG,0.25,21.014166666666668,temperature
2022-12-10T00:00:00Z,SUGG,0.5,20.854791666666667,temperature
2022-12-10T00:00:00Z,SUGG,0.75,20.667083333333338,temperature
2022-12-10T00:00:00Z,SUGG,1,20.166875,temperature
2022-12-11T00:00:00Z,SUGG,0,20.262083333333333,temperature
2022-12-11T00:00:00Z,SUGG,0.25,20.277708333333333,temperature
2022-12-11T00:00:00Z,SUGG,0.5,20.268125,temperature
2022-12-11T00:00:00Z,SUGG,0.75,20.217708333333334,temperature
2022-12-11T00:00:00Z,SUGG,1,20.129375,temperature
2022-12-12T00:00:00Z,SUGG,0,19.795208333333335,temperature
2022-12-12T00:00:00Z,SUGG,0.25,19.785625,temperature
2022-12-12T00:00:00Z,SUGG,0.5,19.738541666666663,temperature
2022-12-12T00:00:00Z,SUGG,0.75,19.658125,temperature
2022-12-12T00:00:00Z,SUGG,1,19.588125,temperature
2022-12-13T00:00:00Z,SUGG,0,19.418125,temperature
2022-12-13T00:00:00Z,SUGG,0.25,19.435,temperature
2022-12-13T00:00:00Z,SUGG,0.5,19.43625,temperature
2022-12-13T00:00:00Z,SUGG,0.75,19.43125,temperature
2022-12-13T00:00:00Z,SUGG,1,19.420625,temperature
2022-12-14T00:00:00Z,SUGG,0,19.384166666666665,temperature
2022-12-14T00:00:00Z,SUGG,0.25,19.3825,temperature
2022-12-14T00:00:00Z,SUGG,0.5,19.3725,temperature
2022-12-14T00:00:00Z,SUGG,0.75,19.359375,temperature
2022-12-14T00:00:00Z,SUGG,1,19.343958333333333,temperature
2022-12-15T00:00:00Z,SUGG,0,19.861875,temperature
2022-12-15T00:00:00Z,SUGG,0.25,19.86375,temperature
2022-12-15T00:00:00Z,SUGG,0.5,19.859375,temperature
2022-12-15T00:00:00Z,SUGG,0.75,19.8525,temperature
2022-12-15T00:00:00Z,SUGG,1,19.841041666666666,temperature
2022-12-16T00:00:00Z,SUGG,0,19.426875,temperature
2022-12-16T00:00:00Z,SUGG,0.25,19.370208333333338,temperature
2022-12-16T00:00:00Z,SUGG,0.5,19.286875,temperature
2022-12-16T00:00:00Z,SUGG,0.75,19.223333333333333,temperature
2022-12-16T00:00:00Z,SUGG,1,19.186875,temperature
2022-12-17T00:00:00Z,SUGG,0,18.759375,temperature
2022-12-17T00:00:00Z,SUGG,0.25,18.678333333333335,temperature
2022-12-17T00:00:00Z,SUGG,0.5,18.59875,temperature
2022-12-17T00:00:00Z,SUGG,0.75,18.45875,temperature
2022-12-17T00:00:00Z,SUGG,1,18.364375,temperature
2022-12-18T00:00:00Z,SUGG,0,17.827708333333334,temperature
2022-12-18T00:00:00Z,SUGG,0.25,17.854791666666667,temperature
2022-12-18T00:00:00Z,SUGG,0.5,17.8475,temperature
2022-12-18T00:00:00Z,SUGG,0.75,17.795,temperature
2022-12-18T00:00:00Z,SUGG,1,17.756666666666668,temperature
2022-12-19T00:00:00Z,SUGG,0,16.701458333333335,temperature
2022-12-19T00:00:00Z,SUGG,0.25,16.7275,temperature
2022-12-19T00:00:00Z,SUGG,0.5,16.717083333333335,temperature
2022-12-19T00:00:00Z,SUGG,0.75,16.693125,temperature
2022-12-19T00:00:00Z,SUGG,1,16.659583333333334,temperature
2022-12-20T00:00:00Z,SUGG,0,16.573953488372094,temperature
2022-12-20T00:00:00Z,SUGG,0.25,16.56904761904762,temperature
2022-12-20T00:00:00Z,SUGG,0.5,16.530697674418604,temperature
2022-12-20T00:00:00Z,SUGG,0.75,16.49906976744186,temperature
2022-12-20T00:00:00Z,SUGG,1,16.461395348837208,temperature
2022-12-21T00:00:00Z,SUGG,0,16.069791666666667,temperature
2022-12-21T00:00:00Z,SUGG,0.25,16.085625,temperature
2022-12-21T00:00:00Z,SUGG,0.5,16.087291666666665,temperature
2022-12-21T00:00:00Z,SUGG,0.75,16.08395833333333,temperature
2022-12-21T00:00:00Z,SUGG,1,16.073958333333334,temperature
2022-12-22T00:00:00Z,SUGG,0,15.983333333333334,temperature
2022-12-22T00:00:00Z,SUGG,0.25,15.953958333333333,temperature
2022-12-22T00:00:00Z,SUGG,0.5,15.896041666666669,temperature
2022-12-22T00:00:00Z,SUGG,0.75,15.862916666666669,temperature
2022-12-22T00:00:00Z,SUGG,1,15.833125,temperature
2022-12-23T00:00:00Z,SUGG,0,16.036041666666666,temperature
2022-12-23T00:00:00Z,SUGG,0.25,16.043333333333333,temperature
2022-12-23T00:00:00Z,SUGG,0.5,16.038333333333334,temperature
2022-12-23T00:00:00Z,SUGG,0.75,15.995,temperature
2022-12-23T00:00:00Z,SUGG,1,15.951041666666669,temperature
2022-12-24T00:00:00Z,SUGG,0,14.164791666666666,temperature
2022-12-24T00:00:00Z,SUGG,0.25,14.2025,temperature
2022-12-24T00:00:00Z,SUGG,0.5,14.209791666666666,temperature
2022-12-24T00:00:00Z,SUGG,0.75,14.213125,temperature
2022-12-24T00:00:00Z,SUGG,1,14.208958333333332,temperature
2022-12-25T00:00:00Z,SUGG,0,12.294375,temperature
2022-12-25T00:00:00Z,SUGG,0.25,12.329166666666666,temperature
2022-12-25T00:00:00Z,SUGG,0.5,12.330833333333333,temperature
2022-12-25T00:00:00Z,SUGG,0.75,12.327916666666669,temperature
2022-12-25T00:00:00Z,SUGG,1,12.317291666666666,temperature
2022-12-26T00:00:00Z,SUGG,0,11.302083333333334,temperature
2022-12-26T00:00:00Z,SUGG,0.25,11.313958333333334,temperature
2022-12-26T00:00:00Z,SUGG,0.5,11.282708333333334,temperature
2022-12-26T00:00:00Z,SUGG,0.75,11.222291666666669,temperature
2022-12-26T00:00:00Z,SUGG,1,11.18125,temperature
2022-12-27T00:00:00Z,SUGG,0,10.907916666666669,temperature
2022-12-27T00:00:00Z,SUGG,0.25,10.912708333333333,temperature
2022-12-27T00:00:00Z,SUGG,0.5,10.849375,temperature
2022-12-27T00:00:00Z,SUGG,0.75,10.777291666666668,temperature
2022-12-27T00:00:00Z,SUGG,1,10.729166666666666,temperature
2022-12-28T00:00:00Z,SUGG,0,11.347708333333332,temperature
2022-12-28T00:00:00Z,SUGG,0.25,11.068958333333333,temperature
2022-12-28T00:00:00Z,SUGG,0.5,10.977291666666666,temperature
2022-12-28T00:00:00Z,SUGG,0.75,10.896666666666668,temperature
2022-12-28T00:00:00Z,SUGG,1,10.823125,temperature
2022-12-29T00:00:00Z,SUGG,0,12.005625,temperature
2022-12-29T00:00:00Z,SUGG,0.25,11.962083333333334,temperature
2022-12-29T00:00:00Z,SUGG,0.5,11.792083333333334,temperature
2022-12-29T00:00:00Z,SUGG,0.75,11.479583333333334,temperature
2022-12-29T00:00:00Z,SUGG,1,11.24875,temperature
2022-12-30T00:00:00Z,SUGG,0,13.952708333333334,temperature
2022-12-30T00:00:00Z,SUGG,0.25,13.55,temperature
2022-12-30T00:00:00Z,SUGG,0.5,13.173695652173912,temperature
2022-12-30T00:00:00Z,SUGG,0.75,12.7725,temperature
2022-12-30T00:00:00Z,SUGG,1,12.358333333333333,temperature
2022-12-31T00:00:00Z,SUGG,0,15.241666666666667,temperature
2022-12-31T00:00:00Z,SUGG,0.25,15.00375,temperature
2022-12-31T00:00:00Z,SUGG,0.5,14.484166666666669,temperature
2022-12-31T00:00:00Z,SUGG,0.75,13.674791666666666,temperature
2022-12-31T00:00:00Z,SUGG,1,13.004583333333333,temperature
2023-01-01T00:00:00Z,SUGG,0,17.008125,temperature
2023-01-01T00:00:00Z,SUGG,0.25,16.105,temperature
2023-01-01T00:00:00Z,SUGG,0.5,15.249166666666667,temperature
2023-01-01T00:00:00Z,SUGG,0.75,14.203125,temperature
2023-01-01T00:00:00Z,SUGG,1,13.01625,temperature
2023-01-02T00:00:00Z,SUGG,0,18.049166666666668,temperature
2023-01-02T00:00:00Z,SUGG,0.25,16.936666666666667,temperature
2023-01-02T00:00:00Z,SUGG,0.5,15.61255319148936,temperature
2023-01-02T00:00:00Z,SUGG,0.75,14.266458333333333,temperature
2023-01-02T00:00:00Z,SUGG,1,13.222708333333332,temperature
2023-01-03T00:00:00Z,SUGG,0,18.232708333333335,temperature
2023-01-03T00:00:00Z,SUGG,0.25,17.94708333333333,temperature
2023-01-03T00:00:00Z,SUGG,0.5,16.74041666666667,temperature
2023-01-03T00:00:00Z,SUGG,0.75,15.101875,temperature
2023-01-03T00:00:00Z,SUGG,1,13.885833333333334,temperature
2023-01-04T00:00:00Z,SUGG,0,18.797857142857143,temperature
2023-01-04T00:00:00Z,SUGG,0.25,18.722857142857144,temperature
2023-01-04T00:00:00Z,SUGG,0.5,18.06357142857143,temperature
2023-01-04T00:00:00Z,SUGG,0.75,17.01238095238095,temperature
2023-01-04T00:00:00Z,SUGG,1,15.792857142857144,temperature
2023-01-05T00:00:00Z,SUGG,0,18.7575,temperature
2023-01-05T00:00:00Z,SUGG,0.25,18.747708333333332,temperature
2023-01-05T00:00:00Z,SUGG,0.5,18.70875,temperature
2023-01-05T00:00:00Z,SUGG,0.75,18.564583333333335,temperature
2023-01-05T00:00:00Z,SUGG,1,17.169574468085106,temperature
2023-01-06T00:00:00Z,SUGG,0,17.622083333333332,temperature
2023-01-06T00:00:00Z,SUGG,0.25,17.646875,temperature
2023-01-06T00:00:00Z,SUGG,0.5,17.638125,temperature
2023-01-06T00:00:00Z,SUGG,0.75,17.621458333333333,temperature
2023-01-06T00:00:00Z,SUGG,1,17.052291666666665,temperature
2023-01-07T00:00:00Z,SUGG,0,16.218541666666667,temperature
2023-01-07T00:00:00Z,SUGG,0.25,16.215208333333333,temperature
2023-01-07T00:00:00Z,SUGG,0.5,16.160416666666666,temperature
2023-01-07T00:00:00Z,SUGG,0.75,16.069375,temperature
2023-01-07T00:00:00Z,SUGG,1,16.026041666666668,temperature
2023-01-08T00:00:00Z,SUGG,0,16.178333333333335,temperature
2023-01-08T00:00:00Z,SUGG,0.25,16.011875,temperature
2023-01-08T00:00:00Z,SUGG,0.5,15.787083333333332,temperature
2023-01-08T00:00:00Z,SUGG,0.75,15.678333333333333,temperature
2023-01-08T00:00:00Z,SUGG,1,15.541041666666668,temperature
2023-01-09T00:00:00Z,SUGG,0,16.557916666666667,temperature
2023-01-09T00:00:00Z,SUGG,0.25,16.503541666666667,temperature
2023-01-09T00:00:00Z,SUGG,0.5,16.399583333333332,temperature
2023-01-09T00:00:00Z,SUGG,0.75,16.2175,temperature
2023-01-09T00:00:00Z,SUGG,1,15.822916666666666,temperature
2023-01-10T00:00:00Z,SUGG,0,16.455,temperature
2023-01-10T00:00:00Z,SUGG,0.25,16.385416666666668,temperature
2023-01-10T00:00:00Z,SUGG,0.5,16.261666666666667,temperature
2023-01-10T00:00:00Z,SUGG,0.75,16.126041666666666,temperature
2023-01-10T00:00:00Z,SUGG,1,16.005,temperature
2023-01-11T00:00:00Z,SUGG,0,16.568695652173915,temperature
2023-01-11T00:00:00Z,SUGG,0.25,16.15,temperature
2023-01-11T00:00:00Z,SUGG,0.5,15.841739130434782,temperature
2023-01-11T00:00:00Z,SUGG,0.75,15.685217391304349,temperature
2023-01-11T00:00:00Z,SUGG,1,15.542173913043476,temperature
2023-01-12T00:00:00Z,SUGG,0,16.245833333333334,temperature
2023-01-12T00:00:00Z,SUGG,0.25,16.219166666666666,temperature
2023-01-12T00:00:00Z,SUGG,0.5,15.993541666666667,temperature
2023-01-12T00:00:00Z,SUGG,0.75,15.702291666666667,temperature
2023-01-12T00:00:00Z,SUGG,1,15.519791666666666,temperature
2023-01-13T00:00:00Z,SUGG,0,16.098541666666666,temperature
2023-01-13T00:00:00Z,SUGG,0.25,16.105208333333334,temperature
2023-01-13T00:00:00Z,SUGG,0.5,16.101875,temperature
2023-01-13T00:00:00Z,SUGG,0.75,16.076666666666668,temperature
2023-01-13T00:00:00Z,SUGG,1,16.016666666666666,temperature
2023-01-14T00:00:00Z,SUGG,0,14.766458333333333,temperature
2023-01-14T00:00:00Z,SUGG,0.25,14.787083333333332,temperature
2023-01-14T00:00:00Z,SUGG,0.5,14.790833333333332,temperature
2023-01-14T00:00:00Z,SUGG,0.75,14.792916666666668,temperature
2023-01-14T00:00:00Z,SUGG,1,14.791041666666668,temperature
2023-01-15T00:00:00Z,SUGG,0,13.840625,temperature
2023-01-15T00:00:00Z,SUGG,0.25,13.814791666666666,temperature
2023-01-15T00:00:00Z,SUGG,0.5,13.697291666666668,temperature
2023-01-15T00:00:00Z,SUGG,0.75,13.657916666666669,temperature
2023-01-15T00:00:00Z,SUGG,1,13.638125,temperature
2023-01-16T00:00:00Z,SUGG,0,14.004166666666666,temperature
2023-01-16T00:00:00Z,SUGG,0.25,13.697291666666668,temperature
2023-01-16T00:00:00Z,SUGG,0.5,13.372708333333334,temperature
2023-01-16T00:00:00Z,SUGG,0.75,13.248333333333331,temperature
2023-01-16T00:00:00Z,SUGG,1,13.175208333333334,temperature
2023-01-17T00:00:00Z,SUGG,0,13.759791666666668,temperature
2023-01-17T00:00:00Z,SUGG,0.25,13.69,temperature
2023-01-17T00:00:00Z,SUGG,0.5,13.376875,temperature
2023-01-17T00:00:00Z,SUGG,0.75,13.168541666666666,temperature
2023-01-17T00:00:00Z,SUGG,1,13.060208333333334,temperature
2023-01-18T00:00:00Z,SUGG,0,14.488958333333333,temperature
2023-01-18T00:00:00Z,SUGG,0.25,14.385416666666666,temperature
2023-01-18T00:00:00Z,SUGG,0.5,14.237291666666668,temperature
2023-01-18T00:00:00Z,SUGG,0.75,14.041666666666666,temperature
2023-01-18T00:00:00Z,SUGG,1,13.847916666666666,temperature
2023-01-19T00:00:00Z,SUGG,0,15.554375,temperature
2023-01-19T00:00:00Z,SUGG,0.25,15.483958333333334,temperature
2023-01-19T00:00:00Z,SUGG,0.5,15.284375,temperature
2023-01-19T00:00:00Z,SUGG,0.75,14.927916666666668,temperature
2023-01-19T00:00:00Z,SUGG,1,14.524791666666667,temperature
2023-01-20T00:00:00Z,SUGG,0,16.476304347826087,temperature
2023-01-20T00:00:00Z,SUGG,0.25,16.429565217391303,temperature
2023-01-20T00:00:00Z,SUGG,0.5,16.317826086956522,temperature
2023-01-20T00:00:00Z,SUGG,0.75,16.22,temperature
2023-01-20T00:00:00Z,SUGG,1,16.110869565217392,temperature
2023-01-21T00:00:00Z,SUGG,0,16.477291666666666,temperature
2023-01-21T00:00:00Z,SUGG,0.25,16.492708333333333,temperature
2023-01-21T00:00:00Z,SUGG,0.5,16.454791666666665,temperature
2023-01-21T00:00:00Z,SUGG,0.75,16.3725,temperature
2023-01-21T00:00:00Z,SUGG,1,16.200208333333332,temperature
2023-01-22T00:00:00Z,SUGG,0,15.925208333333334,temperature
2023-01-22T00:00:00Z,SUGG,0.25,15.916875,temperature
2023-01-22T00:00:00Z,SUGG,0.5,15.907916666666669,temperature
2023-01-22T00:00:00Z,SUGG,0.75,15.897083333333333,temperature
2023-01-22T00:00:00Z,SUGG,1,15.883541666666666,temperature
2023-01-23T00:00:00Z,SUGG,0,16.815625,temperature
2023-01-23T00:00:00Z,SUGG,0.25,16.81833333333333,temperature
2023-01-23T00:00:00Z,SUGG,0.5,16.813333333333333,temperature
2023-01-23T00:00:00Z,SUGG,0.75,16.805416666666666,temperature
2023-01-23T00:00:00Z,SUGG,1,16.794166666666666,temperature
2023-01-24T00:00:00Z,SUGG,0,16.397446808510637,temperature
2023-01-24T00:00:00Z,SUGG,0.25,16.40872340425532,temperature
2023-01-24T00:00:00Z,SUGG,0.5,16.39531914893617,temperature
2023-01-24T00:00:00Z,SUGG,0.75,16.372553191489363,temperature
2023-01-24T00:00:00Z,SUGG,1,16.348085106382978,temperature
2023-01-25T00:00:00Z,SUGG,0,16.746041666666667,temperature
2023-01-25T00:00:00Z,SUGG,0.25,16.74395833333333,temperature
2023-01-25T00:00:00Z,SUGG,0.5,16.739791666666665,temperature
2023-01-25T00:00:00Z,SUGG,0.75,16.734375,temperature
2023-01-25T00:00:00Z,SUGG,1,16.725833333333334,temperature
2023-01-26T00:00:00Z,SUGG,0,17.22479166666667,temperature
2023-01-26T00:00:00Z,SUGG,0.25,17.228958333333335,temperature
2023-01-26T00:00:00Z,SUGG,0.5,17.22125,temperature
2023-01-26T00:00:00Z,SUGG,0.75,17.2125,temperature
2023-01-26T00:00:00Z,SUGG,1,17.198541666666667,temperature
2023-01-27T00:00:00Z,SUGG,0,16.480833333333333,temperature
2023-01-27T00:00:00Z,SUGG,0.25,16.48375,temperature
2023-01-27T00:00:00Z,SUGG,0.5,16.454375,temperature
2023-01-27T00:00:00Z,SUGG,0.75,16.424791666666668,temperature
2023-01-27T00:00:00Z,SUGG,1,16.400624999999998,temperature
2023-01-28T00:00:00Z,SUGG,0,15.784375,temperature
2023-01-28T00:00:00Z,SUGG,0.25,15.802083333333334,temperature
2023-01-28T00:00:00Z,SUGG,0.5,15.800416666666669,temperature
2023-01-28T00:00:00Z,SUGG,0.75,15.795,temperature
2023-01-28T00:00:00Z,SUGG,1,15.780833333333334,temperature
2023-01-29T00:00:00Z,SUGG,0,16.12625,temperature
2023-01-29T00:00:00Z,SUGG,0.25,16.050625,temperature
2023-01-29T00:00:00Z,SUGG,0.5,15.990416666666668,temperature
2023-01-29T00:00:00Z,SUGG,0.75,15.926041666666666,temperature
2023-01-29T00:00:00Z,SUGG,1,15.811458333333333,temperature
2023-01-30T00:00:00Z,SUGG,0,17.88479166666667,temperature
2023-01-30T00:00:00Z,SUGG,0.25,17.808333333333334,temperature
2023-01-30T00:00:00Z,SUGG,0.5,17.700625,temperature
2023-01-30T00:00:00Z,SUGG,0.75,17.450833333333332,temperature
2023-01-30T00:00:00Z,SUGG,1,17.053541666666668,temperature
2023-01-31T00:00:00Z,SUGG,0,20.529583333333335,temperature
2023-01-31T00:00:00Z,SUGG,0.25,19.90875,temperature
2023-01-31T00:00:00Z,SUGG,0.5,19.440833333333337,temperature
2023-01-31T00:00:00Z,SUGG,0.75,18.547083333333333,temperature
2023-01-31T00:00:00Z,SUGG,1,17.557916666666667,temperature
2023-02-01T00:00:00Z,SUGG,0,21.948125,temperature
2023-02-01T00:00:00Z,SUGG,0.25,21.224375,temperature
2023-02-01T00:00:00Z,SUGG,0.5,20.2525,temperature
2023-02-01T00:00:00Z,SUGG,0.75,18.691666666666663,temperature
2023-02-01T00:00:00Z,SUGG,1,17.648541666666667,temperature
2023-02-02T00:00:00Z,SUGG,0,21.461666666666662,temperature
2023-02-02T00:00:00Z,SUGG,0.25,21.313958333333332,temperature
2023-02-02T00:00:00Z,SUGG,0.5,20.615,temperature
2023-02-02T00:00:00Z,SUGG,0.75,19.51723404255319,temperature
2023-02-02T00:00:00Z,SUGG,1,18.05468085106383,temperature
2023-02-03T00:00:00Z,SUGG,0,20.28875,temperature
2023-02-03T00:00:00Z,SUGG,0.25,20.291875,temperature
2023-02-03T00:00:00Z,SUGG,0.5,20.25604166666667,temperature
2023-02-03T00:00:00Z,SUGG,0.75,20.16625,temperature
2023-02-03T00:00:00Z,SUGG,1,18.968297872340425,temperature
2023-02-04T00:00:00Z,SUGG,0,17.75604166666667,temperature
2023-02-04T00:00:00Z,SUGG,0.25,17.774791666666665,temperature
2023-02-04T00:00:00Z,SUGG,0.5,17.7725,temperature
2023-02-04T00:00:00Z,SUGG,0.75,17.767916666666668,temperature
2023-02-04T00:00:00Z,SUGG,1,17.761041666666667,temperature
2023-02-05T00:00:00Z,SUGG,0,17.559375,temperature
2023-02-05T00:00:00Z,SUGG,0.25,17.395,temperature
2023-02-05T00:00:00Z,SUGG,0.5,17.235,temperature
2023-02-05T00:00:00Z,SUGG,0.75,17.17625,temperature
2023-02-05T00:00:00Z,SUGG,1,17.095833333333335,temperature
2023-02-06T00:00:00Z,SUGG,0,18.116458333333338,temperature
2023-02-06T00:00:00Z,SUGG,0.25,18.009166666666665,temperature
2023-02-06T00:00:00Z,SUGG,0.5,17.768333333333334,temperature
2023-02-06T00:00:00Z,SUGG,0.75,17.510833333333334,temperature
2023-02-06T00:00:00Z,SUGG,1,17.320208333333333,temperature
2023-02-07T00:00:00Z,SUGG,0,17.84875,temperature
2023-02-07T00:00:00Z,SUGG,0.25,17.803125,temperature
2023-02-07T00:00:00Z,SUGG,0.5,17.721875,temperature
2023-02-07T00:00:00Z,SUGG,0.75,17.642291666666665,temperature
2023-02-07T00:00:00Z,SUGG,1,17.475625,temperature
2023-02-08T00:00:00Z,SUGG,0,18.400625,temperature
2023-02-08T00:00:00Z,SUGG,0.25,18.4875,temperature
2023-02-08T00:00:00Z,SUGG,0.5,18.358333333333334,temperature
2023-02-08T00:00:00Z,SUGG,0.75,18.0875,temperature
2023-02-08T00:00:00Z,SUGG,1,17.720208333333332,temperature
2023-02-09T00:00:00Z,SUGG,0,19.3325,temperature
2023-02-09T00:00:00Z,SUGG,0.25,19.211041666666667,temperature
2023-02-09T00:00:00Z,SUGG,0.5,19.101875,temperature
2023-02-09T00:00:00Z,SUGG,0.75,18.906041666666667,temperature
2023-02-09T00:00:00Z,SUGG,1,18.370833333333337,temperature
2023-02-10T00:00:00Z,SUGG,0,20.309166666666663,temperature
2023-02-10T00:00:00Z,SUGG,0.25,20.228541666666665,temperature
2023-02-10T00:00:00Z,SUGG,0.5,19.992916666666662,temperature
2023-02-10T00:00:00Z,SUGG,0.75,19.745208333333338,temperature
2023-02-10T00:00:00Z,SUGG,1,19.463541666666668,temperature
2023-02-11T00:00:00Z,SUGG,0,20.403958333333332,temperature
2023-02-11T00:00:00Z,SUGG,0.25,20.400625,temperature
2023-02-11T00:00:00Z,SUGG,0.5,20.375625,temperature
2023-02-11T00:00:00Z,SUGG,0.75,20.336041666666667,temperature
2023-02-11T00:00:00Z,SUGG,1,20.104166666666668,temperature
2023-02-12T00:00:00Z,SUGG,0,19.27166666666667,temperature
2023-02-12T00:00:00Z,SUGG,0.25,19.281666666666663,temperature
2023-02-12T00:00:00Z,SUGG,0.5,19.283125,temperature
2023-02-12T00:00:00Z,SUGG,0.75,19.283541666666668,temperature
2023-02-12T00:00:00Z,SUGG,1,19.28,temperature
2023-02-13T00:00:00Z,SUGG,0,18.091875,temperature
2023-02-13T00:00:00Z,SUGG,0.25,18.097083333333337,temperature
2023-02-13T00:00:00Z,SUGG,0.5,18.085833333333333,temperature
2023-02-13T00:00:00Z,SUGG,0.75,18.0675,temperature
2023-02-13T00:00:00Z,SUGG,1,18.045625,temperature
2023-02-14T00:00:00Z,SUGG,0,18.08375,temperature
2023-02-14T00:00:00Z,SUGG,0.25,18.033333333333335,temperature
2023-02-14T00:00:00Z,SUGG,0.5,17.920416666666668,temperature
2023-02-14T00:00:00Z,SUGG,0.75,17.803958333333334,temperature
2023-02-14T00:00:00Z,SUGG,1,17.679791666666667,temperature
2023-02-15T00:00:00Z,SUGG,0,18.711739130434783,temperature
2023-02-15T00:00:00Z,SUGG,0.25,18.678260869565214,temperature
2023-02-15T00:00:00Z,SUGG,0.5,18.575434782608696,temperature
2023-02-15T00:00:00Z,SUGG,0.75,18.438913043478266,temperature
2023-02-15T00:00:00Z,SUGG,1,18.20521739130435,temperature
2023-02-16T00:00:00Z,SUGG,0,19.703125,temperature
2023-02-16T00:00:00Z,SUGG,0.25,19.676041666666663,temperature
2023-02-16T00:00:00Z,SUGG,0.5,19.630208333333332,temperature
2023-02-16T00:00:00Z,SUGG,0.75,19.50875,temperature
2023-02-16T00:00:00Z,SUGG,1,19.024375,temperature
2023-02-17T00:00:00Z,SUGG,0,20.377291666666668,temperature
2023-02-17T00:00:00Z,SUGG,0.25,20.36541666666667,temperature
2023-02-17T00:00:00Z,SUGG,0.5,20.287708333333335,temperature
2023-02-17T00:00:00Z,SUGG,0.75,20.231875,temperature
2023-02-17T00:00:00Z,SUGG,1,20.039791666666662,temperature
2023-02-18T00:00:00Z,SUGG,0,19.338958333333338,temperature
2023-02-18T00:00:00Z,SUGG,0.25,19.360833333333332,temperature
2023-02-18T00:00:00Z,SUGG,0.5,19.360208333333333,temperature
2023-02-18T00:00:00Z,SUGG,0.75,19.356041666666663,temperature
2023-02-18T00:00:00Z,SUGG,1,19.347708333333333,temperature
2023-02-19T00:00:00Z,SUGG,0,18.94375,temperature
2023-02-19T00:00:00Z,SUGG,0.25,18.729791666666667,temperature
2023-02-19T00:00:00Z,SUGG,0.5,18.609583333333333,temperature
2023-02-19T00:00:00Z,SUGG,0.75,18.526666666666667,temperature
2023-02-19T00:00:00Z,SUGG,1,18.360208333333333,temperature
2023-02-20T00:00:00Z,SUGG,0,19.71875,temperature
2023-02-20T00:00:00Z,SUGG,0.25,19.54,temperature
2023-02-20T00:00:00Z,SUGG,0.5,19.39625,temperature
2023-02-20T00:00:00Z,SUGG,0.75,19.111875,temperature
2023-02-20T00:00:00Z,SUGG,1,18.667083333333338,temperature
2023-02-21T00:00:00Z,SUGG,0,19.63375,temperature
2023-02-21T00:00:00Z,SUGG,0.25,19.627708333333334,temperature
2023-02-21T00:00:00Z,SUGG,0.5,19.61145833333333,temperature
2023-02-21T00:00:00Z,SUGG,0.75,19.590416666666663,temperature
2023-02-21T00:00:00Z,SUGG,1,19.540625,temperature
2023-02-22T00:00:00Z,SUGG,0,20.841875,temperature
2023-02-22T00:00:00Z,SUGG,0.25,20.813333333333333,temperature
2023-02-22T00:00:00Z,SUGG,0.5,20.768958333333337,temperature
2023-02-22T00:00:00Z,SUGG,0.75,20.691458333333333,temperature
2023-02-22T00:00:00Z,SUGG,1,20.610833333333332,temperature
2023-02-23T00:00:00Z,SUGG,0,21.948260869565217,temperature
2023-02-23T00:00:00Z,SUGG,0.25,21.92478260869565,temperature
2023-02-23T00:00:00Z,SUGG,0.5,21.863478260869567,temperature
2023-02-23T00:00:00Z,SUGG,0.75,21.80891304347826,temperature
2023-02-23T00:00:00Z,SUGG,1,21.68978260869565,temperature
2023-02-24T00:00:00Z,SUGG,0,23.787446808510637,temperature
2023-02-24T00:00:00Z,SUGG,0.25,23.408510638297873,temperature
2023-02-24T00:00:00Z,SUGG,0.5,22.951666666666668,temperature
2023-02-24T00:00:00Z,SUGG,0.75,22.602083333333333,temperature
2023-02-24T00:00:00Z,SUGG,1,22.302083333333332,temperature
2023-02-25T00:00:00Z,SUGG,0,24.508333333333333,temperature
2023-02-25T00:00:00Z,SUGG,0.25,24.389583333333334,temperature
2023-02-25T00:00:00Z,SUGG,0.5,23.764375,temperature
2023-02-25T00:00:00Z,SUGG,0.75,23.047291666666663,temperature
2023-02-25T00:00:00Z,SUGG,1,22.347291666666667,temperature
2023-02-26T00:00:00Z,SUGG,0,24.281041666666667,temperature
2023-02-26T00:00:00Z,SUGG,0.25,24.241875,temperature
2023-02-26T00:00:00Z,SUGG,0.5,24.081458333333337,temperature
2023-02-26T00:00:00Z,SUGG,0.75,23.632291666666667,temperature
2023-02-26T00:00:00Z,SUGG,1,22.968541666666667,temperature
2023-02-27T00:00:00Z,SUGG,0,23.728125,temperature
2023-02-27T00:00:00Z,SUGG,0.25,23.73125,temperature
2023-02-27T00:00:00Z,SUGG,0.5,23.721041666666668,temperature
2023-02-27T00:00:00Z,SUGG,0.75,23.699166666666667,temperature
2023-02-27T00:00:00Z,SUGG,1,23.366875,temperature
2023-02-28T00:00:00Z,SUGG,0,23.420833333333334,temperature
2023-02-28T00:00:00Z,SUGG,0.25,23.419166666666666,temperature
2023-02-28T00:00:00Z,SUGG,0.5,23.41229166666667,temperature
2023-02-28T00:00:00Z,SUGG,0.75,23.405208333333334,temperature
2023-02-28T00:00:00Z,SUGG,1,23.393125,temperature
2023-03-01T00:00:00Z,SUGG,0,23.88375,temperature
2023-03-01T00:00:00Z,SUGG,0.25,23.86625,temperature
2023-03-01T00:00:00Z,SUGG,0.5,23.835625,temperature
2023-03-01T00:00:00Z,SUGG,0.75,23.799791666666668,temperature
2023-03-01T00:00:00Z,SUGG,1,23.7575,temperature
2023-03-02T00:00:00Z,SUGG,0,24.016041666666663,temperature
2023-03-02T00:00:00Z,SUGG,0.25,24.012708333333332,temperature
2023-03-02T00:00:00Z,SUGG,0.5,23.99416666666667,temperature
2023-03-02T00:00:00Z,SUGG,0.75,23.95625,temperature
2023-03-02T00:00:00Z,SUGG,1,23.889166666666668,temperature
2023-03-03T00:00:00Z,SUGG,0,23.536041666666662,temperature
2023-03-03T00:00:00Z,SUGG,0.25,23.543125,temperature
2023-03-03T00:00:00Z,SUGG,0.5,23.539583333333333,temperature
2023-03-03T00:00:00Z,SUGG,0.75,23.534166666666668,temperature
2023-03-03T00:00:00Z,SUGG,1,23.527083333333337,temperature
2023-03-04T00:00:00Z,SUGG,0,23.465208333333333,temperature
2023-03-04T00:00:00Z,SUGG,0.25,23.468541666666667,temperature
2023-03-04T00:00:00Z,SUGG,0.5,23.4675,temperature
2023-03-04T00:00:00Z,SUGG,0.75,23.464375,temperature
2023-03-04T00:00:00Z,SUGG,1,23.461458333333333,temperature
2023-03-05T00:00:00Z,SUGG,0,24.221458333333334,temperature
2023-03-05T00:00:00Z,SUGG,0.25,23.855625,temperature
2023-03-05T00:00:00Z,SUGG,0.5,23.406666666666663,temperature
2023-03-05T00:00:00Z,SUGG,0.75,23.264375,temperature
2023-03-05T00:00:00Z,SUGG,1,23.191875,temperature
2023-03-06T00:00:00Z,SUGG,0,24.90086956521739,temperature
2023-03-06T00:00:00Z,SUGG,0.25,24.38617021276596,temperature
2023-03-06T00:00:00Z,SUGG,0.5,23.856170212765957,temperature
2023-03-06T00:00:00Z,SUGG,0.75,23.65148936170213,temperature
2023-03-06T00:00:00Z,SUGG,1,23.444255319148937,temperature
2023-03-07T00:00:00Z,SUGG,0,24.841875,temperature
2023-03-07T00:00:00Z,SUGG,0.25,24.74625,temperature
2023-03-07T00:00:00Z,SUGG,0.5,24.215833333333332,temperature
2023-03-07T00:00:00Z,SUGG,0.75,23.908125,temperature
2023-03-07T00:00:00Z,SUGG,1,23.664791666666662,temperature
2023-03-08T00:00:00Z,SUGG,0,24.33770833333333,temperature
2023-03-08T00:00:00Z,SUGG,0.25,24.341041666666666,temperature
2023-03-08T00:00:00Z,SUGG,0.5,24.310833333333335,temperature
2023-03-08T00:00:00Z,SUGG,0.75,24.284166666666668,temperature
2023-03-08T00:00:00Z,SUGG,1,24.17125,temperature
2023-03-09T00:00:00Z,SUGG,0,23.336041666666667,temperature
2023-03-09T00:00:00Z,SUGG,0.25,23.283333333333335,temperature
2023-03-09T00:00:00Z,SUGG,0.5,23.193333333333335,temperature
2023-03-09T00:00:00Z,SUGG,0.75,23.136666666666667,temperature
2023-03-09T00:00:00Z,SUGG,1,23.03729166666667,temperature
2023-03-10T00:00:00Z,SUGG,0,22.866041666666668,temperature
2023-03-10T00:00:00Z,SUGG,0.25,22.873958333333334,temperature
2023-03-10T00:00:00Z,SUGG,0.5,22.87,temperature
2023-03-10T00:00:00Z,SUGG,0.75,22.865625,temperature
2023-03-10T00:00:00Z,SUGG,1,22.856666666666666,temperature
2023-03-11T00:00:00Z,SUGG,0,23.15020833333333,temperature
2023-03-11T00:00:00Z,SUGG,0.25,23.066875,temperature
2023-03-11T00:00:00Z,SUGG,0.5,22.94375,temperature
2023-03-11T00:00:00Z,SUGG,0.75,22.855625,temperature
2023-03-11T00:00:00Z,SUGG,1,22.767708333333335,temperature
2023-03-12T00:00:00Z,SUGG,0,22.81,temperature
2023-03-12T00:00:00Z,SUGG,0.25,22.821458333333332,temperature
2023-03-12T00:00:00Z,SUGG,0.5,22.815,temperature
2023-03-12T00:00:00Z,SUGG,0.75,22.802083333333332,temperature
2023-03-12T00:00:00Z,SUGG,1,22.679583333333333,temperature
2023-03-13T00:00:00Z,SUGG,0,22.629166666666663,temperature
2023-03-13T00:00:00Z,SUGG,0.25,22.636041666666667,temperature
2023-03-13T00:00:00Z,SUGG,0.5,22.629583333333333,temperature
2023-03-13T00:00:00Z,SUGG,0.75,22.623541666666668,temperature
2023-03-13T00:00:00Z,SUGG,1,22.605625,temperature
2023-03-14T00:00:00Z,SUGG,0,21.781041666666667,temperature
2023-03-14T00:00:00Z,SUGG,0.25,21.796458333333337,temperature
2023-03-14T00:00:00Z,SUGG,0.5,21.788125,temperature
2023-03-14T00:00:00Z,SUGG,0.75,21.778333333333332,temperature
2023-03-14T00:00:00Z,SUGG,1,21.760208333333335,temperature
2023-03-15T00:00:00Z,SUGG,0,20.624583333333337,temperature
2023-03-15T00:00:00Z,SUGG,0.25,20.6475,temperature
2023-03-15T00:00:00Z,SUGG,0.5,20.633333333333333,temperature
2023-03-15T00:00:00Z,SUGG,0.75,20.61375,temperature
2023-03-15T00:00:00Z,SUGG,1,20.586041666666667,temperature
2023-03-16T00:00:00Z,SUGG,0,20.446875,temperature
2023-03-16T00:00:00Z,SUGG,0.25,20.332708333333333,temperature
2023-03-16T00:00:00Z,SUGG,0.5,20.136875,temperature
2023-03-16T00:00:00Z,SUGG,0.75,19.842291666666668,temperature
2023-03-16T00:00:00Z,SUGG,1,19.5675,temperature
2023-03-17T00:00:00Z,SUGG,0,20.80625,temperature
2023-03-17T00:00:00Z,SUGG,0.25,20.810208333333332,temperature
2023-03-17T00:00:00Z,SUGG,0.5,20.779375,temperature
2023-03-17T00:00:00Z,SUGG,0.75,20.494375,temperature
2023-03-17T00:00:00Z,SUGG,1,20.023125,temperature
2023-03-18T00:00:00Z,SUGG,0,20.641666666666666,temperature
2023-03-18T00:00:00Z,SUGG,0.25,20.653541666666666,temperature
2023-03-18T00:00:00Z,SUGG,0.5,20.653125,temperature
2023-03-18T00:00:00Z,SUGG,0.75,20.651458333333338,temperature
2023-03-18T00:00:00Z,SUGG,1,20.646458333333335,temperature
2023-03-19T00:00:00Z,SUGG,0,19.657083333333333,temperature
2023-03-19T00:00:00Z,SUGG,0.25,19.671666666666667,temperature
2023-03-19T00:00:00Z,SUGG,0.5,19.657291666666666,temperature
2023-03-19T00:00:00Z,SUGG,0.75,19.640625,temperature
2023-03-19T00:00:00Z,SUGG,1,19.61625,temperature
2023-03-20T00:00:00Z,SUGG,0,19.149375,temperature
2023-03-20T00:00:00Z,SUGG,0.25,19.167916666666667,temperature
2023-03-20T00:00:00Z,SUGG,0.5,19.15625,temperature
2023-03-20T00:00:00Z,SUGG,0.75,19.139583333333334,temperature
2023-03-20T00:00:00Z,SUGG,1,19.1175,temperature
2023-03-21T00:00:00Z,SUGG,0,18.608541666666667,temperature
2023-03-21T00:00:00Z,SUGG,0.25,18.622708333333332,temperature
2023-03-21T00:00:00Z,SUGG,0.5,18.61895833333333,temperature
2023-03-21T00:00:00Z,SUGG,0.75,18.611666666666668,temperature
2023-03-21T00:00:00Z,SUGG,1,18.598333333333333,temperature
2023-03-22T00:00:00Z,SUGG,0,20.004791666666662,temperature
2023-03-22T00:00:00Z,SUGG,0.25,19.74,temperature
2023-03-22T00:00:00Z,SUGG,0.5,19.368333333333332,temperature
2023-03-22T00:00:00Z,SUGG,0.75,19.086458333333333,temperature
2023-03-22T00:00:00Z,SUGG,1,18.82125,temperature
2023-03-23T00:00:00Z,SUGG,0,22.228297872340427,temperature
2023-03-23T00:00:00Z,SUGG,0.25,21.878297872340426,temperature
2023-03-23T00:00:00Z,SUGG,0.5,21.143617021276597,temperature
2023-03-23T00:00:00Z,SUGG,0.75,20.474042553191488,temperature
2023-03-23T00:00:00Z,SUGG,1,19.453191489361704,temperature
2023-03-24T00:00:00Z,SUGG,0,23.31,temperature
2023-03-24T00:00:00Z,SUGG,0.25,23.170208333333335,temperature
2023-03-24T00:00:00Z,SUGG,0.5,22.815,temperature
2023-03-24T00:00:00Z,SUGG,0.75,22.195833333333333,temperature
2023-03-24T00:00:00Z,SUGG,1,20.215833333333332,temperature
2023-03-25T00:00:00Z,SUGG,0,24.079375,temperature
2023-03-25T00:00:00Z,SUGG,0.25,24.050416666666667,temperature
2023-03-25T00:00:00Z,SUGG,0.5,23.984166666666667,temperature
2023-03-25T00:00:00Z,SUGG,0.75,23.48625,temperature
2023-03-25T00:00:00Z,SUGG,1,21.866875,temperature
2023-03-26T00:00:00Z,SUGG,0,24.793541666666663,temperature
2023-03-26T00:00:00Z,SUGG,0.25,24.779791666666668,temperature
2023-03-26T00:00:00Z,SUGG,0.5,24.74875,temperature
2023-03-26T00:00:00Z,SUGG,0.75,24.684166666666663,temperature
2023-03-26T00:00:00Z,SUGG,1,23.420833333333334,temperature
2023-03-27T00:00:00Z,SUGG,0,25.821875,temperature
2023-03-27T00:00:00Z,SUGG,0.25,25.810208333333332,temperature
2023-03-27T00:00:00Z,SUGG,0.5,25.77625,temperature
2023-03-27T00:00:00Z,SUGG,0.75,25.716875,temperature
2023-03-27T00:00:00Z,SUGG,1,24.706875,temperature
2023-03-28T00:00:00Z,SUGG,0,26.254375,temperature
2023-03-28T00:00:00Z,SUGG,0.25,26.227291666666662,temperature
2023-03-28T00:00:00Z,SUGG,0.5,26.1725,temperature
2023-03-28T00:00:00Z,SUGG,0.75,26.109166666666667,temperature
2023-03-28T00:00:00Z,SUGG,1,25.087083333333332,temperature
2023-03-29T00:00:00Z,SUGG,0,24.914375,temperature
2023-03-29T00:00:00Z,SUGG,0.25,24.924166666666668,temperature
2023-03-29T00:00:00Z,SUGG,0.5,24.8925,temperature
2023-03-29T00:00:00Z,SUGG,0.75,24.790416666666665,temperature
2023-03-29T00:00:00Z,SUGG,1,24.536458333333332,temperature
2023-03-30T00:00:00Z,SUGG,0,23.715208333333333,temperature
2023-03-30T00:00:00Z,SUGG,0.25,23.718541666666667,temperature
2023-03-30T00:00:00Z,SUGG,0.5,23.69375,temperature
2023-03-30T00:00:00Z,SUGG,0.75,23.648541666666667,temperature
2023-03-30T00:00:00Z,SUGG,1,23.565,temperature
2023-03-31T00:00:00Z,SUGG,0,23.68875,temperature
2023-03-31T00:00:00Z,SUGG,0.25,23.683125,temperature
2023-03-31T00:00:00Z,SUGG,0.5,23.658958333333334,temperature
2023-03-31T00:00:00Z,SUGG,0.75,23.608541666666667,temperature
2023-03-31T00:00:00Z,SUGG,1,23.451666666666668,temperature
2023-04-01T00:00:00Z,SUGG,0,24.1975,temperature
2023-04-01T00:00:00Z,SUGG,0.25,24.198958333333337,temperature
2023-04-01T00:00:00Z,SUGG,0.5,24.190416666666668,temperature
2023-04-01T00:00:00Z,SUGG,0.75,24.155,temperature
2023-04-01T00:00:00Z,SUGG,1,24.006875,temperature
2023-04-02T00:00:00Z,SUGG,0,25.156875,temperature
2023-04-02T00:00:00Z,SUGG,0.25,25.080625,temperature
2023-04-02T00:00:00Z,SUGG,0.5,24.972291666666667,temperature
2023-04-02T00:00:00Z,SUGG,0.75,24.82125,temperature
2023-04-02T00:00:00Z,SUGG,1,24.50625,temperature
2023-04-03T00:00:00Z,SUGG,0,25.994791666666668,temperature
2023-04-03T00:00:00Z,SUGG,0.25,25.909791666666667,temperature
2023-04-03T00:00:00Z,SUGG,0.5,25.64666666666667,temperature
2023-04-03T00:00:00Z,SUGG,0.75,25.12375,temperature
2023-04-03T00:00:00Z,SUGG,1,24.484375,temperature
2023-04-04T00:00:00Z,SUGG,0,26.739791666666665,temperature
2023-04-04T00:00:00Z,SUGG,0.25,25.804791666666667,temperature
2023-04-04T00:00:00Z,SUGG,0.5,25.417083333333338,temperature
2023-04-04T00:00:00Z,SUGG,0.75,25.08395833333333,temperature
2023-04-04T00:00:00Z,SUGG,1,24.5375,temperature
2023-04-05T00:00:00Z,SUGG,0,26.661162790697674,temperature
2023-04-05T00:00:00Z,SUGG,0.25,26.615116279069767,temperature
2023-04-05T00:00:00Z,SUGG,0.5,26.225581395348836,temperature
2023-04-05T00:00:00Z,SUGG,0.75,25.68232558139535,temperature
2023-04-05T00:00:00Z,SUGG,1,24.735116279069768,temperature
2023-04-06T00:00:00Z,SUGG,0,27.299375,temperature
2023-04-06T00:00:00Z,SUGG,0.25,27.160208333333333,temperature
2023-04-06T00:00:00Z,SUGG,0.5,26.83625,temperature
2023-04-06T00:00:00Z,SUGG,0.75,26.376666666666665,temperature
2023-04-06T00:00:00Z,SUGG,1,25.453333333333333,temperature
2023-04-07T00:00:00Z,SUGG,0,27.826041666666665,temperature
2023-04-07T00:00:00Z,SUGG,0.25,27.478297872340427,temperature
2023-04-07T00:00:00Z,SUGG,0.5,27.132083333333338,temperature
2023-04-07T00:00:00Z,SUGG,0.75,26.70125,temperature
2023-04-07T00:00:00Z,SUGG,1,25.733125,temperature
2023-04-08T00:00:00Z,SUGG,0,27.399583333333332,temperature
2023-04-08T00:00:00Z,SUGG,0.25,27.400416666666665,temperature
2023-04-08T00:00:00Z,SUGG,0.5,27.335208333333338,temperature
2023-04-08T00:00:00Z,SUGG,0.75,27.117916666666662,temperature
2023-04-08T00:00:00Z,SUGG,1,26.150625,temperature
2023-04-09T00:00:00Z,SUGG,0,24.845208333333332,temperature
2023-04-09T00:00:00Z,SUGG,0.25,24.875416666666663,temperature
2023-04-09T00:00:00Z,SUGG,0.5,24.881666666666668,temperature
2023-04-09T00:00:00Z,SUGG,0.75,24.875416666666663,temperature
2023-04-09T00:00:00Z,SUGG,1,24.74125,temperature
2023-04-10T00:00:00Z,SUGG,0,22.481875,temperature
2023-04-10T00:00:00Z,SUGG,0.25,22.497708333333332,temperature
2023-04-10T00:00:00Z,SUGG,0.5,22.5,temperature
2023-04-10T00:00:00Z,SUGG,0.75,22.499791666666667,temperature
2023-04-10T00:00:00Z,SUGG,1,22.495,temperature
2023-04-11T00:00:00Z,SUGG,0,22.034791666666667,temperature
2023-04-11T00:00:00Z,SUGG,0.25,22.043333333333333,temperature
2023-04-11T00:00:00Z,SUGG,0.5,22.036875,temperature
2023-04-11T00:00:00Z,SUGG,0.75,22.027291666666667,temperature
2023-04-11T00:00:00Z,SUGG,1,22.015,temperature
2023-04-12T00:00:00Z,SUGG,0,22.016875,temperature
2023-04-12T00:00:00Z,SUGG,0.25,22.028541666666666,temperature
2023-04-12T00:00:00Z,SUGG,0.5,22.025625,temperature
2023-04-12T00:00:00Z,SUGG,0.75,22.02125,temperature
2023-04-12T00:00:00Z,SUGG,1,22.011666666666667,temperature
2023-04-13T00:00:00Z,SUGG,0,22.927083333333332,temperature
2023-04-13T00:00:00Z,SUGG,0.25,22.634375,temperature
2023-04-13T00:00:00Z,SUGG,0.5,22.455833333333334,temperature
2023-04-13T00:00:00Z,SUGG,0.75,22.321875,temperature
2023-04-13T00:00:00Z,SUGG,1,22.184791666666666,temperature
2023-04-14T00:00:00Z,SUGG,0,23.876041666666666,temperature
2023-04-14T00:00:00Z,SUGG,0.25,23.810833333333335,temperature
2023-04-14T00:00:00Z,SUGG,0.5,23.671458333333337,temperature
2023-04-14T00:00:00Z,SUGG,0.75,23.553958333333338,temperature
2023-04-14T00:00:00Z,SUGG,1,23.373541666666668,temperature
2023-04-15T00:00:00Z,SUGG,0,25.910833333333333,temperature
2023-04-15T00:00:00Z,SUGG,0.25,25.349166666666665,temperature
2023-04-15T00:00:00Z,SUGG,0.5,24.9025,temperature
2023-04-15T00:00:00Z,SUGG,0.75,24.172083333333333,temperature
2023-04-15T00:00:00Z,SUGG,1,23.97,temperature
2023-04-16T00:00:00Z,SUGG,0,26.307916666666667,temperature
2023-04-16T00:00:00Z,SUGG,0.25,26.179375,temperature
2023-04-16T00:00:00Z,SUGG,0.5,25.628958333333333,temperature
2023-04-16T00:00:00Z,SUGG,0.75,25.077291666666667,temperature
2023-04-16T00:00:00Z,SUGG,1,24.447083333333335,temperature
2023-04-17T00:00:00Z,SUGG,0,25.668541666666663,temperature
2023-04-17T00:00:00Z,SUGG,0.25,25.665416666666665,temperature
2023-04-17T00:00:00Z,SUGG,0.5,25.56125,temperature
2023-04-17T00:00:00Z,SUGG,0.75,25.36145833333333,temperature
2023-04-17T00:00:00Z,SUGG,1,24.893333333333334,temperature
2023-04-18T00:00:00Z,SUGG,0,24.446875,temperature
2023-04-18T00:00:00Z,SUGG,0.25,24.432291666666668,temperature
2023-04-18T00:00:00Z,SUGG,0.5,24.370833333333337,temperature
2023-04-18T00:00:00Z,SUGG,0.75,24.262291666666663,temperature
2023-04-18T00:00:00Z,SUGG,1,24.083333333333332,temperature
2023-04-19T00:00:00Z,SUGG,0,24.063125,temperature
2023-04-19T00:00:00Z,SUGG,0.25,24.014375,temperature
2023-04-19T00:00:00Z,SUGG,0.5,23.968333333333337,temperature
2023-04-19T00:00:00Z,SUGG,0.75,23.906666666666663,temperature
2023-04-19T00:00:00Z,SUGG,1,23.841666666666665,temperature
2023-04-20T00:00:00Z,SUGG,0,23.812391304347827,temperature
2023-04-20T00:00:00Z,SUGG,0.25,23.807391304347828,temperature
2023-04-20T00:00:00Z,SUGG,0.5,23.775434782608695,temperature
2023-04-20T00:00:00Z,SUGG,0.75,23.74195652173913,temperature
2023-04-20T00:00:00Z,SUGG,1,23.70173913043478,temperature
2023-04-21T00:00:00Z,SUGG,0,24.40020833333333,temperature
2023-04-21T00:00:00Z,SUGG,0.25,24.282083333333333,temperature
2023-04-21T00:00:00Z,SUGG,0.5,24.120833333333337,temperature
2023-04-21T00:00:00Z,SUGG,0.75,24.01125,temperature
2023-04-21T00:00:00Z,SUGG,1,23.904375,temperature
2023-04-22T00:00:00Z,SUGG,0,25.87625,temperature
2023-04-22T00:00:00Z,SUGG,0.25,25.693125,temperature
2023-04-22T00:00:00Z,SUGG,0.5,25.32625,temperature
2023-04-22T00:00:00Z,SUGG,0.75,24.421041666666667,temperature
2023-04-22T00:00:00Z,SUGG,1,24.129583333333333,temperature
2023-04-23T00:00:00Z,SUGG,0,25.154166666666665,temperature
2023-04-23T00:00:00Z,SUGG,0.25,25.1225,temperature
2023-04-23T00:00:00Z,SUGG,0.5,24.813541666666666,temperature
2023-04-23T00:00:00Z,SUGG,0.75,24.492708333333333,temperature
2023-04-23T00:00:00Z,SUGG,1,24.288541666666667,temperature
2023-04-24T00:00:00Z,SUGG,0,24.444166666666668,temperature
2023-04-24T00:00:00Z,SUGG,0.25,24.456875,temperature
2023-04-24T00:00:00Z,SUGG,0.5,24.44875,temperature
2023-04-24T00:00:00Z,SUGG,0.75,24.432916666666667,temperature
2023-04-24T00:00:00Z,SUGG,1,24.396041666666665,temperature
2023-04-25T00:00:00Z,SUGG,0,24.20125,temperature
2023-04-25T00:00:00Z,SUGG,0.25,24.19375,temperature
2023-04-25T00:00:00Z,SUGG,0.5,24.146041666666665,temperature
2023-04-25T00:00:00Z,SUGG,0.75,24.053541666666668,temperature
2023-04-25T00:00:00Z,SUGG,1,23.952916666666667,temperature
2023-04-26T00:00:00Z,SUGG,0,24.909166666666668,temperature
2023-04-26T00:00:00Z,SUGG,0.25,24.86916666666667,temperature
2023-04-26T00:00:00Z,SUGG,0.5,24.76354166666667,temperature
2023-04-26T00:00:00Z,SUGG,0.75,24.598958333333332,temperature
2023-04-26T00:00:00Z,SUGG,1,24.302291666666665,temperature
2023-04-27T00:00:00Z,SUGG,0,25.471041666666668,temperature
2023-04-27T00:00:00Z,SUGG,0.25,25.459375,temperature
2023-04-27T00:00:00Z,SUGG,0.5,25.420416666666668,temperature
2023-04-27T00:00:00Z,SUGG,0.75,25.342708333333334,temperature
2023-04-27T00:00:00Z,SUGG,1,25.029791666666668,temperature
2023-04-28T00:00:00Z,SUGG,0,25.001875,temperature
2023-04-28T00:00:00Z,SUGG,0.25,24.98875,temperature
2023-04-28T00:00:00Z,SUGG,0.5,24.966666666666665,temperature
2023-04-28T00:00:00Z,SUGG,0.75,24.944791666666667,temperature
2023-04-28T00:00:00Z,SUGG,1,24.91875,temperature
2023-04-29T00:00:00Z,SUGG,0,25.733125,temperature
2023-04-29T00:00:00Z,SUGG,0.25,25.717291666666668,temperature
2023-04-29T00:00:00Z,SUGG,0.5,25.657083333333333,temperature
2023-04-29T00:00:00Z,SUGG,0.75,25.57125,temperature
2023-04-29T00:00:00Z,SUGG,1,25.452708333333337,temperature
2023-04-30T00:00:00Z,SUGG,0,25.188541666666666,temperature
2023-04-30T00:00:00Z,SUGG,0.25,25.200416666666666,temperature
2023-04-30T00:00:00Z,SUGG,0.5,25.196875,temperature
2023-04-30T00:00:00Z,SUGG,0.75,25.188333333333333,temperature
2023-04-30T00:00:00Z,SUGG,1,25.16875,temperature
2023-05-01T00:00:00Z,SUGG,0,24.81125,temperature
2023-05-01T00:00:00Z,SUGG,0.25,24.818958333333335,temperature
2023-05-01T00:00:00Z,SUGG,0.5,24.814166666666665,temperature
2023-05-01T00:00:00Z,SUGG,0.75,24.807291666666668,temperature
2023-05-01T00:00:00Z,SUGG,1,24.797708333333333,temperature
2023-05-02T00:00:00Z,SUGG,0,24.99148936170213,temperature
2023-05-02T00:00:00Z,SUGG,0.25,24.98851063829787,temperature
2023-05-02T00:00:00Z,SUGG,0.5,24.974042553191488,temperature
2023-05-02T00:00:00Z,SUGG,0.75,24.95595744680851,temperature
2023-05-02T00:00:00Z,SUGG,1,24.938085106382974,temperature
2023-05-03T00:00:00Z,SUGG,0,24.754375,temperature
2023-05-03T00:00:00Z,SUGG,0.25,24.763333333333332,temperature
2023-05-03T00:00:00Z,SUGG,0.5,24.757916666666667,temperature
2023-05-03T00:00:00Z,SUGG,0.75,24.747708333333332,temperature
2023-05-03T00:00:00Z,SUGG,1,24.722916666666663,temperature
2023-05-04T00:00:00Z,SUGG,0,25.61520833333333,temperature
2023-05-04T00:00:00Z,SUGG,0.25,25.446875,temperature
2023-05-04T00:00:00Z,SUGG,0.5,25.06625,temperature
2023-05-04T00:00:00Z,SUGG,0.75,24.548510638297873,temperature
2023-05-04T00:00:00Z,SUGG,1,24.37666666666667,temperature
2023-05-05T00:00:00Z,SUGG,0,25.740625,temperature
2023-05-05T00:00:00Z,SUGG,0.25,25.699166666666667,temperature
2023-05-05T00:00:00Z,SUGG,0.5,25.561041666666664,temperature
2023-05-05T00:00:00Z,SUGG,0.75,25.007916666666667,temperature
2023-05-05T00:00:00Z,SUGG,1,24.515833333333333,temperature
2023-05-06T00:00:00Z,SUGG,0,25.27,temperature
2023-05-06T00:00:00Z,SUGG,0.25,25.273125,temperature
2023-05-06T00:00:00Z,SUGG,0.5,25.255,temperature
2023-05-06T00:00:00Z,SUGG,0.75,25.18625,temperature
2023-05-06T00:00:00Z,SUGG,1,25.093333333333337,temperature
2023-05-07T00:00:00Z,SUGG,0,25.14625,temperature
2023-05-07T00:00:00Z,SUGG,0.25,25.135625,temperature
2023-05-07T00:00:00Z,SUGG,0.5,25.105208333333337,temperature
2023-05-07T00:00:00Z,SUGG,0.75,25.062291666666667,temperature
2023-05-07T00:00:00Z,SUGG,1,24.907083333333333,temperature
2023-05-08T00:00:00Z,SUGG,0,26.583125,temperature
2023-05-08T00:00:00Z,SUGG,0.25,26.07565217391304,temperature
2023-05-08T00:00:00Z,SUGG,0.5,25.474791666666665,temperature
2023-05-08T00:00:00Z,SUGG,0.75,25.002916666666668,temperature
2023-05-08T00:00:00Z,SUGG,1,24.84875,temperature
2023-05-09T00:00:00Z,SUGG,0,27.864583333333332,temperature
2023-05-09T00:00:00Z,SUGG,0.25,27.797916666666666,temperature
2023-05-09T00:00:00Z,SUGG,0.5,27.078333333333333,temperature
2023-05-09T00:00:00Z,SUGG,0.75,25.914166666666667,temperature
2023-05-09T00:00:00Z,SUGG,1,24.997083333333332,temperature
2023-05-10T00:00:00Z,SUGG,0,28.29340425531915,temperature
2023-05-10T00:00:00Z,SUGG,0.25,27.783958333333334,temperature
2023-05-10T00:00:00Z,SUGG,0.5,27.338333333333335,temperature
2023-05-10T00:00:00Z,SUGG,0.75,26.405416666666667,temperature
2023-05-10T00:00:00Z,SUGG,1,25.461041666666667,temperature
2023-05-11T00:00:00Z,SUGG,0,27.715625,temperature
2023-05-11T00:00:00Z,SUGG,0.25,27.65,temperature
2023-05-11T00:00:00Z,SUGG,0.5,27.36895833333333,temperature
2023-05-11T00:00:00Z,SUGG,0.75,27.028333333333332,temperature
2023-05-11T00:00:00Z,SUGG,1,26.076666666666668,temperature
2023-05-12T00:00:00Z,SUGG,0,28.153333333333332,temperature
2023-05-12T00:00:00Z,SUGG,0.25,27.992708333333333,temperature
2023-05-12T00:00:00Z,SUGG,0.5,27.621702127659574,temperature
2023-05-12T00:00:00Z,SUGG,0.75,27.251702127659573,temperature
2023-05-12T00:00:00Z,SUGG,1,26.632708333333333,temperature
2023-05-13T00:00:00Z,SUGG,0,28.495,temperature
2023-05-13T00:00:00Z,SUGG,0.25,27.964375,temperature
2023-05-13T00:00:00Z,SUGG,0.5,27.562127659574468,temperature
2023-05-13T00:00:00Z,SUGG,0.75,27.30375,temperature
2023-05-13T00:00:00Z,SUGG,1,26.937291666666667,temperature
2023-05-14T00:00:00Z,SUGG,0,28.852916666666665,temperature
2023-05-14T00:00:00Z,SUGG,0.25,28.289787234042553,temperature
2023-05-14T00:00:00Z,SUGG,0.5,27.892291666666665,temperature
2023-05-14T00:00:00Z,SUGG,0.75,27.465208333333333,temperature
2023-05-14T00:00:00Z,SUGG,1,26.798333333333332,temperature
2023-05-15T00:00:00Z,SUGG,0,28.33,temperature
2023-05-15T00:00:00Z,SUGG,0.25,28.262083333333333,temperature
2023-05-15T00:00:00Z,SUGG,0.5,28.076875,temperature
2023-05-15T00:00:00Z,SUGG,0.75,27.633541666666662,temperature
2023-05-15T00:00:00Z,SUGG,1,26.93,temperature
2023-05-16T00:00:00Z,SUGG,0,29.29083333333333,temperature
2023-05-16T00:00:00Z,SUGG,0.25,28.493333333333332,temperature
2023-05-16T00:00:00Z,SUGG,0.5,27.81416666666667,temperature
2023-05-16T00:00:00Z,SUGG,0.75,27.432291666666668,temperature
2023-05-16T00:00:00Z,SUGG,1,27.088333333333335,temperature
2023-05-17T00:00:00Z,SUGG,0,29.255,temperature
2023-05-17T00:00:00Z,SUGG,0.25,29.174166666666668,temperature
2023-05-17T00:00:00Z,SUGG,0.5,28.780833333333337,temperature
2023-05-17T00:00:00Z,SUGG,0.75,28.137916666666666,temperature
2023-05-17T00:00:00Z,SUGG,1,27.666041666666665,temperature
2023-05-18T00:00:00Z,SUGG,0,29.224255319148934,temperature
2023-05-18T00:00:00Z,SUGG,0.25,28.868936170212766,temperature
2023-05-18T00:00:00Z,SUGG,0.5,28.583191489361703,temperature
2023-05-18T00:00:00Z,SUGG,0.75,28.42234042553191,temperature
2023-05-18T00:00:00Z,SUGG,1,28.15872340425532,temperature
2023-05-19T00:00:00Z,SUGG,0,29.446041666666662,temperature
2023-05-19T00:00:00Z,SUGG,0.25,29.183829787234043,temperature
2023-05-19T00:00:00Z,SUGG,0.5,28.867708333333333,temperature
2023-05-19T00:00:00Z,SUGG,0.75,28.351458333333333,temperature
2023-05-19T00:00:00Z,SUGG,1,27.91125,temperature
2023-05-20T00:00:00Z,SUGG,0,29.833333333333332,temperature
2023-05-20T00:00:00Z,SUGG,0.25,29.664791666666662,temperature
2023-05-20T00:00:00Z,SUGG,0.5,29.347234042553193,temperature
2023-05-20T00:00:00Z,SUGG,0.75,28.800625,temperature
2023-05-20T00:00:00Z,SUGG,1,28.1,temperature
2023-05-21T00:00:00Z,SUGG,0,30.766875,temperature
2023-05-21T00:00:00Z,SUGG,0.25,30.066739130434783,temperature
2023-05-21T00:00:00Z,SUGG,0.5,29.30645833333333,temperature
2023-05-21T00:00:00Z,SUGG,0.75,29.003125,temperature
2023-05-21T00:00:00Z,SUGG,1,28.371458333333333,temperature
2023-05-22T00:00:00Z,SUGG,0,29.113958333333333,temperature
2023-05-22T00:00:00Z,SUGG,0.25,28.722916666666663,temperature
2023-05-22T00:00:00Z,SUGG,0.5,28.498541666666668,temperature
2023-05-22T00:00:00Z,SUGG,0.75,28.316666666666663,temperature
2023-05-22T00:00:00Z,SUGG,1,28.176041666666663,temperature
2023-05-23T00:00:00Z,SUGG,0,27.946666666666665,temperature
2023-05-23T00:00:00Z,SUGG,0.25,27.919583333333332,temperature
2023-05-23T00:00:00Z,SUGG,0.5,27.824375,temperature
2023-05-23T00:00:00Z,SUGG,0.75,27.743541666666665,temperature
2023-05-23T00:00:00Z,SUGG,1,27.611041666666665,temperature
2023-05-24T00:00:00Z,SUGG,0,27.429583333333333,temperature
2023-05-24T00:00:00Z,SUGG,0.25,27.441041666666667,temperature
2023-05-24T00:00:00Z,SUGG,0.5,27.436666666666667,temperature
2023-05-24T00:00:00Z,SUGG,0.75,27.425,temperature
2023-05-24T00:00:00Z,SUGG,1,27.408541666666668,temperature
2023-05-25T00:00:00Z,SUGG,0,27.192916666666665,temperature
2023-05-25T00:00:00Z,SUGG,0.25,27.200833333333332,temperature
2023-05-25T00:00:00Z,SUGG,0.5,27.183125,temperature
2023-05-25T00:00:00Z,SUGG,0.75,27.148541666666667,temperature
2023-05-25T00:00:00Z,SUGG,1,27.10125,temperature
2023-05-26T00:00:00Z,SUGG,0,26.586458333333333,temperature
2023-05-26T00:00:00Z,SUGG,0.25,26.6075,temperature
2023-05-26T00:00:00Z,SUGG,0.5,26.610625,temperature
2023-05-26T00:00:00Z,SUGG,0.75,26.611458333333335,temperature
2023-05-26T00:00:00Z,SUGG,1,26.611458333333335,temperature
2023-05-27T00:00:00Z,SUGG,0,25.412083333333335,temperature
2023-05-27T00:00:00Z,SUGG,0.25,25.421875,temperature
2023-05-27T00:00:00Z,SUGG,0.5,25.413125,temperature
2023-05-27T00:00:00Z,SUGG,0.75,25.400416666666665,temperature
2023-05-27T00:00:00Z,SUGG,1,25.388958333333335,temperature
2023-05-28T00:00:00Z,SUGG,0,25.843125,temperature
2023-05-28T00:00:00Z,SUGG,0.25,25.763958333333335,temperature
2023-05-28T00:00:00Z,SUGG,0.5,25.612916666666667,temperature
2023-05-28T00:00:00Z,SUGG,0.75,25.3025,temperature
2023-05-28T00:00:00Z,SUGG,1,25.007083333333338,temperature
2023-05-29T00:00:00Z,SUGG,0,27.3075,temperature
2023-05-29T00:00:00Z,SUGG,0.25,27.198333333333338,temperature
2023-05-29T00:00:00Z,SUGG,0.5,26.969375,temperature
2023-05-29T00:00:00Z,SUGG,0.75,26.058333333333337,temperature
2023-05-29T00:00:00Z,SUGG,1,25.214375,temperature
2023-05-30T00:00:00Z,SUGG,0,28.02212765957447,temperature
2023-05-30T00:00:00Z,SUGG,0.25,27.78936170212766,temperature
2023-05-30T00:00:00Z,SUGG,0.5,27.319574468085108,temperature
2023-05-30T00:00:00Z,SUGG,0.75,26.39276595744681,temperature
2023-05-30T00:00:00Z,SUGG,1,25.47127659574468,temperature
2023-05-31T00:00:00Z,SUGG,0,27.8075,temperature
2023-05-31T00:00:00Z,SUGG,0.25,27.761458333333337,temperature
2023-05-31T00:00:00Z,SUGG,0.5,27.474375,temperature
2023-05-31T00:00:00Z,SUGG,0.75,26.955416666666668,temperature
2023-05-31T00:00:00Z,SUGG,1,26.04282608695652,temperature
2023-06-01T00:00:00Z,SUGG,0,27.385,temperature
2023-06-01T00:00:00Z,SUGG,0.25,27.373541666666668,temperature
2023-06-01T00:00:00Z,SUGG,0.5,27.336875,temperature
2023-06-01T00:00:00Z,SUGG,0.75,27.27166666666667,temperature
2023-06-01T00:00:00Z,SUGG,1,27.022291666666668,temperature
2023-06-02T00:00:00Z,SUGG,0,27.435833333333335,temperature
2023-06-02T00:00:00Z,SUGG,0.25,27.4325,temperature
2023-06-02T00:00:00Z,SUGG,0.5,27.398541666666667,temperature
2023-06-02T00:00:00Z,SUGG,0.75,27.341041666666666,temperature
2023-06-02T00:00:00Z,SUGG,1,27.207083333333333,temperature
2023-06-03T00:00:00Z,SUGG,0,27.8,temperature
2023-06-03T00:00:00Z,SUGG,0.25,27.767708333333335,temperature
2023-06-03T00:00:00Z,SUGG,0.5,27.68145833333333,temperature
2023-06-03T00:00:00Z,SUGG,0.75,27.459583333333335,temperature
2023-06-03T00:00:00Z,SUGG,1,27.249375,temperature
2023-06-04T00:00:00Z,SUGG,0,27.692708333333332,temperature
2023-06-04T00:00:00Z,SUGG,0.25,27.698541666666667,temperature
2023-06-04T00:00:00Z,SUGG,0.5,27.683541666666667,temperature
2023-06-04T00:00:00Z,SUGG,0.75,27.640208333333337,temperature
2023-06-04T00:00:00Z,SUGG,1,27.515416666666667,temperature
2023-06-05T00:00:00Z,SUGG,0,27.15375,temperature
2023-06-05T00:00:00Z,SUGG,0.25,27.155,temperature
2023-06-05T00:00:00Z,SUGG,0.5,27.137083333333333,temperature
2023-06-05T00:00:00Z,SUGG,0.75,27.102083333333333,temperature
2023-06-05T00:00:00Z,SUGG,1,27.047708333333333,temperature
2023-06-06T00:00:00Z,SUGG,0,32.446666666666665,temperature
2023-06-06T00:00:00Z,SUGG,0.25,31.625,temperature
2023-06-06T00:00:00Z,SUGG,0.5,28.373333333333335,temperature
2023-06-06T00:00:00Z,SUGG,0.75,27.416666666666664,temperature
2023-06-06T00:00:00Z,SUGG,1,26.976666666666667,temperature
2023-06-07T00:00:00Z,SUGG,0,29.33590909090909,temperature
2023-06-07T00:00:00Z,SUGG,0.25,29.068409090909093,temperature
2023-06-07T00:00:00Z,SUGG,0.5,28.57272727272727,temperature
2023-06-07T00:00:00Z,SUGG,0.75,27.89590909090909,temperature
2023-06-07T00:00:00Z,SUGG,1,27.159318181818183,temperature
2023-06-08T00:00:00Z,SUGG,0,28.830833333333334,temperature
2023-06-08T00:00:00Z,SUGG,0.25,28.806041666666665,temperature
2023-06-08T00:00:00Z,SUGG,0.5,28.7425,temperature
2023-06-08T00:00:00Z,SUGG,0.75,28.520416666666662,temperature
2023-06-08T00:00:00Z,SUGG,1,27.891489361702128,temperature
2023-06-09T00:00:00Z,SUGG,0,28.97875,temperature
2023-06-09T00:00:00Z,SUGG,0.25,28.891458333333333,temperature
2023-06-09T00:00:00Z,SUGG,0.5,28.765208333333337,temperature
2023-06-09T00:00:00Z,SUGG,0.75,28.6,temperature
2023-06-09T00:00:00Z,SUGG,1,28.204375,temperature
2023-06-10T00:00:00Z,SUGG,0,29.280425531914897,temperature
2023-06-10T00:00:00Z,SUGG,0.25,28.377021276595745,temperature
2023-06-10T00:00:00Z,SUGG,0.5,27.903541666666666,temperature
2023-06-10T00:00:00Z,SUGG,0.75,27.664166666666667,temperature
2023-06-10T00:00:00Z,SUGG,1,27.472708333333333,temperature
2023-06-11T00:00:00Z,SUGG,0,30.269791666666663,temperature
2023-06-11T00:00:00Z,SUGG,0.25,29.842916666666667,temperature
2023-06-11T00:00:00Z,SUGG,0.5,28.903958333333332,temperature
2023-06-11T00:00:00Z,SUGG,0.75,28.230833333333333,temperature
2023-06-11T00:00:00Z,SUGG,1,27.69375,temperature
2023-06-12T00:00:00Z,SUGG,0,29.775,temperature
2023-06-12T00:00:00Z,SUGG,0.25,29.76,temperature
2023-06-12T00:00:00Z,SUGG,0.5,29.675833333333333,temperature
2023-06-12T00:00:00Z,SUGG,0.75,29.284791666666667,temperature
2023-06-12T00:00:00Z,SUGG,1,28.65020833333333,temperature
2023-06-13T00:00:00Z,SUGG,0,29.713333333333335,temperature
2023-06-13T00:00:00Z,SUGG,0.25,29.706666666666667,temperature
2023-06-13T00:00:00Z,SUGG,0.5,29.68625,temperature
2023-06-13T00:00:00Z,SUGG,0.75,29.645416666666662,temperature
2023-06-13T00:00:00Z,SUGG,1,29.425208333333337,temperature
2023-06-14T00:00:00Z,SUGG,0,30.25208333333333,temperature
2023-06-14T00:00:00Z,SUGG,0.25,30.243125,temperature
2023-06-14T00:00:00Z,SUGG,0.5,30.213958333333338,temperature
2023-06-14T00:00:00Z,SUGG,0.75,30.155625,temperature
2023-06-14T00:00:00Z,SUGG,1,30.070416666666667,temperature
2023-06-15T00:00:00Z,SUGG,0,29.115833333333335,temperature
2023-06-15T00:00:00Z,SUGG,0.25,29.126458333333332,temperature
2023-06-15T00:00:00Z,SUGG,0.5,29.120416666666667,temperature
2023-06-15T00:00:00Z,SUGG,0.75,29.103958333333335,temperature
2023-06-15T00:00:00Z,SUGG,1,29.074791666666663,temperature
2023-06-16T00:00:00Z,SUGG,0,27.760625,temperature
2023-06-16T00:00:00Z,SUGG,0.25,27.764791666666667,temperature
2023-06-16T00:00:00Z,SUGG,0.5,27.75958333333333,temperature
2023-06-16T00:00:00Z,SUGG,0.75,27.746041666666667,temperature
2023-06-16T00:00:00Z,SUGG,1,27.732916666666668,temperature
2023-06-17T00:00:00Z,SUGG,0,28.195833333333333,temperature
2023-06-17T00:00:00Z,SUGG,0.25,28.174375,temperature
2023-06-17T00:00:00Z,SUGG,0.5,28.135833333333338,temperature
2023-06-17T00:00:00Z,SUGG,0.75,28.088125,temperature
2023-06-17T00:00:00Z,SUGG,1,28.049375,temperature
2023-06-18T00:00:00Z,SUGG,0,29.417083333333338,temperature
2023-06-18T00:00:00Z,SUGG,0.25,29.32625,temperature
2023-06-18T00:00:00Z,SUGG,0.5,29.144791666666663,temperature
2023-06-18T00:00:00Z,SUGG,0.75,28.545416666666668,temperature
2023-06-18T00:00:00Z,SUGG,1,28.246041666666667,temperature
2023-06-19T00:00:00Z,SUGG,0,30.773958333333333,temperature
2023-06-19T00:00:00Z,SUGG,0.25,30.729375,temperature
2023-06-19T00:00:00Z,SUGG,0.5,30.624791666666667,temperature
2023-06-19T00:00:00Z,SUGG,0.75,29.997916666666665,temperature
2023-06-19T00:00:00Z,SUGG,1,28.61468085106383,temperature
2023-06-20T00:00:00Z,SUGG,0,29.570833333333333,temperature
2023-06-20T00:00:00Z,SUGG,0.25,29.57208333333333,temperature
2023-06-20T00:00:00Z,SUGG,0.5,29.536666666666665,temperature
2023-06-20T00:00:00Z,SUGG,0.75,29.395,temperature
2023-06-20T00:00:00Z,SUGG,1,28.877708333333334,temperature
2023-06-21T00:00:00Z,SUGG,0,28.453125,temperature
2023-06-21T00:00:00Z,SUGG,0.25,28.459583333333335,temperature
2023-06-21T00:00:00Z,SUGG,0.5,28.453125,temperature
2023-06-21T00:00:00Z,SUGG,0.75,28.44,temperature
2023-06-21T00:00:00Z,SUGG,1,28.428958333333338,temperature
2023-06-22T00:00:00Z,SUGG,0,27.715208333333333,temperature
2023-06-22T00:00:00Z,SUGG,0.25,27.72125,temperature
2023-06-22T00:00:00Z,SUGG,0.5,27.71,temperature
2023-06-22T00:00:00Z,SUGG,0.75,27.692291666666662,temperature
2023-06-22T00:00:00Z,SUGG,1,27.67395833333333,temperature
2023-06-23T00:00:00Z,SUGG,0,27.283125,temperature
2023-06-23T00:00:00Z,SUGG,0.25,27.281875,temperature
2023-06-23T00:00:00Z,SUGG,0.5,27.266875,temperature
2023-06-23T00:00:00Z,SUGG,0.75,27.23875,temperature
2023-06-23T00:00:00Z,SUGG,1,27.216458333333332,temperature
2023-06-24T00:00:00Z,SUGG,0,28.359166666666667,temperature
2023-06-24T00:00:00Z,SUGG,0.25,28.34,temperature
2023-06-24T00:00:00Z,SUGG,0.5,28.299791666666668,temperature
2023-06-24T00:00:00Z,SUGG,0.75,28.239583333333332,temperature
2023-06-24T00:00:00Z,SUGG,1,28.130416666666665,temperature
2023-06-25T00:00:00Z,SUGG,0,29.856666666666666,temperature
2023-06-25T00:00:00Z,SUGG,0.25,29.68375,temperature
2023-06-25T00:00:00Z,SUGG,0.5,29.079166666666666,temperature
2023-06-25T00:00:00Z,SUGG,0.75,28.52125,temperature
2023-06-25T00:00:00Z,SUGG,1,28.249791666666667,temperature
2023-06-26T00:00:00Z,SUGG,0,31.354166666666668,temperature
2023-06-26T00:00:00Z,SUGG,0.25,31.27,temperature
2023-06-26T00:00:00Z,SUGG,0.5,30.995208333333338,temperature
2023-06-26T00:00:00Z,SUGG,0.75,29.318125,temperature
2023-06-26T00:00:00Z,SUGG,1,28.070625,temperature
2023-06-27T00:00:00Z,SUGG,0,31.012083333333333,temperature
2023-06-27T00:00:00Z,SUGG,0.25,30.979166666666668,temperature
2023-06-27T00:00:00Z,SUGG,0.5,30.911041666666662,temperature
2023-06-27T00:00:00Z,SUGG,0.75,30.553958333333338,temperature
2023-06-27T00:00:00Z,SUGG,1,28.679333333333332,temperature
2023-06-28T00:00:00Z,SUGG,0,31.611666666666668,temperature
2023-06-28T00:00:00Z,SUGG,0.25,31.503125,temperature
2023-06-28T00:00:00Z,SUGG,0.5,31.188125,temperature
2023-06-28T00:00:00Z,SUGG,0.75,30.60625,temperature
2023-06-28T00:00:00Z,SUGG,1,29.098333333333333,temperature
2023-06-29T00:00:00Z,SUGG,0,32.428125,temperature
2023-06-29T00:00:00Z,SUGG,0.25,32.261041666666664,temperature
2023-06-29T00:00:00Z,SUGG,0.5,31.78375,temperature
2023-06-29T00:00:00Z,SUGG,0.75,30.621702127659574,temperature
2023-06-29T00:00:00Z,SUGG,1,29.07,temperature
2023-06-30T00:00:00Z,SUGG,0,31.847916666666663,temperature
2023-06-30T00:00:00Z,SUGG,0.25,31.763333333333332,temperature
2023-06-30T00:00:00Z,SUGG,0.5,31.563541666666666,temperature
2023-06-30T00:00:00Z,SUGG,0.75,30.96638297872341,temperature
2023-06-30T00:00:00Z,SUGG,1,29.222708333333333,temperature
2023-07-01T00:00:00Z,SUGG,0,31.728541666666665,temperature
2023-07-01T00:00:00Z,SUGG,0.25,31.386666666666667,temperature
2023-07-01T00:00:00Z,SUGG,0.5,31.006458333333335,temperature
2023-07-01T00:00:00Z,SUGG,0.75,30.77,temperature
2023-07-01T00:00:00Z,SUGG,1,29.815416666666668,temperature
2023-07-02T00:00:00Z,SUGG,0,32.583125,temperature
2023-07-02T00:00:00Z,SUGG,0.25,31.901875,temperature
2023-07-02T00:00:00Z,SUGG,0.5,31.24395833333333,temperature
2023-07-02T00:00:00Z,SUGG,0.75,30.685625,temperature
2023-07-02T00:00:00Z,SUGG,1,29.737083333333334,temperature
2023-07-03T00:00:00Z,SUGG,0,32.66590909090909,temperature
2023-07-03T00:00:00Z,SUGG,0.25,32.392391304347825,temperature
2023-07-03T00:00:00Z,SUGG,0.5,31.586666666666662,temperature
2023-07-03T00:00:00Z,SUGG,0.75,30.89645833333333,temperature
2023-07-03T00:00:00Z,SUGG,1,29.731875,temperature
2023-07-04T00:00:00Z,SUGG,0,32.58675,temperature
2023-07-04T00:00:00Z,SUGG,0.25,32.50181818181818,temperature
2023-07-04T00:00:00Z,SUGG,0.5,31.953617021276596,temperature
2023-07-04T00:00:00Z,SUGG,0.75,31.155,temperature
2023-07-04T00:00:00Z,SUGG,1,29.785416666666663,temperature
2023-07-05T00:00:00Z,SUGG,0,33.76978723404255,temperature
2023-07-05T00:00:00Z,SUGG,0.25,33.626170212765956,temperature
2023-07-05T00:00:00Z,SUGG,0.5,33.14340425531915,temperature
2023-07-05T00:00:00Z,SUGG,0.75,31.478510638297873,temperature
2023-07-05T00:00:00Z,SUGG,1,29.980217391304347,temperature
2023-07-06T00:00:00Z,SUGG,0,32.990208333333335,temperature
2023-07-06T00:00:00Z,SUGG,0.25,32.92854166666667,temperature
2023-07-06T00:00:00Z,SUGG,0.5,32.774791666666665,temperature
2023-07-06T00:00:00Z,SUGG,0.75,32.00479166666667,temperature
2023-07-06T00:00:00Z,SUGG,1,30.42125,temperature
2023-07-07T00:00:00Z,SUGG,0,32.48083333333334,temperature
2023-07-07T00:00:00Z,SUGG,0.25,32.466458333333335,temperature
2023-07-07T00:00:00Z,SUGG,0.5,32.393541666666664,temperature
2023-07-07T00:00:00Z,SUGG,0.75,31.860208333333333,temperature
2023-07-07T00:00:00Z,SUGG,1,30.76808510638298,temperature
2023-07-08T00:00:00Z,SUGG,0,31.571666666666665,temperature
2023-07-08T00:00:00Z,SUGG,0.25,31.565833333333337,temperature
2023-07-08T00:00:00Z,SUGG,0.5,31.535208333333333,temperature
2023-07-08T00:00:00Z,SUGG,0.75,31.467083333333335,temperature
2023-07-08T00:00:00Z,SUGG,1,31.135208333333335,temperature
2023-07-09T00:00:00Z,SUGG,0,31.265,temperature
2023-07-09T00:00:00Z,SUGG,0.25,31.25583333333333,temperature
2023-07-09T00:00:00Z,SUGG,0.5,31.2125,temperature
2023-07-09T00:00:00Z,SUGG,0.75,31.124583333333337,temperature
2023-07-09T00:00:00Z,SUGG,1,30.958958333333335,temperature
2023-07-10T00:00:00Z,SUGG,0,30.8225,temperature
2023-07-10T00:00:00Z,SUGG,0.25,30.828333333333333,temperature
2023-07-10T00:00:00Z,SUGG,0.5,30.803958333333338,temperature
2023-07-10T00:00:00Z,SUGG,0.75,30.753333333333337,temperature
2023-07-10T00:00:00Z,SUGG,1,30.660208333333333,temperature
2023-07-11T00:00:00Z,SUGG,0,29.887083333333333,temperature
2023-07-11T00:00:00Z,SUGG,0.25,29.875416666666663,temperature
2023-07-11T00:00:00Z,SUGG,0.5,29.843958333333333,temperature
2023-07-11T00:00:00Z,SUGG,0.75,29.78625,temperature
2023-07-11T00:00:00Z,SUGG,1,29.665833333333335,temperature
2023-07-12T00:00:00Z,SUGG,0,31.145227272727272,temperature
2023-07-12T00:00:00Z,SUGG,0.25,31.013617021276595,temperature
2023-07-12T00:00:00Z,SUGG,0.5,30.08416666666667,temperature
2023-07-12T00:00:00Z,SUGG,0.75,29.8025,temperature
2023-07-12T00:00:00Z,SUGG,1,29.641458333333333,temperature
2023-07-13T00:00:00Z,SUGG,0,32.338125,temperature
2023-07-13T00:00:00Z,SUGG,0.25,32.00521739130435,temperature
2023-07-13T00:00:00Z,SUGG,0.5,31.265833333333333,temperature
2023-07-13T00:00:00Z,SUGG,0.75,30.332291666666663,temperature
2023-07-13T00:00:00Z,SUGG,1,29.750625,temperature
2023-07-14T00:00:00Z,SUGG,0,32.67395833333333,temperature
2023-07-14T00:00:00Z,SUGG,0.25,32.572916666666664,temperature
2023-07-14T00:00:00Z,SUGG,0.5,32.311458333333334,temperature
2023-07-14T00:00:00Z,SUGG,0.75,31.224468085106384,temperature
2023-07-14T00:00:00Z,SUGG,1,29.869166666666665,temperature
2023-07-15T00:00:00Z,SUGG,0,32.07333333333333,temperature
2023-07-15T00:00:00Z,SUGG,0.25,32.05770833333333,temperature
2023-07-15T00:00:00Z,SUGG,0.5,32.00541666666667,temperature
2023-07-15T00:00:00Z,SUGG,0.75,31.609583333333333,temperature
2023-07-15T00:00:00Z,SUGG,1,30.608333333333334,temperature
2023-07-16T00:00:00Z,SUGG,0,31.549166666666668,temperature
2023-07-16T00:00:00Z,SUGG,0.25,31.548125,temperature
2023-07-16T00:00:00Z,SUGG,0.5,31.52125,temperature
2023-07-16T00:00:00Z,SUGG,0.75,31.44875,temperature
2023-07-16T00:00:00Z,SUGG,1,30.961041666666667,temperature
2023-07-17T00:00:00Z,SUGG,0,30.83020833333333,temperature
2023-07-17T00:00:00Z,SUGG,0.25,30.782708333333332,temperature
2023-07-17T00:00:00Z,SUGG,0.5,30.640416666666667,temperature
2023-07-17T00:00:00Z,SUGG,0.75,30.477291666666662,temperature
2023-07-17T00:00:00Z,SUGG,1,30.326875,temperature
2023-07-18T00:00:00Z,SUGG,0,31.786875,temperature
2023-07-18T00:00:00Z,SUGG,0.25,30.831702127659575,temperature
2023-07-18T00:00:00Z,SUGG,0.5,30.146041666666665,temperature
2023-07-18T00:00:00Z,SUGG,0.75,29.941666666666663,temperature
2023-07-18T00:00:00Z,SUGG,1,29.857291666666665,temperature
2023-07-19T00:00:00Z,SUGG,0,31.727435897435896,temperature
2023-07-19T00:00:00Z,SUGG,0.25,31.52384615384615,temperature
2023-07-19T00:00:00Z,SUGG,0.5,30.926410256410257,temperature
2023-07-19T00:00:00Z,SUGG,0.75,30.257435897435897,temperature
2023-07-19T00:00:00Z,SUGG,1,29.828717948717948,temperature
2023-07-20T00:00:00Z,SUGG,0,35.102000000000004,temperature
2023-07-20T00:00:00Z,SUGG,0.25,33.83714285714286,temperature
2023-07-20T00:00:00Z,SUGG,0.5,31.691764705882353,temperature
2023-07-20T00:00:00Z,SUGG,0.75,30.64941176470588,temperature
2023-07-20T00:00:00Z,SUGG,1,29.985882352941175,temperature
2023-07-21T00:00:00Z,SUGG,0,33.7425,temperature
2023-07-21T00:00:00Z,SUGG,0.25,33.84893617021277,temperature
2023-07-21T00:00:00Z,SUGG,0.5,32.947291666666665,temperature
2023-07-21T00:00:00Z,SUGG,0.75,31.63375,temperature
2023-07-21T00:00:00Z,SUGG,1,30.086458333333333,temperature
2023-07-22T00:00:00Z,SUGG,0,32.76583333333333,temperature
2023-07-22T00:00:00Z,SUGG,0.25,32.765,temperature
2023-07-22T00:00:00Z,SUGG,0.5,32.726875,temperature
2023-07-22T00:00:00Z,SUGG,0.75,32.37416666666667,temperature
2023-07-22T00:00:00Z,SUGG,1,31.358936170212765,temperature
2023-07-23T00:00:00Z,SUGG,0,31.333125,temperature
2023-07-23T00:00:00Z,SUGG,0.25,31.31833333333333,temperature
2023-07-23T00:00:00Z,SUGG,0.5,31.260208333333335,temperature
2023-07-23T00:00:00Z,SUGG,0.75,31.128125,temperature
2023-07-23T00:00:00Z,SUGG,1,30.979166666666668,temperature
2023-07-24T00:00:00Z,SUGG,0,30.530625,temperature
2023-07-24T00:00:00Z,SUGG,0.25,30.52,temperature
2023-07-24T00:00:00Z,SUGG,0.5,30.496041666666667,temperature
2023-07-24T00:00:00Z,SUGG,0.75,30.461666666666662,temperature
2023-07-24T00:00:00Z,SUGG,1,30.407916666666665,temperature
2023-07-25T00:00:00Z,SUGG,0,30.802083333333332,temperature
2023-07-25T00:00:00Z,SUGG,0.25,30.778125,temperature
2023-07-25T00:00:00Z,SUGG,0.5,30.71375,temperature
2023-07-25T00:00:00Z,SUGG,0.75,30.618125,temperature
2023-07-25T00:00:00Z,SUGG,1,30.446875,temperature
2023-07-26T00:00:00Z,SUGG,0,31.383333333333333,temperature
2023-07-26T00:00:00Z,SUGG,0.25,30.488,temperature
2023-07-26T00:00:00Z,SUGG,0.5,30.167291666666667,temperature
2023-07-26T00:00:00Z,SUGG,0.75,30.041458333333335,temperature
2023-07-26T00:00:00Z,SUGG,1,29.91,temperature
2023-07-27T00:00:00Z,SUGG,0,31.505625,temperature
2023-07-27T00:00:00Z,SUGG,0.25,31.281041666666667,temperature
2023-07-27T00:00:00Z,SUGG,0.5,30.6125,temperature
2023-07-27T00:00:00Z,SUGG,0.75,30.110208333333333,temperature
2023-07-27T00:00:00Z,SUGG,1,29.704166666666666,temperature
2023-07-28T00:00:00Z,SUGG,0,30.674375,temperature
2023-07-28T00:00:00Z,SUGG,0.25,30.480416666666667,temperature
2023-07-28T00:00:00Z,SUGG,0.5,30.254375,temperature
2023-07-28T00:00:00Z,SUGG,0.75,30.071666666666665,temperature
2023-07-28T00:00:00Z,SUGG,1,29.887916666666666,temperature
2023-07-29T00:00:00Z,SUGG,0,31.521875,temperature
2023-07-29T00:00:00Z,SUGG,0.25,30.91208333333333,temperature
2023-07-29T00:00:00Z,SUGG,0.5,30.03936170212766,temperature
2023-07-29T00:00:00Z,SUGG,0.75,29.800833333333333,temperature
2023-07-29T00:00:00Z,SUGG,1,29.704375,temperature
2023-07-30T00:00:00Z,SUGG,0,31.598541666666662,temperature
2023-07-30T00:00:00Z,SUGG,0.25,31.52520833333333,temperature
2023-07-30T00:00:00Z,SUGG,0.5,31.34,temperature
2023-07-30T00:00:00Z,SUGG,0.75,30.394255319148936,temperature
2023-07-30T00:00:00Z,SUGG,1,29.782916666666665,temperature
2023-07-31T00:00:00Z,SUGG,0,30.728958333333335,temperature
2023-07-31T00:00:00Z,SUGG,0.25,30.445625,temperature
2023-07-31T00:00:00Z,SUGG,0.5,30.313125,temperature
2023-07-31T00:00:00Z,SUGG,0.75,30.206041666666668,temperature
2023-07-31T00:00:00Z,SUGG,1,29.988958333333333,temperature
2023-08-01T00:00:00Z,SUGG,0,31.01630434782609,temperature
2023-08-01T00:00:00Z,SUGG,0.25,29.957173913043476,temperature
2023-08-01T00:00:00Z,SUGG,0.5,29.528125,temperature
2023-08-01T00:00:00Z,SUGG,0.75,29.394583333333333,temperature
2023-08-01T00:00:00Z,SUGG,1,29.328958333333333,temperature
2023-08-02T00:00:00Z,SUGG,0,30.711739130434783,temperature
2023-08-02T00:00:00Z,SUGG,0.25,30.582608695652173,temperature
2023-08-02T00:00:00Z,SUGG,0.5,30.318478260869565,temperature
2023-08-02T00:00:00Z,SUGG,0.75,29.85555555555555,temperature
2023-08-02T00:00:00Z,SUGG,1,29.491086956521738,temperature
2023-08-03T00:00:00Z,SUGG,0,31.67148936170213,temperature
2023-08-03T00:00:00Z,SUGG,0.25,31.22,temperature
2023-08-03T00:00:00Z,SUGG,0.5,30.791875,temperature
2023-08-03T00:00:00Z,SUGG,0.75,30.395416666666662,temperature
2023-08-03T00:00:00Z,SUGG,1,30.138958333333335,temperature
2023-08-04T00:00:00Z,SUGG,0,31.267916666666668,temperature
2023-08-04T00:00:00Z,SUGG,0.25,31.226041666666667,temperature
2023-08-04T00:00:00Z,SUGG,0.5,31.08791666666667,temperature
2023-08-04T00:00:00Z,SUGG,0.75,30.732978723404255,temperature
2023-08-04T00:00:00Z,SUGG,1,30.234583333333333,temperature
2023-08-05T00:00:00Z,SUGG,0,30.555833333333332,temperature
2023-08-05T00:00:00Z,SUGG,0.25,30.508541666666662,temperature
2023-08-05T00:00:00Z,SUGG,0.5,30.449375,temperature
2023-08-05T00:00:00Z,SUGG,0.75,30.366666666666667,temperature
2023-08-05T00:00:00Z,SUGG,1,30.16604166666667,temperature
2023-08-06T00:00:00Z,SUGG,0,31.827916666666667,temperature
2023-08-06T00:00:00Z,SUGG,0.25,31.679375,temperature
2023-08-06T00:00:00Z,SUGG,0.5,31.448333333333338,temperature
2023-08-06T00:00:00Z,SUGG,0.75,30.598125,temperature
2023-08-06T00:00:00Z,SUGG,1,30.186458333333334,temperature
2023-08-07T00:00:00Z,SUGG,0,32.780625,temperature
2023-08-07T00:00:00Z,SUGG,0.25,32.71875,temperature
2023-08-07T00:00:00Z,SUGG,0.5,32.43375,temperature
2023-08-07T00:00:00Z,SUGG,0.75,31.136875,temperature
2023-08-07T00:00:00Z,SUGG,1,30.198958333333337,temperature
2023-08-08T00:00:00Z,SUGG,0,32.99583333333334,temperature
2023-08-08T00:00:00Z,SUGG,0.25,32.97354166666667,temperature
2023-08-08T00:00:00Z,SUGG,0.5,32.787083333333335,temperature
2023-08-08T00:00:00Z,SUGG,0.75,32.31520833333333,temperature
2023-08-08T00:00:00Z,SUGG,1,30.76217391304348,temperature
2023-08-09T00:00:00Z,SUGG,0,33.35145833333333,temperature
2023-08-09T00:00:00Z,SUGG,0.25,33.27166666666667,temperature
2023-08-09T00:00:00Z,SUGG,0.5,33.07125,temperature
2023-08-09T00:00:00Z,SUGG,0.75,32.706041666666664,temperature
2023-08-09T00:00:00Z,SUGG,1,31.322916666666668,temperature
2023-08-10T00:00:00Z,SUGG,0,33.50020833333333,temperature
2023-08-10T00:00:00Z,SUGG,0.25,33.473125,temperature
2023-08-10T00:00:00Z,SUGG,0.5,33.40625,temperature
2023-08-10T00:00:00Z,SUGG,0.75,32.921458333333334,temperature
2023-08-10T00:00:00Z,SUGG,1,31.608333333333334,temperature
2023-08-11T00:00:00Z,SUGG,0,33.636875,temperature
2023-08-11T00:00:00Z,SUGG,0.25,33.59979166666667,temperature
2023-08-11T00:00:00Z,SUGG,0.5,33.51625,temperature
2023-08-11T00:00:00Z,SUGG,0.75,32.969574468085106,temperature
2023-08-11T00:00:00Z,SUGG,1,31.931875,temperature
2023-08-12T00:00:00Z,SUGG,0,33.72783783783784,temperature
2023-08-12T00:00:00Z,SUGG,0.25,33.855714285714285,temperature
2023-08-12T00:00:00Z,SUGG,0.5,33.61666666666667,temperature
2023-08-12T00:00:00Z,SUGG,0.75,32.880833333333335,temperature
2023-08-12T00:00:00Z,SUGG,1,31.831041666666668,temperature
2023-08-13T00:00:00Z,SUGG,0,34.301,temperature
2023-08-13T00:00:00Z,SUGG,0.25,34.03791666666667,temperature
2023-08-13T00:00:00Z,SUGG,0.5,33.55125,temperature
2023-08-13T00:00:00Z,SUGG,0.75,32.672291666666666,temperature
2023-08-13T00:00:00Z,SUGG,1,31.746875,temperature
2023-08-14T00:00:00Z,SUGG,0,33.36953488372093,temperature
2023-08-14T00:00:00Z,SUGG,0.25,33.291875,temperature
2023-08-14T00:00:00Z,SUGG,0.5,32.85854166666667,temperature
2023-08-14T00:00:00Z,SUGG,0.75,32.510416666666664,temperature
2023-08-14T00:00:00Z,SUGG,1,31.876875,temperature
2023-08-15T00:00:00Z,SUGG,0,32.488958333333336,temperature
2023-08-15T00:00:00Z,SUGG,0.25,32.46375,temperature
2023-08-15T00:00:00Z,SUGG,0.5,32.39875,temperature
2023-08-15T00:00:00Z,SUGG,0.75,32.26645833333333,temperature
2023-08-15T00:00:00Z,SUGG,1,31.873541666666668,temperature
2023-08-16T00:00:00Z,SUGG,0,31.783125,temperature
2023-08-16T00:00:00Z,SUGG,0.25,31.711458333333333,temperature
2023-08-16T00:00:00Z,SUGG,0.5,31.61875,temperature
2023-08-16T00:00:00Z,SUGG,0.75,31.52,temperature
2023-08-16T00:00:00Z,SUGG,1,31.282916666666665,temperature
2023-08-17T00:00:00Z,SUGG,0,31.13458333333333,temperature
2023-08-17T00:00:00Z,SUGG,0.25,31.112083333333334,temperature
2023-08-17T00:00:00Z,SUGG,0.5,31.055416666666662,temperature
2023-08-17T00:00:00Z,SUGG,0.75,30.92791666666667,temperature
2023-08-17T00:00:00Z,SUGG,1,30.6975,temperature
2023-08-18T00:00:00Z,SUGG,0,31.491666666666667,temperature
2023-08-18T00:00:00Z,SUGG,0.25,31.286041666666662,temperature
2023-08-18T00:00:00Z,SUGG,0.5,30.562916666666663,temperature
2023-08-18T00:00:00Z,SUGG,0.75,30.13875,temperature
2023-08-18T00:00:00Z,SUGG,1,29.978958333333335,temperature
2023-08-19T00:00:00Z,SUGG,0,32.268125,temperature
2023-08-19T00:00:00Z,SUGG,0.25,31.827916666666667,temperature
2023-08-19T00:00:00Z,SUGG,0.5,31.238958333333333,temperature
2023-08-19T00:00:00Z,SUGG,0.75,30.2925,temperature
2023-08-19T00:00:00Z,SUGG,1,29.9625,temperature
2023-08-20T00:00:00Z,SUGG,0,30.934791666666666,temperature
2023-08-20T00:00:00Z,SUGG,0.25,30.875416666666663,temperature
2023-08-20T00:00:00Z,SUGG,0.5,30.663958333333333,temperature
2023-08-20T00:00:00Z,SUGG,0.75,30.497083333333332,temperature
2023-08-20T00:00:00Z,SUGG,1,30.344583333333333,temperature
2023-08-21T00:00:00Z,SUGG,0,30.863958333333333,temperature
2023-08-21T00:00:00Z,SUGG,0.25,30.849375,temperature
2023-08-21T00:00:00Z,SUGG,0.5,30.792916666666667,temperature
2023-08-21T00:00:00Z,SUGG,0.75,30.685833333333335,temperature
2023-08-21T00:00:00Z,SUGG,1,30.392291666666665,temperature
2023-08-22T00:00:00Z,SUGG,0,31.704375,temperature
2023-08-22T00:00:00Z,SUGG,0.25,31.296458333333337,temperature
2023-08-22T00:00:00Z,SUGG,0.5,31.085625,temperature
2023-08-22T00:00:00Z,SUGG,0.75,30.7331914893617,temperature
2023-08-22T00:00:00Z,SUGG,1,30.588541666666668,temperature
2023-08-23T00:00:00Z,SUGG,0,31.831666666666667,temperature
2023-08-23T00:00:00Z,SUGG,0.25,31.661041666666662,temperature
2023-08-23T00:00:00Z,SUGG,0.5,31.460625,temperature
2023-08-23T00:00:00Z,SUGG,0.75,30.99416666666667,temperature
2023-08-23T00:00:00Z,SUGG,1,30.486875,temperature
2023-08-24T00:00:00Z,SUGG,0,31.14125,temperature
2023-08-24T00:00:00Z,SUGG,0.25,31.124375,temperature
2023-08-24T00:00:00Z,SUGG,0.5,31.055416666666662,temperature
2023-08-24T00:00:00Z,SUGG,0.75,30.920416666666668,temperature
2023-08-24T00:00:00Z,SUGG,1,30.557916666666667,temperature
2023-08-25T00:00:00Z,SUGG,0,31.65125,temperature
2023-08-25T00:00:00Z,SUGG,0.25,31.50979166666667,temperature
2023-08-25T00:00:00Z,SUGG,0.5,31.094583333333333,temperature
2023-08-25T00:00:00Z,SUGG,0.75,30.648541666666667,temperature
2023-08-25T00:00:00Z,SUGG,1,30.5425,temperature
2023-08-26T00:00:00Z,SUGG,0,32.31979166666667,temperature
2023-08-26T00:00:00Z,SUGG,0.25,31.878541666666667,temperature
2023-08-26T00:00:00Z,SUGG,0.5,31.685625,temperature
2023-08-26T00:00:00Z,SUGG,0.75,31.121875,temperature
2023-08-26T00:00:00Z,SUGG,1,30.420416666666668,temperature
2023-08-27T00:00:00Z,SUGG,0,31.607916666666668,temperature
2023-08-27T00:00:00Z,SUGG,0.25,31.485208333333333,temperature
2023-08-27T00:00:00Z,SUGG,0.5,31.277916666666663,temperature
2023-08-27T00:00:00Z,SUGG,0.75,30.961041666666667,temperature
2023-08-27T00:00:00Z,SUGG,1,30.529583333333335,temperature
2023-08-28T00:00:00Z,SUGG,0,31.4425,temperature
2023-08-28T00:00:00Z,SUGG,0.25,31.342916666666667,temperature
2023-08-28T00:00:00Z,SUGG,0.5,31.260416666666668,temperature
2023-08-28T00:00:00Z,SUGG,0.75,31.140625,temperature
2023-08-28T00:00:00Z,SUGG,1,30.762916666666666,temperature
2023-08-29T00:00:00Z,SUGG,0,31.9075,temperature
2023-08-29T00:00:00Z,SUGG,0.25,31.836875,temperature
2023-08-29T00:00:00Z,SUGG,0.5,31.469583333333333,temperature
2023-08-29T00:00:00Z,SUGG,0.75,31.157083333333333,temperature
2023-08-29T00:00:00Z,SUGG,1,30.938958333333332,temperature
2023-08-30T00:00:00Z,SUGG,0,29.973958333333332,temperature
2023-08-30T00:00:00Z,SUGG,0.25,29.985208333333333,temperature
2023-08-30T00:00:00Z,SUGG,0.5,29.981875,temperature
2023-08-30T00:00:00Z,SUGG,0.75,29.9475,temperature
2023-08-30T00:00:00Z,SUGG,1,29.897083333333335,temperature
2023-08-31T00:00:00Z,SUGG,0,30.63,temperature
2023-08-31T00:00:00Z,SUGG,0.25,29.66127659574468,temperature
2023-08-31T00:00:00Z,SUGG,0.5,29.214375,temperature
2023-08-31T00:00:00Z,SUGG,0.75,29.055625,temperature
2023-08-31T00:00:00Z,SUGG,1,28.989166666666662,temperature
2023-09-01T00:00:00Z,SUGG,0,29.938125,temperature
2023-09-01T00:00:00Z,SUGG,0.25,29.930416666666662,temperature
2023-09-01T00:00:00Z,SUGG,0.5,29.735833333333332,temperature
2023-09-01T00:00:00Z,SUGG,0.75,29.409166666666668,temperature
2023-09-01T00:00:00Z,SUGG,1,29.191666666666663,temperature
2023-09-02T00:00:00Z,SUGG,0,29.087916666666665,temperature
2023-09-02T00:00:00Z,SUGG,0.25,29.078125,temperature
2023-09-02T00:00:00Z,SUGG,0.5,29.040625,temperature
2023-09-02T00:00:00Z,SUGG,0.75,29.000625,temperature
2023-09-02T00:00:00Z,SUGG,1,28.957291666666663,temperature
2023-09-03T00:00:00Z,SUGG,0,29.320625,temperature
2023-09-03T00:00:00Z,SUGG,0.25,29.295208333333335,temperature
2023-09-03T00:00:00Z,SUGG,0.5,29.223125,temperature
2023-09-03T00:00:00Z,SUGG,0.75,29.140416666666667,temperature
2023-09-03T00:00:00Z,SUGG,1,28.866666666666667,temperature
2023-09-04T00:00:00Z,SUGG,0,29.945416666666667,temperature
2023-09-04T00:00:00Z,SUGG,0.25,29.835208333333338,temperature
2023-09-04T00:00:00Z,SUGG,0.5,29.512083333333333,temperature
2023-09-04T00:00:00Z,SUGG,0.75,29.2325,temperature
2023-09-04T00:00:00Z,SUGG,1,29.060208333333332,temperature
2023-09-05T00:00:00Z,SUGG,0,30.621666666666663,temperature
2023-09-05T00:00:00Z,SUGG,0.25,30.039583333333333,temperature
2023-09-05T00:00:00Z,SUGG,0.5,29.468958333333333,temperature
2023-09-05T00:00:00Z,SUGG,0.75,29.172291666666663,temperature
2023-09-05T00:00:00Z,SUGG,1,28.912708333333335,temperature
2023-09-06T00:00:00Z,SUGG,0,31.41851063829787,temperature
2023-09-06T00:00:00Z,SUGG,0.25,30.810851063829787,temperature
2023-09-06T00:00:00Z,SUGG,0.5,29.67148936170213,temperature
2023-09-06T00:00:00Z,SUGG,0.75,29.017021276595745,temperature
2023-09-06T00:00:00Z,SUGG,1,28.780212765957447,temperature
2023-09-07T00:00:00Z,SUGG,0,32.03395833333333,temperature
2023-09-07T00:00:00Z,SUGG,0.25,31.59125,temperature
2023-09-07T00:00:00Z,SUGG,0.5,30.13875,temperature
2023-09-07T00:00:00Z,SUGG,0.75,29.315416666666668,temperature
2023-09-07T00:00:00Z,SUGG,1,28.854375,temperature
2023-09-08T00:00:00Z,SUGG,0,30.695625,temperature
2023-09-08T00:00:00Z,SUGG,0.25,30.636875,temperature
2023-09-08T00:00:00Z,SUGG,0.5,30.112083333333334,temperature
2023-09-08T00:00:00Z,SUGG,0.75,29.536458333333332,temperature
2023-09-08T00:00:00Z,SUGG,1,28.976666666666667,temperature
2023-09-09T00:00:00Z,SUGG,0,29.477708333333332,temperature
2023-09-09T00:00:00Z,SUGG,0.25,29.41375,temperature
2023-09-09T00:00:00Z,SUGG,0.5,29.214791666666667,temperature
2023-09-09T00:00:00Z,SUGG,0.75,28.938333333333333,temperature
2023-09-09T00:00:00Z,SUGG,1,28.69,temperature
2023-09-10T00:00:00Z,SUGG,0,30.530833333333337,temperature
2023-09-10T00:00:00Z,SUGG,0.25,30.206875,temperature
2023-09-10T00:00:00Z,SUGG,0.5,29.429583333333333,temperature
2023-09-10T00:00:00Z,SUGG,0.75,28.70659574468085,temperature
2023-09-10T00:00:00Z,SUGG,1,28.401666666666667,temperature
2023-09-11T00:00:00Z,SUGG,0,31.047083333333333,temperature
2023-09-11T00:00:00Z,SUGG,0.25,30.321063829787235,temperature
2023-09-11T00:00:00Z,SUGG,0.5,29.643541666666668,temperature
2023-09-11T00:00:00Z,SUGG,0.75,29.10125,temperature
2023-09-11T00:00:00Z,SUGG,1,28.641458333333333,temperature
2023-09-12T00:00:00Z,SUGG,0,30.34212765957447,temperature
2023-09-12T00:00:00Z,SUGG,0.25,29.335625,temperature
2023-09-12T00:00:00Z,SUGG,0.5,28.877083333333335,temperature
2023-09-12T00:00:00Z,SUGG,0.75,28.738333333333333,temperature
2023-09-12T00:00:00Z,SUGG,1,28.674791666666668,temperature
2023-09-13T00:00:00Z,SUGG,0,31.154791666666668,temperature
2023-09-13T00:00:00Z,SUGG,0.25,29.926458333333333,temperature
2023-09-13T00:00:00Z,SUGG,0.5,29.1425,temperature
2023-09-13T00:00:00Z,SUGG,0.75,28.840416666666663,temperature
2023-09-13T00:00:00Z,SUGG,1,28.604375,temperature
2023-09-14T00:00:00Z,SUGG,0,31.082916666666662,temperature
2023-09-14T00:00:00Z,SUGG,0.25,30.460434782608697,temperature
2023-09-14T00:00:00Z,SUGG,0.5,29.89125,temperature
2023-09-14T00:00:00Z,SUGG,0.75,29.283958333333334,temperature
2023-09-14T00:00:00Z,SUGG,1,28.708125,temperature
2023-09-15T00:00:00Z,SUGG,0,30.78625,temperature
2023-09-15T00:00:00Z,SUGG,0.25,30.616458333333338,temperature
2023-09-15T00:00:00Z,SUGG,0.5,30.33625,temperature
2023-09-15T00:00:00Z,SUGG,0.75,29.824255319148936,temperature
2023-09-15T00:00:00Z,SUGG,1,28.993125,temperature
2023-09-16T00:00:00Z,SUGG,0,29.793958333333332,temperature
2023-09-16T00:00:00Z,SUGG,0.25,29.79083333333333,temperature
2023-09-16T00:00:00Z,SUGG,0.5,29.731875,temperature
2023-09-16T00:00:00Z,SUGG,0.75,29.608541666666667,temperature
2023-09-16T00:00:00Z,SUGG,1,29.196458333333332,temperature
2023-09-17T00:00:00Z,SUGG,0,29.562291666666667,temperature
2023-09-17T00:00:00Z,SUGG,0.25,29.545,temperature
2023-09-17T00:00:00Z,SUGG,0.5,29.497916666666665,temperature
2023-09-17T00:00:00Z,SUGG,0.75,29.437083333333337,temperature
2023-09-17T00:00:00Z,SUGG,1,29.362916666666667,temperature
2023-09-18T00:00:00Z,SUGG,0,30.010416666666668,temperature
2023-09-18T00:00:00Z,SUGG,0.25,29.989583333333332,temperature
2023-09-18T00:00:00Z,SUGG,0.5,29.88875,temperature
2023-09-18T00:00:00Z,SUGG,0.75,29.699375,temperature
2023-09-18T00:00:00Z,SUGG,1,29.321041666666662,temperature
2023-09-19T00:00:00Z,SUGG,0,29.423958333333335,temperature
2023-09-19T00:00:00Z,SUGG,0.25,29.394791666666663,temperature
2023-09-19T00:00:00Z,SUGG,0.5,29.280833333333337,temperature
2023-09-19T00:00:00Z,SUGG,0.75,29.177291666666665,temperature
2023-09-19T00:00:00Z,SUGG,1,29.032291666666666,temperature
2023-09-20T00:00:00Z,SUGG,0,28.851458333333333,temperature
2023-09-20T00:00:00Z,SUGG,0.25,28.841875,temperature
2023-09-20T00:00:00Z,SUGG,0.5,28.793333333333333,temperature
2023-09-20T00:00:00Z,SUGG,0.75,28.7325,temperature
2023-09-20T00:00:00Z,SUGG,1,28.650833333333335,temperature
2023-09-21T00:00:00Z,SUGG,0,28.858958333333337,temperature
2023-09-21T00:00:00Z,SUGG,0.25,28.838125,temperature
2023-09-21T00:00:00Z,SUGG,0.5,28.769375,temperature
2023-09-21T00:00:00Z,SUGG,0.75,28.684166666666663,temperature
2023-09-21T00:00:00Z,SUGG,1,28.550208333333337,temperature
2023-09-22T00:00:00Z,SUGG,0,28.65125,temperature
2023-09-22T00:00:00Z,SUGG,0.25,28.666041666666665,temperature
2023-09-22T00:00:00Z,SUGG,0.5,28.653541666666666,temperature
2023-09-22T00:00:00Z,SUGG,0.75,28.615833333333335,temperature
2023-09-22T00:00:00Z,SUGG,1,28.560208333333332,temperature
2023-09-23T00:00:00Z,SUGG,0,28.663333333333338,temperature
2023-09-23T00:00:00Z,SUGG,0.25,28.63104166666667,temperature
2023-09-23T00:00:00Z,SUGG,0.5,28.526875,temperature
2023-09-23T00:00:00Z,SUGG,0.75,28.319166666666668,temperature
2023-09-23T00:00:00Z,SUGG,1,28.104791666666667,temperature
2023-09-24T00:00:00Z,SUGG,0,29.639375,temperature
2023-09-24T00:00:00Z,SUGG,0.25,29.025652173913045,temperature
2023-09-24T00:00:00Z,SUGG,0.5,28.109791666666663,temperature
2023-09-24T00:00:00Z,SUGG,0.75,27.95104166666667,temperature
2023-09-24T00:00:00Z,SUGG,1,27.710625,temperature
2023-09-25T00:00:00Z,SUGG,0,28.870833333333337,temperature
2023-09-25T00:00:00Z,SUGG,0.25,28.570833333333333,temperature
2023-09-25T00:00:00Z,SUGG,0.5,27.920208333333335,temperature
2023-09-25T00:00:00Z,SUGG,0.75,27.571458333333332,temperature
2023-09-25T00:00:00Z,SUGG,1,27.44375,temperature
2023-09-26T00:00:00Z,SUGG,0,28.221458333333334,temperature
2023-09-26T00:00:00Z,SUGG,0.25,28.178541666666668,temperature
2023-09-26T00:00:00Z,SUGG,0.5,28.089791666666667,temperature
2023-09-26T00:00:00Z,SUGG,0.75,27.936041666666668,temperature
2023-09-26T00:00:00Z,SUGG,1,27.70375,temperature
2023-09-27T00:00:00Z,SUGG,0,28.167083333333338,temperature
2023-09-27T00:00:00Z,SUGG,0.25,28.0575,temperature
2023-09-27T00:00:00Z,SUGG,0.5,27.901875,temperature
2023-09-27T00:00:00Z,SUGG,0.75,27.802708333333335,temperature
2023-09-27T00:00:00Z,SUGG,1,27.6975,temperature
2023-09-28T00:00:00Z,SUGG,0,27.305,temperature
2023-09-28T00:00:00Z,SUGG,0.25,27.319791666666667,temperature
2023-09-28T00:00:00Z,SUGG,0.5,27.315625,temperature
2023-09-28T00:00:00Z,SUGG,0.75,27.297916666666666,temperature
2023-09-28T00:00:00Z,SUGG,1,27.267916666666668,temperature
2023-09-29T00:00:00Z,SUGG,0,26.437291666666667,temperature
2023-09-29T00:00:00Z,SUGG,0.25,26.444375,temperature
2023-09-29T00:00:00Z,SUGG,0.5,26.43625,temperature
2023-09-29T00:00:00Z,SUGG,0.75,26.420833333333334,temperature
2023-09-29T00:00:00Z,SUGG,1,26.399375,temperature
2023-09-30T00:00:00Z,SUGG,0,26.346666666666668,temperature
2023-09-30T00:00:00Z,SUGG,0.25,26.345208333333332,temperature
2023-09-30T00:00:00Z,SUGG,0.5,26.324375,temperature
2023-09-30T00:00:00Z,SUGG,0.75,26.299791666666668,temperature
2023-09-30T00:00:00Z,SUGG,1,26.263958333333335,temperature
2023-10-01T00:00:00Z,SUGG,0,26.16125,temperature
2023-10-01T00:00:00Z,SUGG,0.25,26.169375,temperature
2023-10-01T00:00:00Z,SUGG,0.5,26.167083333333338,temperature
2023-10-01T00:00:00Z,SUGG,0.75,26.160625,temperature
2023-10-01T00:00:00Z,SUGG,1,26.152083333333337,temperature
2023-10-02T00:00:00Z,SUGG,0,26.144166666666667,temperature
2023-10-02T00:00:00Z,SUGG,0.25,26.14625,temperature
2023-10-02T00:00:00Z,SUGG,0.5,26.13104166666667,temperature
2023-10-02T00:00:00Z,SUGG,0.75,26.098541666666662,temperature
2023-10-02T00:00:00Z,SUGG,1,26.080625,temperature
2023-10-03T00:00:00Z,SUGG,0,26.155625,temperature
2023-10-03T00:00:00Z,SUGG,0.25,26.166666666666668,temperature
2023-10-03T00:00:00Z,SUGG,0.5,26.155,temperature
2023-10-03T00:00:00Z,SUGG,0.75,26.130416666666665,temperature
2023-10-03T00:00:00Z,SUGG,1,26.106666666666666,temperature
2023-10-04T00:00:00Z,SUGG,0,26.237083333333334,temperature
2023-10-04T00:00:00Z,SUGG,0.25,26.246458333333333,temperature
2023-10-04T00:00:00Z,SUGG,0.5,26.235833333333332,temperature
2023-10-04T00:00:00Z,SUGG,0.75,26.214375,temperature
2023-10-04T00:00:00Z,SUGG,1,26.188125,temperature
2023-10-05T00:00:00Z,SUGG,0,26.581041666666668,temperature
2023-10-05T00:00:00Z,SUGG,0.25,26.565625,temperature
2023-10-05T00:00:00Z,SUGG,0.5,26.516458333333333,temperature
2023-10-05T00:00:00Z,SUGG,0.75,26.457916666666662,temperature
2023-10-05T00:00:00Z,SUGG,1,26.359166666666667,temperature
2023-10-06T00:00:00Z,SUGG,0,27.407708333333332,temperature
2023-10-06T00:00:00Z,SUGG,0.25,27.198958333333337,temperature
2023-10-06T00:00:00Z,SUGG,0.5,26.851875,temperature
2023-10-06T00:00:00Z,SUGG,0.75,26.725833333333338,temperature
2023-10-06T00:00:00Z,SUGG,1,26.646875,temperature
2023-10-07T00:00:00Z,SUGG,0,27.692708333333332,temperature
2023-10-07T00:00:00Z,SUGG,0.25,27.648958333333333,temperature
2023-10-07T00:00:00Z,SUGG,0.5,27.492708333333333,temperature
2023-10-07T00:00:00Z,SUGG,0.75,27.100625,temperature
2023-10-07T00:00:00Z,SUGG,1,26.709375,temperature
2023-10-08T00:00:00Z,SUGG,0,26.011458333333337,temperature
2023-10-08T00:00:00Z,SUGG,0.25,26.0325,temperature
2023-10-08T00:00:00Z,SUGG,0.5,26.005208333333332,temperature
2023-10-08T00:00:00Z,SUGG,0.75,25.9575,temperature
2023-10-08T00:00:00Z,SUGG,1,25.825208333333332,temperature
2023-10-09T00:00:00Z,SUGG,0,24.913958333333333,temperature
2023-10-09T00:00:00Z,SUGG,0.25,24.879583333333333,temperature
2023-10-09T00:00:00Z,SUGG,0.5,24.807291666666668,temperature
2023-10-09T00:00:00Z,SUGG,0.75,24.716041666666666,temperature
2023-10-09T00:00:00Z,SUGG,1,24.652708333333333,temperature
2023-10-10T00:00:00Z,SUGG,0,25.167391304347827,temperature
2023-10-10T00:00:00Z,SUGG,0.25,24.44891304347826,temperature
2023-10-10T00:00:00Z,SUGG,0.5,24.05913043478261,temperature
2023-10-10T00:00:00Z,SUGG,0.75,23.917173913043477,temperature
2023-10-10T00:00:00Z,SUGG,1,23.845,temperature
2023-10-11T00:00:00Z,SUGG,0,24.525625,temperature
2023-10-11T00:00:00Z,SUGG,0.25,24.466041666666666,temperature
2023-10-11T00:00:00Z,SUGG,0.5,24.033541666666668,temperature
2023-10-11T00:00:00Z,SUGG,0.75,23.811875,temperature
2023-10-11T00:00:00Z,SUGG,1,23.673125,temperature
2023-10-12T00:00:00Z,SUGG,0,23.934375,temperature
2023-10-12T00:00:00Z,SUGG,0.25,23.92875,temperature
2023-10-12T00:00:00Z,SUGG,0.5,23.92,temperature
2023-10-12T00:00:00Z,SUGG,0.75,23.902083333333337,temperature
2023-10-12T00:00:00Z,SUGG,1,23.879791666666662,temperature
2023-10-13T00:00:00Z,SUGG,0,25.781458333333333,temperature
2023-10-13T00:00:00Z,SUGG,0.25,25.474468085106384,temperature
2023-10-13T00:00:00Z,SUGG,0.5,24.638125,temperature
2023-10-13T00:00:00Z,SUGG,0.75,24.420625,temperature
2023-10-13T00:00:00Z,SUGG,1,24.353125,temperature
2023-10-14T00:00:00Z,SUGG,0,26.017083333333332,temperature
2023-10-14T00:00:00Z,SUGG,0.25,25.933125,temperature
2023-10-14T00:00:00Z,SUGG,0.5,25.347083333333337,temperature
2023-10-14T00:00:00Z,SUGG,0.75,24.949583333333333,temperature
2023-10-14T00:00:00Z,SUGG,1,24.701458333333335,temperature
2023-10-15T00:00:00Z,SUGG,0,24.938125,temperature
2023-10-15T00:00:00Z,SUGG,0.25,24.938541666666666,temperature
2023-10-15T00:00:00Z,SUGG,0.5,24.919583333333332,temperature
2023-10-15T00:00:00Z,SUGG,0.75,24.886666666666667,temperature
2023-10-15T00:00:00Z,SUGG,1,24.813125,temperature
2023-10-16T00:00:00Z,SUGG,0,24.060208333333332,temperature
2023-10-16T00:00:00Z,SUGG,0.25,24.075416666666666,temperature
2023-10-16T00:00:00Z,SUGG,0.5,24.075625,temperature
2023-10-16T00:00:00Z,SUGG,0.75,24.071875,temperature
2023-10-16T00:00:00Z,SUGG,1,24.064375,temperature
2023-10-17T00:00:00Z,SUGG,0,23.26,temperature
2023-10-17T00:00:00Z,SUGG,0.25,23.242916666666662,temperature
2023-10-17T00:00:00Z,SUGG,0.5,23.182083333333335,temperature
2023-10-17T00:00:00Z,SUGG,0.75,23.123333333333335,temperature
2023-10-17T00:00:00Z,SUGG,1,23.003125,temperature
2023-10-18T00:00:00Z,SUGG,0,22.974375,temperature
2023-10-18T00:00:00Z,SUGG,0.25,22.909166666666668,temperature
2023-10-18T00:00:00Z,SUGG,0.5,22.803541666666668,temperature
2023-10-18T00:00:00Z,SUGG,0.75,22.66583333333333,temperature
2023-10-18T00:00:00Z,SUGG,1,22.491458333333338,temperature
2023-10-19T00:00:00Z,SUGG,0,23.609583333333333,temperature
2023-10-19T00:00:00Z,SUGG,0.25,23.1475,temperature
2023-10-19T00:00:00Z,SUGG,0.5,22.525625,temperature
2023-10-19T00:00:00Z,SUGG,0.75,22.356041666666663,temperature
2023-10-19T00:00:00Z,SUGG,1,22.228541666666665,temperature
2023-10-20T00:00:00Z,SUGG,0,23.203541666666663,temperature
2023-10-20T00:00:00Z,SUGG,0.25,23.172708333333333,temperature
2023-10-20T00:00:00Z,SUGG,0.5,22.846458333333334,temperature
2023-10-20T00:00:00Z,SUGG,0.75,22.574583333333333,temperature
2023-10-20T00:00:00Z,SUGG,1,22.45375,temperature
2023-10-21T00:00:00Z,SUGG,0,23.239375,temperature
2023-10-21T00:00:00Z,SUGG,0.25,23.14,temperature
2023-10-21T00:00:00Z,SUGG,0.5,22.967083333333335,temperature
2023-10-21T00:00:00Z,SUGG,0.75,22.8275,temperature
2023-10-21T00:00:00Z,SUGG,1,22.681666666666665,temperature
2023-10-22T00:00:00Z,SUGG,0,23.415208333333332,temperature
2023-10-22T00:00:00Z,SUGG,0.25,23.322708333333335,temperature
2023-10-22T00:00:00Z,SUGG,0.5,23.17,temperature
2023-10-22T00:00:00Z,SUGG,0.75,22.7925,temperature
2023-10-22T00:00:00Z,SUGG,1,22.515416666666667,temperature
2023-10-23T00:00:00Z,SUGG,0,23.270625,temperature
2023-10-23T00:00:00Z,SUGG,0.25,23.255416666666665,temperature
2023-10-23T00:00:00Z,SUGG,0.5,23.151666666666667,temperature
2023-10-23T00:00:00Z,SUGG,0.75,22.962083333333332,temperature
2023-10-23T00:00:00Z,SUGG,1,22.598333333333333,temperature
2023-10-24T00:00:00Z,SUGG,0,22.91875,temperature
2023-10-24T00:00:00Z,SUGG,0.25,22.923125,temperature
2023-10-24T00:00:00Z,SUGG,0.5,22.913958333333333,temperature
2023-10-24T00:00:00Z,SUGG,0.75,22.898958333333333,temperature
2023-10-24T00:00:00Z,SUGG,1,22.879791666666662,temperature
2023-10-25T00:00:00Z,SUGG,0,23.235833333333332,temperature
2023-10-25T00:00:00Z,SUGG,0.25,23.2375,temperature
2023-10-25T00:00:00Z,SUGG,0.5,23.22375,temperature
2023-10-25T00:00:00Z,SUGG,0.75,23.203541666666663,temperature
2023-10-25T00:00:00Z,SUGG,1,23.176458333333333,temperature
2023-10-26T00:00:00Z,SUGG,0,23.671875,temperature
2023-10-26T00:00:00Z,SUGG,0.25,23.674375,temperature
2023-10-26T00:00:00Z,SUGG,0.5,23.661666666666665,temperature
2023-10-26T00:00:00Z,SUGG,0.75,23.642291666666665,temperature
2023-10-26T00:00:00Z,SUGG,1,23.61875,temperature
2023-10-27T00:00:00Z,SUGG,0,23.9275,temperature
2023-10-27T00:00:00Z,SUGG,0.25,23.872083333333332,temperature
2023-10-27T00:00:00Z,SUGG,0.5,23.773958333333333,temperature
2023-10-27T00:00:00Z,SUGG,0.75,23.701458333333335,temperature
2023-10-27T00:00:00Z,SUGG,1,23.608958333333337,temperature
2023-10-28T00:00:00Z,SUGG,0,24.000625,temperature
2023-10-28T00:00:00Z,SUGG,0.25,23.983958333333337,temperature
2023-10-28T00:00:00Z,SUGG,0.5,23.938333333333333,temperature
2023-10-28T00:00:00Z,SUGG,0.75,23.878541666666667,temperature
2023-10-28T00:00:00Z,SUGG,1,23.809375,temperature
2023-10-29T00:00:00Z,SUGG,0,24.505625,temperature
2023-10-29T00:00:00Z,SUGG,0.25,24.487083333333334,temperature
2023-10-29T00:00:00Z,SUGG,0.5,24.432916666666667,temperature
2023-10-29T00:00:00Z,SUGG,0.75,24.35875,temperature
2023-10-29T00:00:00Z,SUGG,1,24.266041666666663,temperature
2023-10-30T00:00:00Z,SUGG,0,25.158958333333334,temperature
2023-10-30T00:00:00Z,SUGG,0.25,24.739375,temperature
2023-10-30T00:00:00Z,SUGG,0.5,24.44,temperature
2023-10-30T00:00:00Z,SUGG,0.75,24.33625,temperature
2023-10-30T00:00:00Z,SUGG,1,24.283125,temperature
2023-10-31T00:00:00Z,SUGG,0,25.319791666666667,temperature
2023-10-31T00:00:00Z,SUGG,0.25,25.295833333333334,temperature
2023-10-31T00:00:00Z,SUGG,0.5,25.039583333333333,temperature
2023-10-31T00:00:00Z,SUGG,0.75,24.605,temperature
2023-10-31T00:00:00Z,SUGG,1,24.295,temperature
2023-11-01T00:00:00Z,SUGG,0,24.13875,temperature
2023-11-01T00:00:00Z,SUGG,0.25,24.160208333333333,temperature
2023-11-01T00:00:00Z,SUGG,0.5,24.143125,temperature
2023-11-01T00:00:00Z,SUGG,0.75,24.076041666666665,temperature
2023-11-01T00:00:00Z,SUGG,1,23.915208333333332,temperature
2023-11-02T00:00:00Z,SUGG,0,21.91875,temperature
2023-11-02T00:00:00Z,SUGG,0.25,21.9425,temperature
2023-11-02T00:00:00Z,SUGG,0.5,21.942291666666662,temperature
2023-11-02T00:00:00Z,SUGG,0.75,21.936875,temperature
2023-11-02T00:00:00Z,SUGG,1,21.925625,temperature
2023-11-03T00:00:00Z,SUGG,0,21.077083333333334,temperature
2023-11-03T00:00:00Z,SUGG,0.25,21.093541666666667,temperature
2023-11-03T00:00:00Z,SUGG,0.5,21.095,temperature
2023-11-03T00:00:00Z,SUGG,0.75,21.093333333333337,temperature
2023-11-03T00:00:00Z,SUGG,1,21.090416666666663,temperature
2023-11-04T00:00:00Z,SUGG,0,20.59979166666667,temperature
2023-11-04T00:00:00Z,SUGG,0.25,20.615,temperature
2023-11-04T00:00:00Z,SUGG,0.5,20.615625,temperature
2023-11-04T00:00:00Z,SUGG,0.75,20.613958333333333,temperature
2023-11-04T00:00:00Z,SUGG,1,20.609583333333333,temperature
2023-11-05T00:00:00Z,SUGG,0,20.406666666666663,temperature
2023-11-05T00:00:00Z,SUGG,0.25,20.405,temperature
2023-11-05T00:00:00Z,SUGG,0.5,20.375625,temperature
2023-11-05T00:00:00Z,SUGG,0.75,20.335,temperature
2023-11-05T00:00:00Z,SUGG,1,20.295416666666668,temperature
2023-11-06T00:00:00Z,SUGG,0,20.784893617021275,temperature
2023-11-06T00:00:00Z,SUGG,0.25,20.587391304347825,temperature
2023-11-06T00:00:00Z,SUGG,0.5,20.293191489361703,temperature
2023-11-06T00:00:00Z,SUGG,0.75,20.155744680851065,temperature
2023-11-06T00:00:00Z,SUGG,1,20.052127659574467,temperature
2023-11-07T00:00:00Z,SUGG,0,21.664375,temperature
2023-11-07T00:00:00Z,SUGG,0.25,20.685,temperature
2023-11-07T00:00:00Z,SUGG,0.5,20.18375,temperature
2023-11-07T00:00:00Z,SUGG,0.75,19.977083333333333,temperature
2023-11-07T00:00:00Z,SUGG,1,19.829583333333332,temperature
2023-11-08T00:00:00Z,SUGG,0,21.960416666666667,temperature
2023-11-08T00:00:00Z,SUGG,0.25,21.2136170212766,temperature
2023-11-08T00:00:00Z,SUGG,0.5,20.11145833333333,temperature
2023-11-08T00:00:00Z,SUGG,0.75,19.755208333333332,temperature
2023-11-08T00:00:00Z,SUGG,1,19.650416666666665,temperature
2023-11-09T00:00:00Z,SUGG,0,22.306041666666665,temperature
2023-11-09T00:00:00Z,SUGG,0.25,21.850208333333335,temperature
2023-11-09T00:00:00Z,SUGG,0.5,20.365833333333335,temperature
2023-11-09T00:00:00Z,SUGG,0.75,19.85625,temperature
2023-11-09T00:00:00Z,SUGG,1,19.702708333333337,temperature
2023-11-10T00:00:00Z,SUGG,0,22.904166666666665,temperature
2023-11-10T00:00:00Z,SUGG,0.25,22.5975,temperature
2023-11-10T00:00:00Z,SUGG,0.5,21.376458333333332,temperature
2023-11-10T00:00:00Z,SUGG,0.75,20.250625,temperature
2023-11-10T00:00:00Z,SUGG,1,19.883958333333332,temperature
2023-11-11T00:00:00Z,SUGG,0,23.108125,temperature
2023-11-11T00:00:00Z,SUGG,0.25,22.750625,temperature
2023-11-11T00:00:00Z,SUGG,0.5,21.979166666666668,temperature
2023-11-11T00:00:00Z,SUGG,0.75,20.813333333333333,temperature
2023-11-11T00:00:00Z,SUGG,1,20.169375,temperature
2023-11-12T00:00:00Z,SUGG,0,21.83125,temperature
2023-11-12T00:00:00Z,SUGG,0.25,21.820416666666667,temperature
2023-11-12T00:00:00Z,SUGG,0.5,21.52340425531915,temperature
2023-11-12T00:00:00Z,SUGG,0.75,20.9425,temperature
2023-11-12T00:00:00Z,SUGG,1,20.560208333333332,temperature
2023-11-13T00:00:00Z,SUGG,0,20.369583333333335,temperature
2023-11-13T00:00:00Z,SUGG,0.25,20.378541666666667,temperature
2023-11-13T00:00:00Z,SUGG,0.5,20.378958333333333,temperature
2023-11-13T00:00:00Z,SUGG,0.75,20.374375,temperature
2023-11-13T00:00:00Z,SUGG,1,20.355833333333333,temperature
2023-11-14T00:00:00Z,SUGG,0,19.840625,temperature
2023-11-14T00:00:00Z,SUGG,0.25,19.84625,temperature
2023-11-14T00:00:00Z,SUGG,0.5,19.847708333333333,temperature
2023-11-14T00:00:00Z,SUGG,0.75,19.848333333333333,temperature
2023-11-14T00:00:00Z,SUGG,1,19.847291666666667,temperature
2023-11-15T00:00:00Z,SUGG,0,19.73625,temperature
2023-11-15T00:00:00Z,SUGG,0.25,19.7415625,temperature
2023-11-15T00:00:00Z,SUGG,0.5,19.7415625,temperature
2023-11-15T00:00:00Z,SUGG,0.75,19.74125,temperature
2023-11-15T00:00:00Z,SUGG,1,19.7409375,temperature
2023-11-21T00:00:00Z,SUGG,0,22.36625,temperature
2023-11-21T00:00:00Z,SUGG,0.25,22.296875,temperature
2023-11-21T00:00:00Z,SUGG,0.5,22.215625,temperature
2023-11-21T00:00:00Z,SUGG,0.75,21.955,temperature
2023-11-21T00:00:00Z,SUGG,1,21.2575,temperature
2023-11-22T00:00:00Z,SUGG,0,21.573541666666667,temperature
2023-11-22T00:00:00Z,SUGG,0.25,21.574583333333333,temperature
2023-11-22T00:00:00Z,SUGG,0.5,21.565625,temperature
2023-11-22T00:00:00Z,SUGG,0.75,21.495416666666667,temperature
2023-11-22T00:00:00Z,SUGG,1,21.436458333333334,temperature
2023-11-23T00:00:00Z,SUGG,0,20.525416666666665,temperature
2023-11-23T00:00:00Z,SUGG,0.25,20.511875,temperature
2023-11-23T00:00:00Z,SUGG,0.5,20.478125,temperature
2023-11-23T00:00:00Z,SUGG,0.75,20.449583333333333,temperature
2023-11-23T00:00:00Z,SUGG,1,20.436041666666668,temperature
2023-11-24T00:00:00Z,SUGG,0,19.622083333333332,temperature
2023-11-24T00:00:00Z,SUGG,0.25,19.608541666666667,temperature
2023-11-24T00:00:00Z,SUGG,0.5,19.58,temperature
2023-11-24T00:00:00Z,SUGG,0.75,19.562291666666667,temperature
2023-11-24T00:00:00Z,SUGG,1,19.53375,temperature
2023-11-25T00:00:00Z,SUGG,0,19.107083333333332,temperature
2023-11-25T00:00:00Z,SUGG,0.25,19.105416666666667,temperature
2023-11-25T00:00:00Z,SUGG,0.5,19.077083333333334,temperature
2023-11-25T00:00:00Z,SUGG,0.75,19.0525,temperature
2023-11-25T00:00:00Z,SUGG,1,19.02520833333333,temperature
2023-11-26T00:00:00Z,SUGG,0,18.901666666666667,temperature
2023-11-26T00:00:00Z,SUGG,0.25,18.909791666666667,temperature
2023-11-26T00:00:00Z,SUGG,0.5,18.910833333333333,temperature
2023-11-26T00:00:00Z,SUGG,0.75,18.909375,temperature
2023-11-26T00:00:00Z,SUGG,1,18.905833333333337,temperature
2023-11-27T00:00:00Z,SUGG,0,18.742083333333333,temperature
2023-11-27T00:00:00Z,SUGG,0.25,18.74395833333333,temperature
2023-11-27T00:00:00Z,SUGG,0.5,18.73645833333333,temperature
2023-11-27T00:00:00Z,SUGG,0.75,18.728958333333335,temperature
2023-11-27T00:00:00Z,SUGG,1,18.7175,temperature
2023-11-28T00:00:00Z,SUGG,0,17.965,temperature
2023-11-28T00:00:00Z,SUGG,0.25,17.992291666666667,temperature
2023-11-28T00:00:00Z,SUGG,0.5,17.9925,temperature
2023-11-28T00:00:00Z,SUGG,0.75,17.988541666666666,temperature
2023-11-28T00:00:00Z,SUGG,1,17.979791666666667,temperature
2023-11-29T00:00:00Z,SUGG,0,16.968947368421052,temperature
2023-11-29T00:00:00Z,SUGG,0.25,16.985263157894735,temperature
2023-11-29T00:00:00Z,SUGG,0.5,16.939736842105262,temperature
2023-11-29T00:00:00Z,SUGG,0.75,16.891578947368423,temperature
2023-11-29T00:00:00Z,SUGG,1,16.85184210526316,temperature
2023-11-30T00:00:00Z,SUGG,0,16.293333333333333,temperature
2023-11-30T00:00:00Z,SUGG,0.25,16.258958333333332,temperature
2023-11-30T00:00:00Z,SUGG,0.5,16.211875,temperature
2023-11-30T00:00:00Z,SUGG,0.75,16.141666666666666,temperature
2023-11-30T00:00:00Z,SUGG,1,16.037708333333335,temperature
2023-12-01T00:00:00Z,SUGG,0,16.922444444444444,temperature
2023-12-01T00:00:00Z,SUGG,0.25,16.73177777777778,temperature
2023-12-01T00:00:00Z,SUGG,0.5,16.615111111111112,temperature
2023-12-01T00:00:00Z,SUGG,0.75,16.496222222222222,temperature
2023-12-01T00:00:00Z,SUGG,1,16.28933333333333,temperature
2023-12-02T00:00:00Z,SUGG,0,19.09875,temperature
2023-12-02T00:00:00Z,SUGG,0.25,18.56854166666667,temperature
2023-12-02T00:00:00Z,SUGG,0.5,17.642291666666665,temperature
2023-12-02T00:00:00Z,SUGG,0.75,17.127291666666668,temperature
2023-12-02T00:00:00Z,SUGG,1,16.72375,temperature
2023-12-03T00:00:00Z,SUGG,0,20.434791666666666,temperature
2023-12-03T00:00:00Z,SUGG,0.25,19.915208333333332,temperature
2023-12-03T00:00:00Z,SUGG,0.5,18.516875,temperature
2023-12-03T00:00:00Z,SUGG,0.75,17.565625,temperature
2023-12-03T00:00:00Z,SUGG,1,16.896041666666665,temperature
2023-12-04T00:00:00Z,SUGG,0,20.039791666666662,temperature
2023-12-04T00:00:00Z,SUGG,0.25,19.933125,temperature
2023-12-04T00:00:00Z,SUGG,0.5,19.477916666666665,temperature
2023-12-04T00:00:00Z,SUGG,0.75,18.56744680851064,temperature
2023-12-04T00:00:00Z,SUGG,1,17.296041666666667,temperature
2023-12-05T00:00:00Z,SUGG,0,18.904375,temperature
2023-12-05T00:00:00Z,SUGG,0.25,18.857083333333332,temperature
2023-12-05T00:00:00Z,SUGG,0.5,18.7825,temperature
2023-12-05T00:00:00Z,SUGG,0.75,18.611666666666668,temperature
2023-12-05T00:00:00Z,SUGG,1,17.763541666666665,temperature
2023-12-06T00:00:00Z,SUGG,0,17.447916666666668,temperature
2023-12-06T00:00:00Z,SUGG,0.25,17.463333333333335,temperature
2023-12-06T00:00:00Z,SUGG,0.5,17.458958333333335,temperature
2023-12-06T00:00:00Z,SUGG,0.75,17.446458333333332,temperature
2023-12-06T00:00:00Z,SUGG,1,17.40041666666667,temperature
2023-12-07T00:00:00Z,SUGG,0,17.1325,temperature
2023-12-07T00:00:00Z,SUGG,0.25,16.808125,temperature
2023-12-07T00:00:00Z,SUGG,0.5,16.540625,temperature
2023-12-07T00:00:00Z,SUGG,0.75,16.418333333333333,temperature
2023-12-07T00:00:00Z,SUGG,1,16.361666666666668,temperature
2023-12-08T00:00:00Z,SUGG,0,16.8275,temperature
2023-12-08T00:00:00Z,SUGG,0.25,16.77875,temperature
2023-12-08T00:00:00Z,SUGG,0.5,16.602916666666665,temperature
2023-12-08T00:00:00Z,SUGG,0.75,16.394791666666666,temperature
2023-12-08T00:00:00Z,SUGG,1,16.245833333333334,temperature
2023-12-09T00:00:00Z,SUGG,0,17.609375,temperature
2023-12-09T00:00:00Z,SUGG,0.25,17.456875,temperature
2023-12-09T00:00:00Z,SUGG,0.5,17.288541666666667,temperature
2023-12-09T00:00:00Z,SUGG,0.75,17.029583333333335,temperature
2023-12-09T00:00:00Z,SUGG,1,16.675625,temperature
2023-12-10T00:00:00Z,SUGG,0,18.495833333333337,temperature
2023-12-10T00:00:00Z,SUGG,0.25,18.409375,temperature
2023-12-10T00:00:00Z,SUGG,0.5,18.22125,temperature
2023-12-10T00:00:00Z,SUGG,0.75,17.94875,temperature
2023-12-10T00:00:00Z,SUGG,1,17.518333333333334,temperature
2023-12-11T00:00:00Z,SUGG,0,17.675416666666667,temperature
2023-12-11T00:00:00Z,SUGG,0.25,17.677083333333332,temperature
2023-12-11T00:00:00Z,SUGG,0.5,17.65875,temperature
2023-12-11T00:00:00Z,SUGG,0.75,17.621458333333333,temperature
2023-12-11T00:00:00Z,SUGG,1,17.581458333333334,temperature
2023-12-12T00:00:00Z,SUGG,0,16.593541666666667,temperature
2023-12-12T00:00:00Z,SUGG,0.25,16.612708333333334,temperature
2023-12-12T00:00:00Z,SUGG,0.5,16.610625,temperature
2023-12-12T00:00:00Z,SUGG,0.75,16.600416666666668,temperature
2023-12-12T00:00:00Z,SUGG,1,16.585208333333334,temperature
2023-12-13T00:00:00Z,SUGG,0,16.23875,temperature
2023-12-13T00:00:00Z,SUGG,0.25,16.250833333333333,temperature
2023-12-13T00:00:00Z,SUGG,0.5,16.254375,temperature
2023-12-13T00:00:00Z,SUGG,0.75,16.254375,temperature
2023-12-13T00:00:00Z,SUGG,1,16.252916666666668,temperature
2023-12-14T00:00:00Z,SUGG,0,15.807291666666666,temperature
2023-12-14T00:00:00Z,SUGG,0.25,15.818125,temperature
2023-12-14T00:00:00Z,SUGG,0.5,15.820208333333332,temperature
2023-12-14T00:00:00Z,SUGG,0.75,15.819375,temperature
2023-12-14T00:00:00Z,SUGG,1,15.817916666666669,temperature
2023-12-15T00:00:00Z,SUGG,0,15.905,temperature
2023-12-15T00:00:00Z,SUGG,0.25,15.906458333333331,temperature
2023-12-15T00:00:00Z,SUGG,0.5,15.902291666666668,temperature
2023-12-15T00:00:00Z,SUGG,0.75,15.897083333333333,temperature
2023-12-15T00:00:00Z,SUGG,1,15.888333333333334,temperature
2023-12-16T00:00:00Z,SUGG,0,16.036666666666665,temperature
2023-12-16T00:00:00Z,SUGG,0.25,16.023333333333333,temperature
2023-12-16T00:00:00Z,SUGG,0.5,15.997083333333334,temperature
2023-12-16T00:00:00Z,SUGG,0.75,15.969375,temperature
2023-12-16T00:00:00Z,SUGG,1,15.951666666666666,temperature
2023-12-17T00:00:00Z,SUGG,0,16.597916666666666,temperature
2023-12-17T00:00:00Z,SUGG,0.25,16.590416666666666,temperature
2023-12-17T00:00:00Z,SUGG,0.5,16.585625,temperature
2023-12-17T00:00:00Z,SUGG,0.75,16.581458333333334,temperature
2023-12-17T00:00:00Z,SUGG,1,16.57625,temperature
2023-12-18T00:00:00Z,SUGG,0,16.750625,temperature
2023-12-18T00:00:00Z,SUGG,0.25,16.754791666666666,temperature
2023-12-18T00:00:00Z,SUGG,0.5,16.751458333333332,temperature
2023-12-18T00:00:00Z,SUGG,0.75,16.746666666666666,temperature
2023-12-18T00:00:00Z,SUGG,1,16.739791666666665,temperature
2023-12-19T00:00:00Z,SUGG,0,16.081458333333334,temperature
2023-12-19T00:00:00Z,SUGG,0.25,16.108958333333334,temperature
2023-12-19T00:00:00Z,SUGG,0.5,16.111041666666665,temperature
2023-12-19T00:00:00Z,SUGG,0.75,16.107708333333335,temperature
2023-12-19T00:00:00Z,SUGG,1,16.102291666666666,temperature
2023-12-20T00:00:00Z,SUGG,0,14.998125,temperature
2023-12-20T00:00:00Z,SUGG,0.25,15.021041666666669,temperature
2023-12-20T00:00:00Z,SUGG,0.5,15.022291666666666,temperature
2023-12-20T00:00:00Z,SUGG,0.75,15.018125,temperature
2023-12-20T00:00:00Z,SUGG,1,15.010208333333331,temperature
2023-12-21T00:00:00Z,SUGG,0,14.748125,temperature
2023-12-21T00:00:00Z,SUGG,0.25,14.761458333333334,temperature
2023-12-21T00:00:00Z,SUGG,0.5,14.752291666666666,temperature
2023-12-21T00:00:00Z,SUGG,0.75,14.7325,temperature
2023-12-21T00:00:00Z,SUGG,1,14.710833333333332,temperature
2023-12-22T00:00:00Z,SUGG,0,15.119375,temperature
2023-12-22T00:00:00Z,SUGG,0.25,14.974375,temperature
2023-12-22T00:00:00Z,SUGG,0.5,14.87,temperature
2023-12-22T00:00:00Z,SUGG,0.75,14.781875,temperature
2023-12-22T00:00:00Z,SUGG,1,14.72875,temperature
2023-12-23T00:00:00Z,SUGG,0,15.60375,temperature
2023-12-23T00:00:00Z,SUGG,0.25,15.569583333333334,temperature
2023-12-23T00:00:00Z,SUGG,0.5,15.395,temperature
2023-12-23T00:00:00Z,SUGG,0.75,15.22875,temperature
2023-12-23T00:00:00Z,SUGG,1,15.093541666666669,temperature
2023-12-24T00:00:00Z,SUGG,0,15.776458333333332,temperature
2023-12-24T00:00:00Z,SUGG,0.25,15.754791666666666,temperature
2023-12-24T00:00:00Z,SUGG,0.5,15.714166666666667,temperature
2023-12-24T00:00:00Z,SUGG,0.75,15.675833333333332,temperature
2023-12-24T00:00:00Z,SUGG,1,15.619791666666666,temperature
2023-12-25T00:00:00Z,SUGG,0,16.2175,temperature
2023-12-25T00:00:00Z,SUGG,0.25,16.185833333333335,temperature
2023-12-25T00:00:00Z,SUGG,0.5,16.146041666666665,temperature
2023-12-25T00:00:00Z,SUGG,0.75,16.108541666666667,temperature
2023-12-25T00:00:00Z,SUGG,1,16.050416666666667,temperature
2023-12-26T00:00:00Z,SUGG,0,17.436666666666667,temperature
2023-12-26T00:00:00Z,SUGG,0.25,17.156666666666666,temperature
2023-12-26T00:00:00Z,SUGG,0.5,17.003541666666667,temperature
2023-12-26T00:00:00Z,SUGG,0.75,16.756875,temperature
2023-12-26T00:00:00Z,SUGG,1,16.473333333333333,temperature
2023-12-27T00:00:00Z,SUGG,0,17.734583333333333,temperature
2023-12-27T00:00:00Z,SUGG,0.25,17.72125,temperature
2023-12-27T00:00:00Z,SUGG,0.5,17.651041666666668,temperature
2023-12-27T00:00:00Z,SUGG,0.75,17.486875,temperature
2023-12-27T00:00:00Z,SUGG,1,17.024583333333332,temperature
2023-12-28T00:00:00Z,SUGG,0,17.082916666666666,temperature
2023-12-28T00:00:00Z,SUGG,0.25,17.08395833333333,temperature
2023-12-28T00:00:00Z,SUGG,0.5,17.05875,temperature
2023-12-28T00:00:00Z,SUGG,0.75,17.027708333333333,temperature
2023-12-28T00:00:00Z,SUGG,1,16.94,temperature
2023-12-29T00:00:00Z,SUGG,0,16.076666666666668,temperature
2023-12-29T00:00:00Z,SUGG,0.25,16.092916666666667,temperature
2023-12-29T00:00:00Z,SUGG,0.5,16.093541666666667,temperature
2023-12-29T00:00:00Z,SUGG,0.75,16.092708333333334,temperature
2023-12-29T00:00:00Z,SUGG,1,16.09,temperature
2023-12-30T00:00:00Z,SUGG,0,15.301041666666666,temperature
2023-12-30T00:00:00Z,SUGG,0.25,15.314375,temperature
2023-12-30T00:00:00Z,SUGG,0.5,15.309166666666666,temperature
2023-12-30T00:00:00Z,SUGG,0.75,15.299791666666666,temperature
2023-12-30T00:00:00Z,SUGG,1,15.287708333333333,temperature
2023-12-31T00:00:00Z,SUGG,0,15.077291666666667,temperature
2023-12-31T00:00:00Z,SUGG,0.25,14.990416666666668,temperature
2023-12-31T00:00:00Z,SUGG,0.5,14.924791666666668,temperature
2023-12-31T00:00:00Z,SUGG,0.75,14.8775,temperature
2023-12-31T00:00:00Z,SUGG,1,14.840625,temperature
2024-01-01T00:00:00Z,SUGG,0,14.918541666666666,temperature
2024-01-01T00:00:00Z,SUGG,0.25,14.886875,temperature
2024-01-01T00:00:00Z,SUGG,0.5,14.82875,temperature
2024-01-01T00:00:00Z,SUGG,0.75,14.772083333333333,temperature
2024-01-01T00:00:00Z,SUGG,1,14.715,temperature
2024-01-02T00:00:00Z,SUGG,0,14.904166666666669,temperature
2024-01-02T00:00:00Z,SUGG,0.25,14.901666666666667,temperature
2024-01-02T00:00:00Z,SUGG,0.5,14.82125,temperature
2024-01-02T00:00:00Z,SUGG,0.75,14.746041666666668,temperature
2024-01-02T00:00:00Z,SUGG,1,14.658333333333331,temperature
2024-01-03T00:00:00Z,SUGG,0,14.2984375,temperature
2024-01-03T00:00:00Z,SUGG,0.25,14.320625,temperature
2024-01-03T00:00:00Z,SUGG,0.5,14.3184375,temperature
2024-01-03T00:00:00Z,SUGG,0.75,14.3096875,temperature
2024-01-03T00:00:00Z,SUGG,1,14.2984375,temperature
2024-01-04T00:00:00Z,SUGG,0,12.869,temperature
2024-01-04T00:00:00Z,SUGG,0.25,14.834,temperature
2024-01-04T00:00:00Z,SUGG,0.5,14.812,temperature
2024-01-04T00:00:00Z,SUGG,0.75,14.782,temperature
2024-01-04T00:00:00Z,SUGG,1,14.729,temperature
2024-01-05T00:00:00Z,SUGG,0,11.675,temperature
2024-01-05T00:00:00Z,SUGG,0.25,14.339166666666667,temperature
2024-01-05T00:00:00Z,SUGG,0.5,14.331458333333334,temperature
2024-01-05T00:00:00Z,SUGG,0.75,14.317083333333333,temperature
2024-01-05T00:00:00Z,SUGG,1,14.299583333333333,temperature
2024-01-06T00:00:00Z,SUGG,0,16.239285714285714,temperature
2024-01-06T00:00:00Z,SUGG,0.25,15.203333333333331,temperature
2024-01-06T00:00:00Z,SUGG,0.5,15.191666666666666,temperature
2024-01-06T00:00:00Z,SUGG,0.75,15.18375,temperature
2024-01-06T00:00:00Z,SUGG,1,15.174166666666666,temperature
2024-01-07T00:00:00Z,SUGG,0,13.686428571428571,temperature
2024-01-07T00:00:00Z,SUGG,0.25,15.740416666666668,temperature
2024-01-07T00:00:00Z,SUGG,0.5,15.739375,temperature
2024-01-07T00:00:00Z,SUGG,0.75,15.7325,temperature
2024-01-07T00:00:00Z,SUGG,1,15.724166666666669,temperature
2024-01-08T00:00:00Z,SUGG,0,12.327708333333334,temperature
2024-01-08T00:00:00Z,SUGG,0.25,15.176875,temperature
2024-01-08T00:00:00Z,SUGG,0.5,15.179791666666668,temperature
2024-01-08T00:00:00Z,SUGG,0.75,15.175833333333332,temperature
2024-01-08T00:00:00Z,SUGG,1,15.16875,temperature
2024-01-09T00:00:00Z,SUGG,0,15.566170212765956,temperature
2024-01-09T00:00:00Z,SUGG,0.25,15.15125,temperature
2024-01-09T00:00:00Z,SUGG,0.5,15.146458333333332,temperature
2024-01-09T00:00:00Z,SUGG,0.75,15.144375,temperature
2024-01-09T00:00:00Z,SUGG,1,15.140833333333331,temperature
2024-01-10T00:00:00Z,SUGG,0,12.8845,temperature
2024-01-10T00:00:00Z,SUGG,0.25,15.148125,temperature
2024-01-10T00:00:00Z,SUGG,0.5,15.1475,temperature
2024-01-10T00:00:00Z,SUGG,0.75,15.14375,temperature
2024-01-10T00:00:00Z,SUGG,1,15.13875,temperature
2024-01-11T00:00:00Z,SUGG,0,12.470416666666669,temperature
2024-01-11T00:00:00Z,SUGG,0.25,15.144166666666669,temperature
2024-01-11T00:00:00Z,SUGG,0.5,14.824375,temperature
2024-01-11T00:00:00Z,SUGG,0.75,14.687708333333331,temperature
2024-01-11T00:00:00Z,SUGG,1,14.63,temperature
2024-01-12T00:00:00Z,SUGG,0,15.346458333333333,temperature
2024-01-12T00:00:00Z,SUGG,0.25,15.325833333333334,temperature
2024-01-12T00:00:00Z,SUGG,0.5,15.189583333333331,temperature
2024-01-12T00:00:00Z,SUGG,0.75,14.959583333333333,temperature
2024-01-12T00:00:00Z,SUGG,1,14.779166666666669,temperature
2024-01-13T00:00:00Z,SUGG,0,15.799166666666666,temperature
2024-01-13T00:00:00Z,SUGG,0.25,15.796041666666667,temperature
2024-01-13T00:00:00Z,SUGG,0.5,15.786041666666666,temperature
2024-01-13T00:00:00Z,SUGG,0.75,15.770625,temperature
2024-01-13T00:00:00Z,SUGG,1,15.740833333333333,temperature
2024-01-14T00:00:00Z,SUGG,0,14.943958333333333,temperature
2024-01-14T00:00:00Z,SUGG,0.25,14.963333333333331,temperature
2024-01-14T00:00:00Z,SUGG,0.5,14.962916666666668,temperature
2024-01-14T00:00:00Z,SUGG,0.75,14.955,temperature
2024-01-14T00:00:00Z,SUGG,1,14.942916666666669,temperature
2024-01-15T00:00:00Z,SUGG,0,14.903958333333334,temperature
2024-01-15T00:00:00Z,SUGG,0.25,14.667446808510638,temperature
2024-01-15T00:00:00Z,SUGG,0.5,14.477916666666667,temperature
2024-01-15T00:00:00Z,SUGG,0.75,14.356458333333332,temperature
2024-01-15T00:00:00Z,SUGG,1,14.285625,temperature
2024-01-16T00:00:00Z,SUGG,0,16.241458333333334,temperature
2024-01-16T00:00:00Z,SUGG,0.25,15.888541666666669,temperature
2024-01-16T00:00:00Z,SUGG,0.5,15.37875,temperature
2024-01-16T00:00:00Z,SUGG,0.75,14.949583333333331,temperature
2024-01-16T00:00:00Z,SUGG,1,14.655625,temperature
2024-01-17T00:00:00Z,SUGG,0,14.328222222222225,temperature
2024-01-17T00:00:00Z,SUGG,0.25,14.353555555555555,temperature
2024-01-17T00:00:00Z,SUGG,0.5,14.352444444444444,temperature
2024-01-17T00:00:00Z,SUGG,0.75,14.346666666666666,temperature
2024-01-17T00:00:00Z,SUGG,1,14.33088888888889,temperature
2024-01-18T00:00:00Z,SUGG,0,13.624375,temperature
2024-01-18T00:00:00Z,SUGG,0.25,13.516041666666666,temperature
2024-01-18T00:00:00Z,SUGG,0.5,13.4375,temperature
2024-01-18T00:00:00Z,SUGG,0.75,13.3725,temperature
2024-01-18T00:00:00Z,SUGG,1,13.322708333333331,temperature
2024-01-19T00:00:00Z,SUGG,0,13.613958333333333,temperature
2024-01-19T00:00:00Z,SUGG,0.25,13.605208333333334,temperature
2024-01-19T00:00:00Z,SUGG,0.5,13.589791666666668,temperature
2024-01-19T00:00:00Z,SUGG,0.75,13.567291666666666,temperature
2024-01-19T00:00:00Z,SUGG,1,13.53875,temperature
2024-01-20T00:00:00Z,SUGG,0,13.4675,temperature
2024-01-20T00:00:00Z,SUGG,0.25,13.491875,temperature
2024-01-20T00:00:00Z,SUGG,0.5,13.489791666666669,temperature
2024-01-20T00:00:00Z,SUGG,0.75,13.479375,temperature
2024-01-20T00:00:00Z,SUGG,1,13.457083333333332,temperature
2024-01-21T00:00:00Z,SUGG,0,12.247291666666667,temperature
2024-01-21T00:00:00Z,SUGG,0.25,12.276666666666667,temperature
2024-01-21T00:00:00Z,SUGG,0.5,12.285,temperature
2024-01-21T00:00:00Z,SUGG,0.75,12.286458333333334,temperature
2024-01-21T00:00:00Z,SUGG,1,12.283333333333331,temperature
2024-01-22T00:00:00Z,SUGG,0,11.766666666666667,temperature
2024-01-22T00:00:00Z,SUGG,0.25,11.76375,temperature
2024-01-22T00:00:00Z,SUGG,0.5,11.747916666666669,temperature
2024-01-22T00:00:00Z,SUGG,0.75,11.725833333333334,temperature
2024-01-22T00:00:00Z,SUGG,1,11.702708333333334,temperature
2024-01-23T00:00:00Z,SUGG,0,12.686875,temperature
2024-01-23T00:00:00Z,SUGG,0.25,12.65625,temperature
2024-01-23T00:00:00Z,SUGG,0.5,12.616666666666667,temperature
2024-01-23T00:00:00Z,SUGG,0.75,12.566666666666666,temperature
2024-01-23T00:00:00Z,SUGG,1,12.491875,temperature
2024-01-24T00:00:00Z,SUGG,0,14.215833333333334,temperature
2024-01-24T00:00:00Z,SUGG,0.25,14.126041666666666,temperature
2024-01-24T00:00:00Z,SUGG,0.5,14.0175,temperature
2024-01-24T00:00:00Z,SUGG,0.75,13.925,temperature
2024-01-24T00:00:00Z,SUGG,1,13.759375,temperature
2024-01-25T00:00:00Z,SUGG,0,16.492708333333333,temperature
2024-01-25T00:00:00Z,SUGG,0.25,16.339791666666667,temperature
2024-01-25T00:00:00Z,SUGG,0.5,16.194375,temperature
2024-01-25T00:00:00Z,SUGG,0.75,15.759375,temperature
2024-01-25T00:00:00Z,SUGG,1,15.040416666666667,temperature
2024-01-26T00:00:00Z,SUGG,0,19.220625,temperature
2024-01-26T00:00:00Z,SUGG,0.25,18.854791666666667,temperature
2024-01-26T00:00:00Z,SUGG,0.5,18.245416666666667,temperature
2024-01-26T00:00:00Z,SUGG,0.75,17.212916666666665,temperature
2024-01-26T00:00:00Z,SUGG,1,15.651458333333334,temperature
2024-01-27T00:00:00Z,SUGG,0,20.260833333333338,temperature
2024-01-27T00:00:00Z,SUGG,0.25,20.173541666666665,temperature
2024-01-27T00:00:00Z,SUGG,0.5,19.557291666666668,temperature
2024-01-27T00:00:00Z,SUGG,0.75,18.284375,temperature
2024-01-27T00:00:00Z,SUGG,1,16.397872340425533,temperature
2024-01-28T00:00:00Z,SUGG,0,19.607083333333332,temperature
2024-01-28T00:00:00Z,SUGG,0.25,19.58875,temperature
2024-01-28T00:00:00Z,SUGG,0.5,19.531458333333333,temperature
2024-01-28T00:00:00Z,SUGG,0.75,19.41125,temperature
2024-01-28T00:00:00Z,SUGG,1,18.852916666666665,temperature
2024-01-29T00:00:00Z,SUGG,0,17.434791666666666,temperature
2024-01-29T00:00:00Z,SUGG,0.25,17.444791666666667,temperature
2024-01-29T00:00:00Z,SUGG,0.5,17.439166666666665,temperature
2024-01-29T00:00:00Z,SUGG,0.75,17.424791666666668,temperature
2024-01-29T00:00:00Z,SUGG,1,17.398333333333333,temperature
2024-01-30T00:00:00Z,SUGG,0,16.715625,temperature
2024-01-30T00:00:00Z,SUGG,0.25,16.583125,temperature
2024-01-30T00:00:00Z,SUGG,0.5,16.486458333333335,temperature
2024-01-30T00:00:00Z,SUGG,0.75,16.401458333333334,temperature
2024-01-30T00:00:00Z,SUGG,1,16.319583333333334,temperature
2024-01-31T00:00:00Z,SUGG,0,16.204791666666665,temperature
2024-01-31T00:00:00Z,SUGG,0.25,16.199791666666666,temperature
2024-01-31T00:00:00Z,SUGG,0.5,16.166041666666665,temperature
2024-01-31T00:00:00Z,SUGG,0.75,16.125625,temperature
2024-01-31T00:00:00Z,SUGG,1,16.027083333333334,temperature
2024-02-01T00:00:00Z,SUGG,0,16.138958333333335,temperature
2024-02-01T00:00:00Z,SUGG,0.25,15.883125,temperature
2024-02-01T00:00:00Z,SUGG,0.5,15.713958333333334,temperature
2024-02-01T00:00:00Z,SUGG,0.75,15.622916666666669,temperature
2024-02-01T00:00:00Z,SUGG,1,15.567083333333333,temperature
2024-02-02T00:00:00Z,SUGG,0,16.072857142857142,temperature
2024-02-02T00:00:00Z,SUGG,0.25,16.063714285714287,temperature
2024-02-02T00:00:00Z,SUGG,0.5,15.918571428571427,temperature
2024-02-02T00:00:00Z,SUGG,0.75,15.647142857142857,temperature
2024-02-02T00:00:00Z,SUGG,1,15.500285714285717,temperature
2024-02-06T00:00:00Z,SUGG,0,16.039166666666667,temperature
2024-02-06T00:00:00Z,SUGG,0.25,16.045833333333334,temperature
2024-02-06T00:00:00Z,SUGG,0.5,16.040833333333335,temperature
2024-02-06T00:00:00Z,SUGG,0.75,16.034166666666668,temperature
2024-02-06T00:00:00Z,SUGG,1,16.028333333333332,temperature
2024-02-07T00:00:00Z,SUGG,0,15.4,temperature
2024-02-07T00:00:00Z,SUGG,0.25,15.418541666666666,temperature
2024-02-07T00:00:00Z,SUGG,0.5,15.415416666666667,temperature
2024-02-07T00:00:00Z,SUGG,0.75,15.4075,temperature
2024-02-07T00:00:00Z,SUGG,1,15.397083333333333,temperature
2024-02-08T00:00:00Z,SUGG,0,15.387916666666667,temperature
2024-02-08T00:00:00Z,SUGG,0.25,15.389166666666666,temperature
2024-02-08T00:00:00Z,SUGG,0.5,15.3675,temperature
2024-02-08T00:00:00Z,SUGG,0.75,15.31875,temperature
2024-02-08T00:00:00Z,SUGG,1,15.239583333333334,temperature
2024-02-09T00:00:00Z,SUGG,0,16.51375,temperature
2024-02-09T00:00:00Z,SUGG,0.25,16.221875,temperature
2024-02-09T00:00:00Z,SUGG,0.5,15.984166666666669,temperature
2024-02-09T00:00:00Z,SUGG,0.75,15.860208333333333,temperature
2024-02-09T00:00:00Z,SUGG,1,15.719791666666666,temperature
2024-02-10T00:00:00Z,SUGG,0,17.354791666666667,temperature
2024-02-10T00:00:00Z,SUGG,0.25,17.031875,temperature
2024-02-10T00:00:00Z,SUGG,0.5,16.792291666666667,temperature
2024-02-10T00:00:00Z,SUGG,0.75,16.530416666666667,temperature
2024-02-10T00:00:00Z,SUGG,1,15.992083333333332,temperature
2024-02-11T00:00:00Z,SUGG,0,17.941041666666667,temperature
2024-02-11T00:00:00Z,SUGG,0.25,17.855625,temperature
2024-02-11T00:00:00Z,SUGG,0.5,17.698541666666667,temperature
2024-02-11T00:00:00Z,SUGG,0.75,17.495833333333334,temperature
2024-02-11T00:00:00Z,SUGG,1,16.983333333333334,temperature
2024-02-12T00:00:00Z,SUGG,0,18.536875,temperature
2024-02-12T00:00:00Z,SUGG,0.25,18.52125,temperature
2024-02-12T00:00:00Z,SUGG,0.5,18.447708333333335,temperature
2024-02-12T00:00:00Z,SUGG,0.75,18.295208333333335,temperature
2024-02-12T00:00:00Z,SUGG,1,17.831875,temperature
2024-02-13T00:00:00Z,SUGG,0,18.104565217391304,temperature
2024-02-13T00:00:00Z,SUGG,0.25,18.108260869565218,temperature
2024-02-13T00:00:00Z,SUGG,0.5,18.10304347826087,temperature
2024-02-13T00:00:00Z,SUGG,0.75,18.09217391304348,temperature
2024-02-13T00:00:00Z,SUGG,1,18.077391304347827,temperature
2024-02-14T00:00:00Z,SUGG,0,17.58075,temperature
2024-02-14T00:00:00Z,SUGG,0.25,17.562,temperature
2024-02-14T00:00:00Z,SUGG,0.5,17.473,temperature
2024-02-14T00:00:00Z,SUGG,0.75,17.393,temperature
2024-02-14T00:00:00Z,SUGG,1,17.35125,temperature
2024-02-15T00:00:00Z,SUGG,0,18.356470588235293,temperature
2024-02-15T00:00:00Z,SUGG,0.25,18.005882352941175,temperature
2024-02-15T00:00:00Z,SUGG,0.5,17.585882352941177,temperature
2024-02-15T00:00:00Z,SUGG,0.75,17.254117647058823,temperature
2024-02-15T00:00:00Z,SUGG,1,17.18470588235294,temperature
2024-02-16T00:00:00Z,SUGG,0,17.620208333333334,temperature
2024-02-16T00:00:00Z,SUGG,0.25,17.42395833333333,temperature
2024-02-16T00:00:00Z,SUGG,0.5,17.250833333333333,temperature
2024-02-16T00:00:00Z,SUGG,0.75,17.126458333333332,temperature
2024-02-16T00:00:00Z,SUGG,1,17.032708333333332,temperature
2024-02-17T00:00:00Z,SUGG,0,17.628125,temperature
2024-02-17T00:00:00Z,SUGG,0.25,17.592916666666667,temperature
2024-02-17T00:00:00Z,SUGG,0.5,17.348541666666666,temperature
2024-02-17T00:00:00Z,SUGG,0.75,17.137291666666666,temperature
2024-02-17T00:00:00Z,SUGG,1,16.953333333333333,temperature
2024-02-18T00:00:00Z,SUGG,0,16.600208333333335,temperature
2024-02-18T00:00:00Z,SUGG,0.25,16.620625,temperature
2024-02-18T00:00:00Z,SUGG,0.5,16.625833333333333,temperature
2024-02-18T00:00:00Z,SUGG,0.75,16.621458333333333,temperature
2024-02-18T00:00:00Z,SUGG,1,16.604583333333334,temperature
2024-02-19T00:00:00Z,SUGG,0,16.108333333333334,temperature
2024-02-19T00:00:00Z,SUGG,0.25,16.107916666666668,temperature
2024-02-19T00:00:00Z,SUGG,0.5,16.083125,temperature
2024-02-19T00:00:00Z,SUGG,0.75,16.044166666666666,temperature
2024-02-19T00:00:00Z,SUGG,1,16.009791666666665,temperature
2024-02-20T00:00:00Z,SUGG,0,16.62333333333333,temperature
2024-02-20T00:00:00Z,SUGG,0.25,16.467291666666668,temperature
2024-02-20T00:00:00Z,SUGG,0.5,16.28729166666667,temperature
2024-02-20T00:00:00Z,SUGG,0.75,16.089375,temperature
2024-02-20T00:00:00Z,SUGG,1,15.919166666666667,temperature
2024-02-21T00:00:00Z,SUGG,0,16.280833333333334,temperature
2024-02-21T00:00:00Z,SUGG,0.25,16.275833333333335,temperature
2024-02-21T00:00:00Z,SUGG,0.5,16.183125,temperature
2024-02-21T00:00:00Z,SUGG,0.75,16.09625,temperature
2024-02-21T00:00:00Z,SUGG,1,16.0425,temperature
2024-02-22T00:00:00Z,SUGG,0,16.636458333333334,temperature
2024-02-22T00:00:00Z,SUGG,0.25,16.334375,temperature
2024-02-22T00:00:00Z,SUGG,0.5,16.1525,temperature
2024-02-22T00:00:00Z,SUGG,0.75,15.971666666666666,temperature
2024-02-22T00:00:00Z,SUGG,1,15.892916666666666,temperature
2024-02-23T00:00:00Z,SUGG,0,16.6025,temperature
2024-02-23T00:00:00Z,SUGG,0.25,16.55666666666667,temperature
2024-02-23T00:00:00Z,SUGG,0.5,16.30291666666667,temperature
2024-02-23T00:00:00Z,SUGG,0.75,16.140208333333334,temperature
2024-02-23T00:00:00Z,SUGG,1,15.987916666666669,temperature
2024-02-24T00:00:00Z,SUGG,0,16.354375,temperature
2024-02-24T00:00:00Z,SUGG,0.25,16.35,temperature
2024-02-24T00:00:00Z,SUGG,0.5,16.33375,temperature
2024-02-24T00:00:00Z,SUGG,0.75,16.315625,temperature
2024-02-24T00:00:00Z,SUGG,1,16.2975,temperature
2024-02-25T00:00:00Z,SUGG,0,17.07875,temperature
2024-02-25T00:00:00Z,SUGG,0.25,16.937708333333333,temperature
2024-02-25T00:00:00Z,SUGG,0.5,16.764166666666668,temperature
2024-02-25T00:00:00Z,SUGG,0.75,16.638125,temperature
2024-02-25T00:00:00Z,SUGG,1,16.421666666666667,temperature
2024-02-26T00:00:00Z,SUGG,0,17.845,temperature
2024-02-26T00:00:00Z,SUGG,0.25,17.77166666666667,temperature
2024-02-26T00:00:00Z,SUGG,0.5,17.535625,temperature
2024-02-26T00:00:00Z,SUGG,0.75,17.258958333333332,temperature
2024-02-26T00:00:00Z,SUGG,1,16.791458333333335,temperature
2024-02-27T00:00:00Z,SUGG,0,18.063125,temperature
2024-02-27T00:00:00Z,SUGG,0.25,18.044166666666666,temperature
2024-02-27T00:00:00Z,SUGG,0.5,17.8475,temperature
2024-02-27T00:00:00Z,SUGG,0.75,17.640208333333334,temperature
2024-02-27T00:00:00Z,SUGG,1,17.240208333333335,temperature
2024-02-28T00:00:00Z,SUGG,0,18.533333333333335,temperature
2024-02-28T00:00:00Z,SUGG,0.25,18.505208333333332,temperature
2024-02-28T00:00:00Z,SUGG,0.5,18.444166666666668,temperature
2024-02-28T00:00:00Z,SUGG,0.75,18.397291666666668,temperature
2024-02-28T00:00:00Z,SUGG,1,18.311041666666668,temperature
2024-02-29T00:00:00Z,SUGG,0,19.124166666666667,temperature
2024-02-29T00:00:00Z,SUGG,0.25,19.129583333333333,temperature
2024-02-29T00:00:00Z,SUGG,0.5,19.125625,temperature
2024-02-29T00:00:00Z,SUGG,0.75,19.115,temperature
2024-02-29T00:00:00Z,SUGG,1,19.090416666666663,temperature
2024-03-01T00:00:00Z,SUGG,0,18.913125,temperature
2024-03-01T00:00:00Z,SUGG,0.25,18.883958333333332,temperature
2024-03-01T00:00:00Z,SUGG,0.5,18.853958333333335,temperature
2024-03-01T00:00:00Z,SUGG,0.75,18.80875,temperature
2024-03-01T00:00:00Z,SUGG,1,18.749791666666667,temperature
2024-03-02T00:00:00Z,SUGG,0,20.320625,temperature
2024-03-02T00:00:00Z,SUGG,0.25,20.038125,temperature
2024-03-02T00:00:00Z,SUGG,0.5,19.823125,temperature
2024-03-02T00:00:00Z,SUGG,0.75,19.605,temperature
2024-03-02T00:00:00Z,SUGG,1,19.323125,temperature
2024-03-03T00:00:00Z,SUGG,0,21.039583333333333,temperature
2024-03-03T00:00:00Z,SUGG,0.25,20.871666666666663,temperature
2024-03-03T00:00:00Z,SUGG,0.5,20.471041666666668,temperature
2024-03-03T00:00:00Z,SUGG,0.75,19.770625,temperature
2024-03-03T00:00:00Z,SUGG,1,19.185208333333332,temperature
2024-03-04T00:00:00Z,SUGG,0,21.2845,temperature
2024-03-04T00:00:00Z,SUGG,0.25,21.263,temperature
2024-03-04T00:00:00Z,SUGG,0.5,21.038,temperature
2024-03-04T00:00:00Z,SUGG,0.75,20.35825,temperature
2024-03-04T00:00:00Z,SUGG,1,19.5965,temperature
2024-03-05T00:00:00Z,SUGG,0,21.59,temperature
2024-03-05T00:00:00Z,SUGG,0.25,21.547291666666663,temperature
2024-03-05T00:00:00Z,SUGG,0.5,21.327291666666667,temperature
2024-03-05T00:00:00Z,SUGG,0.75,20.959583333333335,temperature
2024-03-05T00:00:00Z,SUGG,1,20.300833333333333,temperature
2024-03-06T00:00:00Z,SUGG,0,21.607916666666668,temperature
2024-03-06T00:00:00Z,SUGG,0.25,21.593958333333333,temperature
2024-03-06T00:00:00Z,SUGG,0.5,21.55125,temperature
2024-03-06T00:00:00Z,SUGG,0.75,21.427083333333332,temperature
2024-03-06T00:00:00Z,SUGG,1,21.016875,temperature
2024-03-07T00:00:00Z,SUGG,0,22.984166666666667,temperature
2024-03-07T00:00:00Z,SUGG,0.25,22.10191489361702,temperature
2024-03-07T00:00:00Z,SUGG,0.5,21.628958333333333,temperature
2024-03-07T00:00:00Z,SUGG,0.75,21.45,temperature
2024-03-07T00:00:00Z,SUGG,1,21.31833333333333,temperature
2024-03-08T00:00:00Z,SUGG,0,22.498541666666668,temperature
2024-03-08T00:00:00Z,SUGG,0.25,22.454583333333332,temperature
2024-03-08T00:00:00Z,SUGG,0.5,22.210833333333333,temperature
2024-03-08T00:00:00Z,SUGG,0.75,21.824375,temperature
2024-03-08T00:00:00Z,SUGG,1,21.346458333333334,temperature
2024-03-09T00:00:00Z,SUGG,0,22.824375,temperature
2024-03-09T00:00:00Z,SUGG,0.25,22.819375,temperature
2024-03-09T00:00:00Z,SUGG,0.5,22.8025,temperature
2024-03-09T00:00:00Z,SUGG,0.75,22.762916666666666,temperature
2024-03-09T00:00:00Z,SUGG,1,22.646458333333335,temperature
2024-03-10T00:00:00Z,SUGG,0,22.821666666666665,temperature
2024-03-10T00:00:00Z,SUGG,0.25,22.824375,temperature
2024-03-10T00:00:00Z,SUGG,0.5,22.81458333333333,temperature
2024-03-10T00:00:00Z,SUGG,0.75,22.796041666666667,temperature
2024-03-10T00:00:00Z,SUGG,1,22.766041666666663,temperature
2024-03-11T00:00:00Z,SUGG,0,21.52875,temperature
2024-03-11T00:00:00Z,SUGG,0.25,21.5425,temperature
2024-03-11T00:00:00Z,SUGG,0.5,21.52520833333333,temperature
2024-03-11T00:00:00Z,SUGG,0.75,21.491666666666667,temperature
2024-03-11T00:00:00Z,SUGG,1,21.434375,temperature
2024-03-12T00:00:00Z,SUGG,0,21.913958333333333,temperature
2024-03-12T00:00:00Z,SUGG,0.25,21.65808510638298,temperature
2024-03-12T00:00:00Z,SUGG,0.5,21.199791666666663,temperature
2024-03-12T00:00:00Z,SUGG,0.75,20.595416666666665,temperature
2024-03-12T00:00:00Z,SUGG,1,20.487916666666667,temperature
2024-03-13T00:00:00Z,SUGG,0,22.883125,temperature
2024-03-13T00:00:00Z,SUGG,0.25,22.689166666666665,temperature
2024-03-13T00:00:00Z,SUGG,0.5,21.88875,temperature
2024-03-13T00:00:00Z,SUGG,0.75,20.953541666666663,temperature
2024-03-13T00:00:00Z,SUGG,1,20.422708333333333,temperature
2024-03-14T00:00:00Z,SUGG,0,23.386875,temperature
2024-03-14T00:00:00Z,SUGG,0.25,22.407234042553192,temperature
2024-03-14T00:00:00Z,SUGG,0.5,21.70895833333333,temperature
2024-03-14T00:00:00Z,SUGG,0.75,20.941041666666667,temperature
2024-03-14T00:00:00Z,SUGG,1,20.419166666666666,temperature
2024-03-15T00:00:00Z,SUGG,0,23.15125,temperature
2024-03-15T00:00:00Z,SUGG,0.25,22.835416666666667,temperature
2024-03-15T00:00:00Z,SUGG,0.5,22.315833333333337,temperature
2024-03-15T00:00:00Z,SUGG,0.75,21.8025,temperature
2024-03-15T00:00:00Z,SUGG,1,21.309583333333332,temperature
2024-03-16T00:00:00Z,SUGG,0,23.877916666666668,temperature
2024-03-16T00:00:00Z,SUGG,0.25,23.795208333333335,temperature
2024-03-16T00:00:00Z,SUGG,0.5,23.643958333333337,temperature
2024-03-16T00:00:00Z,SUGG,0.75,23.357708333333335,temperature
2024-03-16T00:00:00Z,SUGG,1,22.32851063829787,temperature
2024-03-17T00:00:00Z,SUGG,0,24.8025,temperature
2024-03-17T00:00:00Z,SUGG,0.25,24.577083333333334,temperature
2024-03-17T00:00:00Z,SUGG,0.5,24.393333333333334,temperature
2024-03-17T00:00:00Z,SUGG,0.75,24.158125,temperature
2024-03-17T00:00:00Z,SUGG,1,23.00217391304348,temperature
2024-03-18T00:00:00Z,SUGG,0,24.54083333333333,temperature
2024-03-18T00:00:00Z,SUGG,0.25,24.5,temperature
2024-03-18T00:00:00Z,SUGG,0.5,24.4025,temperature
2024-03-18T00:00:00Z,SUGG,0.75,24.276875,temperature
2024-03-18T00:00:00Z,SUGG,1,23.001458333333332,temperature
2024-03-19T00:00:00Z,SUGG,0,21.99395833333333,temperature
2024-03-19T00:00:00Z,SUGG,0.25,21.988958333333333,temperature
2024-03-19T00:00:00Z,SUGG,0.5,21.92625,temperature
2024-03-19T00:00:00Z,SUGG,0.75,21.86375,temperature
2024-03-19T00:00:00Z,SUGG,1,21.72833333333333,temperature
2024-03-20T00:00:00Z,SUGG,0,21.368125,temperature
2024-03-20T00:00:00Z,SUGG,0.25,21.107708333333335,temperature
2024-03-20T00:00:00Z,SUGG,0.5,20.874583333333337,temperature
2024-03-20T00:00:00Z,SUGG,0.75,20.66229166666667,temperature
2024-03-20T00:00:00Z,SUGG,1,20.535416666666663,temperature
2024-03-21T00:00:00Z,SUGG,0,21.394166666666667,temperature
2024-03-21T00:00:00Z,SUGG,0.25,21.314583333333335,temperature
2024-03-21T00:00:00Z,SUGG,0.5,20.959791666666668,temperature
2024-03-21T00:00:00Z,SUGG,0.75,20.568541666666665,temperature
2024-03-21T00:00:00Z,SUGG,1,20.212916666666665,temperature
2024-03-22T00:00:00Z,SUGG,0,21.06625,temperature
2024-03-22T00:00:00Z,SUGG,0.25,21.063333333333333,temperature
2024-03-22T00:00:00Z,SUGG,0.5,20.91,temperature
2024-03-22T00:00:00Z,SUGG,0.75,20.612291666666668,temperature
2024-03-22T00:00:00Z,SUGG,1,20.387916666666666,temperature
2024-03-23T00:00:00Z,SUGG,0,21.129375,temperature
2024-03-23T00:00:00Z,SUGG,0.25,21.022083333333335,temperature
2024-03-23T00:00:00Z,SUGG,0.5,20.913125,temperature
2024-03-23T00:00:00Z,SUGG,0.75,20.801041666666663,temperature
2024-03-23T00:00:00Z,SUGG,1,20.71625,temperature
2024-03-24T00:00:00Z,SUGG,0,20.971666666666668,temperature
2024-03-24T00:00:00Z,SUGG,0.25,20.97875,temperature
2024-03-24T00:00:00Z,SUGG,0.5,20.965833333333332,temperature
2024-03-24T00:00:00Z,SUGG,0.75,20.937708333333333,temperature
2024-03-24T00:00:00Z,SUGG,1,20.859583333333333,temperature
2024-03-25T00:00:00Z,SUGG,0,20.388333333333332,temperature
2024-03-25T00:00:00Z,SUGG,0.25,20.395833333333332,temperature
2024-03-25T00:00:00Z,SUGG,0.5,20.39375,temperature
2024-03-25T00:00:00Z,SUGG,0.75,20.379375,temperature
2024-03-25T00:00:00Z,SUGG,1,20.36625,temperature
2024-03-26T00:00:00Z,SUGG,0,21.232291666666665,temperature
2024-03-26T00:00:00Z,SUGG,0.25,21.199791666666663,temperature
2024-03-26T00:00:00Z,SUGG,0.5,21.109583333333333,temperature
2024-03-26T00:00:00Z,SUGG,0.75,21.009166666666665,temperature
2024-03-26T00:00:00Z,SUGG,1,20.84375,temperature
2024-03-27T00:00:00Z,SUGG,0,22.120416666666667,temperature
2024-03-27T00:00:00Z,SUGG,0.25,22.123958333333334,temperature
2024-03-27T00:00:00Z,SUGG,0.5,22.1025,temperature
2024-03-27T00:00:00Z,SUGG,0.75,21.873958333333334,temperature
2024-03-27T00:00:00Z,SUGG,1,21.419166666666666,temperature
2024-03-28T00:00:00Z,SUGG,0,21.528125,temperature
2024-03-28T00:00:00Z,SUGG,0.25,21.52166666666667,temperature
2024-03-28T00:00:00Z,SUGG,0.5,21.50979166666667,temperature
2024-03-28T00:00:00Z,SUGG,0.75,21.484791666666663,temperature
2024-03-28T00:00:00Z,SUGG,1,21.453958333333333,temperature
2024-03-29T00:00:00Z,SUGG,0,21.970625,temperature
2024-03-29T00:00:00Z,SUGG,0.25,21.900833333333335,temperature
2024-03-29T00:00:00Z,SUGG,0.5,21.750833333333333,temperature
2024-03-29T00:00:00Z,SUGG,0.75,21.609375,temperature
2024-03-29T00:00:00Z,SUGG,1,21.497916666666665,temperature
2024-03-30T00:00:00Z,SUGG,0,22.372708333333332,temperature
2024-03-30T00:00:00Z,SUGG,0.25,22.234791666666663,temperature
2024-03-30T00:00:00Z,SUGG,0.5,22.101041666666667,temperature
2024-03-30T00:00:00Z,SUGG,0.75,21.946458333333332,temperature
2024-03-30T00:00:00Z,SUGG,1,21.799375,temperature
2024-03-31T00:00:00Z,SUGG,0,22.732083333333332,temperature
2024-03-31T00:00:00Z,SUGG,0.25,22.642916666666668,temperature
2024-03-31T00:00:00Z,SUGG,0.5,22.512083333333333,temperature
2024-03-31T00:00:00Z,SUGG,0.75,22.329166666666666,temperature
2024-03-31T00:00:00Z,SUGG,1,22.113958333333333,temperature
2024-04-01T00:00:00Z,SUGG,0,23.228125,temperature
2024-04-01T00:00:00Z,SUGG,0.25,23.201041666666665,temperature
2024-04-01T00:00:00Z,SUGG,0.5,23.149375,temperature
2024-04-01T00:00:00Z,SUGG,0.75,23.074791666666663,temperature
2024-04-01T00:00:00Z,SUGG,1,22.745625,temperature
2024-04-02T00:00:00Z,SUGG,0,23.894583333333333,temperature
2024-04-02T00:00:00Z,SUGG,0.25,23.888333333333332,temperature
2024-04-02T00:00:00Z,SUGG,0.5,23.845416666666665,temperature
2024-04-02T00:00:00Z,SUGG,0.75,23.596875,temperature
2024-04-02T00:00:00Z,SUGG,1,23.17875,temperature
2024-04-03T00:00:00Z,SUGG,0,23.328541666666663,temperature
2024-04-03T00:00:00Z,SUGG,0.25,23.338541666666668,temperature
2024-04-03T00:00:00Z,SUGG,0.5,23.340416666666663,temperature
2024-04-03T00:00:00Z,SUGG,0.75,23.337291666666665,temperature
2024-04-03T00:00:00Z,SUGG,1,23.326458333333335,temperature
2024-04-04T00:00:00Z,SUGG,0,21.971875,temperature
2024-04-04T00:00:00Z,SUGG,0.25,21.986875,temperature
2024-04-04T00:00:00Z,SUGG,0.5,21.988125,temperature
2024-04-04T00:00:00Z,SUGG,0.75,21.982083333333332,temperature
2024-04-04T00:00:00Z,SUGG,1,21.976041666666667,temperature
2024-04-05T00:00:00Z,SUGG,0,21.695833333333333,temperature
2024-04-05T00:00:00Z,SUGG,0.25,21.696666666666665,temperature
2024-04-05T00:00:00Z,SUGG,0.5,21.686875,temperature
2024-04-05T00:00:00Z,SUGG,0.75,21.669166666666666,temperature
2024-04-05T00:00:00Z,SUGG,1,21.65375,temperature
2024-04-06T00:00:00Z,SUGG,0,22.070625,temperature
2024-04-06T00:00:00Z,SUGG,0.25,22.03125,temperature
2024-04-06T00:00:00Z,SUGG,0.5,21.949583333333333,temperature
2024-04-06T00:00:00Z,SUGG,0.75,21.827916666666667,temperature
2024-04-06T00:00:00Z,SUGG,1,21.616041666666668,temperature
2024-04-07T00:00:00Z,SUGG,0,22.034791666666667,temperature
2024-04-07T00:00:00Z,SUGG,0.25,22.010208333333335,temperature
2024-04-07T00:00:00Z,SUGG,0.5,21.92375,temperature
2024-04-07T00:00:00Z,SUGG,0.75,21.7375,temperature
2024-04-07T00:00:00Z,SUGG,1,21.414791666666662,temperature
2024-04-08T00:00:00Z,SUGG,0,22.169791666666665,temperature
2024-04-08T00:00:00Z,SUGG,0.25,22.16229166666667,temperature
2024-04-08T00:00:00Z,SUGG,0.5,22.128958333333333,temperature
2024-04-08T00:00:00Z,SUGG,0.75,22.071875,temperature
2024-04-08T00:00:00Z,SUGG,1,21.885208333333335,temperature
2024-04-09T00:00:00Z,SUGG,0,22.599375,temperature
2024-04-09T00:00:00Z,SUGG,0.25,22.589791666666667,temperature
2024-04-09T00:00:00Z,SUGG,0.5,22.549583333333334,temperature
2024-04-09T00:00:00Z,SUGG,0.75,22.449166666666667,temperature
2024-04-09T00:00:00Z,SUGG,1,22.177291666666665,temperature
2024-04-10T00:00:00Z,SUGG,0,22.91,temperature
2024-04-10T00:00:00Z,SUGG,0.25,22.91191489361702,temperature
2024-04-10T00:00:00Z,SUGG,0.5,22.89872340425532,temperature
2024-04-10T00:00:00Z,SUGG,0.75,22.852978723404256,temperature
2024-04-10T00:00:00Z,SUGG,1,22.765744680851064,temperature
2024-04-11T00:00:00Z,SUGG,0,22.785416666666663,temperature
2024-04-11T00:00:00Z,SUGG,0.25,22.781458333333333,temperature
2024-04-11T00:00:00Z,SUGG,0.5,22.7725,temperature
2024-04-11T00:00:00Z,SUGG,0.75,22.754166666666663,temperature
2024-04-11T00:00:00Z,SUGG,1,22.730833333333333,temperature
2024-04-12T00:00:00Z,SUGG,0,22.378958333333333,temperature
2024-04-12T00:00:00Z,SUGG,0.25,22.382708333333333,temperature
2024-04-12T00:00:00Z,SUGG,0.5,22.378333333333337,temperature
2024-04-12T00:00:00Z,SUGG,0.75,22.36895833333333,temperature
2024-04-12T00:00:00Z,SUGG,1,22.360208333333333,temperature
2024-04-13T00:00:00Z,SUGG,0,22.645,temperature
2024-04-13T00:00:00Z,SUGG,0.25,22.6025,temperature
2024-04-13T00:00:00Z,SUGG,0.5,22.527083333333337,temperature
2024-04-13T00:00:00Z,SUGG,0.75,22.39645833333333,temperature
2024-04-13T00:00:00Z,SUGG,1,22.230208333333337,temperature
2024-04-14T00:00:00Z,SUGG,0,24.450416666666666,temperature
2024-04-14T00:00:00Z,SUGG,0.25,23.717446808510637,temperature
2024-04-14T00:00:00Z,SUGG,0.5,22.887291666666663,temperature
2024-04-14T00:00:00Z,SUGG,0.75,22.590833333333332,temperature
2024-04-14T00:00:00Z,SUGG,1,22.375416666666663,temperature
2024-04-15T00:00:00Z,SUGG,0,26.550416666666667,temperature
2024-04-15T00:00:00Z,SUGG,0.25,25.413125,temperature
2024-04-15T00:00:00Z,SUGG,0.5,23.537916666666668,temperature
2024-04-15T00:00:00Z,SUGG,0.75,22.544166666666666,temperature
2024-04-15T00:00:00Z,SUGG,1,22.147083333333335,temperature
2024-04-16T00:00:00Z,SUGG,0,26.082291666666663,temperature
2024-04-16T00:00:00Z,SUGG,0.25,25.881666666666668,temperature
2024-04-16T00:00:00Z,SUGG,0.5,24.567708333333332,temperature
2024-04-16T00:00:00Z,SUGG,0.75,23.045208333333335,temperature
2024-04-16T00:00:00Z,SUGG,1,22.226666666666667,temperature
2024-04-17T00:00:00Z,SUGG,0,25.55,temperature
2024-04-17T00:00:00Z,SUGG,0.25,25.433958333333333,temperature
2024-04-17T00:00:00Z,SUGG,0.5,25.124791666666667,temperature
2024-04-17T00:00:00Z,SUGG,0.75,24.298333333333332,temperature
2024-04-17T00:00:00Z,SUGG,1,22.977291666666662,temperature
2024-04-18T00:00:00Z,SUGG,0,28.032916666666665,temperature
2024-04-18T00:00:00Z,SUGG,0.25,27.049791666666668,temperature
2024-04-18T00:00:00Z,SUGG,0.5,26.200625,temperature
2024-04-18T00:00:00Z,SUGG,0.75,24.786458333333332,temperature
2024-04-18T00:00:00Z,SUGG,1,23.198125,temperature
2024-04-19T00:00:00Z,SUGG,0,28.531458333333333,temperature
2024-04-19T00:00:00Z,SUGG,0.25,28.020416666666662,temperature
2024-04-19T00:00:00Z,SUGG,0.5,26.887708333333332,temperature
2024-04-19T00:00:00Z,SUGG,0.75,25.042765957446807,temperature
2024-04-19T00:00:00Z,SUGG,1,23.322916666666668,temperature
2024-04-20T00:00:00Z,SUGG,0,28.439583333333335,temperature
2024-04-20T00:00:00Z,SUGG,0.25,28.129787234042553,temperature
2024-04-20T00:00:00Z,SUGG,0.5,27.620208333333338,temperature
2024-04-20T00:00:00Z,SUGG,0.75,25.96913043478261,temperature
2024-04-20T00:00:00Z,SUGG,1,23.5225,temperature
2024-04-21T00:00:00Z,SUGG,0,27.126041666666666,temperature
2024-04-21T00:00:00Z,SUGG,0.25,27.107291666666665,temperature
2024-04-21T00:00:00Z,SUGG,0.5,27.074375,temperature
2024-04-21T00:00:00Z,SUGG,0.75,26.602340425531914,temperature
2024-04-21T00:00:00Z,SUGG,1,24.913958333333333,temperature
2024-04-22T00:00:00Z,SUGG,0,25.366041666666668,temperature
2024-04-22T00:00:00Z,SUGG,0.25,25.372291666666666,temperature
2024-04-22T00:00:00Z,SUGG,0.5,25.35625,temperature
2024-04-22T00:00:00Z,SUGG,0.75,25.318333333333335,temperature
2024-04-22T00:00:00Z,SUGG,1,25.1075,temperature
2024-04-23T00:00:00Z,SUGG,0,24.279166666666665,temperature
2024-04-23T00:00:00Z,SUGG,0.25,24.251666666666665,temperature
2024-04-23T00:00:00Z,SUGG,0.5,24.181041666666665,temperature
2024-04-23T00:00:00Z,SUGG,0.75,24.063333333333333,temperature
2024-04-23T00:00:00Z,SUGG,1,23.780416666666667,temperature
2024-04-24T00:00:00Z,SUGG,0,24.95875,temperature
2024-04-24T00:00:00Z,SUGG,0.25,24.57875,temperature
2024-04-24T00:00:00Z,SUGG,0.5,24.313333333333333,temperature
2024-04-24T00:00:00Z,SUGG,0.75,23.853125,temperature
2024-04-24T00:00:00Z,SUGG,1,23.57625,temperature
2024-04-25T00:00:00Z,SUGG,0,26.858958333333337,temperature
2024-04-25T00:00:00Z,SUGG,0.25,25.681666666666665,temperature
2024-04-25T00:00:00Z,SUGG,0.5,24.502083333333335,temperature
2024-04-25T00:00:00Z,SUGG,0.75,23.839791666666667,temperature
2024-04-25T00:00:00Z,SUGG,1,23.454166666666666,temperature
2024-04-26T00:00:00Z,SUGG,0,26.50375,temperature
2024-04-26T00:00:00Z,SUGG,0.25,26.233958333333337,temperature
2024-04-26T00:00:00Z,SUGG,0.5,25.140625,temperature
2024-04-26T00:00:00Z,SUGG,0.75,24.136666666666667,temperature
2024-04-26T00:00:00Z,SUGG,1,23.51375,temperature
2024-04-27T00:00:00Z,SUGG,0,24.913125,temperature
2024-04-27T00:00:00Z,SUGG,0.25,24.88854166666667,temperature
2024-04-27T00:00:00Z,SUGG,0.5,24.772916666666667,temperature
2024-04-27T00:00:00Z,SUGG,0.75,24.556041666666665,temperature
2024-04-27T00:00:00Z,SUGG,1,23.9325,temperature
2024-04-28T00:00:00Z,SUGG,0,24.221041666666668,temperature
2024-04-28T00:00:00Z,SUGG,0.25,24.218333333333337,temperature
2024-04-28T00:00:00Z,SUGG,0.5,24.2025,temperature
2024-04-28T00:00:00Z,SUGG,0.75,24.168333333333333,temperature
2024-04-28T00:00:00Z,SUGG,1,24.104166666666668,temperature
2024-04-29T00:00:00Z,SUGG,0,24.712083333333332,temperature
2024-04-29T00:00:00Z,SUGG,0.25,24.635416666666668,temperature
2024-04-29T00:00:00Z,SUGG,0.5,24.435531914893616,temperature
2024-04-29T00:00:00Z,SUGG,0.75,24.168541666666663,temperature
2024-04-29T00:00:00Z,SUGG,1,23.990625,temperature
2024-04-30T00:00:00Z,SUGG,0,25.966041666666666,temperature
2024-04-30T00:00:00Z,SUGG,0.25,25.840416666666663,temperature
2024-04-30T00:00:00Z,SUGG,0.5,25.63104166666667,temperature
2024-04-30T00:00:00Z,SUGG,0.75,25.035208333333333,temperature
2024-04-30T00:00:00Z,SUGG,1,24.372916666666665,temperature
2024-05-01T00:00:00Z,SUGG,0,28.44708333333333,temperature
2024-05-01T00:00:00Z,SUGG,0.25,27.886875,temperature
2024-05-01T00:00:00Z,SUGG,0.5,26.182916666666667,temperature
2024-05-01T00:00:00Z,SUGG,0.75,25.406458333333333,temperature
2024-05-01T00:00:00Z,SUGG,1,24.45625,temperature
2024-05-02T00:00:00Z,SUGG,0,29.160833333333333,temperature
2024-05-02T00:00:00Z,SUGG,0.25,28.720833333333335,temperature
2024-05-02T00:00:00Z,SUGG,0.5,27.185744680851062,temperature
2024-05-02T00:00:00Z,SUGG,0.75,25.79625,temperature
2024-05-02T00:00:00Z,SUGG,1,24.742083333333333,temperature
2024-05-03T00:00:00Z,SUGG,0,28.74020833333333,temperature
2024-05-03T00:00:00Z,SUGG,0.25,28.298541666666665,temperature
2024-05-03T00:00:00Z,SUGG,0.5,27.738125,temperature
2024-05-03T00:00:00Z,SUGG,0.75,26.764375,temperature
2024-05-03T00:00:00Z,SUGG,1,24.931875,temperature
2024-05-04T00:00:00Z,SUGG,0,28.48604166666667,temperature
2024-05-04T00:00:00Z,SUGG,0.25,28.104791666666667,temperature
2024-05-04T00:00:00Z,SUGG,0.5,27.672916666666666,temperature
2024-05-04T00:00:00Z,SUGG,0.75,27.093958333333333,temperature
2024-05-04T00:00:00Z,SUGG,1,25.367291666666667,temperature
2024-05-05T00:00:00Z,SUGG,0,28.643333333333334,temperature
2024-05-05T00:00:00Z,SUGG,0.25,28.4375,temperature
2024-05-05T00:00:00Z,SUGG,0.5,27.949375,temperature
2024-05-05T00:00:00Z,SUGG,0.75,27.088333333333335,temperature
2024-05-05T00:00:00Z,SUGG,1,25.58625,temperature
2024-05-06T00:00:00Z,SUGG,0,28.916875,temperature
2024-05-06T00:00:00Z,SUGG,0.25,28.827291666666667,temperature
2024-05-06T00:00:00Z,SUGG,0.5,28.54617021276596,temperature
2024-05-06T00:00:00Z,SUGG,0.75,27.73,temperature
2024-05-06T00:00:00Z,SUGG,1,26.07208333333333,temperature
2024-05-07T00:00:00Z,SUGG,0,29.495208333333338,temperature
2024-05-07T00:00:00Z,SUGG,0.25,29.373958333333334,temperature
2024-05-07T00:00:00Z,SUGG,0.5,29.029375,temperature
2024-05-07T00:00:00Z,SUGG,0.75,27.912708333333335,temperature
2024-05-07T00:00:00Z,SUGG,1,26.487291666666668,temperature
2024-05-08T00:00:00Z,SUGG,0,30.296041666666667,temperature
2024-05-08T00:00:00Z,SUGG,0.25,30.229375,temperature
2024-05-08T00:00:00Z,SUGG,0.5,29.842083333333335,temperature
2024-05-08T00:00:00Z,SUGG,0.75,28.552291666666665,temperature
2024-05-08T00:00:00Z,SUGG,1,26.475208333333335,temperature
2024-05-09T00:00:00Z,SUGG,0,30.311666666666667,temperature
2024-05-09T00:00:00Z,SUGG,0.25,30.2975,temperature
2024-05-09T00:00:00Z,SUGG,0.5,30.242708333333333,temperature
2024-05-09T00:00:00Z,SUGG,0.75,29.56125,temperature
2024-05-09T00:00:00Z,SUGG,1,28.016595744680853,temperature
2024-05-10T00:00:00Z,SUGG,0,28.967916666666667,temperature
2024-05-10T00:00:00Z,SUGG,0.25,28.97,temperature
2024-05-10T00:00:00Z,SUGG,0.5,28.958333333333332,temperature
2024-05-10T00:00:00Z,SUGG,0.75,28.925833333333333,temperature
2024-05-10T00:00:00Z,SUGG,1,28.385833333333338,temperature
2024-05-11T00:00:00Z,SUGG,0,28.487291666666668,temperature
2024-05-11T00:00:00Z,SUGG,0.25,28.374791666666667,temperature
2024-05-11T00:00:00Z,SUGG,0.5,28.17875,temperature
2024-05-11T00:00:00Z,SUGG,0.75,28.030416666666667,temperature
2024-05-11T00:00:00Z,SUGG,1,27.538958333333333,temperature
2024-05-12T00:00:00Z,SUGG,0,28.24041666666667,temperature
2024-05-12T00:00:00Z,SUGG,0.25,28.202708333333337,temperature
2024-05-12T00:00:00Z,SUGG,0.5,28.105,temperature
2024-05-12T00:00:00Z,SUGG,0.75,27.805208333333333,temperature
2024-05-12T00:00:00Z,SUGG,1,27.288333333333338,temperature
2024-05-13T00:00:00Z,SUGG,0,27.079583333333332,temperature
2024-05-13T00:00:00Z,SUGG,0.25,27.089583333333337,temperature
2024-05-13T00:00:00Z,SUGG,0.5,27.090208333333333,temperature
2024-05-13T00:00:00Z,SUGG,0.75,27.061458333333334,temperature
2024-05-13T00:00:00Z,SUGG,1,26.932083333333335,temperature
2024-05-14T00:00:00Z,SUGG,0,26.329166666666666,temperature
2024-05-14T00:00:00Z,SUGG,0.25,26.315833333333337,temperature
2024-05-14T00:00:00Z,SUGG,0.5,26.295416666666668,temperature
2024-05-14T00:00:00Z,SUGG,0.75,26.263125,temperature
2024-05-14T00:00:00Z,SUGG,1,26.238541666666663,temperature
2024-05-15T00:00:00Z,SUGG,0,27.067083333333333,temperature
2024-05-15T00:00:00Z,SUGG,0.25,27.057916666666667,temperature
2024-05-15T00:00:00Z,SUGG,0.5,27.035625,temperature
2024-05-15T00:00:00Z,SUGG,0.75,26.996666666666663,temperature
2024-05-15T00:00:00Z,SUGG,1,26.954791666666665,temperature
2024-05-16T00:00:00Z,SUGG,0,28.289791666666662,temperature
2024-05-16T00:00:00Z,SUGG,0.25,28.147916666666667,temperature
2024-05-16T00:00:00Z,SUGG,0.5,27.85625,temperature
2024-05-16T00:00:00Z,SUGG,0.75,27.178333333333335,temperature
2024-05-16T00:00:00Z,SUGG,1,26.798333333333332,temperature
2024-05-17T00:00:00Z,SUGG,0,29.239166666666662,temperature
2024-05-17T00:00:00Z,SUGG,0.25,29.179583333333333,temperature
2024-05-17T00:00:00Z,SUGG,0.5,28.854583333333338,temperature
2024-05-17T00:00:00Z,SUGG,0.75,27.928333333333335,temperature
2024-05-17T00:00:00Z,SUGG,1,26.946875,temperature
2024-05-18T00:00:00Z,SUGG,0,28.732083333333332,temperature
2024-05-18T00:00:00Z,SUGG,0.25,28.720208333333332,temperature
2024-05-18T00:00:00Z,SUGG,0.5,28.629375,temperature
2024-05-18T00:00:00Z,SUGG,0.75,28.306875,temperature
2024-05-18T00:00:00Z,SUGG,1,27.730833333333333,temperature
2024-05-19T00:00:00Z,SUGG,0,28.17375,temperature
2024-05-19T00:00:00Z,SUGG,0.25,28.156041666666667,temperature
2024-05-19T00:00:00Z,SUGG,0.5,28.124375,temperature
2024-05-19T00:00:00Z,SUGG,0.75,28.07625,temperature
2024-05-19T00:00:00Z,SUGG,1,27.99375,temperature
2024-05-20T00:00:00Z,SUGG,0,28.231875,temperature
2024-05-20T00:00:00Z,SUGG,0.25,28.234375,temperature
2024-05-20T00:00:00Z,SUGG,0.5,28.207708333333333,temperature
2024-05-20T00:00:00Z,SUGG,0.75,28.152916666666663,temperature
2024-05-20T00:00:00Z,SUGG,1,28,temperature
2024-05-21T00:00:00Z,SUGG,0,27.903958333333332,temperature
2024-05-21T00:00:00Z,SUGG,0.25,27.782083333333333,temperature
2024-05-21T00:00:00Z,SUGG,0.5,27.634375,temperature
2024-05-21T00:00:00Z,SUGG,0.75,27.412708333333335,temperature
2024-05-21T00:00:00Z,SUGG,1,27.274583333333332,temperature
2024-05-22T00:00:00Z,SUGG,0,28.443125,temperature
2024-05-22T00:00:00Z,SUGG,0.25,28.422291666666663,temperature
2024-05-22T00:00:00Z,SUGG,0.5,28.364375,temperature
2024-05-22T00:00:00Z,SUGG,0.75,28.196458333333332,temperature
2024-05-22T00:00:00Z,SUGG,1,27.621458333333333,temperature
2024-05-23T00:00:00Z,SUGG,0,29.2375,temperature
2024-05-23T00:00:00Z,SUGG,0.25,28.779583333333335,temperature
2024-05-23T00:00:00Z,SUGG,0.5,28.343333333333337,temperature
2024-05-23T00:00:00Z,SUGG,0.75,28.103125,temperature
2024-05-23T00:00:00Z,SUGG,1,27.852291666666662,temperature
2024-05-24T00:00:00Z,SUGG,0,30.155208333333334,temperature
2024-05-24T00:00:00Z,SUGG,0.25,29.820625,temperature
2024-05-24T00:00:00Z,SUGG,0.5,29.192083333333333,temperature
2024-05-24T00:00:00Z,SUGG,0.75,28.370208333333338,temperature
2024-05-24T00:00:00Z,SUGG,1,27.790416666666665,temperature
2024-05-25T00:00:00Z,SUGG,0,30.952916666666667,temperature
2024-05-25T00:00:00Z,SUGG,0.25,30.875416666666663,temperature
2024-05-25T00:00:00Z,SUGG,0.5,30.31625,temperature
2024-05-25T00:00:00Z,SUGG,0.75,29.196875,temperature
2024-05-25T00:00:00Z,SUGG,1,27.993333333333332,temperature
2024-05-26T00:00:00Z,SUGG,0,31.59,temperature
2024-05-26T00:00:00Z,SUGG,0.25,31.358958333333337,temperature
2024-05-26T00:00:00Z,SUGG,0.5,31.099583333333335,temperature
2024-05-26T00:00:00Z,SUGG,0.75,29.770833333333332,temperature
2024-05-26T00:00:00Z,SUGG,1,28.298333333333332,temperature
2024-05-27T00:00:00Z,SUGG,0,31.897916666666667,temperature
2024-05-27T00:00:00Z,SUGG,0.25,31.874166666666667,temperature
2024-05-27T00:00:00Z,SUGG,0.5,31.673333333333332,temperature
2024-05-27T00:00:00Z,SUGG,0.75,30.615416666666665,temperature
2024-05-27T00:00:00Z,SUGG,1,28.420625,temperature
2024-05-28T00:00:00Z,SUGG,0,31.341041666666666,temperature
2024-05-28T00:00:00Z,SUGG,0.25,31.298541666666665,temperature
2024-05-28T00:00:00Z,SUGG,0.5,31.174583333333334,temperature
2024-05-28T00:00:00Z,SUGG,0.75,30.995416666666667,temperature
2024-05-28T00:00:00Z,SUGG,1,28.816875,temperature
2024-05-29T00:00:00Z,SUGG,0,31.365348837209304,temperature
2024-05-29T00:00:00Z,SUGG,0.25,31.36,temperature
2024-05-29T00:00:00Z,SUGG,0.5,31.31767441860465,temperature
2024-05-29T00:00:00Z,SUGG,0.75,31.115581395348837,temperature
2024-05-29T00:00:00Z,SUGG,1,29.571428571428573,temperature
2024-05-30T00:00:00Z,SUGG,0,30.595416666666665,temperature
2024-05-30T00:00:00Z,SUGG,0.25,30.583541666666665,temperature
2024-05-30T00:00:00Z,SUGG,0.5,30.53125,temperature
2024-05-30T00:00:00Z,SUGG,0.75,30.420833333333334,temperature
2024-05-30T00:00:00Z,SUGG,1,29.953333333333333,temperature
2024-05-31T00:00:00Z,SUGG,0,29.97625,temperature
2024-05-31T00:00:00Z,SUGG,0.25,29.97875,temperature
2024-05-31T00:00:00Z,SUGG,0.5,29.953333333333333,temperature
2024-05-31T00:00:00Z,SUGG,0.75,29.899583333333332,temperature
2024-05-31T00:00:00Z,SUGG,1,29.715208333333333,temperature
2024-06-01T00:00:00Z,SUGG,0,28.9,temperature
2024-06-01T00:00:00Z,SUGG,0.25,28.906666666666663,temperature
2024-06-01T00:00:00Z,SUGG,0.5,28.89645833333333,temperature
2024-06-01T00:00:00Z,SUGG,0.75,28.86625,temperature
2024-06-01T00:00:00Z,SUGG,1,28.808125,temperature
2024-06-02T00:00:00Z,SUGG,0,28.462083333333332,temperature
2024-06-02T00:00:00Z,SUGG,0.25,28.373958333333334,temperature
2024-06-02T00:00:00Z,SUGG,0.5,28.161041666666662,temperature
2024-06-02T00:00:00Z,SUGG,0.75,28.0975,temperature
2024-06-02T00:00:00Z,SUGG,1,28.026458333333338,temperature
2024-06-03T00:00:00Z,SUGG,0,28.260625,temperature
2024-06-03T00:00:00Z,SUGG,0.25,27.964166666666667,temperature
2024-06-03T00:00:00Z,SUGG,0.5,27.757291666666667,temperature
2024-06-03T00:00:00Z,SUGG,0.75,27.635,temperature
2024-06-03T00:00:00Z,SUGG,1,27.457708333333333,temperature
2024-06-04T00:00:00Z,SUGG,0,28.297708333333333,temperature
2024-06-04T00:00:00Z,SUGG,0.25,28.154791666666668,temperature
2024-06-04T00:00:00Z,SUGG,0.5,27.87875,temperature
2024-06-04T00:00:00Z,SUGG,0.75,27.7375,temperature
2024-06-04T00:00:00Z,SUGG,1,27.546875,temperature
2024-06-05T00:00:00Z,SUGG,0,29.511041666666667,temperature
2024-06-05T00:00:00Z,SUGG,0.25,28.683541666666667,temperature
2024-06-05T00:00:00Z,SUGG,0.5,28.243333333333332,temperature
2024-06-05T00:00:00Z,SUGG,0.75,28.04625,temperature
2024-06-05T00:00:00Z,SUGG,1,27.867916666666662,temperature
2024-06-06T00:00:00Z,SUGG,0,29.877291666666668,temperature
2024-06-06T00:00:00Z,SUGG,0.25,29.735625,temperature
2024-06-06T00:00:00Z,SUGG,0.5,29.499583333333337,temperature
2024-06-06T00:00:00Z,SUGG,0.75,28.83787234042553,temperature
2024-06-06T00:00:00Z,SUGG,1,28.13854166666667,temperature
2024-06-07T00:00:00Z,SUGG,0,31.005625,temperature
2024-06-07T00:00:00Z,SUGG,0.25,30.922083333333333,temperature
2024-06-07T00:00:00Z,SUGG,0.5,30.671666666666667,temperature
2024-06-07T00:00:00Z,SUGG,0.75,29.80875,temperature
2024-06-07T00:00:00Z,SUGG,1,28.291041666666665,temperature
2024-06-08T00:00:00Z,SUGG,0,31.641702127659578,temperature
2024-06-08T00:00:00Z,SUGG,0.25,31.22833333333333,temperature
2024-06-08T00:00:00Z,SUGG,0.5,30.2725,temperature
2024-06-08T00:00:00Z,SUGG,0.75,29.789791666666662,temperature
2024-06-08T00:00:00Z,SUGG,1,28.514583333333334,temperature
2024-06-09T00:00:00Z,SUGG,0,32.418125,temperature
2024-06-09T00:00:00Z,SUGG,0.25,32.350833333333334,temperature
2024-06-09T00:00:00Z,SUGG,0.5,31.9325,temperature
2024-06-09T00:00:00Z,SUGG,0.75,30.218297872340425,temperature
2024-06-09T00:00:00Z,SUGG,1,28.66229166666667,temperature
2024-06-10T00:00:00Z,SUGG,0,32.03458333333333,temperature
2024-06-10T00:00:00Z,SUGG,0.25,32.015208333333334,temperature
2024-06-10T00:00:00Z,SUGG,0.5,31.96,temperature
2024-06-10T00:00:00Z,SUGG,0.75,31.22,temperature
2024-06-10T00:00:00Z,SUGG,1,29.1425,temperature
2024-06-11T00:00:00Z,SUGG,0,31.816666666666663,temperature
2024-06-11T00:00:00Z,SUGG,0.25,31.430833333333332,temperature
2024-06-11T00:00:00Z,SUGG,0.5,31.221875,temperature
2024-06-11T00:00:00Z,SUGG,0.75,30.99375,temperature
2024-06-11T00:00:00Z,SUGG,1,29.819583333333338,temperature
2024-06-12T00:00:00Z,SUGG,0,31.435,temperature
2024-06-12T00:00:00Z,SUGG,0.25,31.421666666666667,temperature
2024-06-12T00:00:00Z,SUGG,0.5,31.330416666666668,temperature
2024-06-12T00:00:00Z,SUGG,0.75,30.979166666666668,temperature
2024-06-12T00:00:00Z,SUGG,1,29.745416666666667,temperature
2024-06-13T00:00:00Z,SUGG,0,31.304375,temperature
2024-06-13T00:00:00Z,SUGG,0.25,31.277083333333337,temperature
2024-06-13T00:00:00Z,SUGG,0.5,31.187916666666663,temperature
2024-06-13T00:00:00Z,SUGG,0.75,31.045,temperature
2024-06-13T00:00:00Z,SUGG,1,30.48625,temperature
2024-06-14T00:00:00Z,SUGG,0,31.01625,temperature
2024-06-14T00:00:00Z,SUGG,0.25,30.993541666666665,temperature
2024-06-14T00:00:00Z,SUGG,0.5,30.927291666666665,temperature
2024-06-14T00:00:00Z,SUGG,0.75,30.844375,temperature
2024-06-14T00:00:00Z,SUGG,1,30.563958333333332,temperature
2024-06-15T00:00:00Z,SUGG,0,31.356875,temperature
2024-06-15T00:00:00Z,SUGG,0.25,31.261458333333337,temperature
2024-06-15T00:00:00Z,SUGG,0.5,31.057083333333335,temperature
2024-06-15T00:00:00Z,SUGG,0.75,30.885,temperature
2024-06-15T00:00:00Z,SUGG,1,30.71375,temperature
2024-06-16T00:00:00Z,SUGG,0,31.176458333333333,temperature
2024-06-16T00:00:00Z,SUGG,0.25,30.9825,temperature
2024-06-16T00:00:00Z,SUGG,0.5,30.820833333333333,temperature
2024-06-16T00:00:00Z,SUGG,0.75,30.694375,temperature
2024-06-16T00:00:00Z,SUGG,1,30.477916666666665,temperature
2024-06-17T00:00:00Z,SUGG,0,30.708333333333332,temperature
2024-06-17T00:00:00Z,SUGG,0.25,30.706666666666667,temperature
2024-06-17T00:00:00Z,SUGG,0.5,30.689375,temperature
2024-06-17T00:00:00Z,SUGG,0.75,30.649375,temperature
2024-06-17T00:00:00Z,SUGG,1,30.581875,temperature
2024-06-18T00:00:00Z,SUGG,0,30.052708333333335,temperature
2024-06-18T00:00:00Z,SUGG,0.25,30.05875,temperature
2024-06-18T00:00:00Z,SUGG,0.5,30.057083333333335,temperature
2024-06-18T00:00:00Z,SUGG,0.75,30.047708333333333,temperature
2024-06-18T00:00:00Z,SUGG,1,30.036041666666662,temperature
2024-06-19T00:00:00Z,SUGG,0,29.496875,temperature
2024-06-19T00:00:00Z,SUGG,0.25,29.501875,temperature
2024-06-19T00:00:00Z,SUGG,0.5,29.503541666666667,temperature
2024-06-19T00:00:00Z,SUGG,0.75,29.49625,temperature
2024-06-19T00:00:00Z,SUGG,1,29.486666666666668,temperature
2024-06-20T00:00:00Z,SUGG,0,29.212553191489363,temperature
2024-06-20T00:00:00Z,SUGG,0.25,29.21468085106383,temperature
2024-06-20T00:00:00Z,SUGG,0.5,29.21191489361702,temperature
2024-06-20T00:00:00Z,SUGG,0.75,29.19872340425532,temperature
2024-06-20T00:00:00Z,SUGG,1,29.183191489361704,temperature
2024-06-21T00:00:00Z,SUGG,0,29.432291666666668,temperature
2024-06-21T00:00:00Z,SUGG,0.25,29.41604166666667,temperature
2024-06-21T00:00:00Z,SUGG,0.5,29.371666666666663,temperature
2024-06-21T00:00:00Z,SUGG,0.75,29.294166666666666,temperature
2024-06-21T00:00:00Z,SUGG,1,29.11625,temperature
2024-06-22T00:00:00Z,SUGG,0,30.875416666666663,temperature
2024-06-22T00:00:00Z,SUGG,0.25,30.576041666666665,temperature
2024-06-22T00:00:00Z,SUGG,0.5,30.348125,temperature
2024-06-22T00:00:00Z,SUGG,0.75,30.096458333333334,temperature
2024-06-22T00:00:00Z,SUGG,1,29.713541666666668,temperature
2024-06-23T00:00:00Z,SUGG,0,31.067291666666662,temperature
2024-06-23T00:00:00Z,SUGG,0.25,30.952291666666667,temperature
2024-06-23T00:00:00Z,SUGG,0.5,30.695416666666667,temperature
2024-06-23T00:00:00Z,SUGG,0.75,30.259166666666665,temperature
2024-06-23T00:00:00Z,SUGG,1,29.875625,temperature
2024-06-24T00:00:00Z,SUGG,0,31.438333333333333,temperature
2024-06-24T00:00:00Z,SUGG,0.25,30.983404255319147,temperature
2024-06-24T00:00:00Z,SUGG,0.5,30.4925,temperature
2024-06-24T00:00:00Z,SUGG,0.75,30.182291666666668,temperature
2024-06-24T00:00:00Z,SUGG,1,29.880416666666665,temperature
2024-06-25T00:00:00Z,SUGG,0,31.59375,temperature
2024-06-25T00:00:00Z,SUGG,0.25,31.370625,temperature
2024-06-25T00:00:00Z,SUGG,0.5,31.101458333333333,temperature
2024-06-25T00:00:00Z,SUGG,0.75,30.516041666666663,temperature
2024-06-25T00:00:00Z,SUGG,1,29.95125,temperature
2024-06-26T00:00:00Z,SUGG,0,31.4225,temperature
2024-06-26T00:00:00Z,SUGG,0.25,31.345625,temperature
2024-06-26T00:00:00Z,SUGG,0.5,31.230416666666667,temperature
2024-06-26T00:00:00Z,SUGG,0.75,31.008541666666662,temperature
2024-06-26T00:00:00Z,SUGG,1,30.337291666666665,temperature
2024-06-27T00:00:00Z,SUGG,0,31.48229166666667,temperature
2024-06-27T00:00:00Z,SUGG,0.25,31.467708333333334,temperature
2024-06-27T00:00:00Z,SUGG,0.5,31.435,temperature
2024-06-27T00:00:00Z,SUGG,0.75,31.347916666666663,temperature
2024-06-27T00:00:00Z,SUGG,1,30.99375,temperature
2024-06-28T00:00:00Z,SUGG,0,31.611041666666665,temperature
2024-06-28T00:00:00Z,SUGG,0.25,31.584791666666668,temperature
2024-06-28T00:00:00Z,SUGG,0.5,31.529375,temperature
2024-06-28T00:00:00Z,SUGG,0.75,31.434791666666666,temperature
2024-06-28T00:00:00Z,SUGG,1,31.123333333333335,temperature
2024-06-29T00:00:00Z,SUGG,0,30.7075,temperature
2024-06-29T00:00:00Z,SUGG,0.25,30.475833333333338,temperature
2024-06-29T00:00:00Z,SUGG,0.5,30.325625,temperature
2024-06-29T00:00:00Z,SUGG,0.75,30.213125,temperature
2024-06-29T00:00:00Z,SUGG,1,30.157708333333332,temperature
2024-06-30T00:00:00Z,SUGG,0,31.044583333333332,temperature
2024-06-30T00:00:00Z,SUGG,0.25,30.721875,temperature
2024-06-30T00:00:00Z,SUGG,0.5,30.381875,temperature
2024-06-30T00:00:00Z,SUGG,0.75,30.030208333333334,temperature
2024-06-30T00:00:00Z,SUGG,1,29.877916666666668,temperature
2024-07-01T00:00:00Z,SUGG,0,31.363958333333333,temperature
2024-07-01T00:00:00Z,SUGG,0.25,31.285,temperature
2024-07-01T00:00:00Z,SUGG,0.5,31.042083333333338,temperature
2024-07-01T00:00:00Z,SUGG,0.75,30.640208333333337,temperature
2024-07-01T00:00:00Z,SUGG,1,29.945416666666667,temperature
2024-07-02T00:00:00Z,SUGG,0,32.33291666666667,temperature
2024-07-02T00:00:00Z,SUGG,0.25,31.44872340425532,temperature
2024-07-02T00:00:00Z,SUGG,0.5,30.991875,temperature
2024-07-02T00:00:00Z,SUGG,0.75,30.662291666666665,temperature
2024-07-02T00:00:00Z,SUGG,1,30.05645833333333,temperature
2024-07-03T00:00:00Z,SUGG,0,32.00782608695652,temperature
2024-07-03T00:00:00Z,SUGG,0.25,31.418297872340425,temperature
2024-07-03T00:00:00Z,SUGG,0.5,30.934375,temperature
2024-07-03T00:00:00Z,SUGG,0.75,30.584166666666665,temperature
2024-07-03T00:00:00Z,SUGG,1,30.205416666666668,temperature
2024-07-04T00:00:00Z,SUGG,0,32.60270833333333,temperature
2024-07-04T00:00:00Z,SUGG,0.25,32.18425531914894,temperature
2024-07-04T00:00:00Z,SUGG,0.5,31.625208333333333,temperature
2024-07-04T00:00:00Z,SUGG,0.75,31.064166666666665,temperature
2024-07-04T00:00:00Z,SUGG,1,30.255625,temperature
2024-07-05T00:00:00Z,SUGG,0,32.038333333333334,temperature
2024-07-05T00:00:00Z,SUGG,0.25,31.815208333333334,temperature
2024-07-05T00:00:00Z,SUGG,0.5,31.621041666666667,temperature
2024-07-05T00:00:00Z,SUGG,0.75,31.261041666666667,temperature
2024-07-05T00:00:00Z,SUGG,1,30.516458333333333,temperature
2024-07-06T00:00:00Z,SUGG,0,32.16041666666667,temperature
2024-07-06T00:00:00Z,SUGG,0.25,31.768125,temperature
2024-07-06T00:00:00Z,SUGG,0.5,31.542291666666667,temperature
2024-07-06T00:00:00Z,SUGG,0.75,31.22625,temperature
2024-07-06T00:00:00Z,SUGG,1,30.77875,temperature
2024-07-07T00:00:00Z,SUGG,0,32.49395833333333,temperature
2024-07-07T00:00:00Z,SUGG,0.25,31.850416666666668,temperature
2024-07-07T00:00:00Z,SUGG,0.5,31.407916666666665,temperature
2024-07-07T00:00:00Z,SUGG,0.75,31.125416666666663,temperature
2024-07-07T00:00:00Z,SUGG,1,30.816666666666663,temperature
2024-07-08T00:00:00Z,SUGG,0,32.26708333333333,temperature
2024-07-08T00:00:00Z,SUGG,0.25,31.883191489361703,temperature
2024-07-08T00:00:00Z,SUGG,0.5,31.473333333333333,temperature
2024-07-08T00:00:00Z,SUGG,0.75,31.043125,temperature
2024-07-08T00:00:00Z,SUGG,1,30.655,temperature
2024-07-09T00:00:00Z,SUGG,0,31.186875,temperature
2024-07-09T00:00:00Z,SUGG,0.25,31.044166666666666,temperature
2024-07-09T00:00:00Z,SUGG,0.5,30.888958333333335,temperature
2024-07-09T00:00:00Z,SUGG,0.75,30.707708333333333,temperature
2024-07-09T00:00:00Z,SUGG,1,30.50875,temperature
2024-07-10T00:00:00Z,SUGG,0,31.114583333333332,temperature
2024-07-10T00:00:00Z,SUGG,0.25,31.105,temperature
2024-07-10T00:00:00Z,SUGG,0.5,31.071458333333332,temperature
2024-07-10T00:00:00Z,SUGG,0.75,30.925,temperature
2024-07-10T00:00:00Z,SUGG,1,30.76875,temperature
2024-07-11T00:00:00Z,SUGG,0,31.17791666666667,temperature
2024-07-11T00:00:00Z,SUGG,0.25,31.097916666666663,temperature
2024-07-11T00:00:00Z,SUGG,0.5,30.952916666666667,temperature
2024-07-11T00:00:00Z,SUGG,0.75,30.805625,temperature
2024-07-11T00:00:00Z,SUGG,1,30.556666666666665,temperature
2024-07-12T00:00:00Z,SUGG,0,32.189375,temperature
2024-07-12T00:00:00Z,SUGG,0.25,31.964375,temperature
2024-07-12T00:00:00Z,SUGG,0.5,31.50625,temperature
2024-07-12T00:00:00Z,SUGG,0.75,30.93875,temperature
2024-07-12T00:00:00Z,SUGG,1,30.557916666666667,temperature
2024-07-13T00:00:00Z,SUGG,0,32.860416666666666,temperature
2024-07-13T00:00:00Z,SUGG,0.25,32.308085106382975,temperature
2024-07-13T00:00:00Z,SUGG,0.5,31.604166666666668,temperature
2024-07-13T00:00:00Z,SUGG,0.75,30.87,temperature
2024-07-13T00:00:00Z,SUGG,1,30.4575,temperature
2024-07-14T00:00:00Z,SUGG,0,32.59361702127659,temperature
2024-07-14T00:00:00Z,SUGG,0.25,32.215833333333336,temperature
2024-07-14T00:00:00Z,SUGG,0.5,31.528333333333332,temperature
2024-07-14T00:00:00Z,SUGG,0.75,31.225625,temperature
2024-07-14T00:00:00Z,SUGG,1,30.730625,temperature
2024-07-15T00:00:00Z,SUGG,0,31.7575,temperature
2024-07-15T00:00:00Z,SUGG,0.25,31.59979166666667,temperature
2024-07-15T00:00:00Z,SUGG,0.5,31.235208333333333,temperature
2024-07-15T00:00:00Z,SUGG,0.75,30.956458333333337,temperature
2024-07-15T00:00:00Z,SUGG,1,30.768958333333337,temperature
2024-07-16T00:00:00Z,SUGG,0,31.425744680851064,temperature
2024-07-16T00:00:00Z,SUGG,0.25,30.999166666666667,temperature
2024-07-16T00:00:00Z,SUGG,0.5,30.80291666666667,temperature
2024-07-16T00:00:00Z,SUGG,0.75,30.655416666666667,temperature
2024-07-16T00:00:00Z,SUGG,1,30.452291666666667,temperature
2024-07-17T00:00:00Z,SUGG,0,31.377916666666668,temperature
2024-07-17T00:00:00Z,SUGG,0.25,31.132916666666667,temperature
2024-07-17T00:00:00Z,SUGG,0.5,31.038958333333333,temperature
2024-07-17T00:00:00Z,SUGG,0.75,30.906666666666663,temperature
2024-07-17T00:00:00Z,SUGG,1,30.664166666666667,temperature
2024-07-18T00:00:00Z,SUGG,0,31.880416666666665,temperature
2024-07-18T00:00:00Z,SUGG,0.25,31.4175,temperature
2024-07-18T00:00:00Z,SUGG,0.5,30.773125,temperature
2024-07-18T00:00:00Z,SUGG,0.75,30.43625,temperature
2024-07-18T00:00:00Z,SUGG,1,30.203125,temperature
2024-07-19T00:00:00Z,SUGG,0,31.958958333333335,temperature
2024-07-19T00:00:00Z,SUGG,0.25,31.614791666666665,temperature
2024-07-19T00:00:00Z,SUGG,0.5,31.140208333333337,temperature
2024-07-19T00:00:00Z,SUGG,0.75,30.532291666666666,temperature
2024-07-19T00:00:00Z,SUGG,1,30.156875,temperature
2024-07-20T00:00:00Z,SUGG,0,31.730208333333337,temperature
2024-07-20T00:00:00Z,SUGG,0.25,31.41125,temperature
2024-07-20T00:00:00Z,SUGG,0.5,31.038541666666667,temperature
2024-07-20T00:00:00Z,SUGG,0.75,30.504375,temperature
2024-07-20T00:00:00Z,SUGG,1,30.24041666666667,temperature
2024-07-21T00:00:00Z,SUGG,0,31.741875,temperature
2024-07-21T00:00:00Z,SUGG,0.25,31.104166666666668,temperature
2024-07-21T00:00:00Z,SUGG,0.5,30.638958333333335,temperature
2024-07-21T00:00:00Z,SUGG,0.75,30.374791666666667,temperature
2024-07-21T00:00:00Z,SUGG,1,30.13875,temperature
2024-07-22T00:00:00Z,SUGG,0,31.523541666666667,temperature
2024-07-22T00:00:00Z,SUGG,0.25,31.368541666666665,temperature
2024-07-22T00:00:00Z,SUGG,0.5,31.055833333333332,temperature
2024-07-22T00:00:00Z,SUGG,0.75,30.727916666666665,temperature
2024-07-22T00:00:00Z,SUGG,1,30.23625,temperature
2024-07-23T00:00:00Z,SUGG,0,32.108958333333334,temperature
2024-07-23T00:00:00Z,SUGG,0.25,31.600416666666668,temperature
2024-07-23T00:00:00Z,SUGG,0.5,30.866666666666667,temperature
2024-07-23T00:00:00Z,SUGG,0.75,30.57229166666667,temperature
2024-07-23T00:00:00Z,SUGG,1,30.307708333333338,temperature
2024-07-24T00:00:00Z,SUGG,0,32.219791666666666,temperature
2024-07-24T00:00:00Z,SUGG,0.25,32.103541666666665,temperature
2024-07-24T00:00:00Z,SUGG,0.5,31.686041666666668,temperature
2024-07-24T00:00:00Z,SUGG,0.75,31.004166666666663,temperature
2024-07-24T00:00:00Z,SUGG,1,30.425625,temperature
2024-07-25T00:00:00Z,SUGG,0,31.52520833333333,temperature
2024-07-25T00:00:00Z,SUGG,0.25,31.511875,temperature
2024-07-25T00:00:00Z,SUGG,0.5,31.452708333333337,temperature
2024-07-25T00:00:00Z,SUGG,0.75,31.30625,temperature
2024-07-25T00:00:00Z,SUGG,1,30.95,temperature
2024-07-26T00:00:00Z,SUGG,0,31.334375,temperature
2024-07-26T00:00:00Z,SUGG,0.25,30.836041666666667,temperature
2024-07-26T00:00:00Z,SUGG,0.5,30.523958333333333,temperature
2024-07-26T00:00:00Z,SUGG,0.75,30.370416666666667,temperature
2024-07-26T00:00:00Z,SUGG,1,30.253125,temperature
2024-07-27T00:00:00Z,SUGG,0,30.868958333333335,temperature
2024-07-27T00:00:00Z,SUGG,0.25,30.649375,temperature
2024-07-27T00:00:00Z,SUGG,0.5,30.42531914893617,temperature
2024-07-27T00:00:00Z,SUGG,0.75,30.155625,temperature
2024-07-27T00:00:00Z,SUGG,1,29.97625,temperature
2024-07-28T00:00:00Z,SUGG,0,29.91125,temperature
2024-07-28T00:00:00Z,SUGG,0.25,29.860416666666666,temperature
2024-07-28T00:00:00Z,SUGG,0.5,29.81625,temperature
2024-07-28T00:00:00Z,SUGG,0.75,29.747291666666666,temperature
2024-07-28T00:00:00Z,SUGG,1,29.711458333333333,temperature
2024-07-29T00:00:00Z,SUGG,0,30.400416666666665,temperature
2024-07-29T00:00:00Z,SUGG,0.25,30.03468085106383,temperature
2024-07-29T00:00:00Z,SUGG,0.5,29.535,temperature
2024-07-29T00:00:00Z,SUGG,0.75,29.3,temperature
2024-07-29T00:00:00Z,SUGG,1,29.2125,temperature
2024-07-30T00:00:00Z,SUGG,0,31.57875,temperature
2024-07-30T00:00:00Z,SUGG,0.25,31.18958333333333,temperature
2024-07-30T00:00:00Z,SUGG,0.5,30.291666666666668,temperature
2024-07-30T00:00:00Z,SUGG,0.75,29.606875,temperature
2024-07-30T00:00:00Z,SUGG,1,29.181875,temperature
2024-07-31T00:00:00Z,SUGG,0,31.74531914893617,temperature
2024-07-31T00:00:00Z,SUGG,0.25,31.218333333333337,temperature
2024-07-31T00:00:00Z,SUGG,0.5,30.965,temperature
2024-07-31T00:00:00Z,SUGG,0.75,30.374166666666667,temperature
2024-07-31T00:00:00Z,SUGG,1,29.57875,temperature
2024-08-01T00:00:00Z,SUGG,0,31.468541666666667,temperature
2024-08-01T00:00:00Z,SUGG,0.25,31.121458333333333,temperature
2024-08-01T00:00:00Z,SUGG,0.5,30.741875,temperature
2024-08-01T00:00:00Z,SUGG,0.75,30.450208333333332,temperature
2024-08-01T00:00:00Z,SUGG,1,30.148958333333333,temperature
2024-08-02T00:00:00Z,SUGG,0,31.868333333333332,temperature
2024-08-02T00:00:00Z,SUGG,0.25,31.58375,temperature
2024-08-02T00:00:00Z,SUGG,0.5,31.309166666666663,temperature
2024-08-02T00:00:00Z,SUGG,0.75,30.738333333333333,temperature
2024-08-02T00:00:00Z,SUGG,1,30.11895833333333,temperature
2024-08-03T00:00:00Z,SUGG,0,31.650625,temperature
2024-08-03T00:00:00Z,SUGG,0.25,31.495208333333338,temperature
2024-08-03T00:00:00Z,SUGG,0.5,31.190833333333337,temperature
2024-08-03T00:00:00Z,SUGG,0.75,30.916666666666668,temperature
2024-08-03T00:00:00Z,SUGG,1,30.546458333333337,temperature
2024-08-04T00:00:00Z,SUGG,0,30.762291666666663,temperature
2024-08-04T00:00:00Z,SUGG,0.25,30.766458333333333,temperature
2024-08-04T00:00:00Z,SUGG,0.5,30.729375,temperature
2024-08-04T00:00:00Z,SUGG,0.75,30.647916666666667,temperature
2024-08-04T00:00:00Z,SUGG,1,30.480625,temperature
2024-08-05T00:00:00Z,SUGG,0,28.535,temperature
2024-08-05T00:00:00Z,SUGG,0.25,28.544166666666666,temperature
2024-08-05T00:00:00Z,SUGG,0.5,28.551041666666663,temperature
2024-08-05T00:00:00Z,SUGG,0.75,28.55291666666667,temperature
2024-08-05T00:00:00Z,SUGG,1,28.55375,temperature
2024-08-06T00:00:00Z,SUGG,0,27.109166666666667,temperature
2024-08-06T00:00:00Z,SUGG,0.25,27.100625,temperature
2024-08-06T00:00:00Z,SUGG,0.5,27.08875,temperature
2024-08-06T00:00:00Z,SUGG,0.75,27.079375,temperature
2024-08-06T00:00:00Z,SUGG,1,27.066666666666663,temperature
2024-08-07T00:00:00Z,SUGG,0,27.804583333333333,temperature
2024-08-07T00:00:00Z,SUGG,0.25,27.786041666666662,temperature
2024-08-07T00:00:00Z,SUGG,0.5,27.761458333333337,temperature
2024-08-07T00:00:00Z,SUGG,0.75,27.734375,temperature
2024-08-07T00:00:00Z,SUGG,1,27.675833333333333,temperature
2024-08-08T00:00:00Z,SUGG,0,29.916976744186048,temperature
2024-08-08T00:00:00Z,SUGG,0.25,29.896046511627908,temperature
2024-08-08T00:00:00Z,SUGG,0.5,29.841627906976743,temperature
2024-08-08T00:00:00Z,SUGG,0.75,29.66813953488372,temperature
2024-08-08T00:00:00Z,SUGG,1,28.45102564102564,temperature
2024-08-09T00:00:00Z,SUGG,0,31.346666666666668,temperature
2024-08-09T00:00:00Z,SUGG,0.25,31.323541666666667,temperature
2024-08-09T00:00:00Z,SUGG,0.5,31.25125,temperature
2024-08-09T00:00:00Z,SUGG,0.75,30.76375,temperature
2024-08-09T00:00:00Z,SUGG,1,28.668125,temperature
2024-08-10T00:00:00Z,SUGG,0,31.236875,temperature
2024-08-10T00:00:00Z,SUGG,0.25,31.231041666666663,temperature
2024-08-10T00:00:00Z,SUGG,0.5,31.19375,temperature
2024-08-10T00:00:00Z,SUGG,0.75,30.934375,temperature
2024-08-10T00:00:00Z,SUGG,1,29.314583333333335,temperature
2024-08-11T00:00:00Z,SUGG,0,30.941458333333333,temperature
2024-08-11T00:00:00Z,SUGG,0.25,30.9175,temperature
2024-08-11T00:00:00Z,SUGG,0.5,30.85354166666667,temperature
2024-08-11T00:00:00Z,SUGG,0.75,30.787708333333335,temperature
2024-08-11T00:00:00Z,SUGG,1,30.08468085106383,temperature
2024-08-12T00:00:00Z,SUGG,0,31.831875,temperature
2024-08-12T00:00:00Z,SUGG,0.25,31.788333333333338,temperature
2024-08-12T00:00:00Z,SUGG,0.5,31.678125,temperature
2024-08-12T00:00:00Z,SUGG,0.75,31.492916666666662,temperature
2024-08-12T00:00:00Z,SUGG,1,30.23936170212766,temperature
2024-08-13T00:00:00Z,SUGG,0,32.584583333333335,temperature
2024-08-13T00:00:00Z,SUGG,0.25,32.49583333333333,temperature
2024-08-13T00:00:00Z,SUGG,0.5,32.28208333333333,temperature
2024-08-13T00:00:00Z,SUGG,0.75,31.573125,temperature
2024-08-13T00:00:00Z,SUGG,1,30.27166666666667,temperature
2024-08-14T00:00:00Z,SUGG,0,32.97020833333333,temperature
2024-08-14T00:00:00Z,SUGG,0.25,32.7775,temperature
2024-08-14T00:00:00Z,SUGG,0.5,32.360625,temperature
2024-08-14T00:00:00Z,SUGG,0.75,31.561875,temperature
2024-08-14T00:00:00Z,SUGG,1,30.169787234042552,temperature
2024-08-15T00:00:00Z,SUGG,0,31.836041666666667,temperature
2024-08-15T00:00:00Z,SUGG,0.25,31.824791666666663,temperature
2024-08-15T00:00:00Z,SUGG,0.5,31.770625,temperature
2024-08-15T00:00:00Z,SUGG,0.75,31.641875,temperature
2024-08-15T00:00:00Z,SUGG,1,30.368333333333332,temperature
2024-08-16T00:00:00Z,SUGG,0,30.910833333333333,temperature
2024-08-16T00:00:00Z,SUGG,0.25,30.903958333333332,temperature
2024-08-16T00:00:00Z,SUGG,0.5,30.858541666666667,temperature
2024-08-16T00:00:00Z,SUGG,0.75,30.78,temperature
2024-08-16T00:00:00Z,SUGG,1,30.548958333333335,temperature
2024-08-17T00:00:00Z,SUGG,0,31.01375,temperature
2024-08-17T00:00:00Z,SUGG,0.25,30.700425531914895,temperature
2024-08-17T00:00:00Z,SUGG,0.5,30.418125,temperature
2024-08-17T00:00:00Z,SUGG,0.75,30.083541666666665,temperature
2024-08-17T00:00:00Z,SUGG,1,30.004583333333333,temperature
2024-08-18T00:00:00Z,SUGG,0,31.754583333333333,temperature
2024-08-18T00:00:00Z,SUGG,0.25,31.601041666666667,temperature
2024-08-18T00:00:00Z,SUGG,0.5,31.179375,temperature
2024-08-18T00:00:00Z,SUGG,0.75,30.320208333333333,temperature
2024-08-18T00:00:00Z,SUGG,1,29.788333333333338,temperature
2024-08-19T00:00:00Z,SUGG,0,31.601666666666667,temperature
2024-08-19T00:00:00Z,SUGG,0.25,31.576666666666668,temperature
2024-08-19T00:00:00Z,SUGG,0.5,31.295416666666668,temperature
2024-08-19T00:00:00Z,SUGG,0.75,30.893541666666668,temperature
2024-08-19T00:00:00Z,SUGG,1,30.432916666666667,temperature
2024-08-20T00:00:00Z,SUGG,0,31.631914893617022,temperature
2024-08-20T00:00:00Z,SUGG,0.25,31.554468085106382,temperature
2024-08-20T00:00:00Z,SUGG,0.5,31.391702127659578,temperature
2024-08-20T00:00:00Z,SUGG,0.75,30.970425531914895,temperature
2024-08-20T00:00:00Z,SUGG,1,30.644255319148936,temperature
2024-08-21T00:00:00Z,SUGG,0,32.62826086956522,temperature
2024-08-21T00:00:00Z,SUGG,0.25,32.08195652173913,temperature
2024-08-21T00:00:00Z,SUGG,0.5,31.724166666666665,temperature
2024-08-21T00:00:00Z,SUGG,0.75,31.111914893617023,temperature
2024-08-21T00:00:00Z,SUGG,1,30.48125,temperature
2024-08-22T00:00:00Z,SUGG,0,31.045416666666668,temperature
2024-08-22T00:00:00Z,SUGG,0.25,30.973125,temperature
2024-08-22T00:00:00Z,SUGG,0.5,30.788958333333333,temperature
2024-08-22T00:00:00Z,SUGG,0.75,30.6275,temperature
2024-08-22T00:00:00Z,SUGG,1,30.459583333333335,temperature
2024-08-23T00:00:00Z,SUGG,0,30.385625,temperature
2024-08-23T00:00:00Z,SUGG,0.25,30.2375,temperature
2024-08-23T00:00:00Z,SUGG,0.5,30.079583333333332,temperature
2024-08-23T00:00:00Z,SUGG,0.75,29.992916666666662,temperature
2024-08-23T00:00:00Z,SUGG,1,29.93145833333333,temperature
2024-08-24T00:00:00Z,SUGG,0,29.902083333333337,temperature
2024-08-24T00:00:00Z,SUGG,0.25,29.863125,temperature
2024-08-24T00:00:00Z,SUGG,0.5,29.751041666666666,temperature
2024-08-24T00:00:00Z,SUGG,0.75,29.54625,temperature
2024-08-24T00:00:00Z,SUGG,1,29.376458333333332,temperature
2024-08-25T00:00:00Z,SUGG,0,30.938125,temperature
2024-08-25T00:00:00Z,SUGG,0.25,30.24395833333333,temperature
2024-08-25T00:00:00Z,SUGG,0.5,29.89666666666667,temperature
2024-08-25T00:00:00Z,SUGG,0.75,29.671666666666667,temperature
2024-08-25T00:00:00Z,SUGG,1,29.518541666666668,temperature
2024-08-26T00:00:00Z,SUGG,0,30.855416666666667,temperature
2024-08-26T00:00:00Z,SUGG,0.25,30.68375,temperature
2024-08-26T00:00:00Z,SUGG,0.5,30.209375,temperature
2024-08-26T00:00:00Z,SUGG,0.75,29.88083333333333,temperature
2024-08-26T00:00:00Z,SUGG,1,29.566875,temperature
2024-08-27T00:00:00Z,SUGG,0,31.058541666666667,temperature
2024-08-27T00:00:00Z,SUGG,0.25,30.453541666666663,temperature
2024-08-27T00:00:00Z,SUGG,0.5,30.066458333333333,temperature
2024-08-27T00:00:00Z,SUGG,0.75,29.853958333333335,temperature
2024-08-27T00:00:00Z,SUGG,1,29.605208333333337,temperature
2024-08-28T00:00:00Z,SUGG,0,30.929166666666667,temperature
2024-08-28T00:00:00Z,SUGG,0.25,30.736458333333335,temperature
2024-08-28T00:00:00Z,SUGG,0.5,30.470625,temperature
2024-08-28T00:00:00Z,SUGG,0.75,30.084375,temperature
2024-08-28T00:00:00Z,SUGG,1,29.662708333333335,temperature
2024-08-29T00:00:00Z,SUGG,0,30.897083333333335,temperature
2024-08-29T00:00:00Z,SUGG,0.25,30.851041666666667,temperature
2024-08-29T00:00:00Z,SUGG,0.5,30.679791666666667,temperature
2024-08-29T00:00:00Z,SUGG,0.75,30.46875,temperature
2024-08-29T00:00:00Z,SUGG,1,30.00125,temperature
2024-08-30T00:00:00Z,SUGG,0,31.12,temperature
2024-08-30T00:00:00Z,SUGG,0.25,31.044166666666666,temperature
2024-08-30T00:00:00Z,SUGG,0.5,30.9025,temperature
2024-08-30T00:00:00Z,SUGG,0.75,30.5275,temperature
2024-08-30T00:00:00Z,SUGG,1,29.908333333333335,temperature
2024-08-31T00:00:00Z,SUGG,0,30.992916666666662,temperature
2024-08-31T00:00:00Z,SUGG,0.25,30.970416666666665,temperature
2024-08-31T00:00:00Z,SUGG,0.5,30.8975,temperature
2024-08-31T00:00:00Z,SUGG,0.75,30.695625,temperature
2024-08-31T00:00:00Z,SUGG,1,30.091458333333332,temperature
2024-09-01T00:00:00Z,SUGG,0,31.101041666666667,temperature
2024-09-01T00:00:00Z,SUGG,0.25,31.023958333333333,temperature
2024-09-01T00:00:00Z,SUGG,0.5,30.841666666666665,temperature
2024-09-01T00:00:00Z,SUGG,0.75,30.65375,temperature
2024-09-01T00:00:00Z,SUGG,1,30.475416666666668,temperature
2024-09-02T00:00:00Z,SUGG,0,31.851666666666667,temperature
2024-09-02T00:00:00Z,SUGG,0.25,31.581875,temperature
2024-09-02T00:00:00Z,SUGG,0.5,31.088297872340423,temperature
2024-09-02T00:00:00Z,SUGG,0.75,30.760416666666668,temperature
2024-09-02T00:00:00Z,SUGG,1,30.364166666666662,temperature
2024-09-03T00:00:00Z,SUGG,0,31.332916666666662,temperature
2024-09-03T00:00:00Z,SUGG,0.25,31.066666666666663,temperature
2024-09-03T00:00:00Z,SUGG,0.5,30.932708333333338,temperature
2024-09-03T00:00:00Z,SUGG,0.75,30.812916666666663,temperature
2024-09-03T00:00:00Z,SUGG,1,30.461458333333333,temperature
2024-09-04T00:00:00Z,SUGG,0,30.057872340425533,temperature
2024-09-04T00:00:00Z,SUGG,0.25,30.048297872340427,temperature
2024-09-04T00:00:00Z,SUGG,0.5,30.021489361702127,temperature
2024-09-04T00:00:00Z,SUGG,0.75,29.984468085106386,temperature
2024-09-04T00:00:00Z,SUGG,1,29.915106382978724,temperature
2024-09-05T00:00:00Z,SUGG,0,30.316976744186046,temperature
2024-09-05T00:00:00Z,SUGG,0.25,30.115348837209304,temperature
2024-09-05T00:00:00Z,SUGG,0.5,29.811666666666667,temperature
2024-09-05T00:00:00Z,SUGG,0.75,29.692325581395348,temperature
2024-09-05T00:00:00Z,SUGG,1,29.64651162790698,temperature
2024-09-06T00:00:00Z,SUGG,0,30.605,temperature
2024-09-06T00:00:00Z,SUGG,0.25,30.315,temperature
2024-09-06T00:00:00Z,SUGG,0.5,30.070625,temperature
2024-09-06T00:00:00Z,SUGG,0.75,29.755,temperature
2024-09-06T00:00:00Z,SUGG,1,29.606666666666666,temperature
2024-09-07T00:00:00Z,SUGG,0,30.107083333333332,temperature
2024-09-07T00:00:00Z,SUGG,0.25,30.033125,temperature
2024-09-07T00:00:00Z,SUGG,0.5,29.795416666666668,temperature
2024-09-07T00:00:00Z,SUGG,0.75,29.605208333333337,temperature
2024-09-07T00:00:00Z,SUGG,1,29.457916666666662,temperature
2024-09-08T00:00:00Z,SUGG,0,29.7275,temperature
2024-09-08T00:00:00Z,SUGG,0.25,29.616041666666668,temperature
2024-09-08T00:00:00Z,SUGG,0.5,29.49125,temperature
2024-09-08T00:00:00Z,SUGG,0.75,29.320625,temperature
2024-09-08T00:00:00Z,SUGG,1,29.198541666666667,temperature
2024-09-09T00:00:00Z,SUGG,0,29.24148936170213,temperature
2024-09-09T00:00:00Z,SUGG,0.25,29.238936170212767,temperature
2024-09-09T00:00:00Z,SUGG,0.5,29.21127659574468,temperature
2024-09-09T00:00:00Z,SUGG,0.75,29.138297872340427,temperature
2024-09-09T00:00:00Z,SUGG,1,29.07127659574468,temperature
2024-09-10T00:00:00Z,SUGG,0,29.023333333333333,temperature
2024-09-10T00:00:00Z,SUGG,0.25,29.030625,temperature
2024-09-10T00:00:00Z,SUGG,0.5,29.03,temperature
2024-09-10T00:00:00Z,SUGG,0.75,29.018541666666668,temperature
2024-09-10T00:00:00Z,SUGG,1,29.003125,temperature
2024-09-11T00:00:00Z,SUGG,0,28.602916666666665,temperature
2024-09-11T00:00:00Z,SUGG,0.25,28.6,temperature
2024-09-11T00:00:00Z,SUGG,0.5,28.582291666666663,temperature
2024-09-11T00:00:00Z,SUGG,0.75,28.56875,temperature
2024-09-11T00:00:00Z,SUGG,1,28.553958333333338,temperature
2024-09-12T00:00:00Z,SUGG,0,28.107083333333332,temperature
2024-09-12T00:00:00Z,SUGG,0.25,28.110416666666666,temperature
2024-09-12T00:00:00Z,SUGG,0.5,28.108958333333337,temperature
2024-09-12T00:00:00Z,SUGG,0.75,28.101666666666667,temperature
2024-09-12T00:00:00Z,SUGG,1,28.091875,temperature
2024-09-13T00:00:00Z,SUGG,0,27.818333333333335,temperature
2024-09-13T00:00:00Z,SUGG,0.25,27.77166666666667,temperature
2024-09-13T00:00:00Z,SUGG,0.5,27.706041666666668,temperature
2024-09-13T00:00:00Z,SUGG,0.75,27.662708333333335,temperature
2024-09-13T00:00:00Z,SUGG,1,27.646458333333335,temperature
2024-09-14T00:00:00Z,SUGG,0,28.241666666666667,temperature
2024-09-14T00:00:00Z,SUGG,0.25,27.918125,temperature
2024-09-14T00:00:00Z,SUGG,0.5,27.664375,temperature
2024-09-14T00:00:00Z,SUGG,0.75,27.58416666666667,temperature
2024-09-14T00:00:00Z,SUGG,1,27.52166666666667,temperature
2024-09-15T00:00:00Z,SUGG,0,28.246875,temperature
2024-09-15T00:00:00Z,SUGG,0.25,28.209583333333335,temperature
2024-09-15T00:00:00Z,SUGG,0.5,28.058333333333337,temperature
2024-09-15T00:00:00Z,SUGG,0.75,27.913125,temperature
2024-09-15T00:00:00Z,SUGG,1,27.74416666666667,temperature
2024-09-16T00:00:00Z,SUGG,0,27.75625,temperature
2024-09-16T00:00:00Z,SUGG,0.25,27.757916666666667,temperature
2024-09-16T00:00:00Z,SUGG,0.5,27.742291666666667,temperature
2024-09-16T00:00:00Z,SUGG,0.75,27.710208333333338,temperature
2024-09-16T00:00:00Z,SUGG,1,27.656666666666663,temperature
2024-09-17T00:00:00Z,SUGG,0,29.094791666666666,temperature
2024-09-17T00:00:00Z,SUGG,0.25,28.00212765957447,temperature
2024-09-17T00:00:00Z,SUGG,0.5,27.540416666666665,temperature
2024-09-17T00:00:00Z,SUGG,0.75,27.424583333333334,temperature
2024-09-17T00:00:00Z,SUGG,1,27.359166666666667,temperature
2024-09-18T00:00:00Z,SUGG,0,29.573958333333337,temperature
2024-09-18T00:00:00Z,SUGG,0.25,29.299791666666668,temperature
2024-09-18T00:00:00Z,SUGG,0.5,28.670416666666668,temperature
2024-09-18T00:00:00Z,SUGG,0.75,27.687916666666663,temperature
2024-09-18T00:00:00Z,SUGG,1,27.368125,temperature
2024-09-19T00:00:00Z,SUGG,0,29.055925925925926,temperature
2024-09-19T00:00:00Z,SUGG,0.25,29.055925925925926,temperature
2024-09-19T00:00:00Z,SUGG,0.5,28.86148148148148,temperature
2024-09-19T00:00:00Z,SUGG,0.75,28.258518518518517,temperature
2024-09-19T00:00:00Z,SUGG,1,27.619629629629628,temperature
2024-10-01T00:00:00Z,SUGG,0,30.33962962962963,temperature
2024-10-01T00:00:00Z,SUGG,0.25,29.575555555555557,temperature
2024-10-01T00:00:00Z,SUGG,0.5,28.73444444444445,temperature
2024-10-01T00:00:00Z,SUGG,0.75,28.383333333333333,temperature
2024-10-01T00:00:00Z,SUGG,1,27.975185185185182,temperature
2024-10-02T00:00:00Z,SUGG,0,29.913958333333333,temperature
2024-10-02T00:00:00Z,SUGG,0.25,29.558333333333337,temperature
2024-10-02T00:00:00Z,SUGG,0.5,28.827083333333334,temperature
2024-10-02T00:00:00Z,SUGG,0.75,28.360208333333333,temperature
2024-10-02T00:00:00Z,SUGG,1,27.99625,temperature
2024-10-03T00:00:00Z,SUGG,0,29.205,temperature
2024-10-03T00:00:00Z,SUGG,0.25,29.157083333333333,temperature
2024-10-03T00:00:00Z,SUGG,0.5,28.981458333333332,temperature
2024-10-03T00:00:00Z,SUGG,0.75,28.497708333333332,temperature
2024-10-03T00:00:00Z,SUGG,1,28.0675,temperature
2024-10-04T00:00:00Z,SUGG,0,28.94875,temperature
2024-10-04T00:00:00Z,SUGG,0.25,28.876875,temperature
2024-10-04T00:00:00Z,SUGG,0.5,28.717083333333335,temperature
2024-10-04T00:00:00Z,SUGG,0.75,28.521875,temperature
2024-10-04T00:00:00Z,SUGG,1,28.269375,temperature
2024-10-05T00:00:00Z,SUGG,0,28.675625,temperature
2024-10-05T00:00:00Z,SUGG,0.25,28.640416666666667,temperature
2024-10-05T00:00:00Z,SUGG,0.5,28.544166666666666,temperature
2024-10-05T00:00:00Z,SUGG,0.75,28.407916666666665,temperature
2024-10-05T00:00:00Z,SUGG,1,28.183541666666667,temperature
2024-10-06T00:00:00Z,SUGG,0,27.784166666666668,temperature
2024-10-06T00:00:00Z,SUGG,0.25,27.787916666666668,temperature
2024-10-06T00:00:00Z,SUGG,0.5,27.784583333333337,temperature
2024-10-06T00:00:00Z,SUGG,0.75,27.770625,temperature
2024-10-06T00:00:00Z,SUGG,1,27.745,temperature
2024-10-07T00:00:00Z,SUGG,0,26.9925,temperature
2024-10-07T00:00:00Z,SUGG,0.25,26.991875,temperature
2024-10-07T00:00:00Z,SUGG,0.5,26.988333333333333,temperature
2024-10-07T00:00:00Z,SUGG,0.75,26.982083333333332,temperature
2024-10-07T00:00:00Z,SUGG,1,26.975,temperature
2024-10-08T00:00:00Z,SUGG,0,26.71608695652174,temperature
2024-10-08T00:00:00Z,SUGG,0.25,26.713478260869564,temperature
2024-10-08T00:00:00Z,SUGG,0.5,26.704347826086956,temperature
2024-10-08T00:00:00Z,SUGG,0.75,26.690652173913044,temperature
2024-10-08T00:00:00Z,SUGG,1,26.660869565217393,temperature
2024-10-09T00:00:00Z,SUGG,0,26.3575,temperature
2024-10-09T00:00:00Z,SUGG,0.25,26.367291666666667,temperature
2024-10-09T00:00:00Z,SUGG,0.5,26.370416666666667,temperature
2024-10-09T00:00:00Z,SUGG,0.75,26.370625,temperature
2024-10-09T00:00:00Z,SUGG,1,26.363125,temperature
2024-10-10T00:00:00Z,SUGG,0,24.88,temperature
2024-10-10T00:00:00Z,SUGG,0.25,24.885625,temperature
2024-10-10T00:00:00Z,SUGG,0.5,24.890625,temperature
2024-10-10T00:00:00Z,SUGG,0.75,24.891041666666663,temperature
2024-10-10T00:00:00Z,SUGG,1,24.890416666666667,temperature
2024-10-11T00:00:00Z,SUGG,0,24.317708333333332,temperature
2024-10-11T00:00:00Z,SUGG,0.25,24.317083333333333,temperature
2024-10-11T00:00:00Z,SUGG,0.5,24.303125,temperature
2024-10-11T00:00:00Z,SUGG,0.75,24.28,temperature
2024-10-11T00:00:00Z,SUGG,1,24.256458333333335,temperature
2024-10-12T00:00:00Z,SUGG,0,24.592083333333335,temperature
2024-10-12T00:00:00Z,SUGG,0.25,24.430416666666662,temperature
2024-10-12T00:00:00Z,SUGG,0.5,24.187083333333337,temperature
2024-10-12T00:00:00Z,SUGG,0.75,23.993125,temperature
2024-10-12T00:00:00Z,SUGG,1,23.904791666666668,temperature
2024-10-13T00:00:00Z,SUGG,0,25.699166666666667,temperature
2024-10-13T00:00:00Z,SUGG,0.25,25.18,temperature
2024-10-13T00:00:00Z,SUGG,0.5,24.708541666666665,temperature
2024-10-13T00:00:00Z,SUGG,0.75,24.365625,temperature
2024-10-13T00:00:00Z,SUGG,1,24.009375,temperature
2024-10-14T00:00:00Z,SUGG,0,25.505416666666665,temperature
2024-10-14T00:00:00Z,SUGG,0.25,25.463125,temperature
2024-10-14T00:00:00Z,SUGG,0.5,25.18145833333333,temperature
2024-10-14T00:00:00Z,SUGG,0.75,24.633333333333333,temperature
2024-10-14T00:00:00Z,SUGG,1,24.25625,temperature
2024-10-15T00:00:00Z,SUGG,0,25.922083333333333,temperature
2024-10-15T00:00:00Z,SUGG,0.25,25.426458333333333,temperature
2024-10-15T00:00:00Z,SUGG,0.5,25.120208333333338,temperature
2024-10-15T00:00:00Z,SUGG,0.75,24.77625,temperature
2024-10-15T00:00:00Z,SUGG,1,24.319583333333338,temperature
2024-10-16T00:00:00Z,SUGG,0,24.712291666666665,temperature
2024-10-16T00:00:00Z,SUGG,0.25,24.616041666666668,temperature
2024-10-16T00:00:00Z,SUGG,0.5,24.227708333333332,temperature
2024-10-16T00:00:00Z,SUGG,0.75,24.049375,temperature
2024-10-16T00:00:00Z,SUGG,1,23.950625,temperature
2024-10-17T00:00:00Z,SUGG,0,22.306875,temperature
2024-10-17T00:00:00Z,SUGG,0.25,22.32375,temperature
2024-10-17T00:00:00Z,SUGG,0.5,22.324791666666663,temperature
2024-10-17T00:00:00Z,SUGG,0.75,22.31854166666667,temperature
2024-10-17T00:00:00Z,SUGG,1,22.309375,temperature
2024-10-18T00:00:00Z,SUGG,0,21.426458333333333,temperature
2024-10-18T00:00:00Z,SUGG,0.25,21.437083333333337,temperature
2024-10-18T00:00:00Z,SUGG,0.5,21.4325,temperature
2024-10-18T00:00:00Z,SUGG,0.75,21.423125,temperature
2024-10-18T00:00:00Z,SUGG,1,21.41208333333333,temperature
2024-10-19T00:00:00Z,SUGG,0,21.338541666666668,temperature
2024-10-19T00:00:00Z,SUGG,0.25,21.344583333333333,temperature
2024-10-19T00:00:00Z,SUGG,0.5,21.344166666666663,temperature
2024-10-19T00:00:00Z,SUGG,0.75,21.34,temperature
2024-10-19T00:00:00Z,SUGG,1,21.334583333333335,temperature
2024-10-20T00:00:00Z,SUGG,0,21.436875,temperature
2024-10-20T00:00:00Z,SUGG,0.25,21.434791666666666,temperature
2024-10-20T00:00:00Z,SUGG,0.5,21.427291666666665,temperature
2024-10-20T00:00:00Z,SUGG,0.75,21.413541666666667,temperature
2024-10-20T00:00:00Z,SUGG,1,21.395416666666662,temperature
2024-10-21T00:00:00Z,SUGG,0,21.629583333333333,temperature
2024-10-21T00:00:00Z,SUGG,0.25,21.62125,temperature
2024-10-21T00:00:00Z,SUGG,0.5,21.600833333333338,temperature
2024-10-21T00:00:00Z,SUGG,0.75,21.566666666666663,temperature
2024-10-21T00:00:00Z,SUGG,1,21.50583333333333,temperature
2024-10-22T00:00:00Z,SUGG,0,22.30375,temperature
2024-10-22T00:00:00Z,SUGG,0.25,22.292708333333337,temperature
2024-10-22T00:00:00Z,SUGG,0.5,22.254583333333333,temperature
2024-10-22T00:00:00Z,SUGG,0.75,22.180416666666662,temperature
2024-10-22T00:00:00Z,SUGG,1,22.081875,temperature
2024-10-23T00:00:00Z,SUGG,0,23.143541666666668,temperature
2024-10-23T00:00:00Z,SUGG,0.25,23.113333333333333,temperature
2024-10-23T00:00:00Z,SUGG,0.5,23.00625,temperature
2024-10-23T00:00:00Z,SUGG,0.75,22.884166666666665,temperature
2024-10-23T00:00:00Z,SUGG,1,22.60125,temperature
2024-10-24T00:00:00Z,SUGG,0,24.20127659574468,temperature
2024-10-24T00:00:00Z,SUGG,0.25,23.854791666666667,temperature
2024-10-24T00:00:00Z,SUGG,0.5,23.330208333333335,temperature
2024-10-24T00:00:00Z,SUGG,0.75,23.013541666666665,temperature
2024-10-24T00:00:00Z,SUGG,1,22.8,temperature
2024-10-25T00:00:00Z,SUGG,0,25.39063829787234,temperature
2024-10-25T00:00:00Z,SUGG,0.25,24.217708333333334,temperature
2024-10-25T00:00:00Z,SUGG,0.5,23.394166666666667,temperature
2024-10-25T00:00:00Z,SUGG,0.75,22.799583333333334,temperature
2024-10-25T00:00:00Z,SUGG,1,22.558333333333337,temperature
2024-10-26T00:00:00Z,SUGG,0,25.130625,temperature
2024-10-26T00:00:00Z,SUGG,0.25,23.969583333333333,temperature
2024-10-26T00:00:00Z,SUGG,0.5,23.196458333333332,temperature
2024-10-26T00:00:00Z,SUGG,0.75,22.858125,temperature
2024-10-26T00:00:00Z,SUGG,1,22.553958333333338,temperature
2024-10-27T00:00:00Z,SUGG,0,24.93375,temperature
2024-10-27T00:00:00Z,SUGG,0.25,24.115833333333335,temperature
2024-10-27T00:00:00Z,SUGG,0.5,23.263333333333332,temperature
2024-10-27T00:00:00Z,SUGG,0.75,22.83416666666667,temperature
2024-10-27T00:00:00Z,SUGG,1,22.49875,temperature
2024-10-28T00:00:00Z,SUGG,0,24.13978260869565,temperature
2024-10-28T00:00:00Z,SUGG,0.25,23.76478260869565,temperature
2024-10-28T00:00:00Z,SUGG,0.5,23.249782608695657,temperature
2024-10-28T00:00:00Z,SUGG,0.75,22.99586956521739,temperature
2024-10-28T00:00:00Z,SUGG,1,22.77065217391304,temperature
2024-10-29T00:00:00Z,SUGG,0,23.145416666666662,temperature
2024-10-29T00:00:00Z,SUGG,0.25,23.128958333333333,temperature
2024-10-29T00:00:00Z,SUGG,0.5,23.090208333333333,temperature
2024-10-29T00:00:00Z,SUGG,0.75,23.033541666666668,temperature
2024-10-29T00:00:00Z,SUGG,1,22.951041666666665,temperature
2024-10-30T00:00:00Z,SUGG,0,23.570416666666667,temperature
2024-10-30T00:00:00Z,SUGG,0.25,23.554583333333333,temperature
2024-10-30T00:00:00Z,SUGG,0.5,23.531458333333333,temperature
2024-10-30T00:00:00Z,SUGG,0.75,23.495625,temperature
2024-10-30T00:00:00Z,SUGG,1,23.439166666666665,temperature
2024-10-31T00:00:00Z,SUGG,0,23.859583333333333,temperature
2024-10-31T00:00:00Z,SUGG,0.25,23.853125,temperature
2024-10-31T00:00:00Z,SUGG,0.5,23.844375,temperature
2024-10-31T00:00:00Z,SUGG,0.75,23.82208333333333,temperature
2024-10-31T00:00:00Z,SUGG,1,23.785833333333333,temperature
2024-11-01T00:00:00Z,SUGG,0,24.293125,temperature
2024-11-01T00:00:00Z,SUGG,0.25,24.053125,temperature
2024-11-01T00:00:00Z,SUGG,0.5,23.799166666666665,temperature
2024-11-01T00:00:00Z,SUGG,0.75,23.610625,temperature
2024-11-01T00:00:00Z,SUGG,1,23.544166666666666,temperature
2024-11-02T00:00:00Z,SUGG,0,24.274166666666662,temperature
2024-11-02T00:00:00Z,SUGG,0.25,24.23,temperature
2024-11-02T00:00:00Z,SUGG,0.5,24.096041666666668,temperature
2024-11-02T00:00:00Z,SUGG,0.75,23.842916666666667,temperature
2024-11-02T00:00:00Z,SUGG,1,23.612916666666667,temperature
2024-11-03T00:00:00Z,SUGG,0,24.285625,temperature
2024-11-03T00:00:00Z,SUGG,0.25,24.273125,temperature
2024-11-03T00:00:00Z,SUGG,0.5,24.249375,temperature
2024-11-03T00:00:00Z,SUGG,0.75,24.2075,temperature
2024-11-03T00:00:00Z,SUGG,1,24.15020833333333,temperature
2024-11-04T00:00:00Z,SUGG,0,24.473958333333332,temperature
2024-11-04T00:00:00Z,SUGG,0.25,24.45875,temperature
2024-11-04T00:00:00Z,SUGG,0.5,24.435208333333332,temperature
2024-11-04T00:00:00Z,SUGG,0.75,24.405833333333337,temperature
2024-11-04T00:00:00Z,SUGG,1,24.375208333333333,temperature
2024-11-05T00:00:00Z,SUGG,0,24.522291666666668,temperature
2024-11-05T00:00:00Z,SUGG,0.25,24.51125,temperature
2024-11-05T00:00:00Z,SUGG,0.5,24.492916666666662,temperature
2024-11-05T00:00:00Z,SUGG,0.75,24.456875,temperature
2024-11-05T00:00:00Z,SUGG,1,24.405416666666667,temperature
2024-11-06T00:00:00Z,SUGG,0,25.00375,temperature
2024-11-06T00:00:00Z,SUGG,0.25,24.988958333333333,temperature
2024-11-06T00:00:00Z,SUGG,0.5,24.968125,temperature
2024-11-06T00:00:00Z,SUGG,0.75,24.9225,temperature
2024-11-06T00:00:00Z,SUGG,1,24.84979166666667,temperature
2024-11-07T00:00:00Z,SUGG,0,25.542708333333337,temperature
2024-11-07T00:00:00Z,SUGG,0.25,25.505,temperature
2024-11-07T00:00:00Z,SUGG,0.5,25.421458333333337,temperature
2024-11-07T00:00:00Z,SUGG,0.75,25.250208333333333,temperature
2024-11-07T00:00:00Z,SUGG,1,25.026666666666667,temperature
2024-11-08T00:00:00Z,SUGG,0,26.054166666666667,temperature
2024-11-08T00:00:00Z,SUGG,0.25,25.88625,temperature
2024-11-08T00:00:00Z,SUGG,0.5,25.649583333333332,temperature
2024-11-08T00:00:00Z,SUGG,0.75,25.46125,temperature
2024-11-08T00:00:00Z,SUGG,1,25.221875,temperature
2024-11-09T00:00:00Z,SUGG,0,25.718333333333337,temperature
2024-11-09T00:00:00Z,SUGG,0.25,25.702083333333334,temperature
2024-11-09T00:00:00Z,SUGG,0.5,25.635208333333335,temperature
2024-11-09T00:00:00Z,SUGG,0.75,25.465625,temperature
2024-11-09T00:00:00Z,SUGG,1,25.2575,temperature
2024-11-10T00:00:00Z,SUGG,0,25.183333333333337,temperature
2024-11-10T00:00:00Z,SUGG,0.25,25.180833333333332,temperature
2024-11-10T00:00:00Z,SUGG,0.5,25.176041666666663,temperature
2024-11-10T00:00:00Z,SUGG,0.75,25.166458333333335,temperature
2024-11-10T00:00:00Z,SUGG,1,25.149583333333332,temperature
2024-11-11T00:00:00Z,SUGG,0,25.75340425531915,temperature
2024-11-11T00:00:00Z,SUGG,0.25,24.97,temperature
2024-11-11T00:00:00Z,SUGG,0.5,24.759166666666665,temperature
2024-11-11T00:00:00Z,SUGG,0.75,24.655208333333334,temperature
2024-11-11T00:00:00Z,SUGG,1,24.626666666666665,temperature
2024-11-12T00:00:00Z,SUGG,0,25.904583333333335,temperature
2024-11-12T00:00:00Z,SUGG,0.25,25.5975,temperature
2024-11-12T00:00:00Z,SUGG,0.5,25.00979166666667,temperature
2024-11-12T00:00:00Z,SUGG,0.75,24.656458333333333,temperature
2024-11-12T00:00:00Z,SUGG,1,24.549791666666668,temperature
2024-11-13T00:00:00Z,SUGG,0,24.941,temperature
2024-11-13T00:00:00Z,SUGG,0.25,24.937,temperature
2024-11-13T00:00:00Z,SUGG,0.5,24.904,temperature
2024-11-13T00:00:00Z,SUGG,0.75,24.819,temperature
2024-11-13T00:00:00Z,SUGG,1,24.7305,temperature
2024-11-19T00:00:00Z,SUGG,0,22.646,temperature
2024-11-19T00:00:00Z,SUGG,0.25,22.613,temperature
2024-11-19T00:00:00Z,SUGG,0.5,22.5545,temperature
2024-11-19T00:00:00Z,SUGG,0.75,22.43,temperature
2024-11-19T00:00:00Z,SUGG,1,22.2275,temperature
2024-11-20T00:00:00Z,SUGG,0,22.473125,temperature
2024-11-20T00:00:00Z,SUGG,0.25,22.461875,temperature
2024-11-20T00:00:00Z,SUGG,0.5,22.45,temperature
2024-11-20T00:00:00Z,SUGG,0.75,22.402708333333333,temperature
2024-11-20T00:00:00Z,SUGG,1,22.338958333333338,temperature
2024-11-21T00:00:00Z,SUGG,0,21.81,temperature
2024-11-21T00:00:00Z,SUGG,0.25,21.820208333333333,temperature
2024-11-21T00:00:00Z,SUGG,0.5,21.815,temperature
2024-11-21T00:00:00Z,SUGG,0.75,21.787708333333335,temperature
2024-11-21T00:00:00Z,SUGG,1,21.754375,temperature
2024-11-22T00:00:00Z,SUGG,0,20.261666666666667,temperature
2024-11-22T00:00:00Z,SUGG,0.25,20.274375,temperature
2024-11-22T00:00:00Z,SUGG,0.5,20.28,temperature
2024-11-22T00:00:00Z,SUGG,0.75,20.276875,temperature
2024-11-22T00:00:00Z,SUGG,1,20.273958333333333,temperature
2024-11-23T00:00:00Z,SUGG,0,19.105416666666667,temperature
2024-11-23T00:00:00Z,SUGG,0.25,19.103125,temperature
2024-11-23T00:00:00Z,SUGG,0.5,19.0975,temperature
2024-11-23T00:00:00Z,SUGG,0.75,19.078333333333333,temperature
2024-11-23T00:00:00Z,SUGG,1,19.059375,temperature
2024-11-24T00:00:00Z,SUGG,0,19.105625,temperature
2024-11-24T00:00:00Z,SUGG,0.25,18.661063829787235,temperature
2024-11-24T00:00:00Z,SUGG,0.5,18.251458333333332,temperature
2024-11-24T00:00:00Z,SUGG,0.75,18.116666666666667,temperature
2024-11-24T00:00:00Z,SUGG,1,18.089375,temperature
2024-11-25T00:00:00Z,SUGG,0,19.461666666666662,temperature
2024-11-25T00:00:00Z,SUGG,0.25,18.427916666666665,temperature
2024-11-25T00:00:00Z,SUGG,0.5,17.900833333333335,temperature
2024-11-25T00:00:00Z,SUGG,0.75,17.74875,temperature
2024-11-25T00:00:00Z,SUGG,1,17.704583333333332,temperature
2024-11-26T00:00:00Z,SUGG,0,18.962291666666665,temperature
2024-11-26T00:00:00Z,SUGG,0.25,18.460208333333338,temperature
2024-11-26T00:00:00Z,SUGG,0.5,18.049375,temperature
2024-11-26T00:00:00Z,SUGG,0.75,17.78625,temperature
2024-11-26T00:00:00Z,SUGG,1,17.570625,temperature
2024-11-27T00:00:00Z,SUGG,0,19.406875,temperature
2024-11-27T00:00:00Z,SUGG,0.25,19.158958333333334,temperature
2024-11-27T00:00:00Z,SUGG,0.5,18.921458333333337,temperature
2024-11-27T00:00:00Z,SUGG,0.75,18.32375,temperature
2024-11-27T00:00:00Z,SUGG,1,17.932916666666667,temperature
2024-11-28T00:00:00Z,SUGG,0,19.816666666666663,temperature
2024-11-28T00:00:00Z,SUGG,0.25,19.676666666666662,temperature
2024-11-28T00:00:00Z,SUGG,0.5,19.50958333333333,temperature
2024-11-28T00:00:00Z,SUGG,0.75,19.149791666666665,temperature
2024-11-28T00:00:00Z,SUGG,1,18.658958333333334,temperature
2024-11-29T00:00:00Z,SUGG,0,19.791458333333335,temperature
2024-11-29T00:00:00Z,SUGG,0.25,19.76,temperature
2024-11-29T00:00:00Z,SUGG,0.5,19.72833333333333,temperature
2024-11-29T00:00:00Z,SUGG,0.75,19.597916666666663,temperature
2024-11-29T00:00:00Z,SUGG,1,19.153333333333332,temperature
2024-11-30T00:00:00Z,SUGG,0,17.916666666666668,temperature
2024-11-30T00:00:00Z,SUGG,0.25,17.931041666666665,temperature
2024-11-30T00:00:00Z,SUGG,0.5,17.933125,temperature
2024-11-30T00:00:00Z,SUGG,0.75,17.921666666666667,temperature
2024-11-30T00:00:00Z,SUGG,1,17.911875,temperature
2024-12-01T00:00:00Z,SUGG,0,16.826875,temperature
2024-12-01T00:00:00Z,SUGG,0.25,16.819166666666668,temperature
2024-12-01T00:00:00Z,SUGG,0.5,16.803958333333334,temperature
2024-12-01T00:00:00Z,SUGG,0.75,16.761458333333334,temperature
2024-12-01T00:00:00Z,SUGG,1,16.722083333333334,temperature
2024-12-02T00:00:00Z,SUGG,0,16.158333333333335,temperature
2024-12-02T00:00:00Z,SUGG,0.25,16.162916666666668,temperature
2024-12-02T00:00:00Z,SUGG,0.5,16.167291666666667,temperature
2024-12-02T00:00:00Z,SUGG,0.75,16.15875,temperature
2024-12-02T00:00:00Z,SUGG,1,16.153333333333332,temperature
2024-12-03T00:00:00Z,SUGG,0,15.441041666666669,temperature
2024-12-03T00:00:00Z,SUGG,0.25,15.446458333333334,temperature
2024-12-03T00:00:00Z,SUGG,0.5,15.451458333333331,temperature
2024-12-03T00:00:00Z,SUGG,0.75,15.4425,temperature
2024-12-03T00:00:00Z,SUGG,1,15.433541666666668,temperature
2024-12-04T00:00:00Z,SUGG,0,14.891041666666666,temperature
2024-12-04T00:00:00Z,SUGG,0.25,14.664583333333333,temperature
2024-12-04T00:00:00Z,SUGG,0.5,14.570208333333332,temperature
2024-12-04T00:00:00Z,SUGG,0.75,14.505833333333332,temperature
2024-12-04T00:00:00Z,SUGG,1,14.465208333333331,temperature
2024-12-05T00:00:00Z,SUGG,0,14.758333333333333,temperature
2024-12-05T00:00:00Z,SUGG,0.25,14.741875,temperature
2024-12-05T00:00:00Z,SUGG,0.5,14.634375,temperature
2024-12-05T00:00:00Z,SUGG,0.75,14.579375,temperature
2024-12-05T00:00:00Z,SUGG,1,14.53,temperature
2024-12-06T00:00:00Z,SUGG,0,15.419583333333334,temperature
2024-12-06T00:00:00Z,SUGG,0.25,15.405833333333334,temperature
2024-12-06T00:00:00Z,SUGG,0.5,15.352708333333334,temperature
2024-12-06T00:00:00Z,SUGG,0.75,15.254375,temperature
2024-12-06T00:00:00Z,SUGG,1,15.090208333333331,temperature
2024-12-07T00:00:00Z,SUGG,0,14.656875,temperature
2024-12-07T00:00:00Z,SUGG,0.25,14.654583333333331,temperature
2024-12-07T00:00:00Z,SUGG,0.5,14.636875,temperature
2024-12-07T00:00:00Z,SUGG,0.75,14.600416666666666,temperature
2024-12-07T00:00:00Z,SUGG,1,14.558125,temperature
2024-12-08T00:00:00Z,SUGG,0,14.919583333333334,temperature
2024-12-08T00:00:00Z,SUGG,0.25,14.544166666666667,temperature
2024-12-08T00:00:00Z,SUGG,0.5,14.284791666666669,temperature
2024-12-08T00:00:00Z,SUGG,0.75,14.151875,temperature
2024-12-08T00:00:00Z,SUGG,1,14.065,temperature
2024-12-09T00:00:00Z,SUGG,0,15.7275,temperature
2024-12-09T00:00:00Z,SUGG,0.25,15.483333333333334,temperature
2024-12-09T00:00:00Z,SUGG,0.5,15.01375,temperature
2024-12-09T00:00:00Z,SUGG,0.75,14.572916666666666,temperature
2024-12-09T00:00:00Z,SUGG,1,14.25875,temperature
2024-12-10T00:00:00Z,SUGG,0,16.173333333333332,temperature
2024-12-10T00:00:00Z,SUGG,0.25,16.062916666666666,temperature
2024-12-10T00:00:00Z,SUGG,0.5,15.87,temperature
2024-12-10T00:00:00Z,SUGG,0.75,15.435208333333334,temperature
2024-12-10T00:00:00Z,SUGG,1,14.9925,temperature
2024-12-11T00:00:00Z,SUGG,0,16.8075,temperature
2024-12-11T00:00:00Z,SUGG,0.25,16.753541666666667,temperature
2024-12-11T00:00:00Z,SUGG,0.5,16.690416666666668,temperature
2024-12-11T00:00:00Z,SUGG,0.75,16.548541666666665,temperature
2024-12-11T00:00:00Z,SUGG,1,16.278125,temperature
2024-12-12T00:00:00Z,SUGG,0,15.430833333333334,temperature
2024-12-12T00:00:00Z,SUGG,0.25,15.430208333333333,temperature
2024-12-12T00:00:00Z,SUGG,0.5,15.422291666666666,temperature
2024-12-12T00:00:00Z,SUGG,0.75,15.39875,temperature
2024-12-12T00:00:00Z,SUGG,1,15.380625,temperature
2024-12-13T00:00:00Z,SUGG,0,14.778958333333334,temperature
2024-12-13T00:00:00Z,SUGG,0.25,14.782916666666669,temperature
2024-12-13T00:00:00Z,SUGG,0.5,14.782291666666666,temperature
2024-12-13T00:00:00Z,SUGG,0.75,14.765208333333334,temperature
2024-12-13T00:00:00Z,SUGG,1,14.743958333333332,temperature
2024-12-14T00:00:00Z,SUGG,0,15.333541666666669,temperature
2024-12-14T00:00:00Z,SUGG,0.25,15.323125,temperature
2024-12-14T00:00:00Z,SUGG,0.5,15.312916666666666,temperature
2024-12-14T00:00:00Z,SUGG,0.75,15.296666666666669,temperature
2024-12-14T00:00:00Z,SUGG,1,15.285833333333333,temperature
2024-12-15T00:00:00Z,SUGG,0,16.209583333333335,temperature
2024-12-15T00:00:00Z,SUGG,0.25,16.187291666666667,temperature
2024-12-15T00:00:00Z,SUGG,0.5,16.156666666666666,temperature
2024-12-15T00:00:00Z,SUGG,0.75,16.107916666666668,temperature
2024-12-15T00:00:00Z,SUGG,1,16.036458333333332,temperature
2024-12-16T00:00:00Z,SUGG,0,16.720416666666665,temperature
2024-12-16T00:00:00Z,SUGG,0.25,16.704583333333332,temperature
2024-12-16T00:00:00Z,SUGG,0.5,16.675625,temperature
2024-12-16T00:00:00Z,SUGG,0.75,16.6025,temperature
2024-12-16T00:00:00Z,SUGG,1,16.50875,temperature
2024-12-17T00:00:00Z,SUGG,0,18.11541666666667,temperature
2024-12-17T00:00:00Z,SUGG,0.25,17.940416666666668,temperature
2024-12-17T00:00:00Z,SUGG,0.5,17.626458333333332,temperature
2024-12-17T00:00:00Z,SUGG,0.75,17.335208333333334,temperature
2024-12-17T00:00:00Z,SUGG,1,17.127291666666668,temperature
2024-12-18T00:00:00Z,SUGG,0,19.66090909090909,temperature
2024-12-18T00:00:00Z,SUGG,0.25,19.465454545454545,temperature
2024-12-18T00:00:00Z,SUGG,0.5,18.71727272727273,temperature
2024-12-18T00:00:00Z,SUGG,0.75,17.743636363636362,temperature
2024-12-18T00:00:00Z,SUGG,1,17.199545454545454,temperature
2024-12-19T00:00:00Z,SUGG,0,20.562708333333333,temperature
2024-12-19T00:00:00Z,SUGG,0.25,20.362708333333337,temperature
2024-12-19T00:00:00Z,SUGG,0.5,19.94625,temperature
2024-12-19T00:00:00Z,SUGG,0.75,18.345,temperature
2024-12-19T00:00:00Z,SUGG,1,17.387916666666666,temperature
2024-12-20T00:00:00Z,SUGG,0,19.52875,temperature
2024-12-20T00:00:00Z,SUGG,0.25,19.520208333333333,temperature
2024-12-20T00:00:00Z,SUGG,0.5,19.449166666666667,temperature
2024-12-20T00:00:00Z,SUGG,0.75,18.569583333333338,temperature
2024-12-20T00:00:00Z,SUGG,1,18.039791666666662,temperature
2024-12-21T00:00:00Z,SUGG,0,17.478541666666665,temperature
2024-12-21T00:00:00Z,SUGG,0.25,17.4825,temperature
2024-12-21T00:00:00Z,SUGG,0.5,17.476458333333333,temperature
2024-12-21T00:00:00Z,SUGG,0.75,17.451666666666668,temperature
2024-12-21T00:00:00Z,SUGG,1,17.432708333333334,temperature
2024-12-22T00:00:00Z,SUGG,0,16.083125,temperature
2024-12-22T00:00:00Z,SUGG,0.25,16.08875,temperature
2024-12-22T00:00:00Z,SUGG,0.5,16.090208333333333,temperature
2024-12-22T00:00:00Z,SUGG,0.75,16.072708333333335,temperature
2024-12-22T00:00:00Z,SUGG,1,16.057916666666667,temperature
2024-12-23T00:00:00Z,SUGG,0,15.535,temperature
2024-12-23T00:00:00Z,SUGG,0.25,15.545,temperature
2024-12-23T00:00:00Z,SUGG,0.5,15.551458333333333,temperature
2024-12-23T00:00:00Z,SUGG,0.75,15.547708333333333,temperature
2024-12-23T00:00:00Z,SUGG,1,15.54375,temperature
2024-12-24T00:00:00Z,SUGG,0,15.151666666666667,temperature
2024-12-24T00:00:00Z,SUGG,0.25,15.153958333333334,temperature
2024-12-24T00:00:00Z,SUGG,0.5,15.153958333333334,temperature
2024-12-24T00:00:00Z,SUGG,0.75,15.142916666666666,temperature
2024-12-24T00:00:00Z,SUGG,1,15.1325,temperature
2024-12-25T00:00:00Z,SUGG,0,14.692916666666669,temperature
2024-12-25T00:00:00Z,SUGG,0.25,14.688333333333333,temperature
2024-12-25T00:00:00Z,SUGG,0.5,14.672291666666666,temperature
2024-12-25T00:00:00Z,SUGG,0.75,14.643333333333333,temperature
2024-12-25T00:00:00Z,SUGG,1,14.625625,temperature
2024-12-26T00:00:00Z,SUGG,0,14.880833333333332,temperature
2024-12-26T00:00:00Z,SUGG,0.25,14.875208333333331,temperature
2024-12-26T00:00:00Z,SUGG,0.5,14.872083333333334,temperature
2024-12-26T00:00:00Z,SUGG,0.75,14.863125,temperature
2024-12-26T00:00:00Z,SUGG,1,14.850625,temperature
2024-12-27T00:00:00Z,SUGG,0,15.333125,temperature
2024-12-27T00:00:00Z,SUGG,0.25,15.320208333333332,temperature
2024-12-27T00:00:00Z,SUGG,0.5,15.303541666666666,temperature
2024-12-27T00:00:00Z,SUGG,0.75,15.276458333333332,temperature
2024-12-27T00:00:00Z,SUGG,1,15.24875,temperature
2024-12-28T00:00:00Z,SUGG,0,16.49125,temperature
2024-12-28T00:00:00Z,SUGG,0.25,16.4075,temperature
2024-12-28T00:00:00Z,SUGG,0.5,16.315625,temperature
2024-12-28T00:00:00Z,SUGG,0.75,16.167916666666667,temperature
2024-12-28T00:00:00Z,SUGG,1,15.988958333333333,temperature
2024-12-29T00:00:00Z,SUGG,0,17.496458333333333,temperature
2024-12-29T00:00:00Z,SUGG,0.25,17.460416666666667,temperature
2024-12-29T00:00:00Z,SUGG,0.5,17.40375,temperature
2024-12-29T00:00:00Z,SUGG,0.75,17.227916666666665,temperature
2024-12-29T00:00:00Z,SUGG,1,16.823958333333334,temperature
2024-12-30T00:00:00Z,SUGG,0,18.395416666666662,temperature
2024-12-30T00:00:00Z,SUGG,0.25,17.795416666666668,temperature
2024-12-30T00:00:00Z,SUGG,0.5,17.607916666666668,temperature
2024-12-30T00:00:00Z,SUGG,0.75,17.391041666666666,temperature
2024-12-30T00:00:00Z,SUGG,1,17.012291666666666,temperature
2024-12-31T00:00:00Z,SUGG,0,19.47625,temperature
2024-12-31T00:00:00Z,SUGG,0.25,19.011666666666667,temperature
2024-12-31T00:00:00Z,SUGG,0.5,18.465416666666663,temperature
2024-12-31T00:00:00Z,SUGG,0.75,17.983043478260868,temperature
2024-12-31T00:00:00Z,SUGG,1,17.511875,temperature
2025-01-01T00:00:00Z,SUGG,0,18.767291666666665,temperature
2025-01-01T00:00:00Z,SUGG,0.25,18.736041666666665,temperature
2025-01-01T00:00:00Z,SUGG,0.5,18.628125,temperature
2025-01-01T00:00:00Z,SUGG,0.75,18.453125,temperature
2025-01-01T00:00:00Z,SUGG,1,18.159375,temperature
2025-01-02T00:00:00Z,SUGG,0,17.486041666666665,temperature
2025-01-02T00:00:00Z,SUGG,0.25,17.466458333333332,temperature
2025-01-02T00:00:00Z,SUGG,0.5,17.42125,temperature
2025-01-02T00:00:00Z,SUGG,0.75,17.3325,temperature
2025-01-02T00:00:00Z,SUGG,1,17.281458333333333,temperature
2025-01-03T00:00:00Z,SUGG,0,16.606666666666666,temperature
2025-01-03T00:00:00Z,SUGG,0.25,16.602708333333332,temperature
2025-01-03T00:00:00Z,SUGG,0.5,16.596875,temperature
2025-01-03T00:00:00Z,SUGG,0.75,16.576666666666668,temperature
2025-01-03T00:00:00Z,SUGG,1,16.554791666666667,temperature
2025-01-04T00:00:00Z,SUGG,0,15.767916666666666,temperature
2025-01-04T00:00:00Z,SUGG,0.25,15.747708333333334,temperature
2025-01-04T00:00:00Z,SUGG,0.5,15.715,temperature
2025-01-04T00:00:00Z,SUGG,0.75,15.667291666666667,temperature
2025-01-04T00:00:00Z,SUGG,1,15.625833333333333,temperature
2025-01-05T00:00:00Z,SUGG,0,15.445208333333332,temperature
2025-01-05T00:00:00Z,SUGG,0.25,15.383958333333334,temperature
2025-01-05T00:00:00Z,SUGG,0.5,15.267916666666666,temperature
2025-01-05T00:00:00Z,SUGG,0.75,15.127708333333333,temperature
2025-01-05T00:00:00Z,SUGG,1,14.95125,temperature
2025-01-06T00:00:00Z,SUGG,0,15.377083333333331,temperature
2025-01-06T00:00:00Z,SUGG,0.25,15.37375,temperature
2025-01-06T00:00:00Z,SUGG,0.5,15.331458333333334,temperature
2025-01-06T00:00:00Z,SUGG,0.75,15.160208333333332,temperature
2025-01-06T00:00:00Z,SUGG,1,15.00625,temperature
2025-01-07T00:00:00Z,SUGG,0,14.484791666666666,temperature
2025-01-07T00:00:00Z,SUGG,0.25,14.494583333333331,temperature
2025-01-07T00:00:00Z,SUGG,0.5,14.502916666666668,temperature
2025-01-07T00:00:00Z,SUGG,0.75,14.498541666666666,temperature
2025-01-07T00:00:00Z,SUGG,1,14.494166666666668,temperature
2025-01-08T00:00:00Z,SUGG,0,13.522291666666666,temperature
2025-01-08T00:00:00Z,SUGG,0.25,13.519166666666669,temperature
2025-01-08T00:00:00Z,SUGG,0.5,13.516458333333333,temperature
2025-01-08T00:00:00Z,SUGG,0.75,13.496458333333331,temperature
2025-01-08T00:00:00Z,SUGG,1,13.480416666666668,temperature
2025-01-09T00:00:00Z,SUGG,0,12.66375,temperature
2025-01-09T00:00:00Z,SUGG,0.25,12.672916666666666,temperature
2025-01-09T00:00:00Z,SUGG,0.5,12.6775,temperature
2025-01-09T00:00:00Z,SUGG,0.75,12.66375,temperature
2025-01-09T00:00:00Z,SUGG,1,12.647291666666666,temperature
2025-01-10T00:00:00Z,SUGG,0,12.216041666666667,temperature
2025-01-10T00:00:00Z,SUGG,0.25,12.210416666666667,temperature
2025-01-10T00:00:00Z,SUGG,0.5,12.200208333333334,temperature
2025-01-10T00:00:00Z,SUGG,0.75,12.172083333333331,temperature
2025-01-10T00:00:00Z,SUGG,1,12.14125,temperature
2025-01-11T00:00:00Z,SUGG,0,12.913125,temperature
2025-01-11T00:00:00Z,SUGG,0.25,12.909375,temperature
2025-01-11T00:00:00Z,SUGG,0.5,12.91125,temperature
2025-01-11T00:00:00Z,SUGG,0.75,12.908125,temperature
2025-01-11T00:00:00Z,SUGG,1,12.9025,temperature
2025-01-12T00:00:00Z,SUGG,0,12.496875,temperature
2025-01-12T00:00:00Z,SUGG,0.25,12.431666666666668,temperature
2025-01-12T00:00:00Z,SUGG,0.5,12.372083333333332,temperature
2025-01-12T00:00:00Z,SUGG,0.75,12.320416666666668,temperature
2025-01-12T00:00:00Z,SUGG,1,12.302291666666669,temperature
2025-01-13T00:00:00Z,SUGG,0,12.610975609756098,temperature
2025-01-13T00:00:00Z,SUGG,0.25,12.609268292682929,temperature
2025-01-13T00:00:00Z,SUGG,0.5,12.52341463414634,temperature
2025-01-13T00:00:00Z,SUGG,0.75,12.422682926829268,temperature
2025-01-13T00:00:00Z,SUGG,1,12.283170731707315,temperature
2025-01-14T00:00:00Z,SUGG,0,12.219761904761905,temperature
2025-01-14T00:00:00Z,SUGG,0.25,12.235714285714286,temperature
2025-01-14T00:00:00Z,SUGG,0.5,12.226666666666668,temperature
2025-01-14T00:00:00Z,SUGG,0.75,12.215714285714286,temperature
2025-01-14T00:00:00Z,SUGG,1,12.204761904761904,temperature
2025-01-15T00:00:00Z,SUGG,0,12.151666666666667,temperature
2025-01-15T00:00:00Z,SUGG,0.25,12.173333333333334,temperature
2025-01-15T00:00:00Z,SUGG,0.5,12.167708333333334,temperature
2025-01-15T00:00:00Z,SUGG,0.75,12.154166666666669,temperature
2025-01-15T00:00:00Z,SUGG,1,12.135208333333331,temperature
2025-01-16T00:00:00Z,SUGG,0,12.238125,temperature
2025-01-16T00:00:00Z,SUGG,0.25,12.185,temperature
2025-01-16T00:00:00Z,SUGG,0.5,12.12,temperature
2025-01-16T00:00:00Z,SUGG,0.75,12.046041666666667,temperature
2025-01-16T00:00:00Z,SUGG,1,11.995625,temperature
2025-01-17T00:00:00Z,SUGG,0,12.68125,temperature
2025-01-17T00:00:00Z,SUGG,0.25,12.5775,temperature
2025-01-17T00:00:00Z,SUGG,0.5,12.376875,temperature
2025-01-17T00:00:00Z,SUGG,0.75,12.114791666666669,temperature
2025-01-17T00:00:00Z,SUGG,1,11.891458333333333,temperature
2025-01-18T00:00:00Z,SUGG,0,13.520625,temperature
2025-01-18T00:00:00Z,SUGG,0.25,13.50125,temperature
2025-01-18T00:00:00Z,SUGG,0.5,13.358958333333334,temperature
2025-01-18T00:00:00Z,SUGG,0.75,12.929583333333332,temperature
2025-01-18T00:00:00Z,SUGG,1,12.570833333333333,temperature
2025-01-19T00:00:00Z,SUGG,0,14.405208333333333,temperature
2025-01-19T00:00:00Z,SUGG,0.25,14.347708333333332,temperature
2025-01-19T00:00:00Z,SUGG,0.5,14.246666666666666,temperature
2025-01-19T00:00:00Z,SUGG,0.75,14.130416666666669,temperature
2025-01-19T00:00:00Z,SUGG,1,13.920625,temperature
2025-01-20T00:00:00Z,SUGG,0,13.41125,temperature
2025-01-20T00:00:00Z,SUGG,0.25,13.435625,temperature
2025-01-20T00:00:00Z,SUGG,0.5,13.431875,temperature
2025-01-20T00:00:00Z,SUGG,0.75,13.422291666666666,temperature
2025-01-20T00:00:00Z,SUGG,1,13.406875,temperature
2025-01-21T00:00:00Z,SUGG,0,12.348333333333333,temperature
2025-01-21T00:00:00Z,SUGG,0.25,12.387291666666666,temperature
2025-01-21T00:00:00Z,SUGG,0.5,12.394791666666666,temperature
2025-01-21T00:00:00Z,SUGG,0.75,12.396666666666668,temperature
2025-01-21T00:00:00Z,SUGG,1,12.399375,temperature
2025-01-22T00:00:00Z,SUGG,0,10.901666666666667,temperature
2025-01-22T00:00:00Z,SUGG,0.25,10.935833333333331,temperature
2025-01-22T00:00:00Z,SUGG,0.5,10.941458333333332,temperature
2025-01-22T00:00:00Z,SUGG,0.75,10.946041666666666,temperature
2025-01-22T00:00:00Z,SUGG,1,10.949166666666668,temperature
2025-01-23T00:00:00Z,SUGG,0,10.029791666666666,temperature
2025-01-23T00:00:00Z,SUGG,0.25,10.056041666666667,temperature
2025-01-23T00:00:00Z,SUGG,0.5,10.055208333333333,temperature
2025-01-23T00:00:00Z,SUGG,0.75,10.053333333333333,temperature
2025-01-23T00:00:00Z,SUGG,1,10.051458333333333,temperature
2025-01-24T00:00:00Z,SUGG,0,9.802708333333332,temperature
2025-01-24T00:00:00Z,SUGG,0.25,9.845,temperature
2025-01-24T00:00:00Z,SUGG,0.5,9.846458333333333,temperature
2025-01-24T00:00:00Z,SUGG,0.75,9.843333333333334,temperature
2025-01-24T00:00:00Z,SUGG,1,9.84,temperature
2025-01-25T00:00:00Z,SUGG,0,9.701458333333331,temperature
2025-01-25T00:00:00Z,SUGG,0.25,9.703958333333333,temperature
2025-01-25T00:00:00Z,SUGG,0.5,9.650625,temperature
2025-01-25T00:00:00Z,SUGG,0.75,9.605208333333334,temperature
2025-01-25T00:00:00Z,SUGG,1,9.573958333333334,temperature
2025-01-26T00:00:00Z,SUGG,0,11.38125,temperature
2025-01-26T00:00:00Z,SUGG,0.25,10.673333333333334,temperature
2025-01-26T00:00:00Z,SUGG,0.5,10.240416666666668,temperature
2025-01-26T00:00:00Z,SUGG,0.75,10.10875,temperature
2025-01-26T00:00:00Z,SUGG,1,9.999791666666669,temperature
2025-01-27T00:00:00Z,SUGG,0,12.569791666666667,temperature
2025-01-27T00:00:00Z,SUGG,0.25,12.168125,temperature
2025-01-27T00:00:00Z,SUGG,0.5,11.56625,temperature
2025-01-27T00:00:00Z,SUGG,0.75,11.114791666666669,temperature
2025-01-27T00:00:00Z,SUGG,1,10.744375,temperature
2025-01-28T00:00:00Z,SUGG,0,13.522708333333334,temperature
2025-01-28T00:00:00Z,SUGG,0.25,13.360416666666667,temperature
2025-01-28T00:00:00Z,SUGG,0.5,13.057083333333331,temperature
2025-01-28T00:00:00Z,SUGG,0.75,12.55625,temperature
2025-01-28T00:00:00Z,SUGG,1,11.620208333333334,temperature
2025-01-29T00:00:00Z,SUGG,0,14.2,temperature
2025-01-29T00:00:00Z,SUGG,0.25,14.145416666666666,temperature
2025-01-29T00:00:00Z,SUGG,0.5,14.023958333333333,temperature
2025-01-29T00:00:00Z,SUGG,0.75,13.737916666666669,temperature
2025-01-29T00:00:00Z,SUGG,1,12.90375,temperature
2025-01-30T00:00:00Z,SUGG,0,14.945625,temperature
2025-01-30T00:00:00Z,SUGG,0.25,14.881666666666666,temperature
2025-01-30T00:00:00Z,SUGG,0.5,14.692291666666668,temperature
2025-01-30T00:00:00Z,SUGG,0.75,14.345,temperature
2025-01-30T00:00:00Z,SUGG,1,13.206458333333334,temperature
2025-01-31T00:00:00Z,SUGG,0,15.932916666666667,temperature
2025-01-31T00:00:00Z,SUGG,0.25,15.917916666666668,temperature
2025-01-31T00:00:00Z,SUGG,0.5,15.862708333333334,temperature
2025-01-31T00:00:00Z,SUGG,0.75,15.5,temperature
2025-01-31T00:00:00Z,SUGG,1,14.362708333333334,temperature
2025-02-01T00:00:00Z,SUGG,0,17.217291666666668,temperature
2025-02-01T00:00:00Z,SUGG,0.25,17.074166666666667,temperature
2025-02-01T00:00:00Z,SUGG,0.5,16.968958333333333,temperature
2025-02-01T00:00:00Z,SUGG,0.75,16.746666666666666,temperature
2025-02-01T00:00:00Z,SUGG,1,15.941458333333332,temperature
2025-02-02T00:00:00Z,SUGG,0,17.328125,temperature
2025-02-02T00:00:00Z,SUGG,0.25,17.268541666666668,temperature
2025-02-02T00:00:00Z,SUGG,0.5,17.123541666666668,temperature
2025-02-02T00:00:00Z,SUGG,0.75,16.789574468085107,temperature
2025-02-02T00:00:00Z,SUGG,1,15.996458333333331,temperature
2025-02-03T00:00:00Z,SUGG,0,18.042708333333337,temperature
2025-02-03T00:00:00Z,SUGG,0.25,17.964375,temperature
2025-02-03T00:00:00Z,SUGG,0.5,17.785833333333333,temperature
2025-02-03T00:00:00Z,SUGG,0.75,17.231666666666666,temperature
2025-02-03T00:00:00Z,SUGG,1,15.954583333333334,temperature
2025-02-04T00:00:00Z,SUGG,0,19.71375,temperature
2025-02-04T00:00:00Z,SUGG,0.25,19.421875,temperature
2025-02-04T00:00:00Z,SUGG,0.5,18.917083333333338,temperature
2025-02-04T00:00:00Z,SUGG,0.75,17.764791666666667,temperature
2025-02-04T00:00:00Z,SUGG,1,16.113125,temperature
2025-02-05T00:00:00Z,SUGG,0,20.837291666666665,temperature
2025-02-05T00:00:00Z,SUGG,0.25,20.194583333333338,temperature
2025-02-05T00:00:00Z,SUGG,0.5,19.455,temperature
2025-02-05T00:00:00Z,SUGG,0.75,18.034791666666667,temperature
2025-02-05T00:00:00Z,SUGG,1,16.316666666666666,temperature
2025-02-06T00:00:00Z,SUGG,0,21.262291666666663,temperature
2025-02-06T00:00:00Z,SUGG,0.25,21.015625,temperature
2025-02-06T00:00:00Z,SUGG,0.5,20.430416666666662,temperature
2025-02-06T00:00:00Z,SUGG,0.75,19.067916666666665,temperature
2025-02-06T00:00:00Z,SUGG,1,16.533617021276594,temperature
2025-02-07T00:00:00Z,SUGG,0,21.69875,temperature
2025-02-07T00:00:00Z,SUGG,0.25,21.406041666666667,temperature
2025-02-07T00:00:00Z,SUGG,0.5,21.015416666666667,temperature
2025-02-07T00:00:00Z,SUGG,0.75,19.442083333333333,temperature
2025-02-07T00:00:00Z,SUGG,1,16.781458333333333,temperature
2025-02-08T00:00:00Z,SUGG,0,21.550416666666667,temperature
2025-02-08T00:00:00Z,SUGG,0.25,21.3625,temperature
2025-02-08T00:00:00Z,SUGG,0.5,21.00125,temperature
2025-02-08T00:00:00Z,SUGG,0.75,19.59875,temperature
2025-02-08T00:00:00Z,SUGG,1,17.172340425531914,temperature
2025-02-09T00:00:00Z,SUGG,0,21.614375,temperature
2025-02-09T00:00:00Z,SUGG,0.25,21.53125,temperature
2025-02-09T00:00:00Z,SUGG,0.5,21.09125,temperature
2025-02-09T00:00:00Z,SUGG,0.75,20.196875,temperature
2025-02-09T00:00:00Z,SUGG,1,17.421555555555557,temperature
2025-02-10T00:00:00Z,SUGG,0,22.102291666666662,temperature
2025-02-10T00:00:00Z,SUGG,0.25,21.285416666666663,temperature
2025-02-10T00:00:00Z,SUGG,0.5,20.949375,temperature
2025-02-10T00:00:00Z,SUGG,0.75,20.185416666666665,temperature
2025-02-10T00:00:00Z,SUGG,1,17.83770833333333,temperature
2025-02-11T00:00:00Z,SUGG,0,21.31854166666667,temperature
2025-02-11T00:00:00Z,SUGG,0.25,21.112083333333334,temperature
2025-02-11T00:00:00Z,SUGG,0.5,20.651041666666668,temperature
2025-02-11T00:00:00Z,SUGG,0.75,19.88625,temperature
2025-02-11T00:00:00Z,SUGG,1,17.968958333333333,temperature
2025-02-12T00:00:00Z,SUGG,0,21.333125,temperature
2025-02-12T00:00:00Z,SUGG,0.25,21.327708333333337,temperature
2025-02-12T00:00:00Z,SUGG,0.5,21.277083333333337,temperature
2025-02-12T00:00:00Z,SUGG,0.75,20.575833333333332,temperature
2025-02-12T00:00:00Z,SUGG,1,19.28875,temperature
2025-02-13T00:00:00Z,SUGG,0,21.580833333333334,temperature
2025-02-13T00:00:00Z,SUGG,0.25,21.577083333333334,temperature
2025-02-13T00:00:00Z,SUGG,0.5,21.556041666666665,temperature
2025-02-13T00:00:00Z,SUGG,0.75,21.48,temperature
2025-02-13T00:00:00Z,SUGG,1,20.862916666666667,temperature
2025-02-14T00:00:00Z,SUGG,0,21.30375,temperature
2025-02-14T00:00:00Z,SUGG,0.25,21.315416666666668,temperature
2025-02-14T00:00:00Z,SUGG,0.5,21.30666666666667,temperature
2025-02-14T00:00:00Z,SUGG,0.75,21.274791666666665,temperature
2025-02-14T00:00:00Z,SUGG,1,21.126458333333332,temperature
2025-02-15T00:00:00Z,SUGG,0,20.497708333333332,temperature
2025-02-15T00:00:00Z,SUGG,0.25,20.489791666666665,temperature
2025-02-15T00:00:00Z,SUGG,0.5,20.463541666666668,temperature
2025-02-15T00:00:00Z,SUGG,0.75,20.413333333333338,temperature
2025-02-15T00:00:00Z,SUGG,1,20.331666666666667,temperature
2025-02-16T00:00:00Z,SUGG,0,20.491875,temperature
2025-02-16T00:00:00Z,SUGG,0.25,20.50125,temperature
2025-02-16T00:00:00Z,SUGG,0.5,20.496458333333333,temperature
2025-02-16T00:00:00Z,SUGG,0.75,20.485416666666666,temperature
2025-02-16T00:00:00Z,SUGG,1,20.307083333333335,temperature
2025-02-17T00:00:00Z,SUGG,0,19.18125,temperature
2025-02-17T00:00:00Z,SUGG,0.25,19.179375,temperature
2025-02-17T00:00:00Z,SUGG,0.5,19.1375,temperature
2025-02-17T00:00:00Z,SUGG,0.75,19.079375,temperature
2025-02-17T00:00:00Z,SUGG,1,18.961041666666667,temperature
2025-02-18T00:00:00Z,SUGG,0,18.764583333333334,temperature
2025-02-18T00:00:00Z,SUGG,0.25,18.47479166666667,temperature
2025-02-18T00:00:00Z,SUGG,0.5,18.22,temperature
2025-02-18T00:00:00Z,SUGG,0.75,18.07,temperature
2025-02-18T00:00:00Z,SUGG,1,17.950416666666666,temperature
2025-02-19T00:00:00Z,SUGG,0,18.078333333333333,temperature
2025-02-19T00:00:00Z,SUGG,0.25,18.071666666666665,temperature
2025-02-19T00:00:00Z,SUGG,0.5,17.994583333333335,temperature
2025-02-19T00:00:00Z,SUGG,0.75,17.897291666666668,temperature
2025-02-19T00:00:00Z,SUGG,1,17.807916666666667,temperature
2025-02-20T00:00:00Z,SUGG,0,17.432708333333334,temperature
2025-02-20T00:00:00Z,SUGG,0.25,17.450416666666666,temperature
2025-02-20T00:00:00Z,SUGG,0.5,17.446875,temperature
2025-02-20T00:00:00Z,SUGG,0.75,17.441041666666667,temperature
2025-02-20T00:00:00Z,SUGG,1,17.431458333333335,temperature
2025-02-21T00:00:00Z,SUGG,0,16.355416666666667,temperature
2025-02-21T00:00:00Z,SUGG,0.25,16.402083333333334,temperature
2025-02-21T00:00:00Z,SUGG,0.5,16.405416666666667,temperature
2025-02-21T00:00:00Z,SUGG,0.75,16.402708333333333,temperature
2025-02-21T00:00:00Z,SUGG,1,16.3975,temperature
2025-02-22T00:00:00Z,SUGG,0,15.719166666666666,temperature
2025-02-22T00:00:00Z,SUGG,0.25,15.696875,temperature
2025-02-22T00:00:00Z,SUGG,0.5,15.5875,temperature
2025-02-22T00:00:00Z,SUGG,0.75,15.495416666666667,temperature
2025-02-22T00:00:00Z,SUGG,1,15.432916666666667,temperature
2025-02-23T00:00:00Z,SUGG,0,16.625,temperature
2025-02-23T00:00:00Z,SUGG,0.25,16.254375,temperature
2025-02-23T00:00:00Z,SUGG,0.5,15.962916666666668,temperature
2025-02-23T00:00:00Z,SUGG,0.75,15.737083333333333,temperature
2025-02-23T00:00:00Z,SUGG,1,15.542291666666667,temperature
2025-02-24T00:00:00Z,SUGG,0,16.89375,temperature
2025-02-24T00:00:00Z,SUGG,0.25,16.905833333333334,temperature
2025-02-24T00:00:00Z,SUGG,0.5,16.794999999999998,temperature
2025-02-24T00:00:00Z,SUGG,0.75,16.2375,temperature
2025-02-24T00:00:00Z,SUGG,1,15.628125,temperature
2025-02-25T00:00:00Z,SUGG,0,16.110416666666666,temperature
2025-02-25T00:00:00Z,SUGG,0.25,16.033958333333334,temperature
2025-02-25T00:00:00Z,SUGG,0.5,15.957708333333333,temperature
2025-02-25T00:00:00Z,SUGG,0.75,15.88375,temperature
2025-02-25T00:00:00Z,SUGG,1,15.820416666666668,temperature
2025-02-26T00:00:00Z,SUGG,0,17.90595238095238,temperature
2025-02-26T00:00:00Z,SUGG,0.25,17.510731707317074,temperature
2025-02-26T00:00:00Z,SUGG,0.5,16.833658536585364,temperature
2025-02-26T00:00:00Z,SUGG,0.75,16.405238095238094,temperature
2025-02-26T00:00:00Z,SUGG,1,16.26452380952381,temperature
2025-02-27T00:00:00Z,SUGG,0,19.35625,temperature
2025-02-27T00:00:00Z,SUGG,0.25,18.868125,temperature
2025-02-27T00:00:00Z,SUGG,0.5,17.821041666666666,temperature
2025-02-27T00:00:00Z,SUGG,0.75,17.00744680851064,temperature
2025-02-27T00:00:00Z,SUGG,1,16.5025,temperature
2025-02-28T00:00:00Z,SUGG,0,19.411666666666665,temperature
2025-02-28T00:00:00Z,SUGG,0.25,19.010625,temperature
2025-02-28T00:00:00Z,SUGG,0.5,18.555416666666662,temperature
2025-02-28T00:00:00Z,SUGG,0.75,17.777916666666666,temperature
2025-02-28T00:00:00Z,SUGG,1,16.927291666666665,temperature
2025-03-01T00:00:00Z,SUGG,0,18.988958333333333,temperature
2025-03-01T00:00:00Z,SUGG,0.25,18.975833333333338,temperature
2025-03-01T00:00:00Z,SUGG,0.5,18.75208333333333,temperature
2025-03-01T00:00:00Z,SUGG,0.75,18.346875,temperature
2025-03-01T00:00:00Z,SUGG,1,17.832708333333333,temperature
2025-03-02T00:00:00Z,SUGG,0,18.562083333333337,temperature
2025-03-02T00:00:00Z,SUGG,0.25,18.55125,temperature
2025-03-02T00:00:00Z,SUGG,0.5,18.474375,temperature
2025-03-02T00:00:00Z,SUGG,0.75,18.335208333333338,temperature
2025-03-02T00:00:00Z,SUGG,1,18.204583333333332,temperature
2025-03-03T00:00:00Z,SUGG,0,17.866041666666668,temperature
2025-03-03T00:00:00Z,SUGG,0.25,17.879583333333333,temperature
2025-03-03T00:00:00Z,SUGG,0.5,17.8425,temperature
2025-03-03T00:00:00Z,SUGG,0.75,17.767291666666665,temperature
2025-03-03T00:00:00Z,SUGG,1,17.662708333333335,temperature
2025-03-04T00:00:00Z,SUGG,0,17.98090909090909,temperature
2025-03-04T00:00:00Z,SUGG,0.25,17.98840909090909,temperature
2025-03-04T00:00:00Z,SUGG,0.5,17.981590909090908,temperature
2025-03-04T00:00:00Z,SUGG,0.75,17.971818181818183,temperature
2025-03-04T00:00:00Z,SUGG,1,17.953863636363636,temperature
2025-03-05T00:00:00Z,SUGG,0,18.545833333333334,temperature
2025-03-05T00:00:00Z,SUGG,0.25,18.547291666666663,temperature
2025-03-05T00:00:00Z,SUGG,0.5,18.544583333333332,temperature
2025-03-05T00:00:00Z,SUGG,0.75,18.54083333333333,temperature
2025-03-05T00:00:00Z,SUGG,1,18.538958333333333,temperature
2025-03-06T00:00:00Z,SUGG,0,18.008541666666666,temperature
2025-03-06T00:00:00Z,SUGG,0.25,18.024166666666662,temperature
2025-03-06T00:00:00Z,SUGG,0.5,18.02375,temperature
2025-03-06T00:00:00Z,SUGG,0.75,18.02166666666667,temperature
2025-03-06T00:00:00Z,SUGG,1,18.020208333333333,temperature
2025-03-07T00:00:00Z,SUGG,0,18.176458333333333,temperature
2025-03-07T00:00:00Z,SUGG,0.25,17.909791666666667,temperature
2025-03-07T00:00:00Z,SUGG,0.5,17.776666666666667,temperature
2025-03-07T00:00:00Z,SUGG,0.75,17.673125,temperature
2025-03-07T00:00:00Z,SUGG,1,17.59875,temperature
2025-03-08T00:00:00Z,SUGG,0,18.267916666666668,temperature
2025-03-08T00:00:00Z,SUGG,0.25,18.22875,temperature
2025-03-08T00:00:00Z,SUGG,0.5,17.998958333333334,temperature
2025-03-08T00:00:00Z,SUGG,0.75,17.7,temperature
2025-03-08T00:00:00Z,SUGG,1,17.444583333333334,temperature
2025-03-09T00:00:00Z,SUGG,0,18.898333333333333,temperature
2025-03-09T00:00:00Z,SUGG,0.25,18.56234042553191,temperature
2025-03-09T00:00:00Z,SUGG,0.5,18.160625,temperature
2025-03-09T00:00:00Z,SUGG,0.75,17.611875,temperature
2025-03-09T00:00:00Z,SUGG,1,17.294375,temperature
2025-03-10T00:00:00Z,SUGG,0,18.82875,temperature
2025-03-10T00:00:00Z,SUGG,0.25,18.792916666666667,temperature
2025-03-10T00:00:00Z,SUGG,0.5,18.724166666666665,temperature
2025-03-10T00:00:00Z,SUGG,0.75,18.582916666666662,temperature
2025-03-10T00:00:00Z,SUGG,1,18.437916666666663,temperature
2025-03-11T00:00:00Z,SUGG,0,18.601875,temperature
2025-03-11T00:00:00Z,SUGG,0.25,18.590625,temperature
2025-03-11T00:00:00Z,SUGG,0.5,18.560833333333335,temperature
2025-03-11T00:00:00Z,SUGG,0.75,18.526875,temperature
2025-03-11T00:00:00Z,SUGG,1,18.490833333333335,temperature
2025-03-12T00:00:00Z,SUGG,0,19.905416666666667,temperature
2025-03-12T00:00:00Z,SUGG,0.25,19.6875,temperature
2025-03-12T00:00:00Z,SUGG,0.5,19.363125,temperature
2025-03-12T00:00:00Z,SUGG,0.75,19.011458333333337,temperature
2025-03-12T00:00:00Z,SUGG,1,18.664375,temperature
2025-03-13T00:00:00Z,SUGG,0,20.309375,temperature
2025-03-13T00:00:00Z,SUGG,0.25,20.250833333333333,temperature
2025-03-13T00:00:00Z,SUGG,0.5,20.020416666666662,temperature
2025-03-13T00:00:00Z,SUGG,0.75,19.348125,temperature
2025-03-13T00:00:00Z,SUGG,1,18.687708333333333,temperature
2025-03-14T00:00:00Z,SUGG,0,21.158541666666668,temperature
2025-03-14T00:00:00Z,SUGG,0.25,20.922291666666663,temperature
2025-03-14T00:00:00Z,SUGG,0.5,20.694791666666667,temperature
2025-03-14T00:00:00Z,SUGG,0.75,20.193829787234044,temperature
2025-03-14T00:00:00Z,SUGG,1,19.135833333333338,temperature
2025-03-15T00:00:00Z,SUGG,0,21.488958333333333,temperature
2025-03-15T00:00:00Z,SUGG,0.25,21.468333333333337,temperature
2025-03-15T00:00:00Z,SUGG,0.5,21.411458333333332,temperature
2025-03-15T00:00:00Z,SUGG,0.75,21.21,temperature
2025-03-15T00:00:00Z,SUGG,1,20.307291666666668,temperature
2025-03-16T00:00:00Z,SUGG,0,21.136875,temperature
2025-03-16T00:00:00Z,SUGG,0.25,21.135416666666668,temperature
2025-03-16T00:00:00Z,SUGG,0.5,21.12291666666667,temperature
2025-03-16T00:00:00Z,SUGG,0.75,21.101458333333333,temperature
2025-03-16T00:00:00Z,SUGG,1,21.033958333333334,temperature
2025-03-17T00:00:00Z,SUGG,0,20.131875,temperature
2025-03-17T00:00:00Z,SUGG,0.25,20.145208333333333,temperature
2025-03-17T00:00:00Z,SUGG,0.5,20.14270833333333,temperature
2025-03-17T00:00:00Z,SUGG,0.75,20.139375,temperature
2025-03-17T00:00:00Z,SUGG,1,20.132291666666667,temperature
2025-03-18T00:00:00Z,SUGG,0,19.855416666666667,temperature
2025-03-18T00:00:00Z,SUGG,0.25,19.775416666666665,temperature
2025-03-18T00:00:00Z,SUGG,0.5,19.643125,temperature
2025-03-18T00:00:00Z,SUGG,0.75,19.402916666666663,temperature
2025-03-18T00:00:00Z,SUGG,1,19.255833333333335,temperature
2025-03-19T00:00:00Z,SUGG,0,20.731875,temperature
2025-03-19T00:00:00Z,SUGG,0.25,20.593541666666667,temperature
2025-03-19T00:00:00Z,SUGG,0.5,20.252708333333334,temperature
2025-03-19T00:00:00Z,SUGG,0.75,19.728541666666665,temperature
2025-03-19T00:00:00Z,SUGG,1,19.184583333333332,temperature
2025-03-20T00:00:00Z,SUGG,0,20.662916666666668,temperature
2025-03-20T00:00:00Z,SUGG,0.25,20.616458333333338,temperature
2025-03-20T00:00:00Z,SUGG,0.5,20.404375,temperature
2025-03-20T00:00:00Z,SUGG,0.75,19.939583333333335,temperature
2025-03-20T00:00:00Z,SUGG,1,19.476458333333333,temperature
2025-03-21T00:00:00Z,SUGG,0,19.402708333333333,temperature
2025-03-21T00:00:00Z,SUGG,0.25,19.329375,temperature
2025-03-21T00:00:00Z,SUGG,0.5,19.185,temperature
2025-03-21T00:00:00Z,SUGG,0.75,19.0975,temperature
2025-03-21T00:00:00Z,SUGG,1,19.02541666666667,temperature
2025-03-22T00:00:00Z,SUGG,0,19.534375,temperature
2025-03-22T00:00:00Z,SUGG,0.25,19.429791666666667,temperature
2025-03-22T00:00:00Z,SUGG,0.5,19.30375,temperature
2025-03-22T00:00:00Z,SUGG,0.75,19.132291666666667,temperature
2025-03-22T00:00:00Z,SUGG,1,18.911666666666665,temperature
2025-03-23T00:00:00Z,SUGG,0,19.949375,temperature
2025-03-23T00:00:00Z,SUGG,0.25,19.86145833333333,temperature
2025-03-23T00:00:00Z,SUGG,0.5,19.672916666666666,temperature
2025-03-23T00:00:00Z,SUGG,0.75,19.466875,temperature
2025-03-23T00:00:00Z,SUGG,1,19.1075,temperature
2025-03-24T00:00:00Z,SUGG,0,20.368125,temperature
2025-03-24T00:00:00Z,SUGG,0.25,20.353958333333335,temperature
2025-03-24T00:00:00Z,SUGG,0.5,20.266666666666666,temperature
2025-03-24T00:00:00Z,SUGG,0.75,20.105625,temperature
2025-03-24T00:00:00Z,SUGG,1,19.782083333333333,temperature
2025-03-25T00:00:00Z,SUGG,0,22.265208333333337,temperature
2025-03-25T00:00:00Z,SUGG,0.25,21.233125,temperature
2025-03-25T00:00:00Z,SUGG,0.5,20.496041666666667,temperature
2025-03-25T00:00:00Z,SUGG,0.75,20.273125,temperature
2025-03-25T00:00:00Z,SUGG,1,20.023333333333333,temperature
2025-03-26T00:00:00Z,SUGG,0,22.937291666666667,temperature
2025-03-26T00:00:00Z,SUGG,0.25,22.704375,temperature
2025-03-26T00:00:00Z,SUGG,0.5,21.6625,temperature
2025-03-26T00:00:00Z,SUGG,0.75,21.111875,temperature
2025-03-26T00:00:00Z,SUGG,1,20.43875,temperature
2025-03-27T00:00:00Z,SUGG,0,22.13125,temperature
2025-03-27T00:00:00Z,SUGG,0.25,22.113541666666663,temperature
2025-03-27T00:00:00Z,SUGG,0.5,22.05375,temperature
2025-03-27T00:00:00Z,SUGG,0.75,21.934166666666663,temperature
2025-03-27T00:00:00Z,SUGG,1,21.253125,temperature
2025-03-28T00:00:00Z,SUGG,0,21.820208333333333,temperature
2025-03-28T00:00:00Z,SUGG,0.25,21.811458333333334,temperature
2025-03-28T00:00:00Z,SUGG,0.5,21.767708333333335,temperature
2025-03-28T00:00:00Z,SUGG,0.75,21.673541666666665,temperature
2025-03-28T00:00:00Z,SUGG,1,21.553125,temperature
2025-03-29T00:00:00Z,SUGG,0,21.977083333333333,temperature
2025-03-29T00:00:00Z,SUGG,0.25,21.968333333333337,temperature
2025-03-29T00:00:00Z,SUGG,0.5,21.941666666666663,temperature
2025-03-29T00:00:00Z,SUGG,0.75,21.892708333333335,temperature
2025-03-29T00:00:00Z,SUGG,1,21.78333333333333,temperature
2025-03-30T00:00:00Z,SUGG,0,21.979583333333338,temperature
2025-03-30T00:00:00Z,SUGG,0.25,21.9625,temperature
2025-03-30T00:00:00Z,SUGG,0.5,21.945833333333333,temperature
2025-03-30T00:00:00Z,SUGG,0.75,21.913541666666667,temperature
2025-03-30T00:00:00Z,SUGG,1,21.856666666666666,temperature
2025-03-31T00:00:00Z,SUGG,0,22.29625,temperature
2025-03-31T00:00:00Z,SUGG,0.25,22.277291666666667,temperature
2025-03-31T00:00:00Z,SUGG,0.5,22.2425,temperature
2025-03-31T00:00:00Z,SUGG,0.75,22.178125,temperature
2025-03-31T00:00:00Z,SUGG,1,22.072291666666665,temperature
2025-04-01T00:00:00Z,SUGG,0,24.222916666666663,temperature
2025-04-01T00:00:00Z,SUGG,0.25,24.184166666666663,temperature
2025-04-01T00:00:00Z,SUGG,0.5,24.095625,temperature
2025-04-01T00:00:00Z,SUGG,0.75,23.824583333333333,temperature
2025-04-01T00:00:00Z,SUGG,1,23.075,temperature
2025-04-02T00:00:00Z,SUGG,0,25.81063829787234,temperature
2025-04-02T00:00:00Z,SUGG,0.25,25.751489361702127,temperature
2025-04-02T00:00:00Z,SUGG,0.5,25.474255319148934,temperature
2025-04-02T00:00:00Z,SUGG,0.75,24.91872340425532,temperature
2025-04-02T00:00:00Z,SUGG,1,23.08914893617021,temperature
2025-04-03T00:00:00Z,SUGG,0,26.475416666666668,temperature
2025-04-03T00:00:00Z,SUGG,0.25,26.433333333333337,temperature
2025-04-03T00:00:00Z,SUGG,0.5,26.294375,temperature
2025-04-03T00:00:00Z,SUGG,0.75,25.685208333333332,temperature
2025-04-03T00:00:00Z,SUGG,1,24.286595744680852,temperature
2025-04-04T00:00:00Z,SUGG,0,27.037708333333335,temperature
2025-04-04T00:00:00Z,SUGG,0.25,26.973333333333333,temperature
2025-04-04T00:00:00Z,SUGG,0.5,26.78595744680851,temperature
2025-04-04T00:00:00Z,SUGG,0.75,26.269791666666663,temperature
2025-04-04T00:00:00Z,SUGG,1,24.987708333333337,temperature
2025-04-05T00:00:00Z,SUGG,0,27.149791666666665,temperature
2025-04-05T00:00:00Z,SUGG,0.25,27.143333333333334,temperature
2025-04-05T00:00:00Z,SUGG,0.5,27.0975,temperature
2025-04-05T00:00:00Z,SUGG,0.75,26.954791666666665,temperature
2025-04-05T00:00:00Z,SUGG,1,26.014166666666668,temperature
2025-04-06T00:00:00Z,SUGG,0,27.593541666666667,temperature
2025-04-06T00:00:00Z,SUGG,0.25,27.58770833333333,temperature
2025-04-06T00:00:00Z,SUGG,0.5,27.554375,temperature
2025-04-06T00:00:00Z,SUGG,0.75,27.506666666666668,temperature
2025-04-06T00:00:00Z,SUGG,1,26.566458333333333,temperature
2025-04-07T00:00:00Z,SUGG,0,27.232083333333332,temperature
2025-04-07T00:00:00Z,SUGG,0.25,27.237916666666667,temperature
2025-04-07T00:00:00Z,SUGG,0.5,27.227083333333333,temperature
2025-04-07T00:00:00Z,SUGG,0.75,27.20875,temperature
2025-04-07T00:00:00Z,SUGG,1,26.923333333333332,temperature
2025-04-08T00:00:00Z,SUGG,0,25.966041666666666,temperature
2025-04-08T00:00:00Z,SUGG,0.25,25.954166666666666,temperature
2025-04-08T00:00:00Z,SUGG,0.5,25.899375,temperature
2025-04-08T00:00:00Z,SUGG,0.75,25.793125,temperature
2025-04-08T00:00:00Z,SUGG,1,25.60375,temperature
2025-04-09T00:00:00Z,SUGG,0,25.140625,temperature
2025-04-09T00:00:00Z,SUGG,0.25,25.137916666666666,temperature
2025-04-09T00:00:00Z,SUGG,0.5,25.104791666666667,temperature
2025-04-09T00:00:00Z,SUGG,0.75,25.055416666666662,temperature
2025-04-09T00:00:00Z,SUGG,1,24.898958333333333,temperature
2025-04-10T00:00:00Z,SUGG,0,25.0475,temperature
2025-04-10T00:00:00Z,SUGG,0.25,24.554583333333333,temperature
2025-04-10T00:00:00Z,SUGG,0.5,24.342083333333335,temperature
2025-04-10T00:00:00Z,SUGG,0.75,24.166666666666668,temperature
2025-04-10T00:00:00Z,SUGG,1,24.050416666666667,temperature
2025-04-11T00:00:00Z,SUGG,0,24.546458333333337,temperature
2025-04-11T00:00:00Z,SUGG,0.25,24.410416666666663,temperature
2025-04-11T00:00:00Z,SUGG,0.5,24.231041666666663,temperature
2025-04-11T00:00:00Z,SUGG,0.75,24.136458333333337,temperature
2025-04-11T00:00:00Z,SUGG,1,24.072708333333335,temperature
2025-04-12T00:00:00Z,SUGG,0,24.092708333333334,temperature
2025-04-12T00:00:00Z,SUGG,0.25,24.098125,temperature
2025-04-12T00:00:00Z,SUGG,0.5,24.078958333333333,temperature
2025-04-12T00:00:00Z,SUGG,0.75,24.001458333333332,temperature
2025-04-12T00:00:00Z,SUGG,1,23.901666666666667,temperature
2025-04-13T00:00:00Z,SUGG,0,23.978958333333335,temperature
2025-04-13T00:00:00Z,SUGG,0.25,23.92791666666667,temperature
2025-04-13T00:00:00Z,SUGG,0.5,23.752708333333334,temperature
2025-04-13T00:00:00Z,SUGG,0.75,23.528333333333332,temperature
2025-04-13T00:00:00Z,SUGG,1,23.249166666666667,temperature
2025-04-14T00:00:00Z,SUGG,0,24.573333333333338,temperature
2025-04-14T00:00:00Z,SUGG,0.25,24.473125,temperature
2025-04-14T00:00:00Z,SUGG,0.5,24.32208333333333,temperature
2025-04-14T00:00:00Z,SUGG,0.75,23.944166666666668,temperature
2025-04-14T00:00:00Z,SUGG,1,23.310625,temperature
2025-04-15T00:00:00Z,SUGG,0,24.597708333333333,temperature
2025-04-15T00:00:00Z,SUGG,0.25,24.596666666666668,temperature
2025-04-15T00:00:00Z,SUGG,0.5,24.549791666666668,temperature
2025-04-15T00:00:00Z,SUGG,0.75,24.296875,temperature
2025-04-15T00:00:00Z,SUGG,1,23.817708333333332,temperature
2025-04-16T00:00:00Z,SUGG,0,24.52936170212766,temperature
2025-04-16T00:00:00Z,SUGG,0.25,24.499361702127658,temperature
2025-04-16T00:00:00Z,SUGG,0.5,24.414680851063828,temperature
2025-04-16T00:00:00Z,SUGG,0.75,24.314468085106384,temperature
2025-04-16T00:00:00Z,SUGG,1,24.115957446808512,temperature
2025-04-17T00:00:00Z,SUGG,0,24.877291666666668,temperature
2025-04-17T00:00:00Z,SUGG,0.25,24.528541666666666,temperature
2025-04-17T00:00:00Z,SUGG,0.5,24.2275,temperature
2025-04-17T00:00:00Z,SUGG,0.75,23.940625,temperature
2025-04-17T00:00:00Z,SUGG,1,23.72875,temperature
2025-04-18T00:00:00Z,SUGG,0,24.851041666666667,temperature
2025-04-18T00:00:00Z,SUGG,0.25,24.81625,temperature
2025-04-18T00:00:00Z,SUGG,0.5,24.700625,temperature
2025-04-18T00:00:00Z,SUGG,0.75,24.460625,temperature
2025-04-18T00:00:00Z,SUGG,1,23.879166666666663,temperature
2025-04-19T00:00:00Z,SUGG,0,25.368541666666665,temperature
2025-04-19T00:00:00Z,SUGG,0.25,25.337083333333332,temperature
2025-04-19T00:00:00Z,SUGG,0.5,25.262291666666663,temperature
2025-04-19T00:00:00Z,SUGG,0.75,25.137916666666666,temperature
2025-04-19T00:00:00Z,SUGG,1,24.649166666666662,temperature
2025-04-20T00:00:00Z,SUGG,0,26.056875,temperature
2025-04-20T00:00:00Z,SUGG,0.25,25.908958333333334,temperature
2025-04-20T00:00:00Z,SUGG,0.5,25.647083333333335,temperature
2025-04-20T00:00:00Z,SUGG,0.75,25.344583333333333,temperature
2025-04-20T00:00:00Z,SUGG,1,24.985,temperature
2025-04-21T00:00:00Z,SUGG,0,26.562708333333333,temperature
2025-04-21T00:00:00Z,SUGG,0.25,26.470833333333335,temperature
2025-04-21T00:00:00Z,SUGG,0.5,26.069375,temperature
2025-04-21T00:00:00Z,SUGG,0.75,25.658541666666668,temperature
2025-04-21T00:00:00Z,SUGG,1,25.177291666666665,temperature
2025-04-22T00:00:00Z,SUGG,0,27.470208333333332,temperature
2025-04-22T00:00:00Z,SUGG,0.25,26.975416666666668,temperature
2025-04-22T00:00:00Z,SUGG,0.5,26.34958333333333,temperature
2025-04-22T00:00:00Z,SUGG,0.75,25.89666666666667,temperature
2025-04-22T00:00:00Z,SUGG,1,25.309583333333332,temperature
2025-04-23T00:00:00Z,SUGG,0,27.084583333333335,temperature
2025-04-23T00:00:00Z,SUGG,0.25,26.551458333333333,temperature
2025-04-23T00:00:00Z,SUGG,0.5,26.274791666666665,temperature
2025-04-23T00:00:00Z,SUGG,0.75,26.02,temperature
2025-04-23T00:00:00Z,SUGG,1,25.467446808510637,temperature
2025-04-24T00:00:00Z,SUGG,0,26.691875,temperature
2025-04-24T00:00:00Z,SUGG,0.25,26.648541666666667,temperature
2025-04-24T00:00:00Z,SUGG,0.5,26.469791666666666,temperature
2025-04-24T00:00:00Z,SUGG,0.75,26.23,temperature
2025-04-24T00:00:00Z,SUGG,1,25.448333333333338,temperature
2025-04-25T00:00:00Z,SUGG,0,26.700833333333332,temperature
2025-04-25T00:00:00Z,SUGG,0.25,26.6425,temperature
2025-04-25T00:00:00Z,SUGG,0.5,26.449148936170214,temperature
2025-04-25T00:00:00Z,SUGG,0.75,26.125833333333333,temperature
2025-04-25T00:00:00Z,SUGG,1,25.800208333333337,temperature
2025-04-26T00:00:00Z,SUGG,0,28.153958333333335,temperature
2025-04-26T00:00:00Z,SUGG,0.25,27.7875,temperature
2025-04-26T00:00:00Z,SUGG,0.5,26.868541666666665,temperature
2025-04-26T00:00:00Z,SUGG,0.75,26.470208333333332,temperature
2025-04-26T00:00:00Z,SUGG,1,26.130416666666665,temperature
2025-04-27T00:00:00Z,SUGG,0,29.794583333333332,temperature
2025-04-27T00:00:00Z,SUGG,0.25,28.961489361702128,temperature
2025-04-27T00:00:00Z,SUGG,0.5,27.551041666666663,temperature
2025-04-27T00:00:00Z,SUGG,0.75,26.749166666666667,temperature
2025-04-27T00:00:00Z,SUGG,1,25.93541666666667,temperature
2025-04-28T00:00:00Z,SUGG,0,28.604583333333338,temperature
2025-04-28T00:00:00Z,SUGG,0.25,28.45125,temperature
2025-04-28T00:00:00Z,SUGG,0.5,28.17,temperature
2025-04-28T00:00:00Z,SUGG,0.75,27.180625,temperature
2025-04-28T00:00:00Z,SUGG,1,26.024583333333332,temperature
2025-04-29T00:00:00Z,SUGG,0,27.50375,temperature
2025-04-29T00:00:00Z,SUGG,0.25,27.469791666666666,temperature
2025-04-29T00:00:00Z,SUGG,0.5,27.369583333333335,temperature
2025-04-29T00:00:00Z,SUGG,0.75,27.151041666666668,temperature
2025-04-29T00:00:00Z,SUGG,1,26.547708333333333,temperature
2025-04-30T00:00:00Z,SUGG,0,27.04531914893617,temperature
2025-04-30T00:00:00Z,SUGG,0.25,26.84659574468085,temperature
2025-04-30T00:00:00Z,SUGG,0.5,26.600425531914897,temperature
2025-04-30T00:00:00Z,SUGG,0.75,26.32369565217391,temperature
2025-04-30T00:00:00Z,SUGG,1,26.120212765957447,temperature
2025-05-01T00:00:00Z,SUGG,0,27.16125,temperature
2025-05-01T00:00:00Z,SUGG,0.25,27.097708333333333,temperature
2025-05-01T00:00:00Z,SUGG,0.5,26.872708333333332,temperature
2025-05-01T00:00:00Z,SUGG,0.75,26.409375,temperature
2025-05-01T00:00:00Z,SUGG,1,25.99875,temperature
2025-05-02T00:00:00Z,SUGG,0,27.810208333333332,temperature
2025-05-02T00:00:00Z,SUGG,0.25,27.460212765957447,temperature
2025-05-02T00:00:00Z,SUGG,0.5,27.034375,temperature
2025-05-02T00:00:00Z,SUGG,0.75,26.54,temperature
2025-05-02T00:00:00Z,SUGG,1,26.094375,temperature
2025-05-03T00:00:00Z,SUGG,0,27.076666666666668,temperature
2025-05-03T00:00:00Z,SUGG,0.25,27.067916666666665,temperature
2025-05-03T00:00:00Z,SUGG,0.5,27.02145833333333,temperature
2025-05-03T00:00:00Z,SUGG,0.75,26.811041666666668,temperature
2025-05-03T00:00:00Z,SUGG,1,26.628541666666667,temperature
2025-05-04T00:00:00Z,SUGG,0,27.052291666666665,temperature
2025-05-04T00:00:00Z,SUGG,0.25,27.053125,temperature
2025-05-04T00:00:00Z,SUGG,0.5,27.034791666666667,temperature
2025-05-04T00:00:00Z,SUGG,0.75,27.012916666666666,temperature
2025-05-04T00:00:00Z,SUGG,1,26.971458333333334,temperature
2025-05-05T00:00:00Z,SUGG,0,27.374375,temperature
2025-05-05T00:00:00Z,SUGG,0.25,27.364791666666665,temperature
2025-05-05T00:00:00Z,SUGG,0.5,27.332291666666663,temperature
2025-05-05T00:00:00Z,SUGG,0.75,27.291666666666668,temperature
2025-05-05T00:00:00Z,SUGG,1,27.217708333333334,temperature
2025-05-06T00:00:00Z,SUGG,0,28.726666666666667,temperature
2025-05-06T00:00:00Z,SUGG,0.25,27.94729166666667,temperature
2025-05-06T00:00:00Z,SUGG,0.5,27.063125,temperature
2025-05-06T00:00:00Z,SUGG,0.75,26.849166666666665,temperature
2025-05-06T00:00:00Z,SUGG,1,26.642916666666668,temperature
2025-05-07T00:00:00Z,SUGG,0,28.949583333333333,temperature
2025-05-07T00:00:00Z,SUGG,0.25,28.734166666666667,temperature
2025-05-07T00:00:00Z,SUGG,0.5,27.949791666666663,temperature
2025-05-07T00:00:00Z,SUGG,0.75,27.1425,temperature
2025-05-07T00:00:00Z,SUGG,1,26.588125,temperature
2025-05-08T00:00:00Z,SUGG,0,28.289791666666662,temperature
2025-05-08T00:00:00Z,SUGG,0.25,28.250833333333333,temperature
2025-05-08T00:00:00Z,SUGG,0.5,28.104375,temperature
2025-05-08T00:00:00Z,SUGG,0.75,27.917708333333337,temperature
2025-05-08T00:00:00Z,SUGG,1,27.286458333333332,temperature
2025-05-09T00:00:00Z,SUGG,0,28.976458333333333,temperature
2025-05-09T00:00:00Z,SUGG,0.25,28.885833333333338,temperature
2025-05-09T00:00:00Z,SUGG,0.5,28.631458333333335,temperature
2025-05-09T00:00:00Z,SUGG,0.75,27.802291666666665,temperature
2025-05-09T00:00:00Z,SUGG,1,27.119791666666668,temperature
2025-05-10T00:00:00Z,SUGG,0,28.281041666666667,temperature
2025-05-10T00:00:00Z,SUGG,0.25,28.275833333333335,temperature
2025-05-10T00:00:00Z,SUGG,0.5,28.125208333333333,temperature
2025-05-10T00:00:00Z,SUGG,0.75,27.74041666666667,temperature
2025-05-10T00:00:00Z,SUGG,1,27.37125,temperature
2025-05-11T00:00:00Z,SUGG,0,26.890625,temperature
2025-05-11T00:00:00Z,SUGG,0.25,26.88625,temperature
2025-05-11T00:00:00Z,SUGG,0.5,26.856041666666663,temperature
2025-05-11T00:00:00Z,SUGG,0.75,26.830416666666668,temperature
2025-05-11T00:00:00Z,SUGG,1,26.80291666666667,temperature
2025-05-12T00:00:00Z,SUGG,0,26.354583333333338,temperature
2025-05-12T00:00:00Z,SUGG,0.25,26.35375,temperature
2025-05-12T00:00:00Z,SUGG,0.5,26.3325,temperature
2025-05-12T00:00:00Z,SUGG,0.75,26.307916666666667,temperature
2025-05-12T00:00:00Z,SUGG,1,26.286666666666665,temperature
2025-05-13T00:00:00Z,SUGG,0,26.864255319148935,temperature
2025-05-13T00:00:00Z,SUGG,0.25,26.845106382978724,temperature
2025-05-13T00:00:00Z,SUGG,0.5,26.787659574468083,temperature
2025-05-13T00:00:00Z,SUGG,0.75,26.714893617021275,temperature
2025-05-13T00:00:00Z,SUGG,1,26.649574468085103,temperature
2025-05-14T00:00:00Z,SUGG,0,27.65041666666667,temperature
2025-05-14T00:00:00Z,SUGG,0.25,27.586666666666662,temperature
2025-05-14T00:00:00Z,SUGG,0.5,27.416458333333335,temperature
2025-05-14T00:00:00Z,SUGG,0.75,27.00212765957447,temperature
2025-05-14T00:00:00Z,SUGG,1,26.621875,temperature
2025-05-15T00:00:00Z,SUGG,0,28.747708333333332,temperature
2025-05-15T00:00:00Z,SUGG,0.25,28.67125,temperature
2025-05-15T00:00:00Z,SUGG,0.5,28.480833333333333,temperature
2025-05-15T00:00:00Z,SUGG,0.75,28.129791666666662,temperature
2025-05-15T00:00:00Z,SUGG,1,26.73872340425532,temperature
2025-05-16T00:00:00Z,SUGG,0,28.922916666666666,temperature
2025-05-16T00:00:00Z,SUGG,0.25,28.863333333333333,temperature
2025-05-16T00:00:00Z,SUGG,0.5,28.770416666666662,temperature
2025-05-16T00:00:00Z,SUGG,0.75,28.679375,temperature
2025-05-16T00:00:00Z,SUGG,1,27.808333333333337,temperature
2025-05-17T00:00:00Z,SUGG,0,29.589375,temperature
2025-05-17T00:00:00Z,SUGG,0.25,29.571041666666662,temperature
2025-05-17T00:00:00Z,SUGG,0.5,29.479375,temperature
2025-05-17T00:00:00Z,SUGG,0.75,29.28125,temperature
2025-05-17T00:00:00Z,SUGG,1,28.446458333333332,temperature
2025-05-18T00:00:00Z,SUGG,0,30.457708333333333,temperature
2025-05-18T00:00:00Z,SUGG,0.25,30.254166666666663,temperature
2025-05-18T00:00:00Z,SUGG,0.5,29.919791666666665,temperature
2025-05-18T00:00:00Z,SUGG,0.75,29.440833333333337,temperature
2025-05-18T00:00:00Z,SUGG,1,28.521458333333335,temperature
2025-05-19T00:00:00Z,SUGG,0,31.226458333333333,temperature
2025-05-19T00:00:00Z,SUGG,0.25,30.970416666666665,temperature
2025-05-19T00:00:00Z,SUGG,0.5,30.375744680851064,temperature
2025-05-19T00:00:00Z,SUGG,0.75,29.590833333333332,temperature
2025-05-19T00:00:00Z,SUGG,1,28.27625,temperature
2025-05-20T00:00:00Z,SUGG,0,31.456875,temperature
2025-05-20T00:00:00Z,SUGG,0.25,31.341041666666666,temperature
2025-05-20T00:00:00Z,SUGG,0.5,30.923333333333332,temperature
2025-05-20T00:00:00Z,SUGG,0.75,30.126875,temperature
2025-05-20T00:00:00Z,SUGG,1,28.709583333333335,temperature
2025-05-21T00:00:00Z,SUGG,0,30.627916666666668,temperature
2025-05-21T00:00:00Z,SUGG,0.25,30.627916666666668,temperature
2025-05-21T00:00:00Z,SUGG,0.5,30.601458333333333,temperature
2025-05-21T00:00:00Z,SUGG,0.75,30.544166666666666,temperature
2025-05-21T00:00:00Z,SUGG,1,29.908541666666668,temperature
2025-05-22T00:00:00Z,SUGG,0,30.184166666666663,temperature
2025-05-22T00:00:00Z,SUGG,0.25,30.169583333333332,temperature
2025-05-22T00:00:00Z,SUGG,0.5,30.030625,temperature
2025-05-22T00:00:00Z,SUGG,0.75,29.84583333333333,temperature
2025-05-22T00:00:00Z,SUGG,1,29.483958333333337,temperature
2025-05-23T00:00:00Z,SUGG,0,30.641041666666663,temperature
2025-05-23T00:00:00Z,SUGG,0.25,29.913125,temperature
2025-05-23T00:00:00Z,SUGG,0.5,29.14276595744681,temperature
2025-05-23T00:00:00Z,SUGG,0.75,28.627291666666668,temperature
2025-05-23T00:00:00Z,SUGG,1,28.381458333333335,temperature
2025-05-24T00:00:00Z,SUGG,0,30.953125,temperature
2025-05-24T00:00:00Z,SUGG,0.25,29.909574468085108,temperature
2025-05-24T00:00:00Z,SUGG,0.5,29.183958333333333,temperature
2025-05-24T00:00:00Z,SUGG,0.75,28.43,temperature
2025-05-24T00:00:00Z,SUGG,1,28.078541666666663,temperature
2025-05-25T00:00:00Z,SUGG,0,30.469583333333333,temperature
2025-05-25T00:00:00Z,SUGG,0.25,30.411458333333332,temperature
2025-05-25T00:00:00Z,SUGG,0.5,30.172708333333333,temperature
2025-05-25T00:00:00Z,SUGG,0.75,29.29125,temperature
2025-05-25T00:00:00Z,SUGG,1,28.259787234042552,temperature
2025-05-26T00:00:00Z,SUGG,0,31.68375,temperature
2025-05-26T00:00:00Z,SUGG,0.25,31.264166666666668,temperature
2025-05-26T00:00:00Z,SUGG,0.5,30.133913043478262,temperature
2025-05-26T00:00:00Z,SUGG,0.75,29.363958333333333,temperature
2025-05-26T00:00:00Z,SUGG,1,28.680833333333332,temperature
2025-05-27T00:00:00Z,SUGG,0,31.565,temperature
2025-05-27T00:00:00Z,SUGG,0.25,31.31875,temperature
2025-05-27T00:00:00Z,SUGG,0.5,30.699583333333333,temperature
2025-05-27T00:00:00Z,SUGG,0.75,29.630851063829788,temperature
2025-05-27T00:00:00Z,SUGG,1,28.638125,temperature
2025-05-28T00:00:00Z,SUGG,0,31.255,temperature
2025-05-28T00:00:00Z,SUGG,0.25,31.205625,temperature
2025-05-28T00:00:00Z,SUGG,0.5,31.027291666666667,temperature
2025-05-28T00:00:00Z,SUGG,0.75,30.135625,temperature
2025-05-28T00:00:00Z,SUGG,1,28.78808510638298,temperature
2025-05-29T00:00:00Z,SUGG,0,30.93145833333333,temperature
2025-05-29T00:00:00Z,SUGG,0.25,30.792708333333337,temperature
2025-05-29T00:00:00Z,SUGG,0.5,30.52166666666667,temperature
2025-05-29T00:00:00Z,SUGG,0.75,30.031875,temperature
2025-05-29T00:00:00Z,SUGG,1,29.120625,temperature
2025-05-30T00:00:00Z,SUGG,0,29.747291666666666,temperature
2025-05-30T00:00:00Z,SUGG,0.25,29.731666666666666,temperature
2025-05-30T00:00:00Z,SUGG,0.5,29.695416666666667,temperature
2025-05-30T00:00:00Z,SUGG,0.75,29.646875,temperature
2025-05-30T00:00:00Z,SUGG,1,29.571041666666662,temperature
2025-05-31T00:00:00Z,SUGG,0,29.978125,temperature
2025-05-31T00:00:00Z,SUGG,0.25,29.870416666666667,temperature
2025-05-31T00:00:00Z,SUGG,0.5,29.679791666666667,temperature
2025-05-31T00:00:00Z,SUGG,0.75,29.517083333333332,temperature
2025-05-31T00:00:00Z,SUGG,1,29.209791666666668,temperature
2025-06-01T00:00:00Z,SUGG,0,30.157291666666666,temperature
2025-06-01T00:00:00Z,SUGG,0.25,29.883333333333333,temperature
2025-06-01T00:00:00Z,SUGG,0.5,29.5725,temperature
2025-06-01T00:00:00Z,SUGG,0.75,28.953958333333333,temperature
2025-06-01T00:00:00Z,SUGG,1,28.588333333333335,temperature
2025-06-02T00:00:00Z,SUGG,0,30.075833333333332,temperature
2025-06-02T00:00:00Z,SUGG,0.25,29.672916666666666,temperature
2025-06-02T00:00:00Z,SUGG,0.5,29.169148936170213,temperature
2025-06-02T00:00:00Z,SUGG,0.75,28.623333333333335,temperature
2025-06-02T00:00:00Z,SUGG,1,28.179583333333333,temperature
2025-06-03T00:00:00Z,SUGG,0,28.827291666666667,temperature
2025-06-03T00:00:00Z,SUGG,0.25,28.829166666666666,temperature
2025-06-03T00:00:00Z,SUGG,0.5,28.792708333333337,temperature
2025-06-03T00:00:00Z,SUGG,0.75,28.6075,temperature
2025-06-03T00:00:00Z,SUGG,1,28.426666666666662,temperature
2025-06-04T00:00:00Z,SUGG,0,28.211458333333333,temperature
2025-06-04T00:00:00Z,SUGG,0.25,28.190416666666668,temperature
2025-06-04T00:00:00Z,SUGG,0.5,28.13125,temperature
2025-06-04T00:00:00Z,SUGG,0.75,28.065625,temperature
2025-06-04T00:00:00Z,SUGG,1,28.00604166666667,temperature
2025-06-05T00:00:00Z,SUGG,0,28.537708333333335,temperature
2025-06-05T00:00:00Z,SUGG,0.25,28.531458333333333,temperature
2025-06-05T00:00:00Z,SUGG,0.5,28.51,temperature
2025-06-05T00:00:00Z,SUGG,0.75,28.463333333333335,temperature
2025-06-05T00:00:00Z,SUGG,1,28.327916666666667,temperature
2025-06-06T00:00:00Z,SUGG,0,29.660833333333333,temperature
2025-06-06T00:00:00Z,SUGG,0.25,29.62625,temperature
2025-06-06T00:00:00Z,SUGG,0.5,29.55291666666667,temperature
2025-06-06T00:00:00Z,SUGG,0.75,29.439166666666665,temperature
2025-06-06T00:00:00Z,SUGG,1,29.017083333333332,temperature
2025-06-07T00:00:00Z,SUGG,0,30.52875,temperature
2025-06-07T00:00:00Z,SUGG,0.25,30.5075,temperature
2025-06-07T00:00:00Z,SUGG,0.5,30.444375,temperature
2025-06-07T00:00:00Z,SUGG,0.75,30.294166666666666,temperature
2025-06-07T00:00:00Z,SUGG,1,29.252083333333335,temperature
2025-06-08T00:00:00Z,SUGG,0,30.54875,temperature
2025-06-08T00:00:00Z,SUGG,0.25,30.542916666666667,temperature
2025-06-08T00:00:00Z,SUGG,0.5,30.510208333333335,temperature
2025-06-08T00:00:00Z,SUGG,0.75,30.424583333333334,temperature
2025-06-08T00:00:00Z,SUGG,1,29.929583333333333,temperature
2025-06-09T00:00:00Z,SUGG,0,30.418125,temperature
2025-06-09T00:00:00Z,SUGG,0.25,30.417708333333337,temperature
2025-06-09T00:00:00Z,SUGG,0.5,30.404375,temperature
2025-06-09T00:00:00Z,SUGG,0.75,30.384166666666665,temperature
2025-06-09T00:00:00Z,SUGG,1,30.347291666666667,temperature
2025-06-10T00:00:00Z,SUGG,0,30.818536585365855,temperature
2025-06-10T00:00:00Z,SUGG,0.25,31.833,temperature
2025-06-10T00:00:00Z,SUGG,0.5,31.817,temperature
2025-06-10T00:00:00Z,SUGG,0.75,31.751,temperature
2025-06-10T00:00:00Z,SUGG,1,30.83,temperature
2025-06-11T00:00:00Z,SUGG,0,31.181458333333335,temperature
2025-06-11T00:00:00Z,SUGG,0.25,30.932291666666668,temperature
2025-06-11T00:00:00Z,SUGG,0.5,30.573333333333338,temperature
2025-06-11T00:00:00Z,SUGG,0.75,30.351875,temperature
2025-06-11T00:00:00Z,SUGG,1,30.13375,temperature
2025-06-12T00:00:00Z,SUGG,0,31.295,temperature
2025-06-12T00:00:00Z,SUGG,0.25,31.24875,temperature
2025-06-12T00:00:00Z,SUGG,0.5,31.094375,temperature
2025-06-12T00:00:00Z,SUGG,0.75,30.65020833333333,temperature
2025-06-12T00:00:00Z,SUGG,1,30.120416666666667,temperature
2025-06-13T00:00:00Z,SUGG,0,31.546041666666667,temperature
2025-06-13T00:00:00Z,SUGG,0.25,31.489166666666662,temperature
2025-06-13T00:00:00Z,SUGG,0.5,31.348541666666662,temperature
2025-06-13T00:00:00Z,SUGG,0.75,31.175625,temperature
2025-06-13T00:00:00Z,SUGG,1,30.53729166666667,temperature
2025-06-14T00:00:00Z,SUGG,0,31.578958333333333,temperature
2025-06-14T00:00:00Z,SUGG,0.25,31.389166666666668,temperature
2025-06-14T00:00:00Z,SUGG,0.5,31.2275,temperature
2025-06-14T00:00:00Z,SUGG,0.75,31.08875,temperature
2025-06-14T00:00:00Z,SUGG,1,30.550833333333333,temperature
2025-06-15T00:00:00Z,SUGG,0,31.57645833333333,temperature
2025-06-15T00:00:00Z,SUGG,0.25,31.508541666666662,temperature
2025-06-15T00:00:00Z,SUGG,0.5,31.35333333333333,temperature
2025-06-15T00:00:00Z,SUGG,0.75,31.106875,temperature
2025-06-15T00:00:00Z,SUGG,1,30.445208333333333,temperature
2025-06-16T00:00:00Z,SUGG,0,31.593333333333337,temperature
2025-06-16T00:00:00Z,SUGG,0.25,31.557916666666667,temperature
2025-06-16T00:00:00Z,SUGG,0.5,31.374468085106383,temperature
2025-06-16T00:00:00Z,SUGG,0.75,31.16229166666667,temperature
2025-06-16T00:00:00Z,SUGG,1,30.7075,temperature
2025-06-17T00:00:00Z,SUGG,0,32.09291666666667,temperature
2025-06-17T00:00:00Z,SUGG,0.25,32.037083333333335,temperature
2025-06-17T00:00:00Z,SUGG,0.5,31.888333333333332,temperature
2025-06-17T00:00:00Z,SUGG,0.75,31.34,temperature
2025-06-17T00:00:00Z,SUGG,1,30.562916666666663,temperature
2025-06-18T00:00:00Z,SUGG,0,32.209583333333335,temperature
2025-06-18T00:00:00Z,SUGG,0.25,32.179375,temperature
2025-06-18T00:00:00Z,SUGG,0.5,32.087291666666665,temperature
2025-06-18T00:00:00Z,SUGG,0.75,31.611666666666668,temperature
2025-06-18T00:00:00Z,SUGG,1,30.780625,temperature
2025-06-19T00:00:00Z,SUGG,0,31.764583333333334,temperature
2025-06-19T00:00:00Z,SUGG,0.25,31.711041666666667,temperature
2025-06-19T00:00:00Z,SUGG,0.5,31.615625,temperature
2025-06-19T00:00:00Z,SUGG,0.75,31.423125,temperature
2025-06-19T00:00:00Z,SUGG,1,30.773125,temperature
2025-06-20T00:00:00Z,SUGG,0,31.662708333333335,temperature
2025-06-20T00:00:00Z,SUGG,0.25,31.595833333333335,temperature
2025-06-20T00:00:00Z,SUGG,0.5,31.402083333333337,temperature
2025-06-20T00:00:00Z,SUGG,0.75,31.141458333333333,temperature
2025-06-20T00:00:00Z,SUGG,1,30.614583333333332,temperature
2025-06-21T00:00:00Z,SUGG,0,31.678125,temperature
2025-06-21T00:00:00Z,SUGG,0.25,31.227291666666662,temperature
2025-06-21T00:00:00Z,SUGG,0.5,31.079166666666666,temperature
2025-06-21T00:00:00Z,SUGG,0.75,30.904375,temperature
2025-06-21T00:00:00Z,SUGG,1,30.808333333333337,temperature
2025-06-22T00:00:00Z,SUGG,0,31.026458333333338,temperature
2025-06-22T00:00:00Z,SUGG,0.25,30.860208333333333,temperature
2025-06-22T00:00:00Z,SUGG,0.5,30.626041666666666,temperature
2025-06-22T00:00:00Z,SUGG,0.75,30.465,temperature
2025-06-22T00:00:00Z,SUGG,1,30.348125,temperature
2025-06-23T00:00:00Z,SUGG,0,30.845833333333335,temperature
2025-06-23T00:00:00Z,SUGG,0.25,30.809791666666666,temperature
2025-06-23T00:00:00Z,SUGG,0.5,30.723541666666662,temperature
2025-06-23T00:00:00Z,SUGG,0.75,30.619583333333335,temperature
2025-06-23T00:00:00Z,SUGG,1,30.37595744680851,temperature
2025-06-24T00:00:00Z,SUGG,0,31.360851063829788,temperature
2025-06-24T00:00:00Z,SUGG,0.25,31.03282608695652,temperature
2025-06-24T00:00:00Z,SUGG,0.5,30.897291666666668,temperature
2025-06-24T00:00:00Z,SUGG,0.75,30.744255319148937,temperature
2025-06-24T00:00:00Z,SUGG,1,30.435208333333332,temperature
2025-06-25T00:00:00Z,SUGG,0,31.686458333333334,temperature
2025-06-25T00:00:00Z,SUGG,0.25,31.463958333333338,temperature
2025-06-25T00:00:00Z,SUGG,0.5,31.11895833333333,temperature
2025-06-25T00:00:00Z,SUGG,0.75,30.815625,temperature
2025-06-25T00:00:00Z,SUGG,1,30.479166666666668,temperature
2025-06-26T00:00:00Z,SUGG,0,31.430208333333333,temperature
2025-06-26T00:00:00Z,SUGG,0.25,31.172708333333333,temperature
2025-06-26T00:00:00Z,SUGG,0.5,31.035208333333333,temperature
2025-06-26T00:00:00Z,SUGG,0.75,30.872291666666666,temperature
2025-06-26T00:00:00Z,SUGG,1,30.640625,temperature
2025-06-27T00:00:00Z,SUGG,0,31.5775,temperature
2025-06-27T00:00:00Z,SUGG,0.25,31.463541666666668,temperature
2025-06-27T00:00:00Z,SUGG,0.5,31.153125,temperature
2025-06-27T00:00:00Z,SUGG,0.75,30.8425,temperature
2025-06-27T00:00:00Z,SUGG,1,30.555,temperature
2025-06-28T00:00:00Z,SUGG,0,30.66583333333333,temperature
2025-06-28T00:00:00Z,SUGG,0.25,30.523541666666667,temperature
2025-06-28T00:00:00Z,SUGG,0.5,30.418333333333333,temperature
2025-06-28T00:00:00Z,SUGG,0.75,30.2825,temperature
2025-06-28T00:00:00Z,SUGG,1,30.175833333333333,temperature
2025-06-29T00:00:00Z,SUGG,0,30.330625,temperature
2025-06-29T00:00:00Z,SUGG,0.25,30.285416666666663,temperature
2025-06-29T00:00:00Z,SUGG,0.5,30.1825,temperature
2025-06-29T00:00:00Z,SUGG,0.75,30.067708333333332,temperature
2025-06-29T00:00:00Z,SUGG,1,29.840416666666663,temperature
2025-06-30T00:00:00Z,SUGG,0,29.758958333333332,temperature
2025-06-30T00:00:00Z,SUGG,0.25,29.727083333333333,temperature
2025-06-30T00:00:00Z,SUGG,0.5,29.614791666666665,temperature
2025-06-30T00:00:00Z,SUGG,0.75,29.545208333333335,temperature
2025-06-30T00:00:00Z,SUGG,1,29.488958333333333,temperature
2025-07-01T00:00:00Z,SUGG,0,29.446666666666665,temperature
2025-07-01T00:00:00Z,SUGG,0.25,29.413541666666667,temperature
2025-07-01T00:00:00Z,SUGG,0.5,29.31625,temperature
2025-07-01T00:00:00Z,SUGG,0.75,29.235625,temperature
2025-07-01T00:00:00Z,SUGG,1,29.137291666666663,temperature
2025-07-02T00:00:00Z,SUGG,0,29.988333333333333,temperature
2025-07-02T00:00:00Z,SUGG,0.25,29.97833333333333,temperature
2025-07-02T00:00:00Z,SUGG,0.5,29.9475,temperature
2025-07-02T00:00:00Z,SUGG,0.75,29.917708333333337,temperature
2025-07-02T00:00:00Z,SUGG,1,29.823125,temperature
2025-07-03T00:00:00Z,SUGG,0,30.217291666666668,temperature
2025-07-03T00:00:00Z,SUGG,0.25,30.125833333333333,temperature
2025-07-03T00:00:00Z,SUGG,0.5,29.854791666666667,temperature
2025-07-03T00:00:00Z,SUGG,0.75,29.578125,temperature
2025-07-03T00:00:00Z,SUGG,1,29.413125,temperature
2025-07-04T00:00:00Z,SUGG,0,30.185833333333335,temperature
2025-07-04T00:00:00Z,SUGG,0.25,30.009166666666665,temperature
2025-07-04T00:00:00Z,SUGG,0.5,29.801875,temperature
2025-07-04T00:00:00Z,SUGG,0.75,29.546041666666667,temperature
2025-07-04T00:00:00Z,SUGG,1,29.298125,temperature
2025-07-05T00:00:00Z,SUGG,0,30.537916666666668,temperature
2025-07-05T00:00:00Z,SUGG,0.25,30.488333333333333,temperature
2025-07-05T00:00:00Z,SUGG,0.5,30.270833333333332,temperature
2025-07-05T00:00:00Z,SUGG,0.75,29.899791666666665,temperature
2025-07-05T00:00:00Z,SUGG,1,29.606458333333332,temperature
2025-07-06T00:00:00Z,SUGG,0,30.898541666666667,temperature
2025-07-06T00:00:00Z,SUGG,0.25,30.721666666666668,temperature
2025-07-06T00:00:00Z,SUGG,0.5,30.548333333333332,temperature
2025-07-06T00:00:00Z,SUGG,0.75,30.31375,temperature
2025-07-06T00:00:00Z,SUGG,1,30.027708333333333,temperature
2025-07-07T00:00:00Z,SUGG,0,30.770208333333333,temperature
2025-07-07T00:00:00Z,SUGG,0.25,30.717708333333334,temperature
2025-07-07T00:00:00Z,SUGG,0.5,30.586666666666662,temperature
2025-07-07T00:00:00Z,SUGG,0.75,30.43375,temperature
2025-07-07T00:00:00Z,SUGG,1,29.90808510638298,temperature
2025-07-08T00:00:00Z,SUGG,0,31.410208333333333,temperature
2025-07-08T00:00:00Z,SUGG,0.25,31.385,temperature
2025-07-08T00:00:00Z,SUGG,0.5,31.336041666666667,temperature
2025-07-08T00:00:00Z,SUGG,0.75,31.267708333333335,temperature
2025-07-08T00:00:00Z,SUGG,1,30.704583333333332,temperature
2025-07-09T00:00:00Z,SUGG,0,31.24395833333333,temperature
2025-07-09T00:00:00Z,SUGG,0.25,31.2125,temperature
2025-07-09T00:00:00Z,SUGG,0.5,31.128541666666667,temperature
2025-07-09T00:00:00Z,SUGG,0.75,31.033125,temperature
2025-07-09T00:00:00Z,SUGG,1,30.61541666666667,temperature
2025-07-10T00:00:00Z,SUGG,0,30.608510638297872,temperature
2025-07-10T00:00:00Z,SUGG,0.25,30.505106382978724,temperature
2025-07-10T00:00:00Z,SUGG,0.5,30.25872340425532,temperature
2025-07-10T00:00:00Z,SUGG,0.75,29.931702127659573,temperature
2025-07-10T00:00:00Z,SUGG,1,29.762340425531914,temperature
2025-07-11T00:00:00Z,SUGG,0,31.653541666666666,temperature
2025-07-11T00:00:00Z,SUGG,0.25,31.1968085106383,temperature
2025-07-11T00:00:00Z,SUGG,0.5,30.501666666666665,temperature
2025-07-11T00:00:00Z,SUGG,0.75,30.081041666666668,temperature
2025-07-11T00:00:00Z,SUGG,1,29.711458333333333,temperature
2025-07-12T00:00:00Z,SUGG,0,31.855208333333337,temperature
2025-07-12T00:00:00Z,SUGG,0.25,31.647083333333335,temperature
2025-07-12T00:00:00Z,SUGG,0.5,31.022083333333335,temperature
2025-07-12T00:00:00Z,SUGG,0.75,30.285416666666663,temperature
2025-07-12T00:00:00Z,SUGG,1,29.688125,temperature
2025-07-13T00:00:00Z,SUGG,0,31.117291666666667,temperature
2025-07-13T00:00:00Z,SUGG,0.25,31.102708333333332,temperature
2025-07-13T00:00:00Z,SUGG,0.5,31.036666666666665,temperature
2025-07-13T00:00:00Z,SUGG,0.75,30.644791666666663,temperature
2025-07-13T00:00:00Z,SUGG,1,30.154791666666668,temperature
2025-07-14T00:00:00Z,SUGG,0,30.592916666666667,temperature
2025-07-14T00:00:00Z,SUGG,0.25,30.570208333333333,temperature
2025-07-14T00:00:00Z,SUGG,0.5,30.475,temperature
2025-07-14T00:00:00Z,SUGG,0.75,30.349166666666665,temperature
2025-07-14T00:00:00Z,SUGG,1,30.077916666666667,temperature
2025-07-15T00:00:00Z,SUGG,0,29.999583333333337,temperature
2025-07-15T00:00:00Z,SUGG,0.25,29.998125,temperature
2025-07-15T00:00:00Z,SUGG,0.5,29.969375,temperature
2025-07-15T00:00:00Z,SUGG,0.75,29.920625,temperature
2025-07-15T00:00:00Z,SUGG,1,29.85354166666667,temperature
2025-07-16T00:00:00Z,SUGG,0,29.72125,temperature
2025-07-16T00:00:00Z,SUGG,0.25,29.713541666666668,temperature
2025-07-16T00:00:00Z,SUGG,0.5,29.650625,temperature
2025-07-16T00:00:00Z,SUGG,0.75,29.590416666666663,temperature
2025-07-16T00:00:00Z,SUGG,1,29.205,temperature
2025-07-17T00:00:00Z,SUGG,0,31.46375,temperature
2025-07-17T00:00:00Z,SUGG,0.25,31.390833333333333,temperature
2025-07-17T00:00:00Z,SUGG,0.5,31.033541666666668,temperature
2025-07-17T00:00:00Z,SUGG,0.75,30.213958333333338,temperature
2025-07-17T00:00:00Z,SUGG,1,29.764583333333334,temperature
2025-07-18T00:00:00Z,SUGG,0,33.221666666666664,temperature
2025-07-18T00:00:00Z,SUGG,0.25,33.06,temperature
2025-07-18T00:00:00Z,SUGG,0.5,32.225,temperature
2025-07-18T00:00:00Z,SUGG,0.75,30.806666666666665,temperature
2025-07-18T00:00:00Z,SUGG,1,29.953333333333333,temperature
2025-07-21T00:00:00Z,SUGG,0,33.45333333333333,temperature
2025-07-21T00:00:00Z,SUGG,0.25,33.205,temperature
2025-07-21T00:00:00Z,SUGG,0.5,32.925,temperature
2025-07-21T00:00:00Z,SUGG,0.75,32.189166666666665,temperature
2025-07-21T00:00:00Z,SUGG,1,31.187272727272727,temperature
2025-07-22T00:00:00Z,SUGG,0,31.534583333333337,temperature
2025-07-22T00:00:00Z,SUGG,0.25,31.509166666666665,temperature
2025-07-22T00:00:00Z,SUGG,0.5,31.42791666666667,temperature
2025-07-22T00:00:00Z,SUGG,0.75,31.250625,temperature
2025-07-22T00:00:00Z,SUGG,1,30.93625,temperature
2025-07-23T00:00:00Z,SUGG,0,31.419583333333332,temperature
2025-07-23T00:00:00Z,SUGG,0.25,31.119791666666668,temperature
2025-07-23T00:00:00Z,SUGG,0.5,30.870208333333338,temperature
2025-07-23T00:00:00Z,SUGG,0.75,30.645208333333333,temperature
2025-07-23T00:00:00Z,SUGG,1,30.304583333333333,temperature
2025-07-24T00:00:00Z,SUGG,0,31.195,temperature
2025-07-24T00:00:00Z,SUGG,0.25,31.04125,temperature
2025-07-24T00:00:00Z,SUGG,0.5,30.643958333333337,temperature
2025-07-24T00:00:00Z,SUGG,0.75,30.264583333333334,temperature
2025-07-24T00:00:00Z,SUGG,1,30.054791666666667,temperature
2025-07-25T00:00:00Z,SUGG,0,31.9475,temperature
2025-07-25T00:00:00Z,SUGG,0.25,31.850625,temperature
2025-07-25T00:00:00Z,SUGG,0.5,31.624375,temperature
2025-07-25T00:00:00Z,SUGG,0.75,30.767083333333332,temperature
2025-07-25T00:00:00Z,SUGG,1,30.151666666666667,temperature
2025-07-26T00:00:00Z,SUGG,0,33.26394736842105,temperature
2025-07-26T00:00:00Z,SUGG,0.25,32.83893617021277,temperature
2025-07-26T00:00:00Z,SUGG,0.5,32.229791666666664,temperature
2025-07-26T00:00:00Z,SUGG,0.75,31.159375,temperature
2025-07-26T00:00:00Z,SUGG,1,30.286666666666665,temperature
2025-07-27T00:00:00Z,SUGG,0,33.761874999999996,temperature
2025-07-27T00:00:00Z,SUGG,0.25,33.574375,temperature
2025-07-27T00:00:00Z,SUGG,0.5,33.15020833333333,temperature
2025-07-27T00:00:00Z,SUGG,0.75,31.833125,temperature
2025-07-27T00:00:00Z,SUGG,1,30.678125,temperature
2025-07-28T00:00:00Z,SUGG,0,34.240731707317074,temperature
2025-07-28T00:00:00Z,SUGG,0.25,34.12146341463415,temperature
2025-07-28T00:00:00Z,SUGG,0.5,33.88090909090909,temperature
2025-07-28T00:00:00Z,SUGG,0.75,32.35166666666667,temperature
2025-07-28T00:00:00Z,SUGG,1,31.006458333333335,temperature
2025-07-29T00:00:00Z,SUGG,0,34.40764705882353,temperature
2025-07-29T00:00:00Z,SUGG,0.25,34.51578947368421,temperature
2025-07-29T00:00:00Z,SUGG,0.5,34.30948717948718,temperature
2025-07-29T00:00:00Z,SUGG,0.75,33.068958333333335,temperature
2025-07-29T00:00:00Z,SUGG,1,31.248333333333335,temperature
2025-07-30T00:00:00Z,SUGG,0,33.75270833333333,temperature
2025-07-30T00:00:00Z,SUGG,0.25,33.736875,temperature
2025-07-30T00:00:00Z,SUGG,0.5,33.66916666666667,temperature
2025-07-30T00:00:00Z,SUGG,0.75,33.47666666666667,temperature
2025-07-30T00:00:00Z,SUGG,1,32.03765957446809,temperature
2025-07-31T00:00:00Z,SUGG,0,33.835208333333334,temperature
2025-07-31T00:00:00Z,SUGG,0.25,33.81375,temperature
2025-07-31T00:00:00Z,SUGG,0.5,33.73229166666667,temperature
2025-07-31T00:00:00Z,SUGG,0.75,33.397021276595744,temperature
2025-07-31T00:00:00Z,SUGG,1,32.42666666666667,temperature
2025-08-01T00:00:00Z,SUGG,0,33.438125,temperature
2025-08-01T00:00:00Z,SUGG,0.25,33.42875,temperature
2025-08-01T00:00:00Z,SUGG,0.5,33.36083333333333,temperature
2025-08-01T00:00:00Z,SUGG,0.75,33.24395833333333,temperature
2025-08-01T00:00:00Z,SUGG,1,32.53565217391304,temperature
2025-08-02T00:00:00Z,SUGG,0,33.264583333333334,temperature
2025-08-02T00:00:00Z,SUGG,0.25,33.25208333333333,temperature
2025-08-02T00:00:00Z,SUGG,0.5,33.1925,temperature
2025-08-02T00:00:00Z,SUGG,0.75,33.083958333333335,temperature
2025-08-02T00:00:00Z,SUGG,1,32.804375,temperature
2025-08-03T00:00:00Z,SUGG,0,32.685,temperature
2025-08-03T00:00:00Z,SUGG,0.25,32.66833333333334,temperature
2025-08-03T00:00:00Z,SUGG,0.5,32.596666666666664,temperature
2025-08-03T00:00:00Z,SUGG,0.75,32.494166666666665,temperature
2025-08-03T00:00:00Z,SUGG,1,32.368541666666665,temperature
2025-08-04T00:00:00Z,SUGG,0,32.25125,temperature
2025-08-04T00:00:00Z,SUGG,0.25,32.18875,temperature
2025-08-04T00:00:00Z,SUGG,0.5,31.950625,temperature
2025-08-04T00:00:00Z,SUGG,0.75,31.699583333333333,temperature
2025-08-04T00:00:00Z,SUGG,1,31.394791666666663,temperature
2025-08-05T00:00:00Z,SUGG,0,32.21625,temperature
2025-08-05T00:00:00Z,SUGG,0.25,32.174166666666665,temperature
2025-08-05T00:00:00Z,SUGG,0.5,32.04208333333333,temperature
2025-08-05T00:00:00Z,SUGG,0.75,31.787916666666668,temperature
2025-08-05T00:00:00Z,SUGG,1,31.428958333333338,temperature
2025-08-06T00:00:00Z,SUGG,0,32.284375,temperature
2025-08-06T00:00:00Z,SUGG,0.25,31.963958333333338,temperature
2025-08-06T00:00:00Z,SUGG,0.5,31.688958333333332,temperature
2025-08-06T00:00:00Z,SUGG,0.75,31.517708333333335,temperature
2025-08-06T00:00:00Z,SUGG,1,31.36,temperature
2025-08-07T00:00:00Z,SUGG,0,31.87125,temperature
2025-08-07T00:00:00Z,SUGG,0.25,31.800625,temperature
2025-08-07T00:00:00Z,SUGG,0.5,31.614166666666662,temperature
2025-08-07T00:00:00Z,SUGG,0.75,31.47,temperature
2025-08-07T00:00:00Z,SUGG,1,31.178125,temperature
2025-08-08T00:00:00Z,SUGG,0,31.206041666666668,temperature
2025-08-08T00:00:00Z,SUGG,0.25,31.196875,temperature
2025-08-08T00:00:00Z,SUGG,0.5,31.146875,temperature
2025-08-08T00:00:00Z,SUGG,0.75,31.105,temperature
2025-08-08T00:00:00Z,SUGG,1,30.965,temperature
2025-08-09T00:00:00Z,SUGG,0,30.704583333333332,temperature
2025-08-09T00:00:00Z,SUGG,0.25,30.621875,temperature
2025-08-09T00:00:00Z,SUGG,0.5,30.526875,temperature
2025-08-09T00:00:00Z,SUGG,0.75,30.405,temperature
2025-08-09T00:00:00Z,SUGG,1,30.243333333333332,temperature
2025-08-10T00:00:00Z,SUGG,0,31.062291666666667,temperature
2025-08-10T00:00:00Z,SUGG,0.25,31.036875,temperature
2025-08-10T00:00:00Z,SUGG,0.5,30.938333333333333,temperature
2025-08-10T00:00:00Z,SUGG,0.75,30.745208333333338,temperature
2025-08-10T00:00:00Z,SUGG,1,30.51354166666667,temperature
2025-08-11T00:00:00Z,SUGG,0,31.227916666666665,temperature
2025-08-11T00:00:00Z,SUGG,0.25,31.227916666666665,temperature
2025-08-11T00:00:00Z,SUGG,0.5,31.185625,temperature
2025-08-11T00:00:00Z,SUGG,0.75,31.046875,temperature
2025-08-11T00:00:00Z,SUGG,1,30.72479166666667,temperature
2025-08-12T00:00:00Z,SUGG,0,32.29895833333333,temperature
2025-08-12T00:00:00Z,SUGG,0.25,32.25354166666666,temperature
2025-08-12T00:00:00Z,SUGG,0.5,32.09125,temperature
2025-08-12T00:00:00Z,SUGG,0.75,31.803958333333338,temperature
2025-08-12T00:00:00Z,SUGG,1,30.99375,temperature
2025-08-13T00:00:00Z,SUGG,0,32.99787234042553,temperature
2025-08-13T00:00:00Z,SUGG,0.25,32.79291666666667,temperature
2025-08-13T00:00:00Z,SUGG,0.5,32.354893617021276,temperature
2025-08-13T00:00:00Z,SUGG,0.75,31.849375,temperature
2025-08-13T00:00:00Z,SUGG,1,31.290625,temperature
2025-08-14T00:00:00Z,SUGG,0,32.78270833333333,temperature
2025-08-14T00:00:00Z,SUGG,0.25,32.766041666666666,temperature
2025-08-14T00:00:00Z,SUGG,0.5,32.537083333333335,temperature
2025-08-14T00:00:00Z,SUGG,0.75,32.270208333333336,temperature
2025-08-14T00:00:00Z,SUGG,1,31.573333333333338,temperature
2025-08-15T00:00:00Z,SUGG,0,33.13520833333333,temperature
2025-08-15T00:00:00Z,SUGG,0.25,32.79708333333333,temperature
2025-08-15T00:00:00Z,SUGG,0.5,32.586875,temperature
2025-08-15T00:00:00Z,SUGG,0.75,32.350208333333335,temperature
2025-08-15T00:00:00Z,SUGG,1,31.839375,temperature
2025-08-16T00:00:00Z,SUGG,0,32.705681818181816,temperature
2025-08-16T00:00:00Z,SUGG,0.25,32.371914893617024,temperature
2025-08-16T00:00:00Z,SUGG,0.5,32.13125,temperature
2025-08-16T00:00:00Z,SUGG,0.75,31.778333333333332,temperature
2025-08-16T00:00:00Z,SUGG,1,31.545208333333335,temperature
2025-08-17T00:00:00Z,SUGG,0,31.733333333333334,temperature
2025-08-17T00:00:00Z,SUGG,0.25,31.49875,temperature
2025-08-17T00:00:00Z,SUGG,0.5,31.355833333333333,temperature
2025-08-17T00:00:00Z,SUGG,0.75,31.210416666666667,temperature
2025-08-17T00:00:00Z,SUGG,1,31.112708333333337,temperature
2025-08-18T00:00:00Z,SUGG,0,31.853958333333335,temperature
2025-08-18T00:00:00Z,SUGG,0.25,31.584583333333335,temperature
2025-08-18T00:00:00Z,SUGG,0.5,31.433333333333337,temperature
2025-08-18T00:00:00Z,SUGG,0.75,31.100208333333335,temperature
2025-08-18T00:00:00Z,SUGG,1,30.837291666666665,temperature
2025-08-19T00:00:00Z,SUGG,0,31.488958333333333,temperature
2025-08-19T00:00:00Z,SUGG,0.25,31.480416666666667,temperature
2025-08-19T00:00:00Z,SUGG,0.5,31.42875,temperature
2025-08-19T00:00:00Z,SUGG,0.75,31.326875,temperature
2025-08-19T00:00:00Z,SUGG,1,31.18125,temperature
2025-08-20T00:00:00Z,SUGG,0,31.7525,temperature
2025-08-20T00:00:00Z,SUGG,0.25,31.712083333333332,temperature
2025-08-20T00:00:00Z,SUGG,0.5,31.583125,temperature
2025-08-20T00:00:00Z,SUGG,0.75,31.27375,temperature
2025-08-20T00:00:00Z,SUGG,1,31.100625,temperature
2025-08-21T00:00:00Z,SUGG,0,32.34023255813953,temperature
2025-08-21T00:00:00Z,SUGG,0.25,32.30325581395349,temperature
2025-08-21T00:00:00Z,SUGG,0.5,32.19953488372093,temperature
2025-08-21T00:00:00Z,SUGG,0.75,31.98139534883721,temperature
2025-08-21T00:00:00Z,SUGG,1,31.36906976744186,temperature
2025-08-22T00:00:00Z,SUGG,0,31.637291666666663,temperature
2025-08-22T00:00:00Z,SUGG,0.25,31.629166666666663,temperature
2025-08-22T00:00:00Z,SUGG,0.5,31.586458333333333,temperature
2025-08-22T00:00:00Z,SUGG,0.75,31.501875,temperature
2025-08-22T00:00:00Z,SUGG,1,31.376875,temperature
2025-08-23T00:00:00Z,SUGG,0,31.966041666666666,temperature
2025-08-23T00:00:00Z,SUGG,0.25,31.94333333333333,temperature
2025-08-23T00:00:00Z,SUGG,0.5,31.885208333333335,temperature
2025-08-23T00:00:00Z,SUGG,0.75,31.790833333333335,temperature
2025-08-23T00:00:00Z,SUGG,1,31.576875,temperature
2025-08-24T00:00:00Z,SUGG,0,31.5175,temperature
2025-08-24T00:00:00Z,SUGG,0.25,31.499583333333337,temperature
2025-08-24T00:00:00Z,SUGG,0.5,31.445625,temperature
2025-08-24T00:00:00Z,SUGG,0.75,31.361875,temperature
2025-08-24T00:00:00Z,SUGG,1,31.202916666666667,temperature
2025-08-25T00:00:00Z,SUGG,0,31.304791666666667,temperature
2025-08-25T00:00:00Z,SUGG,0.25,31.272291666666668,temperature
2025-08-25T00:00:00Z,SUGG,0.5,31.18875,temperature
2025-08-25T00:00:00Z,SUGG,0.75,31.104166666666668,temperature
2025-08-25T00:00:00Z,SUGG,1,30.861041666666665,temperature
2025-08-26T00:00:00Z,SUGG,0,31.823333333333338,temperature
2025-08-26T00:00:00Z,SUGG,0.25,31.628125,temperature
2025-08-26T00:00:00Z,SUGG,0.5,31.389583333333334,temperature
2025-08-26T00:00:00Z,SUGG,0.75,30.977083333333333,temperature
2025-08-26T00:00:00Z,SUGG,1,30.608125,temperature
2025-08-27T00:00:00Z,SUGG,0,31.865208333333335,temperature
2025-08-27T00:00:00Z,SUGG,0.25,31.679166666666667,temperature
2025-08-27T00:00:00Z,SUGG,0.5,31.390625,temperature
2025-08-27T00:00:00Z,SUGG,0.75,30.764583333333334,temperature
2025-08-27T00:00:00Z,SUGG,1,30.398958333333333,temperature
2025-08-28T00:00:00Z,SUGG,0,31.72479166666667,temperature
2025-08-28T00:00:00Z,SUGG,0.25,31.526875,temperature
2025-08-28T00:00:00Z,SUGG,0.5,31.316041666666667,temperature
2025-08-28T00:00:00Z,SUGG,0.75,31.023125,temperature
2025-08-28T00:00:00Z,SUGG,1,30.584791666666668,temperature
2025-08-29T00:00:00Z,SUGG,0,30.95875,temperature
2025-08-29T00:00:00Z,SUGG,0.25,30.842291666666668,temperature
2025-08-29T00:00:00Z,SUGG,0.5,30.712916666666665,temperature
2025-08-29T00:00:00Z,SUGG,0.75,30.606458333333332,temperature
2025-08-29T00:00:00Z,SUGG,1,30.5025,temperature
2025-08-30T00:00:00Z,SUGG,0,30.755625,temperature
2025-08-30T00:00:00Z,SUGG,0.25,30.735,temperature
2025-08-30T00:00:00Z,SUGG,0.5,30.672291666666663,temperature
2025-08-30T00:00:00Z,SUGG,0.75,30.514791666666667,temperature
2025-08-30T00:00:00Z,SUGG,1,30.318333333333335,temperature
2025-08-31T00:00:00Z,SUGG,0,30.0975,temperature
2025-08-31T00:00:00Z,SUGG,0.25,30.1125,temperature
2025-08-31T00:00:00Z,SUGG,0.5,30.104791666666667,temperature
2025-08-31T00:00:00Z,SUGG,0.75,30.06875,temperature
2025-08-31T00:00:00Z,SUGG,1,30,temperature
2025-09-01T00:00:00Z,SUGG,0,29.035416666666663,temperature
2025-09-01T00:00:00Z,SUGG,0.25,29.053125,temperature
2025-09-01T00:00:00Z,SUGG,0.5,29.057083333333335,temperature
2025-09-01T00:00:00Z,SUGG,0.75,29.053958333333338,temperature
2025-09-01T00:00:00Z,SUGG,1,29.047708333333333,temperature
2025-09-02T00:00:00Z,SUGG,0,27.866458333333338,temperature
2025-09-02T00:00:00Z,SUGG,0.25,27.874791666666667,temperature
2025-09-02T00:00:00Z,SUGG,0.5,27.866041666666668,temperature
2025-09-02T00:00:00Z,SUGG,0.75,27.850416666666668,temperature
2025-09-02T00:00:00Z,SUGG,1,27.828125,temperature
2025-09-03T00:00:00Z,SUGG,0,28.06659574468085,temperature
2025-09-03T00:00:00Z,SUGG,0.25,27.98489361702128,temperature
2025-09-03T00:00:00Z,SUGG,0.5,27.87468085106383,temperature
2025-09-03T00:00:00Z,SUGG,0.75,27.63340425531915,temperature
2025-09-03T00:00:00Z,SUGG,1,27.419574468085106,temperature
2025-09-04T00:00:00Z,SUGG,0,28.8575,temperature
2025-09-04T00:00:00Z,SUGG,0.25,28.76770833333333,temperature
2025-09-04T00:00:00Z,SUGG,0.5,28.640625,temperature
2025-09-04T00:00:00Z,SUGG,0.75,28.412083333333335,temperature
2025-09-04T00:00:00Z,SUGG,1,28.04375,temperature
2025-09-05T00:00:00Z,SUGG,0,29.197916666666668,temperature
2025-09-05T00:00:00Z,SUGG,0.25,29.179791666666667,temperature
2025-09-05T00:00:00Z,SUGG,0.5,29.0175,temperature
2025-09-05T00:00:00Z,SUGG,0.75,28.8825,temperature
2025-09-05T00:00:00Z,SUGG,1,28.386666666666667,temperature
2025-09-06T00:00:00Z,SUGG,0,29.475416666666668,temperature
2025-09-06T00:00:00Z,SUGG,0.25,29.449583333333333,temperature
2025-09-06T00:00:00Z,SUGG,0.5,29.373125,temperature
2025-09-06T00:00:00Z,SUGG,0.75,29.25958333333333,temperature
2025-09-06T00:00:00Z,SUGG,1,29.055208333333333,temperature
2025-09-07T00:00:00Z,SUGG,0,29.88382978723404,temperature
2025-09-07T00:00:00Z,SUGG,0.25,29.448297872340422,temperature
2025-09-07T00:00:00Z,SUGG,0.5,29.20375,temperature
2025-09-07T00:00:00Z,SUGG,0.75,29.077291666666667,temperature
2025-09-07T00:00:00Z,SUGG,1,29.013958333333335,temperature
2025-09-08T00:00:00Z,SUGG,0,29.234791666666663,temperature
2025-09-08T00:00:00Z,SUGG,0.25,29.267916666666668,temperature
2025-09-08T00:00:00Z,SUGG,0.5,29.205833333333334,temperature
2025-09-08T00:00:00Z,SUGG,0.75,29.163958333333333,temperature
2025-09-08T00:00:00Z,SUGG,1,29.071041666666662,temperature
2025-09-09T00:00:00Z,SUGG,0,28.280416666666667,temperature
2025-09-09T00:00:00Z,SUGG,0.25,28.293333333333333,temperature
2025-09-09T00:00:00Z,SUGG,0.5,28.293541666666663,temperature
2025-09-09T00:00:00Z,SUGG,0.75,28.286458333333332,temperature
2025-09-09T00:00:00Z,SUGG,1,28.2775,temperature
2025-09-10T00:00:00Z,SUGG,0,27.809166666666663,temperature
2025-09-10T00:00:00Z,SUGG,0.25,27.814583333333335,temperature
2025-09-10T00:00:00Z,SUGG,0.5,27.794583333333332,temperature
2025-09-10T00:00:00Z,SUGG,0.75,27.756666666666668,temperature
2025-09-10T00:00:00Z,SUGG,1,27.680416666666662,temperature
2025-09-11T00:00:00Z,SUGG,0,27.928541666666668,temperature
2025-09-11T00:00:00Z,SUGG,0.25,27.93166666666667,temperature
2025-09-11T00:00:00Z,SUGG,0.5,27.899166666666662,temperature
2025-09-11T00:00:00Z,SUGG,0.75,27.819166666666668,temperature
2025-09-11T00:00:00Z,SUGG,1,27.6925,temperature
2025-09-12T00:00:00Z,SUGG,0,27.800208333333337,temperature
2025-09-12T00:00:00Z,SUGG,0.25,27.811041666666668,temperature
2025-09-12T00:00:00Z,SUGG,0.5,27.804791666666667,temperature
2025-09-12T00:00:00Z,SUGG,0.75,27.78729166666667,temperature
2025-09-12T00:00:00Z,SUGG,1,27.75625,temperature
2025-09-13T00:00:00Z,SUGG,0,27.460833333333333,temperature
2025-09-13T00:00:00Z,SUGG,0.25,27.475833333333338,temperature
2025-09-13T00:00:00Z,SUGG,0.5,27.466041666666666,temperature
2025-09-13T00:00:00Z,SUGG,0.75,27.430833333333332,temperature
2025-09-13T00:00:00Z,SUGG,1,27.366666666666667,temperature
2025-09-14T00:00:00Z,SUGG,0,27.402291666666667,temperature
2025-09-14T00:00:00Z,SUGG,0.25,27.401875,temperature
2025-09-14T00:00:00Z,SUGG,0.5,27.366041666666668,temperature
2025-09-14T00:00:00Z,SUGG,0.75,27.311875,temperature
2025-09-14T00:00:00Z,SUGG,1,27.190416666666668,temperature
2025-09-15T00:00:00Z,SUGG,0,27.605625,temperature
2025-09-15T00:00:00Z,SUGG,0.25,27.574583333333333,temperature
2025-09-15T00:00:00Z,SUGG,0.5,27.441666666666663,temperature
2025-09-15T00:00:00Z,SUGG,0.75,27.135208333333335,temperature
2025-09-15T00:00:00Z,SUGG,1,26.889375,temperature
2025-09-16T00:00:00Z,SUGG,0,27.539375,temperature
2025-09-16T00:00:00Z,SUGG,0.25,27.505416666666665,temperature
2025-09-16T00:00:00Z,SUGG,0.5,27.442916666666665,temperature
2025-09-16T00:00:00Z,SUGG,0.75,27.326458333333335,temperature
2025-09-16T00:00:00Z,SUGG,1,27.030833333333337,temperature
2025-09-17T00:00:00Z,SUGG,0,27.69,temperature
2025-09-17T00:00:00Z,SUGG,0.25,27.483333333333334,temperature
2025-09-17T00:00:00Z,SUGG,0.5,27.347916666666663,temperature
2025-09-17T00:00:00Z,SUGG,0.75,27.180833333333332,temperature
2025-09-17T00:00:00Z,SUGG,1,27.038541666666667,temperature
2025-09-18T00:00:00Z,SUGG,0,27.751489361702127,temperature
2025-09-18T00:00:00Z,SUGG,0.25,27.715106382978725,temperature
2025-09-18T00:00:00Z,SUGG,0.5,27.632765957446807,temperature
2025-09-18T00:00:00Z,SUGG,0.75,27.47340425531915,temperature
2025-09-18T00:00:00Z,SUGG,1,27.038510638297872,temperature
2025-09-19T00:00:00Z,SUGG,0,28.179166666666667,temperature
2025-09-19T00:00:00Z,SUGG,0.25,27.974791666666665,temperature
2025-09-19T00:00:00Z,SUGG,0.5,27.773541666666667,temperature
2025-09-19T00:00:00Z,SUGG,0.75,27.469375,temperature
2025-09-19T00:00:00Z,SUGG,1,27.200833333333332,temperature
2025-09-20T00:00:00Z,SUGG,0,28.734791666666663,temperature
2025-09-20T00:00:00Z,SUGG,0.25,28.6725,temperature
2025-09-20T00:00:00Z,SUGG,0.5,28.547291666666663,temperature
2025-09-20T00:00:00Z,SUGG,0.75,28.051666666666662,temperature
2025-09-20T00:00:00Z,SUGG,1,27.185,temperature
2025-09-21T00:00:00Z,SUGG,0,28.674583333333334,temperature
2025-09-21T00:00:00Z,SUGG,0.25,28.669166666666666,temperature
2025-09-21T00:00:00Z,SUGG,0.5,28.637708333333332,temperature
2025-09-21T00:00:00Z,SUGG,0.75,28.592291666666668,temperature
2025-09-21T00:00:00Z,SUGG,1,28.235416666666666,temperature
2025-09-22T00:00:00Z,SUGG,0,29.359375,temperature
2025-09-22T00:00:00Z,SUGG,0.25,28.88212765957447,temperature
2025-09-22T00:00:00Z,SUGG,0.5,28.510625,temperature
2025-09-22T00:00:00Z,SUGG,0.75,28.393333333333334,temperature
2025-09-22T00:00:00Z,SUGG,1,28.27166666666667,temperature
2025-09-23T00:00:00Z,SUGG,0,29.564791666666665,temperature
2025-09-23T00:00:00Z,SUGG,0.25,28.965,temperature
2025-09-23T00:00:00Z,SUGG,0.5,28.62191489361702,temperature
2025-09-23T00:00:00Z,SUGG,0.75,28.450625,temperature
2025-09-23T00:00:00Z,SUGG,1,28.171063829787233,temperature
2025-09-24T00:00:00Z,SUGG,0,30.895416666666662,temperature
2025-09-24T00:00:00Z,SUGG,0.25,29.946041666666662,temperature
2025-09-24T00:00:00Z,SUGG,0.5,28.84282608695652,temperature
2025-09-24T00:00:00Z,SUGG,0.75,28.517291666666665,temperature
2025-09-24T00:00:00Z,SUGG,1,28.238333333333333,temperature
2025-09-25T00:00:00Z,SUGG,0,30.710833333333333,temperature
2025-09-25T00:00:00Z,SUGG,0.25,30.517291666666665,temperature
2025-09-25T00:00:00Z,SUGG,0.5,29.955833333333334,temperature
2025-09-25T00:00:00Z,SUGG,0.75,29.327916666666667,temperature
2025-09-25T00:00:00Z,SUGG,1,28.502291666666668,temperature
2025-09-26T00:00:00Z,SUGG,0,30.091666666666665,temperature
2025-09-26T00:00:00Z,SUGG,0.25,30.040208333333332,temperature
2025-09-26T00:00:00Z,SUGG,0.5,29.875833333333333,temperature
2025-09-26T00:00:00Z,SUGG,0.75,29.641458333333333,temperature
2025-09-26T00:00:00Z,SUGG,1,29.223958333333332,temperature
2025-09-27T00:00:00Z,SUGG,0,29.289583333333333,temperature
2025-09-27T00:00:00Z,SUGG,0.25,29.077916666666667,temperature
2025-09-27T00:00:00Z,SUGG,0.5,28.984583333333333,temperature
2025-09-27T00:00:00Z,SUGG,0.75,28.79,temperature
2025-09-27T00:00:00Z,SUGG,1,28.62875,temperature
2025-09-28T00:00:00Z,SUGG,0,28.8425,temperature
2025-09-28T00:00:00Z,SUGG,0.25,28.819791666666667,temperature
2025-09-28T00:00:00Z,SUGG,0.5,28.703333333333333,temperature
2025-09-28T00:00:00Z,SUGG,0.75,28.6,temperature
2025-09-28T00:00:00Z,SUGG,1,28.492916666666662,temperature
2025-09-29T00:00:00Z,SUGG,0,28.454375,temperature
2025-09-29T00:00:00Z,SUGG,0.25,28.452083333333334,temperature
2025-09-29T00:00:00Z,SUGG,0.5,28.4275,temperature
2025-09-29T00:00:00Z,SUGG,0.75,28.376875,temperature
2025-09-29T00:00:00Z,SUGG,1,28.33375,temperature
2025-09-30T00:00:00Z,SUGG,0,27.812708333333333,temperature
2025-09-30T00:00:00Z,SUGG,0.25,27.825416666666666,temperature
2025-09-30T00:00:00Z,SUGG,0.5,27.824166666666667,temperature
2025-09-30T00:00:00Z,SUGG,0.75,27.814375,temperature
2025-09-30T00:00:00Z,SUGG,1,27.793958333333332,temperature
2025-10-01T00:00:00Z,SUGG,0,27.08063829787234,temperature
2025-10-01T00:00:00Z,SUGG,0.25,27.076382978723405,temperature
2025-10-01T00:00:00Z,SUGG,0.5,27.02872340425532,temperature
2025-10-01T00:00:00Z,SUGG,0.75,26.97382978723404,temperature
2025-10-01T00:00:00Z,SUGG,1,26.930638297872346,temperature
2025-10-02T00:00:00Z,SUGG,0,26.404583333333335,temperature
2025-10-02T00:00:00Z,SUGG,0.25,26.41229166666667,temperature
2025-10-02T00:00:00Z,SUGG,0.5,26.402083333333337,temperature
2025-10-02T00:00:00Z,SUGG,0.75,26.365625,temperature
2025-10-02T00:00:00Z,SUGG,1,26.335833333333333,temperature
2025-10-03T00:00:00Z,SUGG,0,26.242083333333333,temperature
2025-10-03T00:00:00Z,SUGG,0.25,26.251875,temperature
2025-10-03T00:00:00Z,SUGG,0.5,26.248125,temperature
2025-10-03T00:00:00Z,SUGG,0.75,26.24,temperature
2025-10-03T00:00:00Z,SUGG,1,26.22833333333333,temperature
2025-10-04T00:00:00Z,SUGG,0,25.895833333333332,temperature
2025-10-04T00:00:00Z,SUGG,0.25,25.888333333333332,temperature
2025-10-04T00:00:00Z,SUGG,0.5,25.87625,temperature
2025-10-04T00:00:00Z,SUGG,0.75,25.858958333333337,temperature
2025-10-04T00:00:00Z,SUGG,1,25.840416666666663,temperature
2025-10-05T00:00:00Z,SUGG,0,25.99041666666667,temperature
2025-10-05T00:00:00Z,SUGG,0.25,25.9825,temperature
2025-10-05T00:00:00Z,SUGG,0.5,25.96,temperature
2025-10-05T00:00:00Z,SUGG,0.75,25.926666666666662,temperature
2025-10-05T00:00:00Z,SUGG,1,25.867083333333333,temperature
2025-10-06T00:00:00Z,SUGG,0,26.042916666666667,temperature
2025-10-06T00:00:00Z,SUGG,0.25,26.035,temperature
2025-10-06T00:00:00Z,SUGG,0.5,26.012916666666666,temperature
2025-10-06T00:00:00Z,SUGG,0.75,25.974375,temperature
2025-10-06T00:00:00Z,SUGG,1,25.919166666666666,temperature
2025-10-07T00:00:00Z,SUGG,0,26.346041666666668,temperature
2025-10-07T00:00:00Z,SUGG,0.25,26.343541666666667,temperature
2025-10-07T00:00:00Z,SUGG,0.5,26.326458333333335,temperature
2025-10-07T00:00:00Z,SUGG,0.75,26.30125,temperature
2025-10-07T00:00:00Z,SUGG,1,26.229791666666667,temperature
2025-10-08T00:00:00Z,SUGG,0,26.8825,temperature
2025-10-08T00:00:00Z,SUGG,0.25,26.871666666666663,temperature
2025-10-08T00:00:00Z,SUGG,0.5,26.83020833333333,temperature
2025-10-08T00:00:00Z,SUGG,0.75,26.745416666666667,temperature
2025-10-08T00:00:00Z,SUGG,1,26.589375,temperature
2025-10-09T00:00:00Z,SUGG,0,26.953333333333333,temperature
2025-10-09T00:00:00Z,SUGG,0.25,26.961458333333333,temperature
2025-10-09T00:00:00Z,SUGG,0.5,26.955833333333334,temperature
2025-10-09T00:00:00Z,SUGG,0.75,26.93125,temperature
2025-10-09T00:00:00Z,SUGG,1,26.89666666666667,temperature
2025-10-10T00:00:00Z,SUGG,0,26.22833333333333,temperature
2025-10-10T00:00:00Z,SUGG,0.25,26.244583333333335,temperature
2025-10-10T00:00:00Z,SUGG,0.5,26.246041666666667,temperature
2025-10-10T00:00:00Z,SUGG,0.75,26.245625,temperature
2025-10-10T00:00:00Z,SUGG,1,26.24416666666667,temperature
2025-10-11T00:00:00Z,SUGG,0,24.716458333333332,temperature
2025-10-11T00:00:00Z,SUGG,0.25,24.73625,temperature
2025-10-11T00:00:00Z,SUGG,0.5,24.739375,temperature
2025-10-11T00:00:00Z,SUGG,0.75,24.739791666666665,temperature
2025-10-11T00:00:00Z,SUGG,1,24.738958333333333,temperature
2025-10-12T00:00:00Z,SUGG,0,23.750208333333333,temperature
2025-10-12T00:00:00Z,SUGG,0.25,23.75875,temperature
2025-10-12T00:00:00Z,SUGG,0.5,23.742291666666667,temperature
2025-10-12T00:00:00Z,SUGG,0.75,23.721458333333334,temperature
2025-10-12T00:00:00Z,SUGG,1,23.696041666666662,temperature
2025-10-13T00:00:00Z,SUGG,0,24.739583333333332,temperature
2025-10-13T00:00:00Z,SUGG,0.25,24.415416666666665,temperature
2025-10-13T00:00:00Z,SUGG,0.5,24.0425,temperature
2025-10-13T00:00:00Z,SUGG,0.75,23.85125,temperature
2025-10-13T00:00:00Z,SUGG,1,23.705625,temperature
2025-10-14T00:00:00Z,SUGG,0,25.538958333333333,temperature
2025-10-14T00:00:00Z,SUGG,0.25,25.14666666666667,temperature
2025-10-14T00:00:00Z,SUGG,0.5,24.629375,temperature
2025-10-14T00:00:00Z,SUGG,0.75,23.97875,temperature
2025-10-14T00:00:00Z,SUGG,1,23.705208333333335,temperature
2025-10-15T00:00:00Z,SUGG,0,25.058541666666667,temperature
2025-10-15T00:00:00Z,SUGG,0.25,25.065416666666668,temperature
2025-10-15T00:00:00Z,SUGG,0.5,24.892083333333332,temperature
2025-10-15T00:00:00Z,SUGG,0.75,24.42375,temperature
2025-10-15T00:00:00Z,SUGG,1,24.23875,temperature
2025-10-16T00:00:00Z,SUGG,0,24.611875,temperature
2025-10-16T00:00:00Z,SUGG,0.25,24.60375,temperature
2025-10-16T00:00:00Z,SUGG,0.5,24.560416666666665,temperature
2025-10-16T00:00:00Z,SUGG,0.75,24.466666666666665,temperature
2025-10-16T00:00:00Z,SUGG,1,24.336458333333333,temperature
2025-10-17T00:00:00Z,SUGG,0,24.86375,temperature
2025-10-17T00:00:00Z,SUGG,0.25,24.844375,temperature
2025-10-17T00:00:00Z,SUGG,0.5,24.804583333333333,temperature
2025-10-17T00:00:00Z,SUGG,0.75,24.739375,temperature
2025-10-17T00:00:00Z,SUGG,1,24.565625,temperature
2025-10-18T00:00:00Z,SUGG,0,24.66604166666667,temperature
2025-10-18T00:00:00Z,SUGG,0.25,24.592291666666668,temperature
2025-10-18T00:00:00Z,SUGG,0.5,24.495208333333338,temperature
2025-10-18T00:00:00Z,SUGG,0.75,24.3725,temperature
2025-10-18T00:00:00Z,SUGG,1,24.196875,temperature
2025-10-19T00:00:00Z,SUGG,0,24.480208333333337,temperature
2025-10-19T00:00:00Z,SUGG,0.25,24.470416666666665,temperature
2025-10-19T00:00:00Z,SUGG,0.5,24.438541666666666,temperature
2025-10-19T00:00:00Z,SUGG,0.75,24.355208333333337,temperature
2025-10-19T00:00:00Z,SUGG,1,24.257708333333333,temperature
2025-10-20T00:00:00Z,SUGG,0,24.603958333333335,temperature
2025-10-20T00:00:00Z,SUGG,0.25,24.54375,temperature
2025-10-20T00:00:00Z,SUGG,0.5,24.454791666666665,temperature
2025-10-20T00:00:00Z,SUGG,0.75,24.282083333333333,temperature
2025-10-20T00:00:00Z,SUGG,1,24.075416666666666,temperature
2025-10-21T00:00:00Z,SUGG,0,25.035,temperature
2025-10-21T00:00:00Z,SUGG,0.25,24.8025,temperature
2025-10-21T00:00:00Z,SUGG,0.5,24.651666666666667,temperature
2025-10-21T00:00:00Z,SUGG,0.75,24.26875,temperature
2025-10-21T00:00:00Z,SUGG,1,23.987708333333337,temperature
2025-10-22T00:00:00Z,SUGG,0,25.689777777777778,temperature
2025-10-22T00:00:00Z,SUGG,0.25,25.414,temperature
2025-10-22T00:00:00Z,SUGG,0.5,24.82488888888889,temperature
2025-10-22T00:00:00Z,SUGG,0.75,24.222444444444445,temperature
2025-10-22T00:00:00Z,SUGG,1,23.846,temperature
2025-10-23T00:00:00Z,SUGG,0,24.631666666666668,temperature
2025-10-23T00:00:00Z,SUGG,0.25,24.643958333333337,temperature
2025-10-23T00:00:00Z,SUGG,0.5,24.443958333333335,temperature
2025-10-23T00:00:00Z,SUGG,0.75,24.123958333333334,temperature
2025-10-23T00:00:00Z,SUGG,1,23.936875,temperature
2025-10-24T00:00:00Z,SUGG,0,23.346458333333334,temperature
2025-10-24T00:00:00Z,SUGG,0.25,23.354375,temperature
2025-10-24T00:00:00Z,SUGG,0.5,23.325,temperature
2025-10-24T00:00:00Z,SUGG,0.75,23.289375,temperature
2025-10-24T00:00:00Z,SUGG,1,23.226666666666667,temperature
2025-10-25T00:00:00Z,SUGG,0,22.971875,temperature
2025-10-25T00:00:00Z,SUGG,0.25,22.975,temperature
2025-10-25T00:00:00Z,SUGG,0.5,22.964166666666667,temperature
2025-10-25T00:00:00Z,SUGG,0.75,22.946458333333332,temperature
2025-10-25T00:00:00Z,SUGG,1,22.914791666666662,temperature
2025-10-26T00:00:00Z,SUGG,0,23.159791666666667,temperature
2025-10-26T00:00:00Z,SUGG,0.25,23.159375,temperature
2025-10-26T00:00:00Z,SUGG,0.5,23.142916666666668,temperature
2025-10-26T00:00:00Z,SUGG,0.75,23.120208333333338,temperature
2025-10-26T00:00:00Z,SUGG,1,23.074375,temperature
2025-10-27T00:00:00Z,SUGG,0,23.950208333333332,temperature
2025-10-27T00:00:00Z,SUGG,0.25,23.924166666666668,temperature
2025-10-27T00:00:00Z,SUGG,0.5,23.886041666666667,temperature
2025-10-27T00:00:00Z,SUGG,0.75,23.804583333333333,temperature
2025-10-27T00:00:00Z,SUGG,1,23.598541666666662,temperature
2025-10-28T00:00:00Z,SUGG,0,23.63125,temperature
2025-10-28T00:00:00Z,SUGG,0.25,23.646458333333335,temperature
2025-10-28T00:00:00Z,SUGG,0.5,23.636041666666667,temperature
2025-10-28T00:00:00Z,SUGG,0.75,23.546875,temperature
2025-10-28T00:00:00Z,SUGG,1,23.445208333333333,temperature
2025-10-29T00:00:00Z,SUGG,0,22.602708333333332,temperature
2025-10-29T00:00:00Z,SUGG,0.25,22.530625,temperature
2025-10-29T00:00:00Z,SUGG,0.5,22.495,temperature
2025-10-29T00:00:00Z,SUGG,0.75,22.463333333333335,temperature
2025-10-29T00:00:00Z,SUGG,1,22.4325,temperature
2025-10-30T00:00:00Z,SUGG,0,21.889166666666668,temperature
2025-10-30T00:00:00Z,SUGG,0.25,21.902083333333337,temperature
2025-10-30T00:00:00Z,SUGG,0.5,21.889791666666667,temperature
2025-10-30T00:00:00Z,SUGG,0.75,21.866041666666668,temperature
2025-10-30T00:00:00Z,SUGG,1,21.840625,temperature
2025-10-31T00:00:00Z,SUGG,0,20.632916666666667,temperature
2025-10-31T00:00:00Z,SUGG,0.25,20.644791666666663,temperature
2025-10-31T00:00:00Z,SUGG,0.5,20.635,temperature
2025-10-31T00:00:00Z,SUGG,0.75,20.623125,temperature
2025-10-31T00:00:00Z,SUGG,1,20.602083333333333,temperature
